names,scores,logfoldchanges,pvals,pvals_adj,pct_nz_group,Significant
Mir6236,54.957867,2.91822,0.0,0.0,0.9993093922651933,Significant
Rn18s-rs5,53.95858,1.90522,0.0,0.0,1.0,Significant
Dcdc2a,45.93521,5.0079727,0.0,0.0,0.914364640883978,Significant
Glis3,44.985634,4.558928,0.0,0.0,0.9095303867403315,Significant
Adgrg2,43.803394,3.6583037,0.0,0.0,0.9212707182320442,Significant
Pkhd1,43.75359,4.7193627,0.0,0.0,0.8715469613259669,Significant
Ank3,42.59132,4.4655347,0.0,0.0,0.8922651933701657,Significant
Taco1,41.340046,4.0953245,0.0,0.0,0.7907458563535912,Significant
Esr1,41.279156,2.8812888,0.0,0.0,0.9350828729281768,Significant
Nfat5,39.953484,2.8420084,0.0,0.0,0.8784530386740331,Significant
Esrrg,38.764126,3.7003329,0.0,0.0,0.8459944751381215,Significant
Adcy8,36.850323,3.8687923,2.8900188682608574e-297,3.226677732894931e-294,0.81353591160221,Significant
Bicc1,36.576664,3.7177167,6.721545205491521e-293,7.360221260497936e-290,0.7651933701657458,Significant
Etl4,36.51267,3.8472896,6.9805010115634295e-292,7.499560530177986e-289,0.761049723756906,Significant
Slc25a21,36.491386,3.873292,1.5188332606874131e-291,1.601553420311148e-288,0.7707182320441989,Significant
Igf1r,35.548,3.1873178,8.920743370332268e-277,8.757862900863615e-274,0.7921270718232044,Significant
Bmpr1b,35.20272,3.7221048,1.8167764969087275e-271,1.6685333953303203e-268,0.7562154696132597,Significant
Syne2,34.657993,2.0475116,3.385333666669409e-263,2.7936852799104758e-260,0.8674033149171271,Significant
Lrp2,34.012024,3.8115263,1.479696087566107e-253,1.1541832181109821e-250,0.7044198895027625,Significant
Grip1,33.726646,3.7775416,2.3522279154674506e-249,1.76234486492937e-246,0.7023480662983426,Significant
Ppp2r2b,33.71806,3.7200634,3.1432322916303344e-249,2.324399869061336e-246,0.7292817679558011,Significant
Camk1d,32.910297,2.0738416,1.5656810924933255e-237,1.1006351492304007e-234,0.8100828729281768,Significant
Wwc1,32.509033,3.6251676,7.94788790953896e-232,5.3876272078221186e-229,0.6823204419889503,Significant
Acsbg1,32.39143,3.5372798,3.624146821834327e-230,2.3450289111598687e-227,0.6899171270718232,Significant
Fgf13,30.874554,4.345434,2.6234084525261196e-209,1.4092405725970733e-206,0.6042817679558011,Significant
Gramd1b,30.870434,2.8086011,2.9796979999790845e-209,1.5856727459514864e-206,0.7299723756906077,Significant
Iqgap2,30.568914,3.190507,3.17026327410354e-205,1.6262879377543213e-202,0.675414364640884,Significant
Nav2,30.477013,3.3017151,5.256155082916189e-204,2.625357250669568e-201,0.6629834254143646,Significant
Dab2,30.197908,3.2524252,2.5231576023210673e-200,1.2493140611631643e-197,0.6616022099447514,Significant
Myo6,30.052471,2.33446,2.0269349825476082e-198,9.78099193569859e-196,0.7493093922651933,Significant
Mylk,29.922537,2.8994262,1.0020303408213734e-196,4.715422284025606e-194,0.6740331491712708,Significant
Ldlrad4,29.913494,2.1766558,1.3137755730560609e-196,6.131778270933209e-194,0.7645027624309392,Significant
Gk,29.826498,3.0122092,1.7714856614394435e-195,8.200826426668565e-193,0.6843922651933702,Significant
Naaladl2,29.365425,3.5634232,1.5185342720732953e-189,6.808414172135867e-187,0.6035911602209945,Significant
Tshz2,28.860556,1.2395066,3.735139794290178e-183,1.5991172558396769e-180,0.9033149171270718,Significant
Cdk6,28.824718,3.1342888,1.051327055208895e-182,4.46743386945147e-180,0.6346685082872928,Significant
Fggy,28.811646,1.827967,1.5330520223237764e-182,6.466186311343568e-180,0.7886740331491713,Significant
Rmst,28.29462,3.0714684,4.0247916849133554e-176,1.648745779357204e-173,0.6767955801104972,Significant
Enah,27.991861,3.3132842,2.0411047810042977e-172,8.184686432053923e-170,0.5946132596685083,Significant
Bcas3,27.944748,1.4800103,7.636030611015599e-172,3.0194667987627723e-169,0.8149171270718232,Significant
Sorcs2,27.882086,3.4531171,4.400144924904593e-171,1.6928962984391383e-168,0.5863259668508287,Significant
Tmem164,27.84294,2.5838866,1.3114864883751306e-170,5.011902827823376e-168,0.7092541436464088,Significant
Nos1ap,27.820269,2.946318,2.4669084579863596e-170,9.364548967080087e-168,0.619475138121547,Significant
Phactr2,27.695292,2.7492278,7.9560368526986e-169,2.9804256212467826e-166,0.6470994475138122,Significant
Patj,26.90743,2.9734101,1.797754186584456e-159,6.318884020883056e-157,0.5959944751381215,Significant
Plekha5,26.842411,1.9697136,1.0343504422049424e-158,3.6133097257418174e-156,0.7299723756906077,Significant
Pax8,25.86951,3.3778777,1.467972543675199e-147,4.695945202775815e-145,0.5366022099447514,Significant
Trpm3,25.856272,3.0150046,2.0684329567714442e-147,6.579812345895128e-145,0.5704419889502762,Significant
Il34,25.844141,3.2319958,2.831560829110706e-147,8.957328065021816e-145,0.5497237569060773,Significant
Oxr1,25.333878,1.8383931,1.3530323178223765e-141,4.0980326175065926e-139,0.7113259668508287,Significant
Sh3rf1,25.105091,2.428541,4.375830507721753e-139,1.3045244237705985e-136,0.625,Significant
Sestd1,25.07081,2.3370013,1.0355228372105441e-138,3.0551142939692017e-136,0.6243093922651933,Significant
Mir100hg,24.913828,1.5257235,5.269374279596169e-137,1.515370913406492e-134,0.774171270718232,Significant
Kifc3,24.770094,3.3466043,1.8835273360335366e-135,5.36249650205428e-133,0.5145027624309392,Significant
Cacna2d3,24.594786,3.0278678,1.4363604918906797e-133,4.028955801416118e-131,0.5476519337016574,Significant
Myo5b,24.571203,3.139093,2.5671178690181747e-133,7.165404832341366e-131,0.5269337016574586,Significant
Dnah5,24.318008,3.381283,1.264432461401953e-130,3.380190083788198e-128,0.5013812154696132,Significant
Hunk,24.120127,3.1029432,1.537417494960638e-128,3.997355688609758e-126,0.5172651933701657,Significant
Msi2,24.116816,1.2992594,1.66540260868873e-128,4.310440451879317e-126,0.7645027624309392,Significant
Sorbs2,23.893507,2.9447439,3.577735860640424e-126,9.054215895143396e-124,0.5290055248618785,Significant
Nedd4l,23.785767,1.7347078,4.6886538783763693e-125,1.1709501775817055e-122,0.6816298342541437,Significant
Tsc22d1,23.774935,2.4349964,6.068843258415707e-125,1.5090218514299072e-122,0.5870165745856354,Significant
Farp1,23.611782,2.3369994,2.9169178850241597e-123,7.190139449833796e-121,0.5959944751381215,Significant
Sgms1,23.265995,1.6762171,9.799308764624402e-120,2.3057125634978436e-117,0.6892265193370166,Significant
Znrf3,23.177269,1.881809,7.720647961850299e-119,1.7943731248804814e-116,0.6477900552486188,Significant
Ppm1h,23.136385,2.3891387,1.9933334992479654e-118,4.5767097895434844e-116,0.5766574585635359,Significant
Dpyd,22.620024,1.2090355,2.75332299353022e-113,6.006780251900546e-111,0.755524861878453,Significant
Atp6v0a4,22.541517,3.2187474,1.626516629733733e-112,3.5349421150255155e-110,0.4744475138121547,Significant
Pawr,22.35761,2.9565353,1.018207918216839e-110,2.1878406441956617e-108,0.48756906077348067,Significant
Phldb2,22.327782,3.1319816,1.9854323176034246e-110,4.2500940449870905e-108,0.4723756906077348,Significant
Tnpo1,22.278814,1.5983158,5.930837443430374e-110,1.2601037868148094e-107,0.6788674033149171,Significant
Cacnb4,22.232618,3.068408,1.6615796468725083e-109,3.4783825982561577e-107,0.48342541436464087,Significant
Rnf43,22.14701,3.21277,1.1147407164986898e-108,2.3250714702619743e-106,0.462707182320442,Significant
Trim2,22.113384,2.890327,2.349748797190283e-108,4.883103878131822e-106,0.4903314917127072,Significant
Tbc1d1,22.064846,2.6555305,6.880192042978476e-108,1.424600054979045e-105,0.5117403314917127,Significant
Greb1,22.024906,2.9603775,1.6625406150583504e-107,3.4299538102187512e-105,0.48066298342541436,Significant
Kcnc2,21.715162,3.5397959,1.4751843585630823e-104,2.926776047419529e-102,0.43922651933701656,Significant
Lpar1,21.7133,2.9886894,1.536173321569016e-104,3.037196010536852e-102,0.4703038674033149,Significant
Plekha7,21.699987,2.9433742,2.0521661201568424e-104,4.0433353303754584e-102,0.47306629834254144,Significant
Agap1,21.581615,1.787434,2.673658675921984e-103,5.178258458016112e-101,0.6160220994475138,Significant
Ivns1abp,21.465128,1.8139958,3.298396187310369e-102,6.281403923131763e-100,0.6443370165745856,Significant
Eps8l2,21.427868,3.5566242,7.346705360269096e-102,1.3944291663969418e-99,0.42886740331491713,Significant
Pip5k1b,21.37642,2.7450554,2.2148877766058607e-101,4.162307752069779e-99,0.48411602209944754,Significant
Trio,21.369122,1.457381,2.5896432212231626e-101,4.850555087489083e-99,0.675414364640884,Significant
Rdh16,21.213133,2.9877138,7.223933817628448e-100,1.3226302749504225e-97,0.4585635359116022,Significant
Prickle2,21.023144,2.6689508,4.028426901810238e-98,7.190678878243786e-96,0.48964088397790057,Significant
Igfbp7,20.986183,2.205684,8.771380059628225e-98,1.551090534084754e-95,0.5497237569060773,Significant
Plekhg1,20.804626,2.7553647,3.930101672399657e-96,6.843544933581312e-94,0.46892265193370164,Significant
Clmn,20.739483,1.629096,1.5255872767935034e-95,2.632377731148451e-93,0.6332872928176796,Significant
Gja1,20.570627,2.5220716,5.031122486772397e-94,8.401089311416629e-92,0.4882596685082873,Significant
Cdk8,20.56668,1.1282152,5.457637616946697e-94,9.060155788529502e-92,0.7189226519337016,Significant
Wnk2,20.302347,3.0871372,1.2258733932492286e-91,1.9718208159605742e-89,0.42886740331491713,Significant
Arhgap26-1,20.269299,1.8016217,2.4005011923985292e-91,3.839520741470917e-89,0.5870165745856354,Significant
Setbp1,20.201475,1.8772786,9.501777391043787e-91,1.511286889450906e-88,0.580110497237569,Significant
Itpr1,20.040264,1.5263338,2.4545879092390833e-89,3.8932225665733326e-87,0.6353591160220995,Significant
Stag1,19.943834,1.1645852,1.695533456143221e-88,2.652345344127779e-86,0.6961325966850829,Significant
Itga9,19.734188,3.1589994,1.0969638170757635e-86,1.6745902602710737e-84,0.412292817679558,Significant
Akap13,19.726591,1.0175513,1.2748120730104657e-86,1.9357086466477048e-84,0.725828729281768,Significant
Sgip1,19.652172,2.7791972,5.539128418925363e-86,8.300092402684976e-84,0.44060773480662985,Significant
Ap1s2,19.579473,2.7979472,2.3140117003220146e-85,3.4135269489128456e-83,0.43715469613259667,Significant
Lnx1,19.539757,2.9825325,5.04224653030261e-85,7.41887751116178e-83,0.4240331491712707,Significant
Tacc2,19.466984,1.8714433,2.092374024652021e-84,3.047106632678024e-82,0.5490331491712708,Significant
Ptprk,19.466684,2.0728166,2.1045744187219627e-84,3.057055407562431e-82,0.5179558011049724,Significant
Itpr2,19.401814,1.9066603,7.449556752440664e-84,1.0738866102296805e-81,0.5607734806629834,Significant
Ano6,19.289886,1.4952061,6.531626055189194e-83,9.3446562615208e-81,0.6180939226519337,Significant
Myo9a,19.149387,1.7018254,9.793106597416595e-82,1.3905967151209435e-79,0.5656077348066298,Significant
Zfp608,19.07568,1.8684069,4.0215927997661005e-81,5.682221231054133e-79,0.5407458563535912,Significant
Ptprt,19.026026,2.8346968,1.0383634868320984e-80,1.4456101541248536e-78,0.4240331491712707,Significant
Kcnj16,18.936985,3.0224583,5.654401113363109e-80,7.795817283196339e-78,0.40124309392265195,Significant
Atp11a,18.826025,1.9446667,4.621745290671829e-79,6.341368640870955e-77,0.518646408839779,Significant
Shroom4,18.719286,3.0489504,3.4474107351475166e-78,4.696148676316621e-76,0.39571823204419887,Significant
Prom1,18.658857,2.44177,1.0699284845442958e-77,1.4436681952236196e-75,0.44544198895027626,Significant
Rapgef4,18.653265,2.8924448,1.1879654723165046e-77,1.5991475640466688e-75,0.40331491712707185,Significant
Ptprj,18.613514,2.2876098,2.4968804286546858e-77,3.3531808605666617e-75,0.462707182320442,Significant
Rnf180,18.527155,2.5660195,1.2470839377133609e-76,1.6669062558060207e-74,0.42955801104972374,Significant
Map7,18.43766,2.3180897,6.55164758491877e-76,8.695975877222837e-74,0.4530386740331492,Significant
Col4a4,18.350803,2.6029553,3.2526720117851647e-75,4.2577102763921626e-73,0.4185082872928177,Significant
2610035D17Rik,18.337423,2.0598109,4.1605193694521697e-75,5.421147217756888e-73,0.48964088397790057,Significant
Eps8,18.33432,2.7433152,4.4048329463086256e-75,5.726383397163458e-73,0.40607734806629836,Significant
Maml3,18.30287,2.0916922,7.850248926357394e-75,1.0182255674617685e-72,0.48549723756906077,Significant
Pde4b,18.295853,2.9430082,8.929201393761182e-75,1.150311440185872e-72,0.40400552486187846,Significant
Unc5cl,18.130499,3.13261,1.8309270820977613e-73,2.3219336076108827e-71,0.3777624309392265,Significant
Tmem132b,18.092138,2.8241198,3.675457853776058e-73,4.619961272668047e-71,0.39848066298342544,Significant
Susd4,18.031784,2.9677558,1.0969267019998959e-72,1.369739108302107e-70,0.3839779005524862,Significant
Fhod3,17.713022,2.9656558,3.327129178091602e-70,3.9884223690466084e-68,0.3798342541436464,Significant
Myof,17.433266,2.6273446,4.6133761894102965e-68,5.38299700002483e-66,0.393646408839779,Significant
Lmo7,17.355488,2.8591535,1.792724014121889e-67,2.0790121810206616e-65,0.375,Significant
Ddah1,17.153873,2.9005756,5.879858489894115e-66,6.715255211223692e-64,0.3687845303867403,Significant
Dach1,17.137308,2.381603,7.818667429576028e-66,8.886282277594584e-64,0.4116022099447514,Significant
Pkp4,17.126436,2.3504133,9.425428844069336e-66,1.0691102466337691e-63,0.4116022099447514,Significant
Plcl1,17.085403,1.7871252,1.9061954215039676e-65,2.1450725987323598e-63,0.5145027624309392,Significant
Atp10a,16.906918,2.307132,4.000979958921776e-64,4.423685433805143e-62,0.4150552486187845,Significant
Plekha6,16.885023,2.614248,5.799353187677254e-64,6.387252801925155e-62,0.3825966850828729,Significant
Arhgef28,16.859827,1.58348,8.884764453577767e-64,9.747733579020648e-62,0.5220994475138122,Significant
Tinag,16.85219,3.1833572,1.0109963107578557e-63,1.1049355265040895e-61,0.3473756906077348,Significant
Map2k6,16.838512,2.761371,1.273979593714245e-63,1.3896872039402839e-61,0.3715469613259669,Significant
Zfp462,16.723093,1.6945723,8.897788901544226e-63,9.613832976144778e-61,0.5020718232044199,Significant
Frk,16.565475,2.5807364,1.2379821727303282e-61,1.3250365206285266e-59,0.3798342541436464,Significant
Pitpnc1,16.505163,2.3863199,3.3682069379916704e-61,3.584842453386611e-59,0.39502762430939226,Significant
Ddo,16.427029,2.0396552,1.225174124989523e-60,1.2942975853623086e-58,0.43577348066298344,Significant
Shank2,16.268028,3.0623555,1.664317689222902e-59,1.738860798936537e-57,0.3397790055248619,Significant
Ror1,16.262674,3.0014226,1.8163314889790508e-59,1.89420753322264e-57,0.3453038674033149,Significant
Col4a3,16.26121,2.5619256,1.8602759687705658e-59,1.936489468697711e-57,0.3701657458563536,Significant
Tjp2,15.958459,2.4041855,2.487988584651886e-57,2.489781335653129e-55,0.3791436464088398,Significant
Psd3,15.675898,1.7325083,2.210801717065767e-55,2.1336484842617257e-53,0.4647790055248619,Significant
Cadm1,15.668169,2.2819738,2.4966804046076058e-55,2.4054734165611115e-53,0.3888121546961326,Significant
Frmd4b,15.522044,2.3981614,2.460864717120951e-54,2.3276428215545525e-52,0.3701657458563536,Significant
Ccl28,15.400055,2.8833241,1.6353096431195687e-53,1.5290010901292506e-51,0.3301104972375691,Significant
Fnbp1l,15.246226,2.476101,1.7442828662894636e-52,1.6123573163861745e-50,0.35290055248618785,Significant
Parp8,15.214618,2.4749293,2.82866830539166e-52,2.6062654041635357e-50,0.35220994475138123,Significant
Tns3,15.185268,2.3702738,4.427462822962207e-52,4.053121553091496e-50,0.35980662983425415,Significant
Slco3a1,15.161008,2.211156,6.4078212194054785e-52,5.856625169408786e-50,0.3846685082872928,Significant
Mcc,15.128101,2.8832686,1.0570194387172752e-51,9.63003901760006e-50,0.324585635359116,Significant
Gm53,15.11837,3.1351275,1.2253789020620494e-51,1.114605432305354e-49,0.3100828729281768,Significant
Ano5,15.111469,3.0773184,1.3607121295262695e-51,1.2357306119195424e-49,0.3149171270718232,Significant
Dnaja4,15.050198,2.2774842,3.4420417152247193e-51,3.115950672601125e-49,0.36464088397790057,Significant
Pias1,14.966817,1.1418692,1.2097444251215587e-50,1.0813823753665097e-48,0.5662983425414365,Significant
Dnajc6,14.932462,2.5442746,2.026448613138292e-50,1.8057591624523865e-48,0.3404696132596685,Significant
Mfhas1,14.901217,2.6716783,3.236275455776646e-50,2.8658905245315396e-48,0.3294198895027624,Significant
Epb41l4a,14.886059,3.1026511,4.060066625027583e-50,3.589817603970428e-48,0.30732044198895025,Significant
Camta1,14.849908,1.6501174,6.966394549261543e-50,6.140456223366897e-48,0.4703038674033149,Significant
Rnf128,14.8301735,2.6165125,9.349050432339146e-50,8.227886872763884e-48,0.3328729281767956,Significant
0610040J01Rik,14.826153,2.766546,9.926150331963898e-50,8.695460400805482e-48,0.32113259668508287,Significant
Cd200l1,14.817547,2.5627863,1.1282978932487388e-49,9.868880236478716e-48,0.3356353591160221,Significant
Ndrg1,14.701508,2.5712764,6.3040622495421754e-49,5.488679029834572e-47,0.3349447513812155,Significant
Atp1b1,14.68198,2.362481,8.40985834933576e-49,7.3109273934279e-47,0.34599447513812154,Significant
Chd2,14.64645,1.0617166,1.4194113448763014e-48,1.2283085317416637e-46,0.5759668508287292,Significant
Cp,14.622595,1.3146454,2.0156952239024808e-48,1.7363948826661293e-46,0.5303867403314917,Significant
Sh3d19,14.512935,1.2819935,1.0033477375667934e-47,8.514399929178955e-46,0.5296961325966851,Significant
Pik3c2a,14.475782,1.5190535,1.7235306937100963e-47,1.4582401371552244e-45,0.47168508287292815,Significant
Mtss1,14.4453,1.148823,2.6838727723804797e-47,2.2540176922141134e-45,0.5600828729281768,Significant
Tpd52,14.419665,2.573735,3.892231431731114e-47,3.240168858979552e-45,0.32527624309392267,Significant
Slc4a4,14.375133,1.2960143,7.412748126069278e-47,6.143948923529997e-45,0.5469613259668509,Significant
Dao,14.162391,2.3540857,1.5657554016393037e-45,1.273652547496337e-43,0.3328729281767956,Significant
Zfp827,14.126273,2.7344587,2.616288729413435e-45,2.1161093258740116e-43,0.305939226519337,Significant
Rgl1,14.018756,1.5385429,1.1969467349977834e-44,9.532215949301928e-43,0.4551104972375691,Significant
Akt3,13.985236,2.425826,1.9183849654888916e-44,1.5234973266374194e-42,0.3280386740331492,Significant
Arhgap42,13.891049,1.462268,7.177618966809038e-44,5.652846495007931e-42,0.4633977900552486,Significant
Cftr,13.878778,2.4515233,8.518351451325813e-44,6.699495165606949e-42,0.319060773480663,Significant
B4galnt2,13.776582,2.8661172,3.525764827184081e-43,2.74638269527618e-41,0.2941988950276243,Significant
Klf12,13.773181,2.3904395,3.695762493823212e-43,2.874869018589993e-41,0.32251381215469616,Significant
Svopl,13.707424,2.9653459,9.165408752247079e-43,7.02405840863662e-41,0.287292817679558,Significant
Stox2,13.703643,1.3676703,9.65557492695266e-43,7.389759299941015e-41,0.4910220994475138,Significant
Bcl2l1,13.698496,1.765592,1.0364867278208405e-42,7.921958492462614e-41,0.39986187845303867,Significant
Ntn1,13.669891,2.547309,1.5362356182581446e-42,1.1647775278194009e-40,0.31215469613259667,Significant
Mmp7,13.612931,2.4773703,3.3551359614426535e-42,2.530394659344452e-40,0.31077348066298344,Significant
Mapk4,13.524073,2.2745588,1.1275682247121993e-41,8.425834945319861e-40,0.3238950276243094,Significant
Chka,13.376747,1.7618386,8.268747385993213e-41,6.098843845930564e-39,0.3888121546961326,Significant
Igsf11,13.352479,2.8042145,1.1457234603102684e-40,8.428764800197286e-39,0.287292817679558,Significant
Nedd9,13.351908,1.9752127,1.1545397309837787e-40,8.482664106057722e-39,0.35911602209944754,Significant
Crim1,13.3284,1.7444658,1.5825511671897572e-40,1.1597431919041437e-38,0.39157458563535913,Significant
Hoxb6,13.183648,2.369679,1.0899003708772206e-39,7.875636677426372e-38,0.31215469613259667,Significant
Lpin2,13.091794,1.772684,3.668375306802982e-39,2.611011979308357e-37,0.3791436464088398,Significant
Klhl14,13.090132,2.4958854,3.7495907178781207e-39,2.665486205576755e-37,0.2990331491712707,Significant
AI314278,12.882039,2.7992227,5.681438110426043e-38,3.940399116270028e-36,0.27831491712707185,Significant
Cobl,12.851175,2.36901,8.471286022266037e-38,5.846830271440611e-36,0.29972375690607733,Significant
Creb3l2,12.812021,1.3877447,1.4042807998719031e-37,9.645494936731729e-36,0.44613259668508287,Significant
Tut4,12.728442,1.277445,4.109580649217853e-37,2.809167247864511e-35,0.46408839779005523,Significant
Cndp1,12.683049,2.796318,7.341955416711203e-37,4.981090116863649e-35,0.27140883977900554,Significant
Srgap2,12.66391,1.510612,9.371283291739634e-37,6.337413799464923e-35,0.4164364640883978,Significant
Gkap1,12.394662,1.3007646,2.7932081067542156e-35,1.8239456743886672e-33,0.4544198895027624,Significant
Phactr4,12.31915,1.6488789,7.144321845069569e-35,4.6175349623167574e-33,0.3770718232044199,Significant
Rims2,12.273559,2.8319497,1.2560926947484576e-34,8.072593017118728e-33,0.2638121546961326,Significant
Carmil1,12.238342,1.4965576,1.939527530066542e-34,1.2408835628035838e-32,0.4026243093922652,Significant
Stx7,12.173968,1.6647387,4.277703872630958e-34,2.718490359503118e-32,0.369475138121547,Significant
Tec,12.151859,2.6428533,5.607593699820909e-34,3.551746305467212e-32,0.26519337016574585,Significant
Trank1,12.106548,2.3423944,9.751177377095469e-34,6.135268409162355e-32,0.2824585635359116,Significant
Osbpl10,12.057134,2.5044217,1.7786550242746552e-33,1.1092923958074824e-31,0.27209944751381215,Significant
Fzd6,12.03601,2.6855593,2.2980596478109582e-33,1.4254228148802155e-31,0.26312154696132595,Significant
Hnf1b,11.961565,2.740998,5.648726834340203e-33,3.4772341045855736e-31,0.2575966850828729,Significant
Cfap44,11.952934,3.1378782,6.267235030894543e-33,3.8455024773078247e-31,0.2430939226519337,Significant
Hoxb3,11.9501295,2.0301187,6.48240114635868e-33,3.973244388318725e-31,0.3149171270718232,Significant
Egfr,11.816738,1.3001956,3.1986291922302345e-32,1.9273348659765266e-30,0.4302486187845304,Significant
Ankrd28,11.789846,1.3767219,4.4034124292797346e-32,2.647673781791102e-30,0.4143646408839779,Significant
Gm40663,11.698829,3.4600835,1.2922481148272096e-31,7.696851454641857e-30,0.22997237569060774,Significant
Gpc4,11.61462,1.2803408,3.4732739286614847e-31,2.0494475727659441e-29,0.43853591160220995,Significant
Slc35a3,11.549625,1.7645422,7.414302829970538e-31,4.356840221272986e-29,0.3328729281767956,Significant
Dpp4,11.525779,1.8994576,9.782395978824461e-31,5.724762686847315e-29,0.3052486187845304,Significant
Eva1a,11.509527,2.4464605,1.1812363425455568e-30,6.891473215254769e-29,0.2610497237569061,Significant
Plscr2,11.468057,2.9010897,1.9089857375354292e-30,1.1080484901223738e-28,0.24033149171270718,Significant
Pak1,11.366348,2.7280123,6.150763577471532e-30,3.530550694201679e-28,0.2451657458563536,Significant
Dgkh,11.346688,2.0890243,7.702536045909685e-30,4.39469043076296e-28,0.2893646408839779,Significant
Celsr1,11.315559,2.323528,1.098985874781777e-29,6.251483985609307e-28,0.26312154696132595,Significant
Arid5b,11.299011,1.0437784,1.327039736549494e-29,7.5336958762577e-28,0.4930939226519337,Significant
Sh3gl2,11.274602,2.4435265,1.751696602791242e-29,9.905000621602393e-28,0.255524861878453,Significant
Nhs,11.210806,2.616317,3.608909611765372e-29,2.0265771420466673e-27,0.24930939226519336,Significant
Arhgef38,11.166588,2.6095784,5.941974747017677e-29,3.310586928277236e-27,0.24585635359116023,Significant
Fhl1,11.145348,1.9725049,7.544903395259689e-29,4.199553707033059e-27,0.2921270718232044,Significant
Kcnh8,11.1368,2.3855999,8.304978109181323e-29,4.613597644047743e-27,0.255524861878453,Significant
Corin,11.129825,2.7823958,8.981169038108353e-29,4.97952041089511e-27,0.24033149171270718,Significant
Fermt1,11.123876,2.047339,9.600864080211471e-29,5.317926085518691e-27,0.2796961325966851,Significant
Folh1,11.093293,2.5335736,1.3521578632482223e-28,7.446152890833368e-27,0.24861878453038674,Significant
Gipc2,11.072426,2.3854012,1.7071612508162148e-28,9.364881385619083e-27,0.2534530386740331,Significant
Rin3,11.03783,2.2432044,2.5102085069078155e-28,1.370410187841207e-26,0.2617403314917127,Significant
Abr,10.957337,2.1008024,6.127569910227269e-28,3.307203395812805e-26,0.27417127071823205,Significant
Retreg1,10.957147,2.5487068,6.140465877134848e-28,3.3110252605107516e-26,0.2430939226519337,Significant
Fkbp5,10.941277,1.1368294,7.316217896800564e-28,3.933831569987922e-26,0.44751381215469616,Significant
Lrrk2,10.918879,1.5755782,9.36453461716619e-28,5.006816578742348e-26,0.3453038674033149,Significant
Fam107b,10.789591,1.7257733,3.8550111741228314e-27,2.0381447656984972e-25,0.32113259668508287,Significant
Limch1,10.773969,1.9879627,4.568715258749216e-27,2.411002924452633e-25,0.2838397790055249,Significant
Sim1,10.743014,2.7385545,6.392238365797232e-27,3.3546584772982505e-25,0.23204419889502761,Significant
Slc12a2,10.74011,1.39415,6.596552428303754e-27,3.4586951364644944e-25,0.3770718232044199,Significant
Tox,10.731803,2.221381,7.217413926731795e-27,3.780743021177876e-25,0.2589779005524862,Significant
Cep112,10.670333,1.7561097,1.4012401930271215e-26,7.299910140087587e-25,0.31077348066298344,Significant
Dtnb,10.669042,2.0587742,1.4208412014829002e-26,7.395257664866345e-25,0.27002762430939226,Significant
Myo1e,10.542485,2.3427937,5.502525999739342e-26,2.815088346371589e-24,0.2451657458563536,Significant
Fam171a1,10.5225935,1.8821943,6.797617614138104e-26,3.4621032608822696e-24,0.28591160220994477,Significant
Map3k1,10.504738,1.3258967,8.215101926055024e-26,4.158009944635548e-24,0.38328729281767954,Significant
Paqr5,10.493261,2.6131575,9.277022213223255e-26,4.6913225740954296e-24,0.2292817679558011,Significant
Dnah7b,10.456449,2.7731824,1.3689117475715212e-25,6.879717901012356e-24,0.2244475138121547,Significant
Snx24,10.455762,1.5868294,1.3788662179270496e-25,6.923635036594721e-24,0.3294198895027624,Significant
Hnf1aos1,10.401772,2.7531574,2.4336679084846027e-25,1.212383940306402e-23,0.2244475138121547,Significant
Hexb,10.345166,1.6695217,4.401517008276671e-25,2.166177873537441e-23,0.31629834254143646,Significant
Ccdc88c,10.130231,2.4992075,4.056892559915616e-24,1.9477531134414425e-22,0.2272099447513812,Significant
Tmem150c,10.106087,2.4106467,5.191684226421577e-24,2.4696716084934924e-22,0.2292817679558011,Significant
Nrg1,10.088619,3.346573,6.203589884762585e-24,2.9436550969022194e-22,0.20165745856353592,Significant
Fgd4,10.058037,1.4520903,8.466949822078865e-24,3.994337943819326e-22,0.3411602209944751,Significant
Spns2,10.033744,2.7593722,1.0832959467353586e-23,5.093637861524199e-22,0.21339779005524862,Significant
2610307P16Rik,10.031816,3.142769,1.1046617751778565e-23,5.189814037986991e-22,0.2037292817679558,Significant
Afap1l2,9.994921,2.6932688,1.6041615509463512e-23,7.499389398393775e-22,0.21892265193370167,Significant
Hoga1,9.988061,2.0749433,1.7191170494816787e-23,8.0039447190953605e-22,0.2520718232044199,Significant
Adamts6,9.926475,1.3999052,3.193465814333141e-23,1.4795698692753732e-21,0.3453038674033149,Significant
Lrrc8c,9.915304,2.499708,3.571662840766644e-23,1.6480879563702876e-21,0.2223756906077348,Significant
Gm26644,9.910811,3.6863194,3.7359978019596423e-23,1.722521869161004e-21,0.19129834254143646,Significant
Creb5,9.853321,2.1130924,6.631575767225734e-23,3.0305662581187845e-21,0.24171270718232044,Significant
Syt2,9.824593,2.0403438,8.823023042749306e-23,4.006313836341214e-21,0.2513812154696133,Significant
Veph1,9.796087,2.5287282,1.1703155953555282e-22,5.272068062906577e-21,0.21616022099447513,Significant
Map1b,9.746813,1.9879047,1.9034974262583948e-22,8.534413145557422e-21,0.2513812154696133,Significant
Galnt18,9.672783,1.665587,3.935302410433892e-22,1.742457655929364e-20,0.2990331491712707,Significant
Wsb1,9.556396,1.9203162,1.2192982697947803e-21,5.2917730777732157e-20,0.2589779005524862,Significant
Baiap2l1,9.485219,2.263462,2.4187460815743076e-21,1.0394401557050766e-19,0.22306629834254144,Significant
Arhgef10l,9.468919,2.5034258,2.8275596086117097e-21,1.211467807930469e-19,0.21201657458563536,Significant
Unc13b,9.3846855,1.8893939,6.310454803702763e-21,2.663629406802365e-19,0.2548342541436464,Significant
Itgav,9.348427,1.3302513,8.896078750948945e-21,3.741149336468123e-19,0.33908839779005523,Significant
Slc9a3,9.3308935,1.8377113,1.0498192328480351e-20,4.401896681708393e-19,0.2451657458563536,Significant
Manba,9.243053,1.7533627,2.3956234411410135e-20,9.920668680873487e-19,0.26243093922651933,Significant
Espn,9.226719,2.1882877,2.7904754456318753e-20,1.152229603696335e-18,0.22030386740331492,Significant
A1cf,9.192902,2.3140485,3.823833595623507e-20,1.5732146587312e-18,0.21201657458563536,Significant
Arhgap18,9.181682,1.6976537,4.244097698293403e-20,1.743601493784449e-18,0.268646408839779,Significant
Abat,9.170752,2.4571133,4.697327852534654e-20,1.927021219388874e-18,0.2085635359116022,Significant
Ireb2,9.158092,1.1585199,5.282311399548215e-20,2.1607765330580093e-18,0.3770718232044199,Significant
Tmem229b,9.125449,2.362247,7.143929859151787e-20,2.9118289914814735e-18,0.20718232044198895,Significant
Ankrd6,9.10612,2.5957623,8.538058132295821e-20,3.467657404501115e-18,0.20027624309392264,Significant
Slc35f3,9.0616045,2.7570636,1.2854582271741747e-19,5.191154391030119e-18,0.1919889502762431,Significant
Cda,9.059412,2.7834103,1.31156193934709e-19,5.292817036737253e-18,0.1919889502762431,Significant
Osbpl6,9.036905,1.7387643,1.6116996111961199e-19,6.485638696898817e-18,0.2506906077348066,Significant
Blnk,9.002467,2.3974328,2.207008979722084e-19,8.794212618219398e-18,0.20441988950276244,Significant
Sgms2,9.000961,1.9991648,2.2374964811506835e-19,8.897017257905104e-18,0.23066298342541436,Significant
Scube1,8.980275,2.6716368,2.700897285004834e-19,1.0687407387453804e-17,0.19337016574585636,Significant
Ccnd3,8.976593,2.02386,2.792798133707463e-19,1.1028066472360378e-17,0.23687845303867403,Significant
Zfp704,8.955791,1.1343975,3.3730665895517396e-19,1.3282557723075076e-17,0.369475138121547,Significant
Gm29899,8.935411,3.4013371,4.056644674230564e-19,1.588647898179935e-17,0.17541436464088397,Significant
Kdr,8.914329,3.094605,4.907803647786382e-19,1.9153889479685016e-17,0.18162983425414364,Significant
Nalcn,8.888281,3.0215557,6.206157465893122e-19,2.408894425803819e-17,0.1830110497237569,Significant
Ptpn13,8.812512,1.6642878,1.2237167361207554e-18,4.663966176134668e-17,0.26243093922651933,Significant
Gm36129,8.739442,2.5425591,2.342654985060399e-18,8.845697447236352e-17,0.1919889502762431,Significant
Xylb,8.681389,2.5486367,3.909659432295843e-18,1.4607606150548399e-16,0.1919889502762431,Significant
Fmn1,8.670955,3.1619585,4.285125696281834e-18,1.5968543342407324e-16,0.17748618784530387,Significant
Cacna1d,8.617353,2.0837674,6.851951798988382e-18,2.5269234934339216e-16,0.21339779005524862,Significant
Plekhh1,8.5347,2.4622562,1.4051894319221423e-17,5.106119428403235e-16,0.19129834254143646,Significant
Dmd,8.529082,1.4707371,1.4751333300847613e-17,5.353445949544703e-16,0.2866022099447514,Significant
Pdlim1,8.512997,2.6968987,1.694947080161556e-17,6.123856706312129e-16,0.18370165745856354,Significant
Myo1d,8.511772,1.39805,1.712948210865053e-17,6.181050955314765e-16,0.2948895027624309,Significant
Arhgef3,8.4607935,1.4718267,2.6556356680378856e-17,9.528327068288926e-16,0.28107734806629836,Significant
Ddc,8.350199,2.5513227,6.814830505017217e-17,2.4027446674067208e-15,0.18370165745856354,Significant
Pax2,8.342785,2.5166593,7.256119212843098e-17,2.5551681144001166e-15,0.18370165745856354,Significant
Pde7b,8.311268,1.7257084,9.468510446047122e-17,3.315783845684927e-15,0.24585635359116023,Significant
Kazn,8.264543,2.3279455,1.4023178452524772e-16,4.8629342525287034e-15,0.19060773480662985,Significant
Spred2,8.25496,1.5575025,1.519524441504071e-16,5.2533844094525386e-15,0.2589779005524862,Significant
Mboat1,8.252992,2.4126515,1.5447838952606814e-16,5.33747207403146e-15,0.1850828729281768,Significant
Pknox2,8.21301,2.6959896,2.157125350013985e-16,7.412726285766223e-15,0.17610497237569062,Significant
Gxylt2,8.168369,2.1840909,3.12585982909792e-16,1.0658058953812255e-14,0.19475138121546962,Significant
Rab11fip3,8.162246,1.1611457,3.2885106468490057e-16,1.119253345739565e-14,0.332182320441989,Significant
Hook2,8.157232,2.117981,3.427897872009214e-16,1.1639113460350428e-14,0.19958563535911603,Significant
Kitl,8.143819,2.1508596,3.83001102313468e-16,1.2965794153882984e-14,0.20165745856353592,Significant
Dnah11,8.114131,2.5639687,4.892745078057106e-16,1.6407408568295033e-14,0.17886740331491713,Significant
Ripor2,8.110432,2.2988176,5.044007877899473e-16,1.6904699975013177e-14,0.1871546961325967,Significant
Cstpp1,8.086436,1.7723693,6.14357774373713e-16,2.0481350135019667e-14,0.22997237569060774,Significant
Mlph,8.074141,1.815288,6.795349660374497e-16,2.2522351863293612e-14,0.21201657458563536,Significant
Kcnk5,8.057584,2.4536624,7.781733492466347e-16,2.5657190897193185e-14,0.18093922651933703,Significant
Evi5,7.963322,1.0723642,1.6748086113485932e-15,5.397016250073585e-14,0.35220994475138123,Significant
Dlg5,7.9394174,1.3095788,2.0313319434817874e-15,6.523749136705948e-14,0.2955801104972376,Significant
Slc25a13,7.8869414,2.1972632,3.0968303214182818e-15,9.851207560440132e-14,0.18646408839779005,Significant
Cfap69,7.865941,2.786871,3.6633340078708395e-15,1.162730778941881e-13,0.1671270718232044,Significant
Fgr,7.802369,2.844993,6.0755722729565535e-15,1.910265934811812e-13,0.16298342541436464,Significant
Zswim5,7.7787786,2.4774978,7.322803695703e-15,2.2922911777736365e-13,0.17334254143646408,Significant
Aig1,7.7633967,1.848931,8.268451820008564e-15,2.5798022744279875e-13,0.2078729281767956,Significant
Pals2,7.7029605,1.4368777,1.3294934778448614e-14,4.112041723083338e-13,0.2562154696132597,Significant
Zswim6,7.673959,1.1015521,1.667674840291011e-14,5.144045128982149e-13,0.332182320441989,Significant
Mapt,7.657973,2.4166825,1.888908008285185e-14,5.810713716897175e-13,0.17334254143646408,Significant
Tgfa,7.6212597,2.9090505,2.5121240835659516e-14,7.678092186920496e-13,0.15814917127071823,Significant
Pls1,7.5879717,2.387735,3.2495195095852905e-14,9.87358006378314e-13,0.17265193370165746,Significant
Mapkbp1,7.5805163,1.2077442,3.4418210948628185e-14,1.0446734273058835e-12,0.30386740331491713,Significant
Slc27a2,7.561899,2.868179,3.972264260240961e-14,1.2024704903901146e-12,0.15676795580110497,Significant
Ccser1,7.558945,2.1138237,4.0635114728036246e-14,1.2287860157881635e-12,0.18370165745856354,Significant
Sord,7.446778,1.6795009,9.564752835813971e-14,2.8351202041857543e-12,0.21408839779005526,Significant
Timp3,7.4259844,1.8964975,1.1194429462568909e-13,3.302704704808996e-12,0.19751381215469613,Significant
Errfi1,7.4005904,1.3112243,1.355805063967912e-13,3.979427636463756e-12,0.26243093922651933,Significant
Lima1,7.386077,1.073171,1.5122426005071656e-13,4.424902667804651e-12,0.31767955801104975,Significant
Osbpl3,7.3641334,2.6170993,1.7830139852566447e-13,5.190521438369049e-12,0.16022099447513813,Significant
Arnt2,7.3145947,2.5859416,2.581594304725184e-13,7.446735628437523e-12,0.15883977900552487,Significant
Prdm16,7.311856,1.9391705,2.634776596088251e-13,7.596294387739802e-12,0.1871546961325967,Significant
Slc7a9,7.3096137,1.8490527,2.6791185653989326e-13,7.7202272384808e-12,0.1871546961325967,Significant
Grb14,7.2936606,2.3587453,3.016449428967239e-13,8.665976131928535e-12,0.1691988950276243,Significant
Ehf,7.2795196,2.086557,3.350109562070721e-13,9.581044127266144e-12,0.17748618784530387,Significant
Zfp185,7.266148,1.2436837,3.698826941423372e-13,1.0546565091216236e-11,0.27348066298342544,Significant
Gria3,7.263633,2.3735816,3.768300539870306e-13,1.0733907005540527e-11,0.16505524861878454,Significant
Agbl4,7.2297907,3.0230622,4.837391923331792e-13,1.3683354868675387e-11,0.1484806629834254,Significant
Prrg1,7.214218,1.4107431,5.424468704714703e-13,1.5298398836808317e-11,0.2527624309392265,Significant
Ngef,7.2094107,2.6193979,5.619446921093155e-13,1.5824773844409763e-11,0.15538674033149172,Significant
Dpysl2,7.1813607,2.2569935,6.902096695313433e-13,1.9350678873847474e-11,0.1691988950276243,Significant
Ccdc148,7.1740875,2.6014836,7.279101100901538e-13,2.0327577037098307e-11,0.15538674033149172,Significant
Lrp4,7.090988,2.3846714,1.331578485190702e-12,3.661101425651558e-11,0.1574585635359116,Significant
Cabcoco1,7.0742407,2.5076284,1.5026924509401581e-12,4.117652110153202e-11,0.15469613259668508,Significant
Rab3ip,7.071229,1.4670055,1.5356764080884276e-12,4.201967820901641e-11,0.22513812154696133,Significant
Serinc5,7.067886,2.6276271,1.5731169509497775e-12,4.300280955546389e-11,0.15607734806629833,Significant
Xpr1,7.059587,1.0723138,1.669984316422711e-12,4.562887570125988e-11,0.3100828729281768,Significant
Hnf4a,7.05919,2.5961864,1.6747639212046652e-12,4.573752155266899e-11,0.1526243093922652,Significant
Sel1l3,7.012365,1.9883626,2.3432298931510247e-12,6.338520348974465e-11,0.17265193370165746,Significant
Gm48530,6.9601207,3.1862154,3.3998163026897484e-12,9.101501649809918e-11,0.1388121546961326,Significant
Far1,6.951863,1.4340469,3.604940459624262e-12,9.627997875772284e-11,0.2361878453038674,Significant
Xpo1,6.931731,1.0075374,4.157213163908166e-12,1.1020292121326576e-10,0.32734806629834257,Significant
Map3k21,6.8878603,2.6207228,5.6637715559228595e-12,1.4909885167166137e-10,0.1477900552486188,Significant
Mboat2,6.819332,2.7336936,9.146472076782877e-12,2.3792109023485326e-10,0.14502762430939226,Significant
Tbc1d9,6.802436,2.6154428,1.0286481668016595e-11,2.6635859602479897e-10,0.14709944751381215,Significant
Galnt14,6.7702155,1.873369,1.2859075029184416e-11,3.302700005578664e-10,0.17472375690607736,Significant
2900026A02Rik,6.7690406,2.3138826,1.2963925546872741e-11,3.3281284245468023e-10,0.15469613259668508,Significant
Kcnk1,6.760758,2.5200572,1.3727178766193198e-11,3.517728560422173e-10,0.1484806629834254,Significant
Cdh1,6.7504644,2.797367,1.4737254490926556e-11,3.768091638831832e-10,0.14157458563535913,Significant
Ggt1,6.7032013,2.2565448,2.0390223686600996e-11,5.169366549148474e-10,0.15469613259668508,Significant
Ppp4r1l-ps,6.700587,1.0663177,2.075845116282108e-11,5.260378138238518e-10,0.31077348066298344,Significant
Diaph1,6.700065,1.125804,2.0832638144540447e-11,5.276829397634686e-10,0.28107734806629836,Significant
Ano1,6.674423,1.9896781,2.482066676421984e-11,6.264687882187242e-10,0.1691988950276243,Significant
Apobec3,6.667547,2.328814,2.601140917159912e-11,6.553609069203652e-10,0.1526243093922652,Significant
Fads2,6.658586,1.7863258,2.764746812849364e-11,6.956581894408115e-10,0.18024861878453038,Significant
Hpcal1,6.634582,1.6161838,3.2542351488251394e-11,8.145028730077022e-10,0.19889502762430938,Significant
Lef1,6.612812,1.9989549,3.770870405380817e-11,9.392700426631193e-10,0.1643646408839779,Significant
Pik3c2g,6.5719366,1.9041198,4.9664985613498084e-11,1.2237014045080893e-09,0.16574585635359115,Significant
Gm17171,6.556977,2.9897072,5.490962119679439e-11,1.3494211223852695e-09,0.13535911602209943,Significant
Cbx3-ps8,6.552343,3.4222937,5.664127016658304e-11,1.390176967480778e-09,0.1277624309392265,Significant
Plch1,6.5482802,2.2382772,5.820342183299598e-11,1.4260589684133494e-09,0.15124309392265192,Significant
Slc25a12,6.5329394,2.4124858,6.449117429302988e-11,1.575371924246853e-09,0.14709944751381215,Significant
D630045J12Rik,6.5014806,1.9442785,7.953340166253599e-11,1.930397026456292e-09,0.1671270718232044,Significant
D630003M21Rik,6.4777412,2.098021,9.310585235281791e-11,2.2530983165413535e-09,0.15469613259668508,Significant
Emx2os,6.4459844,2.274396,1.1485264029915228e-10,2.757092829373537e-09,0.1484806629834254,Significant
Sertad2,6.442054,1.3791622,1.1786743755494895e-10,2.8235127310964865e-09,0.22306629834254144,Significant
Clic6,6.4287567,2.9837532,1.2865164744183125e-10,3.0766709185154613e-09,0.13121546961325967,Significant
Spint2,6.410611,2.1007898,1.4493735217245787e-10,3.445877983320219e-09,0.15331491712707182,Significant
Ltbp1,6.403222,1.3847798,1.5213150738761342e-10,3.610887937539848e-09,0.2175414364640884,Significant
Shroom2,6.396652,2.1239958,1.5882033657735055e-10,3.766509281570561e-09,0.15331491712707182,Significant
Gramd2,6.3869715,2.7933266,1.6920331150940155e-10,4.004408046823289e-09,0.13535911602209943,Significant
Pls3,6.3559837,1.1602815,2.0709680357782173e-10,4.872850864679647e-09,0.2569060773480663,Significant
Nipsnap1,6.3526077,2.4968636,2.1169484375324734e-10,4.976926547544862e-09,0.14295580110497239,Significant
Fyb2,6.319585,1.960845,2.622668749121547e-10,6.135471702700493e-09,0.15814917127071823,Significant
Agrn,6.3122206,2.1520677,2.7505961270279693e-10,6.432102425835712e-09,0.15400552486187846,Significant
Sh3bgrl2,6.2625246,2.0472171,3.787936041042716e-10,8.757160621722016e-09,0.15331491712707182,Significant
Mb21d2,6.2487564,1.5158987,4.137340085159308e-10,9.537825173645997e-09,0.19337016574585636,Significant
Fgfr4,6.2397456,1.6844705,4.3828351018843147e-10,1.0075212496422881e-08,0.16781767955801105,Significant
Ap1s3,6.2151704,2.5466185,5.126892686646166e-10,1.172882267859861e-08,0.13535911602209943,Significant
Slc26a3,6.165698,1.6503432,7.017285687431535e-10,1.5830874180984115e-08,0.1685082872928177,Significant
Kcnq1,6.160725,2.8244696,7.241255543934507e-10,1.631675235168875e-08,0.12845303867403315,Significant
Lrrc1,6.1454754,1.4499575,7.972430217537288e-10,1.792175874523453e-08,0.19751381215469613,Significant
Aass,6.0942736,2.409278,1.0993541628927892e-09,2.4529124368839465e-08,0.13604972375690608,Significant
Ptk7,6.0801244,3.1466143,1.2008923558878721e-09,2.670189006822566e-08,0.12154696132596685,Significant
Tmc5,6.075466,2.119985,1.2362811951220007e-09,2.74551823445561e-08,0.14433701657458564,Significant
Samd12,6.0584044,1.8293658,1.3747848741268846e-09,3.042426176356741e-08,0.16091160220994474,Significant
Kcnma1,6.047656,1.6974112,1.469684244339427e-09,3.246132294683139e-08,0.18232044198895028,Significant
Cracdl,6.041111,2.2928581,1.530567510632651e-09,3.379296030358037e-08,0.1388121546961326,Significant
Fat3,6.025406,2.1774604,1.6868551191585008e-09,3.721472969391871e-08,0.14502762430939226,Significant
Ccnjl,6.015303,2.3763578,1.7955041495836131e-09,3.955040687870039e-08,0.13466850828729282,Significant
Gm14636,5.95207,2.7403803,2.647714977389968e-09,5.745561681690631e-08,0.12569060773480664,Significant
Shb,5.931012,1.2216661,3.010730598895082e-09,6.491253730847591e-08,0.2430939226519337,Significant
Klhl3,5.828327,2.1232815,5.598575368449207e-09,1.1811355318816832e-07,0.14226519337016574,Significant
Tbx2,5.790596,1.4358627,7.01371030632007e-09,1.465031836214861e-07,0.17265193370165746,Significant
Klhl29,5.7859874,1.5170643,7.208772141481775e-09,1.5046726338273964e-07,0.18093922651933703,Significant
Dsp,5.7816515,2.841021,7.397087250762745e-09,1.541718686477604e-07,0.12085635359116022,Significant
Mctp2,5.7753134,2.5899084,7.681006477344884e-09,1.5979692722926383e-07,0.12638121546961326,Significant
Atp1a1,5.7748666,1.374546,7.701416690439646e-09,1.601630269431424e-07,0.19475138121546962,Significant
Rapgef3,5.7399073,1.6143428,9.472845741889826e-09,1.9514953306401904e-07,0.16781767955801105,Significant
Pipox,5.738426,1.8409008,9.556046313665544e-09,1.9679234471841945e-07,0.1464088397790055,Significant
Mageb18,5.725692,1.5048671,1.030130828537685e-08,2.116041829284427e-07,0.17748618784530387,Significant
Nectin3,5.695813,2.083431,1.227853642138085e-08,2.508619097128981e-07,0.14019337016574585,Significant
Slc1a1,5.664006,3.4222555,1.4787891928499345e-08,3.007276265359576e-07,0.11049723756906077,Significant
Scml4,5.652083,2.799943,1.5851501618387006e-08,3.217826572736451e-07,0.11878453038674033,Significant
Garem1,5.6002936,1.5108323,2.139889403135691e-08,4.293426444818512e-07,0.17472375690607736,Significant
Stx3,5.585259,2.3310604,2.3335196298896423e-08,4.672044347593042e-07,0.1277624309392265,Significant
Cmah,5.581453,2.522322,2.3851757891574168e-08,4.770435356881366e-07,0.12292817679558012,Significant
Miga1,5.5770016,2.1771421,2.4469998629455455e-08,4.888934006876572e-07,0.1319060773480663,Significant
Esrp1,5.5560756,2.7721295,2.7590764416045987e-08,5.474026887157054e-07,0.11671270718232044,Significant
B4galt6,5.5536594,1.80894,2.7975042874717032e-08,5.548334783452673e-07,0.15331491712707182,Significant
Spata13,5.528017,2.4765844,3.2387057148379624e-08,6.374529626981971e-07,0.12223756906077347,Significant
Slc16a2,5.520934,1.4927642,3.37202058605178e-08,6.627760586481685e-07,0.1781767955801105,Significant
Btg3,5.492388,1.6791391,3.9653590217006665e-08,7.743193005989631e-07,0.15676795580110497,Significant
Mgat3,5.4907327,3.1234071,4.0026966380138845e-08,7.81074534836013e-07,0.11049723756906077,Significant
Il17rd,5.488598,2.3510592,4.051365989898016e-08,7.903008935621204e-07,0.12569060773480664,Significant
Lrriq1,5.4874973,2.7134013,4.0766788856609074e-08,7.949663439329374e-07,0.11602209944751381,Significant
Cdh3,5.4756236,2.3133655,4.359732026134789e-08,8.47261096587512e-07,0.12430939226519337,Significant
Arg2,5.4619956,2.2473073,4.708111158308528e-08,9.130945417753607e-07,0.1270718232044199,Significant
Adgrg1,5.394576,1.8420495,6.868545296409536e-08,1.3163979728133806e-06,0.13743093922651933,Significant
Ankrd33b,5.3851433,2.460712,7.23868852219015e-08,1.3840771092747795e-06,0.11740331491712708,Significant
B4galnt3,5.368131,2.5876813,7.955660209672404e-08,1.5145544901335887e-06,0.11602209944751381,Significant
Mmd2,5.355571,2.597115,8.52867117281349e-08,1.61877021750391e-06,0.11533149171270718,Significant
Commd10,5.352013,1.0946827,8.698120384800391e-08,1.650382115397931e-06,0.23273480662983426,Significant
1810064F22Rik,5.3124285,2.132565,1.0817400067934615e-07,2.0341927915068194e-06,0.12638121546961326,Significant
Sox13,5.2819457,1.430958,1.2781922540597883e-07,2.3862801684727346e-06,0.17679558011049723,Significant
Cyp2j13,5.274151,2.8052704,1.3337203183908457e-07,2.4850578746561892e-06,0.10911602209944751,Significant
Lyn,5.2669606,1.5561455,1.3870095097132317e-07,2.577601452107739e-06,0.16298342541436464,Significant
Tesk2,5.2186136,1.2746148,1.8026753977077016e-07,3.3251098095521296e-06,0.19958563535911603,Significant
Trim7,5.2041335,1.9653528,1.949040676261322e-07,3.585794027366589e-06,0.13052486187845305,Significant
Tspan33,5.203058,2.377157,1.960360379667803e-07,3.6054547925925186e-06,0.11602209944751381,Significant
Epb41l3,5.2007985,2.0230474,1.98433896110307e-07,3.6471996379654586e-06,0.1270718232044199,Significant
Tmod1,5.195379,1.5628691,2.0430316503648903e-07,3.7478178222753615e-06,0.15193370165745856,Significant
Cndp2,5.1942286,1.724276,2.055701098037027e-07,3.766205798691324e-06,0.14709944751381215,Significant
Ica1,5.1699185,1.7687289,2.3419576321340214e-07,4.263216417242433e-06,0.14433701657458564,Significant
Trpv4,5.167362,2.3306181,2.3742115216166967e-07,4.317789148910135e-06,0.11671270718232044,Significant
Ccdc138,5.1663938,1.5714937,2.386535824650304e-07,4.337431739272677e-06,0.1574585635359116,Significant
Epb41l4b,5.156192,2.3516223,2.5202303294112014e-07,4.573117756118649e-06,0.11533149171270718,Significant
Cystm1,5.148372,2.177478,2.6275656131105445e-07,4.760299509262727e-06,0.12361878453038674,Significant
Kl,5.147859,2.451013,2.634759981623046e-07,4.771815143562273e-06,0.11256906077348067,Significant
Bbs9,5.112544,1.281571,3.178484516854226e-07,5.720167094633264e-06,0.1919889502762431,Significant
Gm37184,5.061127,2.5103662,4.16784744794578e-07,7.432552506529303e-06,0.11049723756906077,Significant
Gm26652,5.0591993,2.4173732,4.210204193775271e-07,7.503387699460336e-06,0.11256906077348067,Significant
Ptpn3,5.0570645,1.4037756,4.257590184329899e-07,7.576639781623872e-06,0.1671270718232044,Significant
F11r,5.0339875,1.483646,4.803812891581465e-07,8.494841921103733e-06,0.1643646408839779,Significant
Nkd1,5.025597,1.7874781,5.018683564970454e-07,8.861049949549847e-06,0.13674033149171272,Significant
Slc6a20a,4.979989,1.9988978,6.358794145641309e-07,1.1127108096095936e-05,0.12154696132596685,Significant
A330093E20Rik,4.961396,3.807044,6.998822470937487e-07,1.2198345586704972e-05,0.09392265193370165,Significant
Dzip1l,4.9565806,2.7863164,7.174459924822199e-07,1.2489175254640808e-05,0.1042817679558011,Significant
Zfp618,4.9381537,2.1094096,7.886571164285661e-07,1.3657823864525238e-05,0.11740331491712708,Significant
Spred1,4.921034,1.3184688,8.608820124142963e-07,1.4867904964780845e-05,0.17886740331491713,Significant
Sox9,4.9111214,2.1065218,9.055707360170211e-07,1.5606568789208596e-05,0.11947513812154696,Significant
Gas7,4.910939,2.3939857,9.064119245776539e-07,1.5616339303290828e-05,0.1111878453038674,Significant
Dstn,4.902036,1.272385,9.484846090301911e-07,1.6296820193961408e-05,0.18577348066298344,Significant
Bcl11b,4.8923383,2.6004446,9.964491880866775e-07,1.7069438393153883e-05,0.10497237569060773,Significant
Bicd1,4.8856277,1.7001528,1.030997540777691e-06,1.7640033344177433e-05,0.1388121546961326,Significant
Hook1,4.8403506,1.8128946,1.2961030934897242e-06,2.199088386364672e-05,0.12845303867403315,Significant
Soat1,4.8324733,2.322114,1.3484718272963174e-06,2.286579342408565e-05,0.10980662983425414,Significant
Nebl,4.8266563,2.859405,1.3884433333422768e-06,2.3515571637073937e-05,0.10013812154696132,Significant
Bcor,4.8155355,1.2074873,1.4680552251044073e-06,2.4768157799309644e-05,0.19958563535911603,Significant
Aktip,4.812532,1.3450451,1.4902993295666586e-06,2.5106252699661275e-05,0.1691988950276243,Significant
Dgkg,4.802462,2.420253,1.567264281119035e-06,2.6332722169135132e-05,0.106353591160221,Significant
9130230L23Rik,4.8004766,1.7664514,1.582886841108371e-06,2.6571686208594267e-05,0.13743093922651933,Significant
Acot11,4.7912917,2.926368,1.6571093657910902e-06,2.7742601374335657e-05,0.09944751381215469,Significant
Amot,4.7911844,1.8267407,1.6579981467986905e-06,2.7742601374335657e-05,0.12914364640883977,Significant
N4bp2,4.782223,1.2339157,1.73367139337037e-06,2.8957753831006817e-05,0.18370165745856354,Significant
Mcf2l,4.7801957,2.0734835,1.7512451556128005e-06,2.92427127289585e-05,0.11533149171270718,Significant
Ncald,4.779749,2.0754266,1.7551415163094406e-06,2.9299182961060055e-05,0.11533149171270718,Significant
Wdr72,4.7776475,2.1483796,1.7735808688196267e-06,2.958098074149337e-05,0.1111878453038674,Significant
Gm35041,4.7670064,2.3557203,1.8698328459855873e-06,3.110433890834511e-05,0.106353591160221,Significant
Npas3,4.758401,2.152022,1.9513241267186565e-06,3.2393687201016625e-05,0.11395027624309392,Significant
Dennd2b,4.749862,1.1131175,2.035555129257357e-06,3.3762465661241825e-05,0.20234806629834254,Significant
Pdzk1,4.7439294,1.4209411,2.096120623127272e-06,3.472656514445446e-05,0.14502762430939226,Significant
Nceh1,4.738576,2.3083167,2.1522557203466944e-06,3.562546307333172e-05,0.10842541436464088,Significant
Mtcl1,4.727918,2.5855424,2.2683334823292515e-06,3.743802226588693e-05,0.10151933701657459,Significant
Dcbld1,4.727066,1.4287387,2.2778713049224967e-06,3.758454650060617e-05,0.15469613259668508,Significant
Itpkb,4.7116427,2.2182772,2.45727972840534e-06,4.0462685082454734e-05,0.11049723756906077,Significant
Arhgef26,4.681739,2.0710843,2.8445137906687925e-06,4.660991647610697e-05,0.11395027624309392,Significant
Atg4c,4.6779823,1.0039581,2.8971123053780078e-06,4.7430842950123384e-05,0.22306629834254144,Significant
Pdgfd,4.6701465,1.8171887,3.009847247765288e-06,4.920577437123263e-05,0.13604972375690608,Significant
Gm43305,4.652125,2.0441322,3.2853164371364125e-06,5.3448343784852705e-05,0.1132596685082873,Significant
Hoxb9,4.6154118,2.5361958,3.923167775395258e-06,6.303304071636044e-05,0.10013812154696132,Significant
Rpgr,4.5971665,1.4780428,4.2827489502483064e-06,6.848188935020748e-05,0.15607734806629833,Significant
Elovl7,4.582637,2.2899873,4.591488441761082e-06,7.317210841374693e-05,0.1042817679558011,Significant
Bmp6,4.5760508,3.1566103,4.738361365552384e-06,7.534404761684397e-05,0.09185082872928177,Significant
Gm10732,4.5566883,2.688361,5.196640273583684e-06,8.224065976045819e-05,0.09668508287292818,Significant
Pde10a,4.5497546,1.9894958,5.370852005915015e-06,8.482245943490009e-05,0.11671270718232044,Significant
Dclk3,4.5493574,2.3935654,5.380998195780655e-06,8.494577717381377e-05,0.10290055248618785,Significant
Spin1,4.5380383,1.0433002,5.678001239772899e-06,8.938652712024016e-05,0.2078729281767956,Significant
Map3k14,4.5240626,1.0127167,6.066375377359692e-06,9.510613446096867e-05,0.21132596685082872,Significant
Pde4c,4.5177164,2.352368,6.251018663457338e-06,9.792001477742071e-05,0.10220994475138122,Significant
Wwp2,4.5057926,1.0706791,6.6125576158261715e-06,0.0001033275639963661,0.19820441988950277,Significant
Mfap3l,4.4606395,2.2194173,8.171541345029762e-06,0.0001263017740845113,0.1042817679558011,Significant
Xkr6,4.4543843,1.0158842,8.413433758571195e-06,0.0001298994933966384,0.21961325966850828,Significant
Mark1,4.41892,2.1563964,9.919526074917616e-06,0.0001517946074259296,0.10359116022099447,Significant
4933405D12Rik,4.4101744,1.5304165,1.0328749960538554e-05,0.0001577600191799962,0.14986187845303867,Significant
Myzap,4.409603,1.6316247,1.0356016885841687e-05,0.00015813407280684135,0.11947513812154696,Significant
Vav3,4.409504,1.7983803,1.0360765971437491e-05,0.0001581580349575561,0.11602209944751381,Significant
Npnt,4.368662,1.8518916,1.250102585766358e-05,0.00018851189442828966,0.11671270718232044,Significant
Ubash3b,4.3669987,2.4816363,1.259655812880962e-05,0.00018985193658352265,0.09737569060773481,Significant
Sall1,4.3548517,2.2234151,1.3315700936468583e-05,0.00020026659456509708,0.10082872928176796,Significant
Specc1,4.3521957,2.3361092,1.3478089021889097e-05,0.00020265536493144627,0.09806629834254144,Significant
Pear1,4.317261,2.6852078,1.5797712524561476e-05,0.00023572786919838967,0.09185082872928177,Significant
Prdm11,4.3099384,2.1426558,1.6329999140689796e-05,0.00024309711923399153,0.10290055248618785,Significant
Gm26555,4.308515,2.2639885,1.6435414137068237e-05,0.0002445385200885295,0.09944751381215469,Significant
Dock8,4.263461,1.4778408,2.0128437552768148e-05,0.0002965416203601995,0.1270718232044199,Significant
Gm11867,4.2611446,1.1123205,2.033826960712956e-05,0.0002994005712770332,0.18646408839779005,Significant
Ttll10,4.2478724,2.3408637,2.1581026249352497e-05,0.0003166310785015152,0.09530386740331492,Significant
Hpgd,4.2453074,1.583845,2.1829401634015404e-05,0.00032002779568549716,0.12914364640883977,Significant
Ezr,4.237339,1.6183726,2.2618439269848766e-05,0.00033108394613482226,0.12016574585635359,Significant
Enpp3,4.237215,2.8603916,2.263094164698834e-05,0.0003311818165821545,0.08770718232044199,Significant
4930511M06Rik,4.2208567,1.4041659,2.433757731779159e-05,0.00035566063518120965,0.1408839779005525,Significant
Entrep1,4.1988883,2.0981872,2.682288228541766e-05,0.00038972231186883567,0.10082872928176796,Significant
Prkch,4.1954875,2.4970212,2.7228550589989512e-05,0.00039501169404957775,0.09185082872928177,Significant
Tpst2,4.1947675,1.0061604,2.7315166933256604e-05,0.00039606644266528245,0.20234806629834254,Significant
Zfp992,4.1672716,2.3068566,3.082669623032049e-05,0.000444043235530149,0.09599447513812155,Significant
Slc25a30,4.1624146,1.4661971,3.148998367606967e-05,0.0004529101188429106,0.13259668508287292,Significant
Golm2,4.156234,1.8430805,3.235368693559623e-05,0.0004647455317355663,0.106353591160221,Significant
Gm29904,4.122888,2.4907517,3.7415166149880956e-05,0.0005318929670428924,0.09046961325966851,Significant
Bend7,4.1228547,1.7249417,3.742054452808745e-05,0.0005318929670428924,0.1111878453038674,Significant
Dcdc5,4.1109314,3.0963893,3.940660681407276e-05,0.0005592850445164799,0.08287292817679558,Significant
Lama5,4.0898566,1.7988183,4.316397915768903e-05,0.0006103303047474475,0.106353591160221,Significant
Mgam,4.075989,2.6210208,4.581921469048138e-05,0.0006451513114962167,0.08632596685082873,Significant
Col4a5,4.073722,1.8690987,4.626777167760127e-05,0.000650662678956358,0.106353591160221,Significant
Camk2n1,4.0725718,1.9438025,4.649691327753132e-05,0.0006534009720967203,0.10151933701657459,Significant
Mkx,4.063081,2.3900068,4.8429250467985944e-05,0.0006795490268352853,0.09116022099447514,Significant
Foxred2,4.058141,2.4160025,4.9464895040656403e-05,0.0006927153439522913,0.09046961325966851,Significant
Tpm1,4.051,1.4207091,5.0999154262900594e-05,0.0007133242060633316,0.12914364640883977,Significant
Mthfd1l,4.047492,2.1671128,5.176937060002628e-05,0.000723741647762361,0.09461325966850828,Significant
Clic5,4.046805,2.4804316,5.1921428641734655e-05,0.0007256892656575878,0.08908839779005524,Significant
Cacna1h,4.043917,2.0834968,5.256544902686709e-05,0.0007345102412365249,0.09599447513812155,Significant
Gm52981,4.043479,2.2439551,5.266391113743539e-05,0.0007357055358382503,0.09185082872928177,Significant
Itgb6,4.0421467,2.7527752,5.2964085946186653e-05,0.0007395360514619455,0.08425414364640885,Significant
Tc2n,4.024671,2.5171826,5.705497707151629e-05,0.000792575615864652,0.08770718232044199,Significant
Eml6,4.001511,1.5876281,6.293920900760792e-05,0.0008709165249337066,0.1180939226519337,Significant
Ccbe1,3.9879248,1.0384175,6.665380983847888e-05,0.0009198581158538114,0.17679558011049723,Significant
Adcy2,3.9782107,2.0505357,6.94358602096825e-05,0.0009561662191534538,0.09806629834254144,Significant
Dennd2a,3.9630601,1.0234238,7.399510823282931e-05,0.0010152663753941046,0.18162983425414364,Significant
Ccdc162,3.952618,2.223682,7.730080160578186e-05,0.0010568031078595018,0.09530386740331492,Significant
Plxnb1,3.9362926,2.1116166,8.275006314310425e-05,0.0011253573788945544,0.09116022099447514,Significant
Unk,3.9265869,1.1881819,8.615981398290506e-05,0.001169772524559036,0.1643646408839779,Significant
Ckb,3.9259331,1.3015374,8.639416416613557e-05,0.001172674636897241,0.13466850828729282,Significant
Cnn3,3.9243526,2.1574807,8.696324841671592e-05,0.0011801178093651624,0.0925414364640884,Significant
Trim37,3.90859,1.0715238,9.283635340629397e-05,0.0012556282183628943,0.17403314917127072,Significant
Plet1,3.9053795,1.9815148,9.407760232808865e-05,0.0012709069404896077,0.09599447513812155,Significant
Frmd4a,3.8982139,1.7036924,9.69047775074035e-05,0.0013069291653361114,0.106353591160221,Significant
Pdgfb,3.8934314,2.9293282,9.883617136978856e-05,0.0013295134500276708,0.07941988950276244,Significant
Xrcc5,3.858861,1.336107,0.00011391668080901958,0.001522302211205441,0.13812154696132597,Significant
Cldn2,3.8509674,2.2475073,0.00011765221085383112,0.0015685400464125491,0.08839779005524862,Significant
Myo10,3.8377779,1.14368,0.00012415267125824193,0.0016482576950607494,0.15676795580110497,Significant
Ccnd1,3.8295035,2.2542253,0.00012840201820125545,0.0017022908773917781,0.08977900552486189,Significant
Plod2,3.8258297,1.8072566,0.00013033234225871514,0.0017262744593053033,0.10359116022099447,Significant
Plxdc1,3.811631,3.274779,0.00013805289810572103,0.0018221766506810065,0.07527624309392265,Significant
Rab20,3.8104973,2.3501523,0.000138687503706102,0.0018301286555108122,0.08632596685082873,Significant
Grid1,3.8020327,4.289875,0.000143513803598454,0.0018894380325316924,0.07113259668508287,Significant
Lama1,3.7990372,1.0596535,0.00014525921066452542,0.001910650199687859,0.1664364640883978,Significant
Keg1,3.7932785,2.3681817,0.00014867132679265198,0.0019519239148951802,0.08425414364640885,Significant
Gm56878,3.7915738,1.773223,0.00014969561872757518,0.00196446605807026,0.10773480662983426,Significant
Prkg1,3.7901094,1.6809322,0.00015058101738192676,0.001974719878107852,0.10773480662983426,Significant
Gm54867,3.7828195,2.4731872,0.00015506182107573056,0.002029741414683488,0.08770718232044199,Significant
Gm6999,3.7711196,3.667256,0.0001625167512568832,0.002122868764224465,0.07251381215469613,Significant
Gm8439,3.7548192,2.7004743,0.00017346672496342506,0.002252535641081502,0.07941988950276244,Significant
Cdcp1,3.7461393,2.0666256,0.00017957691743565103,0.0023255149546744154,0.08839779005524862,Significant
Ppat,3.7358046,1.3877697,0.00018711594009061631,0.0024165499534361044,0.1277624309392265,Significant
Gm26901,3.7214236,2.22692,0.00019810270577232008,0.0025538071472451162,0.08977900552486189,Significant
Sh3yl1,3.7193468,1.5926871,0.00019973860655501406,0.0025737307073657066,0.10773480662983426,Significant
Ano9,3.7105677,2.119632,0.00020679494346349987,0.002658038572405225,0.08632596685082873,Significant
Erbb3,3.708011,2.1221807,0.00020889361109410347,0.002684407833290306,0.08770718232044199,Significant
Cxadr,3.7003489,1.6668605,0.00021530324760801105,0.0027586818681475597,0.10359116022099447,Significant
Tfpi2,3.6965759,2.2770307,0.00021852704565791152,0.0027980995068151875,0.08494475138121547,Significant
Usp54,3.6837423,1.152061,0.00022983466401873496,0.0029349664956023294,0.15400552486187846,Significant
Sema4d,3.6808627,2.0662992,0.00023244610637052456,0.002966318633537436,0.08977900552486189,Significant
Sfmbt2,3.6579013,2.4276998,0.0002542888586571252,0.0032298598931062607,0.08080110497237569,Significant
Npl,3.6562796,2.0678866,0.0002559022402149631,0.003246835911421917,0.09116022099447514,Significant
Cd200,3.6476743,1.72939,0.0002646248462418585,0.0033484451933017034,0.09668508287292818,Significant
Spsb1,3.641849,1.4121466,0.0002706867483035539,0.0034205890224484384,0.13259668508287292,Significant
Rgs12,3.634336,1.7661564,0.0002786975132554487,0.0035147984722654502,0.10013812154696132,Significant
Ikzf4,3.6216347,2.3062928,0.0002927472008767992,0.003681386564736268,0.08218232044198895,Significant
Tbc1d30,3.6140637,1.9264284,0.0003014348985563691,0.0037852694585311752,0.08908839779005524,Significant
Mpzl1,3.6008744,1.8603806,0.00031714877369414603,0.003971578694285984,0.09392265193370165,Significant
Tbcel,3.593146,1.1943165,0.00032670923928141153,0.004088604570092935,0.1464088397790055,Significant
Calml4,3.5838044,1.5276982,0.0003386257529793288,0.004228440570262272,0.1042817679558011,Significant
Fgf12,3.5753562,2.5772412,0.0003497513344010363,0.004359717760974038,0.07803867403314917,Significant
Cdkl4,3.5717156,2.4109397,0.00035465054269503423,0.004415953761556515,0.0787292817679558,Significant
Niban2,3.5696468,1.7315804,0.00035746270180402967,0.004445991857264648,0.10290055248618785,Significant
Aoah,3.5636728,2.0324945,0.0003657017346640603,0.004536693349347769,0.08494475138121547,Significant
Hoxb5,3.5622828,2.049402,0.00036764414826032636,0.004557810896166175,0.09046961325966851,Significant
Fbp1,3.5474799,2.225457,0.0003889354688973645,0.004801902544337561,0.0787292817679558,Significant
Dsg2,3.537501,2.3693118,0.0004039326879485262,0.004974120065847108,0.07803867403314917,Significant
Them7,3.5361357,2.6076808,0.00040602605975400484,0.00499557689465272,0.07458563535911603,Significant
Atg4a,3.5339596,1.1688455,0.0004093837292631645,0.005032538628664475,0.1526243093922652,Significant
4930426D05Rik,3.5292017,1.2197616,0.0004168151834725268,0.005116161535268194,0.12016574585635359,Significant
Myo5c,3.5260742,1.9706129,0.00042176898806673964,0.005173620842203408,0.08701657458563536,Significant
Gm49948,3.5243778,3.064348,0.0004244785150006249,0.005205735757624505,0.07044198895027624,Significant
Gm49980,3.5077298,3.1484883,0.00045194784910235956,0.005514112379630909,0.0718232044198895,Significant
Nexmif,3.4903536,2.1401944,0.0004823818174377371,0.005859066353822993,0.08218232044198895,Significant
BC034090,3.473325,1.731955,0.000514052570154218,0.006218539918663974,0.09323204419889503,Significant
Rab6b,3.4623945,1.9198364,0.0005353917615648308,0.006456108067611824,0.09185082872928177,Significant
Zfp804b,3.4601605,5.707825,0.0005398536634483157,0.006503626284276223,0.06146408839779006,Significant
P3h2,3.4509015,2.9949307,0.0005587176484803248,0.006716052696246185,0.0718232044198895,Significant
Pde9a,3.4495776,2.6416914,0.0005614645407271547,0.006746223341115197,0.0738950276243094,Significant
Myo7b,3.4475338,1.798003,0.0005657297618128789,0.006794604169455207,0.08839779005524862,Significant
Rspo1,3.441543,1.3640227,0.0005784063509641965,0.006933691795842591,0.106353591160221,Significant
Bcat1,3.4325488,2.336752,0.0005979361715335205,0.0071587644119617735,0.07665745856353591,Significant
Nt5e,3.400196,1.0464422,0.0006733755471042564,0.008008077908868727,0.1484806629834254,Significant
Col16a1,3.3779545,2.0305185,0.0007302715366831208,0.008639599328957736,0.08287292817679558,Significant
Hlf,3.3696387,1.5358204,0.0007526677629912811,0.008887941744605254,0.10082872928176796,Significant
Nme5,3.3691506,2.610632,0.000754002185922456,0.008901853300562007,0.07251381215469613,Significant
Rab11fip4,3.3651788,2.3819218,0.0007649404309023222,0.009017712740578351,0.0738950276243094,Significant
Aqp9,3.3650713,1.8334442,0.0007652387139332902,0.009017712740578351,0.0835635359116022,Significant
Gcnt2,3.3602889,1.1093565,0.0007786104984748548,0.009160095122656343,0.14433701657458564,Significant
Nhsl1,3.3597343,2.5140922,0.0007801744655897452,0.009176598687284791,0.0738950276243094,Significant
Gna14,3.3549848,3.011897,0.0007936932334992584,0.009314444849274787,0.06837016574585636,Significant
Ush1c,3.3493419,2.419646,0.0008100381264681082,0.009488660966718895,0.0738950276243094,Significant
Cttnbp2nl,3.3452957,1.1474261,0.0008219492177571338,0.009612366072768322,0.1319060773480663,Significant
Ephx1,3.3408687,1.6544714,0.0008351667940679655,0.00974892013551128,0.0925414364640884,Significant
Wipf3,3.3332813,2.8374064,0.0008582814925744585,0.00999619686411991,0.06906077348066299,Significant
Ptgfrn,3.331767,2.1450047,0.0008629647804499373,0.01004457840629597,0.07941988950276244,Significant
Sh3tc2,3.3268933,2.5789099,0.0008781996693514114,0.010207300953773977,0.07251381215469613,Significant
Hs6st1,3.3200421,1.4376916,0.0009000384084214446,0.0104355705587305,0.11187845303867404,Significant
Fmo2,3.3199594,1.4962533,0.000900305211089643,0.010436538889384235,0.10151933701657459,Significant
Kcnq5,3.3100302,2.509506,0.0009328590137833731,0.010780987437353165,0.07527624309392265,Significant
Ulk4,3.2861505,1.4982823,0.0010156677295071678,0.01167874317162109,0.10704419889502763,Significant
Dapp1,3.2762046,2.0761645,0.0010521231897890726,0.012064176773028233,0.07941988950276244,Significant
Cyp7b1,3.271786,2.7096293,0.0010687041118548168,0.012241617548405779,0.06975138121546962,Significant
Pde3a,3.2669373,1.8805673,0.001087177627227814,0.01243821202973256,0.08701657458563536,Significant
Il13ra1,3.2541285,2.248242,0.0011374079626246835,0.012963400080026442,0.07320441988950276,Significant
Gm45083,3.2519276,2.4483538,0.0011462522712115423,0.013058973704493083,0.07044198895027624,Significant
Tex9,3.2475257,2.038621,0.0011641318901901706,0.013254715848693963,0.08080110497237569,Significant
Shtn1,3.242594,2.0843346,0.0011844683501992955,0.013456666466220688,0.07665745856353591,Significant
Ralgps2,3.2373233,1.9771645,0.0012065663298739147,0.013680424808711783,0.08149171270718232,Significant
Tbc1d8b,3.2236128,1.6075778,0.0012658449033202453,0.014335416595059287,0.09461325966850828,Significant
Ppil6,3.2192852,1.4668219,0.001285106126356905,0.014536199432039836,0.09530386740331492,Significant
Stard10,3.2124836,1.7441052,0.001315926435054493,0.01483471929092019,0.08632596685082873,Significant
Mcoln3,3.1927493,2.361121,0.0014092525751629654,0.015830390783656424,0.07044198895027624,Significant
Lonrf3,3.184086,1.5547351,0.0014521186660568866,0.016279797000186096,0.09530386740331492,Significant
Sgpp1,3.1781037,1.1798811,0.001482417597092531,0.016583563928496227,0.11671270718232044,Significant
Gabrb1,3.1748352,1.6349659,0.001499215977523417,0.016761605532330824,0.09046961325966851,Significant
Snx8,3.171476,1.1799151,0.0015166647806752998,0.01694005674312127,0.13328729281767956,Significant
Epha4,3.155349,2.3374496,0.0016030616775455698,0.017852520043247073,0.07113259668508287,Significant
Gm12860,3.1380475,1.932648,0.0017007737883276803,0.018848532557642357,0.07734806629834254,Significant
0610005C13Rik,3.1371207,1.0388294,0.0017061589866655506,0.018897179315254448,0.13397790055248618,Significant
ENSMUSG00000121456,3.1358216,1.5033716,0.0017137342838889913,0.018966325337011283,0.10290055248618785,Significant
Tfec,3.1278782,2.3196015,0.001760731402877703,0.019444394480585284,0.06975138121546962,Significant
Itgb8,3.1165755,2.5123646,0.0018296489108639048,0.020162964705535438,0.06837016574585636,Significant
Nipal2,3.1141841,2.466261,0.001844543604062609,0.02030745501912781,0.06837016574585636,Significant
Stard4,3.1024015,2.3506043,0.0019195748773520494,0.02105615740537527,0.06906077348066299,Significant
Gm15264,3.1002088,2.715603,0.0019338434126945977,0.021200419284220846,0.0649171270718232,Significant
Rimklb,3.0960302,2.4408312,0.0019613043481530937,0.021468402708224782,0.06698895027624309,Significant
Dgkz,3.074856,1.2805196,0.002106042061992563,0.022933666294113315,0.10773480662983426,Significant
Rec8,3.066772,2.2126508,0.0021638387846012914,0.02351806532429512,0.07044198895027624,Significant
Fbp2,3.0657542,2.4261515,0.0021712172952544715,0.02359375649028337,0.06698895027624309,Significant
Arhgef33,3.0621963,2.689865,0.0021971937177696736,0.02384872426296664,0.06698895027624309,Significant
Tmem132c,3.0603013,2.8057072,0.0022111436248279342,0.02397728606766852,0.06353591160220995,Significant
Slc15a2,3.0597386,1.6445891,0.0022153015581048807,0.024017800079979057,0.08701657458563536,Significant
Slc38a1,3.0517623,1.8868064,0.002275022312108684,0.024637133030388093,0.07665745856353591,Significant
Myo7a,3.0420399,1.8982279,0.0023498078692225145,0.025384255337013696,0.07665745856353591,Significant
Igfn1,3.0410137,2.3668425,0.0023578300546718703,0.025446778078671527,0.06698895027624309,Significant
Magi2,3.022951,1.348157,0.0025032288031321312,0.026908882627741493,0.11464088397790055,Significant
Slc6a20b,3.0162404,1.6913041,0.0025593030224665128,0.027496089321182207,0.08701657458563536,Significant
Gm16201,3.0157108,2.5916839,0.002563776654207652,0.027538956134170515,0.06767955801104972,Significant
Tmem51,3.014213,1.8147341,0.0025764673824765685,0.027659620894720644,0.07665745856353591,Significant
Prtg,2.9964232,2.4347682,0.0027316700887255224,0.02917727002853498,0.06560773480662983,Significant
Gm14344,2.9682324,2.782978,0.0029951773251837986,0.0317772297509392,0.062154696132596686,Significant
Cfap47,2.955672,2.2098665,0.003119887363066074,0.03303877744845552,0.07113259668508287,Significant
Tusc3,2.9553492,1.0542177,0.0031231528599344385,0.03305491579879682,0.12638121546961326,Significant
Impa1,2.9337282,1.026375,0.0033491723063458663,0.035185464999195566,0.13466850828729282,Significant
Itpr3,2.931213,1.4998095,0.0033764129325358767,0.035406322061054395,0.0835635359116022,Significant
B930095G15Rik,2.9277956,1.6469916,0.0034137439824325467,0.03577143837020457,0.08494475138121547,Significant
Ccdc68,2.9249408,2.1808302,0.003445216134405817,0.03608130437910642,0.06629834254143646,Significant
As3mt,2.9223263,2.0048041,0.0034742742964853197,0.036365561161060767,0.07113259668508287,Significant
Rph3al,2.9167576,2.0858462,0.003536905542500569,0.03697845629498363,0.06906077348066299,Significant
Gm39770,2.910105,2.11997,0.0036130737286105274,0.037742071396223084,0.06906077348066299,Significant
Mfsd4b1,2.9075646,1.6340016,0.0036425492848772855,0.038008136124280285,0.08494475138121547,Significant
Ston2,2.8974369,1.8416559,0.0037622539220900004,0.03909242711272386,0.07527624309392265,Significant
Tlcd4,2.893068,1.4767983,0.0038149863388747896,0.039611440029516665,0.08770718232044199,Significant
Srd5a2,2.8904781,1.7260206,0.003846562457359091,0.03991746179779187,0.07665745856353591,Significant
Iyd,2.8900645,1.8279853,0.003851628503367837,0.0399627512044949,0.0738950276243094,Significant
Gm32569,2.8875573,1.7625791,0.0038824586274851256,0.04026485826339015,0.0835635359116022,Significant
Nek5,2.8778183,2.6671948,0.004004356072843409,0.04139652126793329,0.060082872928176795,Significant
B130024G19Rik,2.873342,1.4281961,0.004061542490220892,0.04195723710734176,0.09461325966850828,Significant
Cutal,2.862908,2.0533233,0.004197724791731499,0.0432385396827032,0.06837016574585636,Significant
Prkcz,2.859234,1.4770205,0.00424665214070379,0.04368719413619051,0.08770718232044199,Significant
Sytl4,2.857538,1.5399572,0.004269416525101784,0.04390551677005972,0.08494475138121547,Significant
Sinhcaf,2.8545096,2.0513847,0.004310334609491561,0.04426235581588079,0.06906077348066299,Significant
Lcp1,2.8490152,1.7681971,0.0043854772723204245,0.044969108835439815,0.07803867403314917,Significant
Nrap,2.8446796,2.8513942,0.004445612683648784,0.04553654107207149,0.05939226519337017,Significant
Gm38563,2.8417091,2.196754,0.00448724263383646,0.045913402122782,0.06698895027624309,Significant
Haao,2.8403106,1.945836,0.004506962026445197,0.046082047898692045,0.06975138121546962,Significant
1600022D10Rik,2.8361073,3.3271036,0.004566710478860122,0.04666306719908739,0.055248618784530384,Significant
Emx2,2.83245,1.4921749,0.004619279017421446,0.047162697961447834,0.08080110497237569,Significant
Arsg,2.828801,1.3801516,0.004672274152028534,0.04766720791256261,0.09461325966850828,Significant
Slc22a1,2.8235717,2.640439,0.004749181741220378,0.04837623569352944,0.060082872928176795,Significant
Tpd52l1,2.821503,1.8028024,0.004779918996807895,0.048652095821953054,0.07320441988950276,Significant
Erich2,2.8184414,2.6896071,0.004825740601194819,0.049077066542710164,0.05939226519337017,Significant
Nudt18,-2.8118966,-3.4631479,0.004925035466427608,0.04997976198429057,0.003453038674033149,Significant
Mical2,-2.813394,-1.3970096,0.004902152733171088,0.049791915586781116,0.018646408839779006,Significant
Psmd6,-2.8138576,-1.2764777,0.004895092497874514,0.04972907438384884,0.023480662983425413,Significant
Ift20,-2.815777,-1.3843427,0.004865940836966307,0.04944174468195905,0.022790055248618785,Significant
Man2b1,-2.8167121,-1.0997509,0.0048517989254541006,0.04931565201968618,0.028314917127071824,Significant
Dysf,-2.8197322,-2.4101503,0.004806372978225193,0.04889756722407017,0.008287292817679558,Significant
Gm34280,-2.8214617,-4.1279454,0.004780535574082425,0.048652095821953054,0.0027624309392265192,Significant
2510039O18Rik,-2.8221235,-1.4202048,0.004770678969902867,0.0485691455793383,0.020027624309392266,Significant
Lamtor2,-2.8244405,-2.1146264,0.004736325526588666,0.048253911578007735,0.011740331491712707,Significant
Tm2d3,-2.824639,-1.9716953,0.004733391389831883,0.048232648376595785,0.013121546961325966,Significant
1700064N11Rik,-2.8255491,-4.2588153,0.004719964303640344,0.048113048230144076,0.0020718232044198894,Significant
Gm9828,-2.8270054,-3.062437,0.004698552666212887,0.04790336389737296,0.004834254143646409,Significant
Gm26631,-2.827717,-4.3613405,0.004688122175665706,0.04781414379447984,0.0013812154696132596,Significant
Gm16091,-2.8301995,-1.3801005,0.004651900645843276,0.04748724895571208,0.021408839779005526,Significant
Use1,-2.8328223,-2.2056887,0.004613902072299099,0.047116247829767394,0.010359116022099447,Significant
Ngrn,-2.8346841,-1.5611306,0.004587102270647693,0.04685938112539474,0.019337016574585635,Significant
C1qa,-2.8360825,-3.5599174,0.004567065444943257,0.04666306719908739,0.004143646408839779,Significant
Abcc10,-2.8405092,-2.2922332,0.004504156864651108,0.046061637218049345,0.009668508287292817,Significant
Mcrip2,-2.841254,-4.9874053,0.004493651590304997,0.045967230852025365,0.0013812154696132596,Significant
Cacna1a,-2.8440754,-2.4038486,0.004454049369442772,0.04561475272400016,0.009668508287292817,Significant
Mrpl4,-2.84506,-2.069075,0.004440303856347457,0.045490345787024204,0.011740331491712707,Significant
Cebpz,-2.8479562,-1.036099,0.004400098388781161,0.04509467285017784,0.03038674033149171,Significant
Ndufc1,-2.8482707,-2.3455112,0.004395753140215366,0.0450582501452751,0.007596685082872928,Significant
Pfkfb4,-2.8486347,-1.5971481,0.004390726659045529,0.04501483015713206,0.016574585635359115,Significant
4930473A02Rik,-2.8514977,-3.4868457,0.004351381442027914,0.0446355630860226,0.0027624309392265192,Significant
Tmem79,-2.852747,-3.8415854,0.0043343109536996,0.044484498921162394,0.003453038674033149,Significant
Mus81,-2.8531358,-4.9934525,0.004329010026219703,0.044438103461866975,0.0013812154696132596,Significant
Cyp2d22,-2.8539717,-1.0182289,0.0043176385535040095,0.04432936474487411,0.031077348066298343,Significant
Gm49961,-2.8547578,-3.6672688,0.004306967338455036,0.04423575527037666,0.0027624309392265192,Significant
Rhobtb2,-2.8556762,-1.7222466,0.004294529164526834,0.04411596340561473,0.015883977900552487,Significant
1810062O18Rik,-2.8559988,-2.177698,0.004290166733689303,0.044079102126128214,0.011049723756906077,Significant
0610009B22Rik,-2.8559988,-2.9608238,0.004290166733689303,0.044079102126128214,0.006215469613259668,Significant
Zscan12,-2.856396,-1.6666901,0.004284803104502126,0.04403988692661653,0.016574585635359115,Significant
Mlkl,-2.8569918,-2.4042053,0.004276769061548557,0.0439652477222669,0.008977900552486187,Significant
Elob,-2.857182,-2.3807557,0.0042742055115068045,0.043946828463472185,0.008287292817679558,Significant
Map6,-2.8602602,-4.3046227,0.004232935953334627,0.043561830131723656,0.0020718232044198894,Significant
Lrp10,-2.8620558,-2.791803,0.004209029279426121,0.043331465593889486,0.006906077348066298,Significant
Stat2,-2.8620887,-1.0156779,0.004208589755322898,0.043331465593889486,0.029696132596685083,Significant
Lactb,-2.8621054,-1.2858815,0.004208370008883974,0.043331465593889486,0.022790055248618785,Significant
4932441J04Rik,-2.8643394,-4.8274827,0.004178799606702414,0.04306697346701216,0.0013812154696132596,Significant
Gm17178,-2.8644056,-2.4830563,0.004177926329058716,0.0430657681214577,0.008287292817679558,Significant
B230307C23Rik,-2.864571,-1.2628531,0.004175743859239709,0.043051064835952974,0.024171270718232045,Significant
Iscu,-2.8650014,-3.2766356,0.004170074277421079,0.04300039830326579,0.004143646408839779,Significant
Polr2c,-2.8670368,-2.9388463,0.00414334734753663,0.04273253782214875,0.006215469613259668,Significant
Pdia4,-2.8706694,-1.107608,0.004096037614878128,0.042275236148047034,0.027624309392265192,Significant
Lctl,-2.8708432,-2.690636,0.004093786842230652,0.04225966580555757,0.006215469613259668,Significant
Cct5,-2.8713396,-1.5987878,0.004087362246774974,0.04220099613664802,0.020027624309392266,Significant
Exosc1,-2.8784306,-1.1993924,0.003996590994890604,0.04133125460226406,0.025552486187845305,Significant
Jmjd6,-2.8800607,-1.4766719,0.003975985695234042,0.041125631511775035,0.022790055248618785,Significant
Mir670hg,-2.8828905,-1.2142644,0.003940443026727135,0.04080988839302834,0.024171270718232045,Significant
Manbal,-2.8834283,-1.0410585,0.00393372056280583,0.04075509144227197,0.03038674033149171,Significant
Coq6,-2.8839662,-2.1875458,0.003927008516044685,0.04070036256135792,0.009668508287292817,Significant
4930481A15Rik,-2.8868375,-1.1393969,0.003891352171462083,0.04034549963496403,0.027624309392265192,Significant
Ccdc71l,-2.8875241,-1.766813,0.00388286712077897,0.04026485826339015,0.013812154696132596,Significant
Nacc1,-2.8899486,-1.8014355,0.003853048082099832,0.039970196910702596,0.015883977900552487,Significant
Degs1,-2.8921082,-1.204933,0.003826661097338697,0.039718175272249856,0.026933701657458564,Significant
4930599N23Rik,-2.8932831,-2.2857413,0.0038123740267992866,0.03959153555717275,0.009668508287292817,Significant
Gm39214,-2.8967583,-3.575098,0.003770399731734902,0.03916991992788124,0.004143646408839779,Significant
Rnf7,-2.8974783,-1.5184113,0.0037617577441503374,0.03909242711272386,0.020027624309392266,Significant
Ecsit,-2.8975694,-1.1292232,0.003760666362027297,0.03909019775834179,0.028314917127071824,Significant
6230400D17Rik,-2.89771,-1.877857,0.00375898024661388,0.03907980540851578,0.011740331491712707,Significant
Gm14399,-2.898165,-1.5600317,0.003753529873735349,0.039030267447108205,0.017265193370165747,Significant
Cpa3,-2.8994725,-26.030134,0.0037379123714775357,0.038889177479317076,0.0,Significant
G6pdx,-2.9008708,-1.0170327,0.0037212729715475814,0.03873021463587842,0.0324585635359116,Significant
Ptpmt1,-2.9036262,-1.3282591,0.003688683363577207,0.03839804742329977,0.024861878453038673,Significant
Cyp20a1,-2.9039407,-1.4104697,0.003684980971981003,0.0383665206665881,0.021408839779005526,Significant
Cbr4,-2.9051156,-1.5347526,0.0036711756029415904,0.03825776171432963,0.020027624309392266,Significant
Scn1b,-2.9055293,-5.4964833,0.0036663257632411745,0.038221211146963696,0.0006906077348066298,Significant
Nde1,-2.9067373,-2.2071714,0.0036521975540910845,0.03808787196474367,0.011049723756906077,Significant
Slc25a38,-2.9089217,-1.4183404,0.0036267762897585526,0.037864369034679456,0.020718232044198894,Significant
Rbis,-2.9098651,-1.7204686,0.003615848757591686,0.03775720596112749,0.017955801104972375,Significant
Spata2,-2.9198275,-3.109833,0.0035022533417417862,0.03663148558635545,0.0055248618784530384,Significant
Inpp1,-2.9206216,-1.9530672,0.0034933371901894267,0.03654494083163258,0.012430939226519336,Significant
Gm7265,-2.9231536,-1.6564207,0.0034650546407148553,0.036275726474893286,0.016574585635359115,Significant
Hsbp1,-2.9248252,-2.1502786,0.003446498823493541,0.03608810031418641,0.010359116022099447,Significant
Tbc1d24,-2.9250815,-1.029392,0.003443659167546141,0.036078269854506864,0.03314917127071823,Significant
Ddit3,-2.929707,-1.8296462,0.003392817854089263,0.03555870447813303,0.015193370165745856,Significant
Fbxo46,-2.9308157,-1.650939,0.003380732478477453,0.03543856554804578,0.016574585635359115,Significant
Fam161a,-2.9310722,-1.7310843,0.0033779421966693662,0.03541583624020445,0.015883977900552487,Significant
4933433G15Rik,-2.9315934,-3.1408854,0.0033722780838336673,0.03536947621506223,0.004834254143646409,Significant
Ptcd1,-2.9323382,-2.4992447,0.003364201495010392,0.03529126700946697,0.008287292817679558,Significant
Gnl3,-2.932363,-1.1111331,0.003363932578984942,0.03529126700946697,0.03038674033149171,Significant
Rex1bd,-2.9327106,-4.462306,0.0033601698093039013,0.03526196629406072,0.0020718232044198894,Significant
Gps2,-2.9328182,-1.8628169,0.0033590059194734366,0.035256249965112806,0.012430939226519336,Significant
Pip4p1,-2.9328842,-1.7571907,0.0033582898620576613,0.03525523286051351,0.015193370165745856,Significant
Kat2a,-2.9332318,-3.4471457,0.003354532840596415,0.0352222855387056,0.003453038674033149,Significant
Pfkl,-2.933298,-1.0492423,0.003353817651561198,0.03522127091433902,0.031767955801104975,Significant
9330160F10Rik,-2.9337697,-2.550302,0.003348725947464021,0.035185464999195566,0.008287292817679558,Significant
Egln2,-2.9341834,-1.7925621,0.003344265337243201,0.035146883087479715,0.014502762430939226,Significant
Ttpal,-2.9343488,-2.3358567,0.0033424826087186436,0.035134632125355045,0.009668508287292817,Significant
Ndufs7,-2.939082,-1.7536305,0.003291861470044673,0.034634494450445995,0.014502762430939226,Significant
Zc3h12a,-2.9398513,-2.937979,0.0032836974274437153,0.03455498340714703,0.006215469613259668,Significant
Gm37589,-2.9400914,-1.783088,0.003281155425733176,0.0345410003876267,0.015883977900552487,Significant
Acadvl,-2.9407449,-4.182674,0.003274239752909044,0.034480947987866446,0.0027624309392265192,Significant
Pbx2,-2.941713,-1.336735,0.0032640219475221634,0.03437970286974834,0.023480662983425413,Significant
Eif3b,-2.9436576,-1.1124605,0.003243586725730117,0.03418342990001825,0.0324585635359116,Significant
Gm56546,-2.9442036,-4.270182,0.0032378684757782077,0.03412948331715789,0.0020718232044198894,Significant
Gm7285,-2.9444437,-3.6283863,0.003235358817301005,0.03410934390222857,0.003453038674033149,Significant
Nop10,-2.9446423,-2.2302258,0.0032332831990841077,0.03409377382204596,0.008977900552486187,Significant
Ap2a1,-2.9473975,-1.1154172,0.0032046089345877066,0.03381646355529255,0.029005524861878452,Significant
Gm43809,-2.9474638,-1.5009921,0.0032039229228530263,0.03381646355529255,0.019337016574585635,Significant
Sox5os2,-2.9480429,-4.913292,0.003197926026436296,0.03377097660818048,0.0013812154696132596,Significant
Mks1,-2.9487133,-1.4655533,0.0031909995286226573,0.03371033472343279,0.020027624309392266,Significant
Rgs2,-2.9502523,-2.8535051,0.0031751459543467174,0.03356776564917498,0.006215469613259668,Significant
Tmem276,-2.9512038,-4.041891,0.0031653799616170623,0.03347073359228173,0.0027624309392265192,Significant
Pgls,-2.9546626,-1.3864008,0.003130112881958473,0.033122422897527856,0.023480662983425413,Significant
Cdk2ap2,-2.955432,-3.0388775,0.0031223152561178956,0.03305491579879682,0.004834254143646409,Significant
1700037C18Rik,-2.9589486,-2.8230326,0.003086905844960091,0.03270776064716646,0.006215469613259668,Significant
Nudcd2,-2.9616873,-1.5354452,0.0030595822354428023,0.03243635674331569,0.019337016574585635,Significant
Gm2a,-2.9660728,-2.2461078,0.003016290478566736,0.031989308277159345,0.009668508287292817,Significant
Ilk,-2.9664536,-2.1390533,0.003012559559429071,0.031955691854219585,0.011049723756906077,Significant
Lysmd3,-2.9694157,-1.3334419,0.0029836668371003047,0.03166100882805226,0.024861878453038673,Significant
Rer1,-2.9716747,-1.3223321,0.0029618042687601983,0.03143487360064761,0.022790055248618785,Significant
Nmnat1,-2.9718733,-2.3219924,0.0029598892918685045,0.03142040569878533,0.008977900552486187,Significant
Wdr38,-2.971931,-3.763715,0.0029593309697913766,0.031420336518905606,0.0027624309392265192,Significant
Abca2,-2.9743721,-2.0142295,0.0029358888615276576,0.031188889489598196,0.013812154696132596,Significant
Zfp770,-2.979287,-1.9072421,0.002889200171967678,0.030727296785956586,0.013812154696132596,Significant
Ebpl,-2.9804537,-1.8711591,0.002878217504057895,0.030616212011687016,0.014502762430939226,Significant
Lzic,-2.9814217,-1.1873225,0.0028691331733815845,0.030525282515979225,0.029005524861878452,Significant
Rrp36,-2.9841855,-1.4161384,0.0028433439552373848,0.03026221460844335,0.023480662983425413,Significant
Rpl15,-2.9864442,-3.0111036,0.0028224221340533086,0.03005077388465397,0.006215469613259668,Significant
Nat10,-2.9867918,-1.0913168,0.0028192158985176122,0.030025500575500918,0.031767955801104975,Significant
C920006O11Rik-1,-2.9882317,-2.5737286,0.0028059683236499743,0.029914742991378616,0.006906077348066298,Significant
Xrcc3,-2.9898782,-4.1688704,0.0027908870651533134,0.029759531905785546,0.0020718232044198894,Significant
Synj2,-2.9911938,-1.5575813,0.002778890460742435,0.02964271294963188,0.018646408839779006,Significant
Ccnk,-2.9917233,-1.0218313,0.0027740749477818552,0.029596889938476038,0.029696132596685083,Significant
Minpp1,-2.9920957,-1.0706397,0.0027706936052711816,0.02956635393136176,0.0324585635359116,Significant
Radil,-2.9954054,-3.1592696,0.00274080227366196,0.029258346881249658,0.0055248618784530384,Significant
Prdm9,-2.9963489,-1.1844411,0.0027323373535708653,0.029178923715243558,0.029005524861878452,Significant
Gm42413,-2.9988806,-5.2739606,0.002709733692974464,0.028953827399448108,0.0013812154696132596,Significant
Tmem126b,-3.0008087,-1.8417333,0.0026926371320711903,0.028776548599336645,0.014502762430939226,Significant
Bloc1s2,-3.0046396,-1.300896,0.0026589563487314496,0.02845932959645065,0.026243093922651933,Significant
Gm41077,-3.0075853,-1.7078824,0.0026333215926447303,0.02819555562369003,0.017265193370165747,Significant
Rps6kb2,-3.010837,-1.755163,0.0026052850538777514,0.027926870529528056,0.015883977900552487,Significant
Slc39a13,-3.0110772,-1.5543112,0.0026032270510320966,0.027910064302921974,0.017265193370165747,Significant
Lrrc59,-3.011739,-1.8725795,0.002597557504997553,0.02785452389681086,0.015883977900552487,Significant
Gm20517,-3.013121,-1.0889128,0.0025857586925293534,0.027733223904937637,0.03038674033149171,Significant
Dipk1b,-3.0135677,-5.8871975,0.0025819540052175265,0.027702853403258183,0.0006906077348066298,Significant
Prr3,-3.013791,-1.0638462,0.002580053581796493,0.02768768017359105,0.03038674033149171,Significant
Tmem147,-3.0139732,-3.0841672,0.0025785060344258306,0.0276762888041925,0.006215469613259668,Significant
Htr2b,-3.0148005,-4.3048253,0.0025714824201192987,0.027611310670189137,0.0020718232044198894,Significant
Zfp14,-3.0164306,-2.324793,0.0025576970556092735,0.027484021144262624,0.008977900552486187,Significant
1700108J01Rik,-3.022413,-4.1042237,0.0025076812596785893,0.026951656966281344,0.0027624309392265192,Significant
Etfrf1,-3.025491,-1.9320551,0.002482297090615206,0.026698994831265668,0.012430939226519336,Significant
Mrps18a,-3.0284038,-1.7719524,0.00245849435520126,0.026452971859318775,0.015883977900552487,Significant
Gm20416,-3.029198,-4.5259633,0.0024520390467280937,0.02638850035149204,0.0027624309392265192,Significant
Lrsam1,-3.0305054,-1.1033409,0.0024414484482934025,0.026289431939159346,0.03038674033149171,Significant
Gm10644,-3.0327394,-2.181916,0.0024234474333744848,0.026100533441228774,0.009668508287292817,Significant
2610507I01Rik,-3.0344937,-1.0386975,0.002409398529364535,0.02595413576627809,0.031767955801104975,Significant
Pde4a,-3.035685,-1.5805504,0.0023998984349761186,0.0258566919178761,0.017955801104972375,Significant
Slc46a3,-3.0382915,-1.8607587,0.0023792364079291764,0.02564863693750383,0.013812154696132596,Significant
Tgds,-3.0383246,-1.822259,0.002378975083339409,0.02564863693750383,0.015193370165745856,Significant
Soga1,-3.03897,-2.142573,0.002373884503194883,0.02560548541322596,0.011049723756906077,Significant
Actr1b,-3.0413613,-1.9811134,0.0023551100587115292,0.025422241109591126,0.013121546961325966,Significant
Jpt1,-3.0414193,-1.9058405,0.0023546570054797608,0.02542216999412648,0.014502762430939226,Significant
Ncbp2,-3.0419075,-1.8649852,0.002350841583677727,0.025390605200340186,0.015883977900552487,Significant
Gm17491,-3.0466652,-1.0732374,0.0023139527134542646,0.02502065732183807,0.029696132596685083,Significant
Neil2,-3.0473354,-2.3981624,0.0023087990103861826,0.024969672260284827,0.008977900552486187,Significant
Arl2,-3.0477905,-2.161999,0.00230530557756084,0.02493662706912838,0.011740331491712707,Significant
Gm11906,-3.0493379,-2.3004384,0.0022934640890605296,0.024817966304674192,0.009668508287292817,Significant
Ran,-3.049735,-2.821495,0.0022904335619874003,0.02478988356835669,0.006906077348066298,Significant
Ubxn1,-3.0513568,-1.6335223,0.002278096941376568,0.024665738341685336,0.018646408839779006,Significant
Klhl9,-3.0524905,-1.4355068,0.0022695100713813698,0.02458211393846806,0.021408839779005526,Significant
Gm26533,-3.0540543,-1.9594854,0.0022577126182017253,0.02446829352741234,0.015883977900552487,Significant
Gm56730,-3.060748,-1.3451031,0.002207846833036311,0.02394609647998487,0.022790055248618785,Significant
Mtres1,-3.0616832,-1.6372948,0.002200962563493124,0.02388052769204687,0.018646408839779006,Significant
Tspan15,-3.0632968,-1.3403018,0.0021891288823437157,0.023770249368713484,0.022790055248618785,Significant
Septin1,-3.065026,-1.4680793,0.0021765103757125223,0.023642250534804794,0.021408839779005526,Significant
Ankrd39,-3.0689979,-1.9664167,0.0021477820863680924,0.023348006830829618,0.013121546961325966,Significant
Ciao3,-3.0712318,-2.425497,0.002131775616656591,0.02317842951843478,0.008287292817679558,Significant
Gm28376,-3.075493,-4.386737,0.002101547680994985,0.022889102238625753,0.0020718232044198894,Significant
Cnpy2,-3.076635,-1.7172499,0.002093514819771118,0.022805974240020517,0.020027624309392266,Significant
Rad52,-3.0784883,-1.1010938,0.0020805359078941285,0.022677602437097925,0.03314917127071823,Significant
Slpi,-3.0803006,-2.967217,0.002067918097363133,0.0225487024860119,0.0055248618784530384,Significant
Atp5mpl,-3.0805984,-1.3253722,0.002065850667619903,0.022530473638181364,0.022790055248618785,Significant
Gm56774,-3.0814092,-5.138411,0.0020602322671751084,0.022473502974179663,0.0013812154696132596,Significant
Zbtb8os,-3.0829813,-1.7000378,0.002049379365435509,0.02236797210029966,0.017955801104972375,Significant
Tada3,-3.083602,-1.5597476,0.0020451097830989856,0.02232565110418699,0.017955801104972375,Significant
Mthfsd,-3.0892699,-2.2086637,0.002006490242117019,0.02191666235879247,0.010359116022099447,Significant
Gm17484,-3.0895927,-2.0896904,0.002004311733622551,0.021897067234113905,0.013812154696132596,Significant
Cd27,-3.0897994,-3.1763494,0.0020029163957781815,0.021886022355019276,0.004834254143646409,Significant
Ndufb7,-3.0927038,-1.9780146,0.001983419749341019,0.021685465427654947,0.013121546961325966,Significant
Rpl18a,-3.093854,-2.3401592,0.0019757471232432883,0.02160572631930019,0.011049723756906077,Significant
Gm43445,-3.0946317,-1.5907482,0.001970573893199254,0.021553293901778472,0.015883977900552487,Significant
Atf5,-3.0958896,-2.130623,0.001962234973533919,0.021474461200844685,0.011740331491712707,Significant
Pgs1,-3.1024015,-1.2122563,0.0019195748773520494,0.02105615740537527,0.025552486187845305,Significant
Gsk3a,-3.1035018,-1.7846857,0.0019124501829541234,0.020990136057746866,0.017265193370165747,Significant
Dkc1,-3.106944,-1.7164912,0.0018903219027798777,0.02076728139420973,0.017265193370165747,Significant
Zfp846,-3.109716,-1.5343747,0.0018726734630881549,0.020577363886858865,0.019337016574585635,Significant
Mrps15,-3.110651,-1.2446053,0.0018667546299433555,0.020520246213051083,0.026243093922651933,Significant
Erh,-3.1135387,-1.3223475,0.001848582673302982,0.020340124831023206,0.024861878453038673,Significant
Ikzf5,-3.1136627,-1.6962274,0.001847805298692169,0.02033550087221314,0.015883977900552487,Significant
Micos13,-3.1140518,-3.7242532,0.0018453714694402238,0.02031264195658144,0.003453038674033149,Significant
Wiz,-3.11478,-1.1201508,0.0018408224309803573,0.020270406119213408,0.03038674033149171,Significant
Lmf1,-3.1207952,-1.3050929,0.0018036334833688866,0.019887818392042556,0.028314917127071824,Significant
D530017H19Rik,-3.1212091,-2.395,0.0018011013366082582,0.019863744181253307,0.007596685082872928,Significant
Zfp646,-3.1221108,-1.5561421,0.0017955925778618774,0.019806826225500417,0.019337016574585635,Significant
Fam20c,-3.1252055,-1.6208986,0.0017768084819350094,0.019614821979422523,0.020718232044198894,Significant
Rps28,-3.1278286,-1.555375,0.0017610288252116804,0.019444394480585284,0.023480662983425413,Significant
H2-Q10,-3.1291854,-5.0769997,0.0017529158823779223,0.0193660813462323,0.0013812154696132596,Significant
2010004M13Rik,-3.1297317,-3.992098,0.0017496606260419846,0.019333868757511478,0.003453038674033149,Significant
Rps25,-3.1318665,-2.0990744,0.0017369887930820348,0.01920502502269595,0.013812154696132596,Significant
Il11ra1,-3.135416,-1.5795255,0.0017161048747834817,0.018988870515943692,0.022099447513812154,Significant
Ensa,-3.136773,-1.047771,0.0017081824760757653,0.018912233787717316,0.03867403314917127,Significant
2410004B18Rik,-3.1368806,-2.2546902,0.0017075559221855626,0.018908973505478047,0.010359116022099447,Significant
Ccdc28a,-3.1379812,-1.2724985,0.001701157926258689,0.018849121128448335,0.029696132596685083,Significant
Pvr,-3.142135,-1.7354894,0.001677207266221107,0.018598219853144315,0.018646408839779006,Significant
Rnf181,-3.142863,-1.6310326,0.0016730408396454413,0.01855773087963759,0.018646408839779006,Significant
Pomgnt1,-3.143285,-1.2825137,0.001670630566446819,0.018539733986366852,0.026243093922651933,Significant
Lrrc51,-3.1445262,-1.5984933,0.0016635600309333452,0.01847206936844298,0.020718232044198894,Significant
Os9,-3.1447744,-1.1704677,0.0016621492318942266,0.01846000378648121,0.03038674033149171,Significant
Slc25a35,-3.1474967,-4.427349,0.0016467495379132902,0.01829611032942842,0.0020718232044198894,Significant
E430021H15Rik,-3.1477036,-1.439981,0.001645584732330648,0.018286736971826586,0.023480662983425413,Significant
Sult1a1,-3.1477036,-2.2310553,0.001645584732330648,0.018286736971826586,0.011049723756906077,Significant
Acaa2,-3.1526847,-1.1892228,0.0016177641329056236,0.018009209675812144,0.027624309392265192,Significant
Mrpl52,-3.1646826,-1.5937475,0.0015525221538153894,0.01730999881738831,0.020027624309392266,Significant
Fahd1,-3.1664865,-3.5119028,0.0015429255872848153,0.017209740620094942,0.004143646408839779,Significant
Lztr1,-3.1673055,-1.190542,0.0015385855770247642,0.017164694620173806,0.031077348066298343,Significant
Mrps16,-3.169366,-3.1139667,0.001527719447600409,0.01705349403368259,0.004834254143646409,Significant
Ankrd13a,-3.1698954,-1.3213531,0.0015249379885946223,0.017025783138934585,0.024861878453038673,Significant
C2,-3.1704001,-3.1496806,0.0015222912528646093,0.016999565842197237,0.004834254143646409,Significant
C6,-3.1722124,-1.6927209,0.001512823864579317,0.01690047158583694,0.017955801104972375,Significant
C2cd2l,-3.1730232,-1.8449095,0.0015086049079683127,0.016856646794470898,0.017955801104972375,Significant
Pfn1,-3.1739748,-1.2198356,0.0015036679150347274,0.016804780127574567,0.029005524861878452,Significant
Hbb-bs,-3.1770115,-5.0344357,0.001488011841015105,0.016639607666779476,0.0013812154696132596,Significant
Cdkn2aip,-3.1780126,-1.6712817,0.0014828830428521593,0.016585512343949085,0.018646408839779006,Significant
Angptl8,-3.1786,-5.3986654,0.0014798811708391902,0.01655844247371867,0.0013812154696132596,Significant
Ptdss2,-3.1798413,-1.6660029,0.0014735575904310544,0.016497413046939576,0.018646408839779006,Significant
Idh3g,-3.181099,-1.6413485,0.0014671751035407183,0.01643565169598899,0.017265193370165747,Significant
Gm9968,-3.186651,-1.9098383,0.0014393031042671271,0.01615068690001152,0.016574585635359115,Significant
Mrpl27,-3.1911356,-2.3891568,0.0014171467392412893,0.015915927510678156,0.008977900552486187,Significant
Ccdc73,-3.1930223,-2.861764,0.0014079206578916671,0.015818549759473048,0.006906077348066298,Significant
2300009A05Rik,-3.1974657,-1.5893226,0.0013864092087664055,0.01558608623027994,0.020718232044198894,Significant
Zfand1,-3.1996915,-1.0176895,0.001375747778356667,0.015472339373376845,0.0393646408839779,Significant
Kyat3,-3.2029433,-1.1564714,0.001360307664424328,0.015304737941115523,0.027624309392265192,Significant
Ufc1,-3.2049043,-1.2752042,0.0013510738755021833,0.015203853269756882,0.026243093922651933,Significant
1700017B05Rik,-3.2059965,-1.0330162,0.00134595611020625,0.015152251259639005,0.03383977900552486,Significant
Mrpl2,-3.2094553,-2.4881077,0.0013298676039690833,0.014980018048981913,0.008977900552486187,Significant
Mst1r,-3.2099764,-3.641777,0.0013274582260810817,0.014955836733534403,0.0027624309392265192,Significant
Ndufb6,-3.2111433,-2.6882415,0.0013220803965941874,0.014901144074123046,0.008977900552486187,Significant
Agrp,-3.2129884,-3.0365489,0.001313616061237158,0.014814539937196477,0.007596685082872928,Significant
Knop1,-3.2132862,-1.4317144,0.0013122543189507546,0.014802114337435602,0.025552486187845305,Significant
Aen,-3.2159257,-2.2401593,0.001300244559636686,0.01467827626294063,0.011740331491712707,Significant
Got1l1,-3.216083,-2.5605118,0.0012995324557079505,0.014676056636347959,0.008287292817679558,Significant
Tent5a,-3.2177792,-1.309955,0.0012918720886295554,0.014595335039415775,0.024861878453038673,Significant
Tmem143,-3.217829,-1.849638,0.0012916485118328834,0.014595335039415775,0.015883977900552487,Significant
Ccdc9b,-3.2189128,-2.4762778,0.0012867759784571426,0.01455098656325324,0.010359116022099447,Significant
Snhg4,-3.221602,-2.7049565,0.001274760798973253,0.014422045431022452,0.008287292817679558,Significant
Dhx33,-3.2225783,-1.3961196,0.0012704240537550998,0.014381553885659868,0.024171270718232045,Significant
Letmd1,-3.2234142,-1.6345218,0.001266722916477393,0.014342507374654848,0.017955801104972375,Significant
4930549C15Rik,-3.235412,-4.91293,0.0012146735349791759,0.013769604968196148,0.0013812154696132596,Significant
Higd2a,-3.2375963,-4.0766225,0.001205412246733334,0.013670061489990592,0.0027624309392265192,Significant
Stk19,-3.2379522,-1.3911572,0.0012039099714800366,0.01365574455897306,0.024171270718232045,Significant
Zfp715,-3.2386556,-1.008566,0.0012009454449145344,0.013627547743897668,0.03729281767955801,Significant
Mir133a-1hg,-3.242139,-3.3001533,0.0011863614859784594,0.01347279804010759,0.004834254143646409,Significant
Rxrb,-3.2424617,-2.109758,0.0011850187925163131,0.013460234403485217,0.011740331491712707,Significant
Slc20a1,-3.2439096,-1.4639643,0.0011790111538349563,0.01340536623612545,0.024171270718232045,Significant
Taf13,-3.2442656,-2.2825794,0.0011775393044776174,0.013391305279860198,0.011049723756906077,Significant
Chid1,-3.24621,-1.3386043,0.0011695254270513078,0.013302826077053239,0.026933701657458564,Significant
Dusp4,-3.2467809,-1.8613688,0.0011671820056605667,0.013278823293570096,0.014502762430939226,Significant
Zdhhc7,-3.2473187,-2.52927,0.0011649784047723553,0.01325905163824559,0.008977900552486187,Significant
Zswim3,-3.2508519,-1.5389084,0.0011505977632772105,0.013103237447753529,0.021408839779005526,Significant
Ndufv1,-3.2510421,-2.562854,0.0011498278384969097,0.013097088808132132,0.008287292817679558,Significant
Sephs2,-3.2549891,-1.8227139,0.0011339672234190186,0.012926772306046514,0.016574585635359115,Significant
Ttc39b,-3.255502,-1.2142355,0.0011319205940080127,0.012906025339088956,0.031077348066298343,Significant
Jagn1,-3.255949,-3.2462394,0.0011301408286493817,0.012888313423617953,0.004834254143646409,Significant
Gm57182,-3.2567847,-2.0344996,0.001126818950867964,0.012855579619589807,0.013121546961325966,Significant
Gna11,-3.2568178,-1.5817682,0.001126687577370885,0.012855579619589807,0.020718232044198894,Significant
2310011J03Rik,-3.2573555,-3.3447425,0.0011245547417150876,0.012840038409464368,0.004834254143646409,Significant
Copb2,-3.2581913,-1.1711633,0.0011212480484238843,0.01280741928290961,0.031767955801104975,Significant
Cxcl10,-3.2589111,-26.226547,0.0011184069178997716,0.01278009398196486,0.0,Significant
Pomp,-3.2626512,-1.5863253,0.0011037529280705017,0.012620240055675188,0.020027624309392266,Significant
Txndc17,-3.2662091,-3.6016467,0.0010899771765839625,0.012465232057012936,0.003453038674033149,Significant
Sdr42e1,-3.269072,-2.8219059,0.001079008142479526,0.012352191926201586,0.007596685082872928,Significant
Nfil3,-3.2696762,-2.4380631,0.0010767069491330987,0.012328327044155997,0.008977900552486187,Significant
1700016K05Rik,-3.2708924,-26.24889,0.0010720868078082585,0.01227789519778963,0.0,Significant
Edf1,-3.2737553,-2.9600704,0.0010612844768360938,0.012161521311234456,0.006215469613259668,Significant
Gm16794,-3.2754433,-1.7964392,0.0010549627500705005,0.01209394683949353,0.015883977900552487,Significant
Jph1,-3.2765934,-2.3850024,0.0010506752755413532,0.012052075113738958,0.011049723756906077,Significant
Nol8,-3.2780416,-1.1689212,0.0010453003023571962,0.011995252824772493,0.03038674033149171,Significant
Zfp944,-3.280979,-1.0271518,0.0010344748566128476,0.011875813066611321,0.03867403314917127,Significant
Gm52870,-3.2820463,-3.7561252,0.0010305668706895778,0.011835721699059148,0.0027624309392265192,Significant
Gm42982,-3.2830558,-4.9680414,0.00102688352110506,0.011800559954640409,0.0013812154696132596,Significant
Ncbp2as2,-3.2832792,-3.9702258,0.001026070001871981,0.011793591436534613,0.003453038674033149,Significant
Retsat,-3.2836018,-5.0736027,0.001024895971523233,0.011782475573289807,0.0013812154696132596,Significant
Atxn7l3,-3.2870936,-1.8702087,0.0010122716272440732,0.011642043774369778,0.015193370165745856,Significant
Apoo,-3.2884176,-1.2851083,0.0010075228945577487,0.011596798289673088,0.029696132596685083,Significant
Rae1,-3.2886326,-1.1716577,0.0010067531761026526,0.011590281560950494,0.03314917127071823,Significant
Emc8,-3.2900972,-1.694202,0.0010015276192698254,0.011532453825853009,0.018646408839779006,Significant
Kri1,-3.2941518,-1.2889862,0.0009871920750640789,0.011369681218896381,0.027624309392265192,Significant
Ostm1,-3.297238,-1.6593393,0.0009764071242557406,0.011250019842623658,0.020718232044198894,Significant
Gm5817,-3.2976434,-1.8242602,0.00097499847073593,0.011238337636067729,0.014502762430939226,Significant
Man2c1,-3.298322,-1.8705707,0.0009726453413326704,0.011213484183199755,0.015883977900552487,Significant
Mrpl21,-3.3039982,-1.6136259,0.0009531644576862368,0.011000027844570737,0.020718232044198894,Significant
Ndufaf7,-3.3044286,-1.2052104,0.0009517026078677318,0.010985383781592644,0.0324585635359116,Significant
Dnajb11,-3.3051069,-1.4811561,0.0009494016020899033,0.010963268429243802,0.023480662983425413,Significant
Crip1,-3.3092194,-1.2038654,0.0009355651757887405,0.010807875162220872,0.031077348066298343,Significant
Ppm1g,-3.3118422,-1.2311215,0.0009268377609758938,0.010713574695032148,0.031767955801104975,Significant
A830008E24Rik,-3.3132157,-2.6097784,0.0009222977208888455,0.010663259802057208,0.008977900552486187,Significant
Zfp512b,-3.313497,-1.1407819,0.0009213703794228028,0.010654701619560076,0.03729281767955801,Significant
Tmed7,-3.3156981,-1.186668,0.0009141450619073102,0.010577592759614743,0.034530386740331494,Significant
Foxred1,-3.3157809,-2.7592456,0.000913874460271584,0.010576610902911437,0.007596685082872928,Significant
Arfrp1,-3.318834,-2.0650158,0.0009039410124707892,0.010468030341895303,0.012430939226519336,Significant
Gm15910,-3.318884,-4.9977517,0.000903780322955833,0.010468030341895303,0.0013812154696132596,Significant
Zbtb24,-3.322781,-1.0157006,0.0008912484879572032,0.010339971506269582,0.04143646408839779,Significant
Dnajb12,-3.3234596,-1.1116127,0.000889083257123241,0.010316953279774704,0.03522099447513812,Significant
Zfp330,-3.323898,-1.6261322,0.0008876863740962813,0.0103049438995752,0.020718232044198894,Significant
Gypc,-3.324444,-2.647958,0.0008859497036105252,0.01028897859948744,0.008977900552486187,Significant
Med8,-3.3258674,-1.5684167,0.000881438623604708,0.010238677410582554,0.022099447513812154,Significant
Adap2os,-3.3260245,-4.5164,0.000880941614831538,0.010234992142444931,0.0027624309392265192,Significant
Rnf25,-3.3270423,-1.0705926,0.0008777304167592271,0.010203929697976143,0.034530386740331494,Significant
Rnf135,-3.3288462,-1.1774095,0.0008720656725868753,0.010144288347858889,0.029696132596685083,Significant
Stambpl1,-3.3296819,-1.8927422,0.0008694526878396325,0.010115959439778608,0.015193370165745856,Significant
Gm12426,-3.3297231,-3.2204533,0.0008693235209335375,0.010115959439778608,0.004834254143646409,Significant
Rap2b,-3.3318498,-3.2868462,0.0008627082522501339,0.010043645592184599,0.006215469613259668,Significant
2810001A02Rik,-3.3363097,-3.159979,0.0008489855437826096,0.009894000378331063,0.0055248618784530384,Significant
Mrps24,-3.337071,-3.2365932,0.0008466635884591924,0.009868960366520957,0.0055248618784530384,Significant
Gm29237,-3.337559,-4.352405,0.000845177609644696,0.009855674435957123,0.0020718232044198894,Significant
6430550D23Rik,-3.3397186,-2.2422385,0.0008386330155629434,0.00978336458495586,0.013121546961325966,Significant
4933421O10Rik,-3.341721,-2.119664,0.0008326068763997682,0.009721030992224565,0.013121546961325966,Significant
5430427M07Rik,-3.3422174,-4.710153,0.0008311190191456593,0.009709632349030156,0.0013812154696132596,Significant
Gm15336,-3.3427968,-3.1237717,0.0008293863030964613,0.009691378100680404,0.007596685082872928,Significant
Dcaf11,-3.3427968,-1.3232187,0.0008293863030964613,0.009691378100680404,0.028314917127071824,Significant
Kctd21,-3.3445425,-2.034746,0.0008241836553129299,0.009636517765333375,0.013121546961325966,Significant
Carhsp1,-3.3469422,-2.8929026,0.0008170824896103324,0.009559378270166825,0.007596685082872928,Significant
Aamp,-3.3474386,-1.107825,0.0008156203884992341,0.009544233567927432,0.03522099447513812,Significant
Ago4,-3.3487542,-1.0069834,0.0008117575523071267,0.00950489138102408,0.03729281767955801,Significant
Gm12526,-3.3491929,-6.203674,0.0008104737171808629,0.009491810763059548,0.0006906077348066298,Significant
Hint2,-3.3514516,-1.9101766,0.0008038905496429046,0.009420525167157159,0.014502762430939226,Significant
Gm56906,-3.353421,-2.6765704,0.0007981919001294504,0.009357596249798443,0.008287292817679558,Significant
Utp11,-3.3552413,-1.0047624,0.0007929576072659118,0.009307730182504284,0.0393646408839779,Significant
Ccdc117,-3.3564909,-1.8415052,0.0007893834351568262,0.009267687047683472,0.017955801104972375,Significant
Smim20,-3.3566647,-1.1822245,0.0007888875509117303,0.009263775218903864,0.03038674033149171,Significant
Gabarapl2,-3.3566895,-1.0826025,0.0007888167339125594,0.009263775218903864,0.03729281767955801,Significant
Gm13919,-3.357103,-1.585086,0.0007876373189295849,0.009252910372842892,0.022099447513812154,Significant
Mrps5,-3.3571527,-1.4811126,0.0007874958991753553,0.009252910372842892,0.022099447513812154,Significant
Gm4890,-3.3586338,-2.3098538,0.0007832877005568792,0.00920751134546021,0.012430939226519336,Significant
Me2,-3.359122,-2.5748827,0.0007819052210375518,0.009193158205884623,0.008977900552486187,Significant
1810034E14Rik,-3.3591552,-1.6463096,0.0007818115756445803,0.009193158205884623,0.021408839779005526,Significant
Gpr89,-3.3611906,-1.0357364,0.0007760723515548635,0.009134009047103242,0.04005524861878453,Significant
Ccdc127,-3.3616045,-1.262312,0.000774910635638694,0.009124108044644929,0.029005524861878452,Significant
Tubb5,-3.3628373,-2.6102455,0.0007714582887675541,0.009085337418968624,0.008287292817679558,Significant
Elac1,-3.3630111,-1.3390371,0.0007709728660696626,0.009081498958806921,0.024861878453038673,Significant
Wasf1,-3.3651872,-2.0490832,0.0007649174905256846,0.009017712740578351,0.013812154696132596,Significant
Rpl7a,-3.3660395,-2.3277295,0.0007625580499877477,0.008995404583458119,0.012430939226519336,Significant
Pigm,-3.3660808,-1.3359208,0.0007624436861972661,0.008995404583458119,0.028314917127071824,Significant
Ciapin1,-3.3688278,-1.4876871,0.000754885467802749,0.008910433959816817,0.024171270718232045,Significant
4930581F22Rik,-3.3723114,-2.1369417,0.0007454011482120479,0.008803959091545783,0.013812154696132596,Significant
Ccnj,-3.374504,-2.5266564,0.0007394880872601482,0.008737744589475014,0.009668508287292817,Significant
Myrip,-3.3746614,-2.133944,0.0007390658101844755,0.00873456751716775,0.012430939226519336,Significant
Ugdh,-3.3747191,-1.0761142,0.0007389102908847878,0.008734542427500665,0.034530386740331494,Significant
Gm44250,-3.3755715,-3.0321639,0.0007366254467310822,0.008709341686527107,0.007596685082872928,Significant
Uqcrc1,-3.3771024,-1.3831989,0.0007325380710240445,0.00866461368969259,0.025552486187845305,Significant
Cct2,-3.3785255,-1.603746,0.0007287568242668645,0.008623470974767152,0.023480662983425413,Significant
Chac2,-3.3785834,-1.455923,0.0007286033209578714,0.00862344662204576,0.024171270718232045,Significant
Mettl2,-3.37975,-1.7940011,0.0007255177142950568,0.008588711885587283,0.015883977900552487,Significant
Aida,-3.3826213,-1.1189549,0.0007179756813022689,0.008504733361562824,0.03660220994475138,Significant
Atp5e,-3.3826876,-2.583023,0.0007178026637231086,0.008504453074294118,0.011049723756906077,Significant
Btf3,-3.3841934,-1.0165222,0.0007138769634127451,0.008463224687421427,0.04074585635359116,Significant
Zfp146,-3.3855505,-1.453663,0.000710356614849421,0.008426753334612683,0.023480662983425413,Significant
Rnf166,-3.3864772,-2.0588274,0.0007079617511690321,0.00840009378481264,0.013121546961325966,Significant
Tmem70,-3.3864853,-2.2588274,0.000707940402289307,0.00840009378481264,0.013121546961325966,Significant
Gm26532,-3.3895056,-2.9943435,0.0007001878948405881,0.008314786010452123,0.006215469613259668,Significant
Gm15577,-3.3926747,-5.169013,0.0006921379515320951,0.008222621969161074,0.0013812154696132596,Significant
Fbxw5,-3.393742,-1.8079768,0.0006894460355908535,0.0081923511503712,0.017265193370165747,Significant
Rbck1,-3.3956947,-1.3730142,0.0006845464598035033,0.008137528176966865,0.024171270718232045,Significant
Ankrd46,-3.3993437,-1.476514,0.0006754775344760015,0.00803139826489831,0.025552486187845305,Significant
Gm8895,-3.4026866,-26.304865,0.0006672676465717077,0.007938756177066362,0.0,Significant
Gm49970,-3.406493,-2.437906,0.0006580327543856042,0.007833795330853165,0.009668508287292817,Significant
Hif1an,-3.4098191,-1.3508061,0.000650059720794886,0.007745354794262734,0.024861878453038673,Significant
Uros,-3.4101667,-1.6683086,0.000649231921398827,0.007737110681534242,0.019337016574585635,Significant
Tmem223,-3.4122021,-3.105094,0.0006444030367376865,0.007682779169782371,0.006215469613259668,Significant
Cd320,-3.4130378,-3.3723311,0.0006424301361537717,0.007660861650833908,0.006215469613259668,Significant
Trmt1,-3.4150403,-1.1411761,0.0006377258228342821,0.007606356530793224,0.03522099447513812,Significant
Creg1,-3.4168026,-2.6176112,0.0006336117831824467,0.007562039100019219,0.008287292817679558,Significant
BC051226,-3.4205263,-4.295385,0.0006250011990403192,0.007463966710267368,0.0020718232044198894,Significant
Mta2,-3.4280477,-1.7162864,0.0006079388921910947,0.007273933275951486,0.017265193370165747,Significant
5830417I10Rik,-3.4295783,-1.1824869,0.000604519887757788,0.0072345453822648615,0.03383977900552486,Significant
Rack1,-3.4323833,-1.0195969,0.00059830118983975,0.0071616287682710125,0.04558011049723757,Significant
Gm43571,-3.4360986,-1.0348301,0.0005901562623485187,0.007070079472835472,0.03660220994475138,Significant
Mrps7,-3.43892,-2.2893386,0.0005840395633345033,0.006998273732287449,0.013121546961325966,Significant
Sirt5,-3.439284,-2.0257866,0.0005832546252110874,0.006990339215774474,0.015193370165745856,Significant
Mmp19,-3.4438434,-2.689249,0.0005735078614549837,0.006880157742353904,0.008977900552486187,Significant
Akt1s1,-3.4443896,-2.737013,0.0005723505985657794,0.006868327804622559,0.008287292817679558,Significant
Atxn7l1os2,-3.445854,-6.3748646,0.0005692577563926991,0.006834093591979059,0.0006906077348066298,Significant
Fkbp2,-3.4470372,-4.5458474,0.0005667703932895158,0.006805667010606984,0.0020718232044198894,Significant
Atg14,-3.4501154,-1.255608,0.0005603471022970003,0.0067342178876938575,0.03038674033149171,Significant
Zfp703,-3.4547324,-1.9947134,0.0005508391833660803,0.006626945687734624,0.015883977900552487,Significant
Pmvk,-3.4572809,-1.9605788,0.0005456556687005861,0.006568748294181834,0.014502762430939226,Significant
Tead4,-3.4586792,-1.1079979,0.0005428308108788204,0.006536123747568389,0.03867403314917127,Significant
Tubd1,-3.4602432,-1.8980044,0.0005396877918728442,0.006503626284276223,0.015883977900552487,Significant
Gm34917,-3.4667633,-2.2629776,0.0005267653972725417,0.006357471065302203,0.011049723756906077,Significant
Rpl26,-3.4676487,-1.8744574,0.0005250331111447622,0.0063379076492885095,0.016574585635359115,Significant
Gm37008,-3.468104,-4.3921256,0.0005241447509083205,0.006328525500735937,0.0020718232044198894,Significant
Lemd2,-3.4681203,-1.7939168,0.0005241124733108871,0.006328525500735937,0.017955801104972375,Significant
Zkscan5,-3.4696262,-1.1275318,0.0005211829540978221,0.0062967703350910445,0.031077348066298343,Significant
Hyi,-3.472845,-3.1152112,0.0005149726039612923,0.0062283464405607355,0.006215469613259668,Significant
Kbtbd3,-3.4738214,-1.0673608,0.000513102423507255,0.006208364873975054,0.03867403314917127,Significant
Dnajc16,-3.4744172,-1.1135172,0.0005119644084481313,0.006197229035171141,0.03383977900552486,Significant
Drap1,-3.4754431,-1.7274894,0.0005100100071890222,0.006174884078109742,0.017955801104972375,Significant
4930512B01Rik,-3.4798865,-3.7512193,0.0005016261969519517,0.006078548048657392,0.003453038674033149,Significant
Fdx1,-3.4800024,-1.5043985,0.0005014093530734799,0.006077213702289702,0.022790055248618785,Significant
Emc7,-3.4827495,-1.0365149,0.0004962925950337339,0.0060190408208340455,0.0393646408839779,Significant
Pgam5,-3.485811,-1.62697,0.0004906475693904384,0.005951845600481669,0.022099447513812154,Significant
Rfesd,-3.488045,-2.499955,0.00048656607789562015,0.005904850605595589,0.010359116022099447,Significant
Gm49066,-3.4883761,-3.0548425,0.00048596411242591555,0.005899897992022033,0.0055248618784530384,Significant
Efcab8,-3.4899895,-2.9829395,0.00048303946415272374,0.00586580297042445,0.007596685082872928,Significant
Atox1,-3.4957569,-1.6332859,0.00047271938735059694,0.0057539791866460755,0.022099447513812154,Significant
Fhip2b,-3.4959555,-1.5076746,0.0004723677234055978,0.0057509280603887415,0.026243093922651933,Significant
Ocel1,-3.4972792,-3.5078187,0.00047002952658661124,0.005723685045630503,0.0055248618784530384,Significant
Abcd4,-3.4973123,-1.4650717,0.0004699712102443214,0.005723685045630503,0.026933701657458564,Significant
Adcy3,-3.5002747,-2.633469,0.0004647791481582318,0.005662171475241309,0.008287292817679558,Significant
Rsf1os2,-3.5008621,-3.2248993,0.000463755817702247,0.005650913763274908,0.006215469613259668,Significant
Txndc5,-3.501102,-1.7138617,0.00046333844265041924,0.005647036443270017,0.019337016574585635,Significant
Copz2,-3.501193,-3.0284712,0.0004631802196773928,0.005646316610715141,0.006906077348066298,Significant
Cnbd2,-3.5065053,-1.1775266,0.00045403259745697755,0.005535989321584102,0.0324585635359116,Significant
Prpf19,-3.5080526,-2.2809744,0.0004513999788161063,0.005508608271274734,0.012430939226519336,Significant
Gm47644,-3.5119083,-3.607638,0.00044490140277873803,0.0054334732531518895,0.004143646408839779,Significant
Rpl35a,-3.511983,-1.6719166,0.00044477675765643935,0.0054334732531518895,0.022099447513812154,Significant
Gm38357,-3.5130832,-4.2309856,0.0004429385754581412,0.005412310177073394,0.0027624309392265192,Significant
Rbm8a,-3.5159297,-1.6765243,0.0004382170155969308,0.005358066370003186,0.021408839779005526,Significant
Fbxl18,-3.5167737,-1.6392397,0.00043682607491459495,0.005343354142150795,0.021408839779005526,Significant
Pcbp1,-3.5173197,-2.2546852,0.00043592825185760707,0.005333517530946284,0.012430939226519336,Significant
Eif5a,-3.518445,-3.035196,0.0004340836218022322,0.005313232052674313,0.006906077348066298,Significant
Hcfc1,-3.5189002,-1.2217922,0.0004333397031652199,0.005305266832494256,0.029005524861878452,Significant
Iffo1,-3.52432,-1.98181,0.0004245713217780544,0.00520575272036266,0.015193370165745856,Significant
Grk6,-3.5289783,-2.0399969,0.0004171672166666716,0.005119378983667446,0.013812154696132596,Significant
Ttc9c,-3.5304513,-1.2993087,0.0004148515143480608,0.0050942549231168715,0.03038674033149171,Significant
Khsrp,-3.5340672,-1.0217363,0.0004092171533352861,0.005031577181616179,0.0462707182320442,Significant
4930453N24Rik,-3.5341582,-1.603146,0.0004090762539245576,0.005030931096051455,0.021408839779005526,Significant
Dctn1,-3.5365577,-1.1334773,0.00040537793792241845,0.004989759006320888,0.03729281767955801,Significant
Btg2,-3.5383036,-2.489125,0.0004027067494231463,0.004960873552096219,0.008977900552486187,Significant
Letm2,-3.5404632,-1.0657425,0.00039942532722631225,0.004922873930215031,0.03660220994475138,Significant
Psph,-3.5458415,-2.0494628,0.00039136145706247224,0.0048266217731414846,0.016574585635359115,Significant
Selenoo,-3.5458498,-1.6307538,0.00039134916914853164,0.0048266217731414846,0.022099447513812154,Significant
4933431K23Rik,-3.5472565,-5.290221,0.00038926545594659116,0.004804934820519152,0.0013812154696132596,Significant
Dyrk2,-3.547877,-1.2319057,0.00038834947062078867,0.004795707483543337,0.031077348066298343,Significant
Ubl7,-3.5517826,-1.2026517,0.00038263093778109466,0.004727139993099004,0.0324585635359116,Significant
Pgam1,-3.552494,-2.1208186,0.0003815975155647669,0.004719492644173195,0.013121546961325966,Significant
Rarg,-3.5530155,-1.8234472,0.00038084212980582093,0.004712197243214526,0.016574585635359115,Significant
Golga7,-3.554513,-1.6164154,0.00037867966298246275,0.004686459180587787,0.021408839779005526,Significant
Rdh14,-3.5554647,-1.692031,0.00037731168824467693,0.004670544530508728,0.022099447513812154,Significant
Arhgef37,-3.5585675,-3.4221003,0.0003728829236086847,0.004618735382467286,0.004834254143646409,Significant
Eif3l,-3.5589316,-2.142897,0.00037236647931121074,0.004613341970944223,0.015883977900552487,Significant
Aasdhppt,-3.560628,-1.8427734,0.00036996912147816834,0.004584638029616623,0.017955801104972375,Significant
Gm31323,-3.5618277,-2.4499836,0.0003682821504507696,0.004564726584418213,0.010359116022099447,Significant
Fam8a1,-3.5623736,-1.3522084,0.00036751667188757495,0.004557222738229619,0.029696132596685083,Significant
Lurap1,-3.5633914,-3.7668178,0.0003660940660421664,0.004540571164126987,0.004143646408839779,Significant
Gm20470,-3.564161,-5.957131,0.0003650218571474721,0.00452924592892443,0.0006906077348066298,Significant
Zdhhc18,-3.564765,-1.7383027,0.000364182288467616,0.0045207987110605025,0.019337016574585635,Significant
Psmd2,-3.566122,-1.0619037,0.00036230271433009437,0.00449942832206541,0.03522099447513812,Significant
Cwc15,-3.568141,-1.0025162,0.000359523055143492,0.004467831139879,0.03798342541436464,Significant
Timm10b,-3.568348,-3.464186,0.0003592393831146559,0.004465280443992932,0.004834254143646409,Significant
Chml,-3.5695393,-2.0048902,0.00035760950292885774,0.004445991857264648,0.018646408839779006,Significant
Rpl7l1,-3.569556,-1.1623136,0.0003575869144714023,0.004445991857264648,0.03660220994475138,Significant
Xylt2,-3.5696635,-1.9779156,0.0003574401220182147,0.004445991857264648,0.015883977900552487,Significant
Aar2,-3.5709128,-1.5231543,0.00035573919491069684,0.0044266052223360984,0.025552486187845305,Significant
Abcf3,-3.5729153,-1.7624404,0.0003530289845773295,0.004396724280581303,0.021408839779005526,Significant
Tmem208,-3.5747771,-1.2663027,0.00035052649612558624,0.004367468099756456,0.034530386740331494,Significant
Nr2f1,-3.5838044,-2.9124868,0.0003386257529793288,0.004228440570262272,0.008287292817679558,Significant
Acads,-3.589828,-1.7333307,0.0003308960895116198,0.004137363687501349,0.019337016574585635,Significant
Slbp,-3.5904155,-1.0347947,0.0003301511376653485,0.004128955837865717,0.03660220994475138,Significant
Ddx27,-3.5910528,-1.4603744,0.00032934500629185764,0.004120684245938182,0.024171270718232045,Significant
Map1lc3a,-3.5934026,-3.637278,0.00032638764080087333,0.004085477831356898,0.004834254143646409,Significant
Gm42669,-3.6035883,-2.8135293,0.0003138539472987448,0.0039329132071166,0.006906077348066298,Significant
Commd4,-3.606774,-3.2431726,0.0003100274327840771,0.003886673723064319,0.006215469613259668,Significant
Ano8,-3.607742,-2.903208,0.00030887325213561077,0.003873910099086743,0.006906077348066298,Significant
Gm9856,-3.6099017,-2.1263814,0.0003063130234605853,0.003843492699177873,0.013812154696132596,Significant
Napb,-3.6124833,-1.0626183,0.0003032785969211447,0.0038062566866402694,0.03591160220994475,Significant
Dtymk,-3.6136582,-1.5630869,0.00030190688563627385,0.003789876537701735,0.025552486187845305,Significant
Acot13,-3.6160662,-1.068618,0.00029911397737824956,0.0037573017837844495,0.04005524861878453,Significant
Vps29,-3.6207826,-1.9173563,0.00029371331332494875,0.0036919050273809947,0.016574585635359115,Significant
Snrpd1,-3.621064,-1.6516511,0.0002933940726983621,0.00368870653422774,0.024861878453038673,Significant
Ing4,-3.6234717,-2.5676022,0.0002906750134913794,0.0036569434253673518,0.010359116022099447,Significant
Copg1,-3.6256893,-1.2955079,0.0002881917605591693,0.0036273048271440443,0.031077348066298343,Significant
Tbc1d16,-3.6278653,-1.8353249,0.00028577417032692946,0.003597671243109814,0.019337016574585635,Significant
Lbp,-3.631324,-1.4093975,0.0002819708281326466,0.00355293226924121,0.028314917127071824,Significant
Prps1,-3.6319115,-1.6218892,0.00028132953733642034,0.0035456363845668684,0.022790055248618785,Significant
Inf2,-3.638134,-3.9220717,0.0002746206534424533,0.003466454140471455,0.003453038674033149,Significant
Rmdn2,-3.6409142,-1.7812339,0.0002716717913279294,0.0034322750099852737,0.018646408839779006,Significant
Pabpc4,-3.642329,-1.4067875,0.00027018245209795304,0.0034149742519222074,0.026243093922651933,Significant
Slc25a5,-3.6425192,-4.165929,0.00026998271652690247,0.0034132073405324943,0.003453038674033149,Significant
Ssr4,-3.6432972,-2.3829424,0.00026916784377473526,0.003403661157534355,0.012430939226519336,Significant
Pir,-3.6489983,-1.2620596,0.00026326500505540943,0.003333460674418516,0.03314917127071823,Significant
Cavin3,-3.6511,-2.7795656,0.00026111970501839466,0.003307767991869279,0.008287292817679558,Significant
Tcn2,-3.6520514,-1.4815897,0.0002601538078781202,0.0032969993265942674,0.028314917127071824,Significant
Ndufa8,-3.6536896,-2.346607,0.00025849863000383357,0.0032774817392670426,0.011740331491712707,Significant
Tmem179b,-3.6567512,-2.7375765,0.0002554320553803614,0.0032429334816974718,0.009668508287292817,Significant
Tmem14c,-3.6586957,-2.91735,0.0002535021158486145,0.003221304168385619,0.008287292817679558,Significant
Oser1,-3.6596308,-1.3077286,0.00025257897894660715,0.003211006840857057,0.029005524861878452,Significant
Unc93b1,-3.6598623,-1.2697709,0.00025235072493473397,0.003208821489171212,0.0324585635359116,Significant
Gm30054,-3.6608222,-3.8062482,0.00025140716042424175,0.003198251814503295,0.003453038674033149,Significant
Snx11,-3.6634617,-2.2387662,0.0002488293910371381,0.003166166336323057,0.013121546961325966,Significant
1500015A07Rik,-3.6641817,-1.5739516,0.00024813067759451354,0.00315868743861149,0.020718232044198894,Significant
Dnajb2,-3.6722822,-1.3664935,0.00024039398194177798,0.003063624379083881,0.03038674033149171,Significant
Fbrs,-3.6773462,-1.1360873,0.0002356731374957066,0.003005479086706166,0.03591160220994475,Significant
Gm38604,-3.6780825,-2.965692,0.00023499389907666622,0.0029974882632895277,0.007596685082872928,Significant
Tmem181a,-3.67987,-1.6740285,0.0002333530417701388,0.0029772250843453896,0.020718232044198894,Significant
Gm46367,-3.6816406,-3.052117,0.000231737985195056,0.0029579449932731865,0.008287292817679558,Significant
Ctsz,-3.6877885,-2.4243393,0.00022621163730422074,0.0028899970472828435,0.011740331491712707,Significant
Snapin,-3.688384,-2.0190265,0.00022568273534457345,0.0028838870361883656,0.017955801104972375,Significant
2610016A17Rik,-3.688434,-4.032581,0.00022563871261644468,0.0028838870361883656,0.0027624309392265192,Significant
Trappc4,-3.6894598,-1.8096836,0.00022473071223385566,0.0028736562958248317,0.019337016574585635,Significant
Ccdc144b,-3.6902375,-26.438341,0.00022404467610694965,0.0028655273814478482,0.0,Significant
Nedd8,-3.697999,-1.4091129,0.0002173057647198941,0.0027830876178397412,0.029005524861878452,Significant
Mthfd2l,-3.698156,-1.0113511,0.00021717124953868285,0.0027819905781737097,0.04419889502762431,Significant
Loxl1,-3.7016976,-2.411555,0.00021416175549531446,0.0027459095968607747,0.009668508287292817,Significant
Gm10419,-3.702219,-26.400387,0.00021372208993201473,0.002740889532166408,0.0,Significant
Uqcr10,-3.7024424,-2.5404074,0.00021353392142124601,0.0027390932686747397,0.011740331491712707,Significant
Mtarc1,-3.7037,-3.0077584,0.00021247750227635796,0.00272738536003564,0.008287292817679558,Significant
Dynlt2a2,-3.7111304,-1.1299186,0.00020633576707901376,0.002652735360859364,0.03729281767955801,Significant
Utp4,-3.714018,-1.2125822,0.00020399414436174872,0.002624408173091354,0.0324585635359116,Significant
Tor1a,-3.7146387,-2.4118876,0.00020349419971869623,0.0026185679607191596,0.011049723756906077,Significant
Cgrrf1,-3.7150111,-1.4372079,0.0002031947856454138,0.0026153061232901233,0.028314917127071824,Significant
Prkcb,-3.7178574,-2.297186,0.000200919567786811,0.002588362241934119,0.011740331491712707,Significant
Dph3,-3.7299464,-2.4199085,0.00019152056323797233,0.002471192474809287,0.013121546961325966,Significant
Tfb2m,-3.7310386,-1.7557269,0.00019069204186525075,0.002461059736139901,0.020027624309392266,Significant
Gm42585,-3.7347288,-3.202227,0.00018791749478440497,0.002425801421564,0.006215469613259668,Significant
Rab24,-3.7394204,-1.5344517,0.00018444497935542727,0.002384218290460246,0.024171270718232045,Significant
Shisa6,-3.74067,-3.7041907,0.00018353042343580465,0.0023729350229014876,0.004834254143646409,Significant
Rhbdd2,-3.7420766,-1.399533,0.0001825058930345533,0.0023607605759383235,0.03038674033149171,Significant
Trim68,-3.7427964,-2.4774215,0.000181983656860431,0.0023550753193840456,0.011049723756906077,Significant
Mtif3,-3.7433176,-2.1380372,0.00018160636323385574,0.002350726967242323,0.013812154696132596,Significant
Cyp27a1,-3.7453117,-2.5577612,0.00018016984222871788,0.002332662798168582,0.011049723756906077,Significant
Ighm,-3.747339,-2.6492622,0.0001787204345701227,0.0023149500147537205,0.008977900552486187,Significant
Gm42946,-3.7482326,-4.8598013,0.00017808499997970523,0.002307769227092489,0.0020718232044198894,Significant
Med20,-3.748274,-1.6925561,0.00017805563322610544,0.002307769227092489,0.020027624309392266,Significant
Helb,-3.7498047,-2.1475422,0.00017697225902526658,0.0022943937616479292,0.015883977900552487,Significant
Btd,-3.75515,-1.8273213,0.00017323764940452017,0.0022500741320124963,0.017955801104972375,Significant
Lamtor3,-3.7555804,-1.529515,0.00017294027650430018,0.002246724226427414,0.027624309392265192,Significant
Bub3,-3.756201,-1.2307363,0.00017251221875282398,0.0022421863154541313,0.031077348066298343,Significant
Gm6598,-3.7568793,-2.680792,0.0001720453493863807,0.0022371395842452394,0.008977900552486187,Significant
Timm13,-3.757955,-3.4972754,0.00017130762529884682,0.002228055617209145,0.0055248618784530384,Significant
Mrgbp,-3.7589645,-2.1037462,0.00017061800683660584,0.0022201005318288787,0.015883977900552487,Significant
Nfu1,-3.7610579,-1.8054724,0.00016919621028147977,0.002202103179345769,0.020718232044198894,Significant
Rpl27,-3.761927,-2.4031568,0.00016860941540811008,0.0021959718030085075,0.011740331491712707,Significant
B430119L08Rik,-3.7626219,-3.3909676,0.00016814135840641177,0.002191379512249827,0.004834254143646409,Significant
Ppp1r3b,-3.7661467,-3.8432965,0.0001657863991738353,0.0021621720923860185,0.004143646408839779,Significant
H2-Ab1,-3.7691834,-2.0320108,0.00016378251248522191,0.0021379963419122013,0.020027624309392266,Significant
4930558N01Rik,-3.7699778,-3.5112276,0.0001632621078378446,0.002131691740975627,0.004834254143646409,Significant
Ltv1,-3.77107,-2.0360618,0.00016254909137561102,0.002122868764224465,0.017955801104972375,Significant
Ier3ip1,-3.7718477,-1.3656633,0.0001620431245259324,0.002117232114187957,0.029005524861878452,Significant
Rhob,-3.7721705,-1.062471,0.00016183363738451404,0.002115465827895228,0.04074585635359116,Significant
A930007I19Rik,-3.7770026,-1.151048,0.00015872702241610527,0.002075809688423392,0.03798342541436464,Significant
Ddrgk1,-3.7781942,-1.1272331,0.00015796967954477857,0.0020663798582493077,0.0393646408839779,Significant
Ndufa9,-3.77922,-1.4012749,0.00015732024954039488,0.0020583576123804283,0.029696132596685083,Significant
Npdc1,-3.7850785,-1.9314209,0.00015366008539603252,0.0020127809805694703,0.016574585635359115,Significant
Ostc,-3.7868078,-1.7315085,0.00015259503206296385,0.001999749993255978,0.022099447513812154,Significant
Gpr18,-3.7876105,-3.754296,0.00015210308955671987,0.001993761975701931,0.004143646408839779,Significant
Itgae,-3.791582,-6.005007,0.00014969063042765876,0.00196446605807026,0.0006906077348066298,Significant
Rps7,-3.7955704,-2.2739067,0.0001473044014048308,0.0019344234133746472,0.014502762430939226,Significant
Flvcr1,-3.7957773,-2.6743178,0.00014718161663113287,0.0019332568471956948,0.008977900552486187,Significant
Zmat3,-3.7960916,-1.941118,0.00014699516832293957,0.001931253317830296,0.017955801104972375,Significant
Dctn3,-3.7983422,-2.5941997,0.000145667069817898,0.0019142461625896447,0.009668508287292817,Significant
S100a11,-3.7989297,-2.7530005,0.0001453222613116574,0.0019110380788330448,0.010359116022099447,Significant
Bola3,-3.7996993,-3.3850067,0.00014487177334576406,0.00190643486158566,0.0055248618784530384,Significant
Mycbp,-3.8034723,-2.5274928,0.00014268189710939637,0.0018789199591364796,0.011049723756906077,Significant
Cd59a,-3.8037372,-1.5393989,0.00014252939808120072,0.0018773459301738723,0.023480662983425413,Significant
Enox1,-3.8038447,-1.164437,0.00014246748920915698,0.0018769646698423431,0.03660220994475138,Significant
Gm29506,-3.8054583,-3.9228594,0.0001415418898439938,0.001866065466452154,0.004143646408839779,Significant
Ccng2,-3.8058884,-1.8065828,0.00014129602158645944,0.0018632553879468707,0.017265193370165747,Significant
Atp6v1g1,-3.8070965,-1.7169025,0.00014060784761488367,0.001854610018772085,0.022099447513812154,Significant
Sar1a,-3.8095293,-1.2607137,0.00013923164057008623,0.001836883421154143,0.03383977900552486,Significant
Tfpi,-3.812268,-2.5490396,0.00013769742373339805,0.0018179060989574353,0.010359116022099447,Significant
Rpl22,-3.8123426,-1.0031441,0.00013765593110676432,0.0018177797711387447,0.04558011049723757,Significant
Clk3,-3.8125162,-1.0196834,0.00013755916077666535,0.0018169232599823944,0.04834254143646409,Significant
Stk25,-3.8169265,-1.0888649,0.0001351243856681012,0.0017851781077325639,0.04212707182320442,Significant
Nhej1,-3.819566,-1.7398306,0.00013368665725861607,0.001767413965860891,0.021408839779005526,Significant
Tpp1,-3.8195827,-1.139457,0.00013367768892275265,0.001767413965860891,0.04143646408839779,Significant
Mrps14,-3.8211133,-3.3601682,0.0001328505647926202,0.0017575845747808054,0.006215469613259668,Significant
Gm45244,-3.8220317,-26.454945,0.00013235660746472718,0.0017514565618519707,0.0,Significant
Cox17,-3.8227186,-1.8995657,0.00013198838335069948,0.0017473960791379165,0.020718232044198894,Significant
Gm36860,-3.8281052,-2.1683183,0.0001291335606715227,0.0017111924780537986,0.013121546961325966,Significant
Tmem127,-3.828552,-1.237692,0.0001288993874389011,0.0017084869693106302,0.031767955801104975,Significant
Gm20186,-3.830033,-1.6407913,0.00012812600535818116,0.001699027217303259,0.022099447513812154,Significant
Arfip2,-3.8316383,-2.1503398,0.0001272927540057386,0.0016883710006617197,0.014502762430939226,Significant
Rps27,-3.8327057,-1.9740505,0.00012674151488785223,0.0016814512113767926,0.018646408839779006,Significant
Tmem60,-3.8342779,-3.084925,0.0001259337082769327,0.0016711235802835762,0.006906077348066298,Significant
Npr2,-3.8379269,-1.8624915,0.00012407741168117428,0.0016476427002186905,0.019337016574585635,Significant
Ip6k1,-3.8386467,-1.6542982,0.00012371426292924842,0.001643203602858487,0.023480662983425413,Significant
Vamp1,-3.8389695,-1.1676675,0.0001235517975632282,0.001641428582605641,0.04074585635359116,Significant
Abcb8,-3.8429909,-1.2638807,0.00012154402603279891,0.001615508493541924,0.031767955801104975,Significant
Igfbp5,-3.843024,-1.0934186,0.00012152762952136829,0.001615508493541924,0.04350828729281768,Significant
Cnpy3,-3.847492,-1.9522593,0.00011933314353597055,0.0015883470140443429,0.017265193370165747,Significant
Uqcrfs1,-3.8479638,-3.676308,0.00011910369621660116,0.0015856636816154984,0.0055248618784530384,Significant
Eri2,-3.849056,-1.5910554,0.00011857394064279832,0.0015793494161734686,0.024861878453038673,Significant
Izumo4,-3.849536,-2.624203,0.00011834187256589783,0.0015766271796384622,0.010359116022099447,Significant
Smyd1,-3.8503137,-3.44094,0.00011796667155372245,0.001572261885026457,0.0055248618784530384,Significant
Ndufa13,-3.8522663,-2.3716776,0.0001170296149754453,0.0015609705566448423,0.013812154696132596,Significant
C87436,-3.852341,-1.2556387,0.00011699401909125712,0.0015608613966905513,0.03314917127071823,Significant
Sox6os,-3.8579757,-26.481203,0.00011433001651687317,0.0015263928418493026,0.0,Significant
2310039H08Rik,-3.8583646,-3.7612262,0.00011414828393707254,0.001524478772214064,0.004834254143646409,Significant
Txn2,-3.8585963,-1.3837256,0.00011404014726371942,0.0015235945624925968,0.031077348066298343,Significant
Zfp970,-3.8596306,-2.80212,0.00011355857169728527,0.0015178729180786669,0.008287292817679558,Significant
9530062K07Rik,-3.8621128,-1.9322203,0.00011241060472543987,0.0015028814847784155,0.016574585635359115,Significant
Gpr156,-3.8688731,-2.2465801,0.00010933955496676313,0.0014631970856316002,0.013121546961325966,Significant
AU022252,-3.873035,-1.942532,0.00010748836369020219,0.0014397776798127035,0.017955801104972375,Significant
Mfsd4a,-3.8808544,-2.78791,0.00010409017580201844,0.0013955730398734945,0.008977900552486187,Significant
Slc25a23,-3.8812184,-1.0632386,0.0001039344502682946,0.001394141703822606,0.04350828729281768,Significant
Ankrd50,-3.8864064,-2.3538098,0.00010173911540549905,0.001365015779996353,0.012430939226519336,Significant
Trappc11,-3.886812,-1.0355089,0.00010156940694710445,0.001363338687885806,0.04488950276243094,Significant
Poldip2,-3.8877304,-1.7094405,0.00010118595306526133,0.001358554433739459,0.023480662983425413,Significant
Rps13,-3.8891783,-1.7828519,0.00010058418288519596,0.0013511120447430864,0.021408839779005526,Significant
Tex264,-3.889352,-1.4484657,0.00010051219790937235,0.0013504636765355289,0.029005524861878452,Significant
Gm4673,-3.8915033,-1.7431223,9.962497417182095e-05,0.0013388590168321116,0.022099447513812154,Significant
Ubtd1,-3.8921158,-1.1588397,9.937381137488372e-05,0.0013361143314043103,0.03591160220994475,Significant
Alg5,-3.8936217,-3.318728,9.875862727046167e-05,0.0013287842616747064,0.006906077348066298,Significant
Gm48677,-3.8939195,-26.57118,9.863736919426172e-05,0.0013274664238455344,0.0,Significant
C230038L03Rik,-3.8939195,-26.503838,9.863736919426172e-05,0.0013274664238455344,0.0,Significant
Gm10603,-3.894168,-3.071288,9.853642818145398e-05,0.0013267351045353915,0.006906077348066298,Significant
Gng5,-3.8948877,-2.303286,9.824425044921741e-05,0.0013234269848187575,0.013121546961325966,Significant
Uqcrb,-3.8980732,-3.1429853,9.696107097261756e-05,0.0013073787218214105,0.007596685082872928,Significant
Gm454,-3.9002907,-4.711709,9.607720406911201e-05,0.0012966892810854012,0.0020718232044198894,Significant
Pik3r4,-3.9023595,-1.3439435,9.525956454054565e-05,0.0012859589531776221,0.0324585635359116,Significant
Gm29677,-3.90955,-2.4105356,9.246827210943513e-05,0.0012509469903025294,0.010359116022099447,Significant
Med21,-3.9107661,-1.3417567,9.200380414644069e-05,0.0012449592708893725,0.028314917127071824,Significant
Sccpdh,-3.9142663,-1.1216378,9.067953645537142e-05,0.0012279152164816419,0.04212707182320442,Significant
Rnf123,-3.9150853,-1.3315679,9.037221206911693e-05,0.001224044749625972,0.03314917127071823,Significant
Ube4bos1,-3.916368,-3.5744855,8.989302292115804e-05,0.001217844068083193,0.004834254143646409,Significant
Clpp,-3.9164176,-1.3454454,8.987452200347173e-05,0.001217844068083193,0.03383977900552486,Significant
Slc45a4,-3.9347289,-1.2346853,8.329070294607453e-05,0.0011318987867428233,0.0324585635359116,Significant
Phb2,-3.9349852,-1.7233443,8.320179830522597e-05,0.0011309605149911368,0.020718232044198894,Significant
Psma4,-3.935399,-1.9424589,8.305859268022673e-05,0.0011292835066391573,0.020718232044198894,Significant
Mknk1,-3.937848,-1.6263828,8.221557546121702e-05,0.0011183557291775342,0.024861878453038673,Significant
Exosc7,-3.9385102,-1.1252608,8.198912498910194e-05,0.0011155418795709567,0.04281767955801105,Significant
Dtx3l,-3.9395113,-2.8078852,8.164773848710232e-05,0.0011111624945492574,0.008287292817679558,Significant
Atp5o-1,-3.94134,-2.3359678,8.102767958976728e-05,0.0011032513399141413,0.013812154696132596,Significant
Gyg,-3.9413483,-1.5637317,8.102488403599361e-05,0.0011032513399141413,0.026933701657458564,Significant
Ermard,-3.9428625,-1.0859046,8.05148297559369e-05,0.0010967930433332064,0.04005524861878453,Significant
Ppib,-3.9431603,-1.955723,8.041484912551672e-05,0.0010956932098722296,0.020027624309392266,Significant
2810405F17Rik,-3.946892,-2.5617893,7.917221733419848e-05,0.001079019920351028,0.011049723756906077,Significant
Gm15243,-3.947372,-4.7366214,7.90137347957572e-05,0.0010771178053639479,0.0020718232044198894,Significant
Sin3b,-3.948067,-1.4639877,7.878473998880234e-05,0.0010745106298688369,0.029005524861878452,Significant
Cnppd1,-3.948125,-2.2667532,7.876568543607973e-05,0.001074508120367948,0.014502762430939226,Significant
Imp3,-3.9491262,-4.0526867,7.84370016435118e-05,0.0010705372268895506,0.004143646408839779,Significant
Rpl21,-3.9523284,-1.6825997,7.739444117689472e-05,0.001057575443977337,0.024171270718232045,Significant
Gm57463,-3.9527504,-3.1475966,7.725803063145713e-05,0.0010567258040321405,0.007596685082872928,Significant
Gm45669,-3.9554892,-3.6413376,7.637820969880653e-05,0.0010454451053989765,0.004834254143646409,Significant
Mtrf1l,-3.9555554,-1.4323957,7.635706286197664e-05,0.0010454069527347468,0.029005524861878452,Significant
Ndufb2,-3.9556794,-2.4843779,7.63174274639624e-05,0.001045115593368322,0.012430939226519336,Significant
Uba52,-3.9559195,-3.081345,7.62408541847329e-05,0.0010443181328200328,0.006215469613259668,Significant
Rpl28,-3.9576902,-2.8622804,7.567803814114408e-05,0.0010368583180449676,0.008977900552486187,Significant
Gm56986,-3.9596512,-4.0630703,7.505931817944377e-05,0.0010291241599941507,0.003453038674033149,Significant
9230114K14Rik,-3.9620507,-1.5212971,7.430874191356564e-05,0.001019078534031874,0.025552486187845305,Significant
Romo1,-3.9626548,-2.790526,7.412092512556291e-05,0.0010167476746746995,0.009668508287292817,Significant
Gm31763,-3.9664445,-2.0329614,7.295277324335037e-05,0.0010012060403108251,0.016574585635359115,Significant
Stx1b,-3.9682565,-2.5066082,7.240037689212891e-05,0.0009938644794153116,0.011740331491712707,Significant
Gpt,-3.9688191,-2.355303,7.222966307986104e-05,0.0009917601267013182,0.012430939226519336,Significant
A930037H05Rik,-3.9706395,-1.3238351,7.16799585224405e-05,0.0009844497149605125,0.029696132596685083,Significant
9430091E24Rik,-3.9714007,-1.1545128,7.145125755134562e-05,0.000981782349476634,0.04281767955801105,Significant
Adamts10,-3.9737506,-1.5207772,7.074961394250763e-05,0.0009730806201691611,0.026933701657458564,Significant
Mcee,-3.9745617,-1.6772085,7.050901382007043e-05,0.0009700057395333728,0.021408839779005526,Significant
Rmc1,-3.9748015,-1.8013277,7.04379643749866e-05,0.0009692624769154451,0.020027624309392266,Significant
Gm43999,-3.9774659,-4.945988,6.965360821153778e-05,0.0009589328107285234,0.0027624309392265192,Significant
Arl2bp,-3.9818678,-1.6485455,6.837579150257908e-05,0.0009417963096149867,0.024861878453038673,Significant
Naaa,-3.982538,-2.483625,6.81831933054572e-05,0.0009393707258664502,0.011049723756906077,Significant
Slc48a1,-3.983688,-2.2963505,6.785388101264964e-05,0.0009352863323024166,0.013121546961325966,Significant
Acot9,-3.9864683,-1.1271886,6.706405054880376e-05,0.000924623269321897,0.04074585635359116,Significant
1700037H04Rik,-3.9932036,-2.4980109,6.518650704956653e-05,0.0009004815375811179,0.011049723756906077,Significant
Lppos,-3.9958432,-3.5013218,6.446437114075986e-05,0.0008908465609994629,0.006906077348066298,Significant
Mrpl42,-3.9970016,-1.7022642,6.414984289030607e-05,0.0008870219048122676,0.022790055248618785,Significant
Setd1a,-4.0039854,-1.357897,6.22842467341768e-05,0.0008622726217580261,0.03383977900552486,Significant
Gapdh,-4.0109024,-3.5504508,6.048705223770441e-05,0.0008382071651173343,0.0055248618784530384,Significant
Gm11508,-4.015379,-1.0587181,5.93503243824042e-05,0.0008232562291494463,0.04074585635359116,Significant
Hsd11b1,-4.017812,-2.9127185,5.874109725136776e-05,0.0008150040980970106,0.007596685082872928,Significant
Ndufa2,-4.019508,-2.5043721,5.8319805648559505e-05,0.0008093560939397091,0.011049723756906077,Significant
Mrps26,-4.020542,-3.2061405,5.8064326611010954e-05,0.0008062035653639538,0.006906077348066298,Significant
Rps5,-4.022644,-1.935696,5.7548454748971544e-05,0.0007992357467954118,0.019337016574585635,Significant
Gm28379,-4.0253,-5.1848803,5.690271457883175e-05,0.0007906533603790285,0.0013812154696132596,Significant
Ndufa12,-4.0253663,-1.1443627,5.68867093563727e-05,0.0007906238997952693,0.04005524861878453,Significant
Dclre1a,-4.0283866,-1.2357947,5.616098976758682e-05,0.0007813004931239095,0.034530386740331494,Significant
Bcs1l,-4.0299916,-2.7575827,5.5778842986564905e-05,0.0007763635048882896,0.008977900552486187,Significant
H2aj,-4.0324574,-2.0071683,5.519662852781243e-05,0.0007686356627542596,0.016574585635359115,Significant
Arpc1b,-4.0333095,-1.4258047,5.499673562416107e-05,0.0007662268468743225,0.029696132596685083,Significant
Bbc3,-4.038506,-3.8790672,5.379273095504263e-05,0.0007503703805269678,0.004834254143646409,Significant
Ttf1,-4.03911,-1.004627,5.3654406534891856e-05,0.0007486242495719865,0.05179558011049724,Significant
Surf4,-4.0416255,-1.6545614,5.308198638935628e-05,0.0007410005851915508,0.022790055248618785,Significant
Psmd5,-4.0430484,-1.2031577,5.2760685307138555e-05,0.0007368766696281031,0.0393646408839779,Significant
Brap,-4.047591,-1.0070596,5.1747421254807395e-05,0.0007236124542411562,0.0462707182320442,Significant
Dancr,-4.0532093,-3.485576,5.051972238152661e-05,0.0007067920177215004,0.004834254143646409,Significant
Gapdhs,-4.054591,-3.9150245,5.022202789572513e-05,0.0007029725885964811,0.004143646408839779,Significant
Dnaja3,-4.059076,-1.1303217,4.926727152920315e-05,0.0006904572257308286,0.03867403314917127,Significant
Clcn4,-4.061269,-1.131869,4.880674981615901e-05,0.0006843400988135706,0.04005524861878453,Significant
Pcnx3,-4.064173,-2.2519486,4.8203055405792434e-05,0.0006765418234807067,0.015193370165745856,Significant
Prpf8,-4.0677395,-1.0507331,4.7471448392044875e-05,0.0006664378064327976,0.04558011049723757,Significant
Hoxa7,-4.0729685,-1.9099165,4.64176638747315e-05,0.0006524483334216456,0.020718232044198894,Significant
Dusp3,-4.0767584,-1.6268007,4.566790692161503e-05,0.0006431798882076878,0.025552486187845305,Significant
Rpl5,-4.080085,-1.2362496,4.501930104599448e-05,0.0006345158467475178,0.04005524861878453,Significant
D2hgdh,-4.0820704,-1.4189888,4.4636248820798625e-05,0.0006292727516972257,0.031077348066298343,Significant
Pgp,-4.082286,-2.6666517,4.4594937580967054e-05,0.0006290018183794514,0.011049723756906077,Significant
Ubl5,-4.0825753,-3.048022,4.453938355892652e-05,0.000628373894754419,0.008287292817679558,Significant
Ndufb11,-4.0831876,-3.0657485,4.442214251123671e-05,0.0006270305445543702,0.006906077348066298,Significant
Alas2,-4.091197,-4.581868,4.291521152739372e-05,0.0006069635021314769,0.0020718232044198894,Significant
Cyc1,-4.091793,-4.7614145,4.280508526210553e-05,0.0006057068488840832,0.0027624309392265192,Significant
Gm50013,-4.099819,-3.8607302,4.134733133714239e-05,0.00058551564130023,0.004143646408839779,Significant
Igf2bp3,-4.100274,-2.8259213,4.126610258306097e-05,0.0005845107331298694,0.008977900552486187,Significant
Mrpl3,-4.105255,-1.0612803,4.038685930011553e-05,0.0005724839819287724,0.04765193370165746,Significant
Rbmxl1,-4.1068025,-2.6625142,4.011737765484024e-05,0.000568805677550861,0.012430939226519336,Significant
Trim11,-4.1074147,-1.0875963,4.0011209826565194e-05,0.0005674416684270109,0.04558011049723757,Significant
Gm55606,-4.1105924,-5.592594,3.9464553155392754e-05,0.0005599678846800945,0.0013812154696132596,Significant
Rpl3,-4.119032,-2.070353,3.804670950927797e-05,0.0005402537870742636,0.016574585635359115,Significant
Garnl3,-4.121324,-1.6359499,3.767009804486332e-05,0.0005351729173584237,0.024171270718232045,Significant
Pttg1ip,-4.122069,-1.2867706,3.7548496936988494e-05,0.0005335784786845674,0.03383977900552486,Significant
Trir,-4.1239057,-1.1129187,3.7250138806727835e-05,0.000529735303145327,0.04212707182320442,Significant
Trappc13,-4.1264706,-1.1208237,3.6837276328700244e-05,0.0005243133381429095,0.04488950276243094,Significant
Armc1,-4.126843,-1.0272278,3.677770700721168e-05,0.0005236707713672518,0.04903314917127072,Significant
Gm15764,-4.127042,-3.3327487,3.674597410981954e-05,0.0005233498028482328,0.006215469613259668,Significant
Wscd2,-4.1316423,-3.2816029,3.6018064592835996e-05,0.0005132393933885573,0.008287292817679558,Significant
Rpl32,-4.133893,-1.7253612,3.5666972535527215e-05,0.0005084910072973098,0.021408839779005526,Significant
Ccdc106,-4.134406,-2.0078838,3.558740024957381e-05,0.000507483635765335,0.017265193370165747,Significant
Arf5,-4.1355066,-1.03708,3.5417273169256505e-05,0.0005053106869282473,0.04350828729281768,Significant
Gm48832,-4.1364994,-2.3732355,3.5264438076790514e-05,0.0005033823937153494,0.011740331491712707,Significant
Brpf1,-4.136963,-1.492222,3.519332956327492e-05,0.0005024933246395278,0.029005524861878452,Significant
Gm37768,-4.1370125,-2.442287,3.5185718875250454e-05,0.0005024933246395278,0.014502762430939226,Significant
Tyk2,-4.137931,-1.670221,3.504520275091231e-05,0.0005008807454416912,0.025552486187845305,Significant
Tmem186,-4.1395855,-2.225831,3.479336467672347e-05,0.0004975311346201183,0.014502762430939226,Significant
Brdt,-4.1408353,-1.2900997,3.460436660052573e-05,0.0004952016181453972,0.03660220994475138,Significant
Dpm3,-4.1416626,-4.068554,3.4479739420237604e-05,0.0004935421926414654,0.003453038674033149,Significant
Cacng7,-4.1443186,-3.22198,3.4082560288779825e-05,0.0004879796493345265,0.008287292817679558,Significant
Hcar1,-4.1455927,-3.7148278,3.389355941659122e-05,0.00048576218644352397,0.004143646408839779,Significant
Fkbp8,-4.1467347,-2.4363117,3.372504110477198e-05,0.0004835904219458125,0.013121546961325966,Significant
Gm39103,-4.1509213,-5.9511623,3.311392437154222e-05,0.0004751864837802383,0.0013812154696132596,Significant
Txndc9,-4.155812,-1.4303384,3.24134680820551e-05,0.00046548683128885235,0.029005524861878452,Significant
Gm56936,-4.159709,-3.4936366,3.1865339503321405e-05,0.0004579617104135851,0.006215469613259668,Significant
Rai2,-4.1604123,-1.1813782,3.1767363121894386e-05,0.00045666887743594755,0.04419889502762431,Significant
Adap2,-4.1661134,-1.4933501,3.0983674447678104e-05,0.0004460787374779365,0.027624309392265192,Significant
Mrpl53,-4.166999,-2.8880074,3.086363001561407e-05,0.00044446281151216006,0.008977900552486187,Significant
Rps3,-4.1698284,-2.1933153,3.0482893617088317e-05,0.00043931319803862964,0.017265193370165747,Significant
Sympk,-4.171202,-1.1356819,3.029970483443604e-05,0.0004370049374310088,0.04350828729281768,Significant
Ncam2,-4.1721287,-3.464091,3.0176699186421922e-05,0.00043534112702661536,0.007596685082872928,Significant
Gdap2,-4.173552,-1.4186358,2.9988721278851886e-05,0.00043273892000484173,0.031077348066298343,Significant
Zfp503,-4.177565,-2.3275719,2.9464642256742758e-05,0.00042539203720618396,0.013121546961325966,Significant
Amz2,-4.178831,-1.0934414,2.930112858502471e-05,0.00042313861596751006,0.04488950276243094,Significant
Atxn7l1os1,-4.179683,-4.3786573,2.9191536922517324e-05,0.0004216629385857582,0.0027624309392265192,Significant
Qtrt2,-4.17989,-1.2708142,2.9164995825557124e-05,0.0004213864570675078,0.03660220994475138,Significant
3300002I08Rik,-4.1816444,-1.4318198,2.8940847482769855e-05,0.0004184664287751138,0.028314917127071824,Significant
Unc45a,-4.1834564,-2.4253244,2.871101809377262e-05,0.00041524868714186105,0.013121546961325966,Significant
Zswim7,-4.185517,-3.0031066,2.8451813176454737e-05,0.0004116043430082594,0.008287292817679558,Significant
Acad8,-4.187941,-1.129105,2.8149653938049328e-05,0.0004073365806572978,0.04350828729281768,Significant
Prodh,-4.1909447,-1.012754,2.7779536588418514e-05,0.00040228753633803115,0.0531767955801105,Significant
Gm56980,-4.1922436,-3.775804,2.7620895742845812e-05,0.00040009194212500213,0.004834254143646409,Significant
Sp3os,-4.1929307,-1.4613423,2.7537376726448892e-05,0.0003990852044237023,0.03314917127071823,Significant
S100a1,-4.195115,-3.8843791,2.727331948809643e-05,0.00039556038842885856,0.004834254143646409,Significant
Pym1,-4.1957026,-1.1607981,2.720271597465755e-05,0.0003947374745955595,0.04212707182320442,Significant
Ythdf1,-4.196315,-1.1777778,2.7129314195574107e-05,0.0003937726942671897,0.04212707182320442,Significant
Rpl18,-4.1965218,-2.5569057,2.710455888624599e-05,0.00039351368881737197,0.012430939226519336,Significant
Psmb3,-4.1967034,-1.5824606,2.708279198328899e-05,0.0003932979490743327,0.027624309392265192,Significant
Dolpp1,-4.1971755,-2.2631674,2.7026473212617737e-05,0.0003925802069386905,0.015193370165745856,Significant
Etfbkmt,-4.199037,-1.0780973,2.680524781685412e-05,0.000389636670842592,0.04558011049723757,Significant
Prkd2,-4.2081056,-1.4123242,2.5752035271445615e-05,0.0003749288264871861,0.0324585635359116,Significant
Isca1,-4.208453,-1.9266968,2.5712468547566032e-05,0.00037444850935216303,0.021408839779005526,Significant
Ube2o,-4.20914,-1.1202542,2.5634447139246316e-05,0.0003734077908815105,0.04005524861878453,Significant
Cd164,-4.213029,-1.0766128,2.5196869659529415e-05,0.0003672216419972522,0.0531767955801105,Significant
H2-Eb1,-4.215544,-1.9181887,2.491763489414016e-05,0.0003633380405908412,0.022790055248618785,Significant
Zbtb26,-4.215627,-1.229242,2.490849973752297e-05,0.00036329786976288303,0.03798342541436464,Significant
Gm56816,-4.216016,-2.8034098,2.486560715975955e-05,0.0003627651901829025,0.009668508287292817,Significant
Myo19,-4.2164545,-2.1771917,2.481732322509945e-05,0.00036215356272690613,0.015883977900552487,Significant
Rdh10,-4.217141,-1.9450164,2.4741887925848657e-05,0.0003611453064305943,0.020027624309392266,Significant
Cdh23,-4.218283,-3.4965382,2.46169479945579e-05,0.00035941375275849263,0.004834254143646409,Significant
Spata6l,-4.2194667,-1.6073866,2.4488114592747387e-05,0.0003576244506349395,0.026933701657458564,Significant
Hint1,-4.219756,-1.5864542,2.445667979494469e-05,0.0003572570046700733,0.026243093922651933,Significant
2810402E24Rik,-4.2208233,-1.7229536,2.434115128468369e-05,0.00035566063518120965,0.024861878453038673,Significant
Smdt1,-4.23743,-2.5853205,2.260927503796735e-05,0.00033103490098660294,0.011740331491712707,Significant
Ndufs2,-4.239358,-1.4085735,2.241598809550239e-05,0.00032828929479063824,0.031767955801104975,Significant
Rnf167,-4.240591,-1.3659432,2.2293209523517153e-05,0.00032657515911463603,0.034530386740331494,Significant
Timm17a,-4.240715,-1.7052796,2.228088478764475e-05,0.00032647860542801843,0.025552486187845305,Significant
Kctd9,-4.2444882,-1.1431801,2.1909293086566172e-05,0.00032111635975345286,0.04143646408839779,Significant
Hexa,-4.2456136,-1.3593092,2.1799614458700534e-05,0.0003196734089345524,0.03591160220994475,Significant
Atg2a,-4.252059,-1.3824794,2.1181383322146247e-05,0.00031100803190983224,0.03314917127071823,Significant
Gm46440,-4.2542024,-1.845428,2.0979558977045593e-05,0.0003081240824637485,0.020027624309392266,Significant
Gm40309,-4.2580914,-1.3709917,2.061798094994114e-05,0.0003031263757476371,0.034530386740331494,Significant
Acsm5,-4.2581244,-3.508864,2.0614929306114892e-05,0.0003031263757476371,0.006215469613259668,Significant
Pla2g15,-4.2591667,-2.5790744,2.0519022358532802e-05,0.0003018273449024067,0.012430939226519336,Significant
Lrrc14,-4.264289,-4.3577814,2.005399836131814e-05,0.00029552140804653626,0.003453038674033149,Significant
Zhx1,-4.26462,-1.8986859,2.0024296147082108e-05,0.0002951600949808445,0.020718232044198894,Significant
C1s1,-4.265538,-2.6245456,1.9942091765436555e-05,0.0002940245073059873,0.009668508287292817,Significant
Zfp746,-4.2691956,-1.5005411,1.9617931922622078e-05,0.00028944866717203993,0.029005524861878452,Significant
Cops8,-4.2707014,-2.0951695,1.9485918237318986e-05,0.0002875965967732453,0.017955801104972375,Significant
Tapbp,-4.2708836,-1.4103439,1.9470017974751087e-05,0.00028743642558991484,0.034530386740331494,Significant
Napa,-4.278926,-1.2205954,1.8779719549616533e-05,0.00027753335345827014,0.04005524861878453,Significant
Sqor,-4.280374,-1.2577345,1.8657940060994418e-05,0.00027580523494628325,0.034530386740331494,Significant
Hgsnat,-4.281723,-1.1933706,1.8545188090029645e-05,0.00027437259188978517,0.04419889502762431,Significant
Atp5md,-4.282029,-1.6773902,1.851968462607973e-05,0.000274117328384093,0.022790055248618785,Significant
Arpc5,-4.282931,-1.1280165,1.8444746842776206e-05,0.00027307912895853354,0.04350828729281768,Significant
Wdr62,-4.288624,-3.401486,1.7978369144975638e-05,0.0002665901868448067,0.0055248618784530384,Significant
Nt5m,-4.295483,-1.5901088,1.743133012942835e-05,0.0002585458111226308,0.027624309392265192,Significant
Stradb,-4.2968154,-1.1967658,1.7326945375389906e-05,0.00025706451188641915,0.04212707182320442,Significant
Ifnar2,-4.2980976,-2.3021588,1.7227013684624495e-05,0.00025564852390310225,0.015193370165745856,Significant
mt-Nd3,-4.300042,-2.3390312,1.7076551234015753e-05,0.0002536139550902689,0.015193370165745856,Significant
Psmd12,-4.3013744,-1.2154398,1.6974192225306592e-05,0.000252225333899056,0.04281767955801105,Significant
Col5a2,-4.3021274,-1.0182179,1.6916596045003896e-05,0.0002514351071257026,0.05386740331491713,Significant
Pdk4,-4.3039145,-2.5135474,1.67806289999801e-05,0.0002494793200751611,0.013121546961325966,Significant
Zcchc9,-4.304064,-1.7773314,1.676934554665011e-05,0.00024937667923003495,0.026933701657458564,Significant
Atp5k,-4.308515,-3.1450138,1.6435414137068237e-05,0.0002445385200885295,0.006906077348066298,Significant
Evi5l,-4.3111796,-1.0666955,1.6238593806053065e-05,0.00024179962602261182,0.04005524861878453,Significant
Gm6277,-4.3147874,-2.9770434,1.597566960306591e-05,0.00023813366567229736,0.007596685082872928,Significant
Ddx23,-4.316004,-1.1628983,1.5887941531261097e-05,0.0002368880017626442,0.04074585635359116,Significant
Gm57450,-4.3164916,-4.671374,1.585286025039669e-05,0.00023648879107095573,0.0027624309392265192,Significant
Gm33432,-4.3188086,-6.3789635,1.5687377152470225e-05,0.00023420423241709678,0.0006906077348066298,Significant
Asb8,-4.319305,-1.612693,1.5652131370064748e-05,0.00023373931611404583,0.026933701657458564,Significant
Xylt1,-4.320844,-2.0708346,1.5543348560780465e-05,0.00023223663353434806,0.018646408839779006,Significant
Cyb5d2,-4.322383,-1.8470513,1.543528674867236e-05,0.0002307431511567742,0.023480662983425413,Significant
Usp31,-4.3343644,-1.1830245,1.4618186354721874e-05,0.00021875798928363158,0.04212707182320442,Significant
Gm10135,-4.339809,-4.0321774,1.4260665553746402e-05,0.00021385740250088857,0.003453038674033149,Significant
Tmem178b,-4.347115,-2.011733,1.3793977735006766e-05,0.00020713156281883447,0.018646408839779006,Significant
Adpgk,-4.3476114,-2.4994836,1.3762800527085037e-05,0.00020671791738663918,0.014502762430939226,Significant
Cib2,-4.351575,-3.5392933,1.3516301503580683e-05,0.00020312265080902288,0.006906077348066298,Significant
Cfh,-4.3515997,-1.6922075,1.3514771022099046e-05,0.00020312265080902288,0.026933701657458564,Significant
Atpsckmt,-4.366461,-1.2646381,1.2627600427819588e-05,0.00019021909946044315,0.03729281767955801,Significant
Rps15a,-4.368769,-1.5837024,1.2494871016222743e-05,0.00018846899351913622,0.031077348066298343,Significant
Gm43011,-4.368786,-1.8148893,1.2493924374230989e-05,0.00018846899351913622,0.023480662983425413,Significant
P2ry12,-4.369828,-4.293133,1.2434423704149774e-05,0.00018765664461648353,0.0027624309392265192,Significant
Ranbp3,-4.3736343,-1.407231,1.221948639016202e-05,0.00018455962189448688,0.0324585635359116,Significant
Hoxaas3,-4.37797,-2.5402377,1.1978964926181161e-05,0.0001811190233302394,0.012430939226519336,Significant
Rpl34,-4.379162,-2.049787,1.1913663044920974e-05,0.0001801795185765857,0.020718232044198894,Significant
Smim13,-4.3793855,-2.699962,1.1901456827224112e-05,0.0001800427346437216,0.011049723756906077,Significant
Rpl12,-4.379551,-2.446707,1.1892422880852769e-05,0.00017995388021754916,0.013121546961325966,Significant
Borcs5,-4.3809986,-1.3805165,1.181365454376352e-05,0.00017880949053068542,0.034530386740331494,Significant
Uevld,-4.383357,-1.0196849,1.1686439488663564e-05,0.00017693101593299442,0.05041436464088398,Significant
Pdk2,-4.3834233,-1.7010307,1.1682887476117397e-05,0.00017692428079191507,0.024171270718232045,Significant
Cyren,-4.386038,-3.0355256,1.154340435316132e-05,0.00017485846961249235,0.007596685082872928,Significant
Gm56990,-4.3868737,-3.5850039,1.1499158962525544e-05,0.0001743273683905613,0.0055248618784530384,Significant
Vim,-4.387693,-1.5351737,1.145594685800475e-05,0.0001737648028880257,0.03038674033149171,Significant
Myh10,-4.3893557,-1.1937293,1.1368689557317708e-05,0.00017248722410957303,0.04212707182320442,Significant
Ptdss1,-4.3906054,-1.1025009,1.1303555782855075e-05,0.00017159044783565737,0.04558011049723757,Significant
Psma6,-4.3945026,-1.1479597,1.110267096640853e-05,0.00016881099799686733,0.04350828729281768,Significant
Lage3,-4.39998,-2.6938167,1.0826077246235546e-05,0.00016478151950759107,0.011740331491712707,Significant
Snrpb,-4.4004107,-1.5190455,1.0804631817742192e-05,0.00016449907495563051,0.03038674033149171,Significant
Aars,-4.403472,-1.7415255,1.0653206276234086e-05,0.00016228042230472046,0.022790055248618785,Significant
Cct3,-4.4046965,-1.4109232,1.0593205269642475e-05,0.00016145281082941975,0.03383977900552486,Significant
Fam210a,-4.408412,-1.1497943,1.041314336671298e-05,0.00015879346450026882,0.04558011049723757,Significant
4930578M01Rik,-4.4087095,-2.6846013,1.0398833599811712e-05,0.00015861772944197127,0.010359116022099447,Significant
Hspa14,-4.4087343,-1.6321844,1.0397641967269282e-05,0.00015861772944197127,0.028314917127071824,Significant
Gga2,-4.4094543,-1.1312717,1.0363141294087596e-05,0.0001581580349575561,0.04419889502762431,Significant
Acer2,-4.4110513,-2.4161742,1.0286995164666117e-05,0.0001571644195522547,0.013121546961325966,Significant
Supv3l1,-4.411283,-1.2729694,1.027599253989788e-05,0.0001570384571160293,0.03867403314917127,Significant
Arl5b,-4.4127064,-1.3989592,1.0208651151098784e-05,0.0001560512228710647,0.031767955801104975,Significant
Mpv17l,-4.4193172,-1.3638715,9.901315131981739e-06,0.0001515566626156377,0.03522099447513812,Significant
Zfp692,-4.4257464,-2.767877,9.610930956901276e-06,0.00014730983031410917,0.010359116022099447,Significant
2810449D17Rik,-4.4259453,-3.06171,9.602092387089944e-06,0.00014721398562554888,0.007596685082872928,Significant
Twf1,-4.433425,-2.5026436,9.274770375482771e-06,0.00014223396174262441,0.013812154696132596,Significant
C1qtnf12,-4.433483,-4.4938602,9.27227789266923e-06,0.00014223396174262441,0.0027624309392265192,Significant
Atp6ap1,-4.4337645,-1.5926358,9.260180647863916e-06,0.00014208675458637004,0.031077348066298343,Significant
Sumf2,-4.434575,-1.5401487,9.225396431211782e-06,0.00014162936052564845,0.03038674033149171,Significant
Tvp23b,-4.4355683,-2.0774467,9.182973517011048e-06,0.00014101609898385276,0.019337016574585635,Significant
Gid4,-4.440028,-1.1342736,8.994712068851768e-06,0.00013819964919387168,0.04419889502762431,Significant
Ntan1,-4.4431725,-1.4065397,8.864208637981534e-06,0.00013634168126831618,0.03383977900552486,Significant
Bace1,-4.445746,-1.3714852,8.75875020003308e-06,0.00013479243111894152,0.03314917127071823,Significant
Mavs,-4.445986,-1.8610474,8.748977801331922e-06,0.0001347148580274854,0.019337016574585635,Significant
Gm16984,-4.4476075,-3.09517,8.683202536567031e-06,0.00013381061857501038,0.008977900552486187,Significant
Ddx55,-4.448137,-1.4671121,8.661827438956649e-06,0.00013351735684938564,0.03314917127071823,Significant
5430402O13Rik,-4.4507103,-1.0323093,8.558671733981856e-06,0.00013203449666883253,0.04765193370165746,Significant
Prss36,-4.4533167,-3.5158114,8.45538668904477e-06,0.00013047646977260117,0.006215469613259668,Significant
Txn1,-4.46289,-1.8818196,8.086148697135744e-06,0.00012504980797490667,0.024171270718232045,Significant
Slc25a4,-4.4643135,-1.7998261,8.032591377606646e-06,0.00012425530715357241,0.024171270718232045,Significant
Zbtb43,-4.466258,-1.1903169,7.95996504879679e-06,0.0001231987958259141,0.04558011049723757,Significant
Haus3,-4.4676313,-2.991563,7.909041831482405e-06,0.000122477223531803,0.008287292817679558,Significant
Ube2m,-4.4677057,-1.6720484,7.90628985356734e-06,0.0001224679136430843,0.029005524861878452,Significant
Rtn4ip1,-4.468434,-1.8089234,7.879429816819447e-06,0.00012208506481619489,0.022099447513812154,Significant
Plekhh3,-4.469096,-2.8447666,7.855087322866403e-06,0.00012174102538141968,0.009668508287292817,Significant
Eif1a,-4.470412,-1.1059339,7.806919896664975e-06,0.00012102745054070253,0.04903314917127072,Significant
Clstn3,-4.4718018,-3.5411677,7.756332874748697e-06,0.00012027596683580217,0.006215469613259668,Significant
H2az1,-4.475343,-2.8976548,7.628868749654148e-06,0.00011839613395313624,0.010359116022099447,Significant
Gpr180,-4.4759803,-1.1082114,7.606150720561777e-06,0.00011807574377849186,0.0462707182320442,Significant
Mrps6,-4.47742,-2.3619738,7.5550518790874734e-06,0.00011734648364624108,0.015193370165745856,Significant
Slc25a40,-4.480109,-1.2738893,7.460486472730685e-06,0.00011594092801412608,0.04212707182320442,Significant
Prkra,-4.481921,-1.3887331,7.397403393877318e-06,0.00011502336063647416,0.031767955801104975,Significant
C2cd2,-4.4820786,-1.1920153,7.391954544241199e-06,0.00011497003105808197,0.04350828729281768,Significant
Stat1,-4.4837747,-1.837763,7.33340790149757e-06,0.00011418418903997076,0.020718232044198894,Significant
Gm53055,-4.4920907,-3.9315357,7.05274469043883e-06,0.00010993439239481999,0.004834254143646409,Significant
Snhg12,-4.4930916,-2.0401738,7.019654693461306e-06,0.0001094485645948467,0.019337016574585635,Significant
Zfp74,-4.4996862,-1.4776412,6.805379873530309e-06,0.00010622399544371967,0.029696132596685083,Significant
Prelp,-4.5038733,-2.2807755,6.672603384540525e-06,0.00010420864216103183,0.015883977900552487,Significant
Spg7,-4.507456,-1.0842326,6.560953454594994e-06,0.00010257749880782361,0.05041436464088398,Significant
Oxa1l,-4.5101037,-1.8462586,6.479591678037316e-06,0.00010133326826122572,0.024171270718232045,Significant
4930506C21Rik,-4.5135045,-3.599024,6.376507997849281e-06,9.977596644834732e-05,0.006215469613259668,Significant
Cers4,-4.5144644,-1.4888631,6.347698934709739e-06,9.935248077001299e-05,0.03038674033149171,Significant
Stub1,-4.515135,-1.6285162,6.327656149135792e-06,9.906600736539486e-05,0.029005524861878452,Significant
Syvn1,-4.5173025,-1.8304515,6.263240262031622e-06,9.80844784819424e-05,0.022790055248618785,Significant
Tmem29,-4.5279846,-1.1445148,5.954889087767694e-06,9.340973541228107e-05,0.04074585635359116,Significant
Tmem179,-4.528928,-26.743517,5.92836992165481e-06,9.301937495424263e-05,0.0,Significant
Coro2b,-4.531005,-1.7743148,5.870379053213674e-06,9.218567392968556e-05,0.024171270718232045,Significant
Akr1b3,-4.531758,-4.0996995,5.8494888866779e-06,9.188296460588312e-05,0.004143646408839779,Significant
Opn3,-4.5347366,-3.3784273,5.767541851543012e-06,9.064576333665766e-05,0.006906077348066298,Significant
Tsn,-4.5351753,-1.0864,5.755570616310708e-06,9.048259151390062e-05,0.0531767955801105,Significant
Psmc1,-4.535241,-1.4471842,5.753765704608798e-06,9.048259151390062e-05,0.034530386740331494,Significant
Gstt2,-4.5354066,-1.3410156,5.7492557952661725e-06,9.045824101637225e-05,0.04005524861878453,Significant
Ldlr,-4.536888,-1.238238,5.709042483476639e-06,8.985035601206282e-05,0.04212707182320442,Significant
Nr1d1,-4.544302,-3.034102,5.511764950974445e-06,8.686559869178961e-05,0.008977900552486187,Significant
Fbxo32,-4.546999,-2.2556162,5.441620188929973e-06,8.578385802266378e-05,0.015883977900552487,Significant
Raph1,-4.5471897,-1.4857781,5.43670373447314e-06,8.573008788275687e-05,0.031767955801104975,Significant
Foxk1,-4.5475783,-1.0178633,5.426670287414883e-06,8.559557696279524e-05,0.057320441988950276,Significant
Adck2,-4.5489106,-2.0297463,5.3924345942125715e-06,8.510272123865245e-05,0.017955801104972375,Significant
Gm39469,-4.5513597,-1.5321267,5.330030792839199e-06,8.425799094254772e-05,0.03383977900552486,Significant
Xpnpep1,-4.5534863,-1.1789881,5.276410429557379e-06,8.343351465410351e-05,0.04558011049723757,Significant
Zfp267,-4.55457,-1.8449023,5.249277762463185e-06,8.302753474233784e-05,0.023480662983425413,Significant
Usp36,-4.55956,-1.4268644,5.126098090573126e-06,8.114683107459671e-05,0.03383977900552486,Significant
Sub1,-4.562042,-1.4990345,5.065850518576298e-06,8.023771749047372e-05,0.034530386740331494,Significant
9330159M07Rik,-4.565807,-1.7938702,4.975767384140234e-06,7.8898682990902e-05,0.022790055248618785,Significant
Atf4,-4.567487,-1.2700632,4.93607321871706e-06,7.829107107157887e-05,0.04281767955801105,Significant
Pak1ip1,-4.568438,-1.7136422,4.913721126812839e-06,7.797998736952337e-05,0.025552486187845305,Significant
Snhg14,-4.5726,-1.776957,4.817089217187638e-06,7.653177374885081e-05,0.024861878453038673,Significant
Gm26911,-4.5750823,-5.4080176,4.760325203606954e-06,7.567216008335666e-05,0.0013812154696132596,Significant
Pim1,-4.5760508,-2.2065396,4.738361365552384e-06,7.534404761684397e-05,0.016574585635359115,Significant
Anxa7,-4.581313,-1.0314015,4.6206559360582554e-06,7.361633174456999e-05,0.0531767955801105,Significant
Rilpl2,-4.582786,-1.9843643,4.588218157680345e-06,7.314046195870005e-05,0.020718232044198894,Significant
Zfp933,-4.5831747,-1.1150315,4.579689598785177e-06,7.302495251874175e-05,0.05041436464088398,Significant
Gbp11,-4.589703,-3.1748157,4.438766055575749e-06,7.083738171820032e-05,0.007596685082872928,Significant
Rarres2,-4.59298,-2.4843776,4.36961167157823e-06,6.975331039846818e-05,0.013121546961325966,Significant
Pomt1,-4.593807,-1.8558064,4.352312384733458e-06,6.94966403530869e-05,0.022099447513812154,Significant
Rpl37,-4.595512,-1.9970342,4.316882446311847e-06,6.896958568334537e-05,0.020718232044198894,Significant
Adtrp,-4.5960083,-4.2589364,4.30661512301303e-06,6.88248587481013e-05,0.004143646408839779,Significant
Adprs,-4.597738,-2.006484,4.271033009085363e-06,6.833292794895466e-05,0.020027624309392266,Significant
Fosl2,-4.600907,-1.9760469,4.206557333479997e-06,6.735814992285842e-05,0.020718232044198894,Significant
Ulk1,-4.601122,-1.0934392,4.202214368900343e-06,6.730753540915737e-05,0.04834254143646409,Significant
Epm2a,-4.6012874,-1.0609462,4.198876550974991e-06,6.72729965360346e-05,0.05386740331491713,Significant
Abhd14b,-4.6039186,-2.0753272,4.1461453659169235e-06,6.646555835604605e-05,0.020718232044198894,Significant
Nin,-4.6125655,-1.5910956,3.977294627805081e-06,6.384864206423713e-05,0.029005524861878452,Significant
Trappc3,-4.613517,-1.4584202,3.959120742080493e-06,6.359274870939502e-05,0.0324585635359116,Significant
Dctn6,-4.6173725,-1.2169422,3.88628842653833e-06,6.245812850565031e-05,0.0462707182320442,Significant
Rnps1,-4.6186385,-1.4916843,3.862656992810489e-06,6.209586443467591e-05,0.031767955801104975,Significant
Rps16,-4.6191435,-2.3428652,3.85327376720363e-06,6.196251386002314e-05,0.015883977900552487,Significant
Rcan1,-4.623024,-1.5447339,3.7818568512526916e-06,6.0865661663985166e-05,0.029696132596685083,Significant
Derl2,-4.623405,-1.1959022,3.7749209392499453e-06,6.0788397398707896e-05,0.04696132596685083,Significant
Scand1,-4.6243315,-2.4418323,3.7580844528955366e-06,6.053439514351478e-05,0.013121546961325966,Significant
Pcif1,-4.624621,-1.89734,3.7528378300378155e-06,6.046698893044235e-05,0.023480662983425413,Significant
Hspe1,-4.625134,-2.4654562,3.7435610439056005e-06,6.033459082961472e-05,0.015883977900552487,Significant
Rab9,-4.62904,-1.4996109,3.673654970837084e-06,5.927503193381536e-05,0.03591160220994475,Significant
Dnm3,-4.6296935,-2.077805,3.662077531380437e-06,5.912173425413481e-05,0.017955801104972375,Significant
Aven,-4.6314144,-1.1543912,3.6317622103447005e-06,5.866558071467733e-05,0.04558011049723757,Significant
Lamtor1,-4.631646,-1.1607646,3.6276997225437287e-06,5.861658623761704e-05,0.04765193370165746,Significant
Arpp19,-4.6318283,-1.0786275,3.624510824634875e-06,5.858168347020562e-05,0.05593922651933702,Significant
Tmem41b,-4.6334004,-1.3289831,3.5970819502794504e-06,5.815486749882515e-05,0.03798342541436464,Significant
Caml,-4.6338634,-1.0233212,3.5890356965248883e-06,5.804126145862643e-05,0.05179558011049724,Significant
Jtb,-4.6339545,-2.0302565,3.58745721144743e-06,5.803221621506481e-05,0.022099447513812154,Significant
Rabggtb,-4.6341696,-1.4870867,3.5837288922248024e-06,5.798837932713057e-05,0.03660220994475138,Significant
Rpsa,-4.634865,-1.7346964,3.5717089258218584e-06,5.781031209358228e-05,0.029005524861878452,Significant
Acrbp,-4.636222,-1.9592901,3.5483526836510793e-06,5.744860681256073e-05,0.020718232044198894,Significant
Gin1,-4.6372147,-1.421526,3.5313556031862157e-06,5.718968128584366e-05,0.03798342541436464,Significant
Hmgn3,-4.6385965,-2.5669627,3.5078312019000772e-06,5.682486954975599e-05,0.013121546961325966,Significant
Rps18,-4.6420884,-1.9355043,3.4490540088435315e-06,5.595230322437593e-05,0.023480662983425413,Significant
A630072M18Rik,-4.642287,-1.9728887,3.445739769849514e-06,5.591446800655491e-05,0.019337016574585635,Significant
Mtmr14,-4.6425266,-1.1338971,3.441739138734063e-06,5.5865469868488106e-05,0.04903314917127072,Significant
Abraxas1,-4.646987,-1.8469357,3.368188302515882e-06,5.4734021156837e-05,0.022790055248618785,Significant
Ndc1,-4.65191,-1.5277611,3.2887465389406153e-06,5.348886508820839e-05,0.031767955801104975,Significant
Cox14,-4.6533165,-2.5729704,3.266380988160898e-06,5.318134287527043e-05,0.011740331491712707,Significant
Maged1,-4.6539125,-1.1182824,3.256952559455697e-06,5.3047521649876095e-05,0.049723756906077346,Significant
Phyh,-4.6550045,-1.0288377,3.2397348574790164e-06,5.278218670091922e-05,0.05179558011049724,Significant
Apoc1,-4.6600437,-5.558172,3.1614227995533558e-06,5.153580750912328e-05,0.0013812154696132596,Significant
Kpnb1,-4.666564,-1.2262185,3.0627843925284866e-06,4.9970775385376665e-05,0.04212707182320442,Significant
Ankra2,-4.6666136,-1.8736283,3.062044787263411e-06,4.9970775385376665e-05,0.022099447513812154,Significant
Map2k7,-4.667234,-1.5897764,3.052814165324475e-06,4.983666610887067e-05,0.0324585635359116,Significant
Gli2,-4.669435,-1.6628671,3.0202909716170953e-06,4.933401842078285e-05,0.024861878453038673,Significant
Apip,-4.6756163,-2.292647,2.9307248001401335e-06,4.7953563461143486e-05,0.015883977900552487,Significant
2810036E18Rik,-4.6824675,-4.4536123,2.834425057754094e-06,4.645797271547952e-05,0.0027624309392265192,Significant
Gm16159,-4.6846848,-26.834736,2.803911345144185e-06,4.597106706128852e-05,0.0,Significant
Bnip2,-4.69051,-1.0267993,2.7252501032005117e-06,4.470713515596092e-05,0.060082872928176795,Significant
Letm1,-4.692496,-2.1283307,2.6989211328638102e-06,4.430074033623471e-05,0.017265193370165747,Significant
Rps15,-4.693985,-1.2733153,2.6793347859966365e-06,4.399192677319334e-05,0.04074585635359116,Significant
S100a10,-4.6970716,-2.0667229,2.639180844631627e-06,4.335764468383424e-05,0.023480662983425413,Significant
Trmt10a,-4.7024746,-2.4215477,2.57027119352442e-06,4.22621461248842e-05,0.013812154696132596,Significant
Mlycd,-4.7104344,-2.0326264,2.471890986739846e-06,4.0679752796518374e-05,0.020027624309392266,Significant
Coq10b,-4.7145224,-2.124979,2.4227864705441905e-06,3.9917790630571975e-05,0.019337016574585635,Significant
Btf3l4,-4.7167892,-1.2846559,2.395955546600078e-06,3.949858273855096e-05,0.04350828729281768,Significant
Bzw2,-4.730434,-1.211511,2.240406113040889e-06,3.700927313103025e-05,0.0462707182320442,Significant
Eipr1,-4.7309217,-1.152136,2.235024392583039e-06,3.694180665836599e-05,0.04696132596685083,Significant
Setd1b,-4.7339005,-1.0259238,2.2024547595020457e-06,3.642462284658902e-05,0.055248618784530384,Significant
Angptl2,-4.735597,-1.4247277,2.1841123439567038e-06,3.6142267066910396e-05,0.0393646408839779,Significant
Idnk,-4.740181,-2.592385,2.1352740627871577e-06,3.536493321965199e-05,0.014502762430939226,Significant
Rxylt1,-4.7439456,-1.7383987,2.0959492989178153e-06,3.472656514445446e-05,0.026933701657458564,Significant
1700120O09Rik,-4.744591,-26.856256,2.0892781354051897e-06,3.463335845941977e-05,0.0,Significant
Pus7,-4.7449636,-1.9959434,2.0854386692509928e-06,3.4579779634776e-05,0.022099447513812154,Significant
Ttc4,-4.7525597,-1.4330394,2.0085769259076646e-06,3.332470242951875e-05,0.03591160220994475,Significant
Gm2415,-4.753908,-3.0250664,1.9952169545106675e-06,3.311269268632816e-05,0.008287292817679558,Significant
Gm17251,-4.763796,-4.3806725,1.8998454379612795e-06,3.15851384183805e-05,0.003453038674033149,Significant
Gale,-4.769431,-4.764094,1.8474711348504594e-06,3.0750322680362474e-05,0.0027624309392265192,Significant
Srp9,-4.7706804,-1.7429594,1.8360474020864694e-06,3.0569115532808673e-05,0.026243093922651933,Significant
Psmd3,-4.7722526,-2.3034363,1.8217695778852612e-06,3.0349146148146475e-05,0.015193370165745856,Significant
B230369F24Rik,-4.7729063,-1.3166903,1.8158644641752648e-06,3.025962495013279e-05,0.04074585635359116,Significant
Rap1gap2,-4.7735515,-1.8681202,1.810052146010142e-06,3.018043316133631e-05,0.021408839779005526,Significant
Pla2g6,-4.7866335,-2.40312,1.6960230251312824e-06,2.8353859974750544e-05,0.013121546961325966,Significant
Hmg20b,-4.7901,-2.8293447,1.6669799336687897e-06,2.7876506432609267e-05,0.011740331491712707,Significant
Mrps10,-4.792599,-2.3547592,1.6463437970081486e-06,2.7571900631012054e-05,0.016574585635359115,Significant
Gatad1,-4.7928557,-1.543856,1.6442394685994504e-06,2.7544760100476995e-05,0.03314917127071823,Significant
Pecr,-4.793319,-2.0396328,1.6404446528566027e-06,2.7489275744057623e-05,0.019337016574585635,Significant
Spcs2,-4.7935753,-1.4995453,1.6383475727140662e-06,2.7462216407981056e-05,0.03798342541436464,Significant
Iffo2,-4.7944856,-3.371764,1.6309270950259635e-06,2.734588330915e-05,0.007596685082872928,Significant
Sox7,-4.7975307,-6.427334,1.6063363233680048e-06,2.694150120438809e-05,0.0006906077348066298,Significant
Dolk,-4.803521,-3.3639848,1.5589929665768687e-06,2.620148126028733e-05,0.006906077348066298,Significant
Atat1,-4.8053083,-1.1433779,1.54513019547975e-06,2.5976161340659118e-05,0.052486187845303865,Significant
Hacd1,-4.8069715,-1.5184722,1.5323366226730484e-06,2.5776301220568994e-05,0.03314917127071823,Significant
Dus2,-4.8085604,-1.164311,1.5202110402571616e-06,2.5587448076642932e-05,0.04765193370165746,Significant
Bicd2,-4.8134007,-1.729729,1.4838319902872258e-06,2.5004698833662304e-05,0.025552486187845305,Significant
Srp14,-4.814857,-2.7958498,1.4730519780024712e-06,2.483774139160163e-05,0.011740331491712707,Significant
C4b,-4.815395,-2.219939,1.4690897963090015e-06,2.4778270761738997e-05,0.017955801104972375,Significant
Farp2,-4.8158503,-1.0146806,1.465745186647304e-06,2.473651353671729e-05,0.052486187845303865,Significant
Cherp,-4.820972,-1.2760726,1.4286044608216027e-06,2.4138328369033497e-05,0.04419889502762431,Significant
Filip1l,-4.8212285,-2.1085808,1.4267684215892454e-06,2.4114461470380893e-05,0.020718232044198894,Significant
Rps4x,-4.8223786,-2.027961,1.4185637186179482e-06,2.3982908759449106e-05,0.021408839779005526,Significant
Phf10,-4.823959,-1.0286397,1.4073636029480462e-06,2.380062100251402e-05,0.057320441988950276,Significant
Dnajc19,-4.824174,-1.8761692,1.4058455714238955e-06,2.378201208628878e-05,0.024171270718232045,Significant
Ptbp1,-4.8250427,-1.9680235,1.3997310637015642e-06,2.3692653536929478e-05,0.022099447513812154,Significant
Rpl23,-4.83225,-1.3210666,1.349986356237268e-06,2.2884660050761023e-05,0.04558011049723757,Significant
Fam78b,-4.8425927,-2.2568986,1.2815569434859844e-06,2.1750561525792976e-05,0.017265193370165747,Significant
Gm16023,-4.8447027,-1.6815996,1.2680130963388994e-06,2.1539956359974125e-05,0.031077348066298343,Significant
St3gal2,-4.8468623,-2.7089996,1.2542932011425283e-06,2.131325251156571e-05,0.012430939226519336,Significant
Pgrmc1,-4.849626,-2.0042124,1.2369441324146103e-06,2.1031005029507412e-05,0.023480662983425413,Significant
Ing2,-4.859158,-1.796566,1.178859232970727e-06,2.0049409672815464e-05,0.027624309392265192,Significant
Uqcr11,-4.861078,-3.0643296,1.1674833644942993e-06,1.986186742087538e-05,0.011049723756906077,Significant
Dcst1,-4.8678794,-3.2428546,1.128021488718553e-06,1.921923147490219e-05,0.008977900552486187,Significant
Ccdc122,-4.868343,-1.4174381,1.1253803074136209e-06,1.917997009411523e-05,0.03591160220994475,Significant
Ube3b,-4.869609,-1.4349205,1.1181945269879714e-06,1.9068917209111133e-05,0.03660220994475138,Significant
Plekha3,-4.8707504,-1.6198323,1.111751122636616e-06,1.896471560037494e-05,0.031767955801104975,Significant
Runx2,-4.874921,-2.6563587,1.088520861822449e-06,1.8574008508550217e-05,0.012430939226519336,Significant
Gm44686,-4.8788924,-2.64995,1.0668315727755748e-06,1.820936948004017e-05,0.014502762430939226,Significant
H2bc4,-4.8798194,-3.3915572,1.0618309144626545e-06,1.813488725267487e-05,0.006215469613259668,Significant
Dcst2,-4.880291,-2.7253213,1.0592946063012317e-06,1.8102429224909495e-05,0.011049723756906077,Significant
Hagh,-4.881888,-2.4368474,1.050749978825445e-06,1.7961799623026016e-05,0.014502762430939226,Significant
Zfp53,-4.8828144,-1.0979023,1.0458218969734412e-06,1.7882926316986403e-05,0.052486187845303865,Significant
Gm44001,-4.8866043,-2.3610563,1.025900055552136e-06,1.7558092895459625e-05,0.013812154696132596,Significant
Ppp1ca,-4.892893,-4.998748,9.936453865804609e-07,1.7026530832764978e-05,0.0020718232044198894,Significant
Rps8,-4.894986,-1.0870596,9.83126222589982e-07,1.6851351667819436e-05,0.05386740331491713,Significant
Sec24c,-4.8976836,-1.0182942,9.697298570693862e-07,1.6641768472389366e-05,0.05870165745856354,Significant
Gm10501,-4.9006953,-3.822327,9.549796043320552e-07,1.6398520401167537e-05,0.004834254143646409,Significant
Tpd52l2,-4.9010596,-1.036408,9.532113084620707e-07,1.637309354906147e-05,0.06284530386740332,Significant
Fam53a,-4.902499,-1.1073697,9.462493328657374e-07,1.626332123836642e-05,0.04903314917127072,Significant
Gm57286,-4.9032273,-1.4215446,9.427469992851308e-07,1.6212913586920758e-05,0.03867403314917127,Significant
Pex6,-4.905329,-1.3996165,9.327078485667195e-07,1.6048493530504275e-05,0.04143646408839779,Significant
Ndufs5,-4.9075966,-1.9943587,9.219936310454563e-07,1.5870386742853487e-05,0.022099447513812154,Significant
Zbtb41,-4.9139757,-1.4796311,8.924772801899855e-07,1.5385573360974254e-05,0.03660220994475138,Significant
Prpsap1,-4.9200826,-1.1000565,8.650779369040019e-07,1.4931313369278804e-05,0.05179558011049724,Significant
Zfp771,-4.924509,-1.2730505,8.457236325234323e-07,1.46105428882029e-05,0.04350828729281768,Significant
Mrps33,-4.925254,-2.2878082,8.425090155581611e-07,1.4559425145644083e-05,0.015883977900552487,Significant
Gm38162,-4.927554,-2.4258015,8.326535613146575e-07,1.4393481006319948e-05,0.017265193370165747,Significant
Dse,-4.9290023,-1.6200627,8.265066345511706e-07,1.429156218584215e-05,0.031767955801104975,Significant
Ankrd52,-4.9306736,-1.2927531,8.194656592410587e-07,1.4174117285189892e-05,0.04281767955801105,Significant
Cycs,-4.931286,-3.9375398,8.16900778729839e-07,1.4134046563857722e-05,0.004834254143646409,Significant
Abce1,-4.9355803,-1.2183226,7.991280032799455e-07,1.383494911364043e-05,0.04696132596685083,Significant
Polg,-4.9409423,-2.284372,7.774600585760673e-07,1.3472109919470436e-05,0.017265193370165747,Significant
Ripk1,-4.944384,-1.2986584,7.638492484882809e-07,1.324028616687099e-05,0.04350828729281768,Significant
Rps27a,-4.94685,-1.8221078,7.542406133118759e-07,1.3077714604930428e-05,0.026243093922651933,Significant
Atp5j2,-4.9469495,-1.9333328,7.538561374583321e-07,1.3075029644536975e-05,0.024171270718232045,Significant
Nom1,-4.9474373,-1.3489507,7.519685423687567e-07,1.3046264707806025e-05,0.04419889502762431,Significant
Gatb,-4.9545946,-1.181784,7.248117727616924e-07,1.2586613953285614e-05,0.04558011049723757,Significant
Tmem259,-4.955075,-1.000713,7.230250616792583e-07,1.2559417338950166e-05,0.060082872928176795,Significant
Gm15886,-4.9554305,-3.0385997,7.217031709857424e-07,1.2547939010411957e-05,0.009668508287292817,Significant
Zkscan8,-4.9561667,-1.2044874,7.189745578738221e-07,1.25119591381092e-05,0.04834254143646409,Significant
4932443L11Rik,-4.956862,-3.999051,7.164083569952731e-07,1.2474926072069677e-05,0.004143646408839779,Significant
Slc16a1,-4.9596753,-1.4277556,7.061112129711098e-07,1.2299381638968481e-05,0.03867403314917127,Significant
Emc6,-4.961512,-3.2629907,6.994648969659457e-07,1.2194804255400464e-05,0.008287292817679558,Significant
Hspb8,-4.9670725,-2.900984,6.797116772080662e-07,1.1854046741777793e-05,0.008287292817679558,Significant
Fnta,-4.967842,-1.014879,6.770206821134043e-07,1.1810733658155438e-05,0.05939226519337017,Significant
Cpt2,-4.973113,-1.3393625,6.58862866849688e-07,1.1504541705393463e-05,0.04143646408839779,Significant
Cyp51,-4.974718,-2.2194836,6.53426721394805e-07,1.1413119921147728e-05,0.018646408839779006,Significant
4930455C13Rik,-4.9765053,-3.896738,6.474249618059108e-07,1.1315231660586363e-05,0.0055248618784530384,Significant
ENSMUSG00000121307,-4.97706,-1.222264,6.455741251267556e-07,1.1286348252638192e-05,0.049723756906077346,Significant
Gm17344,-4.9792194,-4.087956,6.384126534516843e-07,1.1164574600796177e-05,0.004143646408839779,Significant
Laptm4b,-4.983936,-1.1370324,6.230378789806271e-07,1.0909102050134036e-05,0.05179558011049724,Significant
Rpl27a,-4.984002,-2.835125,6.228246532736149e-07,1.0908723033544418e-05,0.010359116022099447,Significant
Rpl14,-4.9851933,-2.7437932,6.189985962725554e-07,1.0845045867801716e-05,0.012430939226519336,Significant
Gga1,-4.985483,-1.3850858,6.180720797921013e-07,1.0832145981976621e-05,0.04143646408839779,Significant
Sp2,-4.988065,-1.8475063,6.098717019990253e-07,1.0691719391479834e-05,0.023480662983425413,Significant
Gm36914,-4.992599,-3.935909,5.957216683397141e-07,1.045008857576453e-05,0.006215469613259668,Significant
Atxn7l3b,-4.9935837,-1.4136257,5.926910367157504e-07,1.040012952900818e-05,0.03867403314917127,Significant
Rab30,-4.9951887,-1.4680235,5.87782181622066e-07,1.0320353130971958e-05,0.03591160220994475,Significant
Gm26827,-5.001709,-4.48783,5.682430041364431e-07,9.986948748039403e-06,0.003453038674033149,Significant
Parp16,-5.0017176,-1.7360259,5.682186106830659e-07,9.986948748039403e-06,0.03038674033149171,Significant
Id1,-5.003099,-3.1744273,5.641590345472384e-07,9.923935615123355e-06,0.008287292817679558,Significant
Paox,-5.011994,-2.8964467,5.386885413986737e-07,9.48175092296194e-06,0.011049723756906077,Significant
Ccdc61,-5.0126724,-1.1580882,5.367918635576882e-07,9.451288034272828e-06,0.05041436464088398,Significant
Rnft1,-5.0135913,-1.3226098,5.342346642498569e-07,9.409172909697217e-06,0.04281767955801105,Significant
Ccdc3,-5.0151634,-2.755352,5.298847133620491e-07,9.335447235008799e-06,0.012430939226519336,Significant
Lrrn3,-5.0152626,-4.0496955,5.296111292777378e-07,9.333515107460126e-06,0.004143646408839779,Significant
Pmm2,-5.0163713,-1.1061505,5.265653445015141e-07,9.285586027024067e-06,0.05662983425414365,Significant
Smim10l1,-5.022941,-1.0046617,5.08861534068248e-07,8.978954016541714e-06,0.060082872928176795,Significant
Puf60,-5.024422,-1.808751,5.049504042036004e-07,8.912703337184504e-06,0.028314917127071824,Significant
Gm57354,-5.027252,-2.287921,4.975581969435377e-07,8.78767409806513e-06,0.017955801104972375,Significant
4933406C10Rik,-5.0275745,-3.0797014,4.967218853499163e-07,8.775625465004526e-06,0.009668508287292817,Significant
Egln1,-5.0281124,-1.0466661,4.953310443905421e-07,8.753769397467989e-06,0.060082872928176795,Significant
Rxrg,-5.033069,-4.2046585,4.826894595272357e-07,8.533008542359617e-06,0.004834254143646409,Significant
Dmac2,-5.037678,-1.901933,4.712138782776552e-07,8.340500293132722e-06,0.022790055248618785,Significant
Nagk,-5.0433292,-1.31112,4.5750125563142194e-07,8.112917781659545e-06,0.0462707182320442,Significant
Api5,-5.044314,-1.1725847,4.5515179942700446e-07,8.073769037748617e-06,0.0531767955801105,Significant
Ech1,-5.0490055,-2.0024993,4.441162457069604e-07,7.880468415955137e-06,0.022790055248618785,Significant
1500035N22Rik,-5.04951,-6.752178,4.429444946867347e-07,7.86212670572237e-06,0.0006906077348066298,Significant
Norad,-5.0510907,-1.2332885,4.392948262289084e-07,7.80221044925149e-06,0.04350828729281768,Significant
Psma7,-5.0519843,-1.8631235,4.3724399679374304e-07,7.76820917985414e-06,0.024861878453038673,Significant
Slc25a28,-5.0525966,-1.4268993,4.3584413457241754e-07,7.745755576369547e-06,0.03798342541436464,Significant
Fastk,-5.0532503,-1.6703689,4.3435445896304887e-07,7.721691304344354e-06,0.03038674033149171,Significant
Srp19,-5.053937,-2.3569667,4.327946484164112e-07,7.696364795589903e-06,0.015883977900552487,Significant
Gm16189,-5.057048,-4.0917783,4.2579595197127536e-07,7.576639781623872e-06,0.0055248618784530384,Significant
Gm42556,-5.0570645,-5.761305,4.257590184329899e-07,7.576639781623872e-06,0.0013812154696132596,Significant
Selenos,-5.057851,-1.77895,4.2400823110847007e-07,7.55190887943303e-06,0.029005524861878452,Significant
Gm20404,-5.05982,-3.6452384,4.196524925381932e-07,7.481350212153181e-06,0.006215469613259668,Significant
Taf6,-5.06145,-2.2823894,4.160797979080313e-07,7.422305693195867e-06,0.018646408839779006,Significant
Gm56637,-5.0682516,-1.7195854,4.014865624680019e-07,7.175469665251255e-06,0.029005524861878452,Significant
Zyg11a,-5.078272,-2.073225,3.8088349246564654e-07,6.815803565206279e-06,0.022099447513812154,Significant
Plod1,-5.079116,-3.8827214,3.79195508222365e-07,6.7877307242029824e-06,0.004834254143646409,Significant
Rplp0,-5.081383,-2.6099808,3.7469678603681176e-07,6.7093112244409115e-06,0.017265193370165747,Significant
Gm46430,-5.0814576,-1.5173728,3.7454989499814676e-07,6.708790679801659e-06,0.03798342541436464,Significant
Topors,-5.0860248,-1.4768828,3.656460395047414e-07,6.555494689999836e-06,0.034530386740331494,Significant
Rwdd3,-5.0871587,-2.0253775,3.634680512640661e-07,6.518498994339272e-06,0.021408839779005526,Significant
1700086O06Rik,-5.093894,-1.8895013,3.507832303794524e-07,6.298942895312645e-06,0.024171270718232045,Significant
Gm36936,-5.0949035,-1.6216449,3.4891927526224875e-07,6.267448723251643e-06,0.031767955801104975,Significant
A430090L17Rik,-5.1077533,-6.0865846,3.2601170558684664e-07,5.8633709816237e-06,0.0013812154696132596,Significant
Aatk,-5.108829,-2.8178432,3.2416141465531594e-07,5.831935264419698e-06,0.011740331491712707,Significant
Rnf114,-5.1153574,-1.3100487,3.131471760802169e-07,5.640361230095678e-06,0.04281767955801105,Significant
Atp6v0c,-5.1156554,-2.547115,3.1265334283707463e-07,5.633795567875275e-06,0.015193370165745856,Significant
Dnajc25,-5.116235,-2.041129,3.116952631080958e-07,5.621074412971982e-06,0.023480662983425413,Significant
Gne,-5.1177983,-1.5492789,3.0912258547136935e-07,5.5790013119889835e-06,0.03660220994475138,Significant
Cdv3,-5.1198835,-1.1180724,3.0572422312091843e-07,5.519417561423023e-06,0.055248618784530384,Significant
Morc4,-5.125014,-1.6329775,2.975160220688796e-07,5.372933654495425e-06,0.034530386740331494,Significant
Shc1,-5.1285715,-1.5827137,2.9194864751694106e-07,5.274063432189765e-06,0.03591160220994475,Significant
Rmdn3,-5.141827,-1.765805,2.7207918832186765e-07,4.92293011192738e-06,0.027624309392265192,Significant
Pmm1,-5.1419764,-3.3015368,2.7186353389916534e-07,4.92059169858626e-06,0.006906077348066298,Significant
Gm16337,-5.157979,-6.877519,2.4962980085370313e-07,4.531134998537045e-06,0.0006906077348066298,Significant
Cd274,-5.1598573,-2.27146,2.4713835474063395e-07,4.487342173879604e-06,0.016574585635359115,Significant
Gm27003,-5.163142,-1.4406508,2.4283869572720415e-07,4.410678843190664e-06,0.03522099447513812,Significant
5430405H02Rik,-5.1639614,-1.3607838,2.4177779875825213e-07,4.392810988862041e-06,0.04074585635359116,Significant
Foxp2,-5.1667414,-1.7736498,2.3821046214246824e-07,4.330760512405582e-06,0.031077348066298343,Significant
Tbc1d2b,-5.16742,-1.9803387,2.3734761228693695e-07,4.317789148910135e-06,0.022790055248618785,Significant
Tmem168,-5.1789627,-1.3565339,2.2312311518694435e-07,4.068156676868331e-06,0.04419889502762431,Significant
Mtfr1l,-5.178971,-1.9079322,2.2311322014622473e-07,4.068156676868331e-06,0.025552486187845305,Significant
Lman1,-5.184515,-1.2497282,2.1657798520801424e-07,3.9513511873532645e-06,0.049723756906077346,Significant
4930458D05Rik,-5.1850443,-4.3362436,2.1596349305155583e-07,3.942666642465098e-06,0.004834254143646409,Significant
Sdf4,-5.186906,-1.3536296,2.1381651399927806e-07,3.907229179599773e-06,0.0393646408839779,Significant
Ndufb5,-5.188536,-2.3148777,2.1195366220111708e-07,3.8744312935453635e-06,0.017955801104972375,Significant
Sf3b6,-5.1914406,-1.3898894,2.086733676433086e-07,3.816919443295096e-06,0.0462707182320442,Significant
Gm56596,-5.1931534,-3.688641,2.067618914131119e-07,3.7856041347118988e-06,0.006215469613259668,Significant
Smkr-ps,-5.1931944,-2.63535,2.0671593044102707e-07,3.7856041347118988e-06,0.014502762430939226,Significant
Rpl10,-5.195048,-2.1939988,2.0466697804190983e-07,3.7520741779408845e-06,0.020027624309392266,Significant
Hoxc8,-5.1951475,-3.2333643,2.0455776844807204e-07,3.751279836779926e-06,0.008977900552486187,Significant
Fgfrl1,-5.195379,-1.4781513,2.0430316503648903e-07,3.7478178222753615e-06,0.03867403314917127,Significant
Mogat1,-5.197456,-4.718355,2.020344640324254e-07,3.708589431486246e-06,0.0027624309392265192,Significant
Pi4k2a,-5.1986475,-1.6799548,2.0074391028465874e-07,3.686088034672284e-06,0.0324585635359116,Significant
Gm14966,-5.200319,-1.6034924,1.989469699284931e-07,3.6554499563402147e-06,0.03522099447513812,Significant
Cish,-5.201709,-2.7568133,1.974643356270118e-07,3.630551092973096e-06,0.015883977900552487,Significant
Ppp1r15b,-5.2077494,-1.7721006,1.911450328323027e-07,3.517772887687184e-06,0.028314917127071824,Significant
Ctcfl,-5.213732,-6.031531,1.850792264522923e-07,3.408342895672696e-06,0.0013812154696132596,Significant
Usp5,-5.216255,-1.955264,1.8257653299814612e-07,3.3633420787600897e-06,0.025552486187845305,Significant
Smim19,-5.2179103,-1.5582658,1.8095321629362763e-07,3.3345168572736086e-06,0.0393646408839779,Significant
Fcf1,-5.2240415,-1.3454429,1.7505957136001633e-07,3.230093017761079e-06,0.0462707182320442,Significant
Gnb2,-5.231604,-1.1043023,1.6804524614475432e-07,3.1026797538030013e-06,0.05593922651933702,Significant
BC031181,-5.2364116,-1.7253432,1.63728578729612e-07,3.0239601042630028e-06,0.03038674033149171,Significant
Tmem80,-5.2393656,-1.351947,1.611295602933926e-07,2.9798240638733574e-06,0.04558011049723757,Significant
Rps23,-5.2523565,-2.4301836,1.5016557629844686e-07,2.781580377361699e-06,0.016574585635359115,Significant
Litaf,-5.253813,-1.7216496,1.4898244449519854e-07,2.761431493377049e-06,0.031077348066298343,Significant
Rpl30,-5.253945,-2.9022532,1.4887533521543128e-07,2.760374621459418e-06,0.013121546961325966,Significant
Snhg8,-5.255608,-2.3340354,1.4753610310264296e-07,2.7364342823347205e-06,0.017265193370165747,Significant
Rpl8,-5.2563033,-1.7895122,1.4697988279855816e-07,2.727006030118182e-06,0.028314917127071824,Significant
Hnrnpa0,-5.260184,-1.811125,1.439113982903249e-07,2.670944892454169e-06,0.028314917127071824,Significant
Flad1,-5.260912,-2.5250342,1.4334259357502695e-07,2.6612555007354446e-06,0.014502762430939226,Significant
Uxs1,-5.2634025,-1.2796909,1.4141341518074044e-07,2.6262952621678215e-06,0.04834254143646409,Significant
Chchd10,-5.2682266,-3.496148,1.3774801207158822e-07,2.5607278992387544e-06,0.008287292817679558,Significant
Gm33934,-5.27008,-5.752625,1.3636427411548596e-07,2.536660611698754e-06,0.0013812154696132596,Significant
Gpbp1,-5.272554,-1.0986079,1.3453816860875372e-07,2.5051464547910548e-06,0.05870165745856354,Significant
Brms1l,-5.274879,-1.3196304,1.3284357305295497e-07,2.476021568971623e-06,0.0462707182320442,Significant
Orc6,-5.279935,-1.8925948,1.2922984416198437e-07,2.411034258331439e-06,0.029005524861878452,Significant
Gfpt1,-5.281507,-1.0701418,1.281256152847171e-07,2.3912162110544334e-06,0.0649171270718232,Significant
Rpl7,-5.2877707,-2.6335137,1.2381607781678486e-07,2.3145801992664305e-06,0.014502762430939226,Significant
Abcb9,-5.288383,-3.8418634,1.2340240738580114e-07,2.3091214193082166e-06,0.006215469613259668,Significant
Tgfbr2,-5.2899966,-1.6074045,1.2231872424847924e-07,2.2895958176964682e-06,0.0324585635359116,Significant
Tnfrsf1a,-5.2915025,-3.0750895,1.21315597934161e-07,2.271565755333463e-06,0.010359116022099447,Significant
Ccdc88a,-5.2983203,-1.0520165,1.1687270250764307e-07,2.1905360610558604e-06,0.062154696132596686,Significant
Gm48765,-5.300662,-3.91605,1.1538344748630155e-07,2.1633351607894294e-06,0.006906077348066298,Significant
Tmbim1,-5.3039637,-1.725097,1.133149141221407e-07,2.1252518198382124e-06,0.029696132596685083,Significant
E4f1,-5.3047495,-1.0811036,1.128277212049702e-07,2.1168116221193438e-06,0.06146408839779006,Significant
Ppp4r4,-5.3049483,-2.4160838,1.127049619852224e-07,2.115205418721341e-06,0.015193370165745856,Significant
Gm7160,-5.3054366,-1.9864719,1.1240372808499757e-07,2.1102475044140607e-06,0.025552486187845305,Significant
Coq10a,-5.3099294,-1.9155334,1.0966769229030263e-07,2.0595607080152118e-06,0.024171270718232045,Significant
Il7,-5.3102274,-3.1762877,1.0948859392706524e-07,2.0568756274500235e-06,0.010359116022099447,Significant
Gm38365,-5.312594,-2.210284,1.0807577891410044e-07,2.033017154657348e-06,0.020027624309392266,Significant
Bcorl1,-5.315986,-1.1231796,1.0608115007819939e-07,1.99747578260673e-06,0.054558011049723756,Significant
Ndufc2,-5.3246493,-2.0751688,1.0114786411152001e-07,1.9083699570490593e-06,0.024171270718232045,Significant
Dtna,-5.3287125,-1.5301192,9.891155841929749e-08,1.8667958395602313e-06,0.0393646408839779,Significant
Gm20696,-5.3347607,-1.9442642,9.567058083710708e-08,1.8068253875441838e-06,0.026933701657458564,Significant
Tlr4,-5.335861,-1.9806366,9.509206802309702e-08,1.7964955027548667e-06,0.022099447513812154,Significant
Rabep2,-5.3360763,-2.0355766,9.497937168562766e-08,1.7949619658650264e-06,0.023480662983425413,Significant
Ndufab1,-5.336614,-1.617826,9.469819620656057e-08,1.790242360623428e-06,0.034530386740331494,Significant
Cops5,-5.3369784,-1.2742668,9.450831956704824e-08,1.7872461721910642e-06,0.0462707182320442,Significant
1700110C19Rik,-5.338476,-3.213386,9.373110525651612e-08,1.7731371642562407e-06,0.008977900552486187,Significant
Abhd3,-5.339709,-2.570942,9.309594572417017e-08,1.7617069609438264e-06,0.015193370165745856,Significant
B230219D22Rik,-5.345989,-1.0216137,8.992459937123827e-08,1.7028256111731554e-06,0.06698895027624309,Significant
6530409C15Rik,-5.346345,-4.8073754,8.974809749492208e-08,1.7000487090679833e-06,0.003453038674033149,Significant
Gle1,-5.350598,-1.61167,8.766407981369371e-08,1.662784932935221e-06,0.03798342541436464,Significant
Creld1,-5.3583345,-2.4504478,8.399262430581418e-08,1.595803810676465e-06,0.015883977900552487,Significant
Zfp866,-5.363018,-2.0665004,8.1842937840481e-08,1.555999573814634e-06,0.023480662983425413,Significant
Acaa1a,-5.36526,-2.3214383,8.083262690838016e-08,1.537304812555135e-06,0.017955801104972375,Significant
Dixdc1,-5.3704815,-1.1012473,7.852678374525019e-08,1.4959496799057517e-06,0.06146408839779006,Significant
Mme,-5.38027,-1.8711334,7.437426148776175e-08,1.4192174341067834e-06,0.023480662983425413,Significant
4930545L23Rik,-5.380303,-4.272293,7.43605883156807e-08,1.4192174341067834e-06,0.004834254143646409,Significant
Gas5,-5.3818007,-1.22289,7.37444184393452e-08,1.4081424984422384e-06,0.057320441988950276,Significant
Cldn22,-5.382496,-5.9010105,7.346014395196091e-08,1.403184856346396e-06,0.0013812154696132596,Significant
Mplkip,-5.3858137,-1.8321565,7.211763472708009e-08,1.3793920856549103e-06,0.027624309392265192,Significant
Prune1,-5.3877416,-1.3609383,7.134852144040812e-08,1.365139838487325e-06,0.04350828729281768,Significant
Cfap68,-5.3943944,-1.7396696,6.875511735276387e-08,1.3172897500618196e-06,0.031767955801104975,Significant
Cggbp1,-5.4010468,-2.1922302,6.625313153602822e-08,1.2706364307150497e-06,0.022099447513812154,Significant
Ei24,-5.4024286,-1.657629,6.574461736076598e-08,1.2613087119741832e-06,0.031767955801104975,Significant
Mrs2,-5.4025116,-1.7146083,6.571428769579979e-08,1.2611517545286606e-06,0.03314917127071823,Significant
Zfp672,-5.4062433,-1.1293862,6.436042202399234e-08,1.235585566577258e-06,0.055248618784530384,Significant
Zfp24,-5.4063673,-1.4901682,6.431586077431005e-08,1.235146518836421e-06,0.03660220994475138,Significant
Mfap3,-5.409553,-1.6918244,6.318229717937929e-08,1.2141961470438865e-06,0.0324585635359116,Significant
Entr1,-5.410554,-1.3817322,6.283004944480818e-08,1.20783451905362e-06,0.04212707182320442,Significant
Slc25a16,-5.411373,-1.5628442,6.25432626420531e-08,1.2027274292810352e-06,0.0393646408839779,Significant
Map2k2,-5.4164042,-1.6379718,6.08095994652728e-08,1.1697835821459793e-06,0.03522099447513812,Significant
Gars,-5.41652,-1.5401672,6.077023319088972e-08,1.1694213748301628e-06,0.03798342541436464,Significant
Usp35,-5.419805,-1.8074975,5.966413976971247e-08,1.1489130140775102e-06,0.029005524861878452,Significant
Rab34,-5.4252577,-2.4298031,5.787100872691165e-08,1.1158933653637237e-06,0.017955801104972375,Significant
Desi1,-5.428509,-1.6184083,5.682663579448669e-08,1.0961265138122854e-06,0.03729281767955801,Significant
Isoc1,-5.43148,-1.3330632,5.588859459626321e-08,1.0783979887854367e-06,0.04765193370165746,Significant
Rad9b,-5.432514,-1.7752169,5.5565514263559516e-08,1.0725274398919805e-06,0.03038674033149171,Significant
Zfp410,-5.434657,-1.0010587,5.490184193385091e-08,1.0604361538519013e-06,0.06906077348066299,Significant
Pebp1,-5.440797,-2.4261847,5.304275949853189e-08,1.0248753880576533e-06,0.017265193370165747,Significant
Ndufb1,-5.450966,-1.9970192,5.0096919777653616e-08,9.699315569736056e-07,0.024861878453038673,Significant
Msrb1,-5.4518514,-5.6740723,4.9848086480263735e-08,9.654421402288087e-07,0.0013812154696132596,Significant
Syne3,-5.469443,-2.1409187,4.5145265104574694e-08,8.76147423421809e-07,0.019337016574585635,Significant
Ehmt2,-5.4710565,-1.0958176,4.473611994147679e-08,8.685030363408216e-07,0.06698895027624309,Significant
Fam162a,-5.476509,-1.0672293,4.337985037724052e-08,8.436106763423677e-07,0.0649171270718232,Significant
Prnp,-5.481366,-3.7220774,4.2205398421959754e-08,8.213320545265928e-07,0.006906077348066298,Significant
Ccdc59,-5.481424,-1.3079,4.219158077887609e-08,8.213320545265928e-07,0.04903314917127072,Significant
Anapc16,-5.48293,-1.1017567,4.1833857695719736e-08,8.152161844804851e-07,0.062154696132596686,Significant
Hdac5,-5.502118,-1.7038454,3.752550750067259e-08,7.337705778144911e-07,0.0324585635359116,Significant
Pstk,-5.5043607,-1.602949,3.7051043853237486e-08,7.249908893632975e-07,0.03798342541436464,Significant
Zswim8,-5.505006,-1.1464202,3.691556408285413e-08,7.225882208462692e-07,0.057320441988950276,Significant
Rassf3,-5.507422,-2.4456596,3.6412636385478235e-08,7.129889712604939e-07,0.018646408839779006,Significant
C730002L08Rik,-5.5128665,-3.7693489,3.530356568673491e-08,6.919863455312813e-07,0.006215469613259668,Significant
Gm28375,-5.5169954,-2.6901505,3.448440805822811e-08,6.766287661073629e-07,0.014502762430939226,Significant
Lrg1,-5.518998,-3.8707843,3.409380938898021e-08,6.69195312105454e-07,0.004834254143646409,Significant
Ublcp1,-5.519271,-1.058063,3.404087956280083e-08,6.683868010984283e-07,0.062154696132596686,Significant
Prr5l,-5.5192876,-1.3604978,3.403767425751035e-08,6.683868010984283e-07,0.05041436464088398,Significant
Eef1g,-5.5203466,-1.2937318,3.383314251186759e-08,6.647663794921506e-07,0.05110497237569061,Significant
Rpl17,-5.524699,-1.979313,3.3005089385982745e-08,6.489443351958713e-07,0.027624309392265192,Significant
Tpi1,-5.5268173,-2.3158202,3.260922818535418e-08,6.416040297519876e-07,0.020718232044198894,Significant
Dock5,-5.5295973,-1.5975864,3.209664418730873e-08,6.319553999548915e-07,0.03660220994475138,Significant
Rps29,-5.530243,-1.6969615,3.197877409529702e-08,6.298524302180241e-07,0.03038674033149171,Significant
Gpkow,-5.531914,-1.9310795,3.167546927499691e-08,6.243104520552437e-07,0.028314917127071824,Significant
Vldlr,-5.5320053,-1.9578382,3.1659033046395985e-08,6.242025625674632e-07,0.023480662983425413,Significant
Zfp131,-5.532593,-1.0029961,3.155314353465315e-08,6.223302895762678e-07,0.0738950276243094,Significant
Glrx5,-5.5348763,-3.3695834,3.114477093596594e-08,6.144887047348706e-07,0.008287292817679558,Significant
Gm38244,-5.5353565,-27.07782,3.10596078223741e-08,6.130208419458592e-07,0.0,Significant
Rhbdl3,-5.540164,-2.4705274,3.021888001022317e-08,5.96841223261227e-07,0.017955801104972375,Significant
9430038I01Rik,-5.5404615,-1.8976258,3.0167519556372676e-08,5.960335638651689e-07,0.028314917127071824,Significant
Mat2b,-5.543126,-1.1457022,2.9711879632328766e-08,5.874389368557056e-07,0.05662983425414365,Significant
Akirin1,-5.5444913,-1.7966031,2.9480993970520645e-08,5.8327910968569e-07,0.03038674033149171,Significant
Dync2i1,-5.546833,-1.0598452,2.9089037186813237e-08,5.761248231145504e-07,0.06975138121546962,Significant
Slc25a20,-5.553378,-1.0859486,2.8020123748290407e-08,5.555340760276476e-07,0.06146408839779006,Significant
Cep57l1,-5.556994,-1.0994716,2.744603372867043e-08,5.449017339012457e-07,0.06698895027624309,Significant
Dpf2,-5.5586157,-1.4756395,2.7192270130067848e-08,5.404380640405562e-07,0.04212707182320442,Significant
Matn2,-5.5643497,-1.9436295,2.6313161873080958e-08,5.236972213264952e-07,0.026933701657458564,Significant
Trappc12,-5.5688844,-1.3808653,2.563758239373132e-08,5.106084571813414e-07,0.04765193370165746,Significant
C330018D20Rik,-5.5688925,-1.7426101,2.5636365107825437e-08,5.106084571813414e-07,0.0324585635359116,Significant
Fbxl9,-5.572748,-1.4884266,2.507517112451842e-08,4.999318343841748e-07,0.0393646408839779,Significant
Cox11,-5.574097,-2.011549,2.4881702647388878e-08,4.962483469159264e-07,0.024861878453038673,Significant
Lsm12,-5.5741134,-1.106131,2.4879337821400323e-08,4.962483469159264e-07,0.057320441988950276,Significant
Insyn2a,-5.5750155,-4.3077726,2.4750784178281197e-08,4.939833164723133e-07,0.0055248618784530384,Significant
Katna1,-5.5800877,-1.3279644,2.4039737109668808e-08,4.804656619030017e-07,0.05386740331491713,Significant
Rab40b,-5.5809236,-2.959994,2.3924501059551377e-08,4.783304125112061e-07,0.010359116022099447,Significant
Cnnm3,-5.5873938,-1.5724878,2.305024297814346e-08,4.6166158474093095e-07,0.03798342541436464,Significant
Parl,-5.597191,-1.4070808,2.178529014889303e-08,4.367873966084923e-07,0.04419889502762431,Significant
Gm32200,-5.59777,-4.437318,2.1712652421232488e-08,4.3548437531433575e-07,0.003453038674033149,Significant
Ntng2,-5.611878,-3.1484277,2.0014273854565566e-08,4.021287112042406e-07,0.009668508287292817,Significant
2900005J15Rik,-5.6178517,-2.0645468,1.9334609515101453e-08,3.8874717528227114e-07,0.021408839779005526,Significant
Rpap2,-5.6205826,-1.1005962,1.903147291836644e-08,3.8278738941882847e-07,0.06698895027624309,Significant
Rexo1,-5.620905,-1.9557744,1.8995954067708878e-08,3.8220799313406753e-07,0.027624309392265192,Significant
Parp11,-5.622461,-1.5444294,1.8825635993055163e-08,3.7891500144240153e-07,0.04005524861878453,Significant
Smim14,-5.625737,-1.0743883,1.847171807341934e-08,3.7218616377161033e-07,0.06422651933701658,Significant
Adam23,-5.626159,-2.2427614,1.842661003410363e-08,3.7154022732007605e-07,0.018646408839779006,Significant
Gm56952,-5.6280627,-5.668893,1.8224507039011596e-08,3.6759534371532385e-07,0.0013812154696132596,Significant
Mrps21,-5.634202,-2.2771215,1.7587070743409067e-08,3.549895055655639e-07,0.019337016574585635,Significant
Tmed9,-5.6345744,-1.5351719,1.7549116570238774e-08,3.543490236262291e-07,0.03798342541436464,Significant
St6galnac5,-5.635592,-1.7222896,1.7445780543843197e-08,3.523874387892783e-07,0.04350828729281768,Significant
Asah1,-5.6369576,-1.0907704,1.7308086619069352e-08,3.5018702080448514e-07,0.06629834254143646,Significant
Rab5if,-5.638389,-2.8600597,1.7164850124040154e-08,3.474524461119696e-07,0.011740331491712707,Significant
Stx4a,-5.643279,-1.6581519,1.6684158972170875e-08,3.3796253861059475e-07,0.03867403314917127,Significant
Dcun1d2,-5.6451325,-1.7143817,1.6505406283108744e-08,3.3446061892046087e-07,0.03522099447513812,Significant
Cdr2,-5.6485662,-2.586714,1.6179137481866842e-08,3.2819959649268964e-07,0.016574585635359115,Significant
Pon2,-5.650064,-1.552945,1.6038806894324957e-08,3.2546888929784654e-07,0.0393646408839779,Significant
Man2c1os,-5.653887,-1.5790902,1.5685953419833227e-08,3.185356182877046e-07,0.03867403314917127,Significant
Snw1,-5.655161,-1.3621894,1.5570019948364514e-08,3.1629415122362607e-07,0.04903314917127072,Significant
Swi5,-5.656419,-1.1226654,1.5456408411226115e-08,3.1409826957302865e-07,0.06077348066298342,Significant
Fxyd1,-5.6602745,-6.3754377,1.5113095104504948e-08,3.0723125610339745e-07,0.0013812154696132596,Significant
Alg9,-5.669616,-1.0070269,1.4311760101001834e-08,2.911489574530709e-07,0.07320441988950276,Significant
Arxes2,-5.6722393,-2.6573832,1.4094285627457449e-08,2.868272758802911e-07,0.015193370165745856,Significant
Ppp1r14b,-5.6793222,-3.4076502,1.3522951576766911e-08,2.75495665736202e-07,0.008287292817679558,Significant
Zbtb7b,-5.68245,-2.2806346,1.3277878641667811e-08,2.7069663005198957e-07,0.018646408839779006,Significant
Gm49356,-5.687042,-2.9926457,1.2925851278110505e-08,2.637086698770657e-07,0.011049723756906077,Significant
Sh3gl1,-5.6877127,-2.3776045,1.287523862695349e-08,2.627702375115981e-07,0.019337016574585635,Significant
Mgat1,-5.691982,-1.7370192,1.2557308345405995e-08,2.563735010741351e-07,0.03383977900552486,Significant
Selenof,-5.692669,-1.7188878,1.2506885757744834e-08,2.55435646316983e-07,0.03591160220994475,Significant
Zfp369,-5.6983533,-1.3622,1.2097017451826544e-08,2.4733079738759615e-07,0.05041436464088398,Significant
Atp5h,-5.69952,-2.4866328,1.2014525180813729e-08,2.45820725232021e-07,0.018646408839779006,Significant
Atp5d,-5.706934,-4.548783,1.1502949051926796e-08,2.3577732972129724e-07,0.004143646408839779,Significant
Idh3b,-5.7130237,-2.4492118,1.1098618634568091e-08,2.275716397806776e-07,0.017955801104972375,Significant
Osgin2,-5.72057,-2.3034627,1.0616729410016191e-08,2.1784763579666017e-07,0.020027624309392266,Significant
Prdx5,-5.7218113,-2.9263675,1.0539443710551708e-08,2.163397492150414e-07,0.011740331491712707,Significant
Vdac2,-5.7262874,-1.2591444,1.0265216333183309e-08,2.109388968703684e-07,0.05662983425414365,Significant
Tmco1,-5.7265606,-1.7728299,1.0248715291843576e-08,2.1067584744868773e-07,0.0324585635359116,Significant
Sirt7,-5.7350087,-1.9659888,9.750731157123359e-09,2.00583953330116e-07,0.026933701657458564,Significant
Tmem182,-5.7367134,-2.4416776,9.653147354946279e-09,1.9864830630213085e-07,0.018646408839779006,Significant
Pclo,-5.736912,-1.1846354,9.641840299086419e-09,1.9848735664146053e-07,0.05662983425414365,Significant
Gabarap,-5.7416697,-2.1697898,9.374758938700157e-09,1.9319875089704148e-07,0.022099447513812154,Significant
Wdr4,-5.74397,-1.2441168,9.248223674938235e-09,1.9072912143232816e-07,0.0531767955801105,Significant
Fkbp1a,-5.7485538,-1.5646259,9.000995403935758e-09,1.8583237102810224e-07,0.04074585635359116,Significant
Gm16263,-5.75001,-2.5826557,8.923807166493523e-09,1.8430558718436984e-07,0.015193370165745856,Significant
Rragc,-5.7542963,-1.442484,8.700343562553425e-09,1.7988607944638874e-07,0.04350828729281768,Significant
Gsdme,-5.7555704,-1.8974861,8.634964138721788e-09,1.786640599647374e-07,0.0324585635359116,Significant
F730043M19Rik,-5.756555,-4.0752535,8.584771064846192e-09,1.77690094221522e-07,0.004834254143646409,Significant
Gm16093,-5.7579203,-3.3938577,8.515644687362196e-09,1.7632339059748759e-07,0.008977900552486187,Significant
Isca2,-5.759178,-3.1203365,8.452443717384537e-09,1.750784276870109e-07,0.009668508287292817,Significant
Rps20,-5.7599974,-2.216566,8.41152541938026e-09,1.7429427543847577e-07,0.022099447513812154,Significant
Slc25a44,-5.7630835,-2.1863568,8.259081186543673e-09,1.7138496422849246e-07,0.022099447513812154,Significant
Gm43948,-5.7647715,-3.343155,8.17684668697062e-09,1.697403671902275e-07,0.008977900552486187,Significant
Gm26782,-5.773054,-1.7458702,7.784733414989716e-09,1.6183662116937914e-07,0.031077348066298343,Significant
Slco2b1,-5.7769017,-2.523325,7.608861925238898e-09,1.583538767854635e-07,0.017265193370165747,Significant
Cog2,-5.778962,-1.5426788,7.516280229111309e-09,1.5659879711885364e-07,0.04005524861878453,Significant
Agt,-5.7830415,-1.1164433,7.3361963527487386e-09,1.529587537612105e-07,0.06146408839779006,Significant
Adam9,-5.783505,-1.0370166,7.3160079161643905e-09,1.5259370210780826e-07,0.07044198895027624,Significant
Tcp11l2,-5.786194,-1.744782,7.199905146132335e-09,1.503372933355047e-07,0.03522099447513812,Significant
Insig2,-5.7929955,-1.3791834,6.914193963181433e-09,1.4447747466330788e-07,0.04488950276243094,Significant
Adck1,-5.7964706,-1.2653611,6.77249751075934e-09,1.416205584870171e-07,0.05179558011049724,Significant
Pxmp2,-5.79777,-1.9691526,6.720258564188342e-09,1.40579810030657e-07,0.026243093922651933,Significant
Kin,-5.799152,-1.712162,6.665122446724e-09,1.3947766895954106e-07,0.031767955801104975,Significant
Emc1,-5.7995486,-1.617184,6.649356509974043e-09,1.3919890038030586e-07,0.0393646408839779,Significant
S100a6,-5.8003182,-2.1022575,6.618913159289849e-09,1.3861255395480811e-07,0.024861878453038673,Significant
Fau,-5.8015842,-2.2937725,6.569123664298022e-09,1.3762048218130744e-07,0.021408839779005526,Significant
Ghitm,-5.8023953,-1.7711449,6.537423944332043e-09,1.3700679308583397e-07,0.03729281767955801,Significant
Gm5577,-5.8027015,-3.0176952,6.52549441444237e-09,1.3680713455550922e-07,0.011049723756906077,Significant
Gadd45g,-5.8030243,-5.418678,6.512942966222186e-09,1.3659428561313352e-07,0.0020718232044198894,Significant
Amer1,-5.8070784,-2.3610032,6.3572322846692735e-09,1.3337773158487587e-07,0.019337016574585635,Significant
Slc8b1,-5.8084354,-1.5477428,6.305930254324114e-09,1.323501565099408e-07,0.03867403314917127,Significant
Mief1,-5.8098917,-2.2493033,6.2513223933004874e-09,1.313008293607241e-07,0.020718232044198894,Significant
Mrps17,-5.810057,-3.01682,6.2451461367191555e-09,1.312195078121496e-07,0.011049723756906077,Significant
Kcnk3,-5.8138223,-4.4091783,6.106229038025037e-09,1.2839541641587283e-07,0.004143646408839779,Significant
Ccdc12,-5.817148,-1.5434949,5.985998040891272e-09,1.2596035271485216e-07,0.04143646408839779,Significant
Flii,-5.8211865,-2.023451,5.843137998140952e-09,1.2304516300005324e-07,0.026243093922651933,Significant
Rps3a1,-5.8220553,-1.6857605,5.812836122570014e-09,1.2245234985396195e-07,0.034530386740331494,Significant
Trim41,-5.823412,-1.0968447,5.765813084203123e-09,1.2155170782214365e-07,0.06353591160220995,Significant
Gm10687,-5.8262916,-1.8642623,5.667254968983778e-09,1.195182093292242e-07,0.029696132596685083,Significant
Sucnr1,-5.8332834,-2.8319275,5.434712086030261e-09,1.1474154278481612e-07,0.012430939226519336,Significant
Kdm6b,-5.8364606,-1.1129179,5.332129087472053e-09,1.1270109961757466e-07,0.06767955801104972,Significant
Emc3,-5.837644,-2.3515303,5.294411059049832e-09,1.119454363584688e-07,0.020718232044198894,Significant
Rab10os,-5.839812,-1.8647697,5.2259776683058315e-09,1.1053952244093699e-07,0.03038674033149171,Significant
Accs,-5.840615,-2.243852,5.200860573427912e-09,1.1004912742904451e-07,0.021408839779005526,Significant
Cd74,-5.845728,-1.4051274,5.043572160596141e-09,1.0676061055632151e-07,0.055248618784530384,Significant
Uba1,-5.847201,-2.1849074,4.999134160037879e-09,1.0589869724952266e-07,0.024861878453038673,Significant
Prdx6,-5.8520827,-1.2630488,4.8545469895311e-09,1.029124200040545e-07,0.060082872928176795,Significant
Selenbp1,-5.8528357,-2.0122313,4.83261157436737e-09,1.0248556262795248e-07,0.027624309392265192,Significant
ENSMUSG00000121451,-5.8549294,-5.5979347,4.772131887965919e-09,1.0124067132364656e-07,0.0013812154696132596,Significant
Ampd3,-5.860349,-2.740332,4.618955450569123e-09,9.81006871730162e-08,0.015883977900552487,Significant
Aasdh,-5.86044,-1.3686944,4.616424320207235e-09,9.809817777496123e-08,0.05041436464088398,Significant
Carf,-5.866,-1.0582365,4.464328861370628e-09,9.492283409085323e-08,0.07251381215469613,Significant
Arhgef6,-5.868648,-2.112537,4.393627405329355e-09,9.345444082437759e-08,0.024171270718232045,Significant
Rpl36,-5.8696575,-3.4394367,4.3669604012619725e-09,9.29566699843955e-08,0.008977900552486187,Significant
Gm44148,-5.8711386,-1.7341554,4.328119113149562e-09,9.216433448835049e-08,0.03729281767955801,Significant
Gm20275,-5.873679,-1.8250924,4.262284467825979e-09,9.086437285004832e-08,0.03522099447513812,Significant
2810407A14Rik,-5.8785195,-2.0351,4.1395214413643335e-09,8.828033348042192e-08,0.026243093922651933,Significant
Fcor,-5.8798184,-4.7866344,4.107164895233979e-09,8.762310839247584e-08,0.0027624309392265192,Significant
Naa30,-5.881002,-1.1758336,4.077907948452033e-09,8.703154291334602e-08,0.06284530386740332,Significant
Zfp467,-5.88777,-2.1513653,3.914408514913199e-09,8.36047769121052e-08,0.023480662983425413,Significant
Rtf2,-5.888912,-1.4180564,3.887461916574926e-09,8.306040112258645e-08,0.04488950276243094,Significant
Hgf,-5.8909473,-3.044316,3.839873805757295e-09,8.207441980991972e-08,0.011740331491712707,Significant
Hoxc4,-5.8936696,-2.3710494,3.777114962902894e-09,8.07633132191715e-08,0.020718232044198894,Significant
Heatr6,-5.893695,-1.278503,3.776547313149669e-09,8.07633132191715e-08,0.049723756906077346,Significant
Ndufv3,-5.899321,-2.1733692,3.6499999549427197e-09,7.810396371078294e-08,0.024861878453038673,Significant
2510009E07Rik,-5.9018617,-1.8540685,3.5942291816765937e-09,7.693947512550635e-08,0.03038674033149171,Significant
Rps9,-5.9029207,-1.2622966,3.5712220511802302e-09,7.647572576767713e-08,0.05939226519337017,Significant
Gm3527,-5.9067764,-27.187937,3.4886665440935303e-09,7.482039988219576e-08,0.0,Significant
Gm28501,-5.9078355,-3.796098,3.4663175347145552e-09,7.439713032196815e-08,0.006906077348066298,Significant
Mcm7,-5.9085636,-2.9754517,3.451033506827408e-09,7.409702070598018e-08,0.012430939226519336,Significant
Nrbf2,-5.908754,-1.2048948,3.44704964465584e-09,7.403940166591784e-08,0.057320441988950276,Significant
Purg,-5.913495,-1.0368325,3.349232233280484e-09,7.199268878641904e-08,0.06837016574585636,Significant
Gm47271,-5.913495,-4.2524858,3.349232233280484e-09,7.199268878641904e-08,0.004834254143646409,Significant
Trub1,-5.9135284,-1.7588346,3.3485589803407693e-09,7.199268878641904e-08,0.0324585635359116,Significant
Cnot8,-5.9151917,-1.6610944,3.314897151001192e-09,7.133543411759594e-08,0.03798342541436464,Significant
Rufy2,-5.915911,-1.4414347,3.300429476199295e-09,7.105094699594104e-08,0.0462707182320442,Significant
Urb1,-5.921323,-1.8843386,3.193623154288567e-09,6.877764600164345e-08,0.029696132596685083,Significant
Btbd8,-5.9320135,-1.1343795,2.992424159112395e-09,6.454228183485564e-08,0.0649171270718232,Significant
Vegfd,-5.9348598,-2.3169944,2.9409694860500253e-09,6.345651515921731e-08,0.018646408839779006,Significant
Dnajb9,-5.935497,-3.5404525,2.9295705733903384e-09,6.323452540539016e-08,0.006906077348066298,Significant
Dock10,-5.9446316,-1.001721,2.770791290416636e-09,5.99436272293365e-08,0.07941988950276244,Significant
Rps14,-5.9448466,-1.0780083,2.767154809591354e-09,5.988770886086709e-08,0.07527624309392265,Significant
Shpk,-5.945947,-2.2352355,2.748625386162199e-09,5.955459593358515e-08,0.022790055248618785,Significant
Rabac1,-5.9493566,-3.3286572,2.691989600913143e-09,5.8349668772590513e-08,0.009668508287292817,Significant
Psat1,-5.9504404,-1.6216038,2.674220941994768e-09,5.800869129833298e-08,0.04005524861878453,Significant
Slc25a25,-5.954081,-1.2629168,2.6153720814338485e-09,5.677541047995607e-08,0.054558011049723756,Significant
Igf2bp2,-5.956729,-1.4848217,2.573367050832486e-09,5.5884856308715704e-08,0.04558011049723757,Significant
Adgre5,-5.960502,-3.200381,2.5146431461388624e-09,5.4651257780264487e-08,0.010359116022099447,Significant
Gm45025,-5.96214,-4.9017315,2.4895529170408756e-09,5.41473004771675e-08,0.0027624309392265192,Significant
Rpl41,-5.9625373,-1.1732295,2.483507253790664e-09,5.4036448810888125e-08,0.0649171270718232,Significant
2610005L07Rik-1,-5.9629183,-2.4649866,2.4777269123044106e-09,5.393128750517028e-08,0.018646408839779006,Significant
Gm15417,-5.970357,-3.9158323,2.3673540603676516e-09,5.1568289040319223e-08,0.0055248618784530384,Significant
Clstn2,-5.971333,-1.6083804,2.3532272589454944e-09,5.128018115255086e-08,0.04281767955801105,Significant
Dbt,-5.97322,-1.6636269,2.326163636415398e-09,5.072925454658337e-08,0.03798342541436464,Significant
Ak3,-5.9733024,-1.0488813,2.3249836018527484e-09,5.0722946847930014e-08,0.0718232044198895,Significant
Gtf2e1,-5.975255,-1.6707683,2.2973034351966572e-09,5.015749804583315e-08,0.034530386740331494,Significant
2900093K20Rik,-5.9757514,-2.7350905,2.290317444189064e-09,5.0024152508465475e-08,0.016574585635359115,Significant
Zcrb1,-5.97758,-1.9498731,2.264763747603521e-09,4.950399714099505e-08,0.031077348066298343,Significant
Commd3,-5.9841914,-1.87746,2.174673789843241e-09,4.755303389687557e-08,0.0324585635359116,Significant
Ndufs3,-5.992019,-1.0431805,2.0725167145029734e-09,4.533660170592156e-08,0.07458563535911603,Significant
Mbd1,-5.9925404,-1.324054,2.0658820402940874e-09,4.522621655378148e-08,0.05110497237569061,Significant
Samm50,-5.994344,-2.181813,2.043083255319741e-09,4.476152506393281e-08,0.028314917127071824,Significant
Ndrg2,-5.9945674,-2.1807745,2.040276669159445e-09,4.4717241654583505e-08,0.022790055248618785,Significant
Orm1,-6.002627,-27.27655,1.941505639628278e-09,4.258523598847218e-08,0.0,Significant
Rhbdd3,-6.0043893,-2.2966704,1.9205349683808504e-09,4.217399985907212e-08,0.020718232044198894,Significant
Gss,-6.0056305,-1.2581354,1.905899491414664e-09,4.188491815540038e-08,0.055248618784530384,Significant
Naa12,-6.01105,-1.5718225,1.8432544631929056e-09,4.057083586728536e-08,0.04350828729281768,Significant
Snx25,-6.011935,-1.1053331,1.8332133334564284e-09,4.036542939688418e-08,0.062154696132596686,Significant
Eef2,-6.0156755,-2.0177152,1.7913815278891631e-09,3.947486671034707e-08,0.029005524861878452,Significant
Papss2,-6.0166764,-2.2938735,1.780341946678635e-09,3.924678698638333e-08,0.019337016574585635,Significant
Kdm4b,-6.034061,-1.1746647,1.5988955272320058e-09,3.528787217678979e-08,0.0649171270718232,Significant
Ndufb10,-6.0614576,-3.6441832,1.3489348559827425e-09,2.98754179830857e-08,0.007596685082872928,Significant
Nr2c1,-6.063038,-1.301699,1.3357412086227304e-09,2.959472379773809e-08,0.05386740331491713,Significant
Eif2s2,-6.0663476,-1.4137284,1.3085168113092623e-09,2.900282434906995e-08,0.04558011049723757,Significant
Tlcd3b,-6.0664883,-5.8769855,1.3073718375832044e-09,2.898873045320298e-08,0.0020718232044198894,Significant
Ube2f,-6.0689044,-1.544448,1.287857006159992e-09,2.8578279730224512e-08,0.04765193370165746,Significant
Ap3m1,-6.0776753,-1.7195826,1.2193732693103934e-09,2.7100832680641337e-08,0.03383977900552486,Significant
Polr1d,-6.0887628,-1.5196322,1.1378642303298218e-09,2.5358562481099955e-08,0.04765193370165746,Significant
Chtop,-6.0940504,-1.1749096,1.1008903660247893e-09,2.4544165360930904e-08,0.06422651933701658,Significant
Cwc22,-6.1011086,-1.0512366,1.0533547109702431e-09,2.3511983770033953e-08,0.08011049723756906,Significant
Map7d1,-6.1021676,-2.98768,1.0463965053503566e-09,2.33658287886881e-08,0.012430939226519336,Significant
Spire1,-6.1022916,-1.2811478,1.045584030335745e-09,2.3356845928343526e-08,0.06077348066298342,Significant
Akirin2,-6.1091676,-1.0123018,1.0015211975953142e-09,2.2381325946732647e-08,0.07527624309392265,Significant
Psip1,-6.110599,-1.1084088,9.92578477038865e-10,2.2190188873604244e-08,0.06422651933701658,Significant
Paqr9,-6.119403,-4.989935,9.392659293735011e-10,2.101482958131887e-08,0.0027624309392265192,Significant
Hoxc6,-6.1212234,-3.7685974,9.285963333300298e-10,2.0784278229616833e-08,0.006906077348066298,Significant
Poln,-6.1261964,-2.6635087,9.000478456859057e-10,2.0161142557514227e-08,0.016574585635359115,Significant
Map2k3,-6.129539,-2.0899718,8.813401856173534e-10,1.9757634452455797e-08,0.024861878453038673,Significant
Chpf2,-6.130284,-3.0415375,8.772245814325705e-10,1.9680868751517727e-08,0.011740331491712707,Significant
Kmt2b,-6.15092,-1.4960972,7.703473724405606e-10,1.7323992785994454e-08,0.04765193370165746,Significant
Itgb1bp1,-6.152707,-1.6585805,7.617129255439405e-10,1.7143357981580046e-08,0.03591160220994475,Significant
9330111N05Rik,-6.1614203,-1.7008927,7.209537797971373e-10,1.6258150168486653e-08,0.03729281767955801,Significant
Cpsf3,-6.172061,-1.2854835,6.740544396368911e-10,1.523068803466834e-08,0.057320441988950276,Significant
Vps72,-6.177969,-1.367986,6.493146259762793e-10,1.4695001636611814e-08,0.05179558011049724,Significant
Ndufa6,-6.179632,-2.2725623,6.425113570164548e-10,1.4558392033376026e-08,0.021408839779005526,Significant
Tmem165,-6.1840177,-1.1372081,6.249041229164029e-10,1.4176360821905537e-08,0.06975138121546962,Significant
0610043K17Rik,-6.187675,-1.502321,6.105811272658172e-10,1.3862480050894297e-08,0.04696132596685083,Significant
Lmna,-6.1909513,-2.2464416,5.980211609355092e-10,1.3582737504917761e-08,0.023480662983425413,Significant
Dmpk,-6.190976,-3.545878,5.97926978579942e-10,1.3582737504917761e-08,0.006906077348066298,Significant
Pdia3,-6.196785,-1.1024914,5.76281649593297e-10,1.3104653917528724e-08,0.07044198895027624,Significant
Smg5,-6.1969256,-1.3330818,5.757670735044355e-10,1.3098183352942894e-08,0.05110497237569061,Significant
Adamts2,-6.198572,-1.0673019,5.697767481798986e-10,1.29670894556801e-08,0.06906077348066299,Significant
Cep250,-6.1989117,-1.1939883,5.685501378616653e-10,1.2944347620944056e-08,0.07320441988950276,Significant
Timm9,-6.1994824,-1.3642453,5.664916571313685e-10,1.2902640579486901e-08,0.05179558011049724,Significant
Zfp639,-6.1998215,-1.6342479,5.652719483390737e-10,1.288001200895366e-08,0.04005524861878453,Significant
Cox6b1,-6.2001195,-1.7152604,5.642030976663445e-10,1.286080407694929e-08,0.03729281767955801,Significant
Pdia6,-6.2029824,-1.3581948,5.540303056111818e-10,1.2633976624672128e-08,0.05179558011049724,Significant
Bbof1,-6.2038097,-1.7416549,5.51123683306815e-10,1.257272982819445e-08,0.03591160220994475,Significant
Gpr146,-6.20429,-3.1372836,5.494446661763432e-10,1.2539450395489841e-08,0.013121546961325966,Significant
Atraid,-6.20544,-1.0669923,5.454411043615141e-10,1.245806735798194e-08,0.07665745856353591,Significant
Lsm1,-6.209883,-1.8779143,5.302398172970244e-10,1.2125455998678663e-08,0.0324585635359116,Significant
Wdr93,-6.216039,-2.2597277,5.098601331581062e-10,1.166878852176677e-08,0.023480662983425413,Significant
Snx21,-6.2247524,-2.5633252,4.823174252458285e-10,1.1047319594096025e-08,0.017265193370165747,Significant
Psma5,-6.225985,-1.6080552,4.785393185207734e-10,1.0965194098950245e-08,0.04212707182320442,Significant
Gm42892,-6.231289,-2.5612311,4.626126354134573e-10,1.061306449358488e-08,0.015883977900552487,Significant
Atp5g3,-6.234119,-1.8047955,4.5432796999973274e-10,1.0431406830546284e-08,0.03591160220994475,Significant
Vps37a,-6.237139,-1.170062,4.456459017897371e-10,1.024032417022172e-08,0.06629834254143646,Significant
Irf3,-6.242476,-2.4639778,4.3069788413222654e-10,9.904833691588495e-09,0.019337016574585635,Significant
H2-Aa,-6.2469687,-2.0275822,4.1849412481660045e-10,9.639754838665876e-09,0.029696132596685083,Significant
Proca1,-6.2469854,-2.4187975,4.1844980542597883e-10,9.639754838665876e-09,0.019337016574585635,Significant
H13,-6.2487564,-1.1987656,4.137340085159308e-10,9.537825173645997e-09,0.06629834254143646,Significant
L3hypdh,-6.258156,-2.011042,3.895562147723757e-10,8.995020448237569e-09,0.028314917127071824,Significant
Snhg6,-6.2617636,-3.4826412,3.8064779214051616e-10,8.796455329656304e-09,0.009668508287292817,Significant
Rac1,-6.2646265,-1.0828637,3.737200904084998e-10,8.646889747237053e-09,0.0738950276243094,Significant
Hexim1,-6.2705674,-2.6161249,3.59734576182628e-10,8.326685570087407e-09,0.015883977900552487,Significant
Fmo5,-6.271974,-1.2121547,3.5649881225519424e-10,8.255143907532743e-09,0.06837016574585636,Significant
Gtf2h5,-6.272181,-2.2799742,3.5602536763919754e-10,8.24753476759298e-09,0.024861878453038673,Significant
Smarcd2,-6.27396,-1.5890378,3.519790038085397e-10,8.157116994652854e-09,0.04212707182320442,Significant
Tmem140,-6.2775927,-1.2325695,3.4385584366804187e-10,7.972107326670185e-09,0.06146408839779006,Significant
Parp9,-6.280654,-1.3215156,3.371518311269747e-10,7.826238245495748e-09,0.05179558011049724,Significant
Mrpl20,-6.2806706,-3.4058893,3.3711594231088835e-10,7.826238245495748e-09,0.009668508287292817,Significant
Txndc15,-6.2814236,-1.3986752,3.354869411190294e-10,7.793946109448654e-09,0.05110497237569061,Significant
Kctd18,-6.283641,-1.8815877,3.307339625800703e-10,7.689800964994602e-09,0.03314917127071823,Significant
Stimate,-6.283939,-1.0575482,3.3010053313595736e-10,7.678208520136661e-09,0.07734806629834254,Significant
Tmem205,-6.2850723,-2.6416955,3.2770079535639334e-10,7.62862264447604e-09,0.016574585635359115,Significant
Zfp598,-6.286297,-2.3290508,3.251275177423827e-10,7.571814309925976e-09,0.020718232044198894,Significant
Ap3d1,-6.2980385,-1.2948439,3.014358323888187e-10,7.0286886699638515e-09,0.05939226519337017,Significant
Wdr45b,-6.30062,-1.1820658,2.964573657525728e-10,6.915435830937013e-09,0.07113259668508287,Significant
Eny2,-6.3006697,-1.4003491,2.9636241728095654e-10,6.915435830937013e-09,0.052486187845303865,Significant
Tns2,-6.3021092,-2.1129842,2.936217925345834e-10,6.854907129443096e-09,0.027624309392265192,Significant
Gnb5,-6.3274703,-1.7698414,2.492128378125631e-10,5.837280213033795e-09,0.03867403314917127,Significant
Arl6ip1,-6.3294477,-1.6504279,2.4603991036699824e-10,5.765332730949485e-09,0.04212707182320442,Significant
Sdf2,-6.330788,-1.0163615,2.439116953079307e-10,5.720171269575322e-09,0.08080110497237569,Significant
B430319H21Rik,-6.331434,-3.989736,2.4289342231382074e-10,5.698637972794094e-09,0.006215469613259668,Significant
Syt12,-6.343109,-2.2992368,2.2517411998767574e-10,5.287274047925049e-09,0.022790055248618785,Significant
Gm16552,-6.3516564,-4.4740596,2.1300877639856244e-10,5.003685122487848e-09,0.004834254143646409,Significant
Syt14,-6.3517885,-3.026818,2.1282549242687629e-10,5.001442989797261e-09,0.012430939226519336,Significant
Trappc10,-6.3548007,-1.2976108,2.0869715630241532e-10,4.908477809589355e-09,0.06077348066298342,Significant
Ntm,-6.357738,-2.00389,2.0474629150608955e-10,4.8215296049000185e-09,0.034530386740331494,Significant
Prdm10,-6.367874,-1.1579076,1.9166612665218615e-10,4.519114251636494e-09,0.0649171270718232,Significant
Ypel3,-6.375089,-2.3776133,1.828562995410184e-10,4.316758106204448e-09,0.022099447513812154,Significant
Ffar2,-6.378796,-3.196661,1.7848527107952673e-10,4.2153172212937914e-09,0.011049723756906077,Significant
Actg1,-6.38175,-1.1337866,1.7507535028100044e-10,4.136500215913048e-09,0.07803867403314917,Significant
Rrnad1,-6.3837442,-1.7951945,1.7280949052601405e-10,4.084659692835934e-09,0.03591160220994475,Significant
Ccdc152,-6.383852,-3.1589372,1.726880836428187e-10,4.083485120724975e-09,0.012430939226519336,Significant
Edem1,-6.38669,-1.471806,1.6951474787143503e-10,4.010111864789108e-09,0.04696132596685083,Significant
Eed,-6.389139,-1.0548375,1.6682210027983993e-10,3.951338274556725e-09,0.08011049723756906,Significant
Srrt,-6.393905,-1.3486867,1.617016150648401e-10,3.831648632295905e-09,0.05939226519337017,Significant
Ednra,-6.396553,-2.2020166,1.5892359976634328e-10,3.7673891316799974e-09,0.024171270718232045,Significant
Nhsl2,-6.4040165,-1.0058591,1.5134167868720195e-10,3.595138308772618e-09,0.0856353591160221,Significant
Micall1,-6.4068794,-1.6448941,1.485281134466094e-10,3.5297743354605116e-09,0.04143646408839779,Significant
Nub1,-6.4115877,-1.4414496,1.440119524240236e-10,3.4267382294092473e-09,0.05179558011049724,Significant
Coa8,-6.412647,-1.2201083,1.4301465771111882e-10,3.404430445120743e-09,0.06629834254143646,Significant
Ptpn1,-6.4139047,-1.0865196,1.418391342716675e-10,3.3778595334851604e-09,0.08011049723756906,Significant
Tmem175,-6.422344,-1.2498765,1.3419147805343645e-10,3.1984081003937737e-09,0.06629834254143646,Significant
Spg21,-6.4225097,-1.6140202,1.340456270932513e-10,3.196269703650261e-09,0.04143646408839779,Significant
Mon1a,-6.4255133,-2.1533606,1.3142519876219085e-10,3.137728403655308e-09,0.026933701657458564,Significant
Timm44,-6.425894,-1.8484958,1.3109672887138684e-10,3.131199177292633e-09,0.03660220994475138,Significant
Hspg2,-6.4286246,-1.0769944,1.2876372531660255e-10,3.078058473237895e-09,0.07803867403314917,Significant
4931408D14Rik,-6.4290133,-3.4069793,1.2843476782462998e-10,3.0727748381101917e-09,0.008977900552486187,Significant
E530011L22Rik,-6.4361544,-3.6502328,1.2253852508951898e-10,2.9341741619521867e-09,0.009668508287292817,Significant
Ppp1r37,-6.442757,-1.4847574,1.1732232341444196e-10,2.8140060731009855e-09,0.05386740331491713,Significant
Gm13402,-6.4436507,-5.8354154,1.1663326141071146e-10,2.798657622413536e-09,0.0020718232044198894,Significant
Sbds,-6.4460588,-1.6205413,1.1479625175248859e-10,2.756901463955484e-09,0.04488950276243094,Significant
Tmem45b,-6.450072,-1.8670641,1.117972303235263e-10,2.6882795995996248e-09,0.04765193370165746,Significant
Rps12,-6.45104,-1.8897094,1.1108530134116113e-10,2.6734184884476146e-09,0.03522099447513812,Significant
Zfp329,-6.452976,-1.3188617,1.0967471342307272e-10,2.6405868317222765e-09,0.05939226519337017,Significant
Dynlrb1,-6.4537206,-3.1375554,1.0913685491679294e-10,2.6287485853710267e-09,0.012430939226519336,Significant
Naca,-6.455111,-1.2611635,1.0813974268356444e-10,2.605833723294474e-09,0.06560773480662983,Significant
Nprl3,-6.4588094,-1.0803375,1.0552988175376178e-10,2.5440207438361345e-09,0.0787292817679558,Significant
Crls1,-6.462086,-1.4073634,1.0326930066954679e-10,2.490579097596215e-09,0.052486187845303865,Significant
Jkamp,-6.4636416,-1.8825109,1.0221273530944762e-10,2.4661421022268035e-09,0.03383977900552486,Significant
Selenok,-6.470766,-2.4721544,9.750738355566902e-11,2.3546089597300044e-09,0.022099447513812154,Significant
Sybu,-6.4729834,-1.7279123,9.608647486510782e-11,2.32226653874962e-09,0.04281767955801105,Significant
Tmem11,-6.479272,-1.4948788,9.216623430624103e-11,2.2313084811359143e-09,0.04903314917127072,Significant
Uvssa,-6.493446,-1.2397971,8.3894856289919e-11,2.0336556032372404e-09,0.06767955801104972,Significant
Dld,-6.5021505,-1.3549393,7.917975969724498e-11,1.9226331330152777e-09,0.057320441988950276,Significant
Ell,-6.514148,-1.3776243,7.310316838872226e-11,1.7796355328012972e-09,0.05939226519337017,Significant
Trmt13,-6.5159607,-1.2310381,7.222595758285121e-11,1.7590326136548892e-09,0.06560773480662983,Significant
Smad6,-6.5163083,-1.0276546,7.205890574234875e-11,1.756466674604058e-09,0.08425414364640885,Significant
Gm15723,-6.520859,-3.654519,6.990588736087748e-11,1.7047156883150853e-09,0.007596685082872928,Significant
Kctd17,-6.5308213,-3.341577,6.540999565760096e-11,1.596446876442116e-09,0.009668508287292817,Significant
Ank,-6.531781,-1.3727725,6.499207925601162e-11,1.5869270947326577e-09,0.06077348066298342,Significant
Abhd6,-6.5406346,-1.8798368,6.125828349597614e-11,1.4976848091646103e-09,0.03522099447513812,Significant
Camk1,-6.5428853,-1.9794406,6.034308936805059e-11,1.4765775039562391e-09,0.031767955801104975,Significant
Cox7a2,-6.5473537,-2.4686644,5.856561763219366e-11,1.434316057460103e-09,0.020718232044198894,Significant
Fbxo31,-6.5500507,-2.0735912,5.751745178367198e-11,1.4098584683659346e-09,0.029005524861878452,Significant
Mc2r,-6.5508537,-2.421381,5.7209132101664696e-11,1.4029049056851376e-09,0.021408839779005526,Significant
Cd302,-6.5559173,-2.4076266,5.530080236162135e-11,1.3584482257433484e-09,0.022790055248618785,Significant
1500004A13Rik,-6.561643,-2.7961595,5.321797708212974e-11,1.308413140342638e-09,0.017265193370165747,Significant
2610203C22Rik,-6.5629506,-1.8041279,5.275328992943192e-11,1.297548631478092e-09,0.034530386740331494,Significant
Sdhb,-6.566194,-1.7106477,5.1617467960588176e-11,1.270160001358622e-09,0.03798342541436464,Significant
Gm15614,-6.5674105,-2.9243019,5.119773208317715e-11,1.2603761619317726e-09,0.016574585635359115,Significant
Kctd3,-6.5696034,-1.0484344,5.044948441335814e-11,1.2424931193689557e-09,0.07941988950276244,Significant
Zfhx4,-6.575271,-1.9511847,4.8564552494648774e-11,1.1976241592021636e-09,0.03314917127071823,Significant
Tm2d1,-6.5774393,-1.1894574,4.786196741014459e-11,1.1808094827994122e-09,0.06837016574585636,Significant
Fbxo4,-6.5779686,-1.620303,4.769186056813426e-11,1.1771227709623464e-09,0.03798342541436464,Significant
Rps19,-6.584257,-2.5901024,4.57165087074845e-11,1.1298366850316299e-09,0.019337016574585635,Significant
Rexo2,-6.584365,-2.0862048,4.5683425982608e-11,1.1295093177923067e-09,0.029696132596685083,Significant
Gm47371,-6.587749,-3.581334,4.4654469734811406e-11,1.1045482889530393e-09,0.008977900552486187,Significant
Chst12,-6.5888,-3.134287,4.433960390018146e-11,1.0972365865624652e-09,0.011740331491712707,Significant
Ybx3,-6.5936236,-1.0767542,4.292184990732273e-11,1.0626143719882015e-09,0.0738950276243094,Significant
Nod1,-6.5954113,-1.0294892,4.240791764297425e-11,1.0503476461542395e-09,0.08011049723756906,Significant
Selenot,-6.604993,-1.2997032,3.9753668104372386e-11,9.858944318515105e-10,0.06146408839779006,Significant
Uqcc5,-6.6054974,-1.5031188,3.9618451221760265e-11,9.829691638423753e-10,0.05179558011049724,Significant
Mocs2,-6.60563,-1.892701,3.958305906538512e-11,9.825191657550541e-10,0.031077348066298343,Significant
Rpl19,-6.605663,-2.785524,3.957421586132194e-11,9.825191657550541e-10,0.015193370165745856,Significant
Cep95,-6.6057873,-1.141279,3.954107106015001e-11,9.825191657550541e-10,0.07527624309392265,Significant
Cers2,-6.608352,-1.6352868,3.886212833436939e-11,9.667315200905756e-10,0.0393646408839779,Significant
Sigmar1,-6.6087575,-3.6662216,3.8755860874669315e-11,9.645093855177208e-10,0.006906077348066298,Significant
Rabl6,-6.613267,-1.097279,3.7592908684270914e-11,9.367955419654573e-10,0.07734806629834254,Significant
4930425L21Rik,-6.6136727,-27.369566,3.7490038674838734e-11,9.346411086619931e-10,0.0,Significant
Wdr82,-6.624446,-1.0632818,3.4855327449156313e-11,8.704812281940394e-10,0.08011049723756906,Significant
Atp5j,-6.6244707,-2.8265352,3.4849471100904906e-11,8.704812281940394e-10,0.016574585635359115,Significant
Ncapd3,-6.6260347,-1.370106,3.448245601455343e-11,8.619251659019696e-10,0.060082872928176795,Significant
Mpdu1,-6.636932,-1.8880448,3.202795888469886e-11,8.019806538494448e-10,0.03591160220994475,Significant
Gtf3c1,-6.641607,-1.065504,3.1028160599479955e-11,7.772875022855204e-10,0.09116022099447514,Significant
Odf2,-6.653191,-1.0835943,2.868055755091925e-11,7.200615641564785e-10,0.0856353591160221,Significant
Mif4gd,-6.6574936,-1.5228478,2.7853636807402457e-11,6.999178876656237e-10,0.04765193370165746,Significant
Pmp22,-6.6578245,-2.1187308,2.77910030519614e-11,6.986523199919356e-10,0.027624309392265192,Significant
Fkbp9,-6.658065,-1.459625,2.774567980566564e-11,6.978210043349855e-10,0.05041436464088398,Significant
Tfdp1,-6.6642623,-1.2970984,2.6599835291325647e-11,6.69593820213693e-10,0.060082872928176795,Significant
Ube2j1,-6.665768,-1.6155968,2.6328478303277566e-11,6.630561181189419e-10,0.0462707182320442,Significant
Atxn2l,-6.67252,-1.6369637,2.5144786336065828e-11,6.340873688051038e-10,0.04488950276243094,Significant
Tgoln1,-6.6738935,-2.422977,2.4910443584403957e-11,6.284561666546503e-10,0.023480662983425413,Significant
Ppm1l,-6.675408,-1.7181942,2.4654579199147597e-11,6.225527246912033e-10,0.04143646408839779,Significant
Il31ra,-6.6851134,-1.860098,2.3074567332538262e-11,5.836912210049138e-10,0.03798342541436464,Significant
Gm15563,-6.696921,-3.2174823,2.1285651354856542e-11,5.389178629599316e-10,0.011740331491712707,Significant
Psmb7,-6.704302,-1.1492969,2.0237161181081558e-11,5.132847192926348e-10,0.07941988950276244,Significant
Gt(ROSA)26Sor,-6.7067842,-2.1175482,1.9896026256682475e-11,5.048572331023872e-10,0.029696132596685083,Significant
Socs6,-6.70877,-1.1446285,1.962717796649074e-11,4.982573074409047e-10,0.07665745856353591,Significant
Vps8,-6.7163825,-1.1327515,1.8629153201337884e-11,4.733434236668364e-10,0.07734806629834254,Significant
Gde1,-6.725327,-1.9743147,1.7519855151929218e-11,4.453562822348221e-10,0.0324585635359116,Significant
Rsf1os1,-6.7258897,-3.6383264,1.7452279874006046e-11,4.43836653999901e-10,0.008977900552486187,Significant
D3Ertd751e,-6.729555,-1.3464125,1.701825249874913e-11,4.329920980926158e-10,0.06146408839779006,Significant
Kank2,-6.731541,-2.0595186,1.678754636400134e-11,4.273132219546715e-10,0.029005524861878452,Significant
Rnf4,-6.7353144,-1.1805804,1.6357611795886308e-11,4.167421804338086e-10,0.06975138121546962,Significant
Zbtb7a,-6.7358685,-1.6900582,1.6295357015650438e-11,4.153419533698083e-10,0.04074585635359116,Significant
Ddx19b,-6.738053,-1.7288187,1.605230503086415e-11,4.095135756104102e-10,0.04212707182320442,Significant
Ephb2,-6.7435555,-2.340055,1.5455697203357602e-11,3.944701275017415e-10,0.024171270718232045,Significant
Eif4ebp2,-6.7535095,-1.0899855,1.4431105045090751e-11,3.69313057246073e-10,0.08701657458563536,Significant
Gm19522,-6.7570176,-2.8360767,1.4086085774162433e-11,3.6064559805152115e-10,0.015883977900552487,Significant
Secisbp2,-6.7651186,-1.2519668,1.3320018315955718e-11,3.4164646978776334e-10,0.06698895027624309,Significant
Tigd2,-6.766492,-2.6869059,1.3194233992362105e-11,3.3857272544348383e-10,0.019337016574585635,Significant
Atp5l,-6.772342,-1.6928976,1.2671418305767676e-11,3.257441217827166e-10,0.04281767955801105,Significant
Ncbp3,-6.7725406,-1.365061,1.2654031509169319e-11,3.254440867947652e-10,0.055248618784530384,Significant
Emc2,-6.7794333,-1.0350056,1.2064834090029845e-11,3.105713010490006e-10,0.08494475138121547,Significant
Cops3,-6.7811127,-1.021943,1.192537126016097e-11,3.071201107755883e-10,0.0856353591160221,Significant
Samd4,-6.7928457,-1.2221733,1.0994282643883409e-11,2.8339766773443423e-10,0.0718232044198895,Significant
Gm12158,-6.793359,-8.056811,1.0955240077332063e-11,2.825191690413791e-10,0.0006906077348066298,Significant
Gm36975,-6.794567,-3.0638616,1.086383683810904e-11,2.802889594013443e-10,0.015193370165745856,Significant
Slc25a22,-6.7946415,-2.932091,1.0858226902679512e-11,2.8027121399160204e-10,0.014502762430939226,Significant
Tomm40,-6.796925,-1.8450229,1.06875601045766e-11,2.75991092931835e-10,0.03522099447513812,Significant
Myo1c,-6.798191,-1.9478227,1.0594086389722909e-11,2.7370139433630316e-10,0.031077348066298343,Significant
Sec22b,-6.798613,-1.5127112,1.0563106821414206e-11,2.7302490491064287e-10,0.04903314917127072,Significant
Sec16a,-6.80074,-1.0383369,1.0408339499217751e-11,2.6926908651747297e-10,0.0925414364640884,Significant
Golim4,-6.807682,-1.3476174,9.918392379641868e-12,2.5694412215158667e-10,0.06353591160220995,Significant
Zdhhc14,-6.8115544,-2.2931967,9.654989321023443e-12,2.5023429537023025e-10,0.024861878453038673,Significant
Gm12353,-6.8117695,-1.8357767,9.640558503845024e-12,2.499740627356282e-10,0.04005524861878453,Significant
Actl6a,-6.812903,-1.8260498,9.564867524926303e-12,2.481244290372796e-10,0.03798342541436464,Significant
Heatr5b,-6.814467,-1.4981092,9.461402005685544e-12,2.456642460582492e-10,0.05386740331491713,Significant
Tmem126a,-6.815741,-3.1624935,9.377908200191182e-12,2.437186083190717e-10,0.013812154696132596,Significant
Cisd1,-6.8255877,-2.8855193,8.756617414845517e-12,2.2809265883747416e-10,0.016574585635359115,Significant
Acad10,-6.830445,-1.3799844,8.465185802982458e-12,2.20804463952187e-10,0.05939226519337017,Significant
Gm42984,-6.834987,-2.3699238,8.201232612478044e-12,2.1401759220307623e-10,0.022099447513812154,Significant
Manf,-6.841987,-3.3273232,7.810198016817002e-12,2.0390668742575741e-10,0.011049723756906077,Significant
Ufd1,-6.842848,-1.01341,7.76340704203652e-12,2.0277805522045942e-10,0.09806629834254144,Significant
Ccdc174,-6.843485,-1.4178405,7.728940807723522e-12,2.0206318573580582e-10,0.05662983425414365,Significant
Hspa8,-6.855847,-3.595356,7.089125060392698e-12,1.854211621790632e-10,0.009668508287292817,Significant
Vegfb,-6.8609686,-2.429207,6.839511495310021e-12,1.7905683864572316e-10,0.021408839779005526,Significant
Plcl2,-6.8654785,-1.7147028,6.6268835881465186e-12,1.7364996704677906e-10,0.04143646408839779,Significant
Traf6,-6.867373,-1.4890021,6.539486203961329e-12,1.7143871267944847e-10,0.0531767955801105,Significant
4930405A10Rik,-6.869698,-6.5608425,6.433785518987151e-12,1.6874536215414434e-10,0.0013812154696132596,Significant
Rbm3,-6.8739676,-1.0847281,6.24403031138126e-12,1.6399507839500014e-10,0.07458563535911603,Significant
4930557K07Rik,-6.8760448,-3.765068,6.153720748444015e-12,1.61772397570245e-10,0.008977900552486187,Significant
A930028N01Rik,-6.877261,-27.435465,6.101426007979966e-12,1.6047173132581397e-10,0.0,Significant
Morf4l2,-6.87928,-1.339561,6.015583767705528e-12,1.5828713277122017e-10,0.0649171270718232,Significant
Emc9,-6.893512,-2.9982595,5.443157188508184e-12,1.434237915182066e-10,0.013812154696132596,Significant
Il6ra,-6.895274,-1.789018,5.3760958552313876e-12,1.417879917057575e-10,0.0393646408839779,Significant
Atp6v0a2,-6.8992047,-1.4870683,5.229449187487972e-12,1.3804824579728912e-10,0.0531767955801105,Significant
Azin1,-6.9013476,-1.3309153,5.1511475234968445e-12,1.360442908791437e-10,0.06560773480662983,Significant
Pard3bos1,-6.911062,-3.6431537,4.810393459115955e-12,1.2710376517657615e-10,0.008977900552486187,Significant
Hspd1,-6.9178634,-2.0181599,4.5850621709573905e-12,1.2126243617114945e-10,0.03522099447513812,Significant
Npepl1,-6.9213552,-2.7146819,4.473434318571196e-12,1.18365159634648e-10,0.017265193370165747,Significant
Dcaf17,-6.926601,-1.0875283,4.310718727773067e-12,1.1416587678052382e-10,0.08494475138121547,Significant
Ube2v2,-6.9326167,-1.074766,4.131268900059462e-12,1.0956617719528916e-10,0.08770718232044199,Significant
Afg3l2,-6.936489,-1.0197424,4.019646222721981e-12,1.0675497927612516e-10,0.08977900552486189,Significant
Lrp3,-6.93845,-4.711396,3.9642526356085874e-12,1.0533294882136658e-10,0.004834254143646409,Significant
Entpd5,-6.939683,-1.6377739,3.929811028696972e-12,1.045153525385494e-10,0.0462707182320442,Significant
Calcoco1,-6.9401793,-1.7477336,3.916024930579344e-12,1.0419737176267217e-10,0.04143646408839779,Significant
Flcn,-6.9429016,-2.131501,3.841269803798749e-12,1.0235177533837367e-10,0.028314917127071824,Significant
Ikbkg,-6.944217,-1.7535702,3.805645202634524e-12,1.0145002035730919e-10,0.04005524861878453,Significant
Selenoi,-6.9521027,-1.3725455,3.5988122567158222e-12,9.616141187689143e-11,0.06353591160220995,Significant
Gm35612,-6.959252,-2.498992,3.420847009213716e-12,9.15349856915593e-11,0.022099447513812154,Significant
Lyz2,-6.963149,-3.3883023,3.3274956624212737e-12,8.91208516057995e-11,0.011740331491712707,Significant
Fech,-6.9646797,-1.0492452,3.291516271784602e-12,8.824022035390161e-11,0.09599447513812155,Significant
Angel2,-6.9648285,-1.3051965,3.288036006075562e-12,8.818844004802099e-11,0.0649171270718232,Significant
Gm26724,-6.966616,-7.3816347,3.246553221284597e-12,8.719905045904069e-11,0.0006906077348066298,Significant
Rad18,-6.971142,-1.3402313,3.1437836103113575e-12,8.455842350247473e-11,0.06353591160220995,Significant
Mxd4,-6.973401,-1.4143147,3.0936929491121226e-12,8.325045851389101e-11,0.06077348066298342,Significant
Atp1b3,-6.9819813,-1.5436761,2.9104553320679258e-12,7.839367883788068e-11,0.05041436464088398,Significant
Serf2,-6.9906034,-2.3098774,2.7370655757176822e-12,7.382816245710115e-11,0.026243093922651933,Significant
4930565N06Rik,-7.0037017,-4.8862653,2.49286603744727e-12,6.73050189844879e-11,0.004143646408839779,Significant
Pvt1,-7.0043387,-1.6173172,2.4815491746673078e-12,6.706307145454731e-11,0.04558011049723757,Significant
Pcsk7,-7.0067797,-1.3420656,2.438656787799674e-12,6.593521184905092e-11,0.0649171270718232,Significant
A530072M11Rik,-7.0151367,-2.570794,2.29723950019362e-12,6.217068173979321e-11,0.020027624309392266,Significant
Tm9sf4,-7.0192657,-1.2694769,2.2303714928600475e-12,6.038972095812837e-11,0.07113259668508287,Significant
Rhou,-7.01939,-1.9435948,2.228391276581159e-12,6.03648086012406e-11,0.03591160220994475,Significant
Lpar6,-7.0324717,-1.4988645,2.0290649238489304e-12,5.508639682179266e-11,0.054558011049723756,Significant
Sned1,-7.032869,-3.0072455,2.023295262996606e-12,5.4965866207199305e-11,0.015193370165745856,Significant
Sowahc,-7.0391574,-3.1533682,1.934058276204094e-12,5.2566688451235e-11,0.011740331491712707,Significant
Wipi2,-7.046679,-1.2233354,1.8323865096886494e-12,4.985089357294858e-11,0.0718232044198895,Significant
Nkiras1,-7.052446,-2.9059062,1.7579962206353763e-12,4.791865141177547e-11,0.014502762430939226,Significant
Coq5,-7.057808,-2.00213,1.691497762959292e-12,4.615025113592e-11,0.03383977900552486,Significant
Gas6,-7.0585527,-1.7424521,1.6824592492237916e-12,4.592565297701434e-11,0.04281767955801105,Significant
Tmem88b,-7.0686636,-3.3328447,1.5643263896579815e-12,4.278304944933484e-11,0.010359116022099447,Significant
Capn2,-7.071543,-1.2169955,1.5322000907100912e-12,4.1944714117847743e-11,0.07803867403314917,Significant
Arel1,-7.0755315,-1.0609553,1.4887701747178438e-12,4.083432683940691e-11,0.08632596685082873,Significant
Scarb2,-7.0768304,-1.3146505,1.4748864451438528e-12,4.0473016420692104e-11,0.06629834254143646,Significant
Myo5a,-7.0780554,-1.07478,1.461914954930816e-12,4.013640282001716e-11,0.0787292817679558,Significant
Arf1,-7.084716,-1.2885717,1.393296645684282e-12,3.82709620366178e-11,0.07113259668508287,Significant
Gm33037,-7.0941324,-2.6832168,1.301655582242113e-12,3.580558961760781e-11,0.019337016574585635,Significant
Arhgef40,-7.0963993,-1.8736558,1.2804899839161933e-12,3.52403964109096e-11,0.03729281767955801,Significant
Tsnax,-7.0969124,-1.5566629,1.2757477451446647e-12,3.512686284152918e-11,0.052486187845303865,Significant
Stard7,-7.098518,-1.0493301,1.261020177251405e-12,3.4738147030900945e-11,0.09392265193370165,Significant
Rplp1,-7.113536,-1.2798263,1.1310720281700466e-12,3.118855804166132e-11,0.0718232044198895,Significant
Dhrs4,-7.119543,-2.5862398,1.0828557665220192e-12,2.9902468574941945e-11,0.021408839779005526,Significant
Rplp2,-7.1205277,-1.347047,1.0751473544877079e-12,2.9718429860138144e-11,0.06906077348066299,Significant
Foxn2,-7.1294227,-1.5930296,1.0079090598523653e-12,2.7927664125086875e-11,0.04903314917127072,Significant
Tmem216,-7.1303988,-3.0149431,1.0007847639584184e-12,2.7743761073299074e-11,0.014502762430939226,Significant
Gm53058,-7.1321282,-5.111454,9.882873958019525e-13,2.7410653971923514e-11,0.0027624309392265192,Significant
Colec12,-7.1326494,-2.8358858,9.845503800970218e-13,2.7320313446932027e-11,0.017955801104972375,Significant
Usp38,-7.1478496,-1.2042156,8.814785489680368e-13,2.4484034174043407e-11,0.07458563535911603,Significant
Gm47096,-7.151399,-3.3365726,8.589776255362719e-13,2.3882346179521906e-11,0.011740331491712707,Significant
Fads3,-7.1554456,-1.4445258,8.34016770528624e-13,2.322237111524224e-11,0.060082872928176795,Significant
Rps11,-7.1572824,-3.546802,8.229211539576158e-13,2.2924634749266438e-11,0.011049723756906077,Significant
Nudt12,-7.159508,-2.3775074,8.096704824190168e-13,2.256654279952092e-11,0.023480662983425413,Significant
Hdhd2,-7.1595826,-2.1326988,8.092307912691152e-13,2.256533324468888e-11,0.03038674033149171,Significant
Selenow,-7.170223,-2.6464987,7.487546266408044e-13,2.089942999782061e-11,0.020027624309392266,Significant
Gfod2,-7.176123,-1.1235394,7.171600681305635e-13,2.0066737808069986e-11,0.08494475138121547,Significant
Farsb,-7.1779103,-1.0897241,7.078496094475278e-13,1.981596096929778e-11,0.08977900552486189,Significant
Tppp,-7.1807485,-5.6074376,6.933082092076358e-13,1.941842731947466e-11,0.0020718232044198894,Significant
Bfar,-7.1844473,-1.1199898,6.747971250929771e-13,1.892789315266956e-11,0.08494475138121547,Significant
Fam117a,-7.192639,-2.9123468,6.355094958678392e-13,1.7834670381572516e-11,0.015193370165745856,Significant
Epg5,-7.1965275,-1.123512,6.176526204438113e-13,1.734208967489697e-11,0.08287292817679558,Significant
Gm9993,-7.198878,-2.6711287,6.071022398637745e-13,1.705427165272974e-11,0.018646408839779006,Significant
Trim67,-7.2050257,-4.4621315,5.803301242625365e-13,1.6318309928707696e-11,0.0055248618784530384,Significant
Gucd1,-7.212489,-1.2089357,5.49382994183001e-13,1.547868237099172e-11,0.07941988950276244,Significant
Josd1,-7.213598,-2.672859,5.449259622706702e-13,1.5360707533492194e-11,0.020027624309392266,Significant
Arap2,-7.215501,-1.0945536,5.373584518471509e-13,1.5162402183661357e-11,0.0835635359116022,Significant
Mfsd14b,-7.224156,-1.0279632,5.042242696802281e-13,1.4234523619168005e-11,0.10220994475138122,Significant
Gpx1,-7.2267704,-2.5008624,4.946149298594422e-13,1.3984046038295182e-11,0.021408839779005526,Significant
3110082I17Rik,-7.2319174,-1.5738999,4.762227025096402e-13,1.3477433848708461e-11,0.05041436464088398,Significant
Phf2,-7.245272,-1.230769,4.315722421652276e-13,1.2250326540942286e-11,0.07458563535911603,Significant
Tmem241,-7.245926,-1.0951482,4.29495635560865e-13,1.2197461837641502e-11,0.09116022099447514,Significant
Rab5b,-7.251577,-1.1504532,4.119465327851396e-13,1.1710757625221485e-11,0.08149171270718232,Significant
Coq9,-7.2540264,-1.6706023,4.045615848398365e-13,1.1506564037145419e-11,0.04765193370165746,Significant
Gm7480,-7.2606626,-27.523878,3.851994796951727e-13,1.0961341116103362e-11,0.0,Significant
Sft2d3,-7.266537,-4.6568055,3.6881988291057717e-13,1.0521529535476541e-11,0.004143646408839779,Significant
Mocs1,-7.266893,-2.2335901,3.678501510757496e-13,1.049912554005226e-11,0.029696132596685083,Significant
4930523C07Rik,-7.271874,-1.0959829,3.5453396533249065e-13,1.0129211500249549e-11,0.09116022099447514,Significant
Cep78,-7.2842693,-1.6976072,3.2341886483037705e-13,9.268139699198037e-12,0.04834254143646409,Significant
Atpaf2,-7.284294,-1.9940485,3.2335932613213754e-13,9.268139699198037e-12,0.03383977900552486,Significant
Park7,-7.2873225,-2.2695305,3.1617579795699563e-13,9.069705849606696e-12,0.028314917127071824,Significant
Thap3,-7.2893,-1.7075112,3.1156975113182437e-13,8.9420832657244e-12,0.04765193370165746,Significant
Serinc1,-7.2914014,-1.3477528,3.0674685681076e-13,8.808105281725409e-12,0.06906077348066299,Significant
Mgst3,-7.2961345,-2.7590303,2.9615274023755143e-13,8.512485200336404e-12,0.018646408839779006,Significant
Slc16a4,-7.2966394,-3.3818085,2.9504438086208276e-13,8.489197620347577e-12,0.013121546961325966,Significant
Washc2,-7.306105,-1.1226672,2.749969551555071e-13,7.916381002785505e-12,0.0925414364640884,Significant
Dynll2,-7.3087363,-2.12594,2.6966613732934694e-13,7.766848520824656e-12,0.031767955801104975,Significant
Gm16193,-7.317623,-6.2388496,2.5240156807395934e-13,7.28433739873255e-12,0.0013812154696132596,Significant
Cep68,-7.3185167,-2.1135125,2.507267628725721e-13,7.239671706251079e-12,0.031767955801104975,Significant
Ring1,-7.3302,-3.245013,2.298092636849995e-13,6.642420956085055e-12,0.013121546961325966,Significant
Pigl,-7.3306966,-1.4625024,2.2895946352762556e-13,6.621219305600064e-12,0.054558011049723756,Significant
Lman2l,-7.332252,-1.1975855,2.2631669676964665e-13,6.548119426199415e-12,0.08149171270718232,Significant
Ccl25,-7.336133,-1.030904,2.1985376279192896e-13,6.36759568012982e-12,0.09806629834254144,Significant
Gm9895,-7.3406754,-3.3428211,2.1251849866311627e-13,6.158277777290841e-12,0.011049723756906077,Significant
Ints10,-7.341751,-2.2008765,2.108170706303634e-13,6.112084938270632e-12,0.03038674033149171,Significant
Eif2b3,-7.3457727,-1.2696071,2.0457405819926992e-13,5.937131217086966e-12,0.06906077348066299,Significant
Mindy1,-7.3468647,-1.5648924,2.0291002642913319e-13,5.891840803111307e-12,0.052486187845303865,Significant
Mob4,-7.3543615,-1.0978432,1.9184216971626573e-13,5.579001524930484e-12,0.08632596685082873,Significant
Gm48383,-7.3696938,-4.1071787,1.710204803199195e-13,4.986214628723265e-12,0.007596685082872928,Significant
Gm46218,-7.376214,-1.0794723,1.628542607933628e-13,4.750555565489175e-12,0.09944751381215469,Significant
Mier3,-7.3771324,-1.3414322,1.6173517043244703e-13,4.720329236080967e-12,0.07044198895027624,Significant
Lasp1,-7.3771987,-1.115975,1.616548078169775e-13,4.720329236080967e-12,0.09046961325966851,Significant
Brd2,-7.3817163,-1.108903,1.562617874406648e-13,4.56526548930677e-12,0.09116022099447514,Significant
Polr3gl,-7.382188,-1.4870042,1.5570907637226343e-13,4.551453037840376e-12,0.05870165745856354,Significant
Cmbl,-7.3858786,-1.9926322,1.514501648166589e-13,4.429236689689458e-12,0.03660220994475138,Significant
Uba3,-7.3881207,-1.1630559,1.4891847693943681e-13,4.359674547767852e-12,0.0856353591160221,Significant
Myo1b,-7.3892293,-1.5365766,1.4768205712206905e-13,4.326778423454432e-12,0.06077348066298342,Significant
Tmem234,-7.391083,-1.5791233,1.4563769343928274e-13,4.2702141617539645e-12,0.05386740331491713,Significant
Klhl26,-7.396428,-2.1478052,1.3989636855313562e-13,4.103987182784181e-12,0.029696132596685083,Significant
Nnat,-7.405555,-1.1215999,1.3060323954542446e-13,3.837295698119718e-12,0.13328729281767956,Significant
Mcts1,-7.40783,-1.0173094,1.2838242783212704e-13,3.773992681047572e-12,0.10220994475138122,Significant
Ppwd1,-7.409551,-1.5148121,1.267273760797426e-13,3.7272642155767686e-12,0.05870165745856354,Significant
Rimoc1,-7.4138045,-1.5145484,1.227268859660989e-13,3.6114685342613114e-12,0.058011049723756904,Significant
Klf13,-7.416088,-1.0470705,1.2063024595978988e-13,3.5516064297809703e-12,0.09599447513812155,Significant
Marcks,-7.4202833,-1.9738926,1.1687013395804565e-13,3.4426809610476346e-12,0.0324585635359116,Significant
D830024N08Rik,-7.424685,-2.8015068,1.1304845934945356e-13,3.333553766865476e-12,0.019337016574585635,Significant
Abhd16a,-7.428053,-2.6668396,1.1020790913024116e-13,3.2531615105158432e-12,0.020027624309392266,Significant
Uqcrh,-7.4288306,-1.8241067,1.0956189884992513e-13,3.2357697522892045e-12,0.04419889502762431,Significant
Retreg3,-7.4317517,-1.4384586,1.0716898447903701e-13,3.1667406046812904e-12,0.060082872928176795,Significant
Aldoa,-7.4331913,-2.3814018,1.0600844836748311e-13,3.134074277514463e-12,0.025552486187845305,Significant
1600010M07Rik,-7.433431,-2.2316403,1.058162302388265e-13,3.1300166057293604e-12,0.031077348066298343,Significant
Pphln1,-7.437146,-1.0952051,1.0288350591084726e-13,3.0448491216577725e-12,0.09116022099447514,Significant
Lrig3,-7.442078,-1.1975179,9.911371832766656e-14,2.9348071946415297e-12,0.08080110497237569,Significant
Arfgap2,-7.4530168,-2.3437095,9.122976279535411e-14,2.706990059056935e-12,0.024861878453038673,Significant
Tep1,-7.46048,-1.8273908,8.620775167795673e-14,2.561980995978358e-12,0.04074585635359116,Significant
Ppil4,-7.4634094,-1.3022586,8.431194461109211e-14,2.5069485316450107e-12,0.07320441988950276,Significant
Entpd6,-7.463575,-2.0108573,8.420606860306075e-14,2.505108543535466e-12,0.03660220994475138,Significant
Vac14,-7.478419,-1.7308393,7.522205497942176e-14,2.2401773182966813e-12,0.04350828729281768,Significant
Fbxo9,-7.4806943,-1.4885025,7.393090114985487e-14,2.202877782508575e-12,0.05593922651933702,Significant
Etfdh,-7.4825397,-1.8260528,7.28999101385824e-14,2.173295174450796e-12,0.04212707182320442,Significant
Mospd1,-7.4837976,-2.4678693,7.220528535384765e-14,2.1537145905361127e-12,0.024171270718232045,Significant
Higd1a,-7.484534,-3.0604494,7.18015887521455e-14,2.142795736444401e-12,0.014502762430939226,Significant
Nln,-7.486329,-1.3353564,7.08265715190667e-14,2.114806402132762e-12,0.06906077348066299,Significant
Angpt2,-7.4869666,-5.5255494,7.048373584851388e-14,2.105673873531075e-12,0.0027624309392265192,Significant
Fan1,-7.5091915,-1.7897027,5.949370395054347e-14,1.7810888520756546e-12,0.04074585635359116,Significant
Ubac1,-7.5130305,-2.2138548,5.777398350572442e-14,1.7314254709470814e-12,0.029005524861878452,Significant
Eif4h,-7.513271,-1.1712981,5.766813886010816e-14,1.7291635043883196e-12,0.0856353591160221,Significant
Ltbp2,-7.5148344,-4.3481946,5.698297874979846e-14,1.7095193851381847e-12,0.0055248618784530384,Significant
Klf15,-7.520759,-2.6075792,5.445918005395585e-14,1.6355275165887659e-12,0.022099447513812154,Significant
Pard6g,-7.5314245,-3.1592274,5.018968918453756e-14,1.5088970917934284e-12,0.013121546961325966,Significant
Snhg5,-7.532161,-3.2376268,4.990735852049378e-14,1.5012017440652066e-12,0.012430939226519336,Significant
Gm15345,-7.538549,-4.29485,4.752300039898404e-14,1.430236345517204e-12,0.006215469613259668,Significant
Uba5,-7.550414,-1.506618,4.3387586012990984e-14,1.308544774981843e-12,0.05386740331491713,Significant
Arl8b,-7.551664,-1.1397322,4.2973289769702913e-14,1.2967366681381314e-12,0.08977900552486189,Significant
Sema6d,-7.55825,-2.419683,4.0852791569663426e-14,1.2340577213624432e-12,0.024861878453038673,Significant
Fsd2,-7.5587716,-4.06699,4.068942677367445e-14,1.229775291889489e-12,0.006906077348066298,Significant
Gm35417,-7.5612125,-3.663969,3.993297139716086e-14,1.2081951776438557e-12,0.009668508287292817,Significant
Calm2,-7.574592,-1.155026,3.6025800953535415e-14,1.0923030522338978e-12,0.0856353591160221,Significant
Mgst2,-7.58371,-4.527622,3.358103661888067e-14,1.019806829928365e-12,0.004834254143646409,Significant
Kpna3,-7.5887246,-1.0394917,3.230695093385577e-14,9.821623561797552e-13,0.09875690607734806,Significant
Esrra,-7.5967426,-1.2957702,3.0367795779075906e-14,9.241970387260082e-13,0.07320441988950276,Significant
Gprin3,-7.60687,-2.4350562,2.808127966595937e-14,8.559829472480688e-13,0.024861878453038673,Significant
Zfp397,-7.6092863,-1.4156922,2.7561329967222983e-14,8.405836580951494e-13,0.06284530386740332,Significant
Ripk2,-7.610668,-2.3289478,2.7268230077274274e-14,8.320901869400185e-13,0.027624309392265192,Significant
Xbp1,-7.625173,-1.7809457,2.4370687376270433e-14,7.452692319507062e-13,0.04558011049723757,Significant
Alas1,-7.630055,-1.0427513,2.3465336038123433e-14,7.179686724055811e-13,0.11878453038674033,Significant
Uqcrq,-7.6316023,-4.018303,2.3185351817008776e-14,7.097833966732779e-13,0.007596685082872928,Significant
Appl2,-7.6363354,-1.5495766,2.2349171154422143e-14,6.849215041463678e-13,0.055248618784530384,Significant
Yipf4,-7.6371546,-1.7565974,2.2207490225818103e-14,6.809459886636018e-13,0.04558011049723757,Significant
Dhtkd1,-7.637767,-1.4965776,2.2102164683620263e-14,6.780815513200546e-13,0.05870165745856354,Significant
Calm1,-7.6550436,-2.4878206,1.9324648001949496e-14,5.935085123403485e-13,0.024861878453038673,Significant
St3gal6,-7.6551514,-2.751338,1.9308479204999852e-14,5.933319559697229e-13,0.020718232044198894,Significant
Fabp5,-7.656045,-27.719774,1.9174667347346328e-14,5.895381929941939e-13,0.0,Significant
Rnf14,-7.664013,-1.1976175,1.802114390035294e-14,5.552716205790026e-13,0.08839779005524862,Significant
Rbm15,-7.667679,-1.4556054,1.751369393899291e-14,5.399281248403873e-13,0.062154696132596686,Significant
Phlpp2,-7.6798835,-1.3008187,1.592334680007595e-14,4.916980966069005e-13,0.07527624309392265,Significant
Phgdh,-7.7040033,-3.2533543,1.3186855969308678e-14,4.080830248632638e-13,0.013121546961325966,Significant
Ssu72,-7.70445,-1.2278627,1.3140801553589537e-14,4.0687894576560184e-13,0.08425414364640885,Significant
Dnaja1,-7.7193356,-1.2240853,1.1693764157680652e-14,3.626659177028835e-13,0.08425414364640885,Significant
Psmb1,-7.7247553,-1.1620107,1.1206840762379652e-14,3.4775407076330236e-13,0.08770718232044199,Significant
Prkaca,-7.729124,-2.7916708,1.0828900224519552e-14,3.362096007003096e-13,0.017955801104972375,Significant
Nup188,-7.740154,-1.4387015,9.929653272985161e-15,3.0862684880843236e-13,0.07113259668508287,Significant
Map1lc3b,-7.742446,-3.6674912,9.752225961776106e-15,3.0327771626952116e-13,0.008977900552486187,Significant
Ndufa10,-7.7451267,-2.1148803,9.548649769753581e-15,2.97109107398655e-13,0.03383977900552486,Significant
B430219N15Rik,-7.7544436,-6.2182965,8.873153773247024e-15,2.763929152092225e-13,0.0020718232044198894,Significant
Ptp4a1,-7.7694864,-5.1339793,7.880489954587231e-15,2.4614535299185493e-13,0.003453038674033149,Significant
Rnf141,-7.77374,-1.7414184,7.620231313235531e-15,2.3814686674365773e-13,0.04834254143646409,Significant
Zfp655,-7.7771735,-1.7245282,7.416288739915899e-15,2.3202796546129186e-13,0.04696132596685083,Significant
Elmod3,-7.7901893,-1.6943382,6.690900982391393e-15,2.0967891735737384e-13,0.0462707182320442,Significant
Dennd2d,-7.7949963,-2.2151334,6.441028631487585e-15,2.02070860223435e-13,0.031077348066298343,Significant
Inppl1,-7.7958817,-1.9948007,6.3960229855925225e-15,2.0076953959350815e-13,0.03729281767955801,Significant
Lrrc39,-7.8000274,-3.2340937,6.189379668233732e-15,1.9449749872455684e-13,0.012430939226519336,Significant
Fbxo28,-7.8060675,-1.1714579,5.89999585910784e-15,1.8560865426157985e-13,0.08701657458563536,Significant
Setd4,-7.8066635,-2.5524714,5.872186041767897e-15,1.848359012738009e-13,0.021408839779005526,Significant
E2f3,-7.812265,-1.1894963,5.616927478650559e-15,1.7699693832974071e-13,0.09046961325966851,Significant
Gm16541,-7.815848,-3.6046178,5.459427804922263e-15,1.7222453110253662e-13,0.010359116022099447,Significant
D530033B14Rik,-7.8240314,-5.786007,5.1158107969904385e-15,1.6147415886443046e-13,0.0020718232044198894,Significant
Rbks,-7.834101,-1.5188869,4.722085681591265e-15,1.4921214250582032e-13,0.06284530386740332,Significant
Sh3tc1,-7.843526,-1.9957159,4.380695940758791e-15,1.3865547946789678e-13,0.03591160220994475,Significant
Gm45909,-7.8583946,-3.4320831,3.890876217849566e-15,1.2335767412058583e-13,0.012430939226519336,Significant
Hprt,-7.865105,-1.0776236,3.687873617652537e-15,1.169867474444307e-13,0.10842541436464088,Significant
4930473D10Rik,-7.8717084,-27.656301,3.4983146461956577e-15,1.1109734203515167e-13,0.0,Significant
Reno1,-7.8818774,-2.612401,3.2249846547464764e-15,1.0253146355439369e-13,0.023480662983425413,Significant
Bnip3l,-7.890673,-1.4315349,3.0056119288217155e-15,9.566380594691855e-14,0.07113259668508287,Significant
Xpot,-7.904566,-1.3740371,2.6886935654234215e-15,8.581664815514297e-14,0.06837016574585636,Significant
Tug1,-7.905823,-1.7456052,2.6616830300607625e-15,8.500218363134598e-14,0.04903314917127072,Significant
Snx3,-7.90608,-1.2918875,2.6562071969060555e-15,8.487491245736684e-14,0.08149171270718232,Significant
Stx17,-7.9101343,-1.223274,2.5711127984815173e-15,8.220198419895344e-14,0.08218232044198895,Significant
Erp29,-7.9174986,-1.8018962,2.42336478681338e-15,7.756538185831405e-14,0.0462707182320442,Significant
Fam53b,-7.9246974,-3.7378676,2.2870286460550035e-15,7.328401695836688e-14,0.008977900552486187,Significant
Gm10785,-7.9342046,-2.6346562,2.118487891657891e-15,6.799820689903718e-14,0.024171270718232045,Significant
Ap4m1,-7.9416018,-2.240075,1.995868295487278e-15,6.413472720843177e-14,0.03383977900552486,Significant
Sar1b,-7.9603763,-1.7015958,1.7151680378001093e-15,5.5239470158583724e-14,0.05179558011049724,Significant
Cyria,-7.9664416,-2.848732,1.6330881020548782e-15,5.265553206064939e-14,0.019337016574585635,Significant
Asap2,-7.9672523,-1.193471,1.6224116849613458e-15,5.2340931305033425e-14,0.09461325966850828,Significant
Gm43713,-7.9697676,-3.6137562,1.5897284958321845e-15,5.137385373506267e-14,0.010359116022099447,Significant
Hsp90b1,-7.9715466,-1.0413412,1.567006108578454e-15,5.066831052161598e-14,0.11187845303867404,Significant
Eci2,-7.972068,-1.3447692,1.5604087338155649e-15,5.0483655518290956e-14,0.07527624309392265,Significant
Pgm3,-7.974418,-2.9795718,1.5310062362545451e-15,4.956056060180219e-14,0.020718232044198894,Significant
Gcnt7,-7.975171,-3.8884976,1.5217009679705055e-15,4.92873576889696e-14,0.008287292817679558,Significant
Atp6v0e,-7.9790435,-1.4517515,1.4747181815130439e-15,4.779278769125454e-14,0.07044198895027624,Significant
Acaa1b,-7.9822206,-4.4549065,1.437237778735383e-15,4.660464485135048e-14,0.0055248618784530384,Significant
4732440D04Rik,-7.9865813,-2.2765827,1.3873231746269787e-15,4.5037382489415504e-14,0.031767955801104975,Significant
Gm50100,-8.003502,-27.677128,1.2092936166615776e-15,3.930273277758384e-14,0.0,Significant
Gm48582,-8.006746,-1.839893,1.1778349010645374e-15,3.834596746799075e-14,0.04696132596685083,Significant
Riok2,-8.010792,-1.8042179,1.1397199000902912e-15,3.7190138012058033e-14,0.04419889502762431,Significant
Eprs,-8.012745,-1.0171889,1.1217622226562788e-15,3.662515064235732e-14,0.11740331491712708,Significant
Kpna1,-8.02058,-1.2069731,1.0524644384163327e-15,3.4382316458900975e-14,0.08701657458563536,Significant
Podn,-8.021606,-1.7424132,1.0437087353095567e-15,3.415506844670199e-14,0.0462707182320442,Significant
Dipk1a,-8.031577,-1.9931527,9.62274087964775e-16,3.1562700946314664e-14,0.0393646408839779,Significant
Tulp2,-8.032769,-3.6207924,9.5297135868366e-16,3.1275586244845127e-14,0.010359116022099447,Significant
Pex1,-8.035624,-1.0429244,9.310424683986711e-16,3.0573523179405264e-14,0.10497237569060773,Significant
Trub2,-8.0376835,-2.4116151,9.155251588983167e-16,3.0098682490086057e-14,0.029005524861878452,Significant
Kmt5a,-8.04504,-1.9556408,8.621746152054643e-16,2.8361111937847682e-14,0.04212707182320442,Significant
Ehbp1l1,-8.048234,-3.1204252,8.399749661758079e-16,2.7646829219084783e-14,0.014502762430939226,Significant
Kansl3,-8.058394,-1.056448,7.730296739809507e-16,2.550236539174352e-14,0.10773480662983426,Significant
Pdhx,-8.06638,-1.4454557,7.241359317914859e-16,2.3972688425662207e-14,0.06767955801104972,Significant
Ggps1,-8.072552,-1.473236,6.884383764345224e-16,2.2804170792645805e-14,0.06353591160220995,Significant
Cd81,-8.075977,-2.2124803,6.693817629868173e-16,2.2198757697281518e-14,0.03867403314917127,Significant
Rrs1,-8.077939,-2.9665818,6.587074823722611e-16,2.1857495777248788e-14,0.015193370165745856,Significant
Cdadc1,-8.081844,-1.4184105,6.379461878368228e-16,2.119328697877277e-14,0.06906077348066299,Significant
Selenop,-8.085072,-1.7858953,6.212793010740733e-16,2.0675782982150093e-14,0.0462707182320442,Significant
Dusp22,-8.085534,-1.4637228,6.189216062907173e-16,2.0609365604561248e-14,0.06077348066298342,Significant
Tle3,-8.086139,-1.0948745,6.158614155001301e-16,2.0519464517257407e-14,0.10359116022099447,Significant
Slc7a6,-8.09006,-2.3653512,5.963506905027945e-16,1.9892679946057188e-14,0.029696132596685083,Significant
Gm15738,-8.091186,-3.5236392,5.908660091147045e-16,1.9721278678194834e-14,0.012430939226519336,Significant
Igsf8,-8.096366,-4.308815,5.662545474873978e-16,1.8910909201454497e-14,0.004834254143646409,Significant
Abcc1,-8.098782,-1.2335278,5.551226747066715e-16,1.8550023603563723e-14,0.08977900552486189,Significant
Mfsd8,-8.103854,-2.7399328,5.324502014453241e-16,1.780284610716277e-14,0.020027624309392266,Significant
Cox7b,-8.108306,-1.7740505,5.133052257373335e-16,1.7172804264811696e-14,0.04903314917127072,Significant
Uhrf1bp1,-8.109,-2.0972064,5.103779169407142e-16,1.708490827073557e-14,0.031767955801104975,Significant
Tmem134,-8.109009,-3.1838996,5.103431673038848e-16,1.708490827073557e-14,0.015193370165745856,Significant
Sbno2,-8.117102,-2.1749709,4.774505501625064e-16,1.6020336933885255e-14,0.03591160220994475,Significant
Ece1,-8.119765,-1.8322582,4.670850480045336e-16,1.5681774598128625e-14,0.04488950276243094,Significant
Sun2,-8.12114,-2.853084,4.618282998294744e-16,1.5514433758460237e-14,0.019337016574585635,Significant
Itpk1,-8.130679,-2.1120012,4.2689078848745533e-16,1.4383188394830883e-14,0.03729281767955801,Significant
Fbxo3,-8.135594,-1.0047166,4.099219373846522e-16,1.3819635900899632e-14,0.11671270718232044,Significant
Nmt1,-8.136654,-1.2433071,4.0635335202584453e-16,1.3707444441767542e-14,0.08218232044198895,Significant
Psen2,-8.13811,-2.4575503,4.0149649233567614e-16,1.3559674833977305e-14,0.026933701657458564,Significant
Slc25a10,-8.138656,-4.17184,3.996899580878943e-16,1.3506674126696018e-14,0.006906077348066298,Significant
Rpe,-8.141577,-1.5977918,3.9016289306290963e-16,1.3192556587823716e-14,0.05662983425414365,Significant
Sin3a,-8.150472,-1.3537129,3.6250728926963574e-16,1.228662354660853e-14,0.07734806629834254,Significant
Pxmp4,-8.155412,-1.2381808,3.4799279681041157e-16,1.1801702110292821e-14,0.08632596685082873,Significant
1700109K24Rik,-8.158151,-5.410882,3.4019381039023324e-16,1.1557861430447655e-14,0.003453038674033149,Significant
Gata6,-8.15983,-3.3699567,3.354962385761692e-16,1.1405069445233223e-14,0.013121546961325966,Significant
Sepsecs,-8.167939,-1.4656221,3.137025583817116e-16,1.0689729130348916e-14,0.06698895027624309,Significant
H3f3b,-8.170951,-1.1218805,3.059683234163528e-16,1.0438671242450895e-14,0.10773480662983426,Significant
Purb,-8.18625,-1.3271724,2.694912992389062e-16,9.205221397697995e-15,0.07734806629834254,Significant
Gm17227,-8.199117,-3.4704905,2.421595647795451e-16,8.281566233100346e-15,0.013121546961325966,Significant
Prkaa1,-8.199738,-1.1353763,2.4091276544108684e-16,8.243878471743345e-15,0.09599447513812155,Significant
Stk24,-8.200755,-1.0096163,2.3888169944829444e-16,8.17929215170495e-15,0.1180939226519337,Significant
Hadhb,-8.204446,-1.1362312,2.3165759343666843e-16,7.941490083008632e-15,0.09875690607734806,Significant
Rpl9,-8.213861,-2.4745727,2.141862118586438e-16,7.364720464639515e-15,0.027624309392265192,Significant
Pdpr,-8.226008,-1.19778,1.9355527847076089e-16,6.6633803575596104e-15,0.08632596685082873,Significant
Fcgrt,-8.229567,-2.2229006,1.8789218850167064e-16,6.4723346070620855e-15,0.029696132596685083,Significant
Aldh2,-8.230609,-1.3049318,1.8626393919693353e-16,6.420130122162586e-15,0.08080110497237569,Significant
Acsm3,-8.247282,-5.361833,1.620378419061359e-16,5.5884898582539576e-15,0.003453038674033149,Significant
Ppp1r1a,-8.249276,-5.0607023,1.5935695463889993e-16,5.499360214602182e-15,0.003453038674033149,Significant
Bche,-8.252279,-1.2804236,1.5540127117194694e-16,5.366102960461996e-15,0.08632596685082873,Significant
Iah1,-8.2587,-1.8187729,1.472668681561133e-16,5.097582212569755e-15,0.05179558011049724,Significant
Atad3a,-8.259578,-2.8216975,1.4618882791552576e-16,5.0636953016445445e-15,0.020027624309392266,Significant
Ttc13,-8.2649145,-1.5084151,1.3979478025537824e-16,4.8507340539436276e-15,0.06353591160220995,Significant
A430046D13Rik,-8.266106,-2.837999,1.384053700278282e-16,4.80811890748986e-15,0.019337016574585635,Significant
Raver2,-8.270334,-1.9679513,1.335838953755745e-16,4.64371220181965e-15,0.04558011049723757,Significant
Rcl1,-8.271129,-1.7730265,1.3269675928683112e-16,4.615691002169488e-15,0.049723756906077346,Significant
Gm43413,-8.293428,-4.1313605,1.1003046707001336e-16,3.834299158772111e-15,0.007596685082872928,Significant
Scaf1,-8.303051,-1.4516671,1.0147113415023553e-16,3.5403602019905396e-15,0.06353591160220995,Significant
Rpl13,-8.309025,-3.0551343,9.649136519020578e-17,3.3728145029438353e-15,0.018646408839779006,Significant
Micos10,-8.310738,-1.3341368,9.510864436526959e-17,3.3285687269839065e-15,0.08425414364640885,Significant
Slc5a6,-8.316125,-3.8297417,9.088620034325183e-17,3.184708389996986e-15,0.008287292817679558,Significant
Kirrel,-8.320196,-1.1416569,8.781820562109938e-17,3.0809959619661247e-15,0.11533149171270718,Significant
Adora1,-8.32622,-2.3405697,8.346503227444253e-17,2.9300754640807843e-15,0.029005524861878452,Significant
Rab5a,-8.326947,-1.1613708,8.295345940602969e-17,2.9139129747308674e-15,0.09599447513812155,Significant
Pnpla7,-8.341536,-1.4231083,7.333213603810074e-17,2.5807201224632227e-15,0.07458563535911603,Significant
Rnf2,-8.347559,-1.4320656,6.96882016886987e-17,2.4555172601214063e-15,0.06767955801104972,Significant
Kxd1,-8.359234,-2.4305499,6.312669685636103e-17,2.2284545850576895e-15,0.028314917127071824,Significant
Rps2,-8.359283,-3.5429864,6.310013962444682e-17,2.2284545850576895e-15,0.012430939226519336,Significant
Nat8l,-8.368468,-6.2792177,5.837196696585564e-17,2.06444606894583e-15,0.0013812154696132596,Significant
Epm2aip1,-8.370222,-1.7893485,5.750952181601377e-17,2.0352080060445246e-15,0.049723756906077346,Significant
Hmces,-8.378373,-1.8259705,5.36644392373003e-17,1.9014977191108377e-15,0.04834254143646409,Significant
Dcn,-8.385306,-1.0065074,5.059366170265204e-17,1.7949244180752086e-15,0.11878453038674033,Significant
Polr3h,-8.409096,-2.3156943,4.1318445959021834e-17,1.4676940931707188e-15,0.031077348066298343,Significant
Ppp6r2,-8.418851,-1.0414292,3.8019449640592377e-17,1.352195803863192e-15,0.12016574585635359,Significant
Git2,-8.424378,-1.0675697,3.6267072515413373e-17,1.2906771100625955e-15,0.11671270718232044,Significant
Hsp90ab1,-8.425355,-1.2826769,3.59659106757762e-17,1.2807597997431975e-15,0.08908839779005524,Significant
Eif4a1,-8.426116,-1.6229827,3.5732819269442375e-17,1.273255608273666e-15,0.05939226519337017,Significant
Mgrn1,-8.426654,-1.1184556,3.556903412451105e-17,1.2682131321751932e-15,0.10359116022099447,Significant
Slc22a4,-8.433687,-2.2434845,3.349418718414209e-17,1.1964821282636354e-15,0.034530386740331494,Significant
Scd2,-8.444212,-1.3684304,3.06103305155463e-17,1.0948384609834937e-15,0.08218232044198895,Significant
Mtif2,-8.456102,-1.0330454,2.7646321329606816e-17,9.898675035236925e-16,0.12638121546961326,Significant
Jag1,-8.456598,-1.6575274,2.75289242919533e-17,9.864848823839603e-16,0.055248618784530384,Significant
4930444A19Rik,-8.482191,-4.851131,2.2099174619232108e-17,7.944123118647067e-16,0.004834254143646409,Significant
Mdh2,-8.486436,-2.3335328,2.1307074666973418e-17,7.664220711384292e-16,0.031077348066298343,Significant
Septin10,-8.493842,-1.3243729,1.9991662724975336e-17,7.195608515947033e-16,0.08011049723756906,Significant
Naa50,-8.505765,-1.353123,1.8040200468188985e-17,6.497324825168558e-16,0.08080110497237569,Significant
Gtpbp2,-8.511151,-2.214811,1.7221422939136962e-17,6.206361035299986e-16,0.03522099447513812,Significant
Mapkapk2,-8.511425,-1.3584076,1.7180909137441086e-17,6.19568174284378e-16,0.07665745856353591,Significant
Gm43362,-8.513651,-2.593538,1.6854149121383885e-17,6.093283207115682e-16,0.025552486187845305,Significant
Rxra,-8.517696,-2.131326,1.6275780728909037e-17,5.887923954795487e-16,0.03729281767955801,Significant
Thap2,-8.519434,-1.750194,1.6033454303132407e-17,5.803947371104021e-16,0.05041436464088398,Significant
Ube2a,-8.526319,-2.1991632,1.5107883464485366e-17,5.475862459269645e-16,0.03522099447513812,Significant
Gprc5b,-8.526575,-3.7358692,1.507443560522063e-17,5.467219349024635e-16,0.011049723756906077,Significant
Mideas,-8.529835,-1.3648938,1.4655637301909123e-17,5.322108696479639e-16,0.08080110497237569,Significant
Odr4,-8.541957,-1.3008078,1.3196738825644972e-17,4.804574843165283e-16,0.0856353591160221,Significant
Etv3,-8.557852,-1.8327243,1.1498964860342568e-17,4.1918217548832664e-16,0.04834254143646409,Significant
Dnajb4,-8.562883,-1.4119931,1.1007960810367198e-17,4.015402283812419e-16,0.07320441988950276,Significant
Mcur1,-8.579829,-1.6055646,9.501433686998007e-18,3.4725361718315373e-16,0.06077348066298342,Significant
Drg1,-8.580093,-1.0619364,9.479587726253391e-18,3.4667771658355446e-16,0.12361878453038674,Significant
Cald1,-8.588633,-2.2133965,8.801025404783298e-18,3.220688866155307e-16,0.034530386740331494,Significant
Ndufaf4,-8.594541,-2.5777268,8.35984453531757e-18,3.061208409553169e-16,0.026933701657458564,Significant
Fam168b,-8.599828,-1.052172,7.983559319084184e-18,2.925301487696091e-16,0.12154696132596685,Significant
Dcun1d5,-8.605985,-1.4950949,7.566467150526318e-18,2.7796271356007685e-16,0.07113259668508287,Significant
Mettl16,-8.612562,-1.0933605,7.144541648894231e-18,2.629717815317947e-16,0.1180939226519337,Significant
Ctsc,-8.613836,-1.7892988,7.065537290194208e-18,2.602320561713767e-16,0.05041436464088398,Significant
Fas,-8.619546,-1.9754426,6.722013965871402e-18,2.4806104810802563e-16,0.04281767955801105,Significant
Hebp1,-8.621846,-1.7989328,6.588315755409245e-18,2.434427562808292e-16,0.055248618784530384,Significant
Pcyt2,-8.628896,-2.093564,6.194700675582951e-18,2.290470462132265e-16,0.04212707182320442,Significant
Glt8d1,-8.628979,-1.9860313,6.190221435302635e-18,2.290301486338969e-16,0.04419889502762431,Significant
Mapk8ip3,-8.629136,-1.4102247,6.181719684667584e-18,2.288643046584245e-16,0.07596685082872928,Significant
Exd1,-8.644286,-2.5430906,5.414264568675344e-18,2.008427614364448e-16,0.026933701657458564,Significant
Gm34408,-8.657873,-6.534685,4.806493954348e-18,1.7864658763350485e-16,0.0013812154696132596,Significant
Slc25a1,-8.659213,-4.549433,4.75031365221777e-18,1.7667381428538998e-16,0.0055248618784530384,Significant
Abhd17b,-8.6625805,-1.0250616,4.612013409385777e-18,1.717545163792253e-16,0.12085635359116022,Significant
Atp5pb,-8.673388,-1.585087,4.1945240983021654e-18,1.56411523694449e-16,0.06560773480662983,Significant
Pi4kb,-8.678774,-1.1771916,4.0005818343602815e-18,1.4927728062274495e-16,0.11187845303867404,Significant
Rbm4b,-8.679452,-1.9882528,3.976789428899239e-18,1.4848679794816495e-16,0.04281767955801105,Significant
Ptger3,-8.687818,-5.024059,3.694678254256835e-18,1.3831602529627771e-16,0.004143646408839779,Significant
BC035947,-8.694429,-4.6253295,3.485783200552824e-18,1.307536108186287e-16,0.0055248618784530384,Significant
Elmod2,-8.697912,-1.7465916,3.3804502972155075e-18,1.2688610439930667e-16,0.055248618784530384,Significant
Rpl11,-8.6993685,-2.8030527,3.3373528335347227e-18,1.253510604843672e-16,0.023480662983425413,Significant
Dctn4,-8.71183,-1.231677,2.9900788865933823e-18,1.124558004501412e-16,0.09806629834254144,Significant
Rpl37a,-8.717804,-2.17311,2.836491970325252e-18,1.0682056169463637e-16,0.03729281767955801,Significant
Rad51d,-8.720543,-1.5508775,2.768709971486755e-18,1.0433693877328082e-16,0.06767955801104972,Significant
Zfp106,-8.749561,-1.0787479,2.1418407545587326e-18,8.092803875602442e-17,0.11947513812154696,Significant
Kdsr,-8.763206,-1.7806644,1.897751329701735e-18,7.175289406676393e-17,0.052486187845303865,Significant
2610020C07Rik,-8.764115,-1.8160188,1.8824833626798285e-18,7.1222913723822e-17,0.0531767955801105,Significant
Dcaf10,-8.767939,-1.1924001,1.8196715397006643e-18,6.889223214235074e-17,0.09599447513812155,Significant
Gm46124,-8.782816,-6.028077,1.5943210558384674e-18,6.044090229061129e-17,0.0020718232044198894,Significant
Usp19,-8.788169,-1.8009137,1.520166959490246e-18,5.76681058230074e-17,0.0531767955801105,Significant
Naxd,-8.792976,-2.9507127,1.4564860415395631e-18,5.5362998458814594e-17,0.017265193370165747,Significant
Btg1,-8.802377,-1.4918003,1.3394898833541183e-18,5.094982862262314e-17,0.07044198895027624,Significant
Tmem43,-8.806721,-3.1980996,1.2886048103332917e-18,4.9079897327884923e-17,0.015883977900552487,Significant
A930015D03Rik,-8.822492,-1.4272951,1.1194074796907119e-18,4.269268673882708e-17,0.07803867403314917,Significant
Strn,-8.8249,-1.046008,1.095583563975919e-18,4.1840123216869757e-17,0.13674033149171272,Significant
Ccdc47,-8.830295,-1.7734666,1.0440076967569713e-18,3.997770158778662e-17,0.05662983425414365,Significant
Tor1aip2,-8.833471,-1.3158611,1.0147616151897952e-18,3.8883944233191203e-17,0.09461325966850828,Significant
Aldh1l1,-8.835317,-2.1262197,9.981505185180954e-19,3.827319102689486e-17,0.03867403314917127,Significant
Jade1,-8.838056,-1.5310884,9.739885548944297e-19,3.737188834517771e-17,0.07044198895027624,Significant
Suds3,-8.839951,-2.1843705,9.57611275253073e-19,3.6768269470118156e-17,0.03522099447513812,Significant
Pgd,-8.843161,-1.2451153,9.304814457412442e-19,3.5774844025626056e-17,0.09668508287292818,Significant
Tmem59,-8.846454,-1.5294609,9.034412157473344e-19,3.4758679909370926e-17,0.07251381215469613,Significant
Gzf1,-8.847952,-2.9456432,8.91402194884034e-19,3.431868315002825e-17,0.019337016574585635,Significant
Fbxw8,-8.853595,-1.0067769,8.474462984411711e-19,3.264847068980969e-17,0.13397790055248618,Significant
Calr,-8.859064,-3.5183532,8.06889136058535e-19,3.110702389729793e-17,0.013121546961325966,Significant
Dennd4a,-8.8617115,-1.2785716,7.879495671733237e-19,3.0397450070742706e-17,0.0925414364640884,Significant
Lysmd4,-8.8700695,-2.9189937,7.310053540111524e-19,2.8238925280019694e-17,0.021408839779005526,Significant
Agtpbp1,-8.871178,-1.1817158,7.237625278484576e-19,2.797811411963274e-17,0.09944751381215469,Significant
Zfta,-8.873214,-2.1573133,7.106500322018756e-19,2.7489893670928667e-17,0.03660220994475138,Significant
Dmrt2,-8.875771,-4.1768603,6.945115160691005e-19,2.688387507579242e-17,0.008287292817679558,Significant
Ext2,-8.876159,-1.3291793,6.920887192541325e-19,2.6808315485067726e-17,0.08701657458563536,Significant
Ccdc62,-8.880338,-1.8054397,6.665775427471454e-19,2.5855307807605728e-17,0.05386740331491713,Significant
Vsir,-8.888422,-3.0481715,6.198307163499492e-19,2.4074884597327733e-17,0.018646408839779006,Significant
Slc2a3,-8.888918,-1.6401037,6.170678536260877e-19,2.398393218656864e-17,0.06146408839779006,Significant
Cmpk1,-8.897986,-1.5576571,5.686876951759092e-19,2.2118610690581588e-17,0.06560773480662983,Significant
Hbp1,-8.900858,-1.2459339,5.54166054575915e-19,2.156853678305344e-17,0.09599447513812155,Significant
Pkp2,-8.905996,-1.1445098,5.290863948647131e-19,2.062060808349872e-17,0.1277624309392265,Significant
Tlcd1,-8.908156,-3.8748698,5.188834096804057e-19,2.0236808377131493e-17,0.011049723756906077,Significant
Prr14,-8.915404,-1.6175708,4.860392911464722e-19,1.89818678169899e-17,0.06284530386740332,Significant
Hadh,-8.921395,-1.4993739,4.604511157565126e-19,1.8007243806518943e-17,0.06975138121546962,Significant
Sod1,-8.923885,-1.8069011,4.5020884240304965e-19,1.76187915431423e-17,0.055248618784530384,Significant
Coq3,-8.93585,-1.3912565,4.0405855952274914e-19,1.5834479310244224e-17,0.08287292817679558,Significant
mt-Nd2,-8.940343,-1.3032047,3.8796311620522066e-19,1.5214192699615337e-17,0.09530386740331492,Significant
Hmgcl,-8.940517,-1.509355,3.8735353040305354e-19,1.520075628854602e-17,0.0738950276243094,Significant
Zfp36l2,-8.940997,-1.84318,3.856748239260793e-19,1.514531734425854e-17,0.05386740331491713,Significant
Dctn2,-8.943149,-1.8768756,3.782374852346927e-19,1.4863506312455927e-17,0.05110497237569061,Significant
Ffar4,-8.944985,-3.8234913,3.719994134553165e-19,1.462846588505468e-17,0.008977900552486187,Significant
Exoc3,-8.945242,-1.2836301,3.711364580963867e-19,1.4604617180695477e-17,0.09461325966850828,Significant
Med27,-8.956098,-1.2081705,3.363718434296674e-19,1.32549128973901e-17,0.10082872928176796,Significant
Gm32718,-8.958183,-3.3539968,3.3007272123519714e-19,1.3015700013748865e-17,0.015193370165745856,Significant
Phlda3,-8.979887,-5.6320844,2.710460785935252e-19,1.0717801917495776e-17,0.0020718232044198894,Significant
Slc38a6,-8.982162,-1.0689807,2.6549752216542004e-19,1.0513000284854787e-17,0.13743093922651933,Significant
Parp3,-8.983006,-2.981043,2.6346817206488065e-19,1.04399033998235e-17,0.020718232044198894,Significant
Ipo9,-8.988782,-1.3695624,2.4998645093935856e-19,9.919497214590951e-18,0.08701657458563536,Significant
Rnf8,-8.9889965,-2.3570962,2.494976591186319e-19,9.90700572376152e-18,0.034530386740331494,Significant
Atp6v1b2,-9.001085,-1.0973133,2.2349681184233597e-19,8.893173978416809e-18,0.12914364640883977,Significant
F3,-9.018544,-1.9807345,1.9060490704587542e-19,7.61630456989417e-18,0.0462707182320442,Significant
Marchf2,-9.019678,-1.388444,1.886429357369778e-19,7.54320042401633e-18,0.08218232044198895,Significant
Ssbp3,-9.020993,-1.3009565,1.8639091281027091e-19,7.46363218447935e-18,0.09392265193370165,Significant
Ssbp1,-9.021722,-1.4902502,1.851559520269236e-19,7.419398356344164e-18,0.07734806629834254,Significant
Mgat4b,-9.024312,-1.9114016,1.8082858891251307e-19,7.256209077707827e-18,0.04765193370165746,Significant
Plagl1,-9.038684,-1.9223665,1.5856887321335343e-19,6.385481053494737e-18,0.05041436464088398,Significant
Ptms,-9.0530815,-1.9762739,1.389892906925943e-19,5.600983157343958e-18,0.04903314917127072,Significant
Boc,-9.057128,-1.8639528,1.339306139777173e-19,5.400951197241644e-18,0.05110497237569061,Significant
Tnk2,-9.073412,-2.3130746,1.153473830433281e-19,4.664769416100956e-18,0.034530386740331494,Significant
Il6st,-9.075746,-1.3750621,1.129022821348489e-19,4.5691320874487785e-18,0.09185082872928177,Significant
Cdc42ep1,-9.087288,-2.5927029,1.0154023310364841e-19,4.1122350022438434e-18,0.028314917127071824,Significant
Dhdh,-9.09006,-2.8672075,9.898457840127702e-20,4.011587814054886e-18,0.020718232044198894,Significant
1700087I21Rik,-9.095802,-2.18438,9.389072334785617e-20,3.807857320619856e-18,0.0393646408839779,Significant
Zfp438,-9.097117,-1.2105911,9.276066928642196e-20,3.76470796139569e-18,0.11256906077348067,Significant
Pex5,-9.119401,-1.597124,7.554085974959477e-20,3.0724086392869113e-18,0.06560773480662983,Significant
Aqp7,-9.12396,-3.098484,7.24283542747518e-20,2.950030701544093e-18,0.018646408839779006,Significant
Tbk1,-9.128098,-1.319412,6.971383028463928e-20,2.8435352508865653e-18,0.08977900552486189,Significant
Uqcc4,-9.128404,-3.6159973,6.951699921191923e-20,2.8375393922049415e-18,0.013121546961325966,Significant
Tnks1bp1,-9.134411,-1.8107668,6.576410869486322e-20,2.6862798516457726e-18,0.052486187845303865,Significant
Sanbr,-9.138928,-1.491445,6.307429024262416e-20,2.5782578325235195e-18,0.07113259668508287,Significant
Ldb3,-9.160772,-4.9979243,5.1527068512234224e-20,2.109275922469539e-18,0.0055248618784530384,Significant
Cipc,-9.166176,-1.9182271,4.900974426892297e-20,2.0076718333933398e-18,0.049723756906077346,Significant
Pank2,-9.17555,-1.070069,4.4927239533417074e-20,1.844413804089619e-18,0.13052486187845305,Significant
Maob,-9.183734,-2.4776762,4.1639638108947775e-20,1.7119152588892385e-18,0.029696132596685083,Significant
B230208H11Rik,-9.21569,-5.422001,3.092837583417746e-20,1.2743072708928356e-18,0.003453038674033149,Significant
Clip1,-9.216376,-1.0430155,3.073099925402696e-20,1.2670918381778054e-18,0.13121546961325967,Significant
2810013P06Rik,-9.218271,-2.62242,3.019286456656147e-20,1.2458057255685337e-18,0.026933701657458564,Significant
Tbc1d31,-9.235093,-2.9136963,2.5806169170144795e-20,1.0671235139558569e-18,0.021408839779005526,Significant
Slc43a1,-9.237418,-2.8878787,2.525166819118936e-20,1.0449529349378732e-18,0.022790055248618785,Significant
Amotl2,-9.253959,-1.1411605,2.163288898960648e-20,8.971582898449983e-19,0.11878453038674033,Significant
Rpl6,-9.273139,-2.6512227,1.8074736016091473e-20,7.512361631330399e-19,0.025552486187845305,Significant
Nupr1,-9.28723,-7.272808,1.583560145711026e-20,6.59133759188096e-19,0.0006906077348066298,Significant
Akap8,-9.325309,-1.2133822,1.1066119275042173e-20,4.633205129707179e-19,0.11049723756906077,Significant
Dhrs7,-9.328163,-2.7782803,1.0772149669122538e-20,4.513443519569584e-19,0.025552486187845305,Significant
Fbh1,-9.337447,-1.5099295,9.868487742939405e-21,4.1409105421570576e-19,0.07803867403314917,Significant
Phaf1,-9.3438015,-2.006892,9.293581780116223e-21,3.902550443522108e-19,0.0462707182320442,Significant
Tomm70a,-9.346284,-1.2717857,9.078117567911216e-21,3.8148862910290223e-19,0.09944751381215469,Significant
Atg12,-9.359804,-2.1869202,7.988447343726825e-21,3.3619377693950415e-19,0.04074585635359116,Significant
Tecr,-9.388037,-1.473373,6.1129139903098774e-21,2.5859987780255185e-19,0.07941988950276244,Significant
Rbm28,-9.418213,-1.3179504,4.588294983698184e-21,1.9453619111448867e-19,0.10566298342541436,Significant
Zcchc24,-9.430393,-1.7988566,4.0855519967545435e-21,1.7334978855976189e-19,0.0531767955801105,Significant
Gm37310,-9.447844,-3.4457211,3.45882409339681e-21,1.4719648931398187e-19,0.013121546961325966,Significant
Usf2,-9.451004,-2.2915492,3.3559451498312672e-21,1.429251105284534e-19,0.03660220994475138,Significant
Nr1h3,-9.455514,-3.0797951,3.2143872555895424e-21,1.369988208985959e-19,0.020027624309392266,Significant
Tcim,-9.457128,-2.924652,3.165186388061407e-21,1.3500290496075248e-19,0.022790055248618785,Significant
Cbx4,-9.459701,-2.8061094,3.0882544415039277e-21,1.3182031195927672e-19,0.024861878453038673,Significant
Xrcc6,-9.46503,-2.7422898,2.9347807359311147e-21,1.2545746988337358e-19,0.026933701657458564,Significant
Sucla2,-9.465361,-1.496713,2.9255010778697798e-21,1.2515473844852226e-19,0.08011049723756906,Significant
Gm30173,-9.467843,-1.8753427,2.8568226651231142e-21,1.2230852584569567e-19,0.055248618784530384,Significant
Ppfia1,-9.473875,-1.0742838,2.6965096972607594e-21,1.1561894478292538e-19,0.13743093922651933,Significant
Wasl,-9.484159,-1.0737236,2.443432932487242e-21,1.0492572745758375e-19,0.14226519337016574,Significant
Lman2,-9.492881,-1.3753939,2.2473529430777603e-21,9.665145312068787e-20,0.09599447513812155,Significant
Gm42439,-9.49941,-3.6881862,2.1108371867564107e-21,9.084896466447225e-20,0.013812154696132596,Significant
Sorl1,-9.500816,-2.010973,2.082515247569469e-21,8.969780689247588e-20,0.05110497237569061,Significant
Plgrkt,-9.502223,-1.4128358,2.05456929208997e-21,8.856111283943601e-20,0.08839779005524862,Significant
Anxa6,-9.502984,-1.1626236,2.039600646363355e-21,8.798250030649683e-20,0.12292817679558012,Significant
Gm26749,-9.506567,-3.3760526,1.970586584589162e-21,8.506987923661219e-20,0.017265193370165747,Significant
Plbd1,-9.507245,-4.273589,1.957779581983093e-21,8.458112835940765e-20,0.006906077348066298,Significant
Lncbate1,-9.516959,-4.1994557,1.783200009394523e-21,7.709733616927375e-20,0.008977900552486187,Significant
Slc2a4,-9.520997,-3.3237412,1.715247828092318e-21,7.42157496803987e-20,0.014502762430939226,Significant
Dguok,-9.523993,-1.7510791,1.6665017378596234e-21,7.216142620187439e-20,0.062154696132596686,Significant
Nos3,-9.547119,-4.9314713,1.333523102957968e-21,5.778701598594342e-20,0.004834254143646409,Significant
Atg3,-9.559068,-1.187705,1.188221297951613e-21,5.1647716737910534e-20,0.11947513812154696,Significant
Map4k5,-9.560979,-1.0832781,1.1664778952079464e-21,5.074134288085232e-20,0.14295580110497239,Significant
Lrp12,-9.561939,-1.9374923,1.1557080820092445e-21,5.031129502881376e-20,0.049723756906077346,Significant
St3gal1,-9.563097,-3.0197647,1.1428409819076945e-21,4.978921832502374e-20,0.018646408839779006,Significant
Cd63,-9.567979,-2.3258214,1.0901547673467517e-21,4.753024701951867e-20,0.0393646408839779,Significant
Tdrp,-9.568807,-3.5777128,1.0814662371800039e-21,4.718756246074069e-20,0.013812154696132596,Significant
Sctr,-9.571777,-1.972632,1.0508351678751957e-21,4.5886200378820183e-20,0.05041436464088398,Significant
Cox5a,-9.58207,-2.7458606,9.51186013158221e-22,4.156675577532023e-20,0.024171270718232045,Significant
Inca1,-9.584975,-1.8424675,9.24801745876094e-22,4.0444805078287764e-20,0.052486187845303865,Significant
Naa20,-9.59372,-1.5645235,8.496441561089964e-22,3.718646263874125e-20,0.07458563535911603,Significant
Hnrnpdl,-9.599273,-1.3224612,8.051030264324371e-22,3.526413186776108e-20,0.10151933701657459,Significant
1600014C10Rik,-9.612082,-3.2803535,7.109682260977779e-22,3.1164928223428464e-20,0.017955801104972375,Significant
Cacna2d1,-9.624303,-2.0419056,6.313351630047835e-22,2.77169279234043e-20,0.049723756906077346,Significant
Ncoa4,-9.625106,-2.4692657,6.264257671055374e-22,2.7522615435768837e-20,0.03383977900552486,Significant
Gm19710,-9.628613,-3.215131,6.054058628611126e-22,2.6619625665771905e-20,0.017955801104972375,Significant
Kctd20,-9.631659,-1.640619,5.877289666752099e-22,2.5862345511169342e-20,0.0718232044198895,Significant
Dcun1d3,-9.632858,-1.1124251,5.809050177365501e-22,2.5581834969015388e-20,0.13466850828729282,Significant
Lmo4,-9.640272,-1.5678047,5.4044330022709195e-22,2.3818407088413965e-20,0.07458563535911603,Significant
Irs2,-9.652667,-2.6673281,4.78934073459263e-22,2.1140298509181318e-20,0.029005524861878452,Significant
Gm47167,-9.658649,-4.3167763,4.517786189893223e-22,1.995711896343755e-20,0.008287292817679558,Significant
Dnm2,-9.664575,-1.1805686,4.263888939522869e-22,1.8850163051659293e-20,0.12154696132596685,Significant
Maf,-9.668289,-1.9601396,4.1119298056471243e-22,1.819249378891631e-20,0.05041436464088398,Significant
Epas1,-9.678185,-2.0417283,3.732814076629815e-22,1.655375127238149e-20,0.04765193370165746,Significant
Ppp1r9b,-9.680834,-3.2659757,3.637384937707578e-22,1.6143128272642806e-20,0.015883977900552487,Significant
Cav2,-9.687395,-2.377186,3.4111794476645783e-22,1.5151011616963242e-20,0.031767955801104975,Significant
Kansl2,-9.690837,-1.5040233,3.2981402983655857e-22,1.4660375232571022e-20,0.08011049723756906,Significant
Pdhb,-9.691631,-2.177032,3.2725854355259626e-22,1.4558147444084675e-20,0.04143646408839779,Significant
Arhgap23,-9.69528,-2.289469,3.157687954767706e-22,1.4058007023645658e-20,0.03867403314917127,Significant
Serpinh1,-9.698077,-2.8356779,3.0723367897657526e-22,1.3699446291781656e-20,0.025552486187845305,Significant
Acadsb,-9.704581,-1.0775336,2.8825850663509015e-22,1.2863422904630618e-20,0.13743093922651933,Significant
Dlst,-9.708552,-1.3390471,2.7724599846520275e-22,1.2381697567534988e-20,0.10497237569060773,Significant
Scai,-9.717679,-1.0034096,2.53493066709344e-22,1.1338687126077577e-20,0.15883977900552487,Significant
9330159F19Rik,-9.781631,-4.164624,1.3501585298906037e-22,6.063042338367576e-21,0.009668508287292817,Significant
Ctsl,-9.7823515,-2.2182736,1.340587728277107e-22,6.024814983096033e-21,0.04212707182320442,Significant
Npc2,-9.792239,-1.8083661,1.215727131807322e-22,5.467987252151715e-21,0.06422651933701658,Significant
Dok6,-9.792703,-2.691986,1.2101671539648113e-22,5.4472828390442945e-21,0.0324585635359116,Significant
Tut7,-9.798404,-1.1835783,1.1437852625447992e-22,5.160719226193614e-21,0.12292817679558012,Significant
Psmd4,-9.810038,-1.8697572,1.0193039885594565e-22,4.6100229080670385e-21,0.05870165745856354,Significant
Echs1,-9.81204,-2.3754249,9.992746272807183e-23,4.5230283427656105e-21,0.03798342541436464,Significant
Cavin1,-9.813645,-1.2763609,9.834998056259447e-23,4.455168053472308e-21,0.10359116022099447,Significant
Dhrs7b,-9.815565,-2.1049073,9.649584697928744e-23,4.378143444500084e-21,0.04488950276243094,Significant
Slc4a7,-9.825644,-1.5452958,8.731481306830932e-23,3.967911229786593e-21,0.08011049723756906,Significant
Cox6c,-9.826338,-2.8114674,8.671451269587789e-23,3.943778807840242e-21,0.027624309392265192,Significant
Plekhm1,-9.827489,-2.242337,8.573012007923334e-23,3.902125313694345e-21,0.03867403314917127,Significant
Nfe2l1,-9.829193,-1.5403244,8.429154827195401e-23,3.839716040122667e-21,0.0835635359116022,Significant
Usp40,-9.831658,-1.106203,8.225269987726183e-23,3.7498406594965294e-21,0.14019337016574585,Significant
Cab39,-9.847885,-1.1104606,7.000166632171884e-23,3.196443369707292e-21,0.13604972375690608,Significant
Fbxo21,-9.854661,-1.3015532,6.543684061663729e-23,2.9928025233348947e-21,0.11187845303867404,Significant
Trp53inp2,-9.8551,-2.1661787,6.515180498003966e-23,2.982161517177201e-21,0.04419889502762431,Significant
Brd1,-9.879038,-1.1126443,5.1323355501067375e-23,2.3529816309068256e-21,0.15193370165745856,Significant
Rexo5,-9.902909,-1.90174,4.04338148618691e-23,1.8567273000400716e-21,0.055248618784530384,Significant
Rnf125,-9.903794,-2.8199747,4.007732699909443e-23,1.8418426768809007e-21,0.025552486187845305,Significant
Clta,-9.907046,-2.0830493,3.8794485977651506e-23,1.784327000043178e-21,0.04903314917127072,Significant
Rab11b,-9.907494,-1.8426769,3.8621424849386166e-23,1.7778031951082437e-21,0.06146408839779006,Significant
Yaf2,-9.909992,-1.3571657,3.766756244440926e-23,1.7352982792452327e-21,0.10497237569060773,Significant
Ndufb9,-9.9165125,-4.1181636,3.528711547744945e-23,1.6295893287927405e-21,0.009668508287292817,Significant
Btbd1,-9.92252,-1.2842467,3.322609531593194e-23,1.535655108266624e-21,0.12016574585635359,Significant
3830406C13Rik,-9.92559,-2.1022627,3.2219357705242505e-23,1.4903350504420905e-21,0.0462707182320442,Significant
E130102H24Rik,-9.925631,-1.2387868,3.2205998188680437e-23,1.4903350504420905e-21,0.12223756906077347,Significant
Flacc1,-9.940417,-3.4824224,2.776621965837927e-23,1.2885381528669716e-21,0.016574585635359115,Significant
Pgrmc2,-9.943719,-2.869625,2.6860881514703195e-23,1.2475411536123285e-21,0.026243093922651933,Significant
Adra1a,-9.944678,-3.6978383,2.6603203380618544e-23,1.2365820438333065e-21,0.013812154696132596,Significant
Sgta,-9.9891615,-2.8365626,1.7001395989544188e-23,7.92855437379718e-22,0.024171270718232045,Significant
Cfl2,-9.99478,-1.8939997,1.606440634925257e-23,7.503883198792376e-22,0.06077348066298342,Significant
4930556N13Rik,-10.001308,-2.8941462,1.5039701811696708e-23,7.036776177977174e-22,0.024171270718232045,Significant
Slc3a2,-10.002616,-2.0042515,1.4842418572264288e-23,6.95590251788725e-22,0.05041436464088398,Significant
Usp50,-10.006265,-2.1356893,1.4305230347017865e-23,6.70967150897483e-22,0.04488950276243094,Significant
4930438E09Rik,-10.03098,-7.763375,1.114052522858396e-23,5.229617865134372e-22,0.0006906077348066298,Significant
Cep170,-10.047413,-1.1946019,9.431077388499516e-24,4.441811228937559e-22,0.1298342541436464,Significant
Ube2q2,-10.054868,-1.2328024,8.743838337028484e-24,4.1215471750723422e-22,0.11533149171270718,Significant
Ehhadh,-10.062216,-2.640851,8.115095570099778e-24,3.8347025465315474e-22,0.0324585635359116,Significant
Brpf3,-10.074851,-1.7773844,7.136904362651103e-24,3.378075405766554e-22,0.06698895027624309,Significant
Gm33989,-10.083994,-1.1850528,6.502788319733078e-24,3.0817909264118354e-22,0.125,Significant
Vcp,-10.096886,-1.2522473,5.702455034840551e-24,2.708119200490874e-22,0.12085635359116022,Significant
Gramd1a,-10.097903,-2.5095956,5.643595051123549e-24,2.6824035543073957e-22,0.03383977900552486,Significant
Pdha1,-10.109405,-2.5831444,5.0188372860238604e-24,2.389444932303383e-22,0.0324585635359116,Significant
Rnf10,-10.111374,-1.8013754,4.918958161054783e-24,2.3438526916202544e-22,0.062154696132596686,Significant
Snx9,-10.112483,-1.0413731,4.8635926280643286e-24,2.319412293422202e-22,0.15607734806629833,Significant
Gpx4,-10.114327,-3.5669856,4.7728195953812946e-24,2.278031186761159e-22,0.014502762430939226,Significant
Gse1,-10.11657,-1.0143442,4.664764137781419e-24,2.2301959258556825e-22,0.1664364640883978,Significant
Retnla,-10.123098,-2.2310221,4.3637729854596524e-24,2.0880470383618326e-22,0.03867403314917127,Significant
Trim14,-10.124952,-2.3033595,4.2818831935198886e-24,2.050586298757073e-22,0.03867403314917127,Significant
Usp45,-10.126938,-1.2230341,4.1958328170178084e-24,2.0110683201499244e-22,0.11602209944751381,Significant
Acadl,-10.153424,-1.2242298,3.1993664448823187e-24,1.5373428247936213e-22,0.1277624309392265,Significant
Chst11,-10.154583,-1.6406806,3.1616002643020825e-24,1.5204787217029129e-22,0.08149171270718232,Significant
Sumo2,-10.156163,-1.6491916,3.1107876815164993e-24,1.4973065204837786e-22,0.07596685082872928,Significant
0610030E20Rik,-10.189112,-2.9330573,2.2178164892843415e-24,1.0683983816949213e-22,0.024171270718232045,Significant
Tet3,-10.19027,-1.000926,2.1915470146507436e-24,1.0566374137275867e-22,0.1830110497237569,Significant
Gm26671,-10.19147,-3.447516,2.164664286493046e-24,1.044560585908479e-22,0.013812154696132596,Significant
Gnptab,-10.197469,-1.9023423,2.03507332066235e-24,9.828592871232815e-23,0.06077348066298342,Significant
Eea1,-10.197858,-1.0119649,2.026942677379307e-24,9.797635228578534e-23,0.1712707182320442,Significant
Immt,-10.211999,-1.1149236,1.752181219407653e-24,8.483924388970338e-23,0.1484806629834254,Significant
Per3,-10.214605,-1.5005243,1.7057257321160754e-24,8.266019481908208e-23,0.09875690607734806,Significant
C3,-10.215995,-2.719278,1.6814505583494797e-24,8.155321656130981e-23,0.029005524861878452,Significant
Psmb2,-10.223368,-1.4331554,1.5583138896616964e-24,7.570985596521046e-23,0.09668508287292818,Significant
Slc9a6,-10.227107,-2.4023702,1.499306642500252e-24,7.290522590145761e-23,0.04005524861878453,Significant
Dync1h1,-10.237732,-1.0585734,1.3434906360869174e-24,6.549631875806948e-23,0.16367403314917128,Significant
Mapk1ip1,-10.240446,-2.634102,1.3063305785888975e-24,6.373930546309375e-23,0.03314917127071823,Significant
Lzts2,-10.253776,-1.4436948,1.1380893107988605e-24,5.557799609450936e-23,0.1042817679558011,Significant
Qsox1,-10.285988,-2.7525125,8.150191306167466e-25,3.993804158042011e-23,0.026933701657458564,Significant
Tmem184b,-10.297746,-2.3988812,7.213173511458996e-25,3.537685727097215e-23,0.03798342541436464,Significant
Bckdha,-10.304034,-1.8587551,6.756683353755918e-25,3.316657817639791e-23,0.06146408839779006,Significant
Megf9,-10.305871,-2.2014277,6.628826687457915e-25,3.256704231324773e-23,0.04488950276243094,Significant
Arhgef1,-10.307957,-1.7933937,6.486595243661344e-25,3.1895787544846336e-23,0.06698895027624309,Significant
Urgcp,-10.345688,-1.0256537,4.377627224332818e-25,2.1562843579648356e-23,0.16367403314917128,Significant
Slc16a7,-10.347136,-2.50057,4.311938773936006e-25,2.1263182279668637e-23,0.03660220994475138,Significant
Cask,-10.349841,-1.3640853,4.191802089803074e-25,2.0701249158324097e-23,0.10773480662983426,Significant
Ackr4,-10.351786,-4.252377,4.1075194531391073e-25,2.0320266305924754e-23,0.008287292817679558,Significant
Rps6ka5,-10.355162,-1.3567755,3.9651604073689974e-25,1.9633060761391136e-23,0.106353591160221,Significant
Tmem87b,-10.358554,-1.0011643,3.8270299293722966e-25,1.896561455251418e-23,0.18093922651933703,Significant
Snhg3,-10.368243,-3.337284,3.458229491230538e-25,1.7152878524404013e-23,0.017955801104972375,Significant
Fam204a,-10.378297,-1.2318188,3.1127873437633094e-25,1.5452940204117403e-23,0.12638121546961326,Significant
St3gal4,-10.395317,-2.014813,2.604189620575082e-25,1.2961989614087914e-23,0.0531767955801105,Significant
Ldha,-10.412892,-2.8726213,2.165415967279236e-25,1.0796930875030383e-23,0.026243093922651933,Significant
Akap1,-10.415242,-1.2911786,2.112598204176012e-25,1.0542809320244198e-23,0.10911602209944751,Significant
H3f3a,-10.419487,-1.3177229,2.0204073405939874e-25,1.0091580208838793e-23,0.11947513812154696,Significant
Cox6a1,-10.422069,-3.453923,1.9662997012649624e-25,9.829944801556473e-24,0.016574585635359115,Significant
Fbxo22,-10.438418,-2.4481068,1.6554573489217156e-25,8.290536227348408e-24,0.03798342541436464,Significant
Eci1,-10.447867,-2.3472226,1.498564457036906e-25,7.511422425012189e-24,0.04143646408839779,Significant
4632427E13Rik,-10.450896,-1.0103868,1.451471346963508e-25,7.281782375986706e-24,0.19751381215469613,Significant
Idh3a,-10.458219,-3.7285247,1.3435733602183728e-25,6.75834016821505e-24,0.013121546961325966,Significant
Pygl,-10.461785,-1.8387387,1.2939437764857038e-25,6.514452040395443e-24,0.06422651933701658,Significant
Ubqln1,-10.473899,-1.4829216,1.1385478523910373e-25,5.7371728551325705e-24,0.08839779005524862,Significant
Gtf2ird1,-10.481396,-1.0585034,1.0518011735794796e-25,5.3047485052957624e-24,0.18093922651933703,Significant
Gm26632,-10.487543,-3.4191117,9.855759368461077e-26,4.975148884747714e-24,0.018646408839779006,Significant
Eif3a,-10.490887,-1.0647341,9.513187659835514e-26,4.806481087299858e-24,0.17541436464088397,Significant
Fbxw2,-10.506062,-1.6485952,8.100633195169747e-26,4.103720238133101e-24,0.07941988950276244,Significant
Gm15952,-10.508677,-3.5521927,7.879181819786321e-26,3.995088975961291e-24,0.017265193370165747,Significant
Mfn2,-10.50957,-2.1701884,7.804880306840879e-26,3.9609419746152095e-24,0.04488950276243094,Significant
Slc18b1,-10.5106125,-1.6150819,7.719072589929687e-26,3.9243902887784495e-24,0.08425414364640885,Significant
Fgf14,-10.515279,-3.1853378,7.34629986467988e-26,3.7382096567894285e-24,0.025552486187845305,Significant
Cep70,-10.525697,-1.5412669,6.57731891803464e-26,3.3559060619337854e-24,0.08839779005524862,Significant
Cebpb,-10.527029,-2.9365623,6.484922641676507e-26,3.311730763584772e-24,0.024861878453038673,Significant
Gm44005,-10.534194,-3.8128102,6.00956862977633e-26,3.071731125207307e-24,0.013812154696132596,Significant
Man2a1,-10.560507,-1.2572255,4.5420298943053366e-26,2.3320804707992803e-24,0.1319060773480663,Significant
P2ry14,-10.562319,-6.5652356,4.45517878662175e-26,2.2895517625363632e-24,0.0020718232044198894,Significant
Safb2,-10.56337,-1.4307655,4.4055693418492435e-26,2.2661022935342166e-24,0.10497237569060773,Significant
Pcsk6,-10.578487,-2.854772,3.7496416545809063e-26,1.9322022212985646e-24,0.024171270718232045,Significant
Safb,-10.6165905,-1.1339916,2.4950854426469174e-26,1.2892255915586038e-24,0.15193370165745856,Significant
Tpt1,-10.633478,-1.5628402,2.0819917195268335e-26,1.0777335500143402e-24,0.09530386740331492,Significant
Aco2,-10.638816,-1.1105103,1.9661295620928504e-26,1.0186841073260144e-24,0.15883977900552487,Significant
Clec2d,-10.6525345,-1.1423943,1.6968150428946632e-26,8.799485005233608e-25,0.16367403314917128,Significant
Shld2,-10.660916,-1.4637215,1.5506213262535694e-26,8.048671735478988e-25,0.09530386740331492,Significant
Oxct1,-10.66752,-1.4307973,1.4443099874864044e-26,7.503691149403591e-25,0.10911602209944751,Significant
Hspa12a,-10.668098,-1.9898567,1.4353366927307707e-26,7.463881883176513e-25,0.05386740331491713,Significant
Rab3gap2,-10.678566,-1.3119333,1.2823786228047194e-26,6.686805967135855e-25,0.12085635359116022,Significant
Phkg1,-10.701146,-2.710411,1.0052684875156736e-26,5.251467242901832e-25,0.028314917127071824,Significant
Chchd6,-10.706996,-1.3653703,9.4374306328135e-27,4.9345889592565055e-25,0.11187845303867404,Significant
Chfr,-10.717331,-1.5609453,8.440387571291034e-27,4.41731717552282e-25,0.08701657458563536,Significant
Smarcb1,-10.756228,-2.1440804,5.5390792450099436e-27,2.9096006576578527e-25,0.054558011049723756,Significant
Airn,-10.757603,-1.1055491,5.45715503116098e-27,2.86921389316101e-25,0.17472375690607736,Significant
Atp6v0a1,-10.758265,-1.5070276,5.418103652629263e-27,2.851314603367494e-25,0.09599447513812155,Significant
Irs3,-10.773398,-5.757828,4.5971437868814425e-27,2.4237589293408913e-25,0.003453038674033149,Significant
Itga6,-10.779075,-1.0377836,4.3221323655729e-27,2.2829920132475556e-25,0.20165745856353592,Significant
Kif1c,-10.793108,-1.6440344,3.7102692780541174e-27,1.9634427784542703e-25,0.08011049723756906,Significant
Gm48321,-10.793521,-4.028702,3.6935991462306804e-27,1.9564393394001969e-25,0.012430939226519336,Significant
Scaf4,-10.806024,-1.0464265,3.223403399574133e-27,1.7105667565251698e-25,0.18370165745856354,Significant
Rmdn1,-10.813198,-1.5459628,2.9809383778528546e-27,1.5833732478854422e-25,0.09392265193370165,Significant
Nploc4,-10.827207,-1.3759537,2.558419729420551e-27,1.3627593808506603e-25,0.10980662983425414,Significant
mt-Co1,-10.84939,-1.3832453,2.0076082020805782e-27,1.0703672156804324e-25,0.1132596685082873,Significant
Cdkn2c,-10.876241,-2.8540509,1.4960708884298139e-27,7.991348260608071e-26,0.026933701657458564,Significant
Stk11,-10.920873,-2.0522904,9.161174459564943e-28,4.9026920573504453e-26,0.052486187845303865,Significant
Taf1d,-10.9217415,-1.5338421,9.073949225673419e-28,4.860580835927282e-26,0.09737569060773481,Significant
Galnt2,-10.925424,-1.4263872,8.713331948959311e-28,4.6718063512777034e-26,0.10842541436464088,Significant
Crtc3,-10.932258,-1.5789756,8.08123208655165e-28,4.336978663905161e-26,0.08701657458563536,Significant
Rbms2,-10.934517,-1.649526,7.882488025849935e-28,4.2343089686785013e-26,0.08218232044198895,Significant
Htra3,-10.948699,-2.7260096,6.740885771596278e-28,3.6279090427265e-26,0.029005524861878452,Significant
Pigk,-10.955947,-2.1407847,6.222388621916005e-28,3.3520248866652713e-26,0.05593922651933702,Significant
Stx18,-10.960655,-1.1192367,5.907000172934759e-28,3.1911811845073824e-26,0.1685082872928177,Significant
Tecpr1,-10.975392,-2.6613972,5.01876543970119e-28,2.7138986030581716e-26,0.03383977900552486,Significant
Rasgrf2,-10.979563,-2.2392912,4.7923981595473455e-28,2.593953836528378e-26,0.04558011049723757,Significant
Ppia,-10.993232,-2.3331828,4.119083177016946e-28,2.2316338266652894e-26,0.04488950276243094,Significant
Dhx32,-11.016003,-2.2473257,3.1995407642835833e-28,1.7350957205625858e-26,0.04696132596685083,Significant
Rtn4,-11.020488,-1.1528728,3.044062818371939e-28,1.6523544417627895e-26,0.15676795580110497,Significant
Hspa5,-11.021447,-1.749933,3.0117735965637678e-28,1.6363874080337548e-26,0.07665745856353591,Significant
Ndufb3,-11.021753,-2.3594182,3.0015460911952993e-28,1.6323881182306737e-26,0.04350828729281768,Significant
Rnf150,-11.0225315,-1.8758502,2.9757173830238068e-28,1.6198883700454932e-26,0.0649171270718232,Significant
Ccdc69,-11.0319805,-4.0933867,2.678994597054201e-28,1.4597572378073037e-26,0.011049723756906077,Significant
Prkci,-11.036871,-1.4954059,2.53716003381918e-28,1.383797217295957e-26,0.09668508287292818,Significant
Krcc1,-11.039444,-1.173039,2.465540585922169e-28,1.347316185249465e-26,0.15676795580110497,Significant
Rhot1,-11.050862,-1.1758344,2.171184796356121e-28,1.1876026271788077e-26,0.16022099447513813,Significant
Zfp809,-11.052493,-1.6656883,2.1321119922943775e-28,1.1673518168580206e-26,0.08218232044198895,Significant
Orc3,-11.056257,-1.1594503,2.0445135165006836e-28,1.1204681823201676e-26,0.1671270718232044,Significant
Ypel5,-11.082172,-1.3859622,1.5311100577704093e-28,8.407226403038078e-27,0.10842541436464088,Significant
Mfng,-11.086467,-5.0472007,1.4593791998630839e-28,8.021091797239755e-27,0.006215469613259668,Significant
Psmd1,-11.090166,-1.3401123,1.400278373807711e-28,7.703695737486461e-27,0.12154696132596685,Significant
Tspo,-11.097861,-3.783723,1.2848191704725687e-28,7.082176997664912e-27,0.015193370165745856,Significant
Ganc,-11.115949,-1.8478655,1.0492919806893727e-28,5.800750939071221e-27,0.06906077348066299,Significant
Acadm,-11.135584,-1.1726552,8.419142237044624e-29,4.6724598257266856e-27,0.1643646408839779,Significant
Setd7,-11.140184,-1.4918451,7.9953562050238e-29,4.445933375686135e-27,0.10842541436464088,Significant
Ddx24,-11.169608,-2.1374247,5.743369091641788e-29,3.2030673795022043e-27,0.05110497237569061,Significant
Bnip3,-11.192288,-1.1054399,4.448043098616945e-29,2.4879766412411345e-27,0.17610497237569062,Significant
H2-D1,-11.194026,-1.8725189,4.361700301548419e-29,2.444484024315635e-27,0.0738950276243094,Significant
Fam241a,-11.194332,-2.9656446,4.3466607729305194e-29,2.438455281491987e-27,0.023480662983425413,Significant
Hycc1,-11.219313,-1.8506228,3.2780965402289655e-29,1.842626802538771e-27,0.06906077348066299,Significant
Gsta3,-11.236076,-3.0726736,2.711692422724007e-29,1.5257557138569928e-27,0.024171270718232045,Significant
Ptgr2,-11.242671,-1.4142635,2.5165153148680368e-29,1.4173382645291878e-27,0.11256906077348067,Significant
Gm43915,-11.245592,-5.456473,2.4345863436458872e-29,1.3725522870647571e-27,0.004143646408839779,Significant
Med16,-11.251591,-3.7951076,2.2745273586787985e-29,1.2835863461895883e-27,0.013812154696132596,Significant
Crebzf,-11.265599,-1.6407802,1.9402770311862624e-29,1.0960447860394541e-27,0.08701657458563536,Significant
Cry2,-11.275867,-2.25041,1.7266791839150626e-29,9.773244474285047e-28,0.0462707182320442,Significant
Col5a1,-11.283166,-2.3269281,1.5892225368255493e-29,9.004171190983444e-28,0.04419889502762431,Significant
Rgma,-11.298473,-1.8717884,1.3351911065101828e-29,7.57242199161318e-28,0.07044198895027624,Significant
Sec61a2,-11.310819,-1.2866926,1.1600218818389423e-29,6.5920964045699815e-28,0.13812154696132597,Significant
AI480526,-11.348169,-1.4618918,7.573188950121803e-30,4.325225195675884e-28,0.10704419889502763,Significant
Sf3b3,-11.354566,-1.4084412,7.038920624133515e-30,4.024128305811109e-28,0.11947513812154696,Significant
Slc25a19,-11.357941,-2.2731283,6.772185998101785e-30,3.875528069526771e-28,0.04696132596685083,Significant
Tbc1d20,-11.3637,-2.3659034,6.340122157548561e-30,3.631920480613406e-28,0.04765193370165746,Significant
Psmd7,-11.363742,-2.9335654,6.337119396668948e-30,3.631920480613406e-28,0.029005524861878452,Significant
Zfc3h1,-11.369054,-1.0624316,5.963061070699075e-30,3.426262971005813e-28,0.19958563535911603,Significant
Zbtb5,-11.371652,-2.4504633,5.788174403516255e-30,3.329135744551708e-28,0.04281767955801105,Significant
9330162G02Rik,-11.403806,-2.8097036,4.002310748150574e-30,2.3066353877575085e-28,0.031077348066298343,Significant
Nudt13,-11.427421,-1.8830372,3.0503411414861353e-30,1.759771782546728e-28,0.0718232044198895,Significant
Cep128,-11.433801,-1.1920325,2.8342617770141172e-30,1.6384335009640696e-28,0.1830110497237569,Significant
Dpm1,-11.436729,-2.4400427,2.7402078678697287e-30,1.5872856175419147e-28,0.04074585635359116,Significant
Psma1,-11.477042,-2.6152813,1.7206606637956536e-30,1.0007777207067244e-28,0.03660220994475138,Significant
Cebpg,-11.4928465,-2.022308,1.4331054383456118e-30,8.343809485157207e-29,0.062154696132596686,Significant
Ndufs1,-11.505052,-1.5339749,1.2441550423374568e-30,7.251118962716184e-29,0.10290055248618785,Significant
Gpat4,-11.516122,-1.6261212,1.094255065142373e-30,6.390561811720191e-29,0.09185082872928177,Significant
Itga7,-11.518721,-2.6386251,1.0617595657001582e-30,6.207151070896582e-29,0.03591160220994475,Significant
Baz2a,-11.536601,-1.2453932,8.626672089506975e-31,5.053614562228567e-29,0.14986187845303867,Significant
Srsf1,-11.537487,-1.04609,8.538358437748387e-31,5.0070305644060855e-29,0.21961325966850828,Significant
Ctsd,-11.543171,-3.338102,7.99233053660466e-31,4.6916628153072776e-29,0.020718232044198894,Significant
Lrpap1,-11.591055,-3.6276715,4.5746271206391715e-31,2.6909487900445774e-29,0.016574585635359115,Significant
Sec24b,-11.591725,-1.1164227,4.5389666298599376e-31,2.672733183773058e-29,0.19267955801104972,Significant
Ccnt2,-11.593943,-1.0086093,4.422934348356368e-31,2.607104603827743e-29,0.2430939226519337,Significant
Fbxo45,-11.616143,-1.6451192,3.411950786603087e-31,2.015351553319153e-29,0.08494475138121547,Significant
Zfp266,-11.631003,-1.3849672,2.867064504652808e-31,1.695259812662882e-29,0.1270718232044199,Significant
Psma3,-11.654867,-1.2999337,2.1671859658995296e-31,1.2840971496803862e-29,0.143646408839779,Significant
Gm42836,-11.655678,-5.8431883,2.1466528730373823e-31,1.2732558462877248e-29,0.003453038674033149,Significant
Chchd2,-11.669587,-2.5252886,1.8230592597999073e-31,1.0824485642572109e-29,0.04212707182320442,Significant
Whamm,-11.670605,-2.6753752,1.8013795964701345e-31,1.07069264720883e-29,0.034530386740331494,Significant
Glb1l2,-11.670647,-1.216512,1.8005037441396663e-31,1.07069264720883e-29,0.1671270718232044,Significant
Gm20257-1,-11.699632,-3.0820816,1.280084156341419e-31,7.63238449698814e-30,0.024861878453038673,Significant
Thoc2l,-11.7047205,-1.2468479,1.2055643322390922e-31,7.19560153480358e-30,0.15469613259668508,Significant
Bahcc1,-11.750609,-2.2935138,7.011111255929665e-32,4.1890837987816476e-30,0.04834254143646409,Significant
Iqsec1,-11.759911,-1.8396609,6.280110325234919e-32,3.75625800450842e-30,0.07596685082872928,Significant
Cecr2,-11.768416,-1.7662852,5.67805063562855e-32,3.403304013087634e-30,0.08149171270718232,Significant
H1f2,-11.776037,-5.3831987,5.187526963263455e-32,3.1125708410451463e-30,0.004143646408839779,Significant
Ric8b,-11.777187,-1.4443487,5.117244214149584e-32,3.0736392700199525e-30,0.11947513812154696,Significant
Oaz1,-11.815414,-2.823161,3.2494187395719327e-32,1.955868419132827e-30,0.03383977900552486,Significant
2010016I18Rik,-11.821471,-2.7335565,3.0234189844919583e-32,1.8236917414825907e-30,0.03383977900552486,Significant
Cpped1,-11.840593,-1.440365,2.4074316391986984e-32,1.453675132212228e-30,0.12223756906077347,Significant
Pitpnm2,-11.847221,-2.9326,2.22445037880631e-32,1.3446117730319544e-30,0.03038674033149171,Significant
Uso1,-11.860965,-1.1878456,1.887865672351304e-32,1.143584672865485e-30,0.17334254143646408,Significant
Dpf3,-11.882031,-2.4885204,1.4675658868538714e-32,8.90881334364033e-31,0.04281767955801105,Significant
Focad,-11.889313,-1.46698,1.345083411114209e-32,8.174001548799806e-31,0.11395027624309392,Significant
Sox5os4,-11.897422,-28.442362,1.2205988481793218e-32,7.425440065617389e-31,0.0,Significant
Ccdc58,-11.90592,-1.6603827,1.1024109542751163e-32,6.713623759078011e-31,0.08977900552486189,Significant
Ablim2,-11.91129,-3.1269257,1.033658811531095e-32,6.3084208346615305e-31,0.023480662983425413,Significant
Osbpl1a,-11.915849,-1.0920767,9.786425503232471e-33,5.979064963300001e-31,0.20925414364640885,Significant
Trim35,-11.920847,-2.1592956,9.216709385290368e-33,5.637042417914274e-31,0.05662983425414365,Significant
Sh3bgrl,-11.935707,-1.2507873,7.710058269793709e-33,4.720628257422834e-31,0.1712707182320442,Significant
Gm26542,-11.958553,-2.0781255,5.857370394339287e-33,3.5978913443805103e-31,0.060082872928176795,Significant
Srsf7,-11.9611845,-1.3921473,5.6746808467870074e-33,3.4894384675691033e-31,0.14157458563535913,Significant
Tax1bp1,-11.963832,-1.0975586,5.4965556694383694e-33,3.387222688024786e-31,0.21339779005524862,Significant
Mthfr,-11.966679,-3.1739736,5.311260917332016e-33,3.276581884006526e-31,0.026243093922651933,Significant
Clec16a,-11.966902,-1.5461153,5.296982791228635e-33,3.2713177561317754e-31,0.10911602209944751,Significant
Erc1,-11.968887,-1.0046064,5.17172995483523e-33,3.1974318714253293e-31,0.2803867403314917,Significant
Actb,-11.993802,-1.5975991,3.829181254629981e-33,2.369971845868323e-31,0.10151933701657459,Significant
Rbbp6,-12.00623,-1.0438128,3.295282042700055e-33,2.0417481479149496e-31,0.2341160220994475,Significant
Tmed5,-12.040503,-2.655787,2.1762630295074628e-33,1.3513477989442143e-31,0.03867403314917127,Significant
Trit1,-12.043067,-1.8211913,2.1096270592558828e-33,1.311400375339402e-31,0.07665745856353591,Significant
Dlat,-12.049132,-1.5897039,1.9600175414422433e-33,1.2197306975657133e-31,0.10359116022099447,Significant
Cflar,-12.050498,-1.0590158,1.9278210238492507e-33,1.2010071872975949e-31,0.2472375690607735,Significant
Oip5os1,-12.073269,-1.234521,1.4620880601029329e-33,9.128591691921174e-32,0.16160220994475138,Significant
Kcnb1,-12.073484,-3.0167718,1.4582697350170396e-33,9.114746101164134e-32,0.026243093922651933,Significant
Sgpl1,-12.074948,-1.8994285,1.4325376782541e-33,8.963750322798539e-32,0.07596685082872928,Significant
Marchf3,-12.07892,-1.019716,1.365003541718099e-33,8.550568390425774e-32,0.332182320441989,Significant
Sel1l,-12.099747,-1.5912479,1.0593732418260627e-33,6.650691484323907e-32,0.10220994475138122,Significant
Bcap31,-12.102295,-1.53183,1.026987849166873e-33,6.454493942539837e-32,0.10980662983425414,Significant
4930412C18Rik,-12.12989,-2.2338488,7.334752723976494e-34,4.620001713008247e-32,0.055248618784530384,Significant
Tapt1,-12.13752,-1.6282259,6.682121566750518e-34,4.2135845418863923e-32,0.10359116022099447,Significant
Psmd11,-12.141723,-1.4632182,6.3475339139827115e-34,4.0070391196905717e-32,0.12223756906077347,Significant
Ttc17,-12.151329,-1.3283337,5.644037630062548e-34,3.5708571854821284e-32,0.15331491712707182,Significant
Gm5089,-12.164146,-3.8540225,4.824627469276357e-34,3.0592328811588535e-32,0.015883977900552487,Significant
Lep,-12.1655035,-2.9241002,4.74511562852086e-34,3.0121697770747637e-32,0.03314917127071823,Significant
Baz1a,-12.177824,-1.6985981,4.0802380143240535e-34,2.595897572889675e-32,0.09116022099447514,Significant
Klhdc7a,-12.183616,-3.2877512,3.800507269848039e-34,2.4206340542775975e-32,0.023480662983425413,Significant
Agpat3,-12.215819,-1.6045493,2.5590886498740726e-34,1.631770065089357e-32,0.10082872928176796,Significant
Fitm2,-12.220635,-3.4537933,2.4119198303365336e-34,1.539653890798123e-32,0.020027624309392266,Significant
Maml2,-12.23716,-1.2784047,1.9680042879769426e-34,1.2576894743175654e-32,0.1643646408839779,Significant
Ucp3,-12.2662525,-8.626463,1.3747074131795366e-34,8.805086030804949e-33,0.0006906077348066298,Significant
Rhof,-12.270786,-4.3074975,1.299846586607407e-34,8.33497347837977e-33,0.010359116022099447,Significant
Ldah,-12.271234,-1.3792588,1.2926927145341735e-34,8.298445981768925e-33,0.1388121546961326,Significant
Zhx3,-12.283579,-1.3963476,1.10978440414697e-34,7.140365396218375e-33,0.13121546961325967,Significant
Tcaf1,-12.289131,-1.7234777,1.0361423690661559e-34,6.674093058483707e-33,0.09875690607734806,Significant
Eif4ebp1,-12.295163,-3.055354,9.616292316600655e-35,6.20114723442308e-33,0.025552486187845305,Significant
Kif13b,-12.310471,-1.0684727,7.955822182735276e-35,5.136195815273575e-33,0.255524861878453,Significant
Ptges,-12.325886,-3.7726061,6.571761731718335e-35,4.2523032359747014e-33,0.015193370165745856,Significant
Dnajc3,-12.342459,-1.7434577,5.349665883093992e-35,3.465475825361263e-33,0.09116022099447514,Significant
Chd7,-12.362574,-1.0353234,4.1659965511209197e-35,2.704857578305317e-33,0.30732044198895025,Significant
Smim36,-12.364617,-4.849133,4.061384637585372e-35,2.6399463772688204e-33,0.006906077348066298,Significant
Sqstm1,-12.3706665,-1.7590952,3.7668329802915475e-35,2.45128270549464e-33,0.09185082872928177,Significant
Ngly1,-12.373769,-1.5080229,3.624068697063957e-35,2.3610766096054782e-33,0.12085635359116022,Significant
Gm48678,-12.385668,-3.2404416,3.1247294335173634e-35,2.038089560984103e-33,0.023480662983425413,Significant
9630013D21Rik,-12.428596,-4.331094,1.8281872840597584e-35,1.1951643185034066e-33,0.011740331491712707,Significant
Lamc1,-12.429746,-1.2476438,1.8020741166466367e-35,1.179447152597427e-33,0.1850828729281768,Significant
Itgb5,-12.434693,-2.5824711,1.6938935021447488e-35,1.1099193314801396e-33,0.04005524861878453,Significant
Nampt,-12.439021,-1.6176021,1.604585826667977e-35,1.0526119994965585e-33,0.10566298342541436,Significant
Atg16l1,-12.442231,-1.7213632,1.5413686458687902e-35,1.01230763626776e-33,0.10082872928176796,Significant
Xpnpep3,-12.448148,-1.8091763,1.4312860710943143e-35,9.410953830736876e-34,0.08425414364640885,Significant
Snx10,-12.451731,-1.3959326,1.3684565949285324e-35,9.00824126841914e-34,0.15607734806629833,Significant
Cox8a,-12.452624,-3.103294,1.3532173742962045e-35,8.918235012708354e-34,0.026933701657458564,Significant
Pex3,-12.466053,-2.2137866,1.1435075456083575e-35,7.544897236904459e-34,0.060082872928176795,Significant
Nr3c2,-12.479375,-1.1857268,9.674295489933705e-36,6.390534332857483e-34,0.2085635359116022,Significant
Gm12811,-12.490835,-2.9821002,8.376972461075567e-36,5.5399905796295456e-34,0.029696132596685083,Significant
Sav1,-12.501906,-1.8846115,7.288246099724643e-36,4.825581641446754e-34,0.07734806629834254,Significant
Igf1,-12.51172,-1.1620554,6.441449438268483e-36,4.269878608433594e-34,0.2617403314917127,Significant
Clpx,-12.52289,-1.1373122,5.595982319265505e-36,3.7137625785698967e-34,0.2292817679558011,Significant
Tmem131,-12.523205,-1.2865328,5.573852833898941e-36,3.7033926979584553e-34,0.17403314917127072,Significant
Cdip1,-12.557303,-1.1689094,3.6247840658224984e-36,2.4140213975672386e-34,0.21823204419889503,Significant
Ttyh2,-12.562665,-2.1629245,3.387286082320011e-36,2.258494810461168e-34,0.060082872928176795,Significant
Mmp28,-12.577501,-2.7523503,2.8077238872894944e-36,1.8742626713499542e-34,0.03522099447513812,Significant
Epb41l1,-12.581117,-1.6302971,2.68211240461955e-36,1.7925136435615235e-34,0.10566298342541436,Significant
Decr1,-12.58494,-2.171286,2.555384540503476e-36,1.7098255125829428e-34,0.06353591160220995,Significant
Hnrnpl,-12.591054,-1.2924949,2.364934460003188e-36,1.5842556833769592e-34,0.16988950276243095,Significant
Diaph2,-12.600504,-1.0228089,2.0980064250023846e-36,1.4070975718028362e-34,0.35704419889502764,Significant
Cdc27,-12.609514,-1.3010166,1.871425305749424e-36,1.256613541682523e-34,0.16298342541436464,Significant
Rcbtb2,-12.614297,-1.86035,1.761222571787015e-36,1.1840115048420828e-34,0.0835635359116022,Significant
Sdccag8,-12.6163,-1.1633168,1.7170205823358907e-36,1.1556603898201887e-34,0.2154696132596685,Significant
Pex16,-12.622588,-4.62108,1.585247678960375e-36,1.0682318116885527e-34,0.008287292817679558,Significant
Hnrnph3,-12.648958,-1.2517531,1.1336792929150729e-36,7.648439883634735e-35,0.18162983425414364,Significant
Zbtb7c,-12.651706,-2.3182192,1.0947239290215507e-36,7.394386149752801e-35,0.05386740331491713,Significant
Dop1a,-12.669735,-1.4168944,8.700752242833446e-37,5.890957591666816e-35,0.14502762430939226,Significant
H6pd,-12.682982,-2.3492365,7.348159846447139e-37,4.981090116863649e-35,0.0531767955801105,Significant
Dab2ip,-12.69944,-1.568214,5.955411365386394e-37,4.0466238491225137e-35,0.10842541436464088,Significant
Esyt1,-12.719332,-3.4236023,4.617918519978874e-37,3.141563900192558e-35,0.020718232044198894,Significant
Dazap1,-12.721657,-1.6082983,4.48252754683438e-37,3.053105275649479e-35,0.1132596685082873,Significant
Heph,-12.724056,-1.7981685,4.346936617790936e-37,2.964298418606391e-35,0.0925414364640884,Significant
Ppp1r9a,-12.726547,-1.0300863,4.2105131930785855e-37,2.874710212555009e-35,0.3756906077348066,Significant
Hnrnpa3,-12.730643,-1.2761884,3.9953558631648275e-37,2.7343696899575535e-35,0.17679558011049723,Significant
Hsdl2,-12.798244,-1.9014374,1.6769934311608764e-37,1.1504781079967646e-35,0.08080110497237569,Significant
Rbms3,-12.820734,-1.0550243,1.2550626580603787e-37,8.630981016016428e-36,0.32734806629834257,Significant
Timmdc1,-12.82531,-2.2374666,1.1831237845820625e-37,8.146100534206436e-36,0.06146408839779006,Significant
Srpk2,-12.834072,-1.0561621,1.0566064817777376e-37,7.283805045872416e-36,0.3080110497237569,Significant
Stat5b,-12.855188,-1.1826979,8.042926820749622e-38,5.5579162148095174e-36,0.2078729281767956,Significant
Grin2b,-12.871696,-3.0836043,6.4959778691907e-38,4.4943800224737264e-36,0.029005524861878452,Significant
Enpep,-12.878555,-3.207908,5.943750486872935e-38,4.117312609160971e-36,0.026933701657458564,Significant
Dhrs3,-12.8981905,-1.4538286,4.607891442526354e-38,3.199731056449916e-36,0.13812154696132597,Significant
Sfxn5,-12.903934,-1.4042481,4.276980222681551e-38,2.973571805368867e-36,0.1457182320441989,Significant
Cblb,-12.909187,-1.1183199,3.994949211480991e-38,2.7808851228721163e-36,0.2520718232044199,Significant
Hadha,-12.927069,-1.8182629,3.1666518085935474e-38,2.207005148508264e-36,0.09046961325966851,Significant
Rapgef1,-12.935301,-1.6258273,2.8450569593122935e-38,1.9852988764730553e-36,0.10290055248618785,Significant
Gm44079,-12.953273,-8.17442,2.2514554476684938e-38,1.5730076643643154e-36,0.0006906077348066298,Significant
Chrdl1,-12.957005,-2.1082428,2.1445868462467002e-38,1.500183287618346e-36,0.06767955801104972,Significant
Cdk12,-12.965618,-1.0577753,1.9167790711207026e-38,1.3424762249530619e-36,0.34185082872928174,Significant
6820431F20Rik-1,-12.982316,-1.202928,1.5414736216242738e-38,1.0809488853313766e-36,0.21823204419889503,Significant
Supt3,-13.002969,-1.1502178,1.1768397825893045e-38,8.262692239262342e-37,0.23756906077348067,Significant
Gm49599,-13.010044,-1.5236378,1.072807817545421e-38,7.541574066525163e-37,0.125,Significant
Timm23,-13.016895,-1.88376,9.807882346139403e-39,6.903221615222791e-37,0.08287292817679558,Significant
Pnn,-13.022786,-1.4062632,9.079640542493617e-39,6.3985620313134784e-37,0.1505524861878453,Significant
Cst3,-13.026659,-3.2603598,8.63051071545097e-39,6.089589970861136e-37,0.024171270718232045,Significant
Ust,-13.050555,-1.4266598,6.3086158924768e-39,4.4568101430958e-37,0.1388121546961326,Significant
Ermp1,-13.062991,-2.7412486,5.3580262182864413e-39,3.789954917955879e-37,0.03729281767955801,Significant
Abhd5,-13.068147,-1.8327699,5.007082799999874e-39,3.546123155656627e-37,0.08425414364640885,Significant
Eepd1,-13.078688,-1.0696012,4.358998040863934e-39,3.0909801674325436e-37,0.34806629834254144,Significant
Mettl7a1,-13.0792675,-1.5935272,4.325912145630045e-39,3.071343684343147e-37,0.12569060773480664,Significant
Hnrnpu,-13.098645,-1.049669,3.3518549385070185e-39,2.388710538842655e-37,0.369475138121547,Significant
Mdh1,-13.106614,-2.142021,3.017739409263153e-39,2.153296988757559e-37,0.06629834254143646,Significant
St3gal3,-13.112191,-1.491354,2.8038044622211426e-39,2.0031547036804775e-37,0.13950276243093923,Significant
Grhl1,-13.140886,-3.368672,1.919650124971731e-39,1.3732009769599917e-37,0.024171270718232045,Significant
Ablim1,-13.145495,-1.0212662,1.806193437054804e-39,1.2936661698029886e-37,0.4723756906077348,Significant
Cnbp,-13.159529,-2.047563,1.500191809806713e-39,1.0772058239874407e-37,0.07113259668508287,Significant
Kpna4,-13.163087,-1.2721485,1.431178173005963e-39,1.0289484387516736e-37,0.18093922651933703,Significant
Optn,-13.178915,-2.8599174,1.1604728637085883e-39,8.353790813202368e-38,0.0393646408839779,Significant
Ndufa4,-13.179039,-3.5964782,1.1585654218619736e-39,8.350616922309196e-38,0.022099447513812154,Significant
Laptm4a,-13.180918,-2.021396,1.130077140854073e-39,8.15560487672646e-38,0.07527624309392265,Significant
6720407P12Rik,-13.208413,-5.2110615,7.846074444069076e-40,5.676789389069089e-38,0.006215469613259668,Significant
Usp33,-13.211276,-1.317226,7.553266556984698e-40,5.471889962102617e-38,0.18093922651933703,Significant
Arnt,-13.242802,-1.2229853,4.9661062269119525e-40,3.602229995752783e-38,0.2154696132596685,Significant
Cog4,-13.247609,-1.6039727,4.6580737810482605e-40,3.387425021285683e-38,0.11740331491712708,Significant
Dnajc15,-13.249479,-2.190743,4.543454119049079e-40,3.308296943641606e-38,0.06560773480662983,Significant
Atxn10,-13.274426,-1.1952094,3.257559253866762e-40,2.375015127713538e-38,0.23204419889502761,Significant
Vps13d,-13.280152,-1.0755279,3.0177989850655052e-40,2.2030319488283966e-38,0.35220994475138123,Significant
Afap1,-13.310304,-1.2640032,2.016593341005766e-40,1.4740287731734186e-38,0.2078729281767956,Significant
Fermt2,-13.31363,-1.2614167,1.928770838565668e-40,1.411647047799071e-38,0.19751381215469613,Significant
Plxna2,-13.362482,-1.5520961,1.001672483604776e-40,7.378555354325944e-39,0.13604972375690608,Significant
N4bp2l1,-13.392022,-2.223566,6.732284607354152e-41,4.972023577527274e-39,0.0649171270718232,Significant
Ebf3,-13.41207,-3.3368356,5.138390085915016e-41,3.799806102364765e-39,0.025552486187845305,Significant
Dtnbp1,-13.445937,-1.2837888,3.2525683819901457e-41,2.40838096539533e-39,0.20027624309392264,Significant
Cox19,-13.478298,-3.125297,2.0989104460206289e-41,1.556172652433081e-39,0.029696132596685083,Significant
Ppa1,-13.4827175,-4.22939,1.9769006558091072e-41,1.4676232104618823e-39,0.013812154696132596,Significant
Fzd4,-13.48328,-2.0298748,1.9618790272754498e-41,1.458372763604326e-39,0.0738950276243094,Significant
Plcb4,-13.489337,-1.3578401,1.8071914979554402e-41,1.3451410599356957e-39,0.18370165745856354,Significant
Dcakd,-13.490231,-1.788085,1.785419747903838e-41,1.3306752076622048e-39,0.09323204419889503,Significant
Pwwp3a,-13.51277,-2.297871,1.314802417306595e-41,9.812079219378089e-40,0.058011049723756904,Significant
Pim3,-13.5257435,-3.360069,1.1022297677661547e-41,8.247314744595614e-40,0.024861878453038673,Significant
Clic4,-13.544154,-1.2179949,8.579620135072742e-42,6.428054606726012e-40,0.2534530386740331,Significant
Eif1,-13.563988,-3.496983,6.547706752444122e-42,4.91216034507142e-40,0.022790055248618785,Significant
Ehd2,-13.570955,-2.6502268,5.95411116946516e-42,4.4727314525134e-40,0.04212707182320442,Significant
Clock,-13.5752325,-1.1895696,5.6164872759233316e-42,4.224681664179002e-40,0.2520718232044199,Significant
mt-Nd1,-13.59716,-1.7592767,4.162866221836752e-42,3.135420179068869e-40,0.11049723756906077,Significant
Caprin1,-13.629612,-1.1337689,2.6699566964811022e-42,2.016313053770961e-40,0.3031767955801105,Significant
Atp5b,-13.649263,-2.3655849,2.0392851007052594e-42,1.5420841025133889e-40,0.055248618784530384,Significant
Mpc2,-13.665936,-1.484954,1.6220325550269354e-42,1.2281935600503821e-40,0.1505524861878453,Significant
Mir22hg,-13.682775,-2.998815,1.2868635781279678e-42,9.770039866957949e-41,0.034530386740331494,Significant
Insig1,-13.690305,-3.2293258,1.1602183808443437e-42,8.820293033866192e-41,0.027624309392265192,Significant
BB365896,-13.69258,-5.10474,1.1244449705496151e-42,8.559762174875084e-41,0.008287292817679558,Significant
Ppp1r10,-13.694864,-1.8047677,1.0896448275532989e-42,8.305952627270736e-41,0.10013812154696132,Significant
Ppp2r2a,-13.698016,-1.2985058,1.043359189809732e-42,7.963795660449859e-41,0.20027624309392264,Significant
Bscl2,-13.709195,-3.557982,8.944467007499676e-43,6.863974337925054e-41,0.022790055248618785,Significant
Nid1,-13.709675,-2.3188214,8.885503623321817e-43,6.82792795972426e-41,0.058011049723756904,Significant
Nudt5,-13.71737,-2.2954042,7.991176423568033e-43,6.148994280194424e-41,0.05939226519337017,Significant
Fmo1,-13.7239065,-3.0766282,7.302217442344844e-43,5.626462292077913e-41,0.029696132596685083,Significant
Tmsb4x,-13.729169,-2.348545,6.790759076280954e-43,5.239466294885011e-41,0.062154696132596686,Significant
Snrk,-13.743947,-1.3468302,5.5372543233954365e-43,4.2781112405489763e-41,0.17679558011049723,Significant
Atg7,-13.744163,-1.6739178,5.520820375390615e-43,4.271209687433655e-41,0.12016574585635359,Significant
Slc25a26,-13.756094,-2.0462272,4.681441238407468e-43,3.626747558587206e-41,0.08218232044198895,Significant
Stt3b,-13.75827,-1.2013729,4.54265497229185e-43,3.5240233893361067e-41,0.2548342541436464,Significant
Mecr,-13.758543,-2.5596328,4.5255322876723765e-43,3.5155297952572e-41,0.04765193370165746,Significant
Ubb,-13.780901,-4.661185,3.321025722120539e-43,2.590445556757063e-41,0.010359116022099447,Significant
B2m,-13.800842,-1.6820425,2.5189332548149977e-43,1.967497646946787e-41,0.125,Significant
Eif4g1,-13.831284,-1.2360877,1.6504932215559373e-43,1.2909441556128657e-41,0.2244475138121547,Significant
Carmn,-13.845225,-3.8562708,1.3595307038303543e-43,1.0648285805612682e-41,0.019337016574585635,Significant
Rhoq,-13.850265,-1.4702647,1.2674402371552395e-43,9.940676934415494e-42,0.15193370165745856,Significant
Tmcc3,-13.872548,-1.1842183,9.291695562532956e-44,7.297633614154331e-42,0.26450276243093923,Significant
Dusp10,-13.895468,-3.0902317,6.748129264528118e-44,5.3219560727353956e-42,0.0324585635359116,Significant
Pcf11,-13.91046,-1.4510638,5.472570233467903e-44,4.321964239443771e-42,0.162292817679558,Significant
Preb,-13.931974,-2.4233446,4.05003813845864e-44,3.202961411694075e-42,0.05662983425414365,Significant
Scarb1,-13.958849,-2.6441898,2.7788391559289013e-44,2.2006937465611623e-42,0.04765193370165746,Significant
Blcap,-14.019922,-2.001359,1.1774314864691542e-44,9.389933651406178e-43,0.08701657458563536,Significant
Krit1,-14.026426,-1.4716477,1.0743053555800126e-44,8.57952612231157e-43,0.16091160220994474,Significant
Tob1,-14.033798,-2.4958792,9.68233002162917e-45,7.743280249460486e-43,0.052486187845303865,Significant
Ttc14,-14.0538225,-1.2203659,7.298565820550238e-45,5.853346991379593e-43,0.24930939226519336,Significant
Acat1,-14.054452,-1.7523129,7.234024980261077e-45,5.8097689196198306e-43,0.10842541436464088,Significant
Trak1,-14.061378,-1.1426947,6.559717984353898e-45,5.275662454055018e-43,0.3328729281767956,Significant
Gm45470,-14.07455,-6.814954,5.445044873397993e-45,4.385379068403892e-43,0.0020718232044198894,Significant
Ubc,-14.098173,-3.182294,3.897279121026521e-45,3.143271535840951e-43,0.031767955801104975,Significant
Golgb1,-14.120307,-1.3228693,2.8474735154450006e-45,2.299829637488706e-43,0.20441988950276244,Significant
9330175M20Rik,-14.140356,-8.479789,2.1419805430632828e-45,1.7349433016012289e-43,0.0006906077348066298,Significant
Tgfbr3,-14.144891,-1.2558774,2.008294215762353e-45,1.6289783609647312e-43,0.26035911602209943,Significant
Rasd1,-14.14705,-3.8107293,1.947574478041222e-45,1.5819805756654095e-43,0.019337016574585635,Significant
Srsf2,-14.177045,-1.258127,1.2708709633668532e-45,1.0352598501440914e-43,0.22790055248618785,Significant
Atl2,-14.197896,-1.5747142,9.440446050791692e-46,7.701267028339967e-44,0.1408839779005525,Significant
Lrrc4,-14.210862,-3.9823718,7.845390061882828e-46,6.40924469890488e-44,0.018646408839779006,Significant
Rnf144a,-14.241758,-3.5071037,5.044164312703381e-46,4.1267206915178623e-44,0.022790055248618785,Significant
Pex19,-14.246897,-3.2557468,4.686480579016115e-46,3.8396099374065695e-44,0.029005524861878452,Significant
Cmklr1,-14.290437,-3.0494678,2.5103083611211282e-46,2.0596465185965153e-44,0.031767955801104975,Significant
Nudt7,-14.294797,-2.6394331,2.3579182195224204e-46,1.9374057913106225e-44,0.04834254143646409,Significant
Pik3ca,-14.321755,-1.3581208,1.6003012130470156e-46,1.3168027654929206e-44,0.19820441988950277,Significant
mt-Nd4,-14.335946,-1.6438698,1.304574192784187e-46,1.0750182215821187e-44,0.1277624309392265,Significant
Hipk3,-14.353636,-1.3187684,1.0109465711063578e-46,8.342653435560451e-45,0.212707182320442,Significant
Lamp1,-14.355614,-2.247252,9.8251790082686e-47,8.119818837588133e-45,0.07113259668508287,Significant
Pex14,-14.360082,-1.4154191,9.211815467506022e-47,7.623982333361343e-45,0.17265193370165746,Significant
Col15a1,-14.379064,-2.1739292,7.003596148206458e-47,5.813291082726296e-45,0.07527624309392265,Significant
Nedd4,-14.4137745,-1.0248723,4.238974680429175e-47,3.5236709091725203e-45,0.5780386740331491,Significant
Tmed2,-14.420253,-2.4768565,3.8592421270044855e-47,3.217410043246887e-45,0.057320441988950276,Significant
Sh3glb1,-14.428031,-1.4523641,3.4478366657425475e-47,2.878640287156106e-45,0.16988950276243095,Significant
Gda,-14.438118,-2.1657577,2.9786675466124223e-47,2.490577221316563e-45,0.07941988950276244,Significant
Slc25a51,-14.44156,-2.356331,2.833566015977569e-47,2.3727365075849818e-45,0.06284530386740332,Significant
Tab3,-14.444737,-1.9974552,2.7058794994331835e-47,2.2691529392816628e-45,0.09185082872928177,Significant
Riok3,-14.446781,-1.5421529,2.62679122750414e-47,2.2093370647756754e-45,0.15124309392265192,Significant
Wwtr1,-14.456222,-1.2355549,2.290289851228672e-47,1.9291626393315355e-45,0.28591160220994477,Significant
Eif4g2,-14.468699,-1.5130903,1.910499365071445e-47,1.6116406569856764e-45,0.16022099447513813,Significant
Acad11,-14.474798,-2.757056,1.748390067352712e-47,1.4770783208476375e-45,0.04419889502762431,Significant
Zfand6,-14.482444,-1.171371,1.564358266761805e-47,1.3255375605310112e-45,0.3611878453038674,Significant
Prkca,-14.523642,-1.6221844,8.582701591866113e-48,7.294143452872362e-46,0.1388121546961326,Significant
Gm57352,-14.523666,-3.323781,8.57959336580827e-48,7.294143452872362e-46,0.028314917127071824,Significant
Fyco1,-14.563234,-1.7523637,4.8125882576649215e-48,4.102299221252968e-46,0.11947513812154696,Significant
Rbm47,-14.566444,-1.038333,4.5917300108438555e-48,3.9199055254491746e-46,0.574585635359116,Significant
Tln2,-14.576854,-1.5158063,3.942718501707412e-48,3.3709059190048314e-46,0.15883977900552487,Significant
Pus10,-14.592302,-1.552485,3.144059263316427e-48,2.6921184738721902e-46,0.15676795580110497,Significant
G3bp2,-14.601231,-1.7339436,2.758226954811073e-48,2.3653042324382124e-46,0.12845303867403315,Significant
Dock11,-14.605094,-2.0589235,2.606210726632205e-48,2.238314403999463e-46,0.1042817679558011,Significant
Mccc1,-14.612707,-2.1953743,2.3307075856069885e-48,2.00472538719105e-46,0.07251381215469613,Significant
Steap4,-14.636032,-3.072678,1.6544546450747396e-48,1.4273682112909205e-46,0.034530386740331494,Significant
Smarcc2,-14.640956,-1.5255246,1.53890202959836e-48,1.3296907506427955e-46,0.15883977900552487,Significant
Gm48742,-14.650844,-2.100267,1.330538035015177e-48,1.1531532154002923e-46,0.10151933701657459,Significant
Txnip,-14.663015,-1.5293583,1.112224673891339e-48,9.654144078665661e-47,0.16988950276243095,Significant
Pikfyve,-14.757218,-1.3564467,2.7644820914038396e-49,2.410602982643584e-47,0.22030386740331492,Significant
Tmem243,-14.7719555,-2.1282475,2.221724065704768e-49,1.9402943255413374e-47,0.08149171270718232,Significant
Ivd,-14.826997,-2.2598495,9.802161123284868e-50,8.60007483083149e-48,0.07251381215469613,Significant
Klb,-14.827981,-3.8491554,9.659454500006504e-50,8.487947510568987e-48,0.019337016574585635,Significant
Id3,-14.874748,-5.7849736,4.807927110696555e-50,4.244467869925156e-48,0.006215469613259668,Significant
Ahnak,-14.909757,-1.4154897,2.847880557296564e-50,2.5258748724770042e-48,0.1871546961325967,Significant
Iars2,-14.929011,-1.892831,2.1340702804259711e-50,1.8957269241456352e-48,0.10497237569060773,Significant
Sc5d,-14.931758,-3.214897,2.0479382868386636e-50,1.8220570936075054e-48,0.029696132596685083,Significant
Ptpn14,-14.952477,-1.4769402,1.500611883948291e-50,1.3392843461426276e-48,0.18232044198895028,Significant
Abhd15,-14.976605,-4.5992312,1.0441563030033785e-50,9.3483182467477e-49,0.011049723756906077,Significant
Fmnl2,-15.012483,-1.9290019,6.082726095340297e-51,5.454433174720817e-49,0.10290055248618785,Significant
Jazf1,-15.019615,-1.8617104,5.462354871020134e-51,4.905866698907846e-49,0.11671270718232044,Significant
Ggact,-15.020584,-2.027819,5.383157594469382e-51,4.842375617483113e-49,0.09737569060773481,Significant
Nadk,-15.028651,-2.1251597,4.766115070314112e-51,4.294103769284111e-49,0.08149171270718232,Significant
Ccnd2,-15.045482,-4.321775,3.6963544377214217e-51,3.3408590164808802e-49,0.013812154696132596,Significant
Slc2a13,-15.09008,-2.54893,1.8821349466680404e-51,1.7065389490163199e-49,0.06284530386740332,Significant
Nudt4,-15.155464,-2.7762332,6.972100895291971e-52,6.362153799340065e-50,0.04765193370165746,Significant
Prkce,-15.190862,-1.1518338,4.065381001779622e-52,3.7276466927911986e-50,0.4675414364640884,Significant
Ttc28,-15.205309,-1.4698223,3.260880919151663e-52,2.9948035551195944e-50,0.1850828729281768,Significant
Cyb5a,-15.209414,-1.4116241,3.0627629447446246e-52,2.817395554712499e-50,0.212707182320442,Significant
Srebf1,-15.24338,-1.9006506,1.8219752372440206e-52,1.6814439543583758e-50,0.10220994475138122,Significant
Abi3bp,-15.2968235,-1.8189888,8.028019548032573e-53,7.432901806252402e-51,0.1180939226519337,Significant
Taldo1,-15.307506,-3.1438928,6.812673403533757e-53,6.317922414830875e-51,0.03522099447513812,Significant
Kif13a,-15.335457,-1.4044842,4.431452624151173e-53,4.116335136570831e-51,0.21823204419889503,Significant
Pex11a,-15.344476,-3.4783208,3.8566241248048173e-53,3.588235854420116e-51,0.024861878453038673,Significant
Atp5c1,-15.383415,-1.9936987,2.114924526835046e-53,1.9709642795828864e-51,0.09737569060773481,Significant
Cavin2,-15.392169,-2.6632593,1.847338201950799e-53,1.7244145009390236e-51,0.055248618784530384,Significant
Ltc4s,-15.409653,-5.4905343,1.4096680804474386e-53,1.3201958909335132e-51,0.006906077348066298,Significant
Heg1,-15.435146,-2.5674932,9.498477136969064e-54,8.910260076707669e-52,0.05870165745856354,Significant
9630028H03Rik,-15.451612,-5.872699,7.357964496704735e-54,6.913694000113273e-52,0.0055248618784530384,Significant
Ppm1m,-15.485024,-4.494692,4.37897580426609e-54,4.121376219350668e-52,0.012430939226519336,Significant
Nnmt,-15.487126,-3.4935272,4.238177402608151e-54,3.995464560958787e-52,0.026933701657458564,Significant
Gpd2,-15.494208,-2.6514273,3.7960518889079774e-54,3.584593542393186e-52,0.058011049723756904,Significant
Zfpm2,-15.55155,-1.4979501,1.5530084177135243e-54,1.4713785742599964e-52,0.1899171270718232,Significant
Slc25a3,-15.560296,-2.230758,1.3547053892687523e-54,1.2856379928392004e-52,0.07941988950276244,Significant
Trafd1,-15.56493,-2.8330646,1.2600822485087948e-54,1.1978354476183519e-52,0.04558011049723757,Significant
Kcns3,-15.57222,-2.6756158,1.1243689763416666e-54,1.0706136100647297e-52,0.052486187845303865,Significant
Mbnl2,-15.589943,-1.1694015,8.520919314101191e-55,8.127130094878324e-53,0.4509668508287293,Significant
Marchf5,-15.59696,-1.9386972,7.634395957081007e-55,7.293794298526e-53,0.10980662983425414,Significant
Rc3h1,-15.602594,-1.4442438,6.989458955412329e-55,6.688853485380394e-53,0.20303867403314918,Significant
Pkd2l2,-15.606641,-4.180309,6.560107822646762e-55,6.288537029113287e-53,0.014502762430939226,Significant
Psmc6,-15.647939,-1.9292564,3.4315748721812264e-55,3.2950641618359394e-53,0.106353591160221,Significant
Rps6ka3,-15.658447,-1.2669057,2.9091545603017356e-55,2.798144760441573e-53,0.35980662983425415,Significant
Ttc19,-15.711105,-2.2309425,1.2694724460820876e-55,1.2272500942675748e-53,0.07734806629834254,Significant
Acp5,-15.744286,-6.878216,7.517585316076434e-56,7.279911998005242e-54,0.0027624309392265192,Significant
Sh3glb2,-15.770118,-3.6397667,4.9956582857113615e-56,4.8459587469623614e-54,0.024171270718232045,Significant
Prlr,-15.778922,-2.975009,4.3454863271814955e-56,4.2224630879870574e-54,0.04281767955801105,Significant
Larp1b,-15.784515,-2.2445984,3.976934858502635e-56,3.8709512440683514e-54,0.07596685082872928,Significant
Bcat2,-15.7856655,-2.8640847,3.905102650044603e-56,3.80754195198955e-54,0.04488950276243094,Significant
Leng8,-15.789496,-1.915928,3.675027272345548e-56,3.589360684641987e-54,0.10842541436464088,Significant
Smoc1,-15.797192,-1.2463977,3.252892947190068e-56,3.18252538326374e-54,0.4171270718232044,Significant
A530016L24Rik,-15.804788,-3.3405213,2.883617184256383e-56,2.826093736467172e-54,0.03038674033149171,Significant
Derl1,-15.814203,-2.2265656,2.483300708920879e-56,2.437959063218341e-54,0.08080110497237569,Significant
Grina,-15.821022,-2.3135965,2.2284697748910436e-56,2.1915595414865443e-54,0.07113259668508287,Significant
Zmiz1,-15.845431,-1.4250257,1.5118076139711088e-56,1.4893397464901194e-54,0.2223756906077348,Significant
Gm4876,-15.851877,-1.4992489,1.3644429661952674e-56,1.3464947476278115e-54,0.2272099447513812,Significant
Apcdd1,-15.853705,-3.4744503,1.3253052662678465e-56,1.310142485530511e-54,0.028314917127071824,Significant
Aspa,-15.871074,-2.7642133,1.0050727615049731e-56,9.95301706310516e-55,0.05110497237569061,Significant
Msrb3,-15.886976,-1.5560619,7.799984164610921e-57,7.737611468939207e-55,0.18439226519337015,Significant
Atp5o,-15.899198,-4.6388426,6.418120714314026e-57,6.377909451897992e-55,0.013121546961325966,Significant
Gm13544,-15.910525,-6.93246,5.356198582870184e-57,5.331945865510684e-55,0.0020718232044198894,Significant
Lrig1,-15.955017,-1.4172336,2.6290273499705475e-57,2.6217065907998763e-55,0.2569060773480663,Significant
Abcc5,-15.956316,-1.5375812,2.57488668720212e-57,2.572221453613613e-55,0.19060773480662985,Significant
Insr,-15.96502,-1.1951208,2.239678846294645e-57,2.2452386124447775e-55,0.46685082872928174,Significant
Cs,-15.965839,-2.1911387,2.210465844173183e-57,2.2198612986431258e-55,0.08287292817679558,Significant
Cox7c,-15.966046,-2.8459148,2.2031490473270378e-57,2.2164224364637606e-55,0.0462707182320442,Significant
Mcph1,-15.9807005,-2.3851094,1.7417754224440457e-57,1.755370519104184e-55,0.07734806629834254,Significant
Stat5a,-15.996397,-2.9882963,1.3538694499337384e-57,1.3668560345510107e-55,0.0393646408839779,Significant
Gm16599,-16.024157,-4.986566,8.665742389254924e-58,8.764405637416779e-56,0.011740331491712707,Significant
Srgap1,-16.074425,-2.666035,3.8555850192375326e-58,3.9064211135303264e-56,0.0531767955801105,Significant
Cenpv,-16.095078,-2.6143515,2.7622700363267936e-58,2.8036794677091616e-56,0.055248618784530384,Significant
Cast,-16.105171,-1.6218235,2.346451278179211e-58,2.3858800398357577e-56,0.1712707182320442,Significant
Atrnl1,-16.127115,-1.2855996,1.6452724782094206e-58,1.6759116311578285e-56,0.39571823204419887,Significant
Svep1,-16.139841,-2.5435116,1.338846962887376e-58,1.3662237439743743e-56,0.06629834254143646,Significant
Large1,-16.142937,-1.4206107,1.273370224671736e-58,1.3017410047223216e-56,0.2479281767955801,Significant
Pten,-16.160015,-1.2450795,9.653909492954853e-59,9.904563251141303e-57,0.4537292817679558,Significant
Col4a1,-16.165989,-1.7565801,8.76211040081395e-59,9.005836251493631e-57,0.1477900552486188,Significant
Dnaja2,-16.173311,-2.5513535,7.7801832234593925e-59,8.011056291627509e-57,0.062154696132596686,Significant
Atrn,-16.17662,-1.6328652,7.3731256854594686e-59,7.605673001009921e-57,0.17541436464088397,Significant
Vps13c,-16.178068,-1.469595,7.201777334155427e-59,7.442402961599713e-57,0.2175414364640884,Significant
Trabd2b,-16.191896,-1.6753384,5.752869083703592e-59,5.955893063548476e-57,0.17196132596685082,Significant
Sh3kbp1,-16.206417,-2.3423758,4.542931665891416e-59,4.711822804872916e-57,0.0738950276243094,Significant
Pgm1,-16.209,-2.2259586,4.356079985983218e-59,4.5262691693771974e-57,0.08494475138121547,Significant
Man2a2,-16.290766,-2.363601,1.1478244134872138e-59,1.2014387854480779e-57,0.07251381215469613,Significant
Mpp1,-16.346046,-2.6709716,4.641286546508607e-60,4.8670257319474516e-58,0.06146408839779006,Significant
Gm17106,-16.406956,-4.1973653,1.7054779046548827e-60,1.7917272577297726e-58,0.018646408839779006,Significant
Cables1,-16.412052,-2.64378,1.5681515406993428e-60,1.6505012362100052e-58,0.0649171270718232,Significant
Aldh6a1,-16.424852,-1.4574991,1.269927697892904e-60,1.3390917230688862e-58,0.2285911602209945,Significant
Zkscan3,-16.4767,-1.7397056,5.395090318458868e-61,5.71007133500681e-59,0.15538674033149172,Significant
Pag1,-16.492958,-2.2362525,4.122587470620461e-61,4.371401362469267e-59,0.09046961325966851,Significant
Dapk1,-16.494993,-1.316844,3.985987397046425e-61,4.234442320433219e-59,0.35980662983425415,Significant
Pon3,-16.543018,-3.2311277,1.7978337426099244e-61,1.9170496467781215e-59,0.03591160220994475,Significant
Ppargc1b,-16.549837,-2.5854185,1.6053767286028746e-61,1.7150423321458966e-59,0.06422651933701658,Significant
Ell2,-16.596462,-1.8798748,7.392080228059917e-62,7.926787952277961e-60,0.12914364640883977,Significant
Bag4,-16.613317,-2.794102,5.5818913136283075e-62,5.996952326213386e-60,0.0531767955801105,Significant
Tmem131l,-16.647184,-2.8035553,3.171767030433214e-62,3.4140564551965526e-60,0.05179558011049724,Significant
Znrf2,-16.719553,-1.7109927,9.442592081672466e-63,1.0183155979593028e-60,0.18439226519337015,Significant
Gm57315,-16.737757,-3.7843244,6.956162487506248e-63,7.530244262378199e-61,0.023480662983425413,Significant
Ifngr1,-16.777845,-2.0589795,3.544663964084611e-63,3.844508776741749e-61,0.1042817679558011,Significant
Crat,-16.811596,-4.462143,2.0069303314053086e-63,2.1808515267280473e-61,0.014502762430939226,Significant
6430590A07Rik,-16.821823,-2.948572,1.6887960046164476e-63,1.838656468429544e-61,0.04765193370165746,Significant
Lyst,-16.854664,-1.6950948,9.695671942676129e-64,1.0616947232460028e-61,0.1691988950276243,Significant
4931406C07Rik,-16.860746,-1.9829949,8.747766693225326e-64,9.615957206157207e-62,0.12361878453038674,Significant
Acbd4,-16.904633,-2.750153,4.1590290609775606e-64,4.5895208093240945e-62,0.058011049723756904,Significant
Chchd3,-16.91017,-1.3505782,3.7862066957602706e-64,4.1943656704919375e-62,0.35566298342541436,Significant
Gpcpd1,-16.922548,-1.7636313,3.068655293187385e-64,3.4060877397540528e-62,0.15538674033149172,Significant
Rnf144b,-16.931236,-2.94426,2.6476364332362603e-64,2.9445130106426936e-62,0.049723756906077346,Significant
Clybl,-16.958979,-1.4255276,1.6518844048551675e-64,1.8407035204864597e-62,0.2983425414364641,Significant
Akt2,-16.994848,-2.6743193,8.96610704281115e-65,1.0010570610288426e-62,0.058011049723756904,Significant
Napepld,-17.00453,-3.2052193,7.601242498221828e-65,8.503386033226899e-63,0.03798342541436464,Significant
Aacs,-17.048964,-2.8474345,3.5578766301984823e-65,3.9879734881915707e-63,0.05593922651933702,Significant
Dot1l,-17.063196,-2.2916603,2.788752537489749e-65,3.1320386240079645e-63,0.08494475138121547,Significant
Slc22a3,-17.091122,-3.2089922,1.7281877088951364e-65,1.948608640241544e-63,0.03798342541436464,Significant
Phf3,-17.115225,-1.6063355,1.1427429793950592e-65,1.2910501585264696e-63,0.2058011049723757,Significant
Gpt2,-17.115406,-1.7764082,1.139176147303366e-65,1.2895791054393828e-63,0.15883977900552487,Significant
Snrnp70,-17.138384,-1.324041,7.675374978464628e-66,8.740870532975088e-64,0.3839779005524862,Significant
Dock9,-17.153824,-1.5974338,5.884884969355337e-66,6.715255211223692e-64,0.23756906077348067,Significant
Larp1,-17.197496,-1.6839051,2.772539479055604e-66,3.176482303358252e-64,0.18093922651933703,Significant
Slc7a10,-17.24006,-1.8267437,1.3289895567798794e-66,1.5256853700121598e-64,0.14157458563535913,Significant
Itih5,-17.251099,-2.373007,1.0979295620740088e-66,1.2629738827082048e-64,0.08632596685082873,Significant
Syap1,-17.28283,-2.1862023,6.336120095242222e-67,7.303340371319581e-65,0.09392265193370165,Significant
Col3a1,-17.28767,-2.2581701,5.8259322365017483e-67,6.728892646625681e-65,0.09323204419889503,Significant
Bcl2l13,-17.350027,-2.259957,1.9715377146760613e-67,2.281734329499382e-65,0.08770718232044199,Significant
Aco1,-17.399837,-1.795124,8.273647283359075e-68,9.614484693096922e-66,0.1643646408839779,Significant
Meis1,-17.42774,-2.0769284,5.081559904426215e-68,5.917159560693928e-66,0.11878453038674033,Significant
Lrrc58,-17.481035,-1.6398139,1.998404307677687e-68,2.3365737101329607e-66,0.2085635359116022,Significant
Cnst,-17.52737,-2.8688545,8.857111819341732e-69,1.0377218191463736e-66,0.057320441988950276,Significant
Myl6,-17.532518,-2.819244,8.090644264555287e-69,9.49875000140294e-67,0.055248618784530384,Significant
Dtx2,-17.56732,-2.8975086,4.38401763424293e-69,5.157651820484023e-67,0.05110497237569061,Significant
Trps1,-17.598373,-1.3079057,2.53501082360788e-69,2.9885310829618277e-67,0.5041436464088398,Significant
Zscan26,-17.623411,-1.9942644,1.6287929976559768e-69,1.924172242313879e-67,0.12430939226519337,Significant
Peg3,-17.641176,-3.5502455,1.1895784866955172e-69,1.4082284534496767e-67,0.034530386740331494,Significant
Lrrc4c,-17.644793,-2.4527729,1.1158317596658663e-69,1.323678671398627e-67,0.08218232044198895,Significant
Son,-17.663973,-1.39722,7.944617642505305e-70,9.444143490227444e-68,0.35359116022099446,Significant
Lhfpl2,-17.683334,-2.2628996,5.636189513271444e-70,6.7140223237487305e-68,0.11187845303867404,Significant
Lgals1,-17.697882,-4.632968,4.3538365415077544e-70,5.197312505450588e-68,0.014502762430939226,Significant
Rasa3,-17.71265,-1.9659379,3.3492151342323335e-70,4.006463423494187e-68,0.1298342541436464,Significant
Ctsb,-17.722944,-2.343204,2.78925287612856e-70,3.3506929961948595e-68,0.08701657458563536,Significant
Sycp3,-17.72574,-5.7430367,2.6539434634352455e-70,3.194887838297385e-68,0.006215469613259668,Significant
Rreb1,-17.78664,-1.4427236,8.969970676917862e-71,1.0844142257205522e-68,0.3383977900552486,Significant
Rnf24,-17.821243,-3.4453425,4.8349633019390524e-71,5.85760947607897e-69,0.03383977900552486,Significant
Extl3,-17.829931,-1.8984268,4.1392675042263134e-71,5.025459082263337e-69,0.1408839779005525,Significant
Nav3,-17.84653,-2.0549006,3.075625144620199e-71,3.742076311107238e-69,0.12638121546961326,Significant
Garre1,-17.848913,-1.6943936,2.947165975988564e-71,3.5934599108943217e-69,0.20165745856353592,Significant
Sh2b2,-17.909374,-4.661157,9.965013536023259e-72,1.2176348406753226e-69,0.013812154696132596,Significant
Ginm1,-17.922588,-3.2946606,7.858552366920264e-72,9.623093125264662e-70,0.03867403314917127,Significant
Snhg20,-17.94958,-2.4578295,4.835545331993617e-72,5.934068679936392e-70,0.07941988950276244,Significant
Trarg1,-17.958391,-3.9140837,4.1259317169584854e-72,5.074183107890564e-70,0.024171270718232045,Significant
Eef1a1,-17.96276,-2.2762914,3.813634641786921e-72,4.700263422900197e-70,0.0925414364640884,Significant
Col4a2,-17.971315,-2.347015,3.268688462870851e-72,4.037362033933387e-70,0.09461325966850828,Significant
4931428L18Rik,-17.978945,-2.2683527,2.848621635568664e-72,3.526160098932941e-70,0.09806629834254144,Significant
Prpf38b,-17.994541,-1.5886767,2.149920118227994e-72,2.667071927059264e-70,0.23204419889502761,Significant
Sfxn1,-17.999018,-1.6960026,1.9830221928008643e-72,2.465398835813843e-70,0.19475138121546962,Significant
Palmd,-18.001799,-2.4092317,1.8859355099629109e-72,2.3498261241312496e-70,0.08494475138121547,Significant
Tank,-18.09194,-2.234851,3.688727057303346e-73,4.626427475108145e-71,0.10497237569060773,Significant
Scn7a,-18.102365,-1.9775149,3.052720471416422e-73,3.845684875285896e-71,0.12845303867403315,Significant
Hp,-18.102755,-3.4176462,3.031240049977735e-73,3.827091789041734e-71,0.03660220994475138,Significant
Pmepa1,-18.104525,-1.6228712,2.9353249809508616e-73,3.7142297720071786e-71,0.24171270718232044,Significant
Adig,-18.165955,-4.560922,9.602349063279824e-74,1.2204628527058402e-71,0.015193370165745856,Significant
Plin2,-18.19633,-4.93293,5.5184158810410816e-74,7.029622341887254e-72,0.012430939226519336,Significant
Itsn1,-18.221203,-2.011314,3.5037389672601836e-74,4.473237680151617e-72,0.13121546961325967,Significant
Mccc2,-18.260696,-2.3272717,1.7011050186492789e-74,2.1766881093687321e-72,0.09737569060773481,Significant
Gm20528,-18.278858,-7.28556,1.2195349656375136e-74,1.56399865942265e-72,0.0027624309392265192,Significant
Mtch2,-18.294405,-2.226628,9.169633030555844e-75,1.178618678087766e-72,0.10773480662983426,Significant
Gm35188,-18.295944,-2.7022958,8.914300259242292e-75,1.150311440185872e-72,0.06975138121546962,Significant
Prpf4b,-18.297028,-1.5909991,8.7387356758251895e-75,1.1308917002662776e-72,0.24102209944751382,Significant
Amotl1,-18.345573,-3.0329182,3.5812440285070163e-75,4.677055418055459e-73,0.05110497237569061,Significant
Rasa2,-18.353086,-1.6596994,3.118781172770543e-75,4.091855270938422e-73,0.23066298342541436,Significant
Atl3,-18.390041,-1.6745391,1.5786212191624885e-75,2.0759415898459875e-73,0.21339779005524862,Significant
Map4k4,-18.419033,-1.6113532,9.243869988307229e-76,1.2184148171393563e-73,0.24654696132596685,Significant
Cyp4f17,-18.43186,-3.076857,7.293307538076225e-76,9.63545764560553e-74,0.05110497237569061,Significant
Cebpa,-18.43339,-4.591315,7.089811010498048e-76,9.388393691831845e-74,0.015883977900552487,Significant
Psap,-18.458023,-1.7880743,4.4949812317637015e-76,5.9801104279873114e-74,0.17334254143646408,Significant
Etfa,-18.467968,-1.610838,3.738919787790642e-76,4.985897696407188e-74,0.2513812154696133,Significant
Dido1,-18.611967,-1.6362123,2.570047595540154e-77,3.4433195326506327e-75,0.23756906077348067,Significant
Prr16,-18.668432,-1.5657548,8.94407599198692e-78,1.209702211543295e-75,0.3349447513812155,Significant
Ifi27l2a,-18.68105,-5.333372,7.0616155653647e-78,9.573701235891225e-76,0.008977900552486187,Significant
Noct,-18.696539,-3.368533,5.282330052463439e-78,7.178547864375196e-76,0.03729281767955801,Significant
Tspan18,-18.77393,-3.695285,1.2340928123467887e-78,1.6851433771663907e-76,0.03383977900552486,Significant
Ptpa,-18.799969,-2.0844822,7.555993647888935e-79,1.034244794001067e-76,0.1319060773480663,Significant
Vgll4,-18.85448,-1.6542548,2.699753211639037e-79,3.7132040488874004e-77,0.2534530386740331,Significant
Snhg11,-18.93921,-1.6887547,5.4203738123999405e-80,7.491298671161773e-78,0.24033149171270718,Significant
Meis2,-18.955801,-2.817902,3.95488960814891e-80,5.479206062715501e-78,0.06560773480662983,Significant
Srsf11,-18.979498,-1.537522,2.5198983298320974e-80,3.499647092657792e-78,0.31767955801104975,Significant
Ntrk2,-19.040497,-2.7554758,7.877635344797375e-81,1.0994128288434004e-78,0.06906077348066299,Significant
Atxn7l1,-19.049145,-1.6630348,6.6785507832621125e-81,9.343571502450319e-79,0.2610497237569061,Significant
Tmeff1,-19.056004,-3.4568532,5.858260295956325e-81,8.216137919015988e-79,0.04074585635359116,Significant
Acss2,-19.068142,-2.37766,4.645199433191408e-81,6.530921010502518e-79,0.11049723756906077,Significant
Kat2b,-19.073305,-1.7621136,4.2084689782059344e-81,5.931545348713468e-79,0.2037292817679558,Significant
A830018L16Rik,-19.11802,-4.4471197,1.787669856345557e-81,2.5321320718948348e-79,0.018646408839779006,Significant
Uck1,-19.208557,-3.6649702,3.1386400985340846e-82,4.467932646265732e-80,0.03314917127071823,Significant
Ddhd2,-19.223047,-2.1937594,2.3741344737718004e-82,3.388110051905766e-80,0.12569060773480664,Significant
Gm15414,-19.29553,-6.6216006,5.85615867530388e-83,8.399383655679552e-81,0.004834254143646409,Significant
Ttc7b,-19.380697,-2.2027326,1.1231332000163852e-83,1.6149577662154794e-81,0.1270718232044199,Significant
Atp5a1,-19.403982,-2.909569,7.141909148372218e-84,1.0321508853235088e-81,0.05939226519337017,Significant
Stx16,-19.464758,-1.7429777,2.1852720301943326e-84,3.166197828786145e-82,0.22168508287292818,Significant
Ftl1,-19.475506,-3.6803327,1.7716622000730383e-84,2.5866722393425354e-82,0.03591160220994475,Significant
mt-Cytb,-19.500717,-2.0803967,1.0825254654733239e-84,1.5845779570569804e-82,0.14709944751381215,Significant
Cgnl1,-19.52253,-2.301231,7.065310300682043e-85,1.036870705750351e-82,0.11464088397790055,Significant
Sparc,-19.623377,-2.56465,9.764584763400179e-86,1.4479302630540875e-83,0.08494475138121547,Significant
2900052L18Rik,-19.631536,-3.653616,8.316298725636567e-86,1.2363925998341298e-83,0.03591160220994475,Significant
Sulf2,-19.64518,-2.9284458,6.357096025357665e-86,9.475900648688241e-84,0.06146408839779006,Significant
Smurf1,-19.648912,-1.9718457,5.906568296189386e-86,8.827451584076636e-84,0.16781767955801105,Significant
Osbpl11,-19.663408,-1.7964095,4.4387899211156596e-86,6.6688426622228695e-84,0.2154696132596685,Significant
Cep85l,-19.679255,-2.580962,3.247481725683669e-86,4.891927432332111e-84,0.08839779005524862,Significant
Ces1f,-19.692799,-4.7538877,2.485677259398e-86,3.7542957248642313e-84,0.014502762430939226,Significant
Gnai1,-19.72372,-1.8136501,1.3492901034045365e-86,2.0433491430307904e-84,0.2272099447513812,Significant
Cpne2,-19.73346,-4.9124055,1.112880821979239e-86,1.694346173377536e-84,0.015883977900552487,Significant
Mcam,-19.73479,-2.9512515,1.083932397716234e-86,1.6591450176978516e-84,0.05939226519337017,Significant
Ywhab,-19.785803,-2.1152427,3.945634104625184e-87,6.055750715672846e-85,0.13535911602209943,Significant
5330438D12Rik,-19.832066,-3.1543424,1.5744166446115475e-87,2.4229421124547602e-85,0.054558011049723756,Significant
Ccnl1,-19.832834,-1.7436416,1.5505114025726888e-87,2.39261977707023e-85,0.23549723756906077,Significant
Atp6v0b,-19.844477,-2.5888422,1.2300298873558182e-87,1.9032372776067292e-85,0.08287292817679558,Significant
ENSMUSG00000095041,-19.844982,-2.5907514,1.2177401414339794e-87,1.8893553513185892e-85,0.0856353591160221,Significant
Chp1,-19.900047,-1.9994789,4.0654562332758514e-88,6.324894627840444e-86,0.16022099447513813,Significant
Hivep3,-19.922544,-2.0341797,2.594611999362222e-88,4.047665804265323e-86,0.16781767955801105,Significant
Mknk2,-19.96405,-5.379342,1.1316022967341916e-88,1.7750569250231845e-86,0.009668508287292817,Significant
Clmp,-19.966589,-3.7692928,1.0755062051766449e-88,1.6917237245569983e-86,0.03383977900552486,Significant
Lrch3,-19.977165,-1.679944,8.702880948549534e-89,1.3727167426353436e-86,0.2824585635359116,Significant
Phka2,-20.037111,-2.2522032,2.6150628217275884e-89,4.136230336999739e-87,0.12016574585635359,Significant
Hivep2,-20.226917,-1.6331313,5.674045893935054e-91,9.050023732396524e-89,0.3314917127071823,Significant
Dlg2,-20.289389,-3.1222117,1.5956418051345253e-91,2.5593645077792962e-89,0.06146408839779006,Significant
Klhl24,-20.314089,-1.9866416,9.652507232692376e-92,1.5570068394808402e-89,0.17472375690607736,Significant
Gm37240,-20.314875,-3.131548,9.499229392000175e-92,1.5366352863917102e-89,0.058011049723756904,Significant
Hsd17b4,-20.337173,-2.2009616,6.030681480825469e-92,9.783277327626298e-90,0.13052486187845305,Significant
mt-Rnr2,-20.368227,-1.6323162,3.2005237488900416e-92,5.206886365301367e-90,0.4143646408839779,Significant
Piezo1,-20.376245,-2.8058538,2.7171428254189465e-92,4.43314698057823e-90,0.07527624309392265,Significant
Cmss1,-20.447868,-1.4698894,6.275804646178024e-93,1.0268695182701807e-90,0.5400552486187845,Significant
Nrp1,-20.4879,-2.0971706,2.760458516193261e-93,4.529777186471484e-91,0.16505524861878454,Significant
Ppip5k1,-20.522768,-2.5303433,1.348132310624689e-93,2.2186127716555032e-91,0.09461325966850828,Significant
Cpeb3,-20.54242,-1.8298616,8.996662043851325e-94,1.484866473736053e-91,0.23273480662983426,Significant
Me1,-20.5558,-2.2329087,6.82959564043462e-94,1.1304767597732201e-91,0.1464088397790055,Significant
Bcl6,-20.57009,-2.7478304,5.08722544936203e-94,8.469932874623491e-92,0.08287292817679558,Significant
Mapk6,-20.580772,-2.42177,4.0813371713347236e-94,6.835159408028544e-92,0.11533149171270718,Significant
Prkd1,-20.590477,-1.8243632,3.3406140503886335e-94,5.611147629592306e-92,0.25,Significant
Zbtb16,-20.597668,-1.3387738,2.8798173974230076e-94,4.851469894279985e-92,0.6042817679558011,Significant
A530020G20Rik,-20.616665,-3.1572275,1.9451034603083774e-94,3.286532229478318e-92,0.049723756906077346,Significant
Arhgap29,-20.627596,-1.8034686,1.5517425341722863e-94,2.629695584473338e-92,0.2506906077348066,Significant
Chst1,-20.63592,-3.151479,1.306351054926755e-94,2.2204458333905777e-92,0.05386740331491713,Significant
Tnfaip8,-20.655457,-2.302265,8.719406312200503e-95,1.4865021401886493e-92,0.13259668508287292,Significant
Snhg7,-20.661678,-4.1384826,7.665325444953948e-95,1.3107246130964648e-92,0.027624309392265192,Significant
Idh1,-20.67495,-3.0083282,5.8226530229616024e-95,9.986376077724596e-93,0.06146408839779006,Significant
Tbc1d4,-20.729214,-1.9029219,1.888500195326225e-95,3.2487338254401984e-93,0.231353591160221,Significant
Ppm1a,-20.740797,-2.4599628,1.4844287865198015e-95,2.569144666663344e-93,0.106353591160221,Significant
Lnpep,-20.754261,-1.5891076,1.1219548270544877e-95,1.9477204209545604e-93,0.39019337016574585,Significant
Rbp4,-20.849482,-5.834139,1.5408221736879918e-96,2.6912869752137403e-94,0.007596685082872928,Significant
Ormdl3,-20.875347,-5.0087333,8.971441440535804e-97,1.5718241448170745e-94,0.014502762430939226,Significant
Pik3r1,-20.907675,-1.604283,4.5591023291847535e-97,8.012340917472502e-95,0.47375690607734805,Significant
Gpd1,-20.940144,-4.7743816,2.3076049913622942e-97,4.068028972543665e-95,0.018646408839779006,Significant
Rsrp1,-20.986622,-1.4302747,8.690842975674832e-98,1.5416364170651112e-95,0.5400552486187845,Significant
Gm35552,-20.988707,-3.4299352,8.31789135737361e-98,1.4800907868131584e-95,0.0462707182320442,Significant
Ak2,-21.062035,-2.3506823,1.773933265901453e-98,3.1764004431979444e-96,0.11878453038674033,Significant
Hibch,-21.079311,-2.6022654,1.2316408423265919e-98,2.2123300064012134e-96,0.09530386740331492,Significant
Apmap,-21.112003,-4.2282157,6.170188708681368e-99,1.1118250482943855e-96,0.024171270718232045,Significant
Hsd17b12,-21.144587,-2.3722825,3.0948504231136914e-99,5.594408823571958e-97,0.125,Significant
Pygb,-21.173803,-2.9448829,1.6655588370087379e-99,3.0203371254176606e-97,0.07527624309392265,Significant
Mpp7,-21.1814,-1.6862363,1.4175658665008112e-99,2.5788376359240477e-97,0.35220994475138123,Significant
Zeb1,-21.203716,-2.5450897,8.824617018780214e-100,1.6105208899562952e-97,0.10497237569060773,Significant
Gys1,-21.233057,-2.7497604,4.728468730088632e-100,8.685281869676671e-98,0.08494475138121547,Significant
Dgkd,-21.268389,-2.157411,2.2280454284242162e-100,4.105732515854475e-98,0.15538674033149172,Significant
Tkt,-21.35047,-2.4796047,3.860354267788814e-101,7.136767284485807e-99,0.11464088397790055,Significant
Ccdc80,-21.363146,-1.882475,2.943036456582158e-101,5.458613644112205e-99,0.23342541436464087,Significant
Ifi27,-21.36447,-5.859474,2.8607865931576975e-101,5.323400307221975e-99,0.006906077348066298,Significant
Gm30270,-21.367317,-6.070789,2.6916339819926033e-101,5.025060018643961e-99,0.006906077348066298,Significant
Mbnl1,-21.415308,-1.5142213,9.620551381621774e-102,1.8139199212613426e-99,0.4861878453038674,Significant
Syne1,-21.417236,-2.2360606,9.230589364822305e-102,1.7461760432636107e-99,0.15331491712707182,Significant
Lonp2,-21.482363,-1.8337972,2.2762424584262093e-102,4.349379927021704e-100,0.26657458563535913,Significant
Pxdn,-21.496008,-2.1326041,1.6967012288175019e-102,3.252924736366915e-100,0.18024861878453038,Significant
Pnpla8,-21.543436,-2.0949137,6.100824731200807e-103,1.173604935876031e-100,0.18024861878453038,Significant
Gm20532,-21.55206,-4.2231703,5.064437637912256e-103,9.77539469628345e-101,0.025552486187845305,Significant
Prxl2a,-21.598808,-3.0619473,1.8430643186246853e-103,3.5817721968193926e-101,0.06353591160220995,Significant
Lrp1,-21.608158,-3.279257,1.5053194845918648e-103,2.93542454699128e-101,0.05110497237569061,Significant
Gm3289,-21.629648,-2.0775359,9.450254971835391e-104,1.849164839695117e-101,0.1850828729281768,Significant
Ptpn4,-21.650896,-1.91407,5.96100299903683e-104,1.170432661269504e-101,0.23756906077348067,Significant
Hmgcs1,-21.742369,-2.8161008,8.1577261194478e-105,1.6241576327534167e-102,0.09185082872928177,Significant
Nr3c1,-21.79463,-1.9501022,2.608910203436548e-105,5.212419505048438e-103,0.23066298342541436,Significant
Atp10d,-21.797089,-3.1500208,2.472567868142301e-105,4.957411513376435e-103,0.06422651933701658,Significant
Reep5,-21.811602,-3.7394676,1.8006406466076703e-105,3.6229780586037934e-103,0.03660220994475138,Significant
Bnc2,-21.83481,-1.5556388,1.083910380095712e-105,2.188614927412409e-103,0.5075966850828729,Significant
Med12l,-21.839428,-2.776945,9.7974838776021e-106,1.9853328451051285e-103,0.09116022099447514,Significant
Vmp1,-21.867271,-1.9216539,5.32486974199805e-106,1.0828693142111105e-103,0.2506906077348066,Significant
Col5a3,-21.892376,-3.0861478,3.070881923819627e-106,6.267350810903707e-104,0.06767955801104972,Significant
Gbe1,-21.938562,-1.9738133,1.1136514529757392e-106,2.2810225677658836e-104,0.23687845303867403,Significant
Fam13a,-21.98422,-1.462235,4.0773444510417294e-107,8.38151878652589e-105,0.6077348066298343,Significant
D5Ertd579e,-22.234943,-2.0656319,1.5777012103291697e-109,3.3149772921532566e-107,0.20234806629834254,Significant
Fgf10,-22.264235,-3.5450604,8.211403526026479e-110,1.7317241784276807e-107,0.04903314917127072,Significant
Nabp1,-22.276487,-2.5429971,6.246786126672656e-110,1.3222983228210695e-107,0.12430939226519337,Significant
Pex13,-22.279343,-2.5465355,5.86113719491102e-110,1.2499588502450502e-107,0.10497237569060773,Significant
Phldb1,-22.417542,-3.703846,2.6544747182266112e-111,5.725319883732631e-109,0.04350828729281768,Significant
Pik3cb,-22.499218,-2.602028,4.224459763999464e-112,9.14619632782865e-110,0.11187845303867404,Significant
Cox4i1,-22.689272,-4.002002,5.717631726650832e-114,1.2570180237344596e-111,0.031077348066298343,Significant
Angptl4,-22.764643,-4.779603,1.02766750650155e-114,2.268078119678479e-112,0.017955801104972375,Significant
Trf,-22.77017,-3.5835998,9.059311103194516e-115,2.0071837880427973e-112,0.04903314917127072,Significant
Slc27a1,-22.802134,-1.8456863,4.366934879263482e-115,9.713189021880544e-113,0.3169889502762431,Significant
Ephx2,-22.818087,-2.3489714,3.032766325849146e-115,6.772107739614754e-113,0.1643646408839779,Significant
C9orf72,-22.823366,-2.974996,2.687934322994573e-115,6.025734971875354e-113,0.08080110497237569,Significant
Arl4a,-22.885788,-2.9268625,6.436673453864703e-116,1.4486585894723717e-113,0.08287292817679558,Significant
Pank3,-22.893318,-2.5586236,5.415868030711187e-116,1.2237497680028798e-113,0.11740331491712708,Significant
Cluh,-22.89696,-2.8388786,4.9819425153003845e-116,1.130186409417208e-113,0.08425414364640885,Significant
Mrap,-22.940441,-4.214426,1.835621119097719e-116,4.1808840857017284e-114,0.026933701657458564,Significant
Adhfe1,-23.065218,-2.4705656,1.0349235696050666e-117,2.366649918750285e-115,0.13121546961325967,Significant
Prkag2,-23.154375,-2.3126001,1.3134847433658138e-118,3.027981164858008e-116,0.16022099447513813,Significant
Tspan12,-23.17329,-1.8514012,8.468101850940904e-119,1.9600901930667725e-116,0.33908839779005523,Significant
Tmem120a,-23.228687,-3.644658,2.336523523702956e-119,5.452622375539755e-117,0.04350828729281768,Significant
Gstz1,-23.235306,-3.1044197,2.0028999789512144e-119,4.69329743627412e-117,0.06975138121546962,Significant
Ank2,-23.293608,-2.4271455,5.146608792484318e-120,1.2159877645346454e-117,0.15883977900552487,Significant
Sort1,-23.300243,-2.2084563,4.4081483461623675e-120,1.0482784271902464e-117,0.1899171270718232,Significant
Mtus1,-23.38633,-2.0897527,5.887443962636546e-121,1.4085585994810402e-118,0.22513812154696133,Significant
Ppp2r1b,-23.404228,-3.4704163,3.8703443409137376e-121,9.298788063964943e-119,0.055248618784530384,Significant
B3galt1,-23.435629,-4.131831,1.852604889113073e-121,4.469880296228283e-119,0.03798342541436464,Significant
Cnnm2,-23.456264,-2.372532,1.14096966605588e-121,2.7645937768037387e-119,0.15883977900552487,Significant
Tmem120b,-23.478804,-2.7812827,6.716469702734412e-122,1.6343696638606845e-119,0.09806629834254144,Significant
Mpc1,-23.55113,-2.8994737,1.2223162861349592e-122,2.987120671622777e-120,0.08908839779005524,Significant
Cd1d1,-23.585817,-2.9932787,5.389034487492102e-123,1.3226595377253783e-120,0.08632596685082873,Significant
Dst,-23.664108,-1.635931,8.448601845926187e-124,2.0916166856907954e-121,0.4930939226519337,Significant
Acss3,-23.878414,-1.6133056,5.133858963506411e-126,1.2877844195639584e-123,0.539364640883978,Significant
Akap7,-23.881502,-2.4219568,4.7684777611723456e-126,1.2014243017651086e-123,0.15814917127071823,Significant
Qki,-23.924503,-1.6887721,1.7029457421010892e-126,4.328903281293666e-124,0.457182320441989,Significant
Fth1,-23.933514,-4.3344445,1.3721309611969568e-126,3.5036102718168575e-124,0.03038674033149171,Significant
Ccnl2,-23.990889,-1.9973323,3.4616477994029995e-127,8.878814745306585e-125,0.26450276243093923,Significant
Gm31356,-24.096817,-5.4096904,2.699346488310093e-128,6.954908976962217e-126,0.015883977900552487,Significant
Aoc3,-24.124105,-3.1503458,1.3964513323076908e-128,3.6474924455473494e-126,0.0649171270718232,Significant
Art3,-24.207056,-2.3333447,1.8748888861820145e-129,4.919725717423507e-127,0.19544198895027623,Significant
Enpp2,-24.207214,-2.529684,1.867755133514086e-129,4.919725717423507e-127,0.1484806629834254,Significant
Zfp423,-24.239458,-2.447356,8.541261031889565e-130,2.2620834624038313e-127,0.162292817679558,Significant
Apol6,-24.303892,-3.5013008,1.7831426779318527e-130,4.744576038510169e-128,0.054558011049723756,Significant
Ifrd1,-24.325373,-2.3230643,1.056764658799599e-130,2.838360209278678e-128,0.1830110497237569,Significant
Arhgap24,-24.352297,-2.0357306,5.481485620433505e-131,1.479247737976797e-128,0.324585635359116,Significant
AY036118,-24.433577,-2.1397188,7.523285654615249e-132,2.039920992664033e-129,0.24102209944751382,Significant
Hacd2,-24.443571,-1.6302799,5.890382792670656e-132,1.6048051990309082e-129,0.5483425414364641,Significant
Gulp1,-24.45806,-2.6105056,4.130822644885658e-132,1.130832558761703e-129,0.16505524861878454,Significant
Klhl2,-24.459747,-2.1991537,3.963477705315333e-132,1.0902627247263786e-129,0.22030386740331492,Significant
Il15ra,-24.46548,-2.921416,3.4439400016509163e-132,9.519484836602177e-130,0.09668508287292818,Significant
Gm16163,-24.67925,-4.8599167,1.7866097634736662e-134,5.0362052743541596e-132,0.021408839779005526,Significant
Camk2d,-24.751717,-1.8514566,2.971083331786133e-135,8.416739104240508e-133,0.40193370165745856,Significant
Plcb1,-24.786694,-1.6440761,1.2475692958347266e-135,3.569740868046491e-133,0.5911602209944752,Significant
Pdzd2,-24.918304,-2.021825,4.712400196126781e-137,1.362075023186066e-134,0.34185082872928174,Significant
Aifm2,-24.965445,-3.9890683,1.4514687314306235e-137,4.216738828387303e-135,0.04005524861878453,Significant
Xdh,-25.021072,-2.440473,3.6060114338451216e-138,1.052973831049103e-135,0.1595303867403315,Significant
Miga2,-25.039152,-3.6721318,2.2918291923923843e-138,6.7267549507224095e-136,0.049723756906077346,Significant
Gpat3,-25.075766,-3.292653,9.143310627003662e-139,2.711610679230289e-136,0.07665745856353591,Significant
Kif1b,-25.136549,-2.0542743,1.9829149763729905e-139,5.942587456297603e-137,0.30870165745856354,Significant
Gm15581,-25.30821,-4.896362,2.5941958555783194e-141,7.815666995369581e-139,0.023480662983425413,Significant
Agmo,-25.43408,-2.3893356,1.0591388436180452e-142,3.2250494595965296e-140,0.20165745856353592,Significant
Alcam,-25.448866,-3.0541794,7.266512912533237e-143,2.224529633078253e-140,0.1132596685082873,Significant
Asph,-25.57458,-2.0499344,2.92649558502242e-144,9.007437032797925e-142,0.33908839779005523,Significant
Atosa,-25.59754,-2.0444636,1.6248567551463955e-144,5.02831350515168e-142,0.332182320441989,Significant
Pfkfb1,-25.63331,-3.1026692,6.490541429060201e-145,2.019551472743808e-142,0.08839779005524862,Significant
Cav1,-25.683544,-2.1588476,1.7851027862645043e-145,5.584919656741052e-143,0.2852209944751381,Significant
Lpin1,-25.821743,-2.3449943,5.054695142873034e-147,1.5901624095598532e-144,0.2064917127071823,Significant
Pcdh7,-25.919884,-3.0285861,3.9752929535862424e-148,1.2788539890969165e-145,0.10980662983425414,Significant
Por,-25.95951,-2.353415,1.4200466030813511e-148,4.594254183298592e-146,0.20441988950276244,Significant
Cdk14,-26.096981,-2.6117413,3.945121966140646e-150,1.2836525135657975e-147,0.15469613259668508,Significant
Adcy5,-26.102913,-2.6583238,3.378424301374827e-150,1.1055796445091036e-147,0.1526243093922652,Significant
Car5b,-26.208313,-2.717577,2.136571101868217e-151,7.032282954420702e-149,0.13604972375690608,Significant
Acox1,-26.251257,-1.9634819,6.915347319749875e-152,2.2893418124062655e-149,0.3819060773480663,Significant
Pacrg,-26.263205,-2.7299862,5.050882515602049e-152,1.6818848030461772e-149,0.1685082872928177,Significant
Pnpla2,-26.45042,-4.2010393,3.608292476271356e-154,1.2085869523021604e-151,0.03729281767955801,Significant
Mical3,-26.451935,-2.1677606,3.466428932518969e-154,1.1679404132932699e-151,0.292817679558011,Significant
Echdc1,-26.526106,-3.2794528,4.846167527195306e-155,1.6425334831311186e-152,0.08701657458563536,Significant
Ctdspl,-26.52878,-2.3813822,4.514028055791303e-155,1.5391213863761232e-152,0.22306629834254144,Significant
Fgfr1,-26.551666,-2.8532016,2.4569142589398387e-155,8.427659928812853e-153,0.11947513812154696,Significant
Irs1,-26.67008,-2.6716928,1.0470111283217865e-156,3.613203676228536e-154,0.1685082872928177,Significant
B430010I23Rik,-26.82041,-4.4645467,1.868104226467262e-158,6.486080656053193e-156,0.03314917127071823,Significant
Bcar3,-26.959286,-2.4420156,4.4395841782717994e-160,1.5701513210867983e-157,0.231353591160221,Significant
Ophn1,-27.158855,-2.3553808,1.9901459375114235e-162,7.082556239239872e-160,0.2596685082872928,Significant
Rgs7,-27.168943,-4.7432423,1.512630330937752e-162,5.417024130435631e-160,0.031077348066298343,Significant
Ctif,-27.176687,-3.2340112,1.2252163846756792e-162,4.415509250621383e-160,0.09875690607734806,Significant
Hk2,-27.20516,-3.654254,5.643334788495632e-163,2.0467332878454126e-160,0.06284530386740332,Significant
Plaat3,-27.456104,-3.1336327,5.874277861611497e-166,2.1441490751155145e-163,0.09944751381215469,Significant
Thrb,-27.472578,-2.0245156,3.734185611432454e-166,1.371795244519841e-163,0.4171270718232044,Significant
Atp2b4,-27.491793,-3.2484558,2.200786323117146e-166,8.137335975624247e-164,0.0925414364640884,Significant
Slc24a3,-27.667225,-2.6076467,1.732001987957907e-168,6.445877463811188e-166,0.19406077348066297,Significant
Lgals12,-27.766228,-3.2393165,1.1098945687041834e-169,4.185331565336749e-167,0.09185082872928177,Significant
Pdzrn3,-27.914572,-2.7577734,1.7756981486499054e-171,6.878233216481243e-169,0.1671270718232044,Significant
Abcd2,-27.933105,-2.6752236,1.05757082732334e-171,4.1245986629190613e-169,0.17610497237569062,Significant
Hycc2,-27.937002,-2.5504649,9.483478995871862e-172,3.72412950002717e-169,0.20511049723756905,Significant
Mlxipl,-27.967981,-2.6088076,3.984845448227656e-172,1.5867208718009158e-169,0.18922651933701656,Significant
2810004N23Rik,-28.176231,-3.8326347,1.1437011463056759e-174,4.6186870192759925e-172,0.06422651933701658,Significant
Lrmda,-28.176554,-1.5011774,1.1333361886735713e-174,4.6095211370901306e-172,0.7727900552486188,Significant
Ywhag,-28.337805,-3.4054658,1.1831093078101777e-176,4.881697615653575e-174,0.08632596685082873,Significant
Ebf2,-28.655516,-3.1279044,1.368424269587031e-180,5.687550827339791e-178,0.13466850828729282,Significant
Cat,-28.76718,-2.9947214,5.5232424234502485e-182,2.3124922561300043e-179,0.13535911602209943,Significant
Ptprm,-28.964085,-2.3099961,1.8655130477899542e-184,8.047286246530892e-182,0.35220994475138123,Significant
Atp1a2,-29.027573,-3.144437,2.9535656236736116e-185,1.2838090089893063e-182,0.10566298342541436,Significant
Agpat2,-29.238537,-5.213241,6.281041366203302e-188,2.7511444340998633e-185,0.022099447513812154,Significant
Slc36a2,-29.2635,-4.616602,3.023660903532051e-188,1.3346532985117714e-185,0.03522099447513812,Significant
4732471J01Rik,-29.34621,-3.4115815,2.6708975837251526e-189,1.1881529633976088e-186,0.09116022099447514,Significant
Ces1d,-29.517101,-3.1853044,1.7370669441055202e-191,7.850026100342256e-189,0.11740331491712708,Significant
Angpt1,-29.548618,-3.6405182,6.8409645191594706e-192,3.116250885483675e-189,0.09323204419889503,Significant
Mat2a,-29.733625,-3.106652,2.8237495077371065e-194,1.2966703283875693e-191,0.13259668508287292,Significant
Vegfa,-29.949429,-3.0186853,4.47580973420265e-197,2.1238090172936093e-194,0.1388121546961326,Significant
Aox1,-30.00835,-3.4263837,7.636206609550082e-198,3.653892777767993e-195,0.09944751381215469,Significant
Trhde,-30.053223,-3.1785743,1.981533348886573e-198,9.643631659739346e-196,0.1388121546961326,Significant
Adamts12,-30.190006,-2.7267854,3.2038899966019516e-200,1.572695692211308e-197,0.26726519337016574,Significant
Gnpat,-30.48138,-3.6537416,4.6001879135942226e-204,2.318046902548395e-201,0.08287292817679558,Significant
Dgat1,-30.547832,-4.0590186,6.042201026233049e-205,3.0718657913815716e-202,0.055248618784530384,Significant
Mmd,-30.601665,-3.919852,1.1630884803452036e-205,6.020674650848749e-203,0.07044198895027624,Significant
Utrn,-30.705492,-2.2187572,4.807636269913199e-207,2.511482723349793e-204,0.4537292817679558,Significant
Sh3pxd2a,-30.806059,-2.4253056,2.173894421092111e-208,1.1461455762167212e-205,0.35290055248618785,Significant
Myl1,-31.179068,-3.5514383,2.0481550868288978e-213,1.1107047504678502e-210,0.09461325966850828,Significant
Rgcc,-31.288736,-3.2098675,6.64078060029112e-215,3.6358912323190064e-212,0.1319060773480663,Significant
Gpam,-31.315207,-3.0750196,2.897450786897618e-215,1.6017839345314298e-212,0.18162983425414364,Significant
Hipk2,-31.487007,-2.6148007,1.308401979174891e-217,7.304089911391909e-215,0.2900552486187845,Significant
Pfkfb3,-31.573622,-2.9160771,8.501149369593082e-219,4.792712339148511e-216,0.21132596685082872,Significant
Slc22a23,-31.596138,-3.9907,4.171893805972124e-219,2.3755180520585872e-216,0.07251381215469613,Significant
Pparg,-31.649862,-2.6572127,7.616357062396647e-220,4.3806362372719944e-217,0.3238950276243094,Significant
Csad,-31.684872,-2.9337597,2.5106863353258285e-220,1.4587856185692654e-217,0.18853591160220995,Significant
Apoe,-31.771702,-3.9388874,1.5926554762885281e-221,9.34921602838609e-219,0.06560773480662983,Significant
A530053G22Rik,-31.774624,-3.1205316,1.4513675292629383e-221,8.608574842058435e-219,0.19337016574585636,Significant
Cdo1,-31.818213,-2.5887277,3.6245732989129035e-222,2.1724929285621015e-219,0.305939226519337,Significant
Sgcd,-31.856276,-2.5014174,1.0776154063128264e-222,6.5277126437083664e-220,0.39295580110497236,Significant
Slc1a3,-31.978298,-2.7672145,2.184722450634178e-224,1.3376374307694704e-221,0.3031767955801105,Significant
Celf2,-32.18811,-1.9270034,2.5889064387538973e-227,1.602336103577018e-224,0.6415745856353591,Significant
4933406I18Rik,-32.203632,-3.040715,1.569860523295388e-227,9.823014072193701e-225,0.1878453038674033,Significant
Epb41l2,-32.27855,-2.852798,1.3991623628822078e-228,8.852189344986199e-226,0.23342541436464087,Significant
Prkar2b,-32.32277,-2.8057623,3.349509966870114e-229,2.1429713148713615e-226,0.27417127071823205,Significant
Bckdhb,-32.414574,-2.6687174,1.710849118515815e-230,1.1197409156024026e-227,0.29972375690607733,Significant
Adam12,-32.4374,-4.0832834,8.154905008485887e-231,5.399400535909243e-228,0.07734806629834254,Significant
Gm16168,-32.506275,-3.4282498,8.693375564651579e-232,5.823641153256771e-229,0.15124309392265192,Significant
Txlng,-32.60277,-2.7781208,3.746474520451589e-233,2.570216935771493e-230,0.24930939226519336,Significant
Tshr,-32.61881,-2.7366402,2.2197321214196784e-233,1.5413873990946085e-230,0.3308011049723757,Significant
Efna5,-32.912754,-3.0382948,1.4439273109967598e-237,1.0277333126933312e-234,0.21477900552486187,Significant
Sntb1,-33.450935,-3.2694376,2.4942656585721422e-245,1.7977972261361564e-242,0.18577348066298344,Significant
Ctcflos,-33.642895,-3.551846,3.9608832352332284e-248,2.8914955422745545e-245,0.13466850828729282,Significant
Nrip1,-33.77038,-2.323999,5.370012049952246e-250,4.076984748484411e-247,0.5075966850828729,Significant
Tns1,-33.859077,-2.585125,2.668155308955211e-251,2.053073397935388e-248,0.4164364640883978,Significant
Zeb2,-34.100597,-2.56273,7.226821945032651e-255,5.715312060723669e-252,0.44751381215469616,Significant
Mgst1,-34.383068,-3.8528726,4.5158601550667373e-259,3.621656240699367e-256,0.08632596685082873,Significant
Gsn,-34.63467,-2.644234,7.600895374822613e-263,6.182894050539634e-260,0.35151933701657456,Significant
Acacb,-34.74975,-3.9068096,1.3981657266063176e-264,1.1707787446866225e-261,0.11671270718232044,Significant
B3galt2,-34.761192,-4.549298,9.390465255717276e-265,7.980634061579066e-262,0.05939226519337017,Significant
Ebf1,-35.10298,-2.2996335,6.070442921827997e-270,5.237228642603151e-267,0.6519337016574586,Significant
Dlc1,-35.106068,-2.7684195,5.446641972017476e-270,4.771342161979186e-267,0.380524861878453,Significant
Fasn,-35.114307,-4.516045,4.077207064871592e-270,3.627503866888334e-267,0.060082872928176795,Significant
Dram1,-35.130775,-4.014705,2.285572062996704e-270,2.065758076811037e-267,0.09116022099447514,Significant
Nrg4,-35.472557,-3.9590645,1.3026871190188291e-275,1.2160050367877236e-272,0.106353591160221,Significant
Sorbs1,-35.508385,-1.8707615,3.648998064677937e-276,3.462959980013774e-273,0.7638121546961326,Significant
Fry,-35.528854,-2.9870355,1.7625872307097568e-276,1.7010759237939703e-273,0.35082872928176795,Significant
Sox5,-35.909733,-3.089058,2.153225237764999e-282,2.1509964607645058e-279,0.2852209944751381,Significant
Dbi,-35.9997,-3.4753113,8.456130684353059e-284,8.598223880316919e-281,0.13950276243093923,Significant
Aplp2,-36.016903,-3.600189,4.5493519146393946e-284,4.7099026794814865e-281,0.13674033149171272,Significant
Pck1,-37.213417,-4.25779,4.140675129662946e-303,4.715483651162756e-300,0.10566298342541436,Significant
Tenm4,-37.318752,-2.6983068,8.148771009765835e-305,9.469370817695437e-302,0.5573204419889503,Significant
Ddx5,-37.44732,-2.614387,6.641721069892702e-307,7.878879988349174e-304,0.4129834254143646,Significant
Ankef1,-37.497833,-3.243434,9.990966536769451e-308,1.210416224617424e-304,0.26657458563535913,Significant
Lama4,-37.662594,-3.4418957,2.03558648834765e-310,2.5197463094131206e-307,0.2265193370165746,Significant
Cped1,-38.371002,-3.6978085,0.0,0.0,0.18093922651933703,Significant
Chpt1,-38.464634,-3.244601,0.0,0.0,0.2969613259668508,Significant
Dgat2,-38.47181,-4.728855,0.0,0.0,0.07320441988950276,Significant
Negr1,-38.589024,-3.5187044,0.0,0.0,0.2520718232044199,Significant
Acvr1c,-38.635742,-3.2696197,0.0,0.0,0.32113259668508287,Significant
Sik2,-38.956142,-2.6839375,0.0,0.0,0.5642265193370166,Significant
Pde3b,-39.03578,-2.823687,0.0,0.0,0.4910220994475138,Significant
Cyp2e1,-39.348106,-3.7741508,0.0,0.0,0.162292817679558,Significant
Thrsp,-39.783512,-6.2961493,0.0,0.0,0.024171270718232045,Significant
Ghr,-40.24212,-2.2952209,0.0,0.0,0.9323204419889503,Significant
Lipe,-40.27213,-4.3171697,0.0,0.0,0.1111878453038674,Significant
Retn,-40.348328,-4.830016,0.0,0.0,0.05939226519337017,Significant
Pnpla3,-40.55002,-4.682223,0.0,0.0,0.09116022099447514,Significant
Adipor2,-40.655094,-3.568876,0.0,0.0,0.2962707182320442,Significant
Adrb3,-40.67122,-4.208796,0.0,0.0,0.1457182320441989,Significant
Adipoq,-40.838505,-4.8385425,0.0,0.0,0.06698895027624309,Significant
Cd36,-40.923706,-3.3111453,0.0,0.0,0.3335635359116022,Significant
Ppp2r5a,-41.428432,-3.8529508,0.0,0.0,0.20441988950276244,Significant
Pcx,-41.59378,-4.04196,0.0,0.0,0.1878453038674033,Significant
Mgll,-41.59463,-4.4181557,0.0,0.0,0.13743093922651933,Significant
Gm49513,-41.679005,-5.2727,0.0,0.0,0.06077348066298342,Significant
Cidec,-42.305824,-4.2545,0.0,0.0,0.17886740331491713,Significant
Acsl1,-42.572727,-3.44995,0.0,0.0,0.42955801104972374,Significant
Acaca,-42.6738,-3.732701,0.0,0.0,0.356353591160221,Significant
Slc1a5,-43.284664,-3.6624682,0.0,0.0,0.30732044198895025,Significant
Plin1,-43.423954,-4.5499644,0.0,0.0,0.13604972375690608,Significant
Plin4,-44.672134,-4.9983096,0.0,0.0,0.10704419889502763,Significant
Neat1,-44.809135,-2.3215792,0.0,0.0,0.8570441988950276,Significant
G0s2,-47.57137,-6.560415,0.0,0.0,0.04005524861878453,Significant
Car3,-48.66942,-3.7844558,0.0,0.0,0.5386740331491713,Significant
Lpl,-49.763092,-4.1576996,0.0,0.0,0.35151933701657456,Significant
Scd1,-54.19167,-5.988375,0.0,0.0,0.11187845303867404,Significant
Fabp4,-55.538586,-4.8361125,0.0,0.0,0.3770718232044199,Significant
Cfd,-56.92841,-6.620063,0.0,0.0,0.12223756906077347,Significant
