names,scores,logfoldchanges,pvals,pvals_adj,pct_nz_group,Significant
Mir6236,54.770737,3.2452536,0.0,0.0,1.0,Significant
Rn18s-rs5,53.078316,2.023606,0.0,0.0,1.0,Significant
Taco1,40.52144,4.0133195,0.0,0.0,0.7976284584980237,Significant
Camk1d,39.614742,2.4164429,0.0,0.0,0.891699604743083,Significant
Tshz2,36.95107,1.6740714,7.001204831932293e-299,2.0981873912371405e-295,0.9549407114624506,Significant
Rbms3,35.49335,1.9174252,6.224657542515541e-276,1.1076194535261796e-272,0.932806324110672,Significant
Slit3,35.109886,1.9512838,4.76276966437431e-270,7.5332463183093775e-267,0.9383399209486166,Significant
Naaladl2,34.466007,3.345545,2.5925178147189733e-260,3.785142484305463e-257,0.8150197628458498,Significant
Egfr,33.881626,2.9329712,1.2424609094170433e-251,1.684451586740854e-248,0.8166007905138339,Significant
Bicc1,31.81754,2.936601,3.703130926167052e-222,4.054999578209194e-219,0.7747035573122529,Significant
Zfpm2,31.1056,1.8501368,2.0231633381248656e-212,1.828586406923301e-209,0.8909090909090909,Significant
Lama2,30.989481,3.73535,7.471043612575912e-211,6.647010849120079e-208,0.6608695652173913,Significant
Thsd7a,29.965803,4.251736,2.739113679910078e-197,2.1662204451077745e-194,0.6102766798418973,Significant
Arhgap6,28.083721,2.9507062,1.54849560950263e-173,8.997233520478496e-171,0.6758893280632411,Significant
Gpc6,27.45917,3.570521,5.399492821864903e-166,2.8467825997204576e-163,0.6,Significant
Nav1,26.89116,3.0945191,2.7867133196676277e-159,1.3798108098712555e-156,0.6142292490118577,Significant
Rora,26.874308,1.0514525,4.3862949194895525e-159,2.1347010171850824e-156,0.9138339920948617,Significant
Fbn1,26.838123,2.9619486,1.1606806447895248e-158,5.600874287708502e-156,0.6521739130434783,Significant
Col5a2,24.947035,2.4636467,2.299627618411797e-137,9.420366634531374e-135,0.6363636363636364,Significant
Plxdc2,24.556236,2.1034663,3.710051270424143e-133,1.456924340615318e-130,0.7225296442687748,Significant
Ror1,24.361473,2.561784,4.3819991361338435e-131,1.6746000859771623e-128,0.6363636363636364,Significant
Ltbp1,23.838787,3.0473316,1.3236652910040713e-125,4.6814177226747094e-123,0.542292490118577,Significant
Scara5,23.606056,2.6345308,3.339869360062398e-123,1.1456355495862229e-120,0.5841897233201581,Significant
Ddr2,23.358494,2.5490842,1.1297773185196914e-120,3.7841558996370438e-118,0.5849802371541502,Significant
Gli3,22.46153,2.810777,9.87278629542656e-112,3.071947128130512e-109,0.516205533596838,Significant
Nova1,22.453747,3.0602715,1.1762485691312923e-111,3.640041835592658e-109,0.508300395256917,Significant
Kazn,21.702341,2.9742956,1.9497925638070705e-104,5.469120117031449e-102,0.4980237154150198,Significant
Sdk1,21.481518,2.2110462,2.31808616025135e-102,6.315509284730724e-100,0.6094861660079052,Significant
Meg3,21.340797,2.6258,4.747761064452289e-101,1.2751993526932915e-98,0.525691699604743,Significant
Magi2,21.246803,2.4657342,3.5289102688045483e-100,9.302762945185176e-98,0.5525691699604743,Significant
Maml2,20.586096,1.3867015,3.6568143850010356e-94,8.89840461095487e-92,0.7090909090909091,Significant
Abca8a,20.384584,2.9660761,2.2915442983520266e-92,5.325829546631133e-90,0.4766798418972332,Significant
Frmd6,20.336535,2.5578887,6.109852118452482e-92,1.4028269736967855e-89,0.49960474308300395,Significant
Creb5,20.262297,3.1990132,2.767497248212727e-91,6.2533357464476544e-89,0.4450592885375494,Significant
Pde3a,20.20992,2.484004,8.007640648655863e-91,1.7811057272465373e-88,0.5011857707509881,Significant
Psd3,20.148169,2.1791847,2.7925894529711437e-90,6.163288218667825e-88,0.5446640316205533,Significant
Arhgap24,19.213211,1.0271645,2.869533505771235e-82,5.520071194328374e-80,0.8031620553359684,Significant
Add3,19.171686,1.7681245,6.380645486832956e-82,1.2191957539119306e-79,0.6023715415019762,Significant
Man2a1,19.158865,1.5435046,8.163403665937926e-82,1.554623304823316e-79,0.6521739130434783,Significant
Plce1,18.960758,1.5803488,3.599183080942513e-80,6.67560533589406e-78,0.6237154150197628,Significant
Akt3,18.796043,2.4215484,8.136382439456917e-79,1.4801717331792852e-76,0.4671936758893281,Significant
Plpp3,18.766909,1.5480808,1.408443741990632e-78,2.55408264690091e-76,0.6482213438735178,Significant
Fkbp5,18.63357,1.562609,1.716842356187902e-77,3.064536696040606e-75,0.6118577075098814,Significant
Tnxb,18.62798,2.601521,1.9058572784283167e-77,3.391294352843337e-75,0.44189723320158103,Significant
Trerf1,18.56517,2.207396,6.1491951506468686e-77,1.084028857811094e-74,0.4909090909090909,Significant
Lars2,18.498432,1.0891517,2.1256585131559128e-76,3.7242191199264874e-74,0.6932806324110672,Significant
C7,18.494577,3.0838268,2.2832131368444957e-76,3.9879889332841236e-74,0.4324110671936759,Significant
Eya2,18.481373,2.4588027,2.9166196851802687e-76,5.078753562503048e-74,0.4490118577075099,Significant
Cdk8,18.36781,1.0800024,2.378156111794036e-75,4.078752625351331e-73,0.6948616600790514,Significant
Dcn,18.363714,1.5748225,2.5645569512828974e-75,4.385238359249233e-73,0.6909090909090909,Significant
Zeb1,18.20911,1.1985744,4.369979375673378e-74,7.340147363723239e-72,0.6909090909090909,Significant
4930578G10Rik,18.126476,2.4270418,1.9698450668383926e-73,3.2511579116186932e-71,0.45217391304347826,Significant
Ehbp1,18.116844,1.2071916,2.346787637597386e-73,3.862093493422912e-71,0.675098814229249,Significant
Aldh1a1,17.980415,1.0594393,2.774064654741046e-72,4.513086157303141e-70,0.71699604743083,Significant
Bmper,17.929642,1.8670712,6.922538079749051e-72,1.1103556078844809e-69,0.5707509881422925,Significant
Tcf7l1,17.525873,1.7994355,9.093506361400963e-69,1.3734571504629502e-66,0.5296442687747036,Significant
Gas7,17.499523,3.139166,1.4447210099880867e-68,2.1591564049798333e-66,0.38023715415019765,Significant
Dennd2b,17.341133,2.1342347,2.3015719731565284e-67,3.368992537879329e-65,0.4679841897233202,Significant
Dclk1,17.180326,2.8157706,3.7280850134803484e-66,5.3070222188146125e-64,0.39209486166007906,Significant
Col6a6,16.709034,2.5506883,1.1264575303536275e-62,1.4916655403689743e-60,0.4,Significant
Rhoj,16.648909,2.222398,3.081692017034435e-62,4.024647365641233e-60,0.43399209486166007,Significant
Zfp521,16.531,1.6832656,2.1947165891526266e-61,2.789494582654904e-59,0.532806324110672,Significant
Lhfp,16.464962,2.0918248,6.550346234390052e-61,8.233626157448212e-59,0.45138339920948617,Significant
Errfi1,16.184114,2.3076968,6.52819993629757e-59,7.744213178598332e-57,0.4268774703557312,Significant
Slc8a1,16.061281,1.8763121,4.765992415437009e-58,5.572492281876771e-56,0.48695652173913045,Significant
Enox1,15.930047,1.9588408,3.920622470043085e-57,4.438253758781775e-55,0.45691699604743086,Significant
Col1a2,15.759305,1.8644671,5.928114374840381e-56,6.529066936514238e-54,0.4608695652173913,Significant
Chrm3,15.738943,3.5628781,8.17987626891653e-56,8.991705301706104e-54,0.3217391304347826,Significant
Glis3,15.730245,2.3470664,9.384719581652904e-56,1.0296248895932524e-53,0.40553359683794465,Significant
Klf12,15.388001,2.719476,1.9702490081510123e-53,2.0737143950670386e-51,0.35098814229249015,Significant
Lpar1,15.372079,2.8627973,2.5195389609681065e-53,2.6469569737358848e-51,0.3383399209486166,Significant
Lamc1,15.3266115,1.1823648,5.07792394358877e-53,5.257128495852512e-51,0.6221343873517786,Significant
Tmeff2,15.148033,2.0153182,7.806829778267713e-52,7.895713932581561e-50,0.42845849802371544,Significant
Prkg1,15.144293,1.9598539,8.263867477376495e-52,8.343136135271189e-50,0.4505928853754941,Significant
Gm54318,14.979316,2.510703,1.0024339861167812e-50,9.909651667270076e-49,0.3794466403162055,Significant
Wipf1,14.94918,2.6360211,1.5767986809039437e-50,1.5480085118853702e-48,0.34545454545454546,Significant
Arhgap10,14.835482,1.3299332,8.638160789966508e-50,8.308539080092617e-48,0.5588932806324111,Significant
Kcnt2,14.815146,2.6898792,1.169343415147707e-49,1.122826027013922e-47,0.3391304347826087,Significant
Airn,14.655174,1.0486169,1.248359645347492e-48,1.1788200093819492e-46,0.6640316205533597,Significant
Antxr2,14.64542,1.4854491,1.441074347667039e-48,1.352501338827862e-46,0.5241106719367589,Significant
Antxr1,14.645387,2.1728387,1.441787662086216e-48,1.352501338827862e-46,0.37470355731225297,Significant
Fyn,14.607864,2.8492844,2.5024100679975855e-48,2.3282635895727208e-46,0.32252964426877473,Significant
Heg1,14.487372,1.1611034,1.4560783478280896e-47,1.3351136425713243e-45,0.6395256916996047,Significant
Aff2,14.446318,2.5419915,2.644501656431686e-47,2.401603968403136e-45,0.34624505928853755,Significant
Plac9,14.268008,1.789423,3.463290720000959e-46,3.0717015091522525e-44,0.42134387351778657,Significant
Adamts5,14.044097,1.3597965,8.37286038070762e-45,7.180106068341454e-43,0.5533596837944664,Significant
Arhgef3,14.037565,1.8111095,9.181294052126917e-45,7.849730700032414e-43,0.42134387351778657,Significant
Slit2,13.955793,2.370284,2.900560599304353e-44,2.4432074124998397e-42,0.3533596837944664,Significant
Igf1r,13.852085,1.3856504,1.2357252035509171e-43,1.0168125551357336e-41,0.5106719367588933,Significant
Mcc,13.846226,2.2463856,1.3407385352907341e-43,1.101630489725681e-41,0.3494071146245059,Significant
Sult1e1,13.73616,3.286744,6.1660083593594804e-43,5.022870986985525e-41,0.2901185770750988,Significant
Niban1,13.640538,2.5563915,2.2985911994630514e-42,1.851259992766982e-40,0.3185770750988142,Significant
Fbxl7,13.58979,1.604765,4.603983190872093e-42,3.676793925265748e-40,0.4553359683794466,Significant
Gria3,13.5462475,2.0838518,8.338565501871019e-42,6.585384996422159e-40,0.35177865612648224,Significant
Tenm3,13.540375,1.6618264,9.032726620683962e-42,7.123718649700353e-40,0.42924901185770753,Significant
Tmtc1,13.493293,1.8631067,1.7127627814389262e-41,1.3378110499027968e-39,0.3857707509881423,Significant
Ifi207,13.487656,3.202973,1.8488589874346994e-41,1.4421353370345098e-39,0.28300395256916994,Significant
Gask1b,13.3454895,3.041813,1.258406307085089e-40,9.63103676501775e-39,0.28537549407114626,Significant
Arhgap28,13.2816515,1.6416358,2.9579668635556348e-40,2.2427375656154646e-38,0.4260869565217391,Significant
Adgrd1,13.071631,1.4755169,4.782854230000069e-39,3.491544906544025e-37,0.4608695652173913,Significant
Man1a,13.032972,1.3667251,7.945136193268768e-39,5.785217391060318e-37,0.5019762845849802,Significant
Pdgfra,12.998598,2.313075,1.2460707308683376e-38,9.006502171705004e-37,0.3138339920948617,Significant
Col4a5,12.971677,1.9190937,1.7711293178736184e-38,1.27175125459069e-36,0.3612648221343874,Significant
Cyth3,12.828347,1.7609328,1.1376550915704132e-37,7.997434391248259e-36,0.4023715415019763,Significant
Maml3,12.80479,1.7075458,1.5414330808198778e-37,1.0795909108851742e-35,0.40632411067193674,Significant
Adamtsl1,12.776429,1.279803,2.220322114034862e-37,1.5512559692669824e-35,0.5446640316205533,Significant
Peak1,12.73072,1.2481112,3.99142824168385e-37,2.768281553102559e-35,0.4956521739130435,Significant
Fstl1,12.685333,1.8662616,7.130975207979387e-37,4.880346866797527e-35,0.35968379446640314,Significant
Eps8,12.505033,1.9344527,7.007099761378144e-36,4.655674066658493e-34,0.34466403162055337,Significant
Dchs2,12.44328,3.3491738,1.5212644509424798e-35,9.911020492118506e-34,0.25533596837944667,Significant
Opcml,12.421424,2.3231673,1.9996955915416475e-35,1.295388699408111e-33,0.3130434782608696,Significant
Hexb,12.385227,1.7657946,3.1419524011936996e-35,2.0238225302756837e-33,0.3786561264822134,Significant
Plekha5,12.235029,1.1346318,2.020328668223649e-34,1.2711550795284288e-32,0.5154150197628459,Significant
Sh3rf1,12.201536,1.4543234,3.050162465127579e-34,1.9064687258707958e-32,0.4458498023715415,Significant
Fap,12.182041,2.7298129,3.874613981397576e-34,2.4191271350302567e-32,0.27430830039525694,Significant
Galnt17,12.025036,3.0395532,2.624745836921568e-33,1.5984561786112405e-31,0.25612648221343876,Significant
Srgap2,11.946237,1.1887544,6.793206938764603e-33,4.106284461785513e-31,0.4932806324110672,Significant
Gabra3,11.931492,2.2861383,8.110698577050914e-33,4.8922805897866105e-31,0.2972332015810277,Significant
Frmd4b,11.925868,1.4204113,8.67748795170433e-33,5.228622660931177e-31,0.42213438735177866,Significant
Eda,11.843524,1.0917604,2.3247487737199543e-32,1.3846602502551039e-30,0.5446640316205533,Significant
Pde11a,11.7812805,3.1834464,4.8746978828681686e-32,2.8733972272090725e-30,0.25375494071146243,Significant
Map1b,11.766118,2.187917,5.834832504243166e-32,3.435793150197623e-30,0.30039525691699603,Significant
Myof,11.488849,1.7419603,1.5009832420603232e-30,8.487337317393928e-29,0.33438735177865614,Significant
Ank3,11.369777,3.3935478,5.913885571887385e-30,3.282091211976994e-28,0.23636363636363636,Significant
C1qtnf7,11.319352,2.6295416,1.0524733633522687e-29,5.784641484810959e-28,0.25612648221343876,Significant
Aff3,11.305468,2.597989,1.232958626333133e-29,6.763573905783711e-28,0.2624505928853755,Significant
Ccnd3,11.267259,1.9876683,1.9040597129102058e-29,1.0345330545116415e-27,0.31146245059288535,Significant
Dpep1,11.106923,2.4920223,1.1609065318003395e-28,6.0812492021382826e-27,0.258498023715415,Significant
Ccbe1,11.105571,1.282771,1.1786124303678422e-28,6.16266027525944e-27,0.4442687747035573,Significant
Hdac7,11.104596,2.3286257,1.1915514358880168e-28,6.224599111091703e-27,0.26798418972332017,Significant
Dpysl3,11.079195,2.4819353,1.582890448846243e-28,8.216168190314852e-27,0.2608695652173913,Significant
Abca8b,11.002327,2.6208081,3.7239601390650394e-28,1.9155014839973118e-26,0.2545454545454545,Significant
Mcu,10.977478,1.4488214,4.904249844122559e-28,2.4955575547290672e-26,0.391304347826087,Significant
Gpc3,10.945034,1.9750694,7.0191292019391e-28,3.562176790442195e-26,0.2932806324110672,Significant
Rtl4,10.862388,3.935676,1.741357759961768e-27,8.705412836697369e-26,0.2134387351778656,Significant
Or5m3b,10.814922,1.7506276,2.9253922703276764e-27,1.454801408425574e-25,0.32806324110671936,Significant
Cadps,10.809393,3.1531973,3.10718580931752e-27,1.5425132272741843e-25,0.22529644268774704,Significant
Ldb2,10.728429,2.9295585,7.485847134278791e-27,3.66195551265437e-25,0.2308300395256917,Significant
Vcan,10.596238,2.4107492,3.102078272297955e-26,1.470736377209974e-24,0.25138339920948616,Significant
Wt1,10.517271,1.3904605,7.19264060747936e-26,3.3736091336942526e-24,0.36205533596837947,Significant
Col6a5,10.51676,2.1234834,7.231763272841413e-26,3.389167345834263e-24,0.2766798418972332,Significant
Vit,10.494043,2.4903114,9.20048095239824e-26,4.290619049226111e-24,0.2450592885375494,Significant
Slc43a3,10.261851,1.6513565,1.0468004271612428e-24,4.6970735321503804e-23,0.3185770750988142,Significant
Reps2,10.260439,2.625132,1.0622282636934153e-24,4.762546422280847e-23,0.2339920948616601,Significant
Apbb1ip,10.209059,2.324363,1.8060793429883226e-24,8.015585648409827e-23,0.25612648221343876,Significant
Col6a3,10.207794,1.9821663,1.829769739311463e-24,8.114401769948132e-23,0.27509881422924903,Significant
Cdon,10.190816,1.0870632,2.1792805413435624e-24,9.619411884080914e-23,0.48774703557312254,Significant
Rftn1,10.041028,2.1762002,1.0061994210706148e-23,4.294902641317982e-22,0.2490118577075099,Significant
Pdgfd,10.005261,1.4158202,1.4450982688279854e-23,6.136117861695326e-22,0.34782608695652173,Significant
Setbp1,10.00175,1.0186386,1.4972772810183807e-23,6.352940809125754e-22,0.4790513833992095,Significant
Hecw2,9.93107,2.967277,3.049640852522844e-23,1.2702969991477927e-21,0.21027667984189724,Significant
Ntn1,9.814231,1.7725567,9.778057358373137e-23,3.9515426830597925e-21,0.28537549407114626,Significant
Amph,9.767096,3.4075918,1.55855679304357e-22,6.240912964324466e-21,0.1984189723320158,Significant
Greb1l,9.69647,1.5772126,3.1210970765404053e-22,1.2375932356217773e-20,0.31067193675889326,Significant
Vav3,9.654932,2.6463134,4.684713709941258e-22,1.8396709197087254e-20,0.22134387351778656,Significant
Cep112,9.568559,1.4550718,1.0840657744681177e-21,4.1963147018347446e-20,0.33438735177865614,Significant
Mill2,9.441507,1.898915,3.674532127150631e-21,1.3828918298221023e-19,0.2616600790513834,Significant
Flrt2,9.368474,1.0566268,7.358875473703481e-21,2.7356516979603996e-19,0.4300395256916996,Significant
Tgfbr2,9.148215,1.2284989,5.788172438090566e-20,2.057330379508832e-18,0.3723320158102767,Significant
Itgbl1,9.114158,2.3214674,7.92842145400557e-20,2.7901869345644696e-18,0.22687747035573122,Significant
Abca6,8.987557,2.0129957,2.527859430660333e-19,8.671014689230724e-18,0.23241106719367588,Significant
Ifi204,8.90403,2.0955188,5.385510032187896e-19,1.8145344777681124e-17,0.22529644268774704,Significant
Arhgap20,8.80768,1.7683573,1.2776212534217975e-18,4.232055368882523e-17,0.25612648221343876,Significant
Smoc2,8.800758,1.9265181,1.3589462480065106e-18,4.488385052653058e-17,0.23636363636363636,Significant
Adam19,8.778317,2.1829128,1.6593826135605368e-18,5.467992210575841e-17,0.21976284584980238,Significant
Garnl3,8.729958,1.6803086,2.5476738348015794e-18,8.332400679347315e-17,0.3075098814229249,Significant
Csgalnact1,8.721623,1.7254182,2.742413538249742e-18,8.948754686617682e-17,0.266403162055336,Significant
Rassf2,8.62592,2.1735263,6.357950903389712e-18,2.0327236518243325e-16,0.22845849802371543,Significant
Col14a1,8.566918,2.1147933,1.0629117301444457e-17,3.364272197118115e-16,0.216600790513834,Significant
Asap3,8.540764,2.270434,1.3333700122150957e-17,4.1969829665859465e-16,0.21027667984189724,Significant
Phldb2,8.493306,1.8461217,2.0084047577262402e-17,6.280097490922012e-16,0.2300395256916996,Significant
Gm46323,8.493132,3.0656977,2.0114307156869957e-17,6.286107375517741e-16,0.17707509881422925,Significant
Axl,8.492768,1.8918362,2.0177297781818163e-17,6.302334136009369e-16,0.22371541501976286,Significant
Adamts2,8.490992,1.0920409,2.0488064705298423e-17,6.395893050353057e-16,0.4,Significant
Shb,8.442243,1.4615031,3.113072762875741e-17,9.633775879940627e-16,0.308300395256917,Significant
Adamts15,8.402325,2.5415382,4.377246483531757e-17,1.342913750101195e-15,0.20237154150197628,Significant
Astn2,8.343236,2.7411702,7.228473011098059e-17,2.189342987898588e-15,0.18893280632411066,Significant
Fn1,8.315185,1.5651273,9.160937407913104e-17,2.764350487249497e-15,0.2766798418972332,Significant
Sulf1,8.251562,1.023141,1.5633755284292295e-16,4.663183130659443e-15,0.38023715415019765,Significant
Plekhh2,8.246409,1.3867221,1.6322511450031626e-16,4.860983914624743e-15,0.2790513833992095,Significant
Wsb1,8.243086,1.5762581,1.678247489416396e-16,4.990135263439112e-15,0.27430830039525694,Significant
Sobp,8.240187,3.01212,1.7194200988081906e-16,5.107224822443254e-15,0.17312252964426877,Significant
Ksr1,8.209775,1.2479806,2.2160422022495273e-16,6.53462760426154e-15,0.341501976284585,Significant
Gdf10,8.206121,3.636651,2.2844759938372543e-16,6.7259745380086404e-15,0.16284584980237155,Significant
Rian,8.188222,2.0802066,2.6511437011645395e-16,7.773366297013905e-15,0.20869565217391303,Significant
Pla2r1,8.0833025,1.6849849,6.30360839314676e-16,1.813712812097876e-14,0.2300395256916996,Significant
Plekhg1,8.047657,2.6314282,8.439436486704716e-16,2.4136110145125726e-14,0.18023715415019761,Significant
Itga9,8.008318,2.40196,1.1628813445464164e-15,3.297590968118402e-14,0.1865612648221344,Significant
Vegfc,7.9858904,2.298952,1.39511704161059e-15,3.934589374261942e-14,0.19604743083003953,Significant
Gm10115,7.979076,2.1608713,1.4743281427656812e-15,4.147713378321178e-14,0.2007905138339921,Significant
Rgs6,7.9108386,2.7608025,2.5566114548143436e-15,7.136079061205075e-14,0.17549407114624507,Significant
Lrrk1,7.9060016,1.3736533,2.6578732376503357e-15,7.404982756636993e-14,0.27035573122529644,Significant
Parp8,7.861887,1.767013,3.783896624634626e-15,1.0438898144540708e-13,0.21739130434782608,Significant
Penk,7.849193,3.227533,4.187219873814937e-15,1.1479272356037377e-13,0.16126482213438736,Significant
Prex2,7.7782717,2.1570919,7.352204148330124e-15,1.9859670607688123e-13,0.20316205533596837,Significant
Gpm6b,7.7594767,2.521361,8.528048481931323e-15,2.291626279422612e-13,0.17865612648221343,Significant
Cacna1a,7.7206826,1.2095329,1.1570816257814074e-14,3.0845217628098834e-13,0.30513833992094863,Significant
Prdm5,7.6815863,1.4372922,1.5713075073371406e-14,4.1548430711219e-13,0.2616600790513834,Significant
Spsb1,7.6542077,1.6695825,1.945076521468301e-14,5.120416190888882e-13,0.24031620553359684,Significant
Sdc2,7.6304417,1.223032,2.339508626380525e-14,6.133239442667287e-13,0.32964426877470354,Significant
Aig1,7.6255918,1.6220031,2.4291783921346204e-14,6.359533187427008e-13,0.23794466403162054,Significant
Iqgap2,7.573088,2.11591,3.6445466695929904e-14,9.463024711048539e-13,0.1976284584980237,Significant
Septin11,7.566388,2.1977975,3.8374407601914067e-14,9.918643410170626e-13,0.19051383399209487,Significant
Runx1t1,7.485511,1.2759676,7.126935795924251e-14,1.8068337095090062e-12,0.2727272727272727,Significant
Mageb18,7.4160895,1.6418823,1.2062908485473273e-13,3.0112848402951936e-12,0.23241106719367588,Significant
Bbs9,7.3783717,1.4398515,1.6023703336839451e-13,3.9721623495993696e-12,0.2592885375494071,Significant
Spred1,7.364696,1.3878808,1.7755101681247284e-13,4.387991514027351e-12,0.2719367588932806,Significant
Prrx1,7.3449593,1.4859278,2.0582170456791356e-13,5.058132792318328e-12,0.2458498023715415,Significant
Apba1,7.3089232,1.9037144,2.692912586889178e-13,6.575348868355775e-12,0.20711462450592885,Significant
Ntrk3,7.265656,2.10583,3.712320933420909e-13,8.953124365519693e-12,0.19209486166007905,Significant
Clec3b,7.2401004,1.2646099,4.4835202736669415e-13,1.0735749701550434e-11,0.2671936758893281,Significant
Pld1,7.23706,1.1870328,4.585151550348889e-13,1.0965271500563466e-11,0.291699604743083,Significant
Dpysl2,7.168217,1.515904,7.598074707503159e-13,1.795940107596253e-11,0.22371541501976286,Significant
Abca9,7.1408453,2.0277314,9.275863394791795e-13,2.1789477622229353e-11,0.183399209486166,Significant
Ifi205,7.041826,2.6717582,1.897371778168918e-12,4.3423732484210754e-11,0.1549407114624506,Significant
Ptprj,7.015281,1.396358,2.2948670295339585e-12,5.208131667145999e-11,0.26403162055335966,Significant
Gfpt2,7.009301,1.721684,2.395114482549138e-12,5.4291486365776455e-11,0.1992094861660079,Significant
Robo1,7.000953,2.3812084,2.542270937984162e-12,5.7467030361157674e-11,0.16600790513833993,Significant
Nhsl1,6.948934,1.4846674,3.680565157354171e-12,8.234776448915671e-11,0.21739130434782608,Significant
Hmcn1,6.9260826,2.8926117,4.326532070305058e-12,9.623322758407824e-11,0.14782608695652175,Significant
Spred2,6.902855,1.4233143,5.096768731780546e-12,1.1270489644905479e-10,0.24980237154150198,Significant
Nhs,6.9009514,2.1026258,5.165548390220339e-12,1.1418147938180758e-10,0.1715415019762846,Significant
Col4a6,6.890424,1.302745,5.5626493699465735e-12,1.2262594571201233e-10,0.24110671936758893,Significant
Rcan2,6.8695297,1.7367177,6.4413818026593214e-12,1.4150413627516376e-10,0.19604743083003953,Significant
Slc25a21,6.7950096,2.5149734,1.0830542959021131e-11,2.337763254850729e-10,0.15889328063241107,Significant
Nxpe4,6.792877,2.1180985,1.0991907304880428e-11,2.369898499989385e-10,0.16758893280632411,Significant
Eeig2,6.7901525,1.3304223,1.1201496839757671e-11,2.4123465641174037e-10,0.2600790513833992,Significant
Dcdc2a,6.714704,2.93974,1.884485187931529e-11,3.9875314413232703e-10,0.1509881422924901,Significant
Slco3a1,6.7004967,1.2404203,2.0771229484091567e-11,4.3772560253651294e-10,0.2727272727272727,Significant
Col6a2,6.6922765,1.5879096,2.1972527443150366e-11,4.6184484501307675e-10,0.20869565217391303,Significant
Tox,6.6864643,2.382234,2.2862671081540214e-11,4.802004256930952e-10,0.16363636363636364,Significant
Gucy1a2,6.667865,2.4258811,2.5955211309080186e-11,5.427527312340561e-10,0.1533596837944664,Significant
Pknox2,6.6286535,2.0251703,3.38762611975328e-11,7.03225734177439e-10,0.16679841897233202,Significant
Wt1os,6.617554,1.3227038,3.6519036794957785e-11,7.553325369203383e-10,0.22134387351778656,Significant
Slc16a9,6.6145606,2.8127136,3.726566621326321e-11,7.702157168237461e-10,0.14624505928853754,Significant
Fyb2,6.6092396,2.8402147,3.862986533875843e-11,7.972537739232489e-10,0.14545454545454545,Significant
Pcdh19,6.494822,2.1053832,8.313155954761787e-11,1.6756085423720031e-09,0.16126482213438736,Significant
Fndc1,6.439063,1.6323758,1.2021330788490592e-10,2.390036998699172e-09,0.19051383399209487,Significant
A830012C17Rik,6.4333587,3.5010262,1.2481471595641786e-10,2.47547012931884e-09,0.12806324110671938,Significant
Tshz3,6.4149404,1.5113893,1.4087798788692951e-10,2.7843573440713824e-09,0.2015810276679842,Significant
Atp8b1,6.392829,2.235337,1.6284423776026422e-10,3.206263396371786e-09,0.15810276679841898,Significant
Man1c1,6.342566,1.6847548,2.2596963493729069e-10,4.407994855417701e-09,0.18972332015810275,Significant
Xkr4,6.322197,1.4100267,2.5787067275465387e-10,5.0131150485909e-09,0.21422924901185772,Significant
Septin8,6.3045793,1.7115091,2.8897815242822234e-10,5.598742761965093e-09,0.17786561264822134,Significant
Ror2,6.172638,1.6238421,6.715989249915103e-10,1.2637645204210705e-08,0.17707509881422925,Significant
Fam171a1,6.131967,1.7773907,8.679901463024446e-10,1.6204664564133608e-08,0.17944664031620552,Significant
Hpgd,6.1247225,1.8632103,9.084189107126593e-10,1.6931679605528488e-08,0.17865612648221343,Significant
Farp1,6.1155334,1.0141404,9.6234526886072e-10,1.7913338330891877e-08,0.3130434782608696,Significant
Mamld1,6.114114,2.0386894,9.709486757879866e-10,1.806757795687704e-08,0.16600790513833993,Significant
Adamtsl3,6.098178,2.7697942,1.072842268783639e-09,1.9918067044932893e-08,0.13280632411067195,Significant
Smpd3,6.073201,1.302917,1.2538527241970037e-09,2.313532986665638e-08,0.2189723320158103,Significant
Eml1,6.017173,1.4311664,1.7748951792935482e-09,3.242358242032529e-08,0.1857707509881423,Significant
Snx24,5.9594493,1.0198662,2.530891314563959e-09,4.5604899475502024e-08,0.2972332015810277,Significant
Fam124a,5.868186,2.290499,4.405894056404165e-09,7.800871065476043e-08,0.14150197628458497,Significant
A4galt,5.862831,2.1895096,4.550407967837935e-09,8.041737433167594e-08,0.1399209486166008,Significant
Trim2,5.8606653,1.6795659,4.610168409123429e-09,8.139770523531694e-08,0.16996047430830039,Significant
Nrep,5.860497,2.1042461,4.614840012619861e-09,8.145493030334392e-08,0.15573122529644268,Significant
Mmp14,5.8476486,2.1082532,4.985703813908875e-09,8.772897431019322e-08,0.14466403162055336,Significant
Akap12,5.8189044,1.5644351,5.923452218419086e-09,1.0371687969526481e-07,0.2,Significant
Ubtd2,5.772294,1.2414008,7.819950785723537e-09,1.35465718798261e-07,0.2276679841897233,Significant
Cdh13,5.7549453,2.5704026,8.666981164481945e-09,1.4950214313443392e-07,0.13280632411067195,Significant
Sh3pxd2b,5.7374687,1.6510582,9.61019014033012e-09,1.6522156907624918e-07,0.17391304347826086,Significant
Dmd,5.7330966,1.0680827,9.861351489709982e-09,1.6943730089788053e-07,0.2766798418972332,Significant
Klhl29,5.616405,1.0728883,1.9497118603950516e-08,3.271987711251242e-07,0.24031620553359684,Significant
Ggt5,5.6095033,1.79477,2.0290804152348448e-08,3.398172585996685e-07,0.16442687747035573,Significant
Abat,5.595693,1.657035,2.19742145960848e-08,3.6708105565137754e-07,0.16521739130434782,Significant
Pkhd1,5.5934463,3.146198,2.22606101624447e-08,3.7149513577367046e-07,0.11857707509881422,Significant
Mrc2,5.5698485,2.2258055,2.5496110887694037e-08,4.2350468204672873e-07,0.1359683794466403,Significant
Arhgef10l,5.569384,1.9980357,2.556411889658475e-08,4.245104969642555e-07,0.1422924901185771,Significant
Eln,5.569115,1.2077565,2.5603624403824875e-08,4.250425589440794e-07,0.22292490118577074,Significant
Tmtc2,5.5465465,1.0816392,2.91367255725441e-08,4.814493008781873e-07,0.26877470355731226,Significant
Adcy8,5.5375323,2.5848205,3.067629264653699e-08,5.057147595791728e-07,0.12727272727272726,Significant
Anxa3,5.511634,1.1361022,3.555177983567253e-08,5.842291185059247e-07,0.2134387351778656,Significant
Tusc3,5.4924827,1.3022149,3.9632292235573264e-08,6.484776874097061e-07,0.20553359683794467,Significant
Tek,5.459554,1.9694788,4.773311956254696e-08,7.76119806113931e-07,0.13754940711462452,Significant
Ptgis,5.4416137,1.1347673,5.280006198569053e-08,8.550876932671231e-07,0.2150197628458498,Significant
Dlg4,5.438035,2.0354505,5.387138068848228e-08,8.714461044837697e-07,0.1359683794466403,Significant
Arhgap31,5.3761005,1.5307101,7.611627356947154e-08,1.2147244207733405e-06,0.17312252964426877,Significant
Dennd2a,5.3669252,1.2805613,8.009028337912866e-08,1.2763562345062875e-06,0.21976284584980238,Significant
Vgll3,5.330082,1.4156259,9.816844687002126e-08,1.5538757298567825e-06,0.1715415019762846,Significant
Far1,5.3100023,1.1014016,1.096239016193482e-07,1.7225594326882628e-06,0.25059288537549407,Significant
Ppp2r2b,5.3006854,1.353416,1.1536869086049e-07,1.807210076007472e-06,0.18181818181818182,Significant
Steap3,5.2891016,1.3578055,1.229184816788966e-07,1.9223019130123733e-06,0.19683794466403162,Significant
Dpt,5.2683024,1.7404239,1.3769126361643147e-07,2.1362031892184722e-06,0.15019762845849802,Significant
Fam114a1,5.253207,1.2981977,1.4947328669146837e-07,2.309676639755468e-06,0.19604743083003953,Significant
Plcxd3,5.2433524,1.3709196,1.5768510584403547e-07,2.430630106081544e-06,0.18023715415019761,Significant
Dusp1,5.218786,2.2890248,1.8010005941813488e-07,2.761194798957463e-06,0.12806324110671938,Significant
Zc3h12b,5.2052174,1.3733127,1.9376950815962554e-07,2.960405034643745e-06,0.17865612648221343,Significant
Uaca,5.1798167,1.8449785,2.2210393291507797e-07,3.371586255429873e-06,0.14703557312252966,Significant
L3mbtl4,5.1528754,3.9780197,2.565221319996388e-07,3.8754647700163e-06,0.09881422924901186,Significant
Spon1,5.1428323,1.349272,2.7062708387858994e-07,4.080979020956247e-06,0.2189723320158103,Significant
Nox4,5.1077247,2.5493035,3.260611613888494e-07,4.885854892274336e-06,0.11383399209486166,Significant
Pappa,5.101886,2.7694838,3.3628564449373527e-07,5.031656149503899e-06,0.11067193675889328,Significant
Col4a4,5.059715,1.4147981,4.1988368264804997e-07,6.218100591329679e-06,0.16205533596837945,Significant
Zdhhc1,5.0585713,1.4339805,4.224091124063251e-07,6.250622991041725e-06,0.18972332015810275,Significant
1700025G04Rik,5.051145,1.5965117,4.3916973933660903e-07,6.490206106297912e-06,0.1509881422924901,Significant
5330432J10Rik,5.0312333,1.844794,4.873346261226279e-07,7.183360327737137e-06,0.14782608695652175,Significant
Gm54867,4.967866,2.863863,6.769369300773533e-07,9.828012681166389e-06,0.11304347826086956,Significant
Elmo1,4.9556165,1.045699,7.210134431534354e-07,1.0428048378613098e-05,0.22134387351778656,Significant
Stxbp6,4.9412546,1.524833,7.762151240047967e-07,1.120366676196632e-05,0.17312252964426877,Significant
Fbln2,4.9379315,1.2631116,7.895560082289516e-07,1.139333721859218e-05,0.17391304347826086,Significant
Stard9,4.8919463,1.5030173,9.984363046452776e-07,1.424861193554054e-05,0.1565217391304348,Significant
Niban2,4.8473,1.7207189,1.2515305389946486e-06,1.7670072011131733e-05,0.15019762845849802,Significant
Atp10a,4.8417573,1.1030903,1.2869601147143832e-06,1.814779492123618e-05,0.22845849802371543,Significant
Itga11,4.8274693,2.239437,1.3827905910772746e-06,1.9460573170175754e-05,0.11620553359683794,Significant
Pde10a,4.8251753,1.4322526,1.3988015001280587e-06,1.9681036871458313e-05,0.15019762845849802,Significant
Abi2,4.817076,1.1941164,1.4567708799611856e-06,2.0466318942973073e-05,0.20474308300395258,Significant
Myo1e,4.789032,1.5562977,1.6758793950404547e-06,2.3423232359597084e-05,0.13754940711462452,Significant
Tnik,4.7791905,2.2438605,1.7600250837341143e-06,2.4551099532803575e-05,0.11541501976284585,Significant
Plpp1,4.7538433,1.0383211,1.9958561246023182e-06,2.7664567573266944e-05,0.20711462450592885,Significant
Sema3e,4.750702,2.6811645,2.02711697302155e-06,2.8084201352997583e-05,0.10513833992094862,Significant
Agpat4,4.7431207,1.8866005,2.1045070474776306e-06,2.9113881387372152e-05,0.1241106719367589,Significant
Tpst1,4.739865,1.423071,2.1386069096226752e-06,2.9578434792524836e-05,0.1549407114624506,Significant
Plod2,4.7306156,1.3387915,2.2384012651766088e-06,3.087616435087725e-05,0.16679841897233202,Significant
Trpm3,4.728759,1.8537463,2.2589646028998675e-06,3.113583545323656e-05,0.14545454545454545,Significant
Slc16a2,4.7179823,1.5985063,2.381950834783493e-06,3.2761029585363985e-05,0.15573122529644268,Significant
Slfn5,4.7155943,1.4671978,2.4100616052034658e-06,3.3123658668088477e-05,0.14782608695652175,Significant
Timp3,4.714289,1.2496086,2.425557848195063e-06,3.3328593010153254e-05,0.17944664031620552,Significant
A230057D06Rik,4.6753206,2.6319175,2.9349489713536468e-06,3.99806051143177e-05,0.1067193675889328,Significant
Fmn1,4.635262,1.2294048,3.5648586214555628e-06,4.810109354604294e-05,0.16284584980237155,Significant
Bmp6,4.6348042,1.9771819,3.572750371502475e-06,4.819615704897476e-05,0.11778656126482213,Significant
Bmpr1b,4.6308355,1.1985016,3.6419296624241577e-06,4.9082867907241174e-05,0.1826086956521739,Significant
Gxylt2,4.627331,1.5878794,3.7040846431595667e-06,4.98497479712004e-05,0.13438735177865613,Significant
Galnt15,4.627149,1.4516573,3.7073332876408607e-06,4.9869894810195666e-05,0.14466403162055336,Significant
Plau,4.607204,2.616737,4.081194722334676e-06,5.471799121367054e-05,0.10197628458498023,Significant
Zfp804b,4.59558,4.0480285,4.315472049121539e-06,5.775024534642293e-05,0.08774703557312254,Significant
Fbln5,4.583909,1.612141,4.563632616312593e-06,6.0842379959132596e-05,0.13043478260869565,Significant
Nfatc2,4.5746527,2.9713974,4.77010724695385e-06,6.341230457223154e-05,0.09802371541501977,Significant
Lrrc17,4.5313516,2.4363077,5.860747927867368e-06,7.70046388923159e-05,0.10197628458498023,Significant
Zfp618,4.531338,1.8826785,5.861121247594828e-06,7.70046388923159e-05,0.11857707509881422,Significant
Sema6a,4.4877415,1.8856511,7.198227080741562e-06,9.345058098597932e-05,0.11620553359683794,Significant
Ralgps2,4.477994,2.010186,7.534771343285589e-06,9.770836143430307e-05,0.11936758893280633,Significant
Lvrn,4.467574,1.0150208,7.911162373813875e-06,0.00010237943107439451,0.1841897233201581,Significant
Itga5,4.4517994,2.226413,8.515365028070708e-06,0.00010977437175987643,0.11304347826086956,Significant
Phactr1,4.447797,1.0750294,8.675544987051175e-06,0.00011168758921720121,0.18893280632411066,Significant
Sh3rf3,4.4307513,1.6342336,9.3905432055659e-06,0.00012023991919679061,0.12806324110671938,Significant
Pla1a,4.3723617,1.6361872,1.2290966489331198e-05,0.00015552442730422394,0.12490118577075099,Significant
Gm33869,4.346692,2.300723,1.3820612419255195e-05,0.00017399060176095734,0.10197628458498023,Significant
Dgkh,4.239351,1.466041,2.241669259123733e-05,0.000275805724467944,0.14703557312252966,Significant
Arhgap15,4.237676,1.8032752,2.2584536231400577e-05,0.0002774511494179461,0.12648221343873517,Significant
Fmo2,4.225534,1.1810646,2.3837485709875632e-05,0.0002913351092092785,0.16679841897233202,Significant
Dnm1,4.204472,2.1096725,2.6169222352686003e-05,0.0003180579914587607,0.10039525691699605,Significant
Il1rl2,4.1777463,2.5742018,2.9441194277077154e-05,0.0003566832007087341,0.0932806324110672,Significant
Rtn1,4.1689677,1.3932394,3.0598249562145615e-05,0.00036983547618724973,0.1399209486166008,Significant
Pcdh9,4.1345325,2.5932796,3.556776786851602e-05,0.0004261023080583149,0.09249011857707509,Significant
Naalad2,4.131492,1.7398323,3.604160753562741e-05,0.00043150655481206067,0.11541501976284585,Significant
Glipr2,4.1157107,2.7547684,3.859879905421408e-05,0.00046009089741385885,0.08774703557312254,Significant
Rmst,4.1105986,2.3772762,3.946350684870307e-05,0.00046980797480075296,0.09802371541501977,Significant
Has2os,4.1073627,2.2394178,4.0020242092647564e-05,0.00047613719285362414,0.09565217391304348,Significant
Spats2l,4.093142,1.5009688,4.2556669013043624e-05,0.0005050477887185737,0.12648221343873517,Significant
Egr1,4.0895095,2.1983228,4.322861665533744e-05,0.0005124881659320361,0.09565217391304348,Significant
Sgip1,4.0744143,2.674789,4.6130262005128334e-05,0.0005449591802560191,0.09011857707509881,Significant
Gk5,4.0670147,1.0058092,4.761919979880972e-05,0.0005617329305456855,0.20948616600790515,Significant
Ms4a4d,4.0636916,1.6094794,4.8302592733177664e-05,0.0005690870955555286,0.11620553359683794,Significant
Arsj,4.0356946,2.2061853,5.444101381708509e-05,0.0006375824285805517,0.09644268774703557,Significant
Mfhas1,4.024918,1.1009264,5.6995161428006446e-05,0.0006659884028056874,0.15256916996047432,Significant
Hpca,3.9990127,3.88039,6.360723909860274e-05,0.0007370492066572118,0.0766798418972332,Significant
Dtnb,3.997829,1.0600045,6.392613877745441e-05,0.0007401419821323773,0.1707509881422925,Significant
Gnao1,3.997183,2.064965,6.410072133018356e-05,0.0007417108663405775,0.11067193675889328,Significant
Ets1,3.9885995,2.0501168,6.64645006309108e-05,0.0007673469445305539,0.10039525691699605,Significant
Sp100,3.9874358,1.0650063,6.679126068103113e-05,0.0007706506939085296,0.15889328063241107,Significant
Aox3,3.9804196,1.9450799,6.879370335022088e-05,0.0007921501036329479,0.09802371541501977,Significant
Lrrc49,3.9756167,1.5054352,7.019711176600881e-05,0.0008068416917780193,0.12015810276679842,Significant
Gm15675,3.9703362,1.7187513,7.17713180702633e-05,0.0008237715424791096,0.12173913043478261,Significant
Enah,3.969502,2.1753244,7.202301602414493e-05,0.0008263273333529794,0.09644268774703557,Significant
Dnm3os,3.9435833,2.61635,8.027310342229609e-05,0.0009171008792072555,0.08616600790513834,Significant
Dapk2,3.9386928,2.4600835,8.192674100829513e-05,0.0009352426944172681,0.09011857707509881,Significant
Frmd4a,3.8841915,1.8886664,0.00010267092844264649,0.0011601876039795064,0.10513833992094862,Significant
Epb41l3,3.8786688,1.574501,0.00010502963127497352,0.0011849598245350242,0.11067193675889328,Significant
Slc9a9,3.8708656,1.8445293,0.00010844956567966882,0.0012213660441784064,0.1075098814229249,Significant
Jam2,3.8488889,2.7145207,0.00011865481169427949,0.0013326082115747472,0.08458498023715415,Significant
Chsy3,3.8485188,1.6278418,0.00011883412753584662,0.0013343589146161787,0.12885375494071147,Significant
Foxp2,3.8452563,1.0988902,0.00012042646619676575,0.0013509068975000077,0.20474308300395258,Significant
Crispld2,3.8397605,1.4178004,0.00012315439301109016,0.0013790627910411966,0.12806324110671938,Significant
Rfx2,3.8277194,1.7766418,0.0001293360955045129,0.0014451582837759947,0.11462450592885376,Significant
2900026A02Rik,3.8229568,1.3758049,0.00013186092208835633,0.0014719256547016462,0.12094861660079051,Significant
Shroom4,3.8120928,1.9090562,0.000137795110629719,0.0015342572143853793,0.10197628458498023,Significant
Fam13c,3.8101218,1.0625775,0.0001388983230308809,0.001545634045671563,0.16363636363636364,Significant
Flnb,3.8057427,1.0021268,0.0001413793373829642,0.0015707865073021198,0.1565217391304348,Significant
Pear1,3.8036304,2.3636339,0.00014259088283195335,0.0015839382480168271,0.08853754940711463,Significant
Pdgfrb,3.792948,1.5932646,0.00014886928116469655,0.0016482142210381074,0.10592885375494071,Significant
Ntn4,3.7652805,1.3247745,0.00016636227217014783,0.0018290855647114092,0.1233201581027668,Significant
Cnn3,3.745416,1.6319461,0.00018009515809791097,0.0019690473113005277,0.1075098814229249,Significant
Pdpn,3.7239907,1.2487661,0.00019609808525816752,0.0021333628339100723,0.12964426877470356,Significant
Klhl13,3.6825733,1.0435058,0.00023089140549716262,0.0024885836684485968,0.1992094861660079,Significant
Nrcam,3.6733105,2.671762,0.00023942832341927018,0.0025732895741443305,0.08063241106719368,Significant
Gm10125,3.6709023,1.4820839,0.0002416958160144186,0.002596189673585552,0.13122529644268774,Significant
Cyp1b1,3.669133,1.9663224,0.0002433744192377866,0.0026132345475803898,0.09407114624505929,Significant
Postn,3.661155,2.7208924,0.00025108085163507587,0.0026914146786432332,0.07984189723320158,Significant
Ptgfrn,3.6402678,1.3769709,0.0002723544553099913,0.0029014284452397033,0.11620553359683794,Significant
Gm11867,3.6400864,1.0706948,0.0002725466422128747,0.0029029327261959033,0.19288537549407114,Significant
Thsd4,3.6297808,1.0469877,0.0002836620640239118,0.0030134331320122313,0.15019762845849802,Significant
Rem1,3.6271372,2.644277,0.00028658116924965276,0.0030410395747753403,0.07984189723320158,Significant
Plekha2,3.618594,1.3001757,0.00029620798814054394,0.003136763818618321,0.14703557312252966,Significant
Clic6,3.6163876,3.3656008,0.0002987430486702262,0.0031630211852605706,0.07272727272727272,Significant
Shisa9,3.6146116,2.911608,0.0003007982075490889,0.0031818225406005335,0.07588932806324111,Significant
Pamr1,3.6057725,2.460434,0.00031122572341398485,0.003284801467454256,0.08142292490118577,Significant
Olfml2b,3.604279,1.7192506,0.00031302052413566955,0.0033031322581188213,0.09802371541501977,Significant
Fgf13,3.5969267,2.4911153,0.00032199925843009764,0.003392849699161397,0.08853754940711463,Significant
Egflam,3.588841,2.2553613,0.00033215144057887296,0.0034940024345098105,0.09249011857707509,Significant
Gm36962,3.5763557,3.5308607,0.0003484173468930851,0.003653727886047235,0.07035573122529644,Significant
Cdc14a,3.5662723,1.3635873,0.00036209526108023024,0.0037900857097737848,0.13754940711462452,Significant
B830012L14Rik,3.5610993,1.8859967,0.00036930546380281365,0.0038598792977966247,0.09011857707509881,Significant
Tmod2,3.5500536,2.275375,0.0003851525952687785,0.004015926373777607,0.08142292490118577,Significant
Inmt,3.5442283,2.436008,0.0003937642618141545,0.004101212883109525,0.08063241106719368,Significant
Pi15,3.532806,2.9859571,0.00041117415223683625,0.0042778489681194395,0.07351778656126483,Significant
Megf10,3.531326,3.9924319,0.0004134817441514724,0.004298258582717924,0.06798418972332015,Significant
Slco2a1,3.5153027,1.3643692,0.0004392531863398494,0.004547548306068612,0.12173913043478261,Significant
Gm32618,3.503201,1.6166174,0.0004597025617773523,0.004745453874213963,0.10513833992094862,Significant
Ston2,3.4897337,1.2729344,0.00048350209514004,0.00497939822741346,0.11778656126482213,Significant
Clcn5,3.4885833,1.1162949,0.0004855873091619645,0.004999064720844589,0.16600790513833993,Significant
Adamts16,3.4840496,2.442019,0.000493888172469505,0.005080846689898118,0.07905138339920949,Significant
Fgf7,3.482778,2.0668476,0.0004962395068092499,0.005101349297206265,0.08379446640316206,Significant
Apaf1,3.475244,1.2273246,0.0005103889083488314,0.005237062911832905,0.14150197628458497,Significant
Wdr66,3.4688668,2.3025658,0.0005226583255431894,0.0053555313505047235,0.08063241106719368,Significant
Stxbp1,3.4439304,1.5093375,0.0005733234165714586,0.005851516161139169,0.11146245059288537,Significant
Entpd1,3.439995,2.4963613,0.0005817247143957031,0.005930883968201563,0.07984189723320158,Significant
Slc25a12,3.4373112,1.3840925,0.0005875204253652704,0.005986757433916224,0.11541501976284585,Significant
Medag,3.4304361,1.5206594,0.0006026116733303081,0.006129566147034847,0.10513833992094862,Significant
Nectin3,3.427557,1.3459513,0.0006090382303751557,0.006189406724217694,0.11620553359683794,Significant
Irag1,3.413222,1.1708716,0.0006419959915331426,0.006501137071650129,0.1241106719367589,Significant
Cnrip1,3.4089236,1.8671297,0.0006521973883470957,0.006598573470126506,0.08932806324110672,Significant
Irak3,3.4052777,1.2052399,0.0006609681666852628,0.006675450226893499,0.14624505928853754,Significant
Kcnip3,3.3975887,1.553515,0.0006798251765906211,0.006851314226592312,0.09881422924901186,Significant
Ap1s2,3.364304,2.2587047,0.0007673691813370935,0.007679221187085315,0.08221343873517786,Significant
Khdrbs3,3.360174,1.7205981,0.0007789343473157282,0.007777187562774834,0.09723320158102766,Significant
Sorcs2,3.3461416,2.7320464,0.0008194454195467656,0.008147379366930746,0.07351778656126483,Significant
Lrrc8c,3.3384798,1.7578306,0.0008423819696417818,0.008356458490134616,0.09090909090909091,Significant
Lum,3.333394,1.6072267,0.0008579331387021767,0.008504799939213204,0.09565217391304348,Significant
Kalrn,3.3162203,1.2073039,0.000912438404475238,0.009001239637772787,0.1241106719367589,Significant
Col4a3,3.3156083,1.435708,0.0009144391838459931,0.009019414787350544,0.10513833992094862,Significant
Csf1,3.3089218,1.1269546,0.0009365601783511477,0.009220033387879098,0.13438735177865613,Significant
Grip1,3.3010917,2.2792623,0.0009630942448725086,0.00946325270013555,0.07984189723320158,Significant
Arhgef17,3.284658,1.5841619,0.001021062865316069,0.009993183330003829,0.09723320158102766,Significant
Srpx,3.274211,2.0991688,0.0010595746447313618,0.010350530081600357,0.08300395256916997,Significant
Sema3d,3.2583625,1.7199284,0.0011205718647211618,0.010897776694976546,0.08774703557312254,Significant
Adm,3.1922371,2.7821045,0.0014117536907926284,0.013546792535797615,0.06877470355731226,Significant
Nav2,3.1872997,1.58615,0.0014360792639196256,0.013763977338301195,0.10197628458498023,Significant
Tgfb2,3.1864116,1.7266927,0.0014404946655250017,0.013801650134554791,0.08695652173913043,Significant
Col27a1,3.1751978,2.4610069,0.0014973431778964477,0.014314269194705624,0.07193675889328063,Significant
Sfrp1,3.172682,2.298069,0.0015103780935415527,0.014422679695513928,0.07272727272727272,Significant
Aldh1a3,3.1566586,2.3848007,0.0015958804488780149,0.015200908102971403,0.07193675889328063,Significant
4930511M06Rik,3.1545732,1.6027665,0.0016073298659632159,0.015302285553889227,0.108300395256917,Significant
Cd55,3.1506784,1.1782094,0.0016289171441060714,0.015492261750884218,0.1509881422924901,Significant
Lsp1,3.1467836,1.4407369,0.0016507709617056482,0.015679157519679954,0.09723320158102766,Significant
Abcc4,3.1054804,1.2232858,0.0018997014532915627,0.017849983572916645,0.1383399209486166,Significant
Calcrl,3.079804,2.0614407,0.002071368754974128,0.019348065662234553,0.0766798418972332,Significant
Plekha6,3.0623882,2.3763783,0.0021957857972584685,0.02041310025823583,0.07114624505928854,Significant
Acsbg1,3.0506496,2.7647297,0.0022834685291067227,0.02120055136407401,0.06798418972332015,Significant
Osmr,3.0322516,1.0695162,0.002427367737183157,0.022445070854651857,0.14150197628458497,Significant
Adra1b,3.0224574,2.0265799,0.0025073147774290253,0.02312423238444868,0.0782608695652174,Significant
Efhb,3.016726,2.1608114,0.0025552069409188936,0.023524015913154846,0.07351778656126483,Significant
Hif3a,3.004826,1.5765909,0.002657327302949114,0.02440497967052024,0.09249011857707509,Significant
Gm48542,2.9970632,2.3707108,0.0027259412659394896,0.02497069202443058,0.06877470355731226,Significant
Gpr173,2.9928186,2.325457,0.002764139803858398,0.02528805986045968,0.07035573122529644,Significant
Morrbid,2.982883,1.7712964,0.00285547129918406,0.026069166465743074,0.07984189723320158,Significant
Cacng4,2.9803805,4.1366916,0.002878904476285364,0.02626204738612062,0.05691699604743083,Significant
Plat,2.979311,1.3586295,0.0028889737146779674,0.026345460007603804,0.09486166007905138,Significant
Fads6,2.9716492,2.5293183,0.0029620501094428484,0.02698161818617585,0.06640316205533597,Significant
Sparcl1,2.9499145,1.9074008,0.003178618494591973,0.028793145991180647,0.07509881422924901,Significant
Adam33,2.943645,1.060085,0.0032437176009796416,0.02930358938876436,0.1233201581027668,Significant
Tmem45a,2.9049587,2.2975013,0.003673015057785078,0.032905152675478305,0.06640316205533597,Significant
Emilin2,2.8941083,1.3061349,0.0038023701315599524,0.03395714517897667,0.09486166007905138,Significant
Ism1,2.8873343,1.8959197,0.0038852118001551426,0.034648057182871415,0.08379446640316206,Significant
Adamts14,2.8766317,2.6271076,0.00401944260099735,0.03577228526780089,0.06403162055335969,Significant
Gm44080,2.87232,3.867076,0.0040747026584371055,0.03620749751467965,0.05533596837944664,Significant
Gm12122,2.8183298,1.6159147,0.00482741807166373,0.04235408511842904,0.09565217391304348,Significant
Sytl2,2.8118923,2.145731,0.004925099469419033,0.04317119594953651,0.06640316205533597,Significant
Phf24,2.8038065,2.7213876,0.005050319534517168,0.04418719185847296,0.06007905138339921,Significant
Sult5a1,2.7925997,1.331577,0.005228637341884388,0.04564216447711773,0.09407114624505929,Significant
Il17rd,2.7747262,1.157421,0.005524819370500606,0.048021483708697146,0.10118577075098814,Significant
Fat4,2.7741544,2.8589153,0.005534539634460477,0.048091289688053415,0.057707509881422925,Significant
Adgra2,2.7675486,2.389213,0.005647961629341165,0.048972222192221,0.06324110671936758,Significant
Galnt16,2.7662368,1.8508216,0.005670732298155794,0.04915469139736475,0.07114624505928854,Significant
Cd44,2.764535,1.8533304,0.005700399187546677,0.04938177850876241,0.07430830039525692,Significant
Pdlim1,2.7627187,1.3136232,0.005732213846565229,0.049619639500953286,0.09565217391304348,Significant
D8Ertd738e,-2.760687,-2.5560308,0.005767988781495615,0.04991414121689085,0.0071146245059288534,Significant
Ndufa5,-2.7618847,-1.9067434,0.005746878609197891,0.04973902035056044,0.012648221343873518,Significant
Grpel2,-2.7632098,-1.2773101,0.0057235963488834205,0.049552577117495944,0.021343873517786563,Significant
Ankrd26,-2.7636268,-1.0763621,0.005716286555504903,0.04949681763336446,0.02924901185770751,Significant
Zw10,-2.7638354,-1.2517416,0.005712634817045765,0.049472720778312225,0.02292490118577075,Significant
Smg9,-2.7641985,-1.4295114,0.0057062787484582645,0.04942519291389748,0.01818181818181818,Significant
Mrpl30,-2.7652144,-1.6641798,0.005688539137696614,0.04928653485081907,0.015019762845849802,Significant
Gm57184,-2.7655845,-1.4303403,0.005682090058787616,0.04923815097206295,0.018972332015810278,Significant
8430422M14Rik,-2.7656786,-4.2583117,0.005680449528377077,0.049231427183458014,0.0015810276679841897,Significant
Polg2,-2.768006,-1.8265405,0.005640040505973049,0.04891098788464992,0.012648221343873518,Significant
Vnn3,-2.7695868,-3.7535496,0.005612743138865965,0.04868909309417534,0.0031620553359683794,Significant
Nr2f1,-2.7697012,-1.073206,0.005610773066576874,0.04867941934846164,0.026877470355731226,Significant
Ralgds,-2.769856,-1.6491873,0.005608108667670039,0.04866371771499538,0.015810276679841896,Significant
Ndufa11,-2.770596,-3.62593,0.005595381668578306,0.04856808347416423,0.003952569169960474,Significant
Atosb,-2.7712686,-1.2013366,0.005583834289176795,0.04847524138740904,0.020553359683794466,Significant
Zfp235,-2.7721095,-3.1660252,0.005569430304470198,0.04837232015967626,0.0047430830039525695,Significant
Unc50,-2.7739727,-1.172923,0.0055376304759430575,0.048110805146578214,0.02766798418972332,Significant
Ranbp6,-2.7752576,-1.048971,0.005515799059507399,0.0479577209111942,0.023715415019762844,Significant
Gpr108,-2.7784595,-1.9315656,0.005461729586796919,0.04753842011644808,0.013438735177865613,Significant
Zgpat,-2.7810764,-1.2506905,0.005417898332621376,0.04718576765949736,0.019762845849802372,Significant
Atl1,-2.7869556,-1.6368313,0.005320575034492748,0.04635942816205839,0.017391304347826087,Significant
Gm57198,-2.7886038,-4.082355,0.005293578135122004,0.04616658486628611,0.0023715415019762848,Significant
Zfp30,-2.7887182,-2.6488478,0.005291709479318568,0.04615735745433189,0.007905138339920948,Significant
Sycp2,-2.7889535,-2.4810894,0.005287864122764013,0.04613088264352776,0.0071146245059288534,Significant
Gm56915,-2.7890747,-4.017016,0.00528588749379101,0.04612070483971099,0.0023715415019762848,Significant
Vasp,-2.7928147,-1.0916858,0.005225159367011662,0.04561879784069473,0.02608695652173913,Significant
Parp2,-2.7955863,-1.2847575,0.005180566757169895,0.04524335149079923,0.023715415019762844,Significant
0610040B10Rik,-2.7958083,-1.9903457,0.005177009937110228,0.045219224241293675,0.011067193675889328,Significant
Pkdcc,-2.7961311,-1.0222278,0.005171840319744481,0.04518100025261898,0.03320158102766799,Significant
Gm21781,-2.7992725,-1.11801,0.005121787187023391,0.04477808755048348,0.026877470355731226,Significant
Gm15261,-2.8018625,-2.9368527,0.005080852535616289,0.0444406796053037,0.009486166007905139,Significant
Glrx2,-2.8032348,-1.082543,0.0050592825642092575,0.04425881218138567,0.02766798418972332,Significant
AU041133,-2.8050106,-1.0571827,0.005031491378721986,0.04402922246746713,0.028458498023715414,Significant
Psmc3,-2.8057775,-1.8422556,0.005019533365748714,0.04393133252061136,0.014229249011857707,Significant
Dgcr2,-2.807264,-1.6090372,0.004996424769249753,0.043742531178636246,0.015810276679841896,Significant
Gm27017,-2.8075063,-2.458119,0.00499266959770819,0.04371637698955898,0.008695652173913044,Significant
Cct7,-2.8076544,-1.5248464,0.004990376027172613,0.043703014666754185,0.016600790513833993,Significant
Hyal1,-2.8079436,-2.7139494,0.004985895890105035,0.04367049652030008,0.006324110671936759,Significant
5430427G11Rik,-2.8081117,-2.8713648,0.004983292831538927,0.04365441186471662,0.005533596837944664,Significant
Rpl36a,-2.8121545,-2.6193113,0.004921084038210263,0.04314263991065906,0.006324110671936759,Significant
Zmat2,-2.8123229,-1.1900271,0.004918511601546828,0.043126727610668,0.021343873517786563,Significant
Plcb3,-2.81537,-1.2836759,0.004872109259381947,0.042733021155031956,0.022134387351778657,Significant
Emc4,-2.8219693,-1.9461144,0.0047729768046644964,0.041895802718421624,0.011857707509881422,Significant
Bbip1,-2.8227763,-1.0424085,0.0047609766572083165,0.04181625356132944,0.02766798418972332,Significant
Zfp597,-2.8232944,-1.1870295,0.004753290951618487,0.04176807717223893,0.02608695652173913,Significant
Gm15413,-2.8251576,-25.80824,0.00472573514661271,0.04155158816912821,0.0,Significant
Nde1,-2.8258235,-1.1241306,0.004715921811220445,0.04148452091035121,0.028458498023715414,Significant
Plod3,-2.8265905,-2.3547835,0.004704644460204748,0.041398108516229104,0.007905138339920948,Significant
Gm12426,-2.827263,-1.3246648,0.004694772153051745,0.04131762305516529,0.018972332015810278,Significant
Cryzl1,-2.8275995,-1.2783582,0.004689843035667873,0.04128062332570171,0.021343873517786563,Significant
Itpa,-2.8291333,-1.6720748,0.004667425600129035,0.04109600759192012,0.015019762845849802,Significant
Ube2q1,-2.829907,-1.4310462,0.004656155408009243,0.041003115540899214,0.017391304347826087,Significant
Ercc3,-2.8329139,-1.5285358,0.0046125823070795645,0.04064454490055981,0.015810276679841896,Significant
Adrm1,-2.8344946,-3.241603,0.004589823151585518,0.04045025848544049,0.005533596837944664,Significant
D930048N14Rik,-2.8347032,-3.5707986,0.004586828485221122,0.0404301239592842,0.0031620553359683794,Significant
Eif2b4,-2.8351,-1.9054693,0.004581133847429351,0.040386180895877796,0.013438735177865613,Significant
Tmem176b,-2.836015,-2.555975,0.004568031608988476,0.04028314818761233,0.008695652173913044,Significant
Psenen,-2.8378985,-3.72683,0.004541163228906153,0.04005241254912411,0.0023715415019762848,Significant
C530020B09Rik,-2.8384905,-3.7499044,0.004532748495004617,0.03998438916406784,0.0023715415019762848,Significant
Trim43c,-2.838652,-3.9856362,0.004530456020300324,0.0399703588862598,0.0023715415019762848,Significant
Anapc11,-2.8406632,-1.2321732,0.0045019835283750505,0.0397253128915549,0.020553359683794466,Significant
Gm17178,-2.8416183,-2.9004018,0.004488518337723209,0.03961263525547074,0.006324110671936759,Significant
Aldh1a7,-2.84256,-1.2733004,0.004475278530413672,0.03952642078490537,0.020553359683794466,Significant
Mrps16,-2.843596,-2.0800986,0.0044607556213749466,0.03941037794208081,0.009486166007905139,Significant
Pnrc2,-2.8451972,-1.641454,0.0044383951111518355,0.039224997054803146,0.015019762845849802,Significant
Rps6,-2.8454392,-1.6584743,0.004435021707507864,0.03920126840223615,0.015019762845849802,Significant
Ears2,-2.8463676,-1.5352995,0.004422111841322662,0.0391114430501326,0.016600790513833993,Significant
Cxxc1,-2.847121,-1.8662367,0.004411659316315043,0.03903112074740442,0.013438735177865613,Significant
Fbl,-2.848083,-1.7130047,0.004398346230012026,0.038919383478339516,0.014229249011857707,Significant
Tmem199,-2.8485806,-2.2878017,0.004391471247438191,0.03886458879396612,0.0071146245059288534,Significant
Gm37522,-2.8498251,-2.2228982,0.004374326384788085,0.038718874347305816,0.007905138339920948,Significant
Coasy,-2.8504508,-1.2712818,0.004365730553499517,0.038648797177676615,0.01818181818181818,Significant
Gm45220,-2.8507266,-1.1825446,0.004361945859003898,0.03862730313492083,0.022134387351778657,Significant
Pigyl,-2.8507872,-2.9079223,0.004361115470611937,0.03862595676032265,0.005533596837944664,Significant
Coq7,-2.8510966,-4.5150585,0.004356873500865754,0.038594389236589435,0.0015810276679841897,Significant
Acp2,-2.857218,-1.0072712,0.004273721537208741,0.03789317627689239,0.03241106719367589,Significant
Ciao3,-2.8585231,-1.2704809,0.004256181823527572,0.03775529665266918,0.021343873517786563,Significant
Nit2,-2.8592765,-1.818219,0.004246085552530561,0.03767160446348437,0.013438735177865613,Significant
Pigx,-2.8637161,-2.2309432,0.0041870295542262405,0.037159234701869756,0.010276679841897233,Significant
Gm17823,-2.8637834,-5.6101694,0.004186140525265866,0.037157136032605405,0.0007905138339920949,Significant
Qdpr,-2.8662322,-1.7168512,0.004153896204584284,0.03688242691177822,0.013438735177865613,Significant
Gm42726,-2.8702614,-3.690161,0.004101325040923197,0.036432690975851445,0.0031620553359683794,Significant
Tgds,-2.8733222,-1.0132293,0.004061796336822088,0.036109718222480325,0.02608695652173913,Significant
1110002L01Rik,-2.873746,-1.0539016,0.004056350471354081,0.03606693507017063,0.026877470355731226,Significant
E2f4,-2.8762147,-1.9949254,0.004024757691111847,0.035813990887576135,0.011067193675889328,Significant
Gm14963,-2.8779638,-3.5923162,0.004002511244842637,0.03562716785877514,0.0031620553359683794,Significant
Mrpl51,-2.8807218,-1.5249943,0.003967657063547133,0.03532796885933343,0.015810276679841896,Significant
Wdcp,-2.8815897,-1.1939292,0.003956747883063362,0.035236343636144966,0.019762845849802372,Significant
Kctd12b,-2.882417,-1.4309669,0.003946371480746225,0.03514943508292989,0.017391304347826087,Significant
Jade3,-2.8826995,-1.1207981,0.003942833982649339,0.03512891719700141,0.02608695652173913,Significant
Gskip,-2.8829281,-1.1224355,0.0039399724031470755,0.0351089152750544,0.026877470355731226,Significant
Gm36279,-2.8859081,-3.5701678,0.0039028596998164585,0.03478909426538024,0.0031620553359683794,Significant
Fbxw17,-2.8879397,-1.162054,0.0038777417102578457,0.03458685631638345,0.03162055335968379,Significant
Mkln1os,-2.8889823,-1.938855,0.0038649071337018195,0.03447778115308089,0.012648221343873518,Significant
Twf2,-2.8901124,-1.3844972,0.0038510397005576944,0.03436484118311482,0.022134387351778657,Significant
Pnp,-2.8942494,-2.5339231,0.003800659765063234,0.03394719493058284,0.007905138339920948,Significant
BC005624,-2.8944178,-1.3754543,0.0037986245260399286,0.03393433936887976,0.021343873517786563,Significant
Zdhhc2,-2.8963146,-2.5121763,0.0037757355257839044,0.03373515715889868,0.006324110671936759,Significant
Cript,-2.8975525,-1.9178807,0.003760868508027352,0.03361814971987213,0.014229249011857707,Significant
Zfp872,-2.8986354,-3.2237198,0.00374790353364299,0.033507516895771,0.0047430830039525695,Significant
Cox5b,-2.8996782,-4.0085597,0.0037354601210894465,0.03340675903171889,0.0031620553359683794,Significant
Ykt6,-2.9001894,-1.5208249,0.003729372566096761,0.03335755628119944,0.016600790513833993,Significant
Cstf1,-2.9002836,-1.7885964,0.0037282521584952417,0.03335277394452122,0.014229249011857707,Significant
Cabyr,-2.9030282,-4.3974485,0.003695734372691978,0.03307226322732263,0.0023715415019762848,Significant
A330032B11Rik,-2.9031694,-2.5254123,0.0036940676616542523,0.033062544282026846,0.007905138339920948,Significant
Gm49972,-2.904212,-1.4148943,0.0036817868680701915,0.032978547436650116,0.019762845849802372,Significant
Phf2os1,-2.9074478,-1.9624616,0.0036439127533082812,0.03265097738375236,0.011857707509881422,Significant
Tomm22,-2.908719,-2.5559382,0.0036291280358349046,0.0325273381848694,0.0071146245059288534,Significant
Ate1,-2.9093244,-1.906828,0.0036221068865282618,0.03246951955695934,0.013438735177865613,Significant
Ndufb8,-2.9094725,-4.165956,0.0036203924856395395,0.032459261301338534,0.0023715415019762848,Significant
Spata2,-2.9107573,-2.1861415,0.0036055393562476144,0.032331183698282744,0.010276679841897233,Significant
Cep83os,-2.9111743,-1.0074877,0.003600729850390794,0.032293141976862845,0.026877470355731226,Significant
Gm20416,-2.9121566,-3.7778459,0.003589427280948857,0.032196846062462016,0.0031620553359683794,Significant
Gm15336,-2.9121633,-4.8805103,0.0035893499774888697,0.032196846062462016,0.0015810276679841897,Significant
Dpagt1,-2.9125197,-1.5080959,0.0035852550604864785,0.03217969867578193,0.017391304347826087,Significant
Nfkbil1,-2.9147599,-1.1500732,0.0035596236993061174,0.03196475840753661,0.022134387351778657,Significant
Trappc14,-2.9149885,-1.6047239,0.003557016084797948,0.03194638058114826,0.013438735177865613,Significant
Mesd,-2.91513,-1.2181394,0.003555406367637205,0.03193696071614294,0.02608695652173913,Significant
Gfer,-2.9185941,-4.422393,0.0035161368027515623,0.03159917072056135,0.0015810276679841897,Significant
Gm15587,-2.9196167,-4.663435,0.003504622226547731,0.03150066206816959,0.0015810276679841897,Significant
Gas2,-2.91963,-1.2012533,0.0035044709479437833,0.03150066206816959,0.025296442687747035,Significant
Ccar2,-2.9201345,-1.4633468,0.0034988022879496286,0.031458282185084445,0.018972332015810278,Significant
Smim30,-2.9205112,-2.046016,0.00349457513092202,0.031425237291508326,0.011857707509881422,Significant
Arxes1,-2.920518,-4.8382363,0.0034944996882300223,0.031425237291508326,0.0015810276679841897,Significant
Ctnnbip1,-2.920639,-1.6198503,0.0034931419731938133,0.03142227442269019,0.016600790513833993,Significant
Etohd2,-2.9216213,-2.9186654,0.0034821471211046013,0.03132832030697063,0.005533596837944664,Significant
Cntnap1,-2.9230876,-2.1830852,0.0034657887638183016,0.031191003319199922,0.008695652173913044,Significant
Gm16000,-2.9243524,-5.3237066,0.003451737756808311,0.031079285200889005,0.0015810276679841897,Significant
Nfya,-2.9251125,-1.1221994,0.0034433171733078013,0.031008369945487824,0.030039525691699605,Significant
Psme2,-2.9263637,-3.3254244,0.003429497454497095,0.030888803314855915,0.0047430830039525695,Significant
Ankrd50,-2.9265049,-1.3245504,0.003427940339868226,0.03087966316918789,0.02292490118577075,Significant
Gm3235,-2.9272718,-25.919708,0.0034194986559289626,0.030808492558109347,0.0,Significant
Asns,-2.9274805,-2.5108395,0.0034172063853815816,0.0307927122630183,0.007905138339920948,Significant
Prune2,-2.9318058,-2.6960955,0.003369974583572829,0.03037671723337351,0.008695652173913044,Significant
Gm40528,-2.9318798,-3.0955803,0.0033691717715283805,0.030374289082108537,0.006324110671936759,Significant
6230400D17Rik,-2.9320478,-1.8550041,0.0033673478463070537,0.030362653003415667,0.014229249011857707,Significant
Rbis,-2.9327743,-1.155666,0.0033594788165158367,0.03030129626029277,0.023715415019762844,Significant
Zfp839,-2.9360437,-1.3786972,0.0033242749902393444,0.02998852063042118,0.019762845849802372,Significant
Tcta,-2.9364069,-2.1746519,0.003320384265082769,0.029962916075765126,0.010276679841897233,Significant
Psmb4,-2.9383376,-2.4224248,0.0032997752922966765,0.029786383151341956,0.008695652173913044,Significant
Fgd6,-2.9391246,-2.1417255,0.0032914072081019013,0.02971555697423979,0.011857707509881422,Significant
Casp9,-2.9397233,-1.6604766,0.0032850546922969345,0.029666128073501028,0.015810276679841896,Significant
A930005H10Rik,-2.9444523,-2.0427086,0.003235268148512888,0.02923189521492738,0.009486166007905139,Significant
Serhl,-2.9460263,-1.175705,0.0032188493729295156,0.029097396752497152,0.02608695652173913,Significant
Endov,-2.9466453,-1.9649491,0.0032124149489706154,0.029043842427649385,0.011857707509881422,Significant
Map3k10,-2.9471498,-1.032019,0.0032071781694415244,0.029005707138845274,0.03320158102766799,Significant
Mus81,-2.9478292,-2.7699378,0.0032001382653476127,0.028955835526324237,0.005533596837944664,Significant
Smpd4,-2.9479368,-1.0562869,0.003199024326075768,0.028950356667368136,0.02924901185770751,Significant
Tor3a,-2.9484413,-1.5434575,0.0031938074447280824,0.028912335407036843,0.017391304347826087,Significant
2810454H06Rik,-2.9487038,-4.0170345,0.0031910977316653103,0.028892398781802265,0.0023715415019762848,Significant
Iscu,-2.949356,-2.02165,0.0031843672727541643,0.02883604594114104,0.011067193675889328,Significant
Tmtc4,-2.9495177,-1.0657345,0.0031827040023539783,0.02882556841069475,0.03162055335968379,Significant
Taf11,-2.9509237,-1.6282954,0.0031682531253633983,0.028703818808483255,0.015019762845849802,Significant
3830408C21Rik,-2.952343,-1.7602408,0.0031537246523066446,0.028576740201622,0.015810276679841896,Significant
Timm21,-2.9557602,-1.9901655,0.003118994928841218,0.028275543741943604,0.012648221343873518,Significant
Rps26,-2.9562244,-1.0137374,0.0031143046950009106,0.028237519687587077,0.030039525691699605,Significant
Gm14798,-2.956285,-1.5960121,0.0031136933996759766,0.028236473303225,0.015019762845849802,Significant
Tsfm,-2.9574823,-1.9597751,0.0031016257925048857,0.028131518676492624,0.011067193675889328,Significant
Bet1l,-2.9594667,-2.1565542,0.0030817199757553343,0.027959881634717094,0.010276679841897233,Significant
Lrp10,-2.9605162,-1.4866798,0.003071240665886845,0.027872288620538404,0.020553359683794466,Significant
Prrg2,-2.9606237,-2.067133,0.0030701677043372196,0.027868391400074227,0.009486166007905139,Significant
Lsm3,-2.961182,-3.0185044,0.0030646072003871552,0.027822353092672992,0.006324110671936759,Significant
Tmem147,-2.961229,-3.403658,0.0030641386624274385,0.027822353092672992,0.003952569169960474,Significant
Tmem258,-2.9618077,-4.3809,0.0030583876680012503,0.02777917565858338,0.0023715415019762848,Significant
Stk16,-2.96505,-2.8329718,0.0030263371518961385,0.027505612732022032,0.0071146245059288534,Significant
Zfp874b,-2.965299,-1.1672143,0.0030238895490110884,0.0274921435111353,0.02292490118577075,Significant
Rps11-ps1,-2.965763,-5.636291,0.003019329923247187,0.027455072685981807,0.0007905138339920949,Significant
Zdhhc24,-2.9664829,-2.302624,0.0030122716015001986,0.027399641734987667,0.011067193675889328,Significant
Rsph3b,-2.9669201,-1.4994524,0.0030079911883562713,0.02737382551641273,0.020553359683794466,Significant
Yae1d1,-2.9693553,-1.7175926,0.0029842539141412485,0.027170835005615096,0.015810276679841896,Significant
Tmem150a,-2.9710236,-2.068531,0.002968090694921331,0.027032318019756158,0.012648221343873518,Significant
Dhx34,-2.9729946,-1.9213196,0.0029490975867329542,0.02687223006659644,0.013438735177865613,Significant
Gm16008,-2.9738758,-1.2920129,0.0029406417200040316,0.026799468658570674,0.025296442687747035,Significant
Cep104,-2.97586,-1.0681628,0.002921680836170323,0.026630931405854708,0.030039525691699605,Significant
Cfl1,-2.9764252,-1.429236,0.002916302250999818,0.02659041897104574,0.022134387351778657,Significant
Dele1,-2.979486,-1.2423083,0.0028873249770175317,0.026334642241927803,0.02450592885375494,Significant
Gm56918,-2.9823918,-5.283589,0.002860055965880603,0.026102652148294186,0.0007905138339920949,Significant
Thnsl2,-2.9825938,-2.2002087,0.0028581710434938475,0.026089630873290023,0.010276679841897233,Significant
Mettl23,-2.9865694,-2.6007338,0.0028212685631341956,0.02576930594376391,0.007905138339920948,Significant
4831440D22Rik,-2.9868383,-25.967422,0.002818786722457439,0.02575076765016028,0.0,Significant
Spns1,-2.9874706,-1.9251915,0.002812962242508089,0.02570168213264652,0.013438735177865613,Significant
Gm56812,-2.9878676,-3.5817862,0.002809312068077772,0.02567245040417532,0.0031620553359683794,Significant
Cited2,-2.990417,-1.2548478,0.0027859672898185497,0.025471381414508353,0.025296442687747035,Significant
Fam120aos,-2.9911368,-5.5354905,0.0027794086942232463,0.02541549870848978,0.0007905138339920949,Significant
Jmjd6,-2.9938076,-1.2170782,0.0027551975070951697,0.025210300699261782,0.025296442687747035,Significant
Paf1,-2.994339,-1.4528801,0.0027504027076597996,0.025170472609588018,0.020553359683794466,Significant
Hoxb3os,-2.9952538,-1.5666261,0.002742166222450297,0.025103165092048615,0.020553359683794466,Significant
Gm4951,-2.9964108,-1.8678099,0.0027317817621028335,0.025020168138313887,0.015810276679841896,Significant
Pdk1,-2.9986305,-1.276927,0.0027119586183806674,0.024870612931102203,0.025296442687747035,Significant
Grhpr,-2.999734,-3.7767189,0.0027021560857345243,0.02478870141417908,0.0031620553359683794,Significant
Trmt6,-3.0019605,-1.0868034,0.0026824702526597097,0.024612075194440305,0.02608695652173913,Significant
0610009B22Rik,-3.0021489,-2.938425,0.0026808110128415355,0.024600815452410937,0.0071146245059288534,Significant
Paip2b,-3.0043283,-1.2787653,0.002661679340330401,0.024441006824343393,0.022134387351778657,Significant
Zc3h12a,-3.005196,-1.9283088,0.002654096895025787,0.024379243636016026,0.011857707509881422,Significant
Pigc,-3.0080616,-1.8186198,0.002629197228188278,0.02415832166697898,0.014229249011857707,Significant
Parp10,-3.009064,-1.1166701,0.002620538720897937,0.02408653677266335,0.02924901185770751,Significant
Daxx,-3.0163426,-1.5186404,0.0025584406600351346,0.023546172559085275,0.021343873517786563,Significant
H2-Q10,-3.016578,-5.481833,0.0025564545998403103,0.02353169760257147,0.0007905138339920949,Significant
Angptl8,-3.0175197,-5.957372,0.0025485244506635294,0.02346628893034153,0.0007905138339920949,Significant
Sra1,-3.0185356,-1.8401178,0.002539996442208082,0.023391547374376577,0.013438735177865613,Significant
Higd2a,-3.0220604,-3.4574504,0.0025106046022128994,0.023147075235525373,0.0031620553359683794,Significant
Krba1,-3.0222218,-1.4115163,0.0025092658922674232,0.02313847921807277,0.020553359683794466,Significant
Gm4651,-3.0227263,-4.9353333,0.002505086631366214,0.02310742554294891,0.0015810276679841897,Significant
Gm14167,-3.0236816,-3.4932191,0.0024971913340221846,0.023042063158411476,0.003952569169960474,Significant
2210016F16Rik,-3.0243073,-1.893356,0.002492032814170866,0.0230056485849065,0.011067193675889328,Significant
Plagl2,-3.0254304,-2.0232487,0.0024827941301655268,0.022927794447900628,0.011067193675889328,Significant
Mphosph10,-3.028027,-1.6122535,0.00246155984849895,0.022742768024237983,0.01818181818181818,Significant
Micos13,-3.0289688,-2.6109457,0.0024538994528653453,0.02267935217425834,0.006324110671936759,Significant
Slc29a3,-3.0309465,-1.2288086,0.002437883582319147,0.02253864735522561,0.02766798418972332,Significant
Tk2,-3.0368326,-1.2926608,0.0023907816675037014,0.022124735727178328,0.021343873517786563,Significant
Hsf1,-3.0368462,-1.0272682,0.002390674966896482,0.022124735727178328,0.03241106719367589,Significant
Gm42943,-3.0369604,-2.1608403,0.0023897681877290996,0.022122547614612693,0.009486166007905139,Significant
Gm15489,-3.0378954,-26.044693,0.002382365738237639,0.022061194909902326,0.0,Significant
4931414P19Rik,-3.0419114,-1.0657301,0.0023508105766094993,0.021783157858864362,0.025296442687747035,Significant
Gm49961,-3.0421872,-3.9418442,0.0023486575791072427,0.02176674987173592,0.0023715415019762848,Significant
Cd27,-3.0424428,-3.8568847,0.002346663730382846,0.021751811732334304,0.0031620553359683794,Significant
Snupn,-3.0435932,-1.1702902,0.0023377105773782023,0.02167235069789844,0.02608695652173913,Significant
Zbtb18,-3.04362,-1.1962088,0.0023375015218110124,0.02167235069789844,0.02608695652173913,Significant
Rgl2,-3.0471785,-1.0593346,0.00231000429052812,0.02142944840452292,0.028458498023715414,Significant
Ctdnep1,-3.0489209,-1.8467844,0.0022966498812453657,0.02131598058483983,0.014229249011857707,Significant
Mlf2,-3.0503335,-1.6533096,0.0022858739364159065,0.021219424162611366,0.016600790513833993,Significant
Gm50232,-3.0536969,-1.8907758,0.0022604030874854484,0.020996674095352188,0.013438735177865613,Significant
Gm28530,-3.0598788,-3.9339957,0.002214264751428462,0.020574812208075725,0.0031620553359683794,Significant
Hspb11,-3.060686,-1.5440857,0.0022083042873743664,0.020522776958933214,0.017391304347826087,Significant
Ndufb6,-3.0614731,-2.1010554,0.0022025069963642436,0.020472241410378126,0.010276679841897233,Significant
Zbtb40,-3.0627043,-1.3086982,0.0021934674044349635,0.020394877118865326,0.023715415019762844,Significant
Gm20470,-3.062879,-4.387354,0.002192185853351856,0.020386290164250864,0.0015810276679841897,Significant
1700064N11Rik,-3.063128,-6.6308703,0.002190363290820625,0.020372668432312512,0.0007905138339920949,Significant
Prdx2,-3.0637872,-2.0609467,0.0021855426720958633,0.020334474720884076,0.011857707509881422,Significant
Tmem276,-3.0639083,-3.6058245,0.002184658310181237,0.020329568367385163,0.003952569169960474,Significant
Hsd17b10,-3.0639083,-2.6186013,0.002184658310181237,0.020329568367385163,0.0071146245059288534,Significant
Zfp449,-3.0643725,-1.3446842,0.002181271294045476,0.020308006663545364,0.019762845849802372,Significant
Gm39214,-3.0648232,-3.4977312,0.002177987059140056,0.020280745892803584,0.003952569169960474,Significant
Tomm7,-3.0649915,-2.690723,0.0021767627600406333,0.020272660830793866,0.0071146245059288534,Significant
4930549G23Rik,-3.0672517,-2.1266217,0.0021603692836718617,0.020126568616092844,0.011857707509881422,Significant
Abcf3,-3.0685296,-1.1520203,0.002151149338311756,0.020047233137939394,0.02766798418972332,Significant
Kat8,-3.0696194,-1.5691051,0.0021433166299655916,0.019977507321471723,0.017391304347826087,Significant
Zscan12,-3.0704873,-1.4862385,0.0021370981848868827,0.01992280742397577,0.01818181818181818,Significant
Tysnd1,-3.0705142,-3.4228218,0.0021369056295824076,0.01992280742397577,0.0047430830039525695,Significant
Rbm22,-3.0705411,-1.0848519,0.002136713090186201,0.01992280742397577,0.02924901185770751,Significant
Sgf29,-3.0796292,-1.3793601,0.0020725853921331992,0.01935625468483787,0.019762845849802372,Significant
Bloc1s5,-3.0800395,-1.9026715,0.0020697320087334995,0.01933594918938379,0.014229249011857707,Significant
Zfp637,-3.0810282,-2.473686,0.0020628706219800643,0.019287670950109498,0.008695652173913044,Significant
Erlin2,-3.08197,-1.2686473,0.0020563553741783504,0.019229911539019453,0.025296442687747035,Significant
Coa5,-3.0842774,-2.6393468,0.0020404727213713023,0.019090791526060354,0.005533596837944664,Significant
Rhot2,-3.0849972,-1.820241,0.002035541155423435,0.019050912053084453,0.015810276679841896,Significant
Gm38882,-3.0855017,-4.24665,0.002032090972254788,0.019021747830208758,0.0023715415019762848,Significant
Rpl15,-3.0859187,-3.2814505,0.0020292428731202706,0.018998210857997588,0.003952569169960474,Significant
1600012H06Rik,-3.0859253,-2.3026447,0.002029196966067578,0.018998210857997588,0.008695652173913044,Significant
Mterf1a,-3.0885758,-2.7978892,0.0020111835616491926,0.01884152734186684,0.006324110671936759,Significant
Dazap2,-3.088724,-1.4143299,0.002010182075957441,0.018835243966939717,0.020553359683794466,Significant
Bcl7b,-3.0914483,-1.5502342,0.001991827206241139,0.018669404600917976,0.019762845849802372,Significant
Tubb4b,-3.0919325,-2.1803694,0.001988580267891787,0.018642039682915088,0.010276679841897233,Significant
Dnajc4,-3.092464,-1.9630162,0.0019850232450303613,0.018611758372348724,0.012648221343873518,Significant
Bid,-3.0969508,-1.9030037,0.0019552231573253384,0.018338389359456777,0.014229249011857707,Significant
Gm57403,-3.098148,-3.6402583,0.001947340235510642,0.018267462990150158,0.0031620553359683794,Significant
1700096K18Rik,-3.100099,-3.1555743,0.001934559745597452,0.018150562938550753,0.003952569169960474,Significant
Lamtor2,-3.100395,-2.204245,0.001932627379894595,0.018138410357438295,0.009486166007905139,Significant
Tmem242,-3.1004622,-1.6108137,0.0019321884531143417,0.01813728036742231,0.01818181818181818,Significant
Aste1,-3.1008928,-1.8067149,0.0019293814885413124,0.018113917780549195,0.012648221343873518,Significant
Hnrnpab,-3.1045523,-1.144652,0.0019056730345542107,0.017900186120183324,0.025296442687747035,Significant
Gm56774,-3.1059716,-26.003502,0.0018965495280528983,0.017823308578455203,0.0,Significant
Gm19221,-3.1059716,-25.997604,0.0018965495280528983,0.017823308578455203,0.0,Significant
Adnp2,-3.1077812,-1.1616943,0.0018849763137697925,0.01772039562198543,0.030039525691699605,Significant
Tmem222,-3.1083193,-2.023231,0.0018815470012013627,0.017691077905450263,0.013438735177865613,Significant
Chd1l,-3.108501,-1.1926863,0.001880390902271041,0.017683127723569832,0.02924901185770751,Significant
5330439K02Rik,-3.1101422,-3.2420278,0.0018699727472729526,0.017590864661800595,0.005533596837944664,Significant
AA386476,-3.110694,-1.5501075,0.001866483485461881,0.01756104364601536,0.017391304347826087,Significant
Rtp4,-3.1115482,-2.4907813,0.0018610911885022956,0.017513203332425918,0.008695652173913044,Significant
Taf13,-3.1118374,-2.5617383,0.0018592686957922006,0.017498945257372514,0.008695652173913044,Significant
Prpf31,-3.1133509,-3.538037,0.001849759103769986,0.017415200583294772,0.003952569169960474,Significant
Tm2d3,-3.1142523,-1.4660597,0.001844116866157883,0.017367823102199142,0.018972332015810278,Significant
Zfp612,-3.1153758,-1.2628274,0.0018371072566940297,0.01730466903282295,0.025296442687747035,Significant
Mcrip2,-3.11845,-5.1680045,0.0018180502468924103,0.01713933760071204,0.0007905138339920949,Significant
Cyp2f2,-3.1187391,-4.5133576,0.0018162665196485874,0.01712535716100517,0.0031620553359683794,Significant
Gm31645,-3.1198692,-3.2062669,0.0018093129443844404,0.01706261814610706,0.0047430830039525695,Significant
9330160F10Rik,-3.1220825,-3.0794582,0.0017957663480766119,0.01694047906325884,0.0047430830039525695,Significant
Bag6,-3.1233537,-1.380987,0.0017880264825746693,0.016881448506762434,0.021343873517786563,Significant
Tfe3,-3.124141,-1.4239367,0.0017832505159249136,0.016839148860245522,0.022134387351778657,Significant
Ddx47,-3.1245713,-1.2606276,0.0017806429856640985,0.016817315018527023,0.023715415019762844,Significant
Ngrn,-3.1249347,-1.9868344,0.001778445608691223,0.016799348275462332,0.011857707509881422,Significant
Zfp113,-3.127713,-1.5750495,0.0017617220017026025,0.01665242571363677,0.016600790513833993,Significant
Gm14858,-3.1301076,-3.1102557,0.0017474226501984125,0.016522748775315146,0.005533596837944664,Significant
Txndc17,-3.1308947,-2.3321671,0.0017427464940258915,0.016481270240213966,0.010276679841897233,Significant
Acsf2,-3.1312244,-1.0457447,0.0017407915245022845,0.01646551664396754,0.03241106719367589,Significant
Oxld1,-3.1315,-26.010374,0.0017391572834431694,0.016452791971513128,0.0,Significant
Pyroxd1,-3.1338208,-1.3303386,0.0017254615198689998,0.01632593958173159,0.02450592885375494,Significant
Cep135,-3.1352134,-1.3855617,0.0017172917414874883,0.01625133938042863,0.02292490118577075,Significant
Use1,-3.1357648,-4.8172812,0.0017140652532828126,0.016223502258506755,0.0023715415019762848,Significant
Trim39,-3.137884,-1.1208651,0.0017017225931293585,0.016123129769255264,0.025296442687747035,Significant
Tut1,-3.1389132,-1.3342419,0.0016957571299680172,0.016071589004245816,0.020553359683794466,Significant
Farsa,-3.1394243,-1.1890497,0.0016928010494450811,0.016048915177564495,0.025296442687747035,Significant
C920006O11Rik-1,-3.1394916,-2.3571806,0.0016924124445573839,0.01604790291516103,0.007905138339920948,Significant
Eef1b2,-3.1399624,-2.0366223,0.00168969450717446,0.016024799289310613,0.015810276679841896,Significant
Wscd2,-3.1410186,-1.3012551,0.0016836131572839415,0.015977308657026432,0.02450592885375494,Significant
D6Wsu163e,-3.1417787,-1.4042356,0.0016792486027812892,0.015939005616097582,0.020553359683794466,Significant
Qrsl1,-3.14377,-2.1780634,0.0016678650838045457,0.01583623574068945,0.011857707509881422,Significant
Pde4a,-3.144187,-1.5019457,0.001665489709196034,0.015816319134644992,0.023715415019762844,Significant
Ikzf1,-3.147537,-1.3222731,0.001646522694597069,0.015641416208383666,0.021343873517786563,Significant
Pfas,-3.1479876,-1.2567036,0.0016439861320804116,0.015622532434377622,0.02450592885375494,Significant
Mt1,-3.1480482,-1.2580718,0.0016436456738936746,0.015621904242560462,0.030039525691699605,Significant
Hsf3,-3.1501806,-1.606284,0.0016316952879248574,0.015513501651315629,0.016600790513833993,Significant
Klhl9,-3.15047,-1.0186586,0.00163008043084932,0.015500736441715287,0.03162055335968379,Significant
Smim8,-3.1527705,-2.9013064,0.0016172889583294101,0.015391952294206073,0.006324110671936759,Significant
Dysf,-3.1553872,-2.248684,0.001602851933280613,0.015262206008851401,0.009486166007905139,Significant
Utp25,-3.1634057,-1.1314026,0.0015593485016171362,0.01486288299808861,0.030039525691699605,Significant
Gm44250,-3.1637487,-1.7987691,0.0015575116809588743,0.014847860811230414,0.014229249011857707,Significant
Poli,-3.1690092,-1.9717095,0.0015295954528339174,0.014593950180934331,0.011067193675889328,Significant
Lypla1,-3.1696281,-1.4636407,0.0015263416663755648,0.014565346208327641,0.020553359683794466,Significant
Man2c1,-3.1699846,-1.4260563,0.0015244700979134538,0.014549924881878977,0.019762845849802372,Significant
D530017H19Rik,-3.171162,-1.8629075,0.0015183053930868731,0.014493516745642856,0.014229249011857707,Significant
Gm7265,-3.1724534,-1.3680732,0.0015115682544770768,0.014431624409486792,0.022134387351778657,Significant
Coq6,-3.172884,-3.0843558,0.0015093286684951508,0.014417494331954769,0.0047430830039525695,Significant
Lrrc27,-3.1743166,-3.5083241,0.0015018970439501075,0.014351320620836225,0.0031620553359683794,Significant
Tbl2,-3.1751642,-2.005443,0.001497516755814991,0.014314269194705624,0.012648221343873518,Significant
Flrt1,-3.1761262,-3.159681,0.0014925597370673833,0.014274075241577743,0.006324110671936759,Significant
C920021L13Rik,-3.1774178,-1.183621,0.0014859279340175679,0.01421303922239112,0.02608695652173913,Significant
Ubxn1,-3.180048,-1.4192542,0.0014725064100282535,0.01408702746865235,0.020553359683794466,Significant
Ankrd39,-3.1810234,-1.7862022,0.0014675575792449352,0.014044402709207707,0.017391304347826087,Significant
Gm37340,-3.1880195,-2.8977532,0.001432509271457092,0.013732072462296007,0.007905138339920948,Significant
Gm47644,-3.1905622,-2.4006007,0.0014199629205980148,0.013618680926692195,0.008695652173913044,Significant
Ccdc51,-3.191746,-2.03218,0.0014141558675182073,0.013565271100463988,0.012648221343873518,Significant
Hars2,-3.1935692,-1.0112413,0.0014052571257746514,0.013488999662632235,0.03162055335968379,Significant
Nr6a1os,-3.1964011,-1.9855514,0.0013915352397398867,0.013364042517461443,0.015810276679841896,Significant
Plpp5,-3.197511,-1.7560184,0.0013861910874740204,0.01331721051322055,0.016600790513833993,Significant
Gm7285,-3.199065,-4.374249,0.0013787410681018438,0.013250108887559002,0.0023715415019762848,Significant
Map4k2,-3.2013588,-1.6052822,0.0013678108911267513,0.013151725760156762,0.020553359683794466,Significant
Hsbp1,-3.2025495,-2.7052286,0.0013621690179199022,0.013099690263363816,0.008695652173913044,Significant
Gm28876,-3.2052,-2.9092462,0.0013496872601413707,0.01298623559981578,0.005533596837944664,Significant
Oard1,-3.2113347,-1.8941607,0.0013211991738870605,0.012718580246881337,0.013438735177865613,Significant
Nhlrc3,-3.212909,-1.966908,0.001313979716659187,0.012653360231065577,0.012648221343873518,Significant
Slc12a9,-3.2139516,-1.6138641,0.0013092176597149507,0.01260963510856377,0.019762845849802372,Significant
Pdcd7,-3.215418,-1.1524436,0.0013025470062619847,0.012551756487318272,0.028458498023715414,Significant
Pomp,-3.2158015,-1.2511286,0.0013008080250878902,0.01253712081187027,0.02608695652173913,Significant
Cutc,-3.2161782,-1.8878549,0.0012991016392231015,0.012522794386152466,0.012648221343873518,Significant
Anln,-3.2164338,-1.6209086,0.0012979449113563525,0.012513762478418906,0.022134387351778657,Significant
D330041H03Rik,-3.2173622,-1.3106918,0.0012937521526014718,0.01247756458693774,0.022134387351778657,Significant
4933405D12Rik,-3.2174294,-1.4622061,0.0012934488157763807,0.012476752332563594,0.020553359683794466,Significant
Manbal,-3.2181962,-1.0184625,0.0012899954126111587,0.012445548761350728,0.03320158102766799,Significant
Mlkl,-3.2199519,-1.1459283,0.0012821209597253438,0.012371674219237554,0.02766798418972332,Significant
Gm57240,-3.2269278,-3.366976,0.0012512707007233312,0.012080129699879146,0.0047430830039525695,Significant
Dmac2l,-3.2276409,-1.4025753,0.0012481561697841523,0.012052104538524575,0.019762845849802372,Significant
Cnot9,-3.228569,-1.2488533,0.0012441121290063587,0.012019170128563126,0.0308300395256917,Significant
Usp1,-3.2288582,-1.627195,0.001242854503897242,0.012009057917259945,0.01818181818181818,Significant
Osgep,-3.2296116,-1.4858298,0.0012395843381167691,0.011979492837187194,0.019762845849802372,Significant
Timp4,-3.2297463,-1.7534267,0.0012390012167448215,0.01197589004968034,0.015019762845849802,Significant
Zfp2,-3.2299616,-1.6296673,0.0012380687494231437,0.011968908770951312,0.015810276679841896,Significant
Nim1k,-3.2310445,-1.314026,0.0012333870981650844,0.01192567409689558,0.02450592885375494,Significant
Wdr38,-3.233493,-4.4676533,0.001222862699160609,0.01182793017715377,0.0023715415019762848,Significant
Gm6878,-3.233547,-4.581521,0.001222632327972368,0.011827711074936222,0.0023715415019762848,Significant
B330016D10Rik,-3.2336142,-26.06263,0.0012223444203547846,0.011826935197862666,0.0,Significant
Rps17,-3.2349932,-2.2188833,0.0012164560962929858,0.011771962368969902,0.011857707509881422,Significant
Ifitm2,-3.2368834,-3.289257,0.0012084273488476795,0.011700231537278645,0.005533596837944664,Significant
2610016A17Rik,-3.2381752,-5.8795667,0.0012029696942567841,0.0116513518218533,0.0007905138339920949,Significant
Cyp4v3,-3.238444,-1.0904089,0.0012018355527561658,0.01164234743271331,0.03399209486166008,Significant
Igfals,-3.2421238,-26.091988,0.0011864249589941093,0.011500889273081986,0.0,Significant
Babam1,-3.2421439,-2.1805007,0.0011863409458979022,0.011500889273081986,0.012648221343873518,Significant
Ncapd2,-3.243254,-1.727749,0.0011817286814785996,0.011459266493881633,0.015019762845849802,Significant
Chmp5,-3.2454133,-1.0806543,0.001172803166869396,0.01137465255062345,0.028458498023715414,Significant
Cct5,-3.248252,-1.7104889,0.0011611640834720005,0.011265606419659086,0.018972332015810278,Significant
Retsat,-3.2485142,-3.251576,0.001160093839879231,0.011257140991234371,0.006324110671936759,Significant
Rexo4,-3.2491467,-1.2501236,0.0011575180240206047,0.011237891526983334,0.02608695652173913,Significant
1700085D07Rik,-3.2507408,-3.7345269,0.0011510471253757208,0.011176973800480714,0.0031620553359683794,Significant
E2f6,-3.251972,-1.641506,0.0011460735022275769,0.01113437490024577,0.015810276679841896,Significant
Cmas,-3.257757,-1.1244886,0.0011229651193676044,0.010915458665399584,0.030039525691699605,Significant
Taf8,-3.2592773,-1.180268,0.0011169643367835034,0.010866404630239104,0.028458498023715414,Significant
Ncbp2,-3.2593176,-1.6266613,0.0011168054287342898,0.010866404630239104,0.01818181818181818,Significant
Mtln,-3.2607908,-3.83198,0.0011110195702992514,0.010814113735454645,0.0031620553359683794,Significant
Hemk1,-3.260831,-2.0585907,0.0011108614444113134,0.010814113735454645,0.012648221343873518,Significant
Gm34759,-3.26328,-5.671322,0.00110130730761237,0.010726914027156339,0.0007905138339920949,Significant
Vps52,-3.263643,-2.0932195,0.0010998964258363293,0.01071500468495234,0.013438735177865613,Significant
Adcy3,-3.2675784,-1.0187428,0.0010847186446639248,0.010576192524967215,0.034782608695652174,Significant
Atp5e,-3.2680087,-1.8767769,0.001083069978018626,0.010561926291892204,0.014229249011857707,Significant
Mta2,-3.2781932,-1.386,0.0010447382416371588,0.010209102491343994,0.023715415019762844,Significant
Pbx2,-3.2784019,-1.4191884,0.001043966657260969,0.010203313668228088,0.02292490118577075,Significant
Dnaaf10,-3.279532,-1.1717637,0.0010397943317438942,0.010164279664176667,0.02608695652173913,Significant
1810037I17Rik,-3.2797203,-2.2539918,0.0010391004461913706,0.01015924081500392,0.011067193675889328,Significant
Ubfd1,-3.280393,-1.1938939,0.0010366257798788067,0.010136786627525181,0.02766798418972332,Significant
Gm38604,-3.2825859,-1.4833329,0.0010285961875918194,0.010061724019526848,0.020553359683794466,Significant
AI838599,-3.2836018,-1.4935206,0.0010248964988724962,0.010027256278745499,0.023715415019762844,Significant
Gm26981,-3.2865884,-5.0472045,0.001014089171750702,0.009930051853595308,0.0015810276679841897,Significant
Slc25a38,-3.2883844,-1.8558209,0.0010076410605317533,0.00987200440945261,0.014229249011857707,Significant
Tmem109,-3.2891717,-1.0795692,0.0010048274609939676,0.009846133274213992,0.02924901185770751,Significant
Yod1,-3.2926562,-1.6715002,0.0009924578312155575,0.009733300269935422,0.017391304347826087,Significant
Pip4p1,-3.294385,-1.130094,0.0009863732394585435,0.009676960480359912,0.02924901185770751,Significant
Atp13a1,-3.2954679,-1.4001676,0.0009825791070988098,0.009643060485576237,0.020553359683794466,Significant
Lyplal1,-3.2971363,-1.2831775,0.0009767611615843074,0.009587615463156706,0.025296442687747035,Significant
Mthfsd,-3.2972438,-1.6270932,0.0009763869078623019,0.00958559429665299,0.017391304347826087,Significant
Lzic,-3.3010042,-1.1921116,0.0009633944803321839,0.009464569548756881,0.026877470355731226,Significant
4921511C10Rik,-3.3012664,-2.5223136,0.0009624940339078248,0.009458987363608121,0.007905138339920948,Significant
Tab1,-3.3015895,-1.0611843,0.0009613868622048615,0.009449737497118423,0.034782608695652174,Significant
Ndufb4,-3.3051682,-2.0443892,0.0009491944457727617,0.009334729004619485,0.013438735177865613,Significant
Tst,-3.3062108,-2.9498205,0.0009456691822084729,0.009301666765267344,0.007905138339920948,Significant
Eif5a,-3.3065405,-1.8003095,0.0009445572696360188,0.009292335088172865,0.015810276679841896,Significant
Slc25a53,-3.3089285,-1.2087117,0.0009365376768126248,0.009220033387879098,0.02608695652173913,Significant
Katnal2,-3.3089755,-1.7015271,0.0009363801800662398,0.009220033387879098,0.01818181818181818,Significant
Akr1e1,-3.309682,-1.0696416,0.0009340206715147708,0.009201396376595599,0.03557312252964427,Significant
Ccnj,-3.311525,-1.5066618,0.0009278893950962126,0.009142576578330756,0.020553359683794466,Significant
Nudt18,-3.3119218,-3.2272568,0.0009265740456680262,0.009131196388782119,0.005533596837944664,Significant
Prpf19,-3.3121371,-1.6116076,0.0009258613586423764,0.009125752401325179,0.016600790513833993,Significant
Gm26944,-3.3121774,-2.4287646,0.0009257277863835212,0.009125752401325179,0.009486166007905139,Significant
Nacc1,-3.3144176,-1.6653291,0.000918342459134101,0.009054777136892614,0.01818181818181818,Significant
Hypk,-3.3162944,-1.8522534,0.0009121968270488271,0.0090004157908486,0.015810276679841896,Significant
Adprm,-3.317586,-1.2645845,0.0009079897377220652,0.008960458172553226,0.023715415019762844,Significant
Sesn2,-3.3202295,-1.8595561,0.000899434368167179,0.008879107551630953,0.017391304347826087,Significant
Idh3g,-3.320539,-1.7493439,0.0008984378756180671,0.008870808232281664,0.016600790513833993,Significant
Tmem14c,-3.3214405,-2.2948925,0.0008955408786360782,0.008846806587511611,0.008695652173913044,Significant
Adh5,-3.3217633,-2.1212673,0.0008945052563673243,0.008839643145229401,0.010276679841897233,Significant
Coq8a,-3.3224025,-2.3789368,0.000892458859204557,0.008820951206729157,0.010276679841897233,Significant
5830448L01Rik,-3.3226514,-5.727894,0.0008916630162270644,0.008814615244268277,0.0007905138339920949,Significant
Gm34280,-3.322705,-3.680625,0.000891491028587033,0.008814445330573753,0.0047430830039525695,Significant
Ly6e,-3.3238823,-1.8804758,0.0008877364839306575,0.00877884736566439,0.019762845849802372,Significant
Gm29394,-3.3239698,-1.2346671,0.0008874581606018782,0.008777619441172753,0.02608695652173913,Significant
Zbtb6,-3.3263645,-1.7451115,0.0008798677487254803,0.008705568980048232,0.015019762845849802,Significant
Rpia,-3.3281069,-1.482795,0.0008743833813432319,0.008654313248229614,0.02450592885375494,Significant
Nop10,-3.3287728,-3.8209772,0.0008722954258368004,0.008638151972621435,0.003952569169960474,Significant
1700108J01Rik,-3.3329704,-4.2527256,0.0008592410139936032,0.008516282433039124,0.0023715415019762848,Significant
Acot7,-3.3369997,-1.5438824,0.0008468802551549153,0.008399618291025262,0.02292490118577075,Significant
Styxl1,-3.3395224,-2.3278506,0.0008392260410550644,0.008326602196152015,0.009486166007905139,Significant
Med4,-3.3407264,-1.6710789,0.0008355950995357687,0.008293467066875754,0.018972332015810278,Significant
Eid1,-3.3413453,-2.1841319,0.0008337345918674036,0.008276443757936163,0.012648221343873518,Significant
Cox20,-3.3425696,-2.2003286,0.0008300653373764167,0.008242893333720011,0.009486166007905139,Significant
Apbb3,-3.3435516,-1.7754545,0.0008271327041639846,0.008218070722003394,0.016600790513833993,Significant
Hbb-bs,-3.3443925,-4.808251,0.0008246295286255132,0.008196060392645374,0.0015810276679841897,Significant
Ostm1,-3.3452873,-1.043131,0.0008219738681184426,0.008171091833891803,0.03557312252964427,Significant
Mnd1,-3.3491755,-1.1546388,0.0008105246379467516,0.008064316513948276,0.02766798418972332,Significant
E430024P14Rik,-3.3495386,-1.4309139,0.0008094625796181623,0.008055157068514118,0.02292490118577075,Significant
Pick1,-3.350077,-1.3527073,0.000807891533305588,0.00804092847368528,0.025296442687747035,Significant
Natd1,-3.3505073,-2.6954167,0.0008066367339375661,0.008029843053695621,0.0071146245059288534,Significant
Rnf166,-3.3517115,-1.6360637,0.0008031368130257683,0.007997798753148001,0.01818181818181818,Significant
Drap1,-3.3530905,-1.4297367,0.0007991458373231519,0.00795944780881889,0.023715415019762844,Significant
Mrpl33,-3.353568,-1.2388508,0.0007977678934752493,0.007947113649820533,0.028458498023715414,Significant
2010004M13Rik,-3.3535748,-4.9830217,0.0007977485015718314,0.007947113649820533,0.0015810276679841897,Significant
Zswim7,-3.3546982,-1.4154139,0.000794516183405985,0.007917491424452255,0.02292490118577075,Significant
Pnkd,-3.3552163,-1.1671648,0.0007930299310512068,0.007904063942584767,0.02766798418972332,Significant
Mrpl2,-3.3554785,-2.6892161,0.0007922781387224633,0.007899105893028524,0.008695652173913044,Significant
Mkrn2,-3.3556533,-1.6109643,0.000791777311377889,0.00789572537428518,0.019762845849802372,Significant
Knop1,-3.3558013,-1.1395264,0.0007913537639159868,0.007892883985135787,0.030039525691699605,Significant
1810062O18Rik,-3.3580146,-2.5448737,0.0007850448387735624,0.007834076089135195,0.009486166007905139,Significant
Rps6kb2,-3.360221,-2.3339558,0.0007788015899531905,0.007777187562774834,0.010276679841897233,Significant
2510039O18Rik,-3.3603218,-1.7457048,0.0007785171806148381,0.007775749303874671,0.017391304347826087,Significant
Dpy30,-3.3613377,-1.070051,0.0007756594922722673,0.007748566166574592,0.034782608695652174,Significant
4930509H03Rik,-3.3620977,-1.5672252,0.0007735273309428688,0.007729187392357991,0.018972332015810278,Significant
Rps25,-3.362165,-2.3233542,0.0007733389063967092,0.007729187392357991,0.012648221343873518,Significant
4933434E20Rik,-3.3630059,-1.0613769,0.0007709871920310966,0.007707300158258897,0.026877470355731226,Significant
Recql,-3.3631606,-1.8280927,0.0007705552004673012,0.007704334270379034,0.015019762845849802,Significant
Vrk3,-3.3638132,-1.9705089,0.0007687357941476106,0.007688843290806094,0.015019762845849802,Significant
Fbxl18,-3.3639343,-1.1846352,0.0007683986113957742,0.007686821035046869,0.028458498023715414,Significant
Gm7240,-3.3642368,-1.0181179,0.0007675562551481178,0.007679743581864166,0.034782608695652174,Significant
Mrpl37,-3.364432,-1.9297436,0.0007670138577147746,0.007677014602238879,0.015019762845849802,Significant
Neil2,-3.368199,-2.4836528,0.0007566095093115285,0.007578206168814027,0.010276679841897233,Significant
Lactb,-3.3685555,-1.613961,0.0007556316308150401,0.007569743260070231,0.020553359683794466,Significant
Adap2os,-3.3697598,-2.0306768,0.000752337652999793,0.007538071141907656,0.012648221343873518,Significant
Acss2os,-3.3697665,-26.156116,0.0007523192884014767,0.007538071141907656,0.0,Significant
Sult1a1,-3.3699615,-1.7731159,0.0007517868960992015,0.007535204656008561,0.017391304347826087,Significant
Gm9828,-3.3736007,-3.9884853,0.0007419189465268111,0.0074402266175031965,0.0023715415019762848,Significant
Slc25a35,-3.3758543,-2.93013,0.0007358689303762767,0.007380854811441883,0.006324110671936759,Significant
Fahd1,-3.376278,-2.4674735,0.0007347362979100334,0.007370792730672166,0.0071146245059288534,Significant
Msmo1,-3.381451,-1.4581217,0.0007210408861047217,0.0072372270572340835,0.021343873517786563,Significant
Mrpl27,-3.3817873,-3.0400648,0.000720158680443453,0.007229646583767747,0.006324110671936759,Significant
Eloa,-3.3831193,-1.0752318,0.0007166749851280021,0.007198481271507068,0.03320158102766799,Significant
Ift20,-3.3837314,-1.7504264,0.0007150791500897916,0.007183719457526962,0.017391304347826087,Significant
Rmi1,-3.3837583,-2.0567658,0.0007150090793039217,0.007183719457526962,0.012648221343873518,Significant
Gm42982,-3.3864424,-4.7802176,0.0007080514875746683,0.007115630030707586,0.0015810276679841897,Significant
4930453N24Rik,-3.3875725,-1.0665227,0.0007051408390138243,0.007087630099609209,0.03241106719367589,Significant
Wdr25,-3.388373,-1.1138233,0.0007030858609079071,0.007069470599674579,0.03636363636363636,Significant
Rbm7,-3.3884873,-1.198212,0.0007027927473244963,0.007068464914322897,0.03162055335968379,Significant
Cxcl10,-3.39066,-5.59533,0.0006972451196787023,0.0070144583674249085,0.0007905138339920949,Significant
Zfyve21,-3.3925169,-1.6010046,0.0006925370058779953,0.0069707883421776425,0.019762845849802372,Significant
Gps2,-3.3932364,-1.7485514,0.0006907197198796324,0.006953725525047056,0.015019762845849802,Significant
Sirt4,-3.3934114,-2.403585,0.0006902788062147737,0.006950515562276822,0.010276679841897233,Significant
Riox2,-3.3962433,-2.0633636,0.0006831757101707986,0.006881427226753131,0.012648221343873518,Significant
Pet100,-3.397017,-1.8133944,0.0006812472825760976,0.006864431342623531,0.017391304347826087,Significant
Zc3h8,-3.39958,-2.0520031,0.0006748944108959705,0.006802825748066464,0.011857707509881422,Significant
Ttpal,-3.4003537,-1.797288,0.0006729877253664818,0.006784807731956948,0.017391304347826087,Significant
Cnih4,-3.400535,-1.1636235,0.0006725407952653548,0.006782703758980617,0.03162055335968379,Significant
Gabarapl1,-3.4009793,-1.3028796,0.0006714494608631269,0.006772897032950808,0.028458498023715414,Significant
Fh1,-3.4014904,-1.2826728,0.0006701948123674008,0.0067614391940134955,0.02450592885375494,Significant
Hif1an,-3.4026608,-1.2889204,0.0006673305307360163,0.006733735203019582,0.025296442687747035,Significant
H2-Ab1,-3.4031048,-2.3814945,0.0006662470595649488,0.006723993941632001,0.010276679841897233,Significant
Mtres1,-3.4051094,-1.5075035,0.0006613753569512943,0.006678378116716377,0.019762845849802372,Significant
6430550D23Rik,-3.4058225,-2.1227715,0.000659650470853026,0.006663324012922149,0.012648221343873518,Significant
Tfrc,-3.4066904,-1.1315124,0.0006575569601626685,0.006644534315638421,0.02924901185770751,Significant
Rab24,-3.4068987,-1.5713259,0.0006570547900391179,0.006641817290896043,0.022134387351778657,Significant
Syf2,-3.4074974,-2.0392458,0.0006556150567641982,0.006629617642907159,0.014229249011857707,Significant
Gm37391,-3.4083316,-4.2025657,0.0006536140268666173,0.006610557069948855,0.0031620553359683794,Significant
Gm29642,-3.408493,-1.9772519,0.0006532273873814114,0.00660782033485254,0.013438735177865613,Significant
Slc31a1,-3.4102018,-1.0212287,0.0006491484695940183,0.006570060968210629,0.03557312252964427,Significant
Bpnt1,-3.4105718,-1.7310995,0.0006482683649779015,0.006562319816925634,0.015019762845849802,Significant
Gpalpp1,-3.4112983,-1.416335,0.0006465433877423549,0.006546021877922729,0.02292490118577075,Significant
Timm13,-3.4147828,-2.1413972,0.0006383290672747297,0.006465153934487796,0.010276679841897233,Significant
Htr2b,-3.4172852,-5.4466915,0.0006324899844001563,0.006408293986072829,0.0015810276679841897,Significant
Cd320,-3.4175541,-2.434384,0.0006318650934344801,0.006403102026206217,0.008695652173913044,Significant
Ndufc1,-3.4181058,-3.5404427,0.0006305858620603789,0.006392414023781385,0.0047430830039525695,Significant
Ccdc90b,-3.4185834,-1.1352234,0.0006294801815039897,0.006382341704953468,0.030039525691699605,Significant
Pogk,-3.4196396,-2.0246832,0.0006270416264958644,0.006359881947684541,0.012648221343873518,Significant
Mst1r,-3.4228213,-1.3613702,0.0006197479187839949,0.006288144376956424,0.025296442687747035,Significant
Ndufb7,-3.4237294,-2.4796684,0.0006176807315780687,0.00626940437375879,0.010276679841897233,Significant
Phb,-3.4245434,-1.9655759,0.0006158333734350442,0.006252883045072191,0.012648221343873518,Significant
Gm14399,-3.4265683,-1.5576437,0.0006112601572841891,0.006209770671885641,0.021343873517786563,Significant
Tmem223,-3.4280481,-3.2205083,0.0006079376197202372,0.006179324527756163,0.006324110671936759,Significant
Tbc1d24,-3.42975,-1.3973273,0.0006041374821155217,0.006142891494489272,0.02450592885375494,Significant
Tmem230,-3.4335103,-1.2016929,0.0005958193821199621,0.006064810768196776,0.028458498023715414,Significant
Atg4d,-3.4346404,-1.8132305,0.0005933403988526671,0.0060406571877471334,0.015810276679841896,Significant
Gsk3a,-3.4357774,-1.4612803,0.0005908563492153991,0.0060175194742754495,0.02292490118577075,Significant
Pvr,-3.436618,-1.6664776,0.0005890252663845255,0.005999944131163017,0.022134387351778657,Significant
Snx11,-3.4371834,-1.1761018,0.0005877977479059849,0.005988511641351706,0.02766798418972332,Significant
Mark4,-3.4391139,-1.3231674,0.0005836216716283823,0.0059480940762827485,0.02766798418972332,Significant
Wdr12,-3.4409435,-1.1218073,0.0005796893667215229,0.00591119130202189,0.030039525691699605,Significant
Fbxw5,-3.4425378,-1.9657519,0.0005762831824343809,0.005877510422890217,0.014229249011857707,Significant
Ctns,-3.4434729,-1.3935363,0.0005742941420307187,0.005858273511531916,0.02608695652173913,Significant
Zfp408,-3.4437084,-2.0162525,0.0005737943129519162,0.0058552727551604055,0.012648221343873518,Significant
Jpt1,-3.4457803,-1.3654416,0.0005694132509687117,0.005813691935343269,0.02450592885375494,Significant
2310011J03Rik,-3.4480338,-2.6551623,0.0005646835120768409,0.005769539540851856,0.007905138339920948,Significant
Abcb10,-3.4480338,-1.3881798,0.0005646835120768409,0.005769539540851856,0.020553359683794466,Significant
4930473A02Rik,-3.4484305,-4.7883177,0.0005638543121842041,0.00576313559326526,0.0023715415019762848,Significant
Rpl39,-3.4488745,-1.7905649,0.0005629280764848389,0.005754701544546358,0.019762845849802372,Significant
Rpl7a,-3.4496684,-2.2772295,0.0005612756099092678,0.005738839020262816,0.011857707509881422,Significant
Rer1,-3.4504554,-1.191981,0.0005596416087211914,0.005723159634014613,0.030039525691699605,Significant
Fkbp2,-3.4591196,-2.7512703,0.0005419441206858471,0.0055441681954676286,0.0071146245059288534,Significant
Abca2,-3.4603102,-3.1439166,0.0005395532500861561,0.005523678822933443,0.005533596837944664,Significant
Xylt2,-3.4702055,-1.3184029,0.0005200602113598963,0.005329868339640723,0.025296442687747035,Significant
Jagn1,-3.4704478,-2.38968,0.0005195914884432495,0.005326023212141687,0.008695652173913044,Significant
Ddit3,-3.4705083,-1.9957775,0.0005194743692515364,0.005325781429519578,0.015019762845849802,Significant
Gm38134,-3.4716182,-3.255541,0.000517331539860366,0.005304767731170377,0.0047430830039525695,Significant
Elob,-3.472338,-2.3900585,0.0005159463541883201,0.005292470069147385,0.009486166007905139,Significant
Cnpy2,-3.4752104,-1.645731,0.0005104529102171128,0.005237062911832905,0.019762845849802372,Significant
Zfp846,-3.4752574,-1.4675468,0.0005103633096961329,0.005237062911832905,0.02292490118577075,Significant
Zfp367,-3.4753852,-1.778935,0.0005101201821809024,0.0052364797716897,0.017391304347826087,Significant
Sft2d2,-3.478809,-1.7019331,0.0005036469740356878,0.005172828706451317,0.019762845849802372,Significant
Mrpl52,-3.4788227,-2.2273703,0.000503621690757677,0.005172828706451317,0.011067193675889328,Significant
Gm43481,-3.479011,-2.0293524,0.0005032678490902744,0.005170800179546971,0.013438735177865613,Significant
Gm47423,-3.48039,-26.223326,0.0005006842745335599,0.00514518377119932,0.0,Significant
Gm11906,-3.4831278,-2.591818,0.0004955915401245337,0.005095608141247937,0.007905138339920948,Significant
Ccdc9b,-3.4831414,-1.3370842,0.000495566634091197,0.005095608141247937,0.0308300395256917,Significant
Pgam5,-3.4832287,-1.7756326,0.0004954047733204269,0.005095528034255495,0.017391304347826087,Significant
Adap1,-3.485395,-1.6263748,0.0004914113042920373,0.0050571933991854145,0.020553359683794466,Significant
Mir670hg,-3.4856842,-2.5061305,0.0004908802927797024,0.005052641856682761,0.007905138339920948,Significant
Eral1,-3.4894176,-1.788761,0.0004840743903464561,0.0049843905715583284,0.016600790513833993,Significant
Leng1,-3.4898076,-2.134633,0.00048336824486616844,0.004978920266086197,0.011857707509881422,Significant
Adcy10,-3.4899893,-3.3464494,0.00048303984979022,0.004976437866275542,0.003952569169960474,Significant
Mrps24,-3.4902651,-2.6981354,0.0004825415736663806,0.004972204080010383,0.007905138339920948,Significant
Fzd3,-3.49118,-1.325392,0.00048089218563192863,0.004956105328881022,0.026877470355731226,Significant
Cdc42ep4,-3.4929423,-1.2478791,0.000477729500934502,0.004925293411680513,0.026877470355731226,Significant
9030025P20Rik,-3.4942677,-3.3767278,0.000475364241901287,0.004901795599076636,0.005533596837944664,Significant
P4hb,-3.4964404,-1.0228817,0.0004715098019665952,0.004862930562177123,0.04031620553359684,Significant
Rsf1os2,-3.4965549,-3.540718,0.00047130774655496197,0.004861727245758349,0.0047430830039525695,Significant
Ppa2,-3.498243,-1.047259,0.00046833384287508134,0.0048319255928882055,0.03873517786561265,Significant
Gm13091,-3.5050037,-4.6302347,0.0004566008846773942,0.004716000539527572,0.0023715415019762848,Significant
Itfg2,-3.5067258,-1.6622695,0.0004536563348100267,0.004686437837521359,0.018972332015810278,Significant
Lysmd3,-3.5084882,-1.283419,0.00045066112755975094,0.004657186073390159,0.030039525691699605,Significant
Galc,-3.5089457,-1.2566277,0.00044988676769437767,0.004650027670953995,0.025296442687747035,Significant
Slx1b,-3.5093493,-1.7632163,0.000449204540402362,0.004643819124010693,0.019762845849802372,Significant
Gm26533,-3.5102642,-2.6911106,0.00044766173157667605,0.00462955079144706,0.007905138339920948,Significant
Lrrc51,-3.5103045,-1.6181433,0.00044759378051890817,0.00462955079144706,0.020553359683794466,Significant
Pcid2,-3.5137286,-1.1389561,0.0004418641869901521,0.00457125520919445,0.03241106719367589,Significant
Odad1,-3.5151277,-1.2183383,0.00043954258468517984,0.004548890278909274,0.02766798418972332,Significant
Fbxo46,-3.5151343,-1.765166,0.0004395314506892839,0.004548890278909274,0.019762845849802372,Significant
A730049H05Rik,-3.5156457,-3.0249279,0.00043868603691178535,0.004542502569156932,0.005533596837944664,Significant
Ptdss2,-3.5178587,-1.601759,0.0004350437639016633,0.004505606940764753,0.017391304347826087,Significant
Gm49971,-3.517953,-2.0510173,0.0004348894015646087,0.004504827617698814,0.012648221343873518,Significant
2810001A02Rik,-3.5195136,-3.5140274,0.000432338829919953,0.004480852805692036,0.0047430830039525695,Significant
Ntmt1,-3.520442,-1.0577042,0.00043082831087590506,0.004466010349460206,0.030039525691699605,Significant
Zfp146,-3.5207176,-1.106491,0.0004303804837800841,0.004462180467392893,0.03241106719367589,Significant
Kyat1,-3.5209398,-1.8436438,0.00043002035330082244,0.004459258593571686,0.015810276679841896,Significant
Ptcd1,-3.523664,-2.7094777,0.00042562342488005304,0.0044160756989969204,0.0071146245059288534,Significant
Nelfa,-3.5247471,-1.0718261,0.00042388719975168266,0.004399664790568822,0.034782608695652174,Significant
Arpc5l,-3.5272899,-1.4890614,0.00041983680242549447,0.004360008638867424,0.023715415019762844,Significant
4930599N23Rik,-3.5307813,-1.5067908,0.0004143343998584206,0.004306007494495041,0.022134387351778657,Significant
Zfp330,-3.532584,-1.377164,0.0004115195224938786,0.004280660053036891,0.023715415019762844,Significant
Alg5,-3.5401652,-1.5455043,0.00039987669230411005,0.004161070675527838,0.02450592885375494,Significant
Acp1,-3.5401988,-1.0404873,0.0003998257308279884,0.004161070675527838,0.037944664031620556,Significant
Tti1,-3.5423715,-1.0935813,0.0003965464464926728,0.004128680052978476,0.03399209486166008,Significant
Ctsz,-3.5453448,-1.4365549,0.0003920997138133753,0.004084623088958544,0.025296442687747035,Significant
Cln3,-3.547881,-1.8658687,0.00038834377665873253,0.004046977120557263,0.015019762845849802,Significant
Gm5817,-3.549213,-1.9807698,0.00038638465453133623,0.004028035264311391,0.013438735177865613,Significant
Ttc1,-3.5508475,-1.552168,0.0003839929011167469,0.0040053012973967185,0.023715415019762844,Significant
Gemin2,-3.5515807,-2.8857858,0.00038292455853838534,0.003994889572688567,0.007905138339920948,Significant
Zdhhc7,-3.5524216,-2.0217652,0.00038170281482069734,0.0039828733697462575,0.015019762845849802,Significant
Mrpl4,-3.553101,-2.8424206,0.00038071830807057084,0.003973328661995303,0.0071146245059288534,Significant
Rpl18a,-3.5554082,-2.227605,0.00037739257186457896,0.0039400642527577905,0.011067193675889328,Significant
Tmem70,-3.55709,-1.7632626,0.00037498569668452907,0.003915653870330785,0.01818181818181818,Significant
Dcps,-3.5584555,-1.0527769,0.0003730418782737188,0.0038967854688651297,0.03399209486166008,Significant
Gm2a,-3.559875,-1.9751472,0.00037103144255419036,0.003877207078450753,0.015019762845849802,Significant
Scoc,-3.5617921,-1.5082226,0.0003683320026781032,0.003851118722822966,0.020553359683794466,Significant
4933433G15Rik,-3.563077,-3.5375135,0.0003665331925809666,0.0038337190519384307,0.005533596837944664,Significant
2410004B18Rik,-3.5660636,-2.548181,0.00036238335502424837,0.003792404083520626,0.010276679841897233,Significant
Egfros,-3.5668306,-2.0925686,0.00036132496674334103,0.0037827183179504655,0.018972332015810278,Significant
Irgm2,-3.570981,-2.7114995,0.0003556466535796757,0.003725326729484973,0.0071146245059288534,Significant
Gpr156,-3.5736651,-1.5875853,0.0003520191670304916,0.003688007983419176,0.020553359683794466,Significant
Pcbp1,-3.576349,-1.6710305,0.0003484263083057285,0.003653727886047235,0.021343873517786563,Significant
Gm55594,-3.5768805,-3.1083174,0.0003477190205579461,0.0036476545227689776,0.0071146245059288534,Significant
Zfp703,-3.5776675,-1.8448825,0.0003466739854259292,0.0036387029316383105,0.016600790513833993,Significant
BC051226,-3.5777214,-3.399512,0.0003466026374479749,0.0036386247748755787,0.003952569169960474,Significant
Zfp783-1,-3.5809705,-1.2620263,0.00034232036300013306,0.003596321732396785,0.0308300395256917,Significant
Blvra,-3.5838697,-1.0569072,0.000338540958857062,0.0035585860694627965,0.03636363636363636,Significant
Elmo2,-3.5867891,-1.0719095,0.0003347747231185211,0.003519646881294629,0.03557312252964427,Significant
Gtpbp1,-3.5880134,-1.5184233,0.00033320703156885275,0.0035038119269735998,0.023715415019762844,Significant
Dvl3,-3.5892243,-1.5792563,0.00033166332607003843,0.003489512462999641,0.023715415019762844,Significant
Ift46,-3.5899913,-1.3395461,0.0003306891100812503,0.003479905491986042,0.02924901185770751,Significant
Eif2b1,-3.5901864,-4.8722143,0.0003304417108073946,0.003477944816096831,0.0015810276679841897,Significant
Tmem181a,-3.5936642,-1.0189495,0.00032606014302740663,0.003433732310731193,0.034782608695652174,Significant
Sephs1,-3.594727,-1.3726501,0.0003247319811878212,0.0034203780504653584,0.02292490118577075,Significant
Mettl2,-3.6021466,-1.9020497,0.00031560017338015314,0.0033278869393406113,0.014229249011857707,Significant
Pakap,-3.603472,-2.5150778,0.0003139947167485912,0.0033127984373506635,0.010276679841897233,Significant
Zfp617,-3.606795,-1.7135397,0.00031000241269019536,0.0032737105676914715,0.018972332015810278,Significant
Cacng7,-3.6080194,-1.1738235,0.0003085435817475617,0.003258909309643463,0.02608695652173913,Significant
Dalrd3,-3.6081538,-2.5824404,0.00030838366324030666,0.0032578245210698148,0.009486166007905139,Significant
4930581F22Rik,-3.6091695,-2.1854205,0.0003071787810486155,0.0032456980834457624,0.014229249011857707,Significant
Shisa5,-3.6097279,-1.4226396,0.00030651837359802376,0.0032393212158584018,0.028458498023715414,Significant
Adar,-3.6097345,-1.0633999,0.00030651042499323284,0.0032393212158584018,0.03715415019762846,Significant
2010007H06Rik,-3.6115913,-2.595182,0.0003043239728485235,0.00321851993647247,0.010276679841897233,Significant
Rfesd,-3.61517,-2.1428792,0.0003001506553657098,0.0031755627029317877,0.011857707509881422,Significant
Asb13,-3.6156073,-1.1211232,0.00029964444799692954,0.003171385597284975,0.03636363636363636,Significant
Gart,-3.6156878,-1.3699359,0.0002995510818033427,0.003170986828214192,0.028458498023715414,Significant
Gm17491,-3.623545,-1.3035295,0.00029059270724179545,0.003079017369381294,0.028458498023715414,Significant
Gtf2b,-3.6239686,-1.3729776,0.00029011671365569296,0.003075118352991216,0.02766798418972332,Significant
Sncg,-3.6246078,-3.198449,0.0002894003264807868,0.00306857522253924,0.005533596837944664,Significant
Tubb5,-3.6249173,-1.9796834,0.0002890540400733094,0.003065566417547832,0.017391304347826087,Significant
Trmu,-3.6252065,-1.6121548,0.0002887306886245091,0.0030627075523413138,0.021343873517786563,Significant
Map1lc3a,-3.626619,-2.6118858,0.0002871563932360686,0.003046575775527293,0.008695652173913044,Significant
Zfp14,-3.6274128,-2.2740188,0.00028627532177858984,0.003038360316382979,0.012648221343873518,Significant
Mfsd14a,-3.62859,-1.283811,0.00028497331035656125,0.003025105381247754,0.030039525691699605,Significant
Helb,-3.628637,-1.3298737,0.0002849213454813793,0.003025105381247754,0.02608695652173913,Significant
Gm44321,-3.6292427,-1.6565132,0.0002842540160552824,0.003019158352584188,0.022134387351778657,Significant
Mks1,-3.6299152,-2.3446932,0.0002835142565932295,0.0030124249458247957,0.010276679841897233,Significant
Tatdn3,-3.630144,-1.3352295,0.00028326314956390116,0.0030108805300201784,0.02766798418972332,Significant
1810034E14Rik,-3.634375,-1.9873048,0.0002786550917727291,0.0029635598768455304,0.015810276679841896,Significant
Fundc1,-3.6348662,-1.2416037,0.00027812486652878084,0.0029584733840865517,0.03241106719367589,Significant
Tmem79,-3.637631,-5.0844517,0.0002751572295040997,0.0029285472533070915,0.0015810276679841897,Significant
Gna11,-3.639501,-1.3673384,0.00027316677613021655,0.0029084497755479917,0.028458498023715414,Significant
Ostc,-3.6398106,-1.2730873,0.0002728387246576499,0.00290550024700416,0.03320158102766799,Significant
Gm56546,-3.6420708,-26.21309,0.00027045369779943,0.0028817185640713588,0.0,Significant
Csrp2,-3.64273,-1.1983415,0.0002697617547006406,0.0028754219532776443,0.045059288537549404,Significant
Gm29677,-3.6428108,-1.4511946,0.0002696771411016549,0.0028750582459219865,0.02292490118577075,Significant
Gtpbp8,-3.6442974,-1.0587075,0.0002681232816320004,0.0028600988721258396,0.03557312252964427,Significant
Gcsh,-3.6444724,-2.3613894,0.00026794102741392476,0.002858690283300785,0.011067193675889328,Significant
Macir,-3.6446607,-1.0140136,0.0002677448835168804,0.002857668493408564,0.04110671936758893,Significant
Cnr1,-3.6464028,-2.5627089,0.0002659369223711652,0.002838904067629644,0.009486166007905139,Significant
Slc44a3,-3.648125,-1.0013826,0.0002641611545096597,0.0028210053073770692,0.042687747035573126,Significant
Mfap1a,-3.6498806,-2.2559192,0.0002623621522476114,0.002803370859660582,0.011857707509881422,Significant
Scn1b,-3.6509032,-1.964488,0.0002613197566963207,0.0027932810711554716,0.016600790513833993,Significant
Lrsam1,-3.6510174,-1.2344553,0.0002612034147198793,0.0027925617043869037,0.03241106719367589,Significant
Gm45061,-3.654085,-5.205583,0.0002581007748027732,0.002761163262523227,0.0007905138339920949,Significant
Arl2,-3.654159,-3.2563534,0.00025802635903557873,0.002761163262523227,0.006324110671936759,Significant
Cox17,-3.6545289,-1.3488687,0.0002576545818798638,0.002757727358425061,0.02766798418972332,Significant
Gm28376,-3.6556053,-4.537676,0.0002565759023415799,0.0027472148279864424,0.0023715415019762848,Significant
Ncbp2as2,-3.6563048,-4.3526835,0.0002558770330337926,0.0027402471577914586,0.0031620553359683794,Significant
Wdtc1,-3.6586123,-1.03041,0.00025358473961847227,0.0027172315879968817,0.043478260869565216,Significant
Gabarapl2,-3.6589687,-1.3231281,0.0002532322593899438,0.0027139653833846773,0.02924901185770751,Significant
Cspg4,-3.6612692,-3.5884361,0.0002509687896053743,0.0026907199866163843,0.003952569169960474,Significant
Snhg4,-3.6631393,-2.9459946,0.0002491428884615613,0.00267215016234503,0.007905138339920948,Significant
Sox5os3,-3.6675992,-26.256376,0.00024483847823531077,0.002627468486467552,0.0,Significant
Ifitm3,-3.668891,-2.818192,0.0002436050391472083,0.0026152176723380823,0.011067193675889328,Significant
Gm43445,-3.6721332,-1.4352089,0.0002405342294333582,0.002584199916634877,0.022134387351778657,Significant
Ikzf5,-3.6733239,-2.1266859,0.00023941571210928477,0.0025732895741443305,0.014229249011857707,Significant
Slc11a2,-3.6737478,-1.2610134,0.00023901877471548837,0.002569858015686296,0.028458498023715414,Significant
Gm6598,-3.67401,-3.5883198,0.00023877336108151342,0.0025677042404801615,0.0047430830039525695,Significant
Sh2b1,-3.6763442,-1.8440896,0.00023660019495678168,0.0025448152060888,0.017391304347826087,Significant
Sap18,-3.6770709,-1.5439907,0.00023592761649904412,0.0025385401381466497,0.02292490118577075,Significant
Man2b1,-3.6773129,-1.4913094,0.00023570382263940503,0.002536611484579543,0.025296442687747035,Significant
Nmnat1,-3.6800306,-2.3326588,0.0002332059814889496,0.002511153894092715,0.011067193675889328,Significant
Gm9968,-3.681995,-3.1075637,0.00023141609974331693,0.002493295011444505,0.007905138339920948,Significant
Nfyb,-3.683932,-1.3797648,0.0002296633718550565,0.002476285184017946,0.025296442687747035,Significant
Ndufa2,-3.684302,-1.9577029,0.00022933006954983158,0.0024731597519388185,0.015019762845849802,Significant
Gm52870,-3.6847394,-5.0764093,0.00022893675212795836,0.002469385793316552,0.0015810276679841897,Significant
Sox6os,-3.6887283,-6.049177,0.00022537760749671008,0.002431777699256762,0.0007905138339920949,Significant
Mrpl21,-3.6890447,-1.9673152,0.0002250977495795249,0.002429357649508667,0.015019762845849802,Significant
Nupl2,-3.689724,-1.3495959,0.00022449745606423674,0.0024233383214698964,0.02608695652173913,Significant
Zbtb8os,-3.691298,-1.7471007,0.00022311244594448262,0.002409301305618203,0.015810276679841896,Significant
Ano8,-3.6921322,-1.9947098,0.00022238176439882192,0.0024023221488585315,0.015810276679841896,Significant
Slc46a3,-3.693471,-2.1389027,0.0002212138319592774,0.0023901587866400785,0.012648221343873518,Significant
Gm12258,-3.6957984,-1.8643303,0.00021919685459954698,0.0023692650147594542,0.015810276679841896,Significant
Rrp36,-3.6977022,-2.0946243,0.00021755998017321682,0.00235201876420033,0.016600790513833993,Significant
S100a11,-3.698422,-1.1329031,0.00021694408663768653,0.0023458057799537616,0.03557312252964427,Significant
Cd151,-3.6994712,-2.8204608,0.00021604908105641977,0.0023365718374992587,0.007905138339920948,Significant
Zer1,-3.699828,-1.2770021,0.00021574579850354002,0.002333735089777749,0.0308300395256917,Significant
Gpr18,-3.7027001,-4.189389,0.00021331691473941894,0.002308777502789822,0.0031620553359683794,Significant
Lap3,-3.7046106,-2.0635214,0.00021171569528713067,0.0022918827766814655,0.015019762845849802,Significant
Tmed4,-3.7064269,-2.4644825,0.00021020388151993643,0.0022759496515738164,0.009486166007905139,Significant
Eeig1,-3.7064807,-1.088394,0.0002101592420707639,0.0022758990876286357,0.04031620553359684,Significant
Ankrd46,-3.7081423,-1.2614853,0.00020878537197140828,0.0022614509920912992,0.028458498023715414,Significant
Gm42585,-3.7091782,-3.2401314,0.000207933062930541,0.002253076410338332,0.005533596837944664,Significant
Zmym3,-3.7121582,-1.89177,0.0002054994758999619,0.0022271308826074857,0.015810276679841896,Significant
Zfp952,-3.712535,-1.167429,0.00020519375590768776,0.0022242409394897487,0.03241106719367589,Significant
Ciapin1,-3.713026,-1.5909165,0.00020479586948043954,0.002220773491541746,0.022134387351778657,Significant
Cct2,-3.713665,-1.4627162,0.00020427915727965208,0.0022155922846972703,0.025296442687747035,Significant
Mrgbp,-3.714452,-1.9851135,0.00020364446825835354,0.0022091292945511354,0.014229249011857707,Significant
4930512B01Rik,-3.714869,-4.499017,0.00020330888868461805,0.0022063296036956043,0.0023715415019762848,Significant
Nbn,-3.7168872,-1.0830541,0.0002016924418768467,0.0021896223704307963,0.03873517786561265,Significant
Ctbp2,-3.7176945,-2.068545,0.00020104925011161666,0.0021830559402375217,0.015810276679841896,Significant
Zfp770,-3.718192,-2.4084105,0.00020065357625599173,0.0021791751450681717,0.011857707509881422,Significant
C2cd2l,-3.720244,-1.6291099,0.00019903046707746348,0.0021627850812705814,0.021343873517786563,Significant
Elac1,-3.7212193,-1.1497523,0.00019826315876439392,0.0021548582789088287,0.03162055335968379,Significant
Zfp563,-3.7215421,-1.1564276,0.00019800976617944787,0.002152515100424578,0.030039525691699605,Significant
Dus4l,-3.7229145,-2.4230394,0.00019693623851710568,0.0021416627878920007,0.010276679841897233,Significant
Nhej1,-3.7238429,-1.4108144,0.00019621313224566186,0.0021342066787392996,0.02608695652173913,Significant
Akt1s1,-3.7240043,-2.1210604,0.0001960876295847724,0.0021333628339100723,0.013438735177865613,Significant
Aldh9a1,-3.724206,-1.8891793,0.00019593085733053087,0.0021323583614789293,0.017391304347826087,Significant
Inf2,-3.7267287,-1.829622,0.0001939811154061729,0.002111542476073961,0.017391304347826087,Significant
Aen,-3.7273138,-1.9234651,0.0001935313883273895,0.0021070498628584866,0.015810276679841896,Significant
Cant1,-3.7289283,-1.2945073,0.00019229583625066476,0.0020943988546191857,0.028458498023715414,Significant
Nudt6,-3.7297087,-1.5971521,0.00019170131369659215,0.0020883230348570222,0.020553359683794466,Significant
1700037C18Rik,-3.7340946,-4.572894,0.000188391701076525,0.0020550214273943315,0.0015810276679841897,Significant
Atp5g2,-3.736106,-1.6556232,0.00018689197889591155,0.002039052724719697,0.02292490118577075,Significant
Letm2,-3.7376127,-1.0714829,0.0001857758018331403,0.0020276518942267284,0.030039525691699605,Significant
Tex261,-3.7409225,-1.3538741,0.0001833461577613375,0.0020019009720207703,0.0308300395256917,Significant
Ing4,-3.7501853,-2.4744737,0.00017670395674217792,0.0019334550347533347,0.010276679841897233,Significant
Edf1,-3.7521093,-3.4640734,0.0001753530688290955,0.0019197806368385938,0.0047430830039525695,Significant
Npdc1,-3.7524724,-1.2617925,0.0001750990985358098,0.001917368801870682,0.0308300395256917,Significant
Igf1os,-3.7528424,-1.3070025,0.0001748407807043697,0.0019154310638545518,0.02450592885375494,Significant
Serac1,-3.7538245,-1.1801164,0.00017415680157873884,0.00190851856017994,0.03715415019762846,Significant
Minpp1,-3.7539253,-1.0206926,0.00017408667247885545,0.001908117269993938,0.03873517786561265,Significant
Commd4,-3.7560847,-3.388661,0.0001725922601269073,0.001893195123075752,0.0047430830039525695,Significant
Trim56,-3.7571948,-1.5664952,0.00017182880723766192,0.0018855471406667387,0.02450592885375494,Significant
Gm45669,-3.758641,-3.1804538,0.00017083877031867954,0.0018754059033576115,0.006324110671936759,Significant
Tmem254,-3.75928,-1.8158344,0.00017040302350343972,0.0018709831394734596,0.018972332015810278,Significant
Gm37008,-3.7598922,-4.872841,0.00016998660441833004,0.0018667709242399483,0.0015810276679841897,Significant
Ebpl,-3.7604842,-1.7782925,0.00016958482396630097,0.0018627178745110231,0.01818181818181818,Significant
Fkbp3,-3.764352,-1.4747279,0.00016698146065422168,0.0018355388708710496,0.025296442687747035,Significant
Adrb1,-3.7667806,-3.6449084,0.0001653662628798691,0.0018188372367476582,0.0047430830039525695,Significant
4833439L19Rik,-3.769014,-1.0765096,0.0001638938033125839,0.001803687099810947,0.04031620553359684,Significant
Gm19605,-3.770756,-2.3787441,0.00016275368229064606,0.0017914860667526923,0.010276679841897233,Significant
Mir133a-1hg,-3.7777858,-5.0734563,0.0001582289425940445,0.0017443783582279742,0.0015810276679841897,Significant
Gm15577,-3.778223,-26.245947,0.0001579514469171606,0.0017416563398354068,0.0,Significant
Ccdc73,-3.7782903,-4.020311,0.00015790879594747322,0.001741523290731178,0.0031620553359683794,Significant
Rxrb,-3.7784517,-2.7825978,0.00015780647783784462,0.001740732013670033,0.007905138339920948,Significant
Gm42669,-3.7807791,-2.559693,0.00015633830821045814,0.0017255397572808098,0.008695652173913044,Significant
Rps5,-3.7831268,-1.4564437,0.00015487043913241127,0.0017103331409306886,0.030039525691699605,Significant
Utp4,-3.7857032,-1.0850356,0.000153274502032934,0.0016933650407949738,0.034782608695652174,Significant
Cope,-3.7866316,-1.8225906,0.00015270326817380512,0.0016877090048689125,0.01818181818181818,Significant
Me2,-3.7870688,-1.5954416,0.0001524349035613465,0.0016850700531327182,0.02292490118577075,Significant
Rad52,-3.7887168,-1.1718358,0.00015142736060802913,0.001674257347646949,0.03241106719367589,Significant
Ocel1,-3.7896585,-3.109102,0.00015085443994759744,0.001668246778997115,0.0071146245059288534,Significant
Opa3,-3.7915084,-2.1799378,0.00014973499607427916,0.0016568325712136669,0.011857707509881422,Significant
Cdh23,-3.7916632,-2.7356753,0.00014964172512434056,0.0016561223460262538,0.007905138339920948,Significant
Pigg,-3.7928874,-1.1262271,0.0001489055946096945,0.0016482957742361226,0.03320158102766799,Significant
Narf,-3.7933517,-1.3559351,0.00014862740452232698,0.0016458562895577246,0.02766798418972332,Significant
Prdx3,-3.794078,-1.8330472,0.0001481929587155544,0.0016413645715274037,0.016600790513833993,Significant
Adipor1,-3.7947373,-1.0737338,0.00014779977435116687,0.0016373282006478195,0.039525691699604744,Significant
Lin54,-3.7958272,-1.0917021,0.00014715196960985753,0.0016307863568615993,0.037944664031620556,Significant
Ppp2r5d,-3.7959416,-2.0764587,0.00014708414531081356,0.001630352018326462,0.014229249011857707,Significant
Actr1b,-3.7962914,-2.6521158,0.00014687686542347517,0.0016286885285449076,0.010276679841897233,Significant
Atxn7l3,-3.797731,-2.2606094,0.0001460267206257011,0.0016195768405040994,0.014229249011857707,Significant
Cntrob,-3.7977376,-1.8550724,0.00014602275888508367,0.0016195768405040994,0.01818181818181818,Significant
Cds1,-3.7995875,-2.1173468,0.00014493711277223573,0.00160811849929148,0.014229249011857707,Significant
Foxred1,-3.8067584,-2.7299633,0.0001408001736501869,0.0015649624610219192,0.007905138339920948,Significant
Egf,-3.8111377,-2.0080917,0.00013832873844852442,0.0015395966958556351,0.014229249011857707,Significant
Ccnk,-3.8116958,-1.4090617,0.00013801659332841673,0.0015364228427592133,0.026877470355731226,Significant
Gm39103,-3.812732,-2.560418,0.0001374391893849178,0.0015305935620509687,0.010276679841897233,Significant
Gm4890,-3.8165865,-3.6368434,0.00013531072023368162,0.001507479499281171,0.0047430830039525695,Significant
Gm15787,-3.8196607,-2.285918,0.00013363544688837475,0.001489811773858623,0.012648221343873518,Significant
Gm30054,-3.8200507,-4.592978,0.00013342423310119664,0.0014879179900147354,0.0023715415019762848,Significant
Sh3bp5l,-3.8209858,-2.9150264,0.00013291932778843252,0.0014825777558474312,0.008695652173913044,Significant
Wdr62,-3.8211539,-1.6228492,0.0001328287087111581,0.0014818572693420951,0.019762845849802372,Significant
Ngdn,-3.821201,-2.2600706,0.0001328033458029993,0.0014818572693420951,0.012648221343873518,Significant
Efcab8,-3.8212683,-2.8084056,0.00013276712099266925,0.0014817508107494277,0.009486166007905139,Significant
Emc8,-3.8233335,-1.9984636,0.00013165953902544096,0.0014699658454211046,0.014229249011857707,Significant
Gm38357,-3.8259974,-4.414026,0.00013024372212692745,0.0014544435735692049,0.0031620553359683794,Significant
Erh,-3.8264413,-1.6775529,0.00013000915209792214,0.001452108891645309,0.019762845849802372,Significant
Sirt5,-3.8268113,-2.068989,0.00012981398124986576,0.0014502134405235641,0.012648221343873518,Significant
Plod1,-3.8300266,-1.0054121,0.00012812935835973828,0.001432799252624088,0.04110671936758893,Significant
Letmd1,-3.8311298,-1.9174881,0.00012755613332757055,0.0014269496636159517,0.014229249011857707,Significant
Mfsd4a,-3.8392088,-2.8615022,0.00012343138105750463,0.0013818926993305882,0.0071146245059288534,Significant
Gm10644,-3.8402584,-2.5048573,0.0001229049312949952,0.0013765400654737062,0.009486166007905139,Significant
Smarcd3,-3.8408368,-1.1435958,0.00012261561484710643,0.0013735698849122737,0.03557312252964427,Significant
Stip1,-3.842162,-1.1564082,0.00012195529639837838,0.0013669796323267842,0.03241106719367589,Significant
Fhip2b,-3.8424244,-1.549955,0.00012182497162718151,0.001365787696283391,0.02608695652173913,Significant
Tbc1d16,-3.8455322,-1.2211822,0.00012029108156156675,0.001349654083782694,0.03557312252964427,Significant
Fbxl2,-3.8482633,-2.1748269,0.0001189581677088278,0.001335225118767665,0.015019762845849802,Significant
Tmem126b,-3.8495953,-2.9745386,0.00011831318972453466,0.0013290336034927457,0.0071146245059288534,Significant
Cdk2ap2,-3.8497162,-4.0935483,0.00011825471916495285,0.0013286389037039422,0.003952569169960474,Significant
D330023K18Rik,-3.8521178,-1.5464133,0.00011710066731236312,0.0013161920839781422,0.02292490118577075,Significant
Herpud1,-3.8578827,-1.1175306,0.00011437349679784249,0.0012865549745487849,0.03873517786561265,Significant
Atox1,-3.859847,-1.9149681,0.00011345804899746061,0.001276761811850673,0.01818181818181818,Significant
Pgls,-3.8667555,-1.9353329,0.00011029290771075848,0.001241880256665671,0.014229249011857707,Significant
Cbr4,-3.87137,-1.9682443,0.00010822530979505493,0.0012190815756756128,0.014229249011857707,Significant
Izumo4,-3.8714912,-1.5269029,0.00010817155352507116,0.0012187171407342851,0.02292490118577075,Significant
Gm55606,-3.8757763,-4.156057,0.00010628531955367614,0.0011979399011690169,0.003952569169960474,Significant
4933421O10Rik,-3.8762605,-1.802062,0.00010607408203665812,0.0011957957444564146,0.016600790513833993,Significant
Zswim3,-3.8768055,-1.5737507,0.00010583691338753941,0.0011938311579239068,0.025296442687747035,Significant
Zfp777,-3.8790119,-1.1424309,0.0001048816329746547,0.0011835245864466534,0.03636363636363636,Significant
Wbp2,-3.8798797,-2.1640902,0.00010450816232368678,0.0011795439585476806,0.012648221343873518,Significant
Kri1,-3.8826041,-1.3897151,0.00010334377701832967,0.0011673275158104958,0.02608695652173913,Significant
Os9,-3.883835,-1.0262979,0.00010282167327415505,0.0011616604956158061,0.04110671936758893,Significant
Rps28,-3.8842857,-1.8927763,0.00010263114389423537,0.0011599682343155333,0.01818181818181818,Significant
Tmx1,-3.8845077,-1.3543295,0.00010253742359358847,0.001159139058336812,0.028458498023715414,Significant
Dkc1,-3.8868823,-1.6991396,0.00010153994101059679,0.0011490035336018268,0.018972332015810278,Significant
Trim68,-3.886889,-1.7702292,0.00010153712833535871,0.0011490035336018268,0.019762845849802372,Significant
Zfp141,-3.9017959,-1.0580654,9.548167256225875e-05,0.001081739338911177,0.03715415019762846,Significant
Syvn1,-3.9027376,-1.063532,9.511079334672419e-05,0.0010779664976026716,0.03636363636363636,Significant
Bola3,-3.9046547,-3.9393125,9.435998855367071e-05,0.0010700960183697597,0.003952569169960474,Significant
Bloc1s2,-3.9054284,-2.0908518,9.405861999524644e-05,0.0010668908129779536,0.014229249011857707,Significant
Tubd1,-3.9055226,-2.073168,9.402199377501422e-05,0.0010666878556571198,0.015019762845849802,Significant
Zfp523,-3.9061682,-1.1675905,9.377120514404946e-05,0.0010640546417113033,0.03557312252964427,Significant
Nfu1,-3.907507,-1.08644,9.32533518460347e-05,0.0010586003005313121,0.034782608695652174,Significant
Mrpl18,-3.9084554,-3.366192,9.288806675116371e-05,0.0010546638901052867,0.005533596837944664,Significant
Mtarc1,-3.910857,-4.369314,9.196922889734276e-05,0.0010444395418116462,0.0031620553359683794,Significant
Gm26532,-3.911765,-2.3239098,9.162401141527023e-05,0.0010409343244207707,0.012648221343873518,Significant
AU022252,-3.9124916,-1.5046837,9.134871902795646e-05,0.0010382210399542654,0.02608695652173913,Significant
Ogfod1,-3.9133594,-1.3945749,9.102092145738664e-05,0.001034908603974651,0.02766798418972332,Significant
Gm28379,-3.9135075,-4.9593163,9.09651290136796e-05,0.0010344808091008449,0.0015810276679841897,Significant
Gm16794,-3.9137428,-2.994228,9.087643487705084e-05,0.0010336786013452161,0.007905138339920948,Significant
Strip2,-3.9152832,-1.2529953,9.02981343854096e-05,0.0010273059080998217,0.03399209486166008,Significant
Rae1,-3.9160097,-1.2458175,9.00266067093132e-05,0.0010244214653547168,0.03241106719367589,Significant
Ndufaf7,-3.917604,-1.362906,8.943345520897595e-05,0.0010180788430736304,0.02924901185770751,Significant
Sephs2,-3.9197028,-4.6039476,8.865822517536192e-05,0.0010096575999420567,0.0023715415019762848,Significant
Pdik1l,-3.9200056,-1.8107226,8.854693839415587e-05,0.0010085919622127683,0.019762845849802372,Significant
Btg2,-3.920685,-1.6776003,8.829764170301478e-05,0.0010059535846761434,0.023715415019762844,Significant
Rpl35a,-3.931697,-1.3784947,8.434838672904274e-05,0.0009617303741967205,0.0308300395256917,Significant
Bub3,-3.9324367,-1.0486937,8.408908763301445e-05,0.0009589659000423544,0.04031620553359684,Significant
Gm34917,-3.9327328,-1.6752714,8.398557906732242e-05,0.0009579773352709146,0.021343873517786563,Significant
Ppm1k,-3.9332576,-1.2187529,8.380238246711558e-05,0.0009560792346343474,0.037944664031620556,Significant
Gm48226,-3.938935,-2.5446184,8.184410315854472e-05,0.0009344866809606367,0.009486166007905139,Significant
Ddx27,-3.940287,-1.5893439,8.138415455258554e-05,0.0009294214088204519,0.023715415019762844,Significant
Mrps35,-3.9408252,-1.4618385,8.120177104192932e-05,0.0009275245827278832,0.023715415019762844,Significant
Grk6,-3.9442425,-1.5299071,8.005262063250407e-05,0.0009149490709424758,0.02450592885375494,Significant
Cdk10,-3.944303,-1.1686383,8.003240093921e-05,0.0009149016145110533,0.03320158102766799,Significant
Aars,-3.945487,-1.0143485,7.963796259286834e-05,0.0009109411868221206,0.04031620553359684,Significant
Mtfr1,-3.9467583,-1.031095,7.921643625334616e-05,0.0009063016067313208,0.03873517786561265,Significant
Zscan29,-3.9474108,-1.6809313,7.90009172492904e-05,0.0009040175299621875,0.02292490118577075,Significant
Hint2,-3.9495904,-3.1933682,7.828505042791776e-05,0.0008960058404856412,0.005533596837944664,Significant
Gm29506,-3.9568622,-2.186902,7.594072859900845e-05,0.000870048496409686,0.014229249011857707,Significant
Esd,-3.958739,-1.2548945,7.534653945606033e-05,0.0008634146313478629,0.03320158102766799,Significant
Gm17484,-3.9607031,-2.1903803,7.472937408271074e-05,0.0008565147523437262,0.012648221343873518,Significant
Tada3,-3.9705849,-2.0772796,7.169637597026016e-05,0.0008230772871214887,0.015810276679841896,Significant
Tmem192,-3.972381,-1.249923,7.11577678575641e-05,0.0008173884324344477,0.03320158102766799,Significant
Mrnip,-3.9746883,-2.6983876,7.047146368562281e-05,0.0008098316072094951,0.007905138339920948,Significant
Ccng2,-3.9760337,-1.0936056,7.007418144856428e-05,0.0008055913518802138,0.042687747035573126,Significant
4933431K23Rik,-3.9774196,-5.836581,6.966719645836819e-05,0.0008010742797932034,0.0007905138339920949,Significant
Tfb2m,-3.9783747,-1.3407025,6.938795657321424e-05,0.0007981857848960388,0.028458498023715414,Significant
Nmrk1,-3.9788322,-1.2542821,6.925461134058021e-05,0.0007968128559999954,0.0308300395256917,Significant
Mrps5,-3.97898,-2.1206722,6.921152216912298e-05,0.0007964780282603136,0.014229249011857707,Significant
Tead4,-3.9795787,-1.0529332,6.903746561250693e-05,0.0007946356032831528,0.04110671936758893,Significant
Gm454,-3.9797335,-3.6420543,6.899255209372349e-05,0.0007942791970822298,0.005533596837944664,Significant
Uba52,-3.9832585,-3.2386973,6.797676352873376e-05,0.0007832183108234781,0.006324110671936759,Significant
Wdr13,-3.9837697,-2.101371,6.783061584067363e-05,0.0007816925919011935,0.015810276679841896,Significant
Tcn2,-3.9845028,-1.5442828,6.762152819897627e-05,0.0007794407767566614,0.022134387351778657,Significant
Gm41077,-3.9847856,-2.2803288,6.754112520910721e-05,0.0007786716360663645,0.014229249011857707,Significant
Gm57182,-3.9859626,-2.293958,6.720708545800112e-05,0.0007749774510052738,0.012648221343873518,Significant
Aspscr1,-3.9872541,-1.003653,6.684239485441216e-05,0.0007710844419378207,0.04031620553359684,Significant
Eif3b,-3.9901872,-1.2874211,6.60211858917742e-05,0.000762538001189354,0.03320158102766799,Significant
Abcd4,-3.9905772,-1.2008531,6.591266482541594e-05,0.0007615935567824694,0.03399209486166008,Significant
Sema4b,-3.9924607,-1.2330519,6.539114049295008e-05,0.0007557209114692653,0.03557312252964427,Significant
Lama1,-3.9931874,-1.9885601,6.519102676798889e-05,0.0007535611561502345,0.018972332015810278,Significant
Las1l,-3.997042,-1.1207614,6.41389713753937e-05,0.000742002675555931,0.04031620553359684,Significant
Arpc3,-3.997378,-1.9580911,6.404793533416421e-05,0.0007412507085086675,0.019762845849802372,Significant
Igf2bp3,-3.9977684,-2.6613824,6.394248675264223e-05,0.0007401807558817241,0.009486166007905139,Significant
Gm37768,-3.998468,-2.1241384,6.375381792997738e-05,0.0007382969588673666,0.015810276679841896,Significant
2310039H08Rik,-3.9985487,-3.008019,6.373208239046002e-05,0.0007382163598625781,0.007905138339920948,Significant
Gm16091,-4.001327,-3.129202,6.29882782806265e-05,0.0007303228575803612,0.007905138339920948,Significant
Aasdhppt,-4.001744,-1.4906454,6.287732956587852e-05,0.0007291849333626658,0.02608695652173913,Significant
Ctbp1,-4.002464,-1.3008144,6.268628857667872e-05,0.0007272002548171898,0.03399209486166008,Significant
1700016K05Rik,-4.003022,-5.951509,6.2538476474539e-05,0.0007258465937498421,0.0007905138339920949,Significant
1700084C06Rik,-4.0096345,-1.8880668,6.081279097547973e-05,0.0007065376720944279,0.018972332015810278,Significant
Uqcrb,-4.0130854,-3.0107517,5.9930205986578086e-05,0.0006971370498634816,0.007905138339920948,Significant
Ccdc144b,-4.0136504,-6.494374,5.978684984614361e-05,0.0006956115686737359,0.0007905138339920949,Significant
4930549C15Rik,-4.013785,-6.497143,5.975276532410188e-05,0.0006953570836541356,0.0007905138339920949,Significant
Bcl2l2,-4.0140476,-1.0148162,5.968635342311034e-05,0.0006947262163257003,0.04426877470355731,Significant
Gm12526,-4.0161934,-4.856223,5.914575611489658e-05,0.0006887154394556904,0.0023715415019762848,Significant
Gm10419,-4.016489,-26.333527,5.907155587271573e-05,0.0006879921176003899,0.0,Significant
Tor1a,-4.0165634,-2.303255,5.905301959066101e-05,0.0006879169370932547,0.012648221343873518,Significant
Pigm,-4.0168324,-1.540986,5.89856613510761e-05,0.0006872728755865817,0.02450592885375494,Significant
Snapin,-4.017122,-2.2216227,5.8913332395553156e-05,0.0006865706221725732,0.013438735177865613,Significant
Nol11,-4.018857,-1.1072092,5.8481119374058555e-05,0.0006816731664848042,0.04031620553359684,Significant
Itgae,-4.019496,-3.5770502,5.8322728955178495e-05,0.000680105367486549,0.0047430830039525695,Significant
Lurap1,-4.0202293,-3.2745655,5.8141497295590643e-05,0.0006782698212473319,0.0047430830039525695,Significant
Zfp646,-4.02029,-2.282991,5.812655707490912e-05,0.0006782344849185247,0.013438735177865613,Significant
Hinfp,-4.0204916,-1.5581946,5.807678259429409e-05,0.0006777925963725558,0.025296442687747035,Significant
Nol8,-4.0254226,-1.3098186,5.6873094852942025e-05,0.0006649714361440188,0.0308300395256917,Significant
Gm9725,-4.027555,-3.2191973,5.63598900249837e-05,0.0006592416799327438,0.0047430830039525695,Significant
Gpt,-4.02773,-2.7107239,5.631799273808573e-05,0.0006588869579821942,0.008695652173913044,Significant
Slc35b4,-4.028705,-1.4336202,5.608487533499713e-05,0.0006562944690608448,0.026877470355731226,Significant
Psmd6,-4.035197,-1.6463828,5.4556566998634646e-05,0.0006388043350749035,0.02292490118577075,Significant
Nup50,-4.0365624,-1.3069667,5.424013075603113e-05,0.000635491210983368,0.0308300395256917,Significant
Nol7,-4.0371137,-1.8915758,5.4112802954902966e-05,0.0006341298853787054,0.01818181818181818,Significant
Arl2bp,-4.0378203,-1.154222,5.395017471221306e-05,0.0006323542400757769,0.03399209486166008,Significant
Gm16984,-4.0384793,-2.2994273,5.379880624671605e-05,0.0006308397501017831,0.013438735177865613,Significant
Ccdc117,-4.0394616,-1.9123102,5.3574044227846075e-05,0.0006284630515817435,0.017391304347826087,Significant
Klhdc1,-4.039697,-1.1175864,5.3520295286790214e-05,0.0006279619068463057,0.039525691699604744,Significant
Gm43809,-4.040343,-2.4515185,5.3373131767302634e-05,0.000626622576487006,0.011067193675889328,Significant
Tmem127,-4.0404572,-1.2136372,5.334711155370934e-05,0.0006264462526252348,0.03320158102766799,Significant
Atxn7l1os2,-4.043854,-4.427224,5.257961745316416e-05,0.0006176884665567609,0.0023715415019762848,Significant
Lemd2,-4.046316,-1.7893286,5.202992652202397e-05,0.0006113570049712272,0.019762845849802372,Significant
Pgam1,-4.050332,-2.3215206,5.1144969431490056e-05,0.0006014551227588755,0.013438735177865613,Significant
Gm15243,-4.0541396,-5.497,5.0319153686900903e-05,0.0005923553711155312,0.0015810276679841897,Significant
Vps29,-4.060873,-1.6590207,4.8889509290408625e-05,0.0005756446543641765,0.02292490118577075,Significant
Grem2,-4.062703,-1.45021,4.8507738954918626e-05,0.0005712676657356818,0.0308300395256917,Significant
Usp20,-4.0632277,-1.5448606,4.839878321569109e-05,0.000570102423476348,0.02924901185770751,Significant
Rnf7,-4.065488,-2.0843675,4.7932082265906145e-05,0.0005650726079302199,0.015019762845849802,Significant
Septin1,-4.0661335,-2.3789535,4.779952482226797e-05,0.0005636265775325658,0.010276679841897233,Significant
Ptpmt1,-4.068683,-2.276703,4.727958603804363e-05,0.0005578422935334112,0.013438735177865613,Significant
Mrps14,-4.072309,-3.278286,4.654937666656305e-05,0.0005495683302448199,0.0071146245059288534,Significant
Uros,-4.0727057,-2.9914508,4.647009906948524e-05,0.0005488599691175189,0.007905138339920948,Significant
Upk3b,-4.074596,-1.3593562,4.609427648915676e-05,0.0005446470632017172,0.048221343873517786,Significant
Zfp217,-4.0770717,-1.1896899,4.560645357797507e-05,0.0005393306486362365,0.039525691699604744,Significant
Lppos,-4.0779796,-3.9896462,4.542872743044386e-05,0.0005373405003358754,0.0047430830039525695,Significant
5830417I10Rik,-4.0805225,-1.1043143,4.493458197302701e-05,0.0005316060735770063,0.03557312252964427,Significant
Gm9856,-4.083859,-2.7562644,4.4293909209576806e-05,0.0005243533231398156,0.007905138339920948,Significant
Snrnp200,-4.0845923,-1.0186428,4.4154282150195404e-05,0.0005228091037459506,0.04426877470355731,Significant
Cfap97,-4.0850163,-1.2427413,4.4073770759385796e-05,0.0005220729313106275,0.03241106719367589,Significant
Gm45244,-4.087781,-5.781945,4.355193730406465e-05,0.000515998930926081,0.0007905138339920949,Significant
Spata1,-4.088191,-1.2731433,4.34749888597169e-05,0.0005151944517504974,0.03241106719367589,Significant
Ubl5,-4.09109,-2.4813862,4.293496731233924e-05,0.0005091128641674113,0.011067193675889328,Significant
Kit,-4.096425,-2.62154,4.195796167703078e-05,0.0004981501867914532,0.011857707509881422,Significant
Aimp1,-4.096889,-1.1060611,4.1873956034068863e-05,0.0004972565027186476,0.04426877470355731,Significant
Wiz,-4.098322,-1.388824,4.161563974699716e-05,0.0004942920615005768,0.030039525691699605,Significant
Dtymk,-4.100804,-1.9171935,4.117170887261113e-05,0.0004893254591766543,0.019762845849802372,Significant
Nsun3,-4.1042347,-1.2224026,4.0565537912718825e-05,0.0004822217733378127,0.03399209486166008,Significant
Mrps18a,-4.105345,-2.4606867,4.0371243766055305e-05,0.0004801125712788127,0.012648221343873518,Significant
Rpa1,-4.1100802,-1.0494621,3.9552133876832766e-05,0.0004707646436205549,0.04426877470355731,Significant
Gm10603,-4.1112037,-1.9723198,3.9360155713747475e-05,0.00046867558061407255,0.016600790513833993,Significant
Mtif3,-4.114648,-3.1119852,3.877707298759157e-05,0.0004619257976959104,0.0071146245059288534,Significant
Agrp,-4.115193,-1.9853517,3.8685581985989714e-05,0.0004610288245843952,0.019762845849802372,Significant
Wasf1,-4.115812,-1.2809998,3.8581914807305214e-05,0.00045998593196037817,0.034782608695652174,Significant
5430427M07Rik,-4.117581,-6.8558693,3.828701427268299e-05,0.00045656562925672087,0.0007905138339920949,Significant
Gm29237,-4.1202517,-5.0545225,3.7845909671988474e-05,0.0004514946454290165,0.0023715415019762848,Significant
Slc25a5,-4.1211057,-4.4410458,3.7705822109787234e-05,0.0004500119926123234,0.0023715415019762848,Significant
Serpina3c,-4.1217246,-3.9824378,3.760464896109672e-05,0.0004488985988456621,0.0047430830039525695,Significant
Trappc4,-4.1239243,-1.9305611,3.724712630836247e-05,0.00044481724394388996,0.016600790513833993,Significant
Thumpd3,-4.125835,-1.0463473,3.693923795661741e-05,0.00044132546128572214,0.04110671936758893,Significant
Gm38042,-4.1290436,-1.4299809,3.642754605789686e-05,0.0004355776774638188,0.030039525691699605,Significant
Klhl8,-4.1298304,-1.1791286,3.630306849062916e-05,0.00043430748256004703,0.03557312252964427,Significant
Gm37745,-4.1306043,-2.9243855,3.6181112394163785e-05,0.00043308570965652304,0.0071146245059288534,Significant
Haus3,-4.1346807,-1.5734199,3.554485651244615e-05,0.0004259174399569016,0.025296442687747035,Significant
Pou6f1,-4.1361203,-1.0814201,3.53227214978761e-05,0.00042334478737330304,0.039525691699604744,Significant
Nedd8,-4.139652,-1.4532634,3.4783334864344704e-05,0.00041723148736268206,0.02924901185770751,Significant
Dyrk2,-4.141737,-1.0652782,3.446852271209085e-05,0.0004136295367226902,0.042687747035573126,Significant
Oxnad1,-4.142423,-1.600181,3.436553237738451e-05,0.000412480560518687,0.02450592885375494,Significant
Rps13,-4.1440983,-1.9209847,3.4115341009726426e-05,0.00040956391154012907,0.019762845849802372,Significant
Rsl1d1,-4.145518,-1.0351865,3.390468653768913e-05,0.00040720665600982,0.042687747035573126,Significant
Clcc1,-4.145908,-1.3970916,3.384699835490964e-05,0.000406599563993019,0.030039525691699605,Significant
Manea,-4.1466274,-1.0038335,3.374081816811259e-05,0.000405409564741612,0.043478260869565216,Significant
Mthfsl,-4.1468697,-1.4254774,3.370516517988561e-05,0.00040506665481381736,0.02924901185770751,Significant
Dnttip1,-4.1476436,-1.0807862,3.359151327177394e-05,0.0004038712747483277,0.039525691699604744,Significant
Mrps15,-4.1477175,-2.1115184,3.358066131499345e-05,0.0004038260688357005,0.016600790513833993,Significant
E430021H15Rik,-4.1498294,-1.9704894,3.327228783995841e-05,0.00040028678256815375,0.015019762845849802,Significant
Pgrmc1,-4.150314,-1.0379171,3.320195809967031e-05,0.0003995250837179474,0.045059288537549404,Significant
Cdc42ep3,-4.151673,-1.8472896,3.300539718844107e-05,0.0003972437796041055,0.02292490118577075,Significant
Cyc1,-4.153684,-2.9448667,3.2716476119432966e-05,0.0003940162577657852,0.007905138339920948,Significant
Plpbp,-4.154498,-1.4580986,3.2600239149327755e-05,0.00039269943249457833,0.030039525691699605,Significant
Alad,-4.159873,-2.409152,3.1842483152312013e-05,0.00038365273660088836,0.010276679841897233,Significant
Med8,-4.160781,-1.584175,3.17161159875234e-05,0.00038229198993343984,0.025296442687747035,Significant
Tspan15,-4.160801,-2.3421204,3.171331324760512e-05,0.00038229198993343984,0.011857707509881422,Significant
A830008E24Rik,-4.162335,-2.678891,3.1500992228665496e-05,0.0003800207623924665,0.010276679841897233,Significant
Zkscan5,-4.162994,-1.6598784,3.141014709507395e-05,0.0003790051251834299,0.020553359683794466,Significant
Ssr4,-4.165409,-2.4832149,3.107947897067054e-05,0.0003751741810618933,0.012648221343873518,Significant
Mroh1,-4.1661625,-1.0946577,3.0976996679038295e-05,0.0003740163629985411,0.043478260869565216,Significant
Rpl27,-4.1679854,-2.5952828,3.0730353010322036e-05,0.00037135335966908894,0.011067193675889328,Significant
Gm49970,-4.1691494,-2.2252505,3.0573878676264365e-05,0.0003696193685148979,0.012648221343873518,Significant
Jph1,-4.170663,-2.2318344,3.0371504104786517e-05,0.00036732876279325596,0.014229249011857707,Significant
Ndufs7,-4.1768045,-3.1092863,2.956330215517763e-05,0.0003580102058736643,0.007905138339920948,Significant
Dhx33,-4.1771812,-1.7791123,2.9514401352028905e-05,0.0003574940496460068,0.02292490118577075,Significant
Fbrs,-4.185852,-1.0128262,2.8409833518892188e-05,0.00034470154067744297,0.039525691699604744,Significant
Wdr59,-4.193117,-1.058952,2.751473082286031e-05,0.0003340546455830467,0.0458498023715415,Significant
Uqcrc1,-4.200436,-1.374303,2.6640151353276374e-05,0.0003235744151465252,0.026877470355731226,Significant
Leng9,-4.2046404,-2.0323827,2.6149773155080207e-05,0.00031788946055154185,0.017391304347826087,Significant
Aldh5a1,-4.2071967,-2.264485,2.585583264029718e-05,0.00031438329412153784,0.012648221343873518,Significant
Kyat3,-4.208791,-1.8547049,2.567410064143754e-05,0.0003122402743750737,0.01818181818181818,Significant
Frrs1,-4.2157598,-1.694078,2.489386101544181e-05,0.0003031110495561147,0.025296442687747035,Significant
Rilpl2,-4.2162642,-1.9292971,2.4838260875319348e-05,0.00030252736096290033,0.018972332015810278,Significant
Cnpy3,-4.216641,-1.8332472,2.479682315845899e-05,0.00030215191685551324,0.021343873517786563,Significant
Cdc23,-4.219251,-1.131399,2.4511520098565506e-05,0.00029880335387120924,0.04031620553359684,Significant
Rdh14,-4.2198496,-1.6616654,2.44465186147577e-05,0.00029807477868156704,0.02292490118577075,Significant
Med21,-4.2206435,-1.5541714,2.43605896888979e-05,0.00029715431394077447,0.026877470355731226,Significant
Arfip2,-4.2207847,-2.0131927,2.4345327404029338e-05,0.00029703177366891676,0.017391304347826087,Significant
Rpl3,-4.2217264,-1.6821878,2.4243811080096005e-05,0.00029592001001323614,0.02450592885375494,Significant
Prkra,-4.2228904,-1.1044679,2.4118922173007026e-05,0.00029452188450636784,0.03636363636363636,Significant
Hint1,-4.225339,-1.5056787,2.3858146043865126e-05,0.0002915250416059494,0.0308300395256917,Significant
Hcfc1,-4.2277,-1.4702345,2.360922567086621e-05,0.00028860732480137245,0.02766798418972332,Significant
Ltv1,-4.2287226,-2.346967,2.3502199620464255e-05,0.0002875459279305662,0.014229249011857707,Significant
Pdk4,-4.229725,-1.5903945,2.3397734119250314e-05,0.00028632933128825105,0.025296442687747035,Significant
Etfrf1,-4.2324963,-2.7459383,2.3111171590084267e-05,0.0002829610771206191,0.010276679841897233,Significant
9530062K07Rik,-4.232974,-3.6497264,2.3062126842251855e-05,0.00028246516767577173,0.0047430830039525695,Significant
Guf1,-4.2330813,-1.0844331,2.305108818761121e-05,0.0002823907083672052,0.043478260869565216,Significant
Gtpbp4,-4.23331,-1.061787,2.302764773882458e-05,0.0002821642543353584,0.048221343873517786,Significant
Ndufa9,-4.233579,-1.4117783,2.3000099781102207e-05,0.00028188736152297473,0.030039525691699605,Significant
Rhbdd2,-4.2343597,-1.7970883,2.2920387943291163e-05,0.00028103139747608574,0.022134387351778657,Significant
Tmem179b,-4.2347765,-4.0996814,2.2877891220378937e-05,0.000280570752526297,0.003952569169960474,Significant
Ppm1g,-4.234925,-1.5931245,2.2862829770414782e-05,0.0002804548385940276,0.02608695652173913,Significant
Slc20a1,-4.235328,-1.3534747,2.2821801034978973e-05,0.0002800638303303314,0.02924901185770751,Significant
Pus7,-4.235611,-1.1488885,2.279312262213137e-05,0.0002797721912538871,0.03873517786561265,Significant
Rap2b,-4.236129,-1.9780335,2.2740634584703256e-05,0.00027918811424915656,0.021343873517786563,Significant
Rnf25,-4.2363977,-1.497558,2.2713413490630676e-05,0.0002789140559780033,0.02924901185770751,Significant
Gm15910,-4.2377367,-26.53515,2.2578448815659933e-05,0.00027743622227287273,0.0,Significant
Rpl26,-4.2378845,-2.3372593,2.2563575039417874e-05,0.00027731330160144467,0.013438735177865613,Significant
Kctd21,-4.2379384,-3.3120787,2.2558168705903312e-05,0.00027730671076917974,0.005533596837944664,Significant
Pla2g15,-4.2409253,-2.0061781,2.226004261681445e-05,0.0002739967761876419,0.020553359683794466,Significant
Gm10135,-4.2455263,-3.6292875,2.1808094623611137e-05,0.000268549895320727,0.005533596837944664,Significant
Ccdc125,-4.253982,-2.3739774,2.1000221306162725e-05,0.00025882545484723194,0.013438735177865613,Significant
Gng5,-4.256303,-2.8477058,2.078352295716081e-05,0.00025632111342943333,0.007905138339920948,Significant
Bcl7a,-4.260117,-1.2571617,2.0432001575894072e-05,0.0002520950382953379,0.03320158102766799,Significant
Rps15a,-4.262068,-1.2513157,2.0254406487748334e-05,0.00025006638330851645,0.039525691699604744,Significant
Crip1,-4.2627873,-1.3558537,2.01892520079446e-05,0.0002493160265852035,0.042687747035573126,Significant
Bcs1l,-4.264086,-2.5024443,2.007223470481389e-05,0.0002479785455254519,0.011067193675889328,Significant
Rpl28,-4.2641196,-2.7155826,2.0069211767967854e-05,0.0002479785455254519,0.010276679841897233,Significant
Cgrrf1,-4.2682767,-1.3211472,1.9698896598726934e-05,0.00024352472236823934,0.03399209486166008,Significant
Dpm3,-4.2736244,-2.7853546,1.923208316595987e-05,0.00023780543920801756,0.009486166007905139,Significant
Hoxa7,-4.2779565,-1.8083138,1.8861678475465464e-05,0.00023347887697206063,0.021343873517786563,Significant
Ndufv1,-4.2795644,-3.6093335,1.8725951386020045e-05,0.00023189960806249834,0.005533596837944664,Significant
Rnf168,-4.2803984,-1.0033666,1.8655899372644972e-05,0.00023108235070214863,0.04426877470355731,Significant
Acad12,-4.282881,-2.3111084,1.844891181221605e-05,0.0002285682087683625,0.015019762845849802,Significant
Saraf,-4.2845354,-1.0854467,1.8312137483375823e-05,0.00022692305123849895,0.043478260869565216,Significant
Stard5,-4.2856183,-1.3894755,1.8223146145801696e-05,0.00022596780589897528,0.03715415019762846,Significant
Cib2,-4.285632,-2.9440646,1.8222043258461787e-05,0.00022596780589897528,0.009486166007905139,Significant
C230038L03Rik,-4.2887936,-26.513842,1.7964620562697504e-05,0.00022285914149467508,0.0,Significant
Mknk1,-4.2908254,-1.2996362,1.7801045156031378e-05,0.00022092617964899363,0.03557312252964427,Significant
Kbtbd3,-4.2915854,-1.1776954,1.7740205397355692e-05,0.0002202191051952977,0.03557312252964427,Significant
Oser1,-4.2919555,-1.5070626,1.7710664855913242e-05,0.00021990034181433842,0.02766798418972332,Significant
Txn1,-4.292002,-1.0159245,1.7706908514434923e-05,0.00021990034181433842,0.0466403162055336,Significant
Uqcr10,-4.2926817,-2.6010976,1.765279429222709e-05,0.00021927743450997006,0.011067193675889328,Significant
Arhgef37,-4.2943635,-3.5559127,1.751952510348963e-05,0.0002176694913632562,0.006324110671936759,Significant
1700109H08Rik,-4.2946057,-1.3826439,1.7500413484526127e-05,0.00021747949459240555,0.0308300395256917,Significant
Ppt1,-4.2953525,-1.1972185,1.7441610966904725e-05,0.00021679606419264832,0.04110671936758893,Significant
Set,-4.2972965,-1.2004505,1.7289394409085107e-05,0.00021495096223749237,0.043478260869565216,Significant
Pdcd6,-4.297734,-1.3357732,1.725533364748525e-05,0.00021457435099835284,0.02924901185770751,Significant
Golga7,-4.2978616,-1.5240115,1.724538950777288e-05,0.000214497536907404,0.02924901185770751,Significant
Gm50013,-4.2991734,-4.4191737,1.714364635673179e-05,0.00021327864697370872,0.0031620553359683794,Significant
Isca1,-4.3040366,-1.5541693,1.6771383530048506e-05,0.00020873865564688347,0.028458498023715414,Significant
Tgm2,-4.306115,-1.3404293,1.6614644706223026e-05,0.0002068330748178936,0.037944664031620556,Significant
Trabd,-4.308113,-1.2166305,1.646530933078491e-05,0.00020506368735875405,0.03715415019762846,Significant
Pnpla6,-4.3094454,-1.9303651,1.636646407341048e-05,0.0002038772327289578,0.021343873517786563,Significant
Cth,-4.3100705,-2.9642413,1.632023220868672e-05,0.0002033458079200942,0.008695652173913044,Significant
Atp5k,-4.310111,-3.4782512,1.6317253786057707e-05,0.0002033458079200942,0.006324110671936759,Significant
Adat1,-4.3114967,-1.2231277,1.6215308283468767e-05,0.00020221547721616188,0.03557312252964427,Significant
Ndufa8,-4.3120685,-3.1679363,1.617342056901759e-05,0.00020173729257840758,0.0071146245059288534,Significant
Dtx3l,-4.312183,-1.5574175,1.616505541185038e-05,0.00020167712975595366,0.02292490118577075,Significant
Dnajc16,-4.3131046,-1.3994427,1.6097792457417495e-05,0.0002009259974392393,0.03241106719367589,Significant
Gm8895,-4.314322,-26.539818,1.6009335778043074e-05,0.0001999534083214632,0.0,Significant
Mrps7,-4.315042,-3.8700156,1.5957261819461144e-05,0.00019939048612287405,0.003952569169960474,Significant
Romo1,-4.320114,-2.6594753,1.559486207644514e-05,0.00019507623934421415,0.008695652173913044,Significant
Acsm5,-4.320504,-2.6684334,1.5567312582285866e-05,0.0001947744112827817,0.008695652173913044,Significant
Ccdc28a,-4.325549,-2.3267343,1.5215222103161022e-05,0.00019057852216808,0.015019762845849802,Significant
Erbb4,-4.3258924,-1.3870465,1.5191557708923037e-05,0.00019032397964879793,0.03636363636363636,Significant
Lin7c,-4.329861,-1.5559685,1.4920331936057741e-05,0.00018700828104139638,0.026877470355731226,Significant
Dnajb2,-4.331079,-2.0640595,1.483805514512716e-05,0.00018605895133642054,0.015019762845849802,Significant
Dnajb12,-4.3321686,-1.393757,1.4764782189317871e-05,0.0001852217366472679,0.030039525691699605,Significant
2300009A05Rik,-4.3363256,-1.9916452,1.4488415589241395e-05,0.00018187497179607457,0.015810276679841896,Significant
Eri2,-4.33683,-1.2853323,1.4455213592507714e-05,0.0001814981956275594,0.03320158102766799,Significant
2610507I01Rik,-4.338761,-1.9075077,1.432882946706112e-05,0.0001799907078499729,0.017391304347826087,Significant
Gapdhs,-4.339252,-5.2965117,1.4296851491117214e-05,0.00017962864535651043,0.0015810276679841897,Significant
Tmem248,-4.3404293,-1.1774381,1.4220468874638774e-05,0.00017870839068435365,0.03873517786561265,Significant
Mrpl24,-4.3424807,-1.0977952,1.4088274249433101e-05,0.00017708618632162698,0.042687747035573126,Significant
Gm6277,-4.343268,-3.127557,1.4037875235636846e-05,0.00017649164358410192,0.007905138339920948,Significant
Ndufb11,-4.34427,-3.813423,1.3973940781765985e-05,0.0001757266258954366,0.0047430830039525695,Significant
G6pdx,-4.3444786,-1.542546,1.3960673929726788e-05,0.0001755985717323996,0.02608695652173913,Significant
Ecsit,-4.3460526,-2.0103986,1.3860917478396936e-05,0.0001744208844502541,0.017391304347826087,Significant
Xpc,-4.346073,-1.6833192,1.3859642974540674e-05,0.0001744208844502541,0.023715415019762844,Significant
Tvp23b,-4.346692,-1.6073755,1.3820612419255195e-05,0.00017399060176095734,0.02608695652173913,Significant
Zfyve27,-4.349369,-1.5899272,1.365296740667326e-05,0.00017195611968665828,0.02766798418972332,Significant
Mink1,-4.350062,-1.4736218,1.3609898879761592e-05,0.0001714516044496692,0.03162055335968379,Significant
Itga1,-4.3501563,-1.0696214,1.3604054919488664e-05,0.00017141590864585171,0.045059288537549404,Significant
Myo18a,-4.351293,-1.1567602,1.3533698550344955e-05,0.0001705671379272227,0.043478260869565216,Significant
Rack1,-4.3535266,-1.0509279,1.3396493081976422e-05,0.0001689126910054959,0.0466403162055336,Significant
Sin3b,-4.3536005,-1.2259752,1.3391969906530549e-05,0.00016889305834944763,0.03557312252964427,Significant
Psma4,-4.3554907,-2.0387714,1.3276916075062688e-05,0.00016751625930204843,0.018972332015810278,Significant
Gm48677,-4.355827,-2.339401,1.32565429357816e-05,0.00016729627910158247,0.012648221343873518,Significant
Mzt1,-4.3575087,-1.041377,1.3155123802392903e-05,0.0001660531820953346,0.04426877470355731,Significant
Dnajb11,-4.3582687,-2.0212967,1.310952565677358e-05,0.00016551430164575263,0.020553359683794466,Significant
Rps7,-4.3589215,-2.4026504,1.3070504196096085e-05,0.00016505823451539304,0.015019762845849802,Significant
4930506C21Rik,-4.3653727,-3.859604,1.2690631700443203e-05,0.00016043900081148677,0.003952569169960474,Significant
Apoo,-4.366025,-2.1253488,1.2652800852311096e-05,0.00015999625434853345,0.017391304347826087,Significant
Gca,-4.369348,-1.5930943,1.2461800111933513e-05,0.0001576160284703701,0.026877470355731226,Significant
Wbp11,-4.372651,-1.2380626,1.2274687576213323e-05,0.00015535296405360364,0.03636363636363636,Significant
Utp11,-4.3736196,-1.2457069,1.2220321841459025e-05,0.00015469927656169816,0.03636363636363636,Significant
Cops8,-4.3774137,-1.8839489,1.2009593769148713e-05,0.00015206543891685498,0.01818181818181818,Significant
Ip6k1,-4.3807836,-1.297886,1.1825317092544174e-05,0.000149798749847955,0.034782608695652174,Significant
Zcchc17,-4.3824654,-1.0941521,1.1734375077277183e-05,0.00014884541128875922,0.04426877470355731,Significant
Aamp,-4.3826203,-1.572602,1.172604202704572e-05,0.0001487728518409114,0.028458498023715414,Significant
Gm15764,-4.384874,-3.9032688,1.160530776903369e-05,0.00014727386442535043,0.0047430830039525695,Significant
4930455C13Rik,-4.385136,-3.767327,1.1591329498775418e-05,0.0001471292672736895,0.005533596837944664,Significant
Arl5b,-4.386764,-1.0407097,1.1504951136708919e-05,0.00014606542311601842,0.052964426877470355,Significant
Tceanc2,-4.387067,-1.0505311,1.1488956942960708e-05,0.00014589489234815472,0.043478260869565216,Significant
Rbmxl1,-4.3871675,-2.8132093,1.1483630263325684e-05,0.00014585977934954893,0.009486166007905139,Significant
Prkd2,-4.387921,-1.2905186,1.1443932172356293e-05,0.00014542042888331615,0.03636363636363636,Significant
Dcaf11,-4.398099,-1.8826281,1.0920327471879775e-05,0.00013892188708139103,0.019762845849802372,Significant
Gm49066,-4.4019265,-3.222898,1.0729396384706852e-05,0.00013655399185104892,0.006324110671936759,Significant
4930578M01Rik,-4.402222,-1.9216539,1.0714765472107176e-05,0.00013641942240267548,0.017391304347826087,Significant
Ndufb2,-4.4035006,-2.4721234,1.0651804989405372e-05,0.000135718153479913,0.013438735177865613,Significant
Gpr89,-4.404328,-1.4404985,1.0611234898132148e-05,0.00013526176994281232,0.03162055335968379,Significant
Mynn,-4.406642,-1.2640427,1.0498552477308643e-05,0.00013388534750513582,0.037944664031620556,Significant
Ubqln4,-4.4068103,-1.3526424,1.0490408040899163e-05,0.00013381145256649625,0.03162055335968379,Significant
1500015A07Rik,-4.40901,-1.935018,1.0384432839232928e-05,0.00013251904757928334,0.01818181818181818,Significant
D2hgdh,-4.410301,-1.4336675,1.032268606113586e-05,0.00013176060681621544,0.03241106719367589,Significant
Rbm8a,-4.416208,-1.558601,1.0044763566963246e-05,0.00012835702025728327,0.02766798418972332,Significant
Nt5m,-4.418979,-1.2428569,9.916826269805285e-06,0.00012675061832300398,0.03557312252964427,Significant
Psmc2,-4.4208694,-1.299992,9.83046244472806e-06,0.00012567498025713077,0.03715415019762846,Significant
Dph3,-4.4239097,-2.7241633,9.693048088496027e-06,0.0001239739108731025,0.010276679841897233,Significant
Glod4,-4.4246564,-1.330123,9.659584228438805e-06,0.00012357366559234643,0.034782608695652174,Significant
Jtb,-4.426271,-1.6519551,9.587606805848993e-06,0.00012268043126558372,0.02608695652173913,Significant
4930558N01Rik,-4.4280267,-4.9393663,9.509912991340166e-06,0.00012171363354459438,0.0023715415019762848,Significant
Bbc3,-4.431834,-2.1724954,9.343488800346326e-06,0.0001196643265363293,0.015810276679841896,Significant
Unc45a,-4.4335494,-1.7956609,9.269422263462632e-06,0.0001187958976150857,0.022134387351778657,Significant
Dvl1,-4.436415,-1.1628507,9.146937331995644e-06,0.00011725253458378298,0.042687747035573126,Significant
Timm10b,-4.439032,-4.0413337,9.03644280404423e-06,0.0001158883084921357,0.003952569169960474,Significant
Mcee,-4.441588,-1.843026,8.929736930102065e-06,0.00011462311779462166,0.020553359683794466,Significant
Rplp0,-4.444373,-1.9273112,8.814854397869144e-06,0.00011325059211847178,0.019762845849802372,Significant
Tdp2,-4.4457116,-1.400332,8.760136999831748e-06,0.00011262383402741466,0.034782608695652174,Significant
Smyd1,-4.446411,-4.187608,8.731670264825513e-06,0.00011228320608614036,0.0031620553359683794,Significant
Tyk2,-4.4466534,-1.4259675,8.721837007609459e-06,0.00011220743810444876,0.03320158102766799,Significant
Tom1l1,-4.446943,-1.793771,8.7101055971598e-06,0.00011208183566279687,0.02292490118577075,Significant
Clstn3,-4.447205,-4.250281,8.699478522669729e-06,0.00011197039027109787,0.0031620553359683794,Significant
Rxylt1,-4.4492903,-1.2236553,8.61544648777748e-06,0.0001109640666049621,0.03873517786561265,Significant
Mlec,-4.4503465,-1.282284,8.573184804160065e-06,0.00011044473211169191,0.04189723320158103,Significant
Cox7a2l,-4.453757,-1.1065898,8.438057962288304e-06,0.00010885171237667838,0.042687747035573126,Significant
Ubl7,-4.454329,-1.1817639,8.415603742231283e-06,0.00010858665141318638,0.03557312252964427,Significant
Tmem143,-4.455459,-2.786062,8.371391509621702e-06,0.00010806515618892981,0.008695652173913044,Significant
Zfp518a,-4.456401,-1.1072847,8.334717654662671e-06,0.00010766496324277385,0.04980237154150197,Significant
Mtg2,-4.4617486,-1.8115776,8.12935703364173e-06,0.00010508370462033911,0.020553359683794466,Significant
Smim20,-4.462085,-1.5849056,8.116604259582615e-06,0.00010494268009647904,0.026877470355731226,Significant
Zfp970,-4.4702983,-1.1576713,7.811051974169065e-06,0.00010112985685792649,0.03873517786561265,Significant
Gm56936,-4.470312,-3.1403453,7.810560620319402e-06,0.00010112985685792649,0.0071146245059288534,Significant
Dnaja3,-4.4708233,-1.2160194,7.791911055448976e-06,0.00010092793617113743,0.03873517786561265,Significant
Rpl21,-4.4731035,-2.6588316,7.70924141997674e-06,9.990257526055884e-05,0.011857707509881422,Significant
2900076A07Rik,-4.484351,-1.0123342,7.313621608181339e-06,9.488378400352099e-05,0.045059288537549404,Significant
Actr8,-4.4849763,-1.364586,7.2921963235203854e-06,9.462738169042258e-05,0.03557312252964427,Significant
Ppp1r3b,-4.4853935,-4.5159407,7.277946160774688e-06,9.44639918715914e-05,0.0023715415019762848,Significant
Dad1,-4.4908357,-1.701739,7.094428219001702e-06,9.220813449399131e-05,0.028458498023715414,Significant
Hdgf,-4.4948044,-1.1875519,6.963389174744692e-06,9.054632176276262e-05,0.04189723320158103,Significant
Ighm,-4.498134,-2.583333,6.8552386103660725e-06,8.91807497630465e-05,0.014229249011857707,Significant
Gm38162,-4.498464,-2.0017507,6.8446206261012795e-06,8.906296688090333e-05,0.018972332015810278,Significant
Gm43999,-4.4989414,-3.1978807,6.829263291060988e-06,8.88834470985837e-05,0.006324110671936759,Significant
Gm57463,-4.5001726,-4.365618,6.789832112054127e-06,8.843088524530513e-05,0.0031620553359683794,Significant
Psmd2,-4.500785,-1.3126333,6.770305424040574e-06,8.819674242742949e-05,0.03241106719367589,Significant
Gm46367,-4.501518,-3.303,6.746987018049031e-06,8.791308645188325e-05,0.006324110671936759,Significant
Fam8a1,-4.501585,-1.5943508,6.744851566497887e-06,8.790537721399776e-05,0.02766798418972332,Significant
A230072C01Rik,-4.502164,-1.3175728,6.726513353376313e-06,8.768644616634631e-05,0.034782608695652174,Significant
Prr5,-4.5050025,-3.4384546,6.637217258061987e-06,8.65620219631946e-05,0.0071146245059288534,Significant
Mlh3,-4.5057693,-1.0948045,6.613289859521843e-06,8.62894908091277e-05,0.0458498023715415,Significant
Zfand1,-4.507646,-2.2076237,6.555078318328571e-06,8.556916885005666e-05,0.016600790513833993,Significant
Catsper2,-4.5122876,-1.2106072,6.413212096597228e-06,8.387108635561386e-05,0.03873517786561265,Significant
Zhx1,-4.5127854,-1.4844569,6.39817307268129e-06,8.373210134027702e-05,0.034782608695652174,Significant
Nfil3,-4.5147967,-1.8643172,6.3377501885800844e-06,8.296042149148012e-05,0.021343873517786563,Significant
Slbp,-4.5148034,-1.4609395,6.337549024423134e-06,8.296042149148012e-05,0.0308300395256917,Significant
Aar2,-4.5166736,-1.6195581,6.2818616859518564e-06,8.230452974224221e-05,0.02608695652173913,Significant
Gm17251,-4.5171447,-3.58543,6.267913659463503e-06,8.215959292898511e-05,0.005533596837944664,Significant
Dctn3,-4.5187454,-3.2232466,6.220711692348217e-06,8.155964643656455e-05,0.008695652173913044,Significant
Imp3,-4.520185,-3.223277,6.178560168655548e-06,8.102565512745638e-05,0.006324110671936759,Significant
Rpl32,-4.523434,-1.9356537,6.084426052969635e-06,7.982795020325899e-05,0.020553359683794466,Significant
Ppp1ca,-4.5237164,-3.2158337,6.076305657966973e-06,7.975816516143325e-05,0.007905138339920948,Significant
Napb,-4.525062,-1.2399943,6.037779184000856e-06,7.927073657279059e-05,0.03873517786561265,Significant
Prelp,-4.5329795,-1.0583715,5.815743830724185e-06,7.646138754681732e-05,0.05691699604743083,Significant
Chac2,-4.5331073,-2.9034374,5.812224490077611e-06,7.643276551720768e-05,0.009486166007905139,Significant
Mycbp,-4.5357175,-2.63755,5.740800112185964e-06,7.552839630036529e-05,0.011857707509881422,Significant
Utp20,-4.5358253,-1.1721128,5.737872887832303e-06,7.550733073863165e-05,0.03715415019762846,Significant
Mri1,-4.5366793,-1.4429512,5.714688667056569e-06,7.521962260537866e-05,0.028458498023715414,Significant
Myo19,-4.5368743,-2.21879,5.709407221756434e-06,7.516748129804234e-05,0.017391304347826087,Significant
Psma2,-4.536915,-1.07077,5.708315092406931e-06,7.516748129804234e-05,0.04743083003952569,Significant
Coq10b,-4.539471,-1.346761,5.639552808472922e-06,7.429934670690806e-05,0.03715415019762846,Significant
B430119L08Rik,-4.53976,-4.0291643,5.6318219390681956e-06,7.424368745003224e-05,0.005533596837944664,Significant
Fancm,-4.5399084,-1.7057011,5.6278705344192195e-06,7.421412137572135e-05,0.02450592885375494,Significant
Alas2,-4.5404735,-4.7912965,5.612807750150066e-06,7.404978825331208e-05,0.0023715415019762848,Significant
Zfp68,-4.542478,-1.0820268,5.559681424855159e-06,7.338289754582236e-05,0.04743083003952569,Significant
Tmem60,-4.5433927,-3.3834674,5.535596142614481e-06,7.308193367878766e-05,0.0071146245059288534,Significant
Tmed7,-4.5444016,-1.4542054,5.5091473370224426e-06,7.276649466884595e-05,0.03162055335968379,Significant
Abraxas2,-4.5446978,-1.661737,5.501411997045893e-06,7.268118341619263e-05,0.02766798418972332,Significant
Clcn4,-4.5455523,-1.0163492,5.47914326693979e-06,7.240378202896694e-05,0.052964426877470355,Significant
Dolpp1,-4.5460567,-1.6382076,5.4660329976859866e-06,7.224730383501341e-05,0.023715415019762844,Significant
Castor2,-4.547274,-1.26752,5.43451712659013e-06,7.186410583027604e-05,0.03715415019762846,Significant
Nr1d1,-4.550779,-2.4027984,5.344768291322468e-06,7.069371690503895e-05,0.014229249011857707,Significant
Abraxas1,-4.5520906,-1.8761272,5.311543446951599e-06,7.027058443607598e-05,0.020553359683794466,Significant
Pomgnt1,-4.5536447,-2.8097029,5.272440642102001e-06,6.97694730657518e-05,0.011067193675889328,Significant
Kat14,-4.5544786,-1.1670129,5.251564234389742e-06,6.950937216884852e-05,0.042687747035573126,Significant
Pgp,-4.557647,-3.7044396,5.172986521224113e-06,6.853304455677575e-05,0.0047430830039525695,Significant
S100a1,-4.558259,-3.3906848,5.1579351716254635e-06,6.834954307831639e-05,0.008695652173913044,Significant
Eif3l,-4.559403,-2.3110023,5.129929536699173e-06,6.799425459711071e-05,0.014229249011857707,Significant
Lrrc14,-4.559766,-2.2605648,5.121064142378041e-06,6.789255258001119e-05,0.014229249011857707,Significant
Srp19,-4.567892,-1.0679607,4.926534553509657e-06,6.540494381240228e-05,0.043478260869565216,Significant
Atp5md,-4.5755744,-2.2923071,4.749155407259977e-06,6.316787153580713e-05,0.014229249011857707,Significant
Creg1,-4.5758634,-2.1955624,4.7425974775331515e-06,6.309538387107831e-05,0.018972332015810278,Significant
Ifnar2,-4.57587,-1.0826993,4.7424450707916225e-06,6.309538387107831e-05,0.05059288537549407,Significant
Rtn4ip1,-4.5762,-1.7704831,4.734982884499505e-06,6.302352978641569e-05,0.022134387351778657,Significant
Mrpl42,-4.5827317,-2.0655663,4.589408807188469e-06,6.117170573270566e-05,0.01818181818181818,Significant
Ntan1,-4.5839157,-1.2236987,4.563485723076694e-06,6.0842379959132596e-05,0.04110671936758893,Significant
Qtrt2,-4.586068,-1.2279592,4.5167117954612865e-06,6.025915800031892e-05,0.03873517786561265,Significant
Atp5mpl,-4.5865793,-3.2306385,4.50567067091111e-06,6.0140036022585444e-05,0.0071146245059288534,Significant
Zfp692,-4.587467,-2.7600884,4.486555408400026e-06,5.992703530605346e-05,0.009486166007905139,Significant
Ube2m,-4.5880995,-1.0962195,4.4729904134310805e-06,5.977389043210025e-05,0.042687747035573126,Significant
Plekhh3,-4.5940666,-2.0915473,4.3469088259664595e-06,5.8143607108140984e-05,0.017391304347826087,Significant
Fkbp8,-4.5948133,-2.257605,4.331372692189736e-06,5.7949410823772506e-05,0.014229249011857707,Significant
Cyren,-4.600706,-2.7238894,4.210616288121135e-06,5.636029667651752e-05,0.011067193675889328,Significant
Trmt1,-4.6032352,-1.538709,4.159780304331444e-06,5.5692934471887316e-05,0.030039525691699605,Significant
Smdt1,-4.6052732,-2.769231,4.119242550236134e-06,5.518912707129311e-05,0.009486166007905139,Significant
Chid1,-4.60528,-2.0013537,4.119109391169254e-06,5.518912707129311e-05,0.016600790513833993,Significant
Ccdc127,-4.6173215,-1.734307,3.8872520098420455e-06,5.2191468213255346e-05,0.02292490118577075,Significant
Notch1,-4.6173887,-1.1509668,3.885992555989202e-06,5.218686371004273e-05,0.03873517786561265,Significant
Pcyox1,-4.619669,-1.798989,3.843527698120942e-06,5.162875929669841e-05,0.025296442687747035,Significant
Hyi,-4.6224003,-2.595244,3.793255321927071e-06,5.0977519774805136e-05,0.012648221343873518,Significant
mt-Nd3,-4.6230526,-1.5128992,3.7813380562317047e-06,5.084136251709315e-05,0.0308300395256917,Significant
4932443L11Rik,-4.628757,-4.4682927,3.67867143747422e-06,4.954286431438494e-05,0.0031620553359683794,Significant
Gm56816,-4.6305866,-3.0432928,3.646310550164423e-06,4.913028136226039e-05,0.007905138339920948,Significant
Ndc1,-4.6319184,-1.4590796,3.6229255635698988e-06,4.8849870830034005e-05,0.0308300395256917,Significant
Mcm3ap,-4.636816,-1.1659724,3.5381745186557013e-06,4.776367834679334e-05,0.045059288537549404,Significant
Fastkd1,-4.642722,-2.1470423,3.4384885439620522e-06,4.646202567198463e-05,0.016600790513833993,Significant
Gapdh,-4.6438117,-4.3912005,3.420392199139667e-06,4.623944734359254e-05,0.0031620553359683794,Significant
Dipk2a,-4.644121,-1.6905652,3.415270401679537e-06,4.6181171204472695e-05,0.028458498023715414,Significant
Zcchc9,-4.6451435,-2.4150941,3.398398452069003e-06,4.596394447963446e-05,0.014229249011857707,Significant
Sdr42e1,-4.647801,-3.3964021,3.3549264996334654e-06,4.5419132148271316e-05,0.0071146245059288534,Significant
Ndufa13,-4.6490455,-2.8485942,3.33475007017736e-06,4.5167460453370375e-05,0.010276679841897233,Significant
Ube4bos1,-4.6514196,-4.2216487,3.2965736633364163e-06,4.4671632785349564e-05,0.003952569169960474,Significant
Zfp512b,-4.654985,-1.6606501,3.24004106042225e-06,4.3947398290019846e-05,0.02292490118577075,Significant
Gm57450,-4.6559405,-2.911297,3.225053245481345e-06,4.375452867547135e-05,0.007905138339920948,Significant
Pfdn5,-4.663905,-1.8973258,3.1026470121995927e-06,4.2103866425561735e-05,0.02292490118577075,Significant
Btd,-4.6651897,-1.561981,3.0833229708817747e-06,4.185160745768275e-05,0.0308300395256917,Significant
Rrn3,-4.665869,-1.2222642,3.0731512196352974e-06,4.172348678999845e-05,0.043478260869565216,Significant
Ccdc106,-4.6665554,-2.3740985,3.062911431406868e-06,4.159846461195769e-05,0.014229249011857707,Significant
Ndufa12,-4.666858,-1.3673513,3.0584042902290757e-06,4.1552994199459275e-05,0.03399209486166008,Significant
Sirt3,-4.6683044,-1.2507193,3.0369578442521264e-06,4.129116919999053e-05,0.03873517786561265,Significant
Tmem186,-4.670733,-2.4060214,3.0012718751263406e-06,4.085475061954792e-05,0.013438735177865613,Significant
Cct3,-4.6709886,-1.340758,2.9975389457646906e-06,4.081369323548236e-05,0.034782608695652174,Significant
Pcnx3,-4.6831036,-2.4589136,2.8256373963883682e-06,3.85561032800743e-05,0.013438735177865613,Significant
Snf8,-4.6838837,-1.4603708,2.8148959412018432e-06,3.84187415599171e-05,0.03399209486166008,Significant
Rnf220,-4.6842065,-1.1261913,2.810462671636805e-06,3.836743106825014e-05,0.043478260869565216,Significant
Ifnar1,-4.6843414,-1.3697804,2.8086174540263233e-06,3.8351435599451535e-05,0.03715415019762846,Significant
Atp5o-1,-4.684758,-3.4981644,2.8029046641888518e-06,3.828260841534599e-05,0.006324110671936759,Significant
Ddrgk1,-4.685081,-1.4483424,2.7984895186192093e-06,3.823147593082927e-05,0.03162055335968379,Significant
Zdhhc6,-4.6856127,-1.174262,2.7912374517516427e-06,3.81415530933982e-05,0.0466403162055336,Significant
Mpv17l,-4.68794,-1.2485625,2.7596871432048673e-06,3.77194780655853e-05,0.04110671936758893,Significant
Setd1a,-4.6895075,-1.7249919,2.7386339681935948e-06,3.74407099118635e-05,0.025296442687747035,Significant
Dynlt2a2,-4.692945,-1.3681144,2.6929999016634054e-06,3.6852224801878385e-05,0.0308300395256917,Significant
Cdk9,-4.693671,-1.012734,2.6834489853244053e-06,3.673035304648004e-05,0.052964426877470355,Significant
Hspb8,-4.702423,-1.4352491,2.5709203314765593e-06,3.522395923835581e-05,0.03162055335968379,Significant
Slc45a4,-4.703042,-1.1010861,2.56313673537873e-06,3.5125768676101144e-05,0.045059288537549404,Significant
Pmvk,-4.704394,-3.1574163,2.546209885999007e-06,3.4902199595250225e-05,0.007905138339920948,Significant
Ermard,-4.7068496,-1.0190864,2.515746030733514e-06,3.4501227055875966e-05,0.04901185770750988,Significant
Mrps26,-4.707206,-3.3752563,2.51135170740077e-06,3.444925983404173e-05,0.007905138339920948,Significant
Maged1,-4.7124934,-1.1422216,2.4470416444750384e-06,3.3607573149554556e-05,0.045059288537549404,Significant
Cwc15,-4.716099,-1.6527575,2.404096301605937e-06,3.3049649326350475e-05,0.02450592885375494,Significant
Rps3,-4.716482,-1.9752747,2.3995721539515466e-06,3.29954209172072e-05,0.020553359683794466,Significant
Prmt9,-4.719718,-1.0069541,2.3617188440377094e-06,3.249060949464876e-05,0.05059288537549407,Significant
Gm16337,-4.722779,-26.680649,2.32643979725726e-06,3.2020741719996534e-05,0.0,Significant
Zfp746,-4.7231755,-1.2385178,2.3219023824147083e-06,3.196601633391584e-05,0.03715415019762846,Significant
Asb8,-4.724279,-1.3318801,2.309334499096471e-06,3.180068094632458e-05,0.03399209486166008,Significant
Emc6,-4.7287188,-2.763266,2.2594136403079234e-06,3.113583545323656e-05,0.008695652173913044,Significant
Txn2,-4.7298017,-1.7503387,2.247394126600887e-06,3.098622496457776e-05,0.021343873517786563,Significant
C2,-4.7310057,-2.0403807,2.2341028986850003e-06,3.082434047831902e-05,0.023715415019762844,Significant
Fam104a,-4.7326136,-1.3968658,2.2164741420729557e-06,3.0595940393642705e-05,0.03715415019762846,Significant
Chml,-4.7334948,-1.7767022,2.2068682733301468e-06,3.0470728989256033e-05,0.023715415019762844,Significant
Plekhf2,-4.7335687,-1.245755,2.206063495608473e-06,3.046700497294253e-05,0.04110671936758893,Significant
Rdh10,-4.7338443,-1.8719308,2.2030663517452053e-06,3.043299396766709e-05,0.020553359683794466,Significant
Hps4,-4.7373157,-1.6988556,2.165678900616199e-06,2.9931049097084222e-05,0.025296442687747035,Significant
9330159M07Rik,-4.737874,-1.422067,2.159722206386799e-06,2.985597041851681e-05,0.03399209486166008,Significant
Tbc1d13,-4.745179,-1.1010066,2.0832181519566438e-06,2.8833379871308522e-05,0.045059288537549404,Significant
Uqcrfs1,-4.74752,-4.2728286,2.059258625504898e-06,2.850869083269497e-05,0.003952569169960474,Significant
2810449D17Rik,-4.748011,-4.3252807,2.054266327168989e-06,2.844649293174353e-05,0.0031620553359683794,Significant
Tstd2,-4.751496,-1.1205652,2.019173971335574e-06,2.7980964979756366e-05,0.0458498023715415,Significant
Rnf149,-4.756218,-1.3161985,1.9725342723960103e-06,2.7354621043473263e-05,0.04110671936758893,Significant
Eif2ak1,-4.7574086,-1.0353589,1.9609390791716946e-06,2.7207074100174333e-05,0.048221343873517786,Significant
Atg2a,-4.759151,-1.5167224,1.944090039434859e-06,2.6979875928701022e-05,0.0308300395256917,Significant
Bphl,-4.759225,-1.2053379,1.9433775309099894e-06,2.6976562649328547e-05,0.03873517786561265,Significant
Sumf1,-4.759965,-1.1631917,1.9362662298384184e-06,2.6897520222793212e-05,0.04189723320158103,Significant
Rps27,-4.760389,-3.0134084,1.9322046598895286e-06,2.685420198651932e-05,0.008695652173913044,Significant
Tgfbrap1,-4.761061,-1.0031118,1.9257745256422717e-06,2.6771368961083154e-05,0.05217391304347826,Significant
Dnajc19,-4.7626424,-1.4515322,1.91074453178988e-06,2.6568914379645314e-05,0.03557312252964427,Significant
Cavin3,-4.7631063,-2.997475,1.90635291578414e-06,2.651432373660594e-05,0.008695652173913044,Significant
H2az1,-4.7649765,-2.7056801,1.8887572018855364e-06,2.6282434954194606e-05,0.013438735177865613,Significant
Acer2,-4.7681584,-1.9753495,1.8591771941460848e-06,2.588980401366403e-05,0.019762845849802372,Significant
Pim1,-4.7721405,-1.6818508,1.8227820778095107e-06,2.5395408439577038e-05,0.026877470355731226,Significant
Arv1,-4.774502,-2.3510513,1.801527543920848e-06,2.510542826196696e-05,0.015019762845849802,Significant
Gm42946,-4.783072,-3.8154254,1.726364578226432e-06,2.409336408058609e-05,0.005533596837944664,Significant
Lage3,-4.7857018,-2.867263,1.7039073772264673e-06,2.3791611075687165e-05,0.010276679841897233,Significant
Slc25a23,-4.7887692,-1.853257,1.678071480796348e-06,2.3442362165854967e-05,0.02292490118577075,Significant
Cox14,-4.788931,-2.1503708,1.6767221790383916e-06,2.342926075990799e-05,0.015019762845849802,Significant
Acads,-4.7897315,-2.259991,1.670047280214286e-06,2.334744959064121e-05,0.014229249011857707,Significant
Tex264,-4.793929,-1.3798794,1.635462122747037e-06,2.28751777772879e-05,0.037944664031620556,Significant
Trim11,-4.795254,-1.0966046,1.6246871344269893e-06,2.273563777866975e-05,0.04426877470355731,Significant
H2-Eb1,-4.7984023,-2.6585028,1.5993626147284424e-06,2.2386751879363876e-05,0.012648221343873518,Significant
Atg14,-4.800474,-1.8276387,1.5829035537840732e-06,2.2183635554028775e-05,0.023715415019762844,Significant
Snrpd1,-4.804813,-1.9400566,1.54896162889846e-06,2.1718646666118495e-05,0.022134387351778657,Significant
1700120O09Rik,-4.8099794,-3.6696463,1.5094592223163348e-06,2.118041340017605e-05,0.005533596837944664,Significant
Gm31323,-4.8156433,-6.1918063,1.4672638939837423e-06,2.0598489493917227e-05,0.0015810276679841897,Significant
Prnp,-4.816713,-1.5032845,1.4594242324667848e-06,2.0493483408357877e-05,0.03162055335968379,Significant
Twf1,-4.8169417,-2.0182166,1.4577530618215543e-06,2.0475065883863126e-05,0.01818181818181818,Significant
Smim13,-4.8173585,-1.881838,1.454710368820485e-06,2.0442414390673057e-05,0.023715415019762844,Significant
Mrps33,-4.8182735,-2.093449,1.448057448968591e-06,2.0353946976480013e-05,0.018972332015810278,Significant
Gm31763,-4.820258,-3.7506921,1.4337268934441023e-06,2.0167451343774856e-05,0.0047430830039525695,Significant
Gm15417,-4.831142,-2.0630527,1.3575207586935292e-06,1.9123846986830345e-05,0.016600790513833993,Significant
Atp6v1g1,-4.842934,-1.9386318,1.2793558629387272e-06,1.804503398355067e-05,0.021343873517786563,Significant
2810036E18Rik,-4.845578,-5.576639,1.2624360786665831e-06,1.781521010045946e-05,0.0015810276679841897,Significant
Tspan7,-4.8485446,-1.4652247,1.2437060516254793e-06,1.7568312152221885e-05,0.03320158102766799,Significant
Ap1ar,-4.8498697,-1.0300535,1.235425772203835e-06,1.7455677145175823e-05,0.05533596837944664,Significant
Brpf1,-4.852695,-1.5694327,1.2179490803150795e-06,1.7221564087961494e-05,0.030039525691699605,Significant
Stk19,-4.852769,-1.821437,1.2174945690183187e-06,1.7219413376669665e-05,0.023715415019762844,Significant
Gm44001,-4.852796,-1.6294445,1.2173293326435806e-06,1.7219413376669665e-05,0.02766798418972332,Significant
Simc1,-4.856018,-1.01488,1.1976974900961094e-06,1.6952048914631514e-05,0.05691699604743083,Significant
Gm16159,-4.8573637,-5.022845,1.1895909384220606e-06,1.684149617719805e-05,0.0023715415019762848,Significant
Hcar1,-4.8584332,-3.5437536,1.1831839218720555e-06,1.6763293280745638e-05,0.0047430830039525695,Significant
Cnppd1,-4.858655,-3.360447,1.1818583304622442e-06,1.6748679739883188e-05,0.007905138339920948,Significant
Bzw2,-4.8592806,-1.0569329,1.1781302560759258e-06,1.67000037120287e-05,0.05691699604743083,Significant
Rpl7l1,-4.8604445,-1.627072,1.1712253149709967e-06,1.6610396179268623e-05,0.028458498023715414,Significant
Trp53inp1,-4.8618236,-1.0037094,1.1630935612397044e-06,1.6499180485936725e-05,0.05612648221343874,Significant
Psmd3,-4.868799,-2.147513,1.1227842534145521e-06,1.595121211918114e-05,0.016600790513833993,Significant
Rest,-4.8714027,-1.3771436,1.108088387101491e-06,1.5754222434443445e-05,0.03715415019762846,Significant
Rnf123,-4.8726068,-1.5005747,1.1013538487939371e-06,1.566629765280429e-05,0.0308300395256917,Significant
Ppp1r15b,-4.8784857,-1.1963246,1.0690329587905843e-06,1.5221756865840123e-05,0.04110671936758893,Significant
Rpl22,-4.8801475,-1.2940307,1.0600655066330178e-06,1.5105402906203872e-05,0.04031620553359684,Significant
Vrk1,-4.881802,-1.007654,1.0512063406485053e-06,1.499041829272891e-05,0.052964426877470355,Significant
Mrpl53,-4.886067,-3.5921454,1.0287014302510217e-06,1.4676844936087052e-05,0.006324110671936759,Significant
Rhbdl3,-4.8920135,-1.0466009,9.980950318066474e-07,1.4247312410654877e-05,0.05059288537549407,Significant
Cycs,-4.901149,-3.11938,9.52778560285038e-07,1.3624350577898128e-05,0.008695652173913044,Significant
Adpgk,-4.904734,-1.6525078,9.355392487077898e-07,1.3381195770075423e-05,0.02766798418972332,Significant
Ddx55,-4.9080505,-1.5916575,9.198613368110305e-07,1.316687390129635e-05,0.030039525691699605,Significant
Rrm2b,-4.908212,-1.1352389,9.191046049445846e-07,1.3159350090558105e-05,0.04743083003952569,Significant
Rnps1,-4.9144278,-1.4844449,8.904219017498449e-07,1.2755097737745388e-05,0.03715415019762846,Significant
Gm43571,-4.9183965,-1.3713409,8.725601782614666e-07,1.2502377732860132e-05,0.03399209486166008,Significant
Ints13,-4.918437,-1.4292487,8.723803181181458e-07,1.2502377732860132e-05,0.03557312252964427,Significant
Prdm9,-4.920011,-2.227233,8.653935525491251e-07,1.2405935114728031e-05,0.015810276679841896,Significant
Coq2,-4.9201117,-1.0117282,8.649475255356958e-07,1.2402663573792007e-05,0.05533596837944664,Significant
Pkm,-4.925016,-2.0366673,8.435354307857582e-07,1.2113934669450658e-05,0.02292490118577075,Significant
Trap1,-4.9265695,-1.3311609,8.36857693018906e-07,1.2030172657962517e-05,0.039525691699604744,Significant
C1qtnf12,-4.929516,-5.8555827,8.243355279108349e-07,1.1853153862315871e-05,0.0007905138339920949,Significant
Mlh1,-4.9307,-1.1668847,8.1935478526566e-07,1.1784511449308397e-05,0.048221343873517786,Significant
Scand1,-4.9311843,-2.454744,8.173255737979788e-07,1.1758295982220998e-05,0.011857707509881422,Significant
Ift52,-4.935086,-1.4110104,8.011547592232208e-07,1.1540236059936607e-05,0.03557312252964427,Significant
Snrpb,-4.9367743,-1.4526218,7.942526383719957e-07,1.1443709382980719e-05,0.03241106719367589,Significant
9230114K14Rik,-4.9373665,-1.5737406,7.918463594409824e-07,1.141770664799417e-05,0.02924901185770751,Significant
Polg,-4.9431987,-1.3100425,7.685113899455449e-07,1.109809968422249e-05,0.03873517786561265,Significant
Mrps6,-4.947497,-3.124848,7.51738458401873e-07,1.0858635098899303e-05,0.0071146245059288534,Significant
Emc7,-4.950235,-1.7255596,7.412396721246261e-07,1.0712418317372675e-05,0.028458498023715414,Significant
Topors,-4.950356,-1.3615352,7.407786292959007e-07,1.0708473198968744e-05,0.04189723320158103,Significant
Mmut,-4.9555492,-1.054206,7.212629575041532e-07,1.0429008142012187e-05,0.05612648221343874,Significant
Oxa1l,-4.9587445,-2.260745,7.095024261158399e-07,1.026677957953292e-05,0.016600790513833993,Significant
Tpp1,-4.95904,-1.9645485,7.084224281447211e-07,1.025375736679933e-05,0.02292490118577075,Significant
Ptprf,-4.9596457,-1.579487,7.062182727557267e-07,1.0224453259339903e-05,0.03557312252964427,Significant
Gale,-4.962135,-4.415834,6.97225967420905e-07,1.009683209840126e-05,0.003952569169960474,Significant
Sar1a,-4.9635878,-1.379852,6.920275154211539e-07,1.0026651082848834e-05,0.034782608695652174,Significant
Slc48a1,-4.964698,-1.7258041,6.88081657101842e-07,9.972017723857465e-06,0.025296442687747035,Significant
Adck2,-4.965754,-2.2302501,6.84347247166045e-07,9.920421741568677e-06,0.017391304347826087,Significant
Prxl2c,-4.9662313,-1.1724341,6.826648577255146e-07,9.90141806913443e-06,0.0466403162055336,Significant
Gm40309,-4.9662447,-1.1938568,6.82617524234995e-07,9.90141806913443e-06,0.03873517786561265,Significant
Pak1ip1,-4.966265,-1.6469631,6.825465299287814e-07,9.90141806913443e-06,0.02924901185770751,Significant
Rpl12,-4.9751782,-2.3284538,6.518765042514838e-07,9.471421288232647e-06,0.015810276679841896,Significant
Selenoo,-4.9759045,-2.2756588,6.4943600706974e-07,9.440780106856794e-06,0.016600790513833993,Significant
Exosc7,-4.976934,-1.4640157,6.459937038263461e-07,9.393137765468839e-06,0.03636363636363636,Significant
Dcst1,-4.9776535,-2.6814284,6.435967973566223e-07,9.360675667505346e-06,0.011857707509881422,Significant
Apoc1,-4.978064,-26.815605,6.422341750678196e-07,9.343243781946017e-06,0.0,Significant
Pan2,-4.978205,-1.0169349,6.417657192652242e-07,9.338814674337115e-06,0.05138339920948617,Significant
Gm56980,-4.982174,-3.9703712,6.287381257527257e-07,9.158602614092083e-06,0.0047430830039525695,Significant
P2ry12,-4.9857664,-3.6216962,6.17167086273172e-07,8.994653457763164e-06,0.0047430830039525695,Significant
Abcb8,-4.987899,-2.2623925,6.103955136388502e-07,8.900520087608135e-06,0.016600790513833993,Significant
Plekha3,-4.9894595,-1.0776817,6.054851067291013e-07,8.831180190128523e-06,0.052964426877470355,Significant
Sdhaf2,-4.9908786,-1.2130805,6.010522559766409e-07,8.775517053222027e-06,0.0466403162055336,Significant
Rpl30,-4.994229,-2.3971214,5.907135862568963e-07,8.626781819711191e-06,0.01818181818181818,Significant
Cdkn2aip,-4.995964,-3.2931314,5.854250346002699e-07,8.556918203991587e-06,0.007905138339920948,Significant
Aatk,-4.9965897,-2.3674908,5.835299111874951e-07,8.532813732133322e-06,0.015810276679841896,Significant
Ston1,-4.9981437,-1.0415895,5.788482224513085e-07,8.466528804161304e-06,0.06007905138339921,Significant
BC065397,-4.998857,-1.8427457,5.767120550141153e-07,8.437451470852708e-06,0.02450592885375494,Significant
Trmt10a,-4.9999332,-3.5437531,5.735020379934556e-07,8.392644447541854e-06,0.005533596837944664,Significant
Tmem41b,-5.0005317,-1.260441,5.71723928595866e-07,8.368774349145811e-06,0.04110671936758893,Significant
Mllt6,-5.002678,-1.3874664,5.653942658154193e-07,8.278250164514217e-06,0.03557312252964427,Significant
Abcb9,-5.010568,-3.1889524,5.426952492072563e-07,7.960229310950638e-06,0.009486166007905139,Significant
Zfp503,-5.011645,-1.6361855,5.396679913678388e-07,7.917865265775859e-06,0.02766798418972332,Significant
Tmem179,-5.012102,-26.708973,5.38386343039106e-07,7.901097102832407e-06,0.0,Significant
C87436,-5.015923,-1.6066682,5.27794843406875e-07,7.753654844796405e-06,0.030039525691699605,Significant
2810405F17Rik,-5.0171003,-2.9561138,5.245723039739108e-07,7.711911430295443e-06,0.007905138339920948,Significant
Timm17a,-5.0188155,-1.5338023,5.199105465624009e-07,7.645719636314481e-06,0.0308300395256917,Significant
Sccpdh,-5.0192327,-1.9044743,5.187831514266403e-07,7.631111192297683e-06,0.019762845849802372,Significant
Gpkow,-5.0196095,-1.6739895,5.177668855597567e-07,7.619197409301917e-06,0.028458498023715414,Significant
Eipr1,-5.022663,-1.0798768,5.095984434746853e-07,7.50376130589399e-06,0.05612648221343874,Significant
Gm39469,-5.0280514,-1.3136014,4.954888049063047e-07,7.299774395904243e-06,0.04189723320158103,Significant
Ddx23,-5.037604,-1.4927555,4.7139621923810837e-07,6.952025931011947e-06,0.03241106719367589,Significant
Atp6v1d,-5.0431733,-1.2609341,4.578736199653347e-07,6.756097899571423e-06,0.03715415019762846,Significant
Katnal1,-5.044855,-1.0033667,4.5386478995757765e-07,6.6986819608539216e-06,0.05849802371541502,Significant
Dancr,-5.0500083,-4.4471927,4.417914182586975e-07,6.525562943467832e-06,0.0031620553359683794,Significant
Hoxaas3,-5.0549927,-3.3354073,4.30407265218411e-07,6.36236243219147e-06,0.007905138339920948,Significant
Napa,-5.0561094,-1.585959,4.2789604865392254e-07,6.326883642275513e-06,0.03162055335968379,Significant
Dusp4,-5.0601254,-5.2769656,4.1898105532554105e-07,6.2063476252059404e-06,0.0015810276679841897,Significant
Pnrc1,-5.0609727,-1.244869,4.1712253549492225e-07,6.180425265057603e-06,0.04901185770750988,Significant
Puf60,-5.066287,-1.6400265,4.0564990989519743e-07,6.012001957142748e-06,0.028458498023715414,Significant
Eif3c,-5.0730004,-1.193196,3.915913477863588e-07,5.811207436617945e-06,0.0466403162055336,Significant
Spata6l,-5.0732093,-1.2294731,3.9116227672988846e-07,5.8063532844829455e-06,0.043478260869565216,Significant
Ndrg2,-5.0798755,-1.0502579,3.776824262147198e-07,5.610648325356734e-06,0.057707509881422925,Significant
Zfp219,-5.08669,-1.5128807,3.64367111696456e-07,5.4199131941243205e-06,0.03557312252964427,Significant
Tbc1d2b,-5.087154,-1.005508,3.634768180498223e-07,5.408082962261544e-06,0.06561264822134387,Significant
Gm56986,-5.087228,-4.870219,3.6333508135182384e-07,5.407387053647203e-06,0.0031620553359683794,Significant
Psmb3,-5.087981,-1.7670525,3.6189497736364604e-07,5.387362589820488e-06,0.025296442687747035,Significant
Api5,-5.088654,-1.004667,3.6061382680254435e-07,5.3696945376474055e-06,0.06086956521739131,Significant
Phb2,-5.0898714,-3.4125996,3.5830606783804064e-07,5.336726604437843e-06,0.0071146245059288534,Significant
Acrbp,-5.0901203,-3.243638,3.5783607393474726e-07,5.331120849272226e-06,0.008695652173913044,Significant
Rpl37,-5.090524,-2.5180178,3.57075186223648e-07,5.321177225532778e-06,0.015810276679841896,Significant
Gyg,-5.0908804,-2.168109,3.564043678900897e-07,5.313962061280335e-06,0.017391304347826087,Significant
Pik3r4,-5.0909142,-1.2711723,3.5634114596753683e-07,5.313962061280335e-06,0.042687747035573126,Significant
Fdx1,-5.091197,-1.5413421,3.5581050899838397e-07,5.307887396614352e-06,0.034782608695652174,Significant
Psmd9,-5.093013,-1.4754825,3.5241743788685985e-07,5.262785557491657e-06,0.03557312252964427,Significant
Pla2g6,-5.096874,-2.313535,3.4530748414753206e-07,5.159316046928528e-06,0.014229249011857707,Significant
Zfp942,-5.0976143,-1.2284337,3.4396085071592525e-07,5.140544567090682e-06,0.04426877470355731,Significant
Letm1,-5.0977893,-1.4494282,3.4364329702529015e-07,5.137147013892634e-06,0.03636363636363636,Significant
Ankra2,-5.102767,-1.7571547,3.347229571697969e-07,5.011690745255168e-06,0.02766798418972332,Significant
3300002I08Rik,-5.1047244,-1.672914,3.312766853861581e-07,4.961395513564762e-06,0.03399209486166008,Significant
Bace1,-5.1097093,-1.4046469,3.226550841012004e-07,4.837362597105438e-06,0.04031620553359684,Significant
Uqcr11,-5.1163487,-3.0946264,3.115070822881021e-07,4.673919571163853e-06,0.007905138339920948,Significant
Gm17344,-5.117109,-2.977592,3.1025474891171284e-07,4.656356261935119e-06,0.009486166007905139,Significant
Hspa14,-5.119988,-1.4662217,3.0555532553627586e-07,4.5870355368734735e-06,0.03162055335968379,Significant
Pfkl,-5.120802,-3.9883115,3.0423926096442297e-07,4.568483058695994e-06,0.003952569169960474,Significant
Cul4b,-5.1217976,-1.1238396,3.0263696944726763e-07,4.546821023033474e-06,0.0458498023715415,Significant
Flvcr1,-5.121986,-1.9799879,3.0233475117769307e-07,4.5434792997648515e-06,0.023715415019762844,Significant
Rmc1,-5.125154,-2.030991,2.9729447662277427e-07,4.468913620215784e-06,0.021343873517786563,Significant
Chst12,-5.126035,-1.031316,2.9590710113551953e-07,4.449233230989601e-06,0.05533596837944664,Significant
Derl2,-5.1343226,-1.0183705,2.8316165379715855e-07,4.262095619578114e-06,0.05691699604743083,Significant
C130074G19Rik,-5.135567,-2.8004472,2.8129414898804997e-07,4.235105800509929e-06,0.014229249011857707,Significant
Erap1,-5.1393814,-1.3796495,2.756442967938331e-07,4.152238598872394e-06,0.04031620553359684,Significant
Iffo2,-5.1394553,-1.9133549,2.755357788277047e-07,4.1517022445695505e-06,0.021343873517786563,Significant
Abhd14b,-5.141487,-2.6012027,2.725725323183721e-07,4.108139905436851e-06,0.013438735177865613,Significant
Zfp949,-5.1462026,-1.0756458,2.6581242811447056e-07,4.010499594400125e-06,0.05375494071146245,Significant
Ddb2,-5.1473126,-1.2642668,2.6424495212081464e-07,3.987906657490408e-06,0.04743083003952569,Significant
Dolk,-5.1481466,-2.5841322,2.630728499079363e-07,3.9712701873297465e-06,0.013438735177865613,Significant
Gm56990,-5.14929,-4.7895923,2.6147409428835394e-07,3.948182551809378e-06,0.0023715415019762848,Significant
Gm36860,-5.1522903,-2.2498467,2.573241927384662e-07,3.886550890907428e-06,0.017391304347826087,Significant
H2aj,-5.156824,-2.4799292,2.511732972261521e-07,3.797678894677198e-06,0.013438735177865613,Significant
Tubgcp5,-5.159831,-1.0426499,2.4717258676469295e-07,3.739174883891706e-06,0.05375494071146245,Significant
Stub1,-5.163114,-1.6205779,2.428752147190573e-07,3.6761184479845406e-06,0.0308300395256917,Significant
Ubxn2a,-5.1654077,-1.1872675,2.399152738901785e-07,3.633379509360488e-06,0.048221343873517786,Significant
Trir,-5.1742,-1.4195356,2.288897479718486e-07,3.4699710168437246e-06,0.04110671936758893,Significant
Med20,-5.1786866,-2.3533514,2.2345341033411759e-07,3.3902639589221926e-06,0.015810276679841896,Significant
Tmem53,-5.1799984,-1.238211,2.2188778842726712e-07,3.369203349556538e-06,0.0458498023715415,Significant
Gm11508,-5.1806912,-2.0052915,2.210651023302522e-07,3.358502665898317e-06,0.02292490118577075,Significant
Zfp974,-5.181169,-1.343628,2.204997249596216e-07,3.351701772270639e-06,0.04110671936758893,Significant
Adtrp,-5.1853933,-6.473546,2.1555938549139142e-07,3.2774811666930094e-06,0.0007905138339920949,Significant
Ptbp1,-5.1864295,-1.5644432,2.1436433096052322e-07,3.260181455454902e-06,0.03320158102766799,Significant
Lsg1,-5.186517,-1.3620403,2.1426374329479702e-07,3.2595222567323105e-06,0.03873517786561265,Significant
Trappc3,-5.1878085,-1.4485495,2.1278344172577678e-07,3.2387334817715736e-06,0.037944664031620556,Significant
Sub1,-5.189927,-1.754476,2.1037620572453298e-07,3.2029496069948216e-06,0.03162055335968379,Significant
Slpi,-5.190008,-2.5771806,2.1028502385403067e-07,3.2024176366066755e-06,0.01818181818181818,Significant
Phykpl,-5.19171,-1.3705672,2.0837147320818453e-07,3.174974593510098e-06,0.03873517786561265,Significant
Hmg20b,-5.1961966,-2.558473,2.034069736654721e-07,3.1026510815659377e-06,0.011857707509881422,Significant
Ranbp3,-5.1988873,-1.4285525,2.0048480338484535e-07,3.0597172847859764e-06,0.03557312252964427,Significant
Pggt1b,-5.204074,-1.0517348,1.9496637550986713e-07,2.9770931584626826e-06,0.0616600790513834,Significant
Agbl3,-5.2062197,-1.0691594,1.9272633174617984e-07,2.9460483371702622e-06,0.05217391304347826,Significant
Chchd10,-5.206442,-5.3004293,1.924960280290397e-07,2.9433180268532627e-06,0.0015810276679841897,Significant
Hgf,-5.2071214,-1.4004296,1.9179281086886792e-07,2.9333533289509023e-06,0.04031620553359684,Significant
Cdr2,-5.2120585,-1.3832927,1.8675637847643465e-07,2.858627673878136e-06,0.04110671936758893,Significant
Sirt1,-5.217514,-1.0256352,1.8134026931901916e-07,2.7779650996218107e-06,0.05928853754940711,Significant
Slc16a12,-5.218288,-1.138742,1.80584664389733e-07,2.7671343850957446e-06,0.04901185770750988,Significant
Gclm,-5.2212276,-1.5845207,1.777410274169974e-07,2.725761336426407e-06,0.0308300395256917,Significant
Emc3,-5.2234473,-1.1929226,1.7562239624512873e-07,2.6969026064169027e-06,0.0458498023715415,Significant
Zfp568,-5.2238173,-1.0775872,1.75271673014816e-07,2.69224287378922e-06,0.05533596837944664,Significant
Apip,-5.2238374,-2.11806,1.7525256214439631e-07,2.69224287378922e-06,0.01818181818181818,Significant
Prps1,-5.230894,-2.487437,1.6869219207398496e-07,2.5960816510499403e-06,0.014229249011857707,Significant
Zdhhc5,-5.237439,-1.263092,1.6281982874640653e-07,2.5077424583849432e-06,0.045059288537549404,Significant
Cyb5d2,-5.241186,-1.896276,1.595476434179136e-07,2.458674523371967e-06,0.02292490118577075,Significant
Smkr-ps,-5.2438097,-2.1977334,1.5729447266119283e-07,2.4259221472917066e-06,0.018972332015810278,Significant
Dclre1a,-5.2440248,-1.8999215,1.5711096924559353e-07,2.4237484962918832e-06,0.02292490118577075,Significant
Rnf167,-5.246157,-1.4067622,1.5530428613715523e-07,2.39652611299072e-06,0.04426877470355731,Significant
Taf6,-5.2511554,-2.3248403,1.511480782492439e-07,2.334922062829679e-06,0.016600790513833993,Significant
Mlycd,-5.2535634,-1.8845105,1.4918409358152262e-07,2.3064598079352373e-06,0.02292490118577075,Significant
Wbp4,-5.254909,-1.0453578,1.4809766480105018e-07,2.2902849352082015e-06,0.05612648221343874,Significant
Ttc4,-5.2563753,-1.8552215,1.46922173693809e-07,2.273341166385646e-06,0.02450592885375494,Significant
Gm10501,-5.257331,-3.931906,1.4616134558845146e-07,2.2627985805198513e-06,0.005533596837944664,Significant
Btf3,-5.2604656,-2.03497,1.436912213817852e-07,2.2257676378401065e-06,0.02608695652173913,Significant
Scrn3,-5.260499,-1.4427248,1.4366493810757998e-07,2.2257676378401065e-06,0.034782608695652174,Significant
Dcst2,-5.2643065,-3.2892632,1.4071953688547982e-07,2.180923013009283e-06,0.007905138339920948,Significant
Zfp74,-5.266762,-1.4985892,1.388511872329722e-07,2.1531387397147796e-06,0.03557312252964427,Significant
Cherp,-5.2694187,-1.2030106,1.3685631110590088e-07,2.1245188687789264e-06,0.045059288537549404,Significant
Idnk,-5.2724795,-2.0766292,1.3459276869562938e-07,2.091661256085653e-06,0.01818181818181818,Significant
Pcif1,-5.2734346,-2.1697285,1.3389378979731656e-07,2.0819350859773354e-06,0.018972332015810278,Significant
Prss36,-5.274928,-2.0439596,1.328080509984934e-07,2.0656168347187143e-06,0.021343873517786563,Significant
Gm53055,-5.2758365,-5.624809,1.3215197404367158e-07,2.055974195087624e-06,0.0015810276679841897,Significant
Sh3gl1,-5.2797985,-1.2575312,1.2932603238338327e-07,2.0136597238015384e-06,0.05217391304347826,Significant
Hspe1,-5.281292,-2.9977717,1.2827615070457843e-07,1.9984055532884816e-06,0.009486166007905139,Significant
Akr1b3,-5.282422,-3.1951745,1.274871314667213e-07,1.986657020483464e-06,0.008695652173913044,Significant
Plcd3,-5.282462,-1.9148623,1.2745903922499888e-07,1.986657020483464e-06,0.023715415019762844,Significant
Gm46440,-5.2826104,-2.9933221,1.273560855670749e-07,1.985701771159587e-06,0.007905138339920948,Significant
Alkbh3,-5.2826304,-1.1890509,1.2734205266691812e-07,1.985701771159587e-06,0.0466403162055336,Significant
Psph,-5.2832627,-3.138941,1.269031121109431e-07,1.9797233169066333e-06,0.010276679841897233,Significant
Rpsa,-5.2835855,-1.9647076,1.2667953718504013e-07,1.9767770695679284e-06,0.02450592885375494,Significant
Ndufs5,-5.28409,-1.7283232,1.263309640686616e-07,1.9724188168449853e-06,0.028458498023715414,Significant
Nubpl,-5.284218,-1.0710919,1.2624280630288666e-07,1.9715830043040785e-06,0.05691699604743083,Significant
Med17,-5.2880793,-1.0065614,1.236073969818455e-07,1.932014491227907e-06,0.05849802371541502,Significant
Gm13919,-5.2938375,-3.8565543,1.1977586942169768e-07,1.8741846058644924e-06,0.0047430830039525695,Significant
Sptlc1,-5.2949677,-1.0079272,1.1903749745111569e-07,1.863142974811429e-06,0.06640316205533597,Significant
Ntng2,-5.303625,-1.1906846,1.1352532380043093e-07,1.7807838739725446e-06,0.05375494071146245,Significant
Pla2g12a,-5.3054886,-1.410024,1.1237166749241161e-07,1.7631730831318294e-06,0.03873517786561265,Significant
Gid4,-5.305677,-1.5120745,1.1225568578459164e-07,1.7623245117894768e-06,0.034782608695652174,Significant
Sp3os,-5.308226,-1.4967698,1.1069714130845436e-07,1.738335886167871e-06,0.03399209486166008,Significant
Txndc9,-5.309733,-1.8318583,1.0978586394168739e-07,1.7245012079182407e-06,0.028458498023715414,Significant
Khsrp,-5.3118725,-1.8078141,1.0850463449299904e-07,1.7057875186819046e-06,0.028458498023715414,Significant
Zfp267,-5.3211823,-2.0360587,1.030950263634899e-07,1.624781039624544e-06,0.02292490118577075,Significant
Polr3a,-5.323409,-1.984608,1.0184046614807328e-07,1.6054534836482395e-06,0.02450592885375494,Significant
Slc7a6os,-5.3245525,-1.3039899,1.012018865508112e-07,1.5963296027104109e-06,0.0466403162055336,Significant
Acp6,-5.3250976,-2.2205281,1.0089898709944585e-07,1.592816530199486e-06,0.017391304347826087,Significant
Hnrnpa0,-5.326174,-1.6040657,1.0030324373819875e-07,1.5842904304290635e-06,0.0308300395256917,Significant
Cnnm3,-5.3267927,-1.127225,9.996223450692208e-08,1.5797806258836108e-06,0.057707509881422925,Significant
1700037H04Rik,-5.32764,-3.211872,9.949702053634098e-08,1.5733018179282956e-06,0.007905138339920948,Significant
Pym1,-5.329369,-1.5028954,9.855461953234093e-08,1.55926607135066e-06,0.03399209486166008,Significant
Glmn,-5.3300486,-1.2441639,9.818662959949251e-08,1.5538757298567825e-06,0.045059288537549404,Significant
Prpf8,-5.3306603,-1.6106817,9.785621360880093e-08,1.5499389872319147e-06,0.030039525691699605,Significant
Ccdc3,-5.336748,-2.3199208,9.462824729972617e-08,1.499645708180826e-06,0.017391304347826087,Significant
Rxrg,-5.3401184,-3.3908548,9.28858536604172e-08,1.4732627836428456e-06,0.006324110671936759,Significant
Pdk2,-5.359391,-2.391341,8.3502948933306e-08,1.3262877029878318e-06,0.015019762845849802,Significant
Gstt2,-5.3596735,-2.4384205,8.337247047318822e-08,1.3249544630794893e-06,0.015019762845849802,Significant
H2bc4,-5.3608913,-2.9434164,8.281242554826739e-08,1.3164216424187307e-06,0.011067193675889328,Significant
Sp2,-5.361093,-1.501616,8.271995304705014e-08,1.3153188624552029e-06,0.03715415019762846,Significant
Prepl,-5.361416,-1.5277793,8.257220498557456e-08,1.3133362916434639e-06,0.03557312252964427,Significant
Clpp,-5.363481,-2.0395455,8.163325903759868e-08,1.2991278375796272e-06,0.021343873517786563,Significant
Cnot3,-5.3646784,-1.070798,8.10935978498982e-08,1.2909003509004903e-06,0.05533596837944664,Significant
Dmpk,-5.3650885,-1.3041292,8.090945385098474e-08,1.288689569714384e-06,0.043478260869565216,Significant
Rpl18,-5.3762016,-4.337809,7.607365109348971e-08,1.2143845716048213e-06,0.003952569169960474,Significant
Gm38365,-5.3786097,-2.087868,7.506322668836556e-08,1.1989271222614933e-06,0.019762845849802372,Significant
Ncam2,-5.381482,-3.849808,7.387504651773482e-08,1.1802803096987482e-06,0.006324110671936759,Significant
Gm12940,-5.38346,-1.6370257,7.306756588332417e-08,1.167707063980455e-06,0.03241106719367589,Significant
Dnajc8,-5.385061,-1.1120741,7.242015854586815e-08,1.1576856394610551e-06,0.052964426877470355,Significant
Hagh,-5.3870454,-2.1161802,7.162540829761582e-08,1.1456242623243097e-06,0.021343873517786563,Significant
Socs4,-5.387341,-1.2644516,7.150759562656199e-08,1.1440612538836937e-06,0.048221343873517786,Significant
Nit1,-5.388202,-1.7754858,7.116593412047936e-08,1.1389149676093917e-06,0.023715415019762844,Significant
Gm15886,-5.3884106,-3.8410785,7.108342612789833e-08,1.1379143568031091e-06,0.005533596837944664,Significant
Mavs,-5.391559,-2.3943598,6.984902294830151e-08,1.1187829017438077e-06,0.016600790513833993,Significant
Clk3,-5.392945,-1.5379213,6.931227964595884e-08,1.1104981753856338e-06,0.03399209486166008,Significant
Atpsckmt,-5.393355,-1.4646016,6.915410927534595e-08,1.1082758615951235e-06,0.03873517786561265,Significant
Id1,-5.3937855,-2.9925058,6.898853589974356e-08,1.105933621246424e-06,0.009486166007905139,Significant
4933406C10Rik,-5.395743,-1.9877553,6.824052454989326e-08,1.0948672043943285e-06,0.022134387351778657,Significant
Stmp1,-5.3961196,-1.5665742,6.809748155280862e-08,1.0928801288327156e-06,0.03320158102766799,Significant
Clptm1,-5.401643,-1.347943,6.603341918047229e-08,1.0603522057403477e-06,0.039525691699604744,Significant
Rab9,-5.4075623,-1.1899624,6.388834154620952e-08,1.0270655155230706e-06,0.048221343873517786,Significant
Srek1ip1,-5.4145246,-1.5212934,6.145176324828754e-08,9.901315368196777e-07,0.03715415019762846,Significant
Ndufs2,-5.4208546,-2.2571766,5.931479823787062e-08,9.56782982000734e-07,0.018972332015810278,Significant
Vamp1,-5.423693,-2.3181524,5.838001091478576e-08,9.419711537259327e-07,0.017391304347826087,Significant
Vps33a,-5.4273663,-1.3034732,5.7191709789034825e-08,9.230592820570952e-07,0.043478260869565216,Significant
Slc25a40,-5.4306087,-1.0922976,5.61622019172661e-08,9.074721734878118e-07,0.05691699604743083,Significant
Psmc1,-5.4340863,-1.452716,5.507790250622821e-08,8.902046115830657e-07,0.03873517786561265,Significant
Gm33432,-5.4347725,-5.5240602,5.486638805470577e-08,8.870377632660424e-07,0.0015810276679841897,Significant
Cldn22,-5.442771,-4.008362,5.245813426900815e-08,8.497919270018757e-07,0.005533596837944664,Significant
Nfic,-5.445778,-1.3262041,5.157952523326626e-08,8.362727068073503e-07,0.04743083003952569,Significant
Acaa1a,-5.447022,-2.2339673,5.122008310901128e-08,8.306815016548593e-07,0.017391304347826087,Significant
2810402E24Rik,-5.4481792,-3.014325,5.0888077755093794e-08,8.255322038327053e-07,0.011857707509881422,Significant
Syne3,-5.4495044,-1.1897354,5.0510378218778103e-08,8.196384856527342e-07,0.05217391304347826,Significant
Atp6v0c,-5.4507356,-2.8428838,5.016195561834698e-08,8.142166233934708e-07,0.014229249011857707,Significant
Pdcd10,-5.4558005,-1.0023332,4.875263763243807e-08,7.920182423476908e-07,0.06719367588932806,Significant
ENSMUSG00000121451,-5.45681,-5.647068,4.847651791970489e-08,7.879821315632077e-07,0.0015810276679841897,Significant
Rarres2,-5.4637184,-1.286779,4.662632646411182e-08,7.585570443408546e-07,0.0616600790513834,Significant
Parp16,-5.4671087,-1.5542761,4.574356989812816e-08,7.448340330481313e-07,0.03320158102766799,Significant
Sox7,-5.468037,-4.7007594,4.5504702128196915e-08,7.413685962465409e-07,0.0031620553359683794,Significant
Psmd5,-5.4695506,-1.9317123,4.511783460947296e-08,7.354865790146006e-07,0.023715415019762844,Significant
Opn3,-5.471488,-2.6720014,4.4627294744774274e-08,7.281154126252698e-07,0.011857707509881422,Significant
Tmem33,-5.474589,-1.6414819,4.3852834303791764e-08,7.158899765172611e-07,0.03557312252964427,Significant
Mttp,-5.478901,-2.1357505,4.279760213023591e-08,6.988638551470499e-07,0.021343873517786563,Significant
Zfp933,-5.4816184,-1.1276016,4.2145218906587636e-08,6.884081783591527e-07,0.05454545454545454,Significant
Mrpl3,-5.4854193,-1.4703699,4.1248999616799225e-08,6.741559377669819e-07,0.03636363636363636,Significant
Trappc13,-5.486186,-1.3697296,4.107042343247144e-08,6.714300834534471e-07,0.042687747035573126,Significant
Gm4673,-5.4896708,-2.9919088,4.0268396076886234e-08,6.586965644969776e-07,0.010276679841897233,Significant
Arhgef9,-5.495187,-1.3534737,3.9029734525021237e-08,6.395372988745998e-07,0.04189723320158103,Significant
Ctcfl,-5.497144,-26.841452,3.859910752468158e-08,6.3266314955754e-07,0.0,Significant
Cd59a,-5.5017657,-2.3990488,3.7600671664320825e-08,6.170086009331678e-07,0.016600790513833993,Significant
Crebl2,-5.5074296,-1.3922586,3.6411094160316216e-08,5.980052242810977e-07,0.04189723320158103,Significant
Rpl17,-5.5105777,-1.7457064,3.5765771043575756e-08,5.875761018442721e-07,0.0308300395256917,Significant
Gm20404,-5.5162215,-3.3369207,3.463653896896227e-08,5.695175181725904e-07,0.007905138339920948,Significant
Paox,-5.5179234,-2.7377784,3.430285991350668e-08,5.641938608708793e-07,0.012648221343873518,Significant
Armc1,-5.5338125,-1.3902466,3.1334402602611985e-08,5.161157704932974e-07,0.04189723320158103,Significant
Kcnj15,-5.5364494,-2.423698,3.0866497802722824e-08,5.087031118335283e-07,0.020553359683794466,Significant
Exoc7,-5.538333,-2.1779795,3.05364375660327e-08,5.035549642187859e-07,0.01818181818181818,Significant
Mplkip,-5.5383735,-1.5317552,3.052940245460413e-08,5.035549642187859e-07,0.04189723320158103,Significant
Kdm2b,-5.5393825,-1.1738474,3.0354034824144766e-08,5.008371767376491e-07,0.05217391304347826,Significant
9430091E24Rik,-5.5395236,-1.5028863,3.0329561478780903e-08,5.005784232357285e-07,0.03636363636363636,Significant
Map2k7,-5.543869,-1.899236,2.9585997225397168e-08,4.885894048756787e-07,0.02608695652173913,Significant
Cbwd1,-5.54475,-1.1640941,2.9437384386319545e-08,4.862762124576215e-07,0.05138339920948617,Significant
Ube3b,-5.547838,-1.4381644,2.8922365277819987e-08,4.78184785506489e-07,0.04031620553359684,Significant
Nfrkb,-5.5506296,-1.000788,2.8464249617300813e-08,4.707472661802863e-07,0.06561264822134387,Significant
Gm48832,-5.5527554,-2.3735497,2.8120148856598967e-08,4.6519157351644445e-07,0.01818181818181818,Significant
Fbxo32,-5.5530043,-1.9113032,2.8080123527506566e-08,4.646644329496517e-07,0.02292490118577075,Significant
Gars,-5.5539727,-1.1658598,2.7924874839124488e-08,4.622297378530778e-07,0.05533596837944664,Significant
Rps27a,-5.555325,-2.2056103,2.7709565428204912e-08,4.58799175646239e-07,0.02292490118577075,Significant
Pex6,-5.555621,-1.4389105,2.7662648382250707e-08,4.581555734536758e-07,0.03715415019762846,Significant
Snhg14,-5.5617695,-2.361185,2.6705304110176508e-08,4.4242849035134143e-07,0.016600790513833993,Significant
Ttc9c,-5.563404,-2.7132885,2.6456239852869427e-08,4.384297885512916e-07,0.015019762845849802,Significant
Crbn,-5.567124,-1.162246,2.5897812167886815e-08,4.2980102671280767e-07,0.05217391304347826,Significant
Glrx5,-5.5720415,-2.677331,2.5177164938678998e-08,4.184509482700878e-07,0.012648221343873518,Significant
Nom1,-5.5762186,-1.4068248,2.4580281614143114e-08,4.086498731068388e-07,0.04110671936758893,Significant
Orc6,-5.5771604,-1.5458349,2.4447627971935094e-08,4.0656319636388907e-07,0.034782608695652174,Significant
Ing2,-5.5775976,-2.2678761,2.4386275214599495e-08,4.0566137802936305e-07,0.01818181818181818,Significant
Rexo1,-5.578479,-1.7847661,2.4263079547313845e-08,4.037299861202799e-07,0.026877470355731226,Significant
Dcaf7,-5.584183,-1.0701678,2.348008615736477e-08,3.9104404383928264e-07,0.057707509881422925,Significant
Zfp976,-5.5868134,-1.1349207,2.3127374388554715e-08,3.855081455089854e-07,0.05454545454545454,Significant
Tsn,-5.5886903,-1.223067,2.2878844861668577e-08,3.814771025675755e-07,0.04980237154150197,Significant
Arpc5,-5.5903587,-1.1094012,2.2660107523623317e-08,3.77940592414363e-07,0.057707509881422925,Significant
C6,-5.599642,-2.8895946,2.1479522349781902e-08,3.5909145100379666e-07,0.014229249011857707,Significant
Gm2415,-5.6046934,-2.9195812,2.0862362513527033e-08,3.4908133525793204e-07,0.011857707509881422,Significant
Rpl34,-5.6081715,-2.8476975,2.0447541631803538e-08,3.422408783234936e-07,0.013438735177865613,Significant
Lrg1,-5.6091604,-3.7274318,2.0331064035680574e-08,3.4039138996050794e-07,0.005533596837944664,Significant
Rpl5,-5.6162305,-1.7046357,1.95168540408099e-08,3.2733702089477364e-07,0.0308300395256917,Significant
Dus2,-5.616311,-1.3662493,1.950774296871659e-08,3.2728061060155903e-07,0.04031620553359684,Significant
6530409C15Rik,-5.6197486,-4.636308,1.912357213022016e-08,3.211192334611814e-07,0.003952569169960474,Significant
Ankrd52,-5.6206093,-1.3019664,1.902849798029285e-08,3.1961702168019323e-07,0.04743083003952569,Significant
Slc25a28,-5.62104,-1.3531127,1.8981133167361934e-08,3.1891552188927586e-07,0.04110671936758893,Significant
Gm10516,-5.6228766,-1.6041306,1.8780375077639275e-08,3.1572876802357776e-07,0.03320158102766799,Significant
C4b,-5.6230044,-1.8745708,1.8766479903393843e-08,3.15588343821367e-07,0.026877470355731226,Significant
A430090L17Rik,-5.623576,-4.774828,1.8704439408086638e-08,3.1463795696775813e-07,0.0023715415019762848,Significant
Atxn7l1os1,-5.6268787,-6.3207474,1.8349943222805188e-08,3.0885726191242986e-07,0.0007905138339920949,Significant
Gm42556,-5.628675,-6.8080664,1.8159919751247834e-08,3.057492579999417e-07,0.0015810276679841897,Significant
Ppib,-5.6290584,-1.9882172,1.811960115617795e-08,3.051606653161576e-07,0.025296442687747035,Significant
Rpl14,-5.6315203,-2.349308,1.7862776647968016e-08,3.010134256028253e-07,0.018972332015810278,Significant
Arxes2,-5.6340027,-2.4484005,1.760742679367222e-08,2.9679825016533153e-07,0.017391304347826087,Significant
1700086O06Rik,-5.6362224,-1.5041168,1.7382070344000788e-08,2.931731242469635e-07,0.03873517786561265,Significant
Pomt1,-5.6379714,-2.6006165,1.7206491974994866e-08,2.904698664536563e-07,0.014229249011857707,Significant
Acad8,-5.6384897,-1.4124136,1.7154825169175804e-08,2.8976947492080674e-07,0.042687747035573126,Significant
Gm56596,-5.643454,-2.5001612,1.666721028613158e-08,2.8161650471887784e-07,0.014229249011857707,Significant
Abhd3,-5.6437097,-2.0932784,1.6642470563201734e-08,2.8128195795169784e-07,0.020553359683794466,Significant
Rab5if,-5.644779,-2.4516776,1.653934060224096e-08,2.7970495789492205e-07,0.015019762845849802,Significant
Mfap3,-5.6479745,-1.4500719,1.6234931043298144e-08,2.7472012140756004e-07,0.042687747035573126,Significant
Rab34,-5.648775,-2.3521903,1.6159524986810626e-08,2.735254198198525e-07,0.017391304347826087,Significant
B3gat3,-5.6509476,-1.149899,1.5956562033054618e-08,2.7017026426528786e-07,0.05691699604743083,Significant
Supv3l1,-5.659605,-1.7824347,1.5172160103220282e-08,2.571949891150539e-07,0.030039525691699605,Significant
Heatr3,-5.660063,-1.298482,1.513177425407683e-08,2.5658676527736413e-07,0.04743083003952569,Significant
Ice2,-5.660984,-1.2095597,1.5050725507990512e-08,2.552884602771784e-07,0.06086956521739131,Significant
Gtf2e1,-5.662168,-1.4992648,1.4947223103135688e-08,2.536084120130063e-07,0.03636363636363636,Significant
Pmm1,-5.6639977,-3.5201828,1.4788623419622498e-08,2.509922522017063e-07,0.0071146245059288534,Significant
Skp1,-5.6648254,-1.0777488,1.4717441594050262e-08,2.498586290419845e-07,0.06482213438735178,Significant
Cops2,-5.673254,-1.0143837,1.4011018563169715e-08,2.3807860579094202e-07,0.06086956521739131,Significant
Ttf1,-5.676032,-1.4634572,1.3785477642273241e-08,2.3431608430706882e-07,0.037944664031620556,Significant
Zfp799,-5.678481,-1.2293766,1.3589623119804367e-08,2.31125068717079e-07,0.048221343873517786,Significant
Gm16189,-5.6850395,-4.34989,1.3078236703198589e-08,2.226271677479315e-07,0.0031620553359683794,Significant
Vdac2,-5.690993,-1.0439532,1.2630277921848221e-08,2.1519469034947923e-07,0.057707509881422925,Significant
Zcrb1,-5.6934953,-1.1803036,1.2446466138257815e-08,2.121898887360893e-07,0.048221343873517786,Significant
Rpl27a,-5.6950088,-3.142852,1.233655394871606e-08,2.1044209658293623e-07,0.009486166007905139,Significant
Snx21,-5.707877,-1.4017079,1.143937955497446e-08,1.9537183900413938e-07,0.037944664031620556,Significant
Recql5,-5.712795,-1.3360376,1.1113571616787657e-08,1.8997834927394356e-07,0.043478260869565216,Significant
Gm27003,-5.716683,-1.3892992,1.0862357480277251e-08,1.8585141144364991e-07,0.04110671936758893,Significant
Sf3b2,-5.71858,-1.0356869,1.0741804502376313e-08,1.8384403070929053e-07,0.06482213438735178,Significant
Lrrn3,-5.71895,-5.779759,1.0718444403627567e-08,1.8349938147533292e-07,0.0015810276679841897,Significant
Naa40,-5.7189765,-1.7465155,1.0716747414614599e-08,1.8349938147533292e-07,0.03162055335968379,Significant
Eaf2,-5.7200193,-1.7682184,1.0651189815606013e-08,1.8245770135090913e-07,0.0308300395256917,Significant
Sdf4,-5.72045,-1.1966041,1.06242347111045e-08,1.8205072184321438e-07,0.048221343873517786,Significant
Kcnk3,-5.721338,-4.048081,1.0568849028310177e-08,1.8119922816501797e-07,0.0047430830039525695,Significant
A630072M18Rik,-5.725172,-2.6409705,1.0332888774754017e-08,1.7732520184546972e-07,0.013438735177865613,Significant
Gatad1,-5.7258043,-2.126364,1.0294471067405981e-08,1.7671916703321193e-07,0.025296442687747035,Significant
Gm16023,-5.728105,-2.1044734,1.0155863922205468e-08,1.7439235452180385e-07,0.02450592885375494,Significant
Trmt61b,-5.7339845,-1.8085365,9.809835532136501e-09,1.6860303200585104e-07,0.02924901185770751,Significant
Acot13,-5.742359,-2.6928816,9.336640627991938e-09,1.607613105529147e-07,0.013438735177865613,Significant
Rufy1,-5.7425613,-1.1404636,9.325516638715696e-09,1.606183432925319e-07,0.06007905138339921,Significant
Pxmp2,-5.742743,-2.326872,9.315516064579102e-09,1.6049464454862288e-07,0.01818181818181818,Significant
Lsm12,-5.7470818,-1.0857756,9.079689008026697e-09,1.5652636143083504e-07,0.062450592885375494,Significant
Eif1a,-5.757461,-1.362085,8.538836787057537e-09,1.4738099590537835e-07,0.0466403162055336,Significant
Btf3l4,-5.758181,-1.3833817,8.502515316348338e-09,1.46798582361489e-07,0.042687747035573126,Significant
Pecr,-5.7602863,-1.9806598,8.397126777704595e-09,1.4506698903194095e-07,0.02292490118577075,Significant
Bet1,-5.760394,-1.0682803,8.391773763151083e-09,1.4501850981717324e-07,0.0616600790513834,Significant
Gm26911,-5.763085,-6.4423213,8.259021515734898e-09,1.427677426009292e-07,0.0007905138339920949,Significant
Atp5d,-5.7655067,-5.0685773,8.141291887031873e-09,1.4081813527930797e-07,0.0023715415019762848,Significant
Desi1,-5.7663474,-1.6769681,8.100796460546117e-09,1.4020287272339103e-07,0.03162055335968379,Significant
Rps16,-5.7673497,-2.2878907,8.052781732268748e-09,1.394142428145682e-07,0.02292490118577075,Significant
Wdr48,-5.768688,-1.33315,7.989086053355031e-09,1.3835357328591508e-07,0.0466403162055336,Significant
Rps18,-5.776169,-2.4621968,7.642074988144468e-09,1.3254565699053735e-07,0.015810276679841896,Significant
Anks3,-5.7764983,-1.5087018,7.627126090339707e-09,1.323266869926975e-07,0.04031620553359684,Significant
Prpf40b,-5.7807093,-1.1938174,7.438630482679941e-09,1.291744612120398e-07,0.05138339920948617,Significant
Ppp1r14b,-5.781046,-3.2064524,7.423771831980581e-09,1.289557632351453e-07,0.009486166007905139,Significant
Lamtor1,-5.784167,-1.3105357,7.287253178047428e-09,1.2670030021715986e-07,0.0466403162055336,Significant
Psma7,-5.7849407,-2.0988986,7.253797104402715e-09,1.2615713528460447e-07,0.023715415019762844,Significant
Scyl2,-5.7919703,-1.3064256,6.956550263731723e-09,1.210614084862922e-07,0.04901185770750988,Significant
Azin2,-5.792878,-1.3284001,6.919024855749765e-09,1.2048201660894415e-07,0.045059288537549404,Significant
Gclc,-5.7942505,-1.0177531,6.8626930286608575e-09,1.195376579213759e-07,0.06086956521739131,Significant
Ndufb5,-5.7967463,-2.6280785,6.7613874833073145e-09,1.1788125066962701e-07,0.013438735177865613,Significant
Snhg12,-5.8053565,-2.64418,6.422912977578202e-09,1.1204874015204669e-07,0.013438735177865613,Significant
Zfp771,-5.807637,-1.1491328,6.336067033350783e-09,1.1066932298957881e-07,0.05375494071146245,Significant
Metap1,-5.808969,-1.0850086,6.285872360536978e-09,1.098262835475103e-07,0.062450592885375494,Significant
Gm44686,-5.812413,-4.040411,6.1578625466324465e-09,1.0762272905702829e-07,0.0047430830039525695,Significant
Crot,-5.8129244,-1.2456594,6.139078535721903e-09,1.0732737823228151e-07,0.05059288537549407,Significant
Gm57354,-5.813301,-3.5807848,6.12527336190008e-09,1.071189160012139e-07,0.0071146245059288534,Significant
Usp5,-5.823102,-1.8892651,5.776520825234965e-09,1.0120642224913973e-07,0.02450592885375494,Significant
Eno1,-5.825147,-2.4259455,5.706229326200026e-09,1.0000566453159609e-07,0.019762845849802372,Significant
Tpcn1,-5.8314705,-1.1010367,5.4941045599439225e-09,9.640672041533648e-08,0.06007905138339921,Significant
Suclg1,-5.8336296,-1.1986688,5.423438970103365e-09,9.522542041216643e-08,0.052964426877470355,Significant
Dctn6,-5.837195,-1.3115532,5.308694555341734e-09,9.323947460694437e-08,0.05454545454545454,Significant
Ctr9,-5.8394084,-1.3943459,5.2386582796154714e-09,9.203777880271045e-08,0.039525691699604744,Significant
Hgsnat,-5.8401012,-1.55325,5.2169174002821e-09,9.168410299057502e-08,0.03715415019762846,Significant
Poldip2,-5.8427243,-2.4771316,5.135390242280566e-09,9.027917745776403e-08,0.015810276679841896,Significant
Zfp467,-5.8475275,-1.868365,4.989333188324889e-09,8.776344300812255e-08,0.02924901185770751,Significant
Smim10l1,-5.8477964,-1.0662919,4.9812714002863754e-09,8.767807567347961e-08,0.06403162055335969,Significant
Gm56952,-5.851557,-3.7905786,4.869925504462505e-09,8.579778098688103e-08,0.005533596837944664,Significant
Ncbp1,-5.854853,-1.2947172,4.774318357064906e-09,8.416546797821449e-08,0.05059288537549407,Significant
Rps24,-5.8550415,-1.181851,4.768910611179719e-09,8.409617191427202e-08,0.05454545454545454,Significant
Zfp866,-5.8576517,-2.1580167,4.6945854599182564e-09,8.281114952701531e-08,0.02292490118577075,Significant
Pi4k2a,-5.859932,-1.3447448,4.630570367280731e-09,8.170725357401056e-08,0.04980237154150197,Significant
Rps4x,-5.8652797,-2.3710518,4.483760272737308e-09,7.928875580432765e-08,0.019762845849802372,Significant
Rwdd3,-5.8663898,-2.7142954,4.45386291298591e-09,7.878453188205365e-08,0.014229249011857707,Significant
Cep20,-5.866948,-1.5605258,4.438897065252263e-09,7.854420068133284e-08,0.039525691699604744,Significant
Osgin2,-5.8729486,-1.5907255,4.281117044474524e-09,7.584663523006343e-08,0.03636363636363636,Significant
Phf10,-5.8776774,-1.1140716,4.160626806301018e-09,7.378083182111064e-08,0.057707509881422925,Significant
Ldlr,-5.878922,-1.5924544,4.129471451754853e-09,7.325116321943087e-08,0.039525691699604744,Significant
Gm48765,-5.881451,-4.018416,4.0668484447426756e-09,7.216279753570979e-08,0.0047430830039525695,Significant
Egln1,-5.88246,-1.0556562,4.042124634923715e-09,7.174645225598231e-08,0.06798418972332015,Significant
Fxyd1,-5.887344,-2.2658422,3.924514094275797e-09,6.974586674224662e-08,0.019762845849802372,Significant
Mrps10,-5.893405,-3.0118196,3.7831790875505e-09,6.729709479044455e-08,0.011857707509881422,Significant
1500035N22Rik,-5.904336,-4.330046,3.5406973309072946e-09,6.308224240275102e-08,0.003952569169960474,Significant
Srp9,-5.9052777,-2.3792062,3.520529220460487e-09,6.274255221979361e-08,0.015810276679841896,Significant
Gm32200,-5.91374,-3.5618362,3.344251160060463e-09,5.971307786296733e-08,0.0071146245059288534,Significant
5430402O13Rik,-5.9171844,-2.1414506,3.2749940618288744e-09,5.849480454033812e-08,0.022134387351778657,Significant
Cdv3,-5.919559,-1.1137718,3.2280599042744245e-09,5.7692705275985563e-08,0.062450592885375494,Significant
Smim19,-5.92529,-1.5543942,3.1174612682163357e-09,5.580363472917522e-08,0.03715415019762846,Significant
Rassf3,-5.928613,-2.058919,3.0550339109066013e-09,5.4703360352494587e-08,0.02450592885375494,Significant
Rabggtb,-5.929266,-1.438717,3.0429196854292755e-09,5.450358282731311e-08,0.04031620553359684,Significant
Tmem259,-5.930887,-1.2203217,3.0130235689732736e-09,5.3985077105383e-08,0.05454545454545454,Significant
Nagk,-5.931526,-1.5372502,3.0013175509846454e-09,5.379226398193789e-08,0.04189723320158103,Significant
Gadd45g,-5.9429617,-2.6804788,2.799175924578813e-09,5.031182964691989e-08,0.015810276679841896,Significant
Clpb,-5.9453163,-1.0977931,2.759235934176816e-09,4.960961582821664e-08,0.06086956521739131,Significant
4930458D05Rik,-5.946561,-4.03079,2.738349553748122e-09,4.924964053694625e-08,0.006324110671936759,Significant
A930037H05Rik,-5.9545455,-2.32292,2.6079548522671463e-09,4.696380684470069e-08,0.021343873517786563,Significant
Adprs,-5.956375,-3.4928737,2.5789377869857076e-09,4.645596220460398e-08,0.0071146245059288534,Significant
Gm28375,-5.96249,-3.930378,2.484228526843654e-09,4.4806606445044186e-08,0.005533596837944664,Significant
Mrps21,-5.9641786,-2.169021,2.4586791976652444e-09,4.4373899269178026e-08,0.022134387351778657,Significant
Srp14,-5.964239,-2.8456037,2.457767855346218e-09,4.437151536184813e-08,0.014229249011857707,Significant
Rnh1,-5.9652143,-1.2627523,2.4431303890951404e-09,4.412124563446444e-08,0.05059288537549407,Significant
Sucnr1,-5.973381,-2.5135357,2.3238655230107596e-09,4.200737357008117e-08,0.015019762845849802,Significant
Gabpa,-5.9857783,-1.5222877,2.1535730043321928e-09,3.8990969933125404e-08,0.037944664031620556,Significant
Senp8,-5.986774,-1.8306404,2.1404378329046966e-09,3.8777814394981335e-08,0.030039525691699605,Significant
Tyw1,-5.9878707,-1.4658958,2.1260617008993667e-09,3.852962422371446e-08,0.042687747035573126,Significant
Prodh,-5.9904804,-2.0487409,2.092218610401765e-09,3.792837309611172e-08,0.02450592885375494,Significant
Mtmr14,-5.993864,-1.2929941,2.049125056560578e-09,3.717082824008151e-08,0.0466403162055336,Significant
Dmac2,-5.9940257,-4.218579,2.047090663414006e-09,3.714575827452419e-08,0.0047430830039525695,Significant
Prkcb,-5.9951086,-2.4549053,2.0334940612228774e-09,3.691080182980295e-08,0.01818181818181818,Significant
1700110C19Rik,-5.998001,-3.818834,1.997609997100958e-09,3.628258719136384e-08,0.005533596837944664,Significant
Spg7,-5.9983444,-1.4254192,1.9933951257183347e-09,3.62175851479029e-08,0.048221343873517786,Significant
Amer1,-6.000544,-1.908961,1.9665755053144008e-09,3.574170949508691e-08,0.028458498023715414,Significant
Tubgcp3,-6.0023,-1.1306901,1.9454216045978733e-09,3.537983123200495e-08,0.06798418972332015,Significant
Shpk,-6.0061,-1.8076783,1.9003852876119906e-09,3.4582882282491e-08,0.030039525691699605,Significant
Prorp,-6.009854,-1.3178223,1.8569046351021433e-09,3.3813241710057926e-08,0.05138339920948617,Significant
Gm49356,-6.0107555,-1.9263867,1.8466082672114024e-09,3.3636507147563804e-08,0.02608695652173913,Significant
Acat2,-6.01204,-2.844855,1.8320281978912362e-09,3.3402983546629803e-08,0.013438735177865613,Significant
Stat1,-6.0136547,-2.5717816,1.8138666439337263e-09,3.3082440926403044e-08,0.014229249011857707,Significant
Gm26782,-6.0159216,-1.2551743,1.788660605023388e-09,3.2654095386545924e-08,0.05138339920948617,Significant
Pepd,-6.0160427,-1.1291307,1.7873239337254415e-09,3.264015782881987e-08,0.05928853754940711,Significant
Ffar2,-6.0205564,-2.5603375,1.738184321448149e-09,3.176314295493551e-08,0.01818181818181818,Significant
Rft1,-6.020953,-1.4815806,1.7339270677086535e-09,3.1695518832230636e-08,0.04110671936758893,Significant
Laptm4b,-6.0302835,-1.0419883,1.6367223643819081e-09,2.994749619224622e-08,0.06482213438735178,Significant
Mogat1,-6.0356784,-3.1296797,1.5829611135158965e-09,2.900109033613535e-08,0.011067193675889328,Significant
Ei24,-6.0374207,-1.2994338,1.5659698681980937e-09,2.8699031305139253e-08,0.04980237154150197,Significant
Rrnad1,-6.0408516,-1.5191387,1.5330302214639916e-09,2.811345373281196e-08,0.03873517786561265,Significant
Wdsub1,-6.041094,-1.2753791,1.5307307582574843e-09,2.808032864237739e-08,0.05928853754940711,Significant
Tnip1,-6.0442014,-1.292014,1.5015176983792623e-09,2.757108005914659e-08,0.05612648221343874,Significant
Cd164,-6.0445514,-1.2702458,1.4982638692402342e-09,2.7520207412389737e-08,0.05217391304347826,Significant
Ulk1,-6.0451097,-1.9650038,1.4930844909528315e-09,2.7433921910082345e-08,0.02924901185770751,Significant
Ndufb10,-6.0457892,-2.837485,1.4868054077604622e-09,2.7327368212811e-08,0.012648221343873518,Significant
Sumf2,-6.046684,-2.0945055,1.4785761589141264e-09,2.718489023723903e-08,0.02450592885375494,Significant
Paqr9,-6.047632,-4.8530774,1.4699003973182569e-09,2.7034108050290332e-08,0.0023715415019762848,Significant
Zfp24,-6.051137,-1.7557379,1.4382714399822911e-09,2.6460941539267088e-08,0.034782608695652174,Significant
Morc4,-6.064113,-1.8318866,1.3268378592311508e-09,2.4426600240052038e-08,0.03241106719367589,Significant
Rps21,-6.0656266,-1.2358487,1.314401650872332e-09,2.4205480078370458e-08,0.062450592885375494,Significant
Tatdn1,-6.0664606,-1.1872567,1.3075965589340426e-09,2.40879507157112e-08,0.05691699604743083,Significant
Rmnd1,-6.071297,-1.7513688,1.2688097097230105e-09,2.3388570307976025e-08,0.03320158102766799,Significant
Zfp1,-6.072939,-1.3752686,1.255903676397735e-09,2.316566609580934e-08,0.048221343873517786,Significant
Zfp318,-6.07495,-1.1392769,1.2402629090820576e-09,2.2914279787813574e-08,0.06007905138339921,Significant
Arhgef40,-6.0761137,-1.0472989,1.2313001252768788e-09,2.2770854314189917e-08,0.06561264822134387,Significant
Rps29,-6.0773516,-2.0381048,1.2218367473866988e-09,2.2610531762413395e-08,0.02766798418972332,Significant
Gm46430,-6.079551,-2.0857344,1.2051933583647625e-09,2.2317045534519657e-08,0.02450592885375494,Significant
Tmbim4,-6.0802374,-1.6054136,1.2000472156851338e-09,2.222898129743891e-08,0.039525691699604744,Significant
Mospd2,-6.081233,-1.2032654,1.1926183366127099e-09,2.2098561895562744e-08,0.06324110671936758,Significant
Rpl10,-6.0889015,-2.4478843,1.1368792733203182e-09,2.1072605046267007e-08,0.020553359683794466,Significant
Wdr17,-6.0977945,-2.11416,1.0754180800561115e-09,1.9959380996243494e-08,0.057707509881422925,Significant
Dpf2,-6.1012254,-1.4247947,1.052584112380663e-09,1.9548333967080016e-08,0.042687747035573126,Significant
Rabep2,-6.105571,-2.4204183,1.0243388574735916e-09,1.903618762513178e-08,0.019762845849802372,Significant
Cog2,-6.106304,-1.2826736,1.019646458535078e-09,1.8955171072623534e-08,0.052964426877470355,Significant
Hmox2,-6.107293,-1.4812143,1.0133513589506762e-09,1.88442977563718e-08,0.04031620553359684,Significant
Malsu1,-6.1104074,-1.4294078,9.93770593506132e-10,1.8486210834639874e-08,0.04743083003952569,Significant
Mief1,-6.121783,-1.9998798,9.253418041797278e-10,1.7241455389986216e-08,0.025296442687747035,Significant
Rmdn3,-6.1286573,-1.7397162,8.862364432945954e-10,1.6523637628565015e-08,0.028458498023715414,Significant
Zbtb26,-6.1299963,-2.2393878,8.788117218585915e-10,1.6390572634900117e-08,0.02450592885375494,Significant
Dnajb9,-6.131328,-3.1268435,8.714845321597564e-10,1.626456923818705e-08,0.011857707509881422,Significant
Rps23,-6.1319876,-2.5216162,8.678800201508335e-10,1.6204664564133608e-08,0.017391304347826087,Significant
Msrb1,-6.1322565,-2.7384188,8.664129729533708e-10,1.6185833691908756e-08,0.013438735177865613,Significant
C2cd3,-6.1360974,-1.0574809,8.45732708861233e-10,1.5809870707573034e-08,0.07035573122529644,Significant
4931408D14Rik,-6.136723,-2.8884788,8.424103797634784e-10,1.57529357747495e-08,0.011857707509881422,Significant
Zswim8,-6.146766,-1.0026971,7.907849342469182e-10,1.4792406353795588e-08,0.07193675889328063,Significant
Zfp369,-6.147829,-1.1976484,7.855056341957525e-10,1.4698480551015557e-08,0.05691699604743083,Significant
Borcs5,-6.158599,-1.8452697,7.339133632336236e-10,1.3755681637882081e-08,0.028458498023715414,Significant
Lrp3,-6.1638527,-2.5199554,7.099602633779491e-10,1.3328667114079724e-08,0.015810276679841896,Significant
Cpne3,-6.1663685,-1.0663123,6.987615027455735e-10,1.3122750240051352e-08,0.07035573122529644,Significant
Tmem168,-6.1666646,-1.2253698,6.974553856455242e-10,1.3102542762798347e-08,0.05533596837944664,Significant
Sec24c,-6.175611,-1.2572367,6.59079918499843e-10,1.2406171781586633e-08,0.05454545454545454,Significant
Cggbp1,-6.175658,-2.2258892,6.588834966446903e-10,1.2406171781586633e-08,0.023715415019762844,Significant
Tpd52l2,-6.1769834,-1.1728407,6.533789848421749e-10,1.2306997279490004e-08,0.057707509881422925,Significant
Mgat1,-6.177253,-1.2021941,6.522668098868062e-10,1.2290113971464141e-08,0.0616600790513834,Significant
Polr1d,-6.1797013,-1.0027713,6.422305299386712e-10,1.2105014434041006e-08,0.07114624505928854,Significant
Fkbp1a,-6.183475,-1.0336527,6.270568987453398e-10,1.182684560167552e-08,0.06877470355731226,Significant
Hnmt,-6.1846457,-1.9027181,6.224221183395919e-10,1.1743319363941254e-08,0.02924901185770751,Significant
Zfp362,-6.186179,-1.3032434,6.163995231037653e-10,1.1633544993387967e-08,0.05217391304347826,Significant
Odf2l,-6.187289,-1.1603544,6.120765671426593e-10,1.1555786409041831e-08,0.05849802371541502,Significant
Mapre1,-6.190336,-1.0707554,6.00359615699223e-10,1.1342095845232071e-08,0.07035573122529644,Significant
Gm7160,-6.1962223,-1.4771283,5.783439420654834e-10,1.0940691828953718e-08,0.04031620553359684,Significant
Cox10,-6.201261,-1.3128622,5.601259196012026e-10,1.0603101724738057e-08,0.05059288537549407,Significant
Ppp4r4,-6.2061443,-2.0843308,5.430023595262042e-10,1.0285794196201462e-08,0.02292490118577075,Significant
Strada,-6.210914,-1.0866433,5.267732734495887e-10,9.986729067225748e-09,0.06719367588932806,Significant
Flywch1,-6.2156496,-1.1502191,5.11127358692731e-10,9.707839536798797e-09,0.06007905138339921,Significant
Polr2m,-6.2164974,-1.4034692,5.083753526132866e-10,9.662016339503722e-09,0.0466403162055336,Significant
Tafazzin,-6.223621,-1.042023,4.858098138189822e-10,9.239310824537964e-09,0.07272727272727272,Significant
Fbxo31,-6.2247577,-1.383677,4.823003427659947e-10,9.178697799946023e-09,0.04980237154150197,Significant
Bzw1,-6.2256594,-1.1217393,4.795352839006415e-10,9.129126914271623e-09,0.06640316205533597,Significant
Flad1,-6.233718,-2.6474106,4.5549256258435374e-10,8.677217131520806e-09,0.014229249011857707,Significant
Zbtb41,-6.2349424,-1.5481285,4.5194449159051466e-10,8.615390457199697e-09,0.039525691699604744,Significant
2900005J15Rik,-6.2355614,-1.9345174,4.5016124019757583e-10,8.584270320860738e-09,0.02766798418972332,Significant
Phyh,-6.237041,-1.6770016,4.4592474485243355e-10,8.506331958674178e-09,0.03557312252964427,Significant
Uba1,-6.2439427,-1.6785362,4.266757373200269e-10,8.144600455494352e-09,0.037944664031620556,Significant
Mon1a,-6.244959,-1.4804208,4.2391214855053327e-10,8.094561251044908e-09,0.0458498023715415,Significant
Brd3,-6.2548876,-1.0505245,3.978023839552342e-10,7.608755641516625e-09,0.07193675889328063,Significant
Anxa7,-6.2597375,-1.3100834,3.856256443086171e-10,7.380810021034275e-09,0.057707509881422925,Significant
Gm38244,-6.263,-27.057278,3.7764014743471543e-10,7.232831360605494e-09,0.0,Significant
Selenbp1,-6.263384,-1.8784075,3.76712314303571e-10,7.217488522462866e-09,0.02924901185770751,Significant
Fah,-6.2640023,-1.5417081,3.7521945188385386e-10,7.193727545359772e-09,0.03636363636363636,Significant
Ubtf,-6.2641706,-1.1872761,3.748147817131274e-10,7.188389520217981e-09,0.05928853754940711,Significant
Fau,-6.2661686,-2.556081,3.700397771867151e-10,7.099203151209145e-09,0.018972332015810278,Significant
Zbtb43,-6.268126,-1.8202779,3.654188600975266e-10,7.012913822990651e-09,0.030039525691699605,Significant
Tmem29,-6.268267,-1.2699404,3.6508757997785664e-10,7.009826582419949e-09,0.04901185770750988,Significant
Gpbp1,-6.2693233,-1.2027932,3.6262013983650195e-10,6.966246080442057e-09,0.0616600790513834,Significant
Ttc7,-6.2699018,-1.457555,3.612754578371797e-10,6.942755938139336e-09,0.04901185770750988,Significant
Emc1,-6.270144,-1.3956345,3.6071401426378525e-10,6.934306781294462e-09,0.0458498023715415,Significant
Pcgf3,-6.2791715,-1.0123991,3.403816812922809e-10,6.5545056863252505e-09,0.07905138339920949,Significant
Anapc16,-6.281896,-1.4210098,3.3446853547057666e-10,6.444999281972963e-09,0.04980237154150197,Significant
Ints3,-6.283941,-1.6326498,3.3009604165989e-10,6.362897328421055e-09,0.04031620553359684,Significant
Rps8,-6.2851653,-1.429962,3.275050605939912e-10,6.3150916543455645e-09,0.04901185770750988,Significant
Cmtm4,-6.286235,-1.8478802,3.252577708893978e-10,6.273883039367615e-09,0.02766798418972332,Significant
Dera,-6.286625,-1.065119,3.2444175859788947e-10,6.260263699194315e-09,0.07035573122529644,Significant
Fam117a,-6.289995,-1.4289114,3.174758090147194e-10,6.127928827493945e-09,0.05059288537549407,Significant
Ccdc61,-6.291307,-1.5749886,3.148041796990213e-10,6.0784214297192174e-09,0.03715415019762846,Significant
Fcf1,-6.2915154,-1.6689669,3.1438148646810135e-10,6.072318935203582e-09,0.03715415019762846,Significant
Rad9b,-6.293372,-2.963397,3.106425034684008e-10,6.002135999319379e-09,0.012648221343873518,Significant
Gm10687,-6.2943945,-1.8116803,3.0860193159937627e-10,5.966758094125665e-09,0.03241106719367589,Significant
Selenow,-6.295605,-1.2436644,3.062023885255248e-10,5.924386749925894e-09,0.057707509881422925,Significant
Ndufb1,-6.2975025,-1.9306355,3.0247968963667755e-10,5.856340022986078e-09,0.028458498023715414,Significant
Slc25a4,-6.311353,-2.4299932,2.766063648059682e-10,5.364524188834004e-09,0.019762845849802372,Significant
Prdx5,-6.3138084,-2.9587045,2.722510317728714e-10,5.2818555366879285e-09,0.012648221343873518,Significant
Gm14966,-6.316109,-1.9518123,2.6823096134405657e-10,5.20563707221947e-09,0.026877470355731226,Significant
Slc12a7,-6.317636,-2.358069,2.655947401802747e-10,5.156232560724521e-09,0.021343873517786563,Significant
Igfbp5,-6.317777,-1.1714479,2.653521433329637e-10,5.1532798067947765e-09,0.08774703557312254,Significant
Fam210a,-6.323865,-1.8560448,2.5510051356881386e-10,4.960955718279313e-09,0.03399209486166008,Significant
Rps15,-6.3312106,-1.838974,2.432447123716766e-10,4.733628560203568e-09,0.03320158102766799,Significant
Cyp51,-6.3323407,-3.0505106,2.4146917212756274e-10,4.702290058179053e-09,0.011067193675889328,Significant
Gm15723,-6.3332825,-2.684057,2.3999923053361905e-10,4.675263833669108e-09,0.015019762845849802,Significant
Creld1,-6.340763,-2.9365659,2.286300181288464e-10,4.458363651463919e-09,0.013438735177865613,Significant
Kctd18,-6.344638,-1.4245929,2.2294951416169073e-10,4.3505717223717725e-09,0.04426877470355731,Significant
Gm57146,-6.355024,-1.0720329,2.083940833989975e-10,4.070726416062545e-09,0.06640316205533597,Significant
C330018D20Rik,-6.355663,-1.8276811,2.0752948186116836e-10,4.055228629600819e-09,0.03241106719367589,Significant
Gpr146,-6.3557034,-1.9654539,2.074749932536348e-10,4.055228629600819e-09,0.026877470355731226,Significant
Sf3b6,-6.3585353,-1.4283485,2.0368640333737556e-10,3.984234796438853e-09,0.05138339920948617,Significant
Gabarap,-6.3624506,-2.1665204,1.985600636565082e-10,3.886630658186742e-09,0.025296442687747035,Significant
Rab10os,-6.3653297,-1.6603945,1.9487082457473169e-10,3.817041493673821e-09,0.03873517786561265,Significant
Tlcd3b,-6.366742,-5.389102,1.9308525798990968e-10,3.7833680919488804e-09,0.0023715415019762848,Significant
Gm47371,-6.3696213,-4.948631,1.8949544974203578e-10,3.7168654508306093e-09,0.0031620553359683794,Significant
Cox11,-6.369924,-2.214024,1.891218266961115e-10,3.710815277016983e-09,0.021343873517786563,Significant
Nup54,-6.37542,-1.476337,1.824623133689249e-10,3.5813811049775778e-09,0.045059288537549404,Significant
Rps12,-6.3821063,-1.7032787,1.7466847973488572e-10,3.43076850796279e-09,0.03873517786561265,Significant
Eef2,-6.3824024,-1.7438163,1.7433110617554025e-10,3.425323504741697e-09,0.03636363636363636,Significant
BC031181,-6.387111,-2.0252554,1.6904866296156075e-10,3.3226786046580016e-09,0.02608695652173913,Significant
Caml,-6.388665,-1.3555675,1.6734002685661533e-10,3.2913673468886126e-09,0.0458498023715415,Significant
Gm5577,-6.3886786,-3.276248,1.6732530740562757e-10,3.2913673468886126e-09,0.010276679841897233,Significant
Stradb,-6.3919816,-1.9444078,1.6374970143328098e-10,3.2229767539966995e-09,0.03162055335968379,Significant
Mbd6,-6.397639,-1.2534904,1.57797995468096e-10,3.1090573217816106e-09,0.05533596837944664,Significant
Cox7a2,-6.40037,-2.1092317,1.5500093616799046e-10,3.0550046058641556e-09,0.02450592885375494,Significant
Pebp1,-6.4044933,-3.3210144,1.5086936063982145e-10,2.974602584554042e-09,0.011067193675889328,Significant
Cops5,-6.4143214,-1.434212,1.4145141511468824e-10,2.7947206898145254e-09,0.0466403162055336,Significant
2900093K20Rik,-6.415835,-1.8855947,1.4005302568447369e-10,2.7699754551926418e-09,0.02924901185770751,Significant
Hexim1,-6.4246,-2.0474088,1.322165612199255e-10,2.6158940974370316e-09,0.028458498023715414,Significant
Mrpl20,-6.425643,-2.811281,1.3131338241915603e-10,2.5989278096382216e-09,0.017391304347826087,Significant
Rexo2,-6.4278965,-1.3573264,1.293819018128995e-10,2.5633733024106858e-09,0.05217391304347826,Significant
B3galnt2,-6.4283943,-1.2050701,1.2895900565028564e-10,2.55588400303965e-09,0.057707509881422925,Significant
Tmco1,-6.428939,-1.8278875,1.2849765449879192e-10,2.547627069921905e-09,0.03399209486166008,Significant
Naa12,-6.4344416,-1.4535986,1.2392805921288318e-10,2.4587413308852897e-09,0.0466403162055336,Significant
Rnf185,-6.4353294,-1.3026137,1.2320570630607502e-10,2.446114408219741e-09,0.05928853754940711,Significant
Adgrl2,-6.435491,-1.126779,1.230748122936092e-10,2.4443679409872345e-09,0.07984189723320158,Significant
Rnf114,-6.4370313,-2.2704506,1.2183268161234904e-10,2.420542471629018e-09,0.020553359683794466,Significant
Slc6a13,-6.4388475,-2.002744,1.2038389562679813e-10,2.392593159122343e-09,0.028458498023715414,Significant
Sugp2,-6.439433,-1.4457307,1.19920662083855e-10,2.385051491343621e-09,0.04743083003952569,Significant
Gm31641,-6.4426484,-2.7253592,1.1740645584704981e-10,2.3366798330607702e-09,0.019762845849802372,Significant
Tgs1,-6.445595,-1.1547394,1.1514792733690434e-10,2.2933326794301047e-09,0.06561264822134387,Significant
Uba2,-6.451111,-1.1483659,1.110332503886453e-10,2.21370599102936e-09,0.06640316205533597,Significant
Prdx6,-6.4523754,-1.2489827,1.1011033592163324e-10,2.1960744790590956e-09,0.0616600790513834,Significant
Ncbp3,-6.4562974,-1.0489703,1.0729574835703693e-10,2.1429418474914207e-09,0.07430830039525692,Significant
Isoc2a,-6.457333,-1.4061155,1.0656409288017229e-10,2.1298231002772517e-09,0.045059288537549404,Significant
Snhg8,-6.458551,-2.8682904,1.0571039360652291e-10,2.113502641274235e-09,0.012648221343873518,Significant
Kin,-6.4594254,-1.6556356,1.0510136853080686e-10,2.102064287148814e-09,0.03636363636363636,Significant
Rbm10,-6.459916,-1.1186975,1.0476088278903162e-10,2.095990662997277e-09,0.06561264822134387,Significant
Prpsap2,-6.4627147,-1.3423136,1.0284106371200417e-10,2.058303342293578e-09,0.04901185770750988,Significant
Urb1,-6.470881,-1.7162272,9.743304300537729e-11,1.9521234700102703e-09,0.03241106719367589,Significant
Gm36914,-6.4718094,-5.334349,9.683618042268806e-11,1.941531320228268e-09,0.0023715415019762848,Significant
Zfp322a,-6.473639,-1.0626347,9.56702035714387e-11,1.918829539119863e-09,0.07588932806324111,Significant
Fcor,-6.474137,-4.3326144,9.535537164188284e-11,1.9131889417408214e-09,0.0047430830039525695,Significant
Gmcl1,-6.474507,-1.3534335,9.512203135874383e-11,1.9091799744794617e-09,0.05533596837944664,Significant
Ypel3,-6.475139,-2.4194448,9.472452333292313e-11,1.9018720321226996e-09,0.022134387351778657,Significant
Gm15283,-6.4771843,-3.1847348,9.345005283522782e-11,1.8776074306600943e-09,0.012648221343873518,Significant
Micall1,-6.4843283,-1.1217514,8.912801372954493e-11,1.7926662768541214e-09,0.06640316205533597,Significant
Gm16552,-6.488297,-4.4919405,8.68119820235332e-11,1.7467000241703194e-09,0.003952569169960474,Significant
Cd274,-6.4900193,-2.9491622,8.582546272886585e-11,1.7274611782411984e-09,0.014229249011857707,Significant
Mrps17,-6.4906383,-2.4941704,8.547361676049227e-11,1.7209876987125852e-09,0.018972332015810278,Significant
Vps37a,-6.5041795,-1.177711,7.811870482108583e-11,1.57568443897182e-09,0.06719367588932806,Significant
Rpl23,-6.5043607,-2.0045455,7.802438802716822e-11,1.574339716036494e-09,0.03162055335968379,Significant
Zbtb7b,-6.505235,-2.4194229,7.757182668345049e-11,1.5663182209866504e-09,0.020553359683794466,Significant
Parp11,-6.5075293,-1.2433174,7.63968858679795e-11,1.5431412125607025e-09,0.05928853754940711,Significant
Mcm7,-6.5107985,-3.534209,7.475236105593786e-11,1.5109954529237334e-09,0.008695652173913044,Significant
Katna1,-6.51246,-1.3238598,7.392988279752082e-11,1.494901085359955e-09,0.052964426877470355,Significant
Ndufa6,-6.5174246,-2.5799503,7.152480658056545e-11,1.4467829525769014e-09,0.017391304347826087,Significant
Gin1,-6.5197926,-2.2876852,7.040478877426117e-11,1.4246336452008548e-09,0.02292490118577075,Significant
Camkk2,-6.5235324,-1.1917824,6.867052379358616e-11,1.3905292657647902e-09,0.06877470355731226,Significant
Fastk,-6.525638,-2.100052,6.771267365682153e-11,1.3716212560274189e-09,0.02450592885375494,Significant
Cul2,-6.5360513,-1.1320394,6.316428489892757e-11,1.2817667663684371e-09,0.06561264822134387,Significant
Atxn7l3b,-6.5396566,-1.6282669,6.166014593198901e-11,1.252583078670491e-09,0.039525691699604744,Significant
Fgfrl1,-6.5418096,-1.8562759,6.077891399215294e-11,1.2355630637726457e-09,0.0308300395256917,Significant
Tnfrsf1a,-6.5431147,-1.7967054,6.02506776795479e-11,1.2256998348521388e-09,0.03557312252964427,Significant
Samm50,-6.5433164,-1.9984752,6.016939356340205e-11,1.2244837165452739e-09,0.028458498023715414,Significant
Akirin1,-6.5437803,-1.7733585,5.998284693417791e-11,1.2215085545197564e-09,0.03320158102766799,Significant
Gm3527,-6.543814,-27.15726,5.996935106598454e-11,1.2215085545197564e-09,0.0,Significant
Sirt7,-6.5485635,-2.0464594,5.809325472101789e-11,1.1843494511526958e-09,0.025296442687747035,Significant
Slc25a16,-6.5517316,-1.7922204,5.68736929991251e-11,1.159901487486813e-09,0.034782608695652174,Significant
9430038I01Rik,-6.5584044,-2.0935895,5.438645371679362e-11,1.1099709896372564e-09,0.02608695652173913,Significant
Rabac1,-6.560705,-2.8517346,5.355387637589596e-11,1.0937630110186125e-09,0.015810276679841896,Significant
Tmem182,-6.561499,-2.0622575,5.32695161577927e-11,1.0883457192468153e-09,0.02766798418972332,Significant
Atp5h,-6.56645,-2.6012893,5.152892674938306e-11,1.0535398987564167e-09,0.01818181818181818,Significant
Idh3b,-6.569195,-2.9063766,5.058813458685418e-11,1.0350481392418483e-09,0.014229249011857707,Significant
Flii,-6.5708494,-2.2048006,5.002903445164709e-11,1.0239767256330829e-09,0.025296442687747035,Significant
Coq10a,-6.573742,-2.7609334,4.9066228969877435e-11,1.0049928574725866e-09,0.015019762845849802,Significant
Cd74,-6.573971,-2.4970427,4.8990878217684404e-11,1.0038105781191679e-09,0.017391304347826087,Significant
Ripk1,-6.5768566,-1.4527737,4.8049799907145505e-11,9.852371827557696e-10,0.05059288537549407,Significant
Proser1,-6.580543,-2.1928487,4.687336809607205e-11,9.618077307237616e-10,0.026877470355731226,Significant
Poln,-6.5817804,-1.8605193,4.648471761829764e-11,9.54176750505943e-10,0.03241106719367589,Significant
Wdr93,-6.586227,-2.6373024,4.5114366506022796e-11,9.267161411325556e-10,0.017391304347826087,Significant
Xpa,-6.5906196,-1.1126186,4.3799439315422766e-11,9.00030268516596e-10,0.06956521739130435,Significant
Dynlrb1,-6.591844,-2.9003615,4.3439682848131984e-11,8.929599209586582e-10,0.014229249011857707,Significant
Cfap68,-6.5933237,-2.4982681,4.30086706204625e-11,8.847386971819924e-10,0.019762845849802372,Significant
Rragc,-6.603004,-1.4241353,4.029088439864748e-11,8.294299524741093e-10,0.05059288537549407,Significant
Rps20,-6.603374,-2.0959563,4.01904134816893e-11,8.276608803113456e-10,0.02924901185770751,Significant
Mtfr1l,-6.6039457,-2.5524065,4.003562225616403e-11,8.247714786136889e-10,0.018972332015810278,Significant
Kank2,-6.607511,-1.3563268,3.908352889172138e-11,8.057404846573162e-10,0.057707509881422925,Significant
4930545L23Rik,-6.609112,-5.8771367,3.866322752594989e-11,7.976532023750408e-10,0.0015810276679841897,Significant
Ddx19b,-6.6128254,-1.4434645,3.770536263659464e-11,7.78844349803939e-10,0.0458498023715415,Significant
Vps72,-6.615166,-1.6406745,3.7113467339214574e-11,7.673485634575953e-10,0.04426877470355731,Significant
Rbpms2,-6.617756,-1.9481634,3.6469232319594795e-11,7.545765107231277e-10,0.02924901185770751,Significant
Gm53058,-6.6180587,-3.1932683,3.6394650210364004e-11,7.533070801993227e-10,0.011067193675889328,Significant
Ech1,-6.620514,-1.9639877,3.5795196361690876e-11,7.411688276476509e-10,0.03162055335968379,Significant
1500004A13Rik,-6.621765,-2.64639,3.5493448615403045e-11,7.351882348525518e-10,0.015810276679841896,Significant
Zfp869,-6.6277456,-1.1362528,3.408526425687365e-11,7.073064985607298e-10,0.07193675889328063,Significant
Parl,-6.629629,-1.5783703,3.3653173392758646e-11,6.991044677698176e-10,0.04426877470355731,Significant
Mc2r,-6.6304226,-2.0866175,3.347268773595082e-11,6.956088731287503e-10,0.026877470355731226,Significant
Sigmar1,-6.633275,-2.692187,3.2831946635563865e-11,6.825424875413078e-10,0.015810276679841896,Significant
Atp5j2,-6.6342707,-2.915509,3.261113042995024e-11,6.781995536200865e-10,0.012648221343873518,Significant
Ints4,-6.6455445,-1.2331736,3.0209762930447084e-11,6.289484866627376e-10,0.06007905138339921,Significant
Gtf2h5,-6.6457667,-2.2604895,3.016426238623906e-11,6.28230894123935e-10,0.022134387351778657,Significant
Nsun6,-6.6515117,-1.8473368,2.9009815857423042e-11,6.048509427819573e-10,0.03162055335968379,Significant
Cnot8,-6.657714,-1.6258571,2.781198571301513e-11,5.805140317026373e-10,0.04031620553359684,Significant
Rlim,-6.6611648,-1.1812165,2.7166618592011928e-11,5.674594384621244e-10,0.06403162055335969,Significant
Slc25a22,-6.6692233,-2.192168,2.5716054739214823e-11,5.379492552922966e-10,0.022134387351778657,Significant
Ankrd16,-6.674975,-1.2059196,2.4727449805347813e-11,5.176491615317315e-10,0.0616600790513834,Significant
Proca1,-6.676798,-2.8464954,2.4421939898951975e-11,5.116297570957411e-10,0.014229249011857707,Significant
Phgdh,-6.6777196,-2.2238884,2.4268903214468592e-11,5.086108273592404e-10,0.026877470355731226,Significant
Ehbp1l1,-6.6779885,-1.3666741,2.422439830839e-11,5.078650456841072e-10,0.05454545454545454,Significant
5730522E02Rik,-6.68187,-1.6099708,2.359123450458292e-11,4.947729222561533e-10,0.0466403162055336,Significant
Tmem205,-6.684063,-2.5335598,2.3240695205429907e-11,4.876007463862876e-10,0.018972332015810278,Significant
Snhg6,-6.685193,-3.562622,2.306204538227149e-11,4.842094122831567e-10,0.008695652173913044,Significant
Gm56637,-6.6922765,-2.915138,2.1972527443150366e-11,4.6184484501307675e-10,0.014229249011857707,Significant
Tgoln1,-6.697537,-1.5022804,2.1196176577265036e-11,4.4635040328626055e-10,0.039525691699604744,Significant
Zc3h4,-6.704257,-1.354197,2.0243367737068362e-11,4.2675957138704543e-10,0.05533596837944664,Significant
Kmt2b,-6.705656,-1.3428918,2.005032591418505e-11,4.2284652143689296e-10,0.052964426877470355,Significant
Rpl8,-6.7057304,-2.4896379,2.004016730664732e-11,4.2278887240007595e-10,0.01818181818181818,Significant
Ndufv3,-6.7063627,-2.0835886,1.9953562669909264e-11,4.2111779539929703e-10,0.023715415019762844,Significant
Kctd17,-6.7096114,-2.3171082,1.951430881854977e-11,4.123058472864721e-10,0.022134387351778657,Significant
Ppara,-6.709948,-1.0218744,1.946938187990116e-11,4.1150930720989305e-10,0.08458498023715415,Significant
2610005L07Rik-1,-6.7114277,-2.3623633,1.9272903544234828e-11,4.076591384518111e-10,0.021343873517786563,Significant
Gm35612,-6.7158203,-2.3912423,1.8701083483362625e-11,3.960053531521574e-10,0.022134387351778657,Significant
Angptl2,-6.715854,-1.4147856,1.8696769813412915e-11,3.960053531521574e-10,0.052964426877470355,Significant
Aifm1,-6.7246933,-1.6151639,1.759626725351435e-11,3.737221386357182e-10,0.04426877470355731,Significant
Ltn1,-6.7262135,-1.0946704,1.7413490753985067e-11,3.699782003815909e-10,0.07351778656126483,Significant
C730002L08Rik,-6.7282047,-1.8446434,1.7176911784243967e-11,3.650879185915027e-10,0.037944664031620556,Significant
Slc25a44,-6.7295637,-2.7569108,1.7017272474126235e-11,3.61829914842876e-10,0.015019762845849802,Significant
Ndufc2,-6.7310233,-2.7516036,1.6847397410281156e-11,3.584856711281089e-10,0.017391304347826087,Significant
Tbc1d14,-6.731965,-1.3520262,1.6738683048691855e-11,3.564388001030527e-10,0.05691699604743083,Significant
Runx2,-6.734299,-1.9150198,1.647217960000677e-11,3.5102633929789877e-10,0.02608695652173913,Significant
Tppp,-6.7382145,-2.2156875,1.603449102516226e-11,3.418270136517275e-10,0.02450592885375494,Significant
Gm33934,-6.738934,-4.8698378,1.5955271303757794e-11,3.402655817630234e-10,0.0031620553359683794,Significant
Ublcp1,-6.7488832,-1.33152,1.4898747074678982e-11,3.17852962599961e-10,0.057707509881422925,Significant
Trim26,-6.7498317,-1.0574044,1.4801676768761455e-11,3.159004036319513e-10,0.07351778656126483,Significant
Brd7,-6.7508,-1.000342,1.470318049343315e-11,3.1391593568675556e-10,0.08300395256916997,Significant
Map2k2,-6.752906,-1.603126,1.4491296681010182e-11,3.0962436184367763e-10,0.04110671936758893,Significant
Fbxl9,-6.758718,-1.743178,1.3921815717337186e-11,2.9756835914448077e-10,0.03557312252964427,Significant
Fcgrt,-6.76155,-1.0972539,1.3652326224016517e-11,2.9191780229880754e-10,0.06719367588932806,Significant
Metap2,-6.763373,-1.0664836,1.3481564405906935e-11,2.8848199893511646e-10,0.07588932806324111,Significant
Insyn2a,-6.7664065,-4.7587986,1.3202007952919288e-11,2.8271362724602373e-10,0.0047430830039525695,Significant
Thoc7,-6.7701063,-1.7619549,1.2868761659639523e-11,2.758886135773848e-10,0.04189723320158103,Significant
Tmem88b,-6.780136,-2.1002069,1.2006255482303843e-11,2.577858949539454e-10,0.02450592885375494,Significant
Mrs2,-6.781778,-1.6247731,1.1870606393535381e-11,2.549695204278756e-10,0.04031620553359684,Significant
A930028N01Rik,-6.78208,-27.240818,1.1845753631164829e-11,2.545317198159081e-10,0.0,Significant
Nono,-6.7851815,-1.0260607,1.1594068531969742e-11,2.493118792593992e-10,0.08221343873517786,Significant
Cpt2,-6.788148,-1.9887602,1.1358208378312083e-11,2.4442469511317774e-10,0.02766798418972332,Significant
Tep1,-6.7912827,-1.1038955,1.1114085080113719e-11,2.3944272362722485e-10,0.07114624505928854,Significant
Ndufab1,-6.79361,-2.5145705,1.0936158489476282e-11,2.3587719717775343e-10,0.021343873517786563,Significant
Rtf2,-6.7990255,-1.5924395,1.0532924774298526e-11,2.274384791707745e-10,0.04189723320158103,Significant
Arpp19,-6.8068085,-1.8675411,9.978767983773229e-12,2.1571793005468164e-10,0.034782608695652174,Significant
Gbp11,-6.808181,-3.559881,9.884067474157048e-12,2.138330874034865e-10,0.008695652173913044,Significant
Prune1,-6.81332,-1.9204785,9.53716477364655e-12,2.0648505679703734e-10,0.0308300395256917,Significant
Edem1,-6.8174973,-1.0929742,9.264006087922185e-12,2.0080006496093536e-10,0.07588932806324111,Significant
Gpx1,-6.817753,-1.9512459,9.247542252610084e-12,2.0051953671206048e-10,0.03162055335968379,Significant
Tpi1,-6.8191457,-2.7342615,9.158359826691007e-12,1.9881287338605133e-10,0.015810276679841896,Significant
Swi5,-6.8203497,-1.3266478,9.081920529342838e-12,1.9737925071042385e-10,0.05849802371541502,Significant
2810407A14Rik,-6.823404,-2.6343489,8.890838778328972e-12,1.9344793690364158e-10,0.01818181818181818,Significant
9330111N05Rik,-6.830393,-1.7787089,8.468239757187388e-12,1.844644376488168e-10,0.03715415019762846,Significant
Foxk1,-6.836279,-1.5875357,8.127664182606338e-12,1.7738494680789095e-10,0.042687747035573126,Significant
Eny2,-6.840517,-1.3608195,7.890797316659483e-12,1.7228139954290936e-10,0.05691699604743083,Significant
Cox6b1,-6.855585,-2.0019026,7.102124728802561e-12,1.554197095244991e-10,0.02924901185770751,Significant
Cd302,-6.858888,-1.5153137,6.9398638147694274e-12,1.5192725316293193e-10,0.04980237154150197,Significant
Gprc5b,-6.8600717,-1.4959031,6.882590139228365e-12,1.508474076665906e-10,0.04743083003952569,Significant
Accs,-6.867418,-2.6756861,6.5374465515309645e-12,1.4344845629700372e-10,0.017391304347826087,Significant
Slc25a42,-6.8691735,-1.5295973,6.457498939166638e-12,1.418034890455409e-10,0.04980237154150197,Significant
Zfp639,-6.8712115,-1.5178056,6.365887585904453e-12,1.398996545847107e-10,0.0466403162055336,Significant
Gm26827,-6.8714805,-5.866431,6.353889256064019e-12,1.3968988730870321e-10,0.0015810276679841897,Significant
Npepl1,-6.8732095,-2.2463741,6.2773269299856176e-12,1.3805997401325263e-10,0.02292490118577075,Significant
Sdhc,-6.8742185,-1.375616,6.233059379839194e-12,1.3719235954674278e-10,0.05691699604743083,Significant
Rpl19,-6.8897376,-2.6362736,5.5895447816919695e-12,1.2317115689408763e-10,0.019762845849802372,Significant
Gmps,-6.8936725,-1.0526248,5.437004412579752e-12,1.1990258259361102e-10,0.07984189723320158,Significant
Tigd2,-6.8957515,-2.4863148,5.358086378627775e-12,1.1820798004085398e-10,0.022134387351778657,Significant
Rpl7,-6.897588,-3.7925506,5.2892976452066155e-12,1.1673561907585656e-10,0.007905138339920948,Significant
Txnrd1,-6.914418,-1.3006127,4.697867030715093e-12,1.0412660435809579e-10,0.062450592885375494,Significant
Atat1,-6.9170017,-2.386436,4.613031009194605e-12,1.0228605868167836e-10,0.02292490118577075,Significant
Rpl36,-6.920378,-4.156084,4.504387308993843e-12,9.999388606682979e-11,0.0047430830039525695,Significant
Commd3,-6.922457,-2.483846,4.438764399730416e-12,9.861400065745206e-11,0.018972332015810278,Significant
Slc25a25,-6.9224706,-1.4327717,4.438342723818823e-12,9.861400065745206e-11,0.05059288537549407,Significant
F730043M19Rik,-6.929877,-3.709936,4.212073014477068e-12,9.372397402006203e-11,0.007905138339920948,Significant
Mat2b,-6.93242,-1.2409674,4.137028142977897e-12,9.216217507406278e-11,0.06561264822134387,Significant
Vti1b,-6.933173,-1.3821504,4.115045463584191e-12,9.170833805947061e-11,0.05849802371541502,Significant
Zfp598,-6.9349356,-2.4846237,4.0640679967682596e-12,9.060771174783926e-11,0.01818181818181818,Significant
Flcn,-6.939617,-1.944245,3.9316348638155115e-12,8.772383259424727e-11,0.02924901185770751,Significant
Tomm20,-6.9400077,-1.4676938,3.9207917298064316e-12,8.75505105438855e-11,0.05375494071146245,Significant
Gas5,-6.940182,-1.2918458,3.915940536980508e-12,8.747648886473405e-11,0.0616600790513834,Significant
Gmeb2,-6.9423685,-1.2537221,3.8557949156471844e-12,8.616672617420185e-11,0.06324110671936758,Significant
Gm13402,-6.9459205,-4.9414034,3.7600070113447184e-12,8.405911238043958e-11,0.0031620553359683794,Significant
Thap3,-6.947656,-1.2758602,3.7140540022465274e-12,8.306439471402966e-11,0.06324110671936758,Significant
Selenof,-6.953145,-1.4202791,3.5723093956869335e-12,8.002001152628233e-11,0.05454545454545454,Significant
Zkscan8,-6.955614,-1.922721,3.510301372217285e-12,7.866197183605842e-11,0.03241106719367589,Significant
Vsir,-6.9589167,-1.6711491,3.428990296809626e-12,7.693070783713038e-11,0.042687747035573126,Significant
Tcp1,-6.961951,-1.7197591,3.355932275874461e-12,7.538072572803459e-11,0.04110671936758893,Significant
5430405H02Rik,-6.963276,-2.004979,3.3245010176728386e-12,7.470418802182679e-11,0.0308300395256917,Significant
Orm1,-6.96929,-27.379982,3.185453334386785e-12,7.160793458875559e-11,0.0,Significant
Gm19522,-6.972155,-2.0021276,3.121217785473915e-12,7.019165162822677e-11,0.0308300395256917,Significant
Isoc1,-6.974456,-1.6586335,3.0705691236700222e-12,6.910722390153942e-11,0.04110671936758893,Significant
Zkscan1,-6.9747787,-1.6185337,3.063525345179103e-12,6.897595756419269e-11,0.0458498023715415,Significant
Wdr4,-6.984001,-1.9635215,2.868893662926427e-12,6.469610853888858e-11,0.03241106719367589,Significant
Chtop,-6.9842033,-1.071182,2.86477329528912e-12,6.46287861359183e-11,0.07588932806324111,Significant
Heatr6,-6.9897866,-1.3243299,2.7530498461543983e-12,6.214485868137233e-11,0.062450592885375494,Significant
Spg21,-6.999406,-1.8738512,2.5705017659731054e-12,5.808211946677563e-11,0.03636363636363636,Significant
Gm47271,-7.0022917,-4.2035503,2.5180906642480982e-12,5.696567362453356e-11,0.005533596837944664,Significant
Gle1,-7.008373,-1.8124112,2.411056278554618e-12,5.460936975225875e-11,0.037944664031620556,Significant
Il31ra,-7.0085006,-1.1772473,2.4088552315822247e-12,5.458122791146974e-11,0.0774703557312253,Significant
Eif2s2,-7.0099134,-1.346322,2.384658749110634e-12,5.407600710199466e-11,0.06086956521739131,Significant
Fam162a,-7.013694,-1.3799111,2.3210708653107472e-12,5.265501838313118e-11,0.05217391304347826,Significant
Jkamp,-7.0173197,-1.8543586,2.261649029056651e-12,5.1388889610341084e-11,0.03715415019762846,Significant
Josd1,-7.024087,-1.9344368,2.154707784895211e-12,4.903725658661799e-11,0.03241106719367589,Significant
Ino80dos,-7.0308876,-1.1145833,2.0522360896456705e-12,4.6798708522432566e-11,0.07588932806324111,Significant
Exoc6,-7.0335383,-1.1352305,2.0136094293552493e-12,4.593627184171364e-11,0.07430830039525692,Significant
Spcs2,-7.0364037,-2.092983,1.972647841105458e-12,4.501985600015466e-11,0.03241106719367589,Significant
Atp5g3,-7.0378637,-2.1376173,1.952097785406024e-12,4.456872493937627e-11,0.02924901185770751,Significant
Trappc12,-7.039895,-1.8486003,1.9238472722770197e-12,4.397663088347081e-11,0.03715415019762846,Significant
Kpna6,-7.041489,-1.236826,1.9019583835791926e-12,4.351121427054351e-11,0.062450592885375494,Significant
Atp5l,-7.042761,-1.4857818,1.884677947024947e-12,4.3156814140824086e-11,0.04901185770750988,Significant
Rps19,-7.0456934,-2.1918886,1.845399396468259e-12,4.228526641219281e-11,0.02766798418972332,Significant
L3hypdh,-7.04753,-1.9710792,1.82121527051714e-12,4.178155468111059e-11,0.03241106719367589,Significant
Tmem170b,-7.0494742,-1.0236316,1.7959525324235527e-12,4.121859457828679e-11,0.0774703557312253,Significant
Mfsd11,-7.049676,-1.7400986,1.7933498817027077e-12,4.117545790888463e-11,0.037944664031620556,Significant
Cdc26,-7.051445,-1.2825956,1.7706911430259171e-12,4.067161128480789e-11,0.06324110671936758,Significant
Psma5,-7.0521717,-1.8121119,1.7614679732366513e-12,4.047608872641976e-11,0.03715415019762846,Significant
Nfs1,-7.0578556,-1.4206184,1.6909138562669636e-12,3.8886238243011783e-11,0.05454545454545454,Significant
Carf,-7.0593357,-1.2732347,1.6730043473033629e-12,3.848991536961648e-11,0.062450592885375494,Significant
Agfg2,-7.06241,-1.0291688,1.6363941414108427e-12,3.7678090904195227e-11,0.08853754940711463,Significant
Emc9,-7.0629344,-3.2665136,1.6302245873573306e-12,3.7551220966308154e-11,0.010276679841897233,Significant
Ndufs3,-7.075245,-1.2016447,1.49185162284025e-12,3.4405639228896996e-11,0.06719367588932806,Significant
Fbxo4,-7.0757966,-1.3804687,1.4859288140403828e-12,3.428293055116428e-11,0.05454545454545454,Significant
Rpap2,-7.078427,-1.2198076,1.4580029059506128e-12,3.3652267315660256e-11,0.06719367588932806,Significant
Gm36936,-7.0794897,-2.462093,1.4468649281335845e-12,3.342228635815596e-11,0.022134387351778657,Significant
Fmo5,-7.082301,-1.7441298,1.4177996368979073e-12,3.276417578108918e-11,0.043478260869565216,Significant
Dcun1d2,-7.083855,-1.8109028,1.401983817465385e-12,3.241183944388814e-11,0.03241106719367589,Significant
Nr2c1,-7.0840435,-1.1001334,1.4000785509146047e-12,3.239409702057233e-11,0.07272727272727272,Significant
Dcun1d4,-7.087427,-1.2683136,1.366281365210979e-12,3.163783132024333e-11,0.06561264822134387,Significant
Vipas39,-7.0910263,-1.6610737,1.3312125238827385e-12,3.088857877848697e-11,0.039525691699604744,Significant
Rps3a1,-7.0936227,-2.0454915,1.30646054108038e-12,3.032660810014591e-11,0.03399209486166008,Significant
Tmed9,-7.0955534,-1.7482309,1.2883501198840977e-12,2.9930617778996496e-11,0.03715415019762846,Significant
Map2k3,-7.096024,-1.8684826,1.2839704480047207e-12,2.9841045420341554e-11,0.03557312252964427,Significant
Ube2j1,-7.0964885,-1.1023468,1.2796676412844601e-12,2.975318708141219e-11,0.0766798418972332,Significant
Elp3,-7.1040425,-1.1897327,1.2115947871174569e-12,2.819346905323053e-11,0.06719367588932806,Significant
Lyz2,-7.1082535,-2.9410682,1.1752044510705507e-12,2.7369045663970643e-11,0.014229249011857707,Significant
Fnta,-7.1143146,-1.7382324,1.1247037496428769e-12,2.6214390588790443e-11,0.04110671936758893,Significant
Rsf1os1,-7.1228848,-4.6849794,1.0569130057005795e-12,2.4684857857914972e-11,0.0047430830039525695,Significant
Ntm,-7.1263356,-1.6629674,1.0307629023744583e-12,2.4083984581084953e-11,0.0466403162055336,Significant
Ptges3,-7.128932,-1.0078764,1.0115062522994016e-12,2.365346099062843e-11,0.091699604743083,Significant
Isca2,-7.130257,-4.109879,1.001814899105427e-12,2.343645939604031e-11,0.006324110671936759,Significant
Ccdc59,-7.1343875,-1.6987363,9.721902849102822e-13,2.27902375516988e-11,0.039525691699604744,Significant
Ccdc77,-7.137475,-1.3079184,9.506074491362048e-13,2.2311846150562505e-11,0.06482213438735178,Significant
H2-Aa,-7.145655,-2.7231212,8.956767852751685e-13,2.1083394721105156e-11,0.017391304347826087,Significant
Ccdc152,-7.156795,-2.6506083,8.258514415406178e-13,1.9471969744415868e-11,0.019762845849802372,Significant
Gm26724,-7.166044,-6.7221203,7.719579400787581e-13,1.822390425622909e-11,0.0007905138339920949,Significant
Arl6ip1,-7.166132,-1.6762466,7.714652488789601e-13,1.821982693339563e-11,0.04426877470355731,Significant
Atg13,-7.1675177,-1.3656659,7.636990612986052e-13,1.8043895539171732e-11,0.05691699604743083,Significant
Trim41,-7.1744595,-1.3480281,7.259332788196021e-13,1.716585001215405e-11,0.05849802371541502,Significant
Selenok,-7.1751795,-2.1454608,7.22124155456755e-13,1.7082871431600785e-11,0.0308300395256917,Significant
Trub1,-7.180171,-2.1716645,6.962439448676427e-13,1.6484335328361098e-11,0.026877470355731226,Significant
Vdac3,-7.1840053,-1.5371358,6.769833629613223e-13,1.6048338747036074e-11,0.04980237154150197,Significant
Angpt2,-7.185162,-5.1820483,6.712748229418726e-13,1.591964168810211e-11,0.0023715415019762848,Significant
Lrp5,-7.192589,-1.1676503,6.357428115701504e-13,1.5095842966478705e-11,0.07905138339920949,Significant
Abca3,-7.194815,-1.5619423,6.254541533859694e-13,1.485773256068022e-11,0.05138339920948617,Significant
Gm15614,-7.199679,-3.476399,6.035458849804669e-13,1.4349271915103451e-11,0.009486166007905139,Significant
Abhd6,-7.2065334,-2.1186333,5.739423198513882e-13,1.3656853169518552e-11,0.02924901185770751,Significant
Gm15563,-7.216866,-5.023188,5.319937460680345e-13,1.266928310115431e-11,0.0047430830039525695,Significant
Hdac5,-7.21772,-2.0817459,5.286632686552783e-13,1.2595236477196738e-11,0.0308300395256917,Significant
Bach1,-7.2185745,-1.193246,5.253532644568157e-13,1.2521615835678337e-11,0.07272727272727272,Significant
Ripk2,-7.2206464,-1.2225106,5.174101311651669e-13,1.2337458240651495e-11,0.06798418972332015,Significant
Gm42984,-7.2288265,-2.1762338,4.871859097659662e-13,1.1626510011728364e-11,0.02608695652173913,Significant
Washc3,-7.231013,-1.349096,4.794059239070172e-13,1.1445640550603548e-11,0.05533596837944664,Significant
Rps11,-7.2312346,-3.7008154,4.786228119184111e-13,1.1431737220405304e-11,0.008695652173913044,Significant
Cisd1,-7.232459,-3.2361052,4.743263439699319e-13,1.1333871738141791e-11,0.009486166007905139,Significant
B230219D22Rik,-7.2374635,-1.3813156,4.571531578394355e-13,1.0937293260729115e-11,0.06086956521739131,Significant
Tmem134,-7.242791,-2.273284,4.39542824519104e-13,1.0536809790767034e-11,0.02608695652173913,Significant
Itpk1,-7.244083,-1.4034761,4.35374996714666e-13,1.0442581165935045e-11,0.062450592885375494,Significant
Nkiras1,-7.246007,-2.314849,4.2923853051392574e-13,1.029973500463272e-11,0.025296442687747035,Significant
Btbd8,-7.246538,-1.1073811,4.2755851577912196e-13,1.0263747658928745e-11,0.0766798418972332,Significant
Gm20275,-7.251422,-2.85161,4.124186424889776e-13,9.917031217045978e-12,0.015810276679841896,Significant
D530033B14Rik,-7.251933,-5.1060925,4.108645264623156e-13,9.883834812543605e-12,0.0031620553359683794,Significant
Snw1,-7.261196,-1.9670275,3.836821540423884e-13,9.245554605724773e-12,0.034782608695652174,Significant
Gm16093,-7.2669272,-5.3183765,3.6775624162399203e-13,8.873054302674462e-12,0.0023715415019762848,Significant
Gm12353,-7.270661,-1.6989731,3.577330562162415e-13,8.638540268875746e-12,0.043478260869565216,Significant
Naa30,-7.2737217,-1.2652384,3.4971639541653633e-13,8.452122780735567e-12,0.06007905138339921,Significant
Mme,-7.2742057,-2.7794497,3.484640988109556e-13,8.425432802715339e-12,0.01818181818181818,Significant
5930430L01Rik,-7.2745357,-2.3057528,3.476143609357978e-13,8.408457657623306e-12,0.026877470355731226,Significant
Pnpla7,-7.275558,-1.0973831,3.4499136589934624e-13,8.348556466500075e-12,0.08142292490118577,Significant
Chpf2,-7.275612,-3.3454564,3.4485385328757264e-13,8.348556466500075e-12,0.011067193675889328,Significant
Gm44148,-7.2757664,-1.3259646,3.444588043113285e-13,8.342760006929543e-12,0.06640316205533597,Significant
B430319H21Rik,-7.2848682,-2.760547,3.219853230874717e-13,7.815075141484963e-12,0.017391304347826087,Significant
Rps9,-7.2921734,-1.5564114,3.049941833781233e-13,7.408990527190154e-12,0.0466403162055336,Significant
Tdrd7,-7.2932835,-1.0269309,3.024909299885511e-13,7.3575976268595e-12,0.08695652173913043,Significant
Ubac1,-7.2934446,-1.6122316,3.0212850550438714e-13,7.35192274868603e-12,0.0458498023715415,Significant
Atp5j,-7.296297,-2.7139783,2.957955490565359e-13,7.203975345948764e-12,0.019762845849802372,Significant
A530072M11Rik,-7.3012547,-1.8776257,2.8509640582979696e-13,6.946373318080645e-12,0.03241106719367589,Significant
E130308A19Rik,-7.3016787,-1.2195754,2.841996623871316e-13,6.9274884315007106e-12,0.06640316205533597,Significant
Rnf6,-7.3058357,-1.7418786,2.7554862804773953e-13,6.722371220936733e-12,0.04110671936758893,Significant
Gm45025,-7.3170156,-6.2873273,2.5354596407670884e-13,6.196206326391364e-12,0.0015810276679841897,Significant
Ints10,-7.3179507,-1.6727605,2.517860209960035e-13,6.1558384806927584e-12,0.04189723320158103,Significant
St6galnac5,-7.318388,-1.639446,2.50967149213998e-13,6.138453798708875e-12,0.06561264822134387,Significant
Ptp4a1,-7.321799,-4.38873,2.4466910062109687e-13,5.986980343131017e-12,0.005533596837944664,Significant
Lsm1,-7.3291845,-2.1859329,2.315569693311528e-13,5.671004469111901e-12,0.028458498023715414,Significant
Slc35e2,-7.329454,-2.3397508,2.3109256245597686e-13,5.662066092429336e-12,0.02450592885375494,Significant
4930425L21Rik,-7.3359118,-6.6356373,2.2021726714501067e-13,5.400254697891495e-12,0.0007905138339920949,Significant
Gm42892,-7.343035,-2.1348014,2.0880323931100285e-13,5.129191220710877e-12,0.025296442687747035,Significant
Ikbkg,-7.346379,-1.6925133,2.0364889093156565e-13,5.009058962649797e-12,0.04110671936758893,Significant
Abhd18,-7.3501053,-1.0060998,1.9805065383775148e-13,4.877682647134691e-12,0.08379446640316206,Significant
Gm45909,-7.351538,-4.0605288,1.9593874319339224e-13,4.829847608733743e-12,0.0071146245059288534,Significant
Mmaa,-7.3548546,-1.4612193,1.9113511342451485e-13,4.713479642055132e-12,0.05138339920948617,Significant
Map3k4,-7.3717594,-1.2842884,1.6839094496955843e-13,4.170660633976349e-12,0.06482213438735178,Significant
Rxra,-7.3839955,-1.033222,1.5360872030507903e-13,3.80950964411651e-12,0.08853754940711463,Significant
Polb,-7.387722,-1.2761414,1.4936547836573827e-13,3.707506409600481e-12,0.06877470355731226,Significant
Axin2,-7.3885026,-1.6530803,1.4849169531698818e-13,3.687425042758231e-12,0.04743083003952569,Significant
Coq5,-7.389323,-1.9593894,1.4757813571927345e-13,3.666337969455127e-12,0.03399209486166008,Significant
Anp32a,-7.3927875,-1.9867297,1.4378219840805287e-13,3.575153781464165e-12,0.03873517786561265,Significant
Zc3h15,-7.396124,-1.1996351,1.402170708130076e-13,3.488029807410863e-12,0.07430830039525692,Significant
Zfp398,-7.398593,-1.0220066,1.3763521933353427e-13,3.4253002727582058e-12,0.09011857707509881,Significant
Atxn2l,-7.410304,-1.634478,1.2600995856151428e-13,3.138728368526327e-12,0.04426877470355731,Significant
Mif4gd,-7.4158673,-1.5308763,1.2083133027412884e-13,3.0150117340662447e-12,0.048221343873517786,Significant
4930557K07Rik,-7.427061,-5.0050025,1.1103719817747237e-13,2.775491264891771e-12,0.0031620553359683794,Significant
Hspa8,-7.4309087,-3.0755012,1.0785411157866673e-13,2.6994817439124668e-12,0.013438735177865613,Significant
Ghitm,-7.434474,-2.3904629,1.0498488599444195e-13,2.628823392000668e-12,0.02450592885375494,Significant
Nipa2,-7.4411807,-1.0885055,9.9789340229606e-14,2.5009264181399625e-12,0.08774703557312254,Significant
Ppcdc,-7.441719,-1.3161199,9.93835720082813e-14,2.4918537973243267e-12,0.05849802371541502,Significant
Msl1,-7.4517417,-1.1112845,9.211580157141951e-14,2.3167693715893102e-12,0.08142292490118577,Significant
Rcl1,-7.456417,-1.1692721,8.89069990165552e-14,2.237054101193844e-12,0.0766798418972332,Significant
Gm16759,-7.4620476,-1.3469273,8.518816597934804e-14,2.1453778677709228e-12,0.0616600790513834,Significant
B230369F24Rik,-7.4645834,-3.0918665,8.356349146026046e-14,2.1053932598401285e-12,0.013438735177865613,Significant
Capn7,-7.4689627,-1.1748432,8.082942577605161e-14,2.0392150346097278e-12,0.0766798418972332,Significant
Rhbdd3,-7.470658,-3.5126245,7.979485213107554e-14,2.0140065049625766e-12,0.010276679841897233,Significant
Psat1,-7.4796047,-2.0641134,7.454652058224955e-14,1.8848816289848453e-12,0.0308300395256917,Significant
Eif4e,-7.483493,-1.016716,7.237286660482106e-14,1.8323625599578106e-12,0.08616600790513834,Significant
Tmem175,-7.484078,-1.3456641,7.205113138967709e-14,1.8250282350798946e-12,0.06798418972332015,Significant
Gm12158,-7.4846835,-4.70852,7.171978146011091e-14,1.8174437365910882e-12,0.0047430830039525695,Significant
Srrt,-7.486614,-1.4138082,7.067311653706248e-14,1.7925157811745546e-12,0.057707509881422925,Significant
Mpdu1,-7.4884505,-1.867952,6.969144998551298e-14,1.768405014984445e-12,0.03715415019762846,Significant
Klf15,-7.491518,-2.2584705,6.808155455190182e-14,1.729095360276468e-12,0.026877470355731226,Significant
Erc2,-7.4960117,-2.1562123,6.578900099106161e-14,1.6716160220580274e-12,0.02608695652173913,Significant
1600010M07Rik,-7.500942,-2.1390724,6.336065525392243e-14,1.61207286452797e-12,0.030039525691699605,Significant
U2af2,-7.5009627,-1.2481416,6.335089995438751e-14,1.61207286452797e-12,0.07193675889328063,Significant
Hspd1,-7.5026174,-2.1827843,6.255597011820345e-14,1.5937357917228736e-12,0.030039525691699605,Significant
Txndc15,-7.502725,-1.8736008,6.250460837349891e-14,1.5931400650829909e-12,0.03873517786561265,Significant
Angel2,-7.505187,-1.3925606,6.134096446523212e-14,1.5648816566374471e-12,0.0616600790513834,Significant
Coa8,-7.5062094,-1.1292275,6.08639857333526e-14,1.5534093283921249e-12,0.07984189723320158,Significant
Eci2,-7.507225,-1.0262917,6.039375596852148e-14,1.5420990397325479e-12,0.0932806324110672,Significant
Slc5a3,-7.517033,-1.0127792,5.603325186770339e-14,1.431399459218887e-12,0.08853754940711463,Significant
Rplp1,-7.519495,-1.1690639,5.4988178784114595e-14,1.4059640270077545e-12,0.09090909090909091,Significant
Timm44,-7.5195017,-2.3019753,5.4985349811654605e-14,1.4059640270077545e-12,0.026877470355731226,Significant
Arl6ip6,-7.522724,-1.4446206,5.364659259112553e-14,1.3728946645983275e-12,0.05928853754940711,Significant
Gm47096,-7.5292087,-3.8690984,5.104872546794379e-14,1.3081752821197963e-12,0.007905138339920948,Significant
Echdc3,-7.5300965,-2.1459928,5.0702769674505004e-14,1.3004803639801754e-12,0.03241106719367589,Significant
Gm33037,-7.5372005,-2.883342,4.801686417616345e-14,1.2326998480860789e-12,0.015019762845849802,Significant
Psip1,-7.5388284,-1.2001407,4.74213311519571e-14,1.2179603144445598e-12,0.07351778656126483,Significant
Atp1b3,-7.540826,-1.2008239,4.670036866782281e-14,1.2005262719252816e-12,0.07905138339920949,Significant
Il7,-7.5430593,-3.2328093,4.5907197760470865e-14,1.1806692627276294e-12,0.012648221343873518,Significant
Clstn2,-7.548212,-1.4503794,4.41273617369792e-14,1.135407186925139e-12,0.06719367588932806,Significant
3110056K07Rik,-7.5529346,-1.4335673,4.255591983518888e-14,1.095468639844254e-12,0.05612648221343874,Significant
Smad6,-7.553318,-1.1934757,4.24307669232543e-14,1.0927409766517517e-12,0.0766798418972332,Significant
Gm43948,-7.556809,-5.832167,4.1307740859945924e-14,1.0643004852064167e-12,0.0031620553359683794,Significant
Dhdds,-7.562641,-1.1914321,3.949655368774117e-14,1.018556731672858e-12,0.07905138339920949,Significant
Eef1g,-7.564404,-1.6916652,3.896475922408635e-14,1.0052978500130044e-12,0.04743083003952569,Significant
E4f1,-7.566119,-1.697926,3.845393680812612e-14,9.93018419860095e-13,0.04110671936758893,Significant
Ccdc12,-7.5663276,-1.9935158,3.839228755911428e-14,9.918762458727432e-13,0.03636363636363636,Significant
Tmem126a,-7.5668592,-3.2043304,3.823562051022148e-14,9.88725916200055e-13,0.012648221343873518,Significant
Snx25,-7.5678816,-1.3475244,3.793595164092263e-14,9.818686465389888e-13,0.06561264822134387,Significant
Tfdp1,-7.5686083,-1.2428155,3.7724433751711835e-14,9.768381001619933e-13,0.07114624505928854,Significant
Sft2d3,-7.569146,-4.0811515,3.756850196939858e-14,9.732429802727591e-13,0.0071146245059288534,Significant
Gm36975,-7.5717697,-3.5070083,3.681736507041205e-14,9.550877378015183e-13,0.011857707509881422,Significant
Wdr45b,-7.5723147,-1.140119,3.666322208449467e-14,9.515225746186013e-13,0.08221343873517786,Significant
Tmem216,-7.582445,-2.6072211,3.3910206197253147e-14,8.812784349967099e-13,0.01818181818181818,Significant
4930565N06Rik,-7.5890446,-6.312893,3.222733813197719e-14,8.394587651294205e-13,0.0015810276679841897,Significant
Mfsd8,-7.593316,-1.8242265,3.118209788481438e-14,8.129761152285787e-13,0.03715415019762846,Significant
Gm43713,-7.6005473,-3.736445,2.948808347814073e-14,7.691621444474629e-13,0.009486166007905139,Significant
Acaa1b,-7.619107,-4.512639,2.554369919060287e-14,6.67807059509696e-13,0.0047430830039525695,Significant
Irf3,-7.619773,-2.868117,2.541226168418651e-14,6.64675972696033e-13,0.016600790513833993,Significant
Rnf4,-7.6225915,-1.1449589,2.4863302648388548e-14,6.506164136497667e-13,0.08379446640316206,Significant
Sowahc,-7.6276298,-3.6780474,2.3910901909853085e-14,6.262698554042982e-13,0.008695652173913044,Significant
Gt(ROSA)26Sor,-7.629056,-1.9286557,2.364790929397157e-14,6.196666374174114e-13,0.03636363636363636,Significant
Calcoco1,-7.6339664,-2.070087,2.2763904488856806e-14,5.973269518433159e-13,0.03399209486166008,Significant
Nat8l,-7.637868,-5.4728775,2.208478987240911e-14,5.797740987205382e-13,0.0023715415019762848,Significant
Gnb5,-7.6380496,-1.7908733,2.205366613591375e-14,5.792240790798269e-13,0.04426877470355731,Significant
Rps14,-7.6426578,-1.308367,2.1278320138275056e-14,5.591180558345731e-13,0.07035573122529644,Significant
D3Ertd751e,-7.6457453,-1.794002,2.0773850825844952e-14,5.466191496647123e-13,0.03873517786561265,Significant
Ap3m1,-7.662448,-1.8836172,1.8242177327144782e-14,4.808925088819218e-13,0.04110671936758893,Significant
Zfp810,-7.6815524,-1.6611468,1.5717201972562077e-14,4.1548430711219e-13,0.04743083003952569,Significant
Rchy1,-7.6851716,-1.3433554,1.5279207554272778e-14,4.046573755106261e-13,0.07035573122529644,Significant
Tcaim,-7.6969504,-1.628024,1.3935199955895e-14,3.697503358288058e-13,0.04980237154150197,Significant
Tmem140,-7.705285,-1.4731585,1.3055162811501422e-14,3.4672295972467465e-13,0.05533596837944664,Significant
Tbc1d15,-7.7094088,-1.1262004,1.26402155702436e-14,3.360161133451171e-13,0.0774703557312253,Significant
Serf2,-7.7128663,-1.9895207,1.2302307188350582e-14,3.271862090667307e-13,0.03399209486166008,Significant
Tmem165,-7.7131286,-1.1310638,1.2277034105661917e-14,3.2666663505163327e-13,0.08458498023715415,Significant
Macrod1,-7.7173867,-2.8742874,1.1873904950417074e-14,3.160879017212242e-13,0.019762845849802372,Significant
Bsg,-7.719667,-1.3762598,1.1663396335324589e-14,3.1077466108082233e-13,0.06403162055335969,Significant
Dusp22,-7.7225194,-1.1724018,1.1405268305951861e-14,3.0432398435295454e-13,0.07588932806324111,Significant
Brox,-7.7322664,-1.512027,1.0564847189615343e-14,2.820313941977906e-13,0.05375494071146245,Significant
Actl6a,-7.733417,-1.9075422,1.0469779529985711e-14,2.79624632371912e-13,0.03557312252964427,Significant
Nub1,-7.748949,-1.6824191,9.265608007635807e-15,2.480455973496899e-13,0.04901185770750988,Significant
Ptpn2,-7.7490435,-1.0458871,9.258739630772561e-15,2.4797831294253073e-13,0.09486166007905138,Significant
Abhd16a,-7.750328,-2.1753833,9.16553431681898e-15,2.455975009571715e-13,0.028458498023715414,Significant
St3gal6,-7.7518415,-1.0708302,9.056921544652484e-15,2.4291576527275416e-13,0.10276679841897234,Significant
Ints7,-7.755602,-1.2457416,8.792531711925518e-15,2.359356966110985e-13,0.07114624505928854,Significant
Atp6v1e1,-7.75723,-1.2661313,8.680442898212258e-15,2.331476882392001e-13,0.07430830039525692,Significant
Casp8,-7.767502,-1.4498259,8.004911098475908e-15,2.1551188787627265e-13,0.06007905138339921,Significant
Usp10,-7.772231,-1.3445568,7.711568247225058e-15,2.0790928388505776e-13,0.06561264822134387,Significant
Trim67,-7.776173,-3.4956372,7.47515232397697e-15,2.0182202393531185e-13,0.010276679841897233,Significant
Pstk,-7.7835793,-2.5910609,7.050098148732904e-15,1.907076668346795e-13,0.022134387351778657,Significant
Sema6d,-7.7878375,-1.3462884,6.816586718310401e-15,1.846542646657053e-13,0.07035573122529644,Significant
Vegfb,-7.7908845,-3.1189456,6.6541667692455e-15,1.8034027130300238e-13,0.012648221343873518,Significant
3110082I17Rik,-7.7954793,-1.4783715,6.416457588569545e-15,1.7406360721807453e-13,0.05691699604743083,Significant
Tmem80,-7.7967033,-2.986447,6.35453819266491e-15,1.7246604348357134e-13,0.016600790513833993,Significant
Rabl6,-7.8007393,-1.0981417,6.154544770774305e-15,1.6711775574280388e-13,0.09565217391304348,Significant
Sun1,-7.804352,-1.2242216,5.980812852145576e-15,1.6255535303771897e-13,0.07588932806324111,Significant
Mgst3,-7.80824,-2.8419647,5.799209315324157e-15,1.5769473621006345e-13,0.018972332015810278,Significant
Epas1,-7.8090606,-1.1875871,5.761577304050115e-15,1.5682121093208299e-13,0.08458498023715415,Significant
Uvssa,-7.809666,-1.4141277,5.733970156770548e-15,1.5614442596684447e-13,0.0616600790513834,Significant
Gm9993,-7.822131,-3.3473723,5.1936523806820356e-15,1.416339847741455e-13,0.011857707509881422,Significant
Mocs1,-7.822151,-1.5792795,5.192819605110736e-15,1.416339847741455e-13,0.05454545454545454,Significant
Adgre5,-7.8229985,-2.969518,5.157961477517082e-15,1.4079553427195597e-13,0.015019762845849802,Significant
Map1lc3b,-7.8440204,-2.7085266,4.3634660577413475e-15,1.1939457991054784e-13,0.018972332015810278,Significant
Gm28501,-7.844693,-5.151928,4.340140536946802e-15,1.1881343380494608e-13,0.003952569169960474,Significant
Zfp62,-7.8453255,-1.2870157,4.318326496498495e-15,1.1827312603998115e-13,0.07351778656126483,Significant
Mocs2,-7.8454666,-1.9917506,4.313467917421201e-15,1.1819690889599644e-13,0.03399209486166008,Significant
Man2c1os,-7.850081,-2.5965083,4.157679918511536e-15,1.140927480674532e-13,0.022134387351778657,Significant
Appl2,-7.850135,-1.2676939,4.155896227115373e-15,1.140927480674532e-13,0.07272727272727272,Significant
Tomm40,-7.853337,-2.241576,4.051111640924325e-15,1.1138307481693481e-13,0.028458498023715414,Significant
Cep68,-7.859822,-1.9759766,3.846805386857522e-15,1.0602175485627017e-13,0.03715415019762846,Significant
Higd1a,-7.8682437,-2.9896703,3.596542013192829e-15,9.936472526599364e-14,0.015810276679841896,Significant
Etfdh,-7.871399,-1.7956488,3.5069803878640435e-15,9.703156961388072e-14,0.042687747035573126,Significant
Camk1,-7.8746343,-3.1838284,3.417408505619827e-15,9.459925022775817e-14,0.014229249011857707,Significant
Gm13483,-7.878045,-1.1624066,3.3254332141942077e-15,9.209800226139708e-14,0.0782608695652174,Significant
Parp9,-7.878475,-1.2276545,3.313997578934786e-15,9.182595432706844e-14,0.07509881422924901,Significant
Mindy1,-7.882848,-1.4624443,3.2000259724917868e-15,8.871113870479787e-14,0.06086956521739131,Significant
Tes,-7.88751,-3.6107898,3.0827645604180387e-15,8.550204424489212e-14,0.011067193675889328,Significant
Setd4,-7.8933015,-2.315006,2.9429562002979842e-15,8.166416617990619e-14,0.02608695652173913,Significant
Zfp655,-7.8952928,-1.4625227,2.8963492828679207e-15,8.04492802516011e-14,0.057707509881422925,Significant
Prkaca,-7.895898,-2.5926328,2.882322899622573e-15,8.009875462538259e-14,0.021343873517786563,Significant
Tmem11,-7.8977747,-1.8801339,2.8392648077669807e-15,7.894071163040023e-14,0.04031620553359684,Significant
Atp6v0e,-7.8981447,-1.1357373,2.830851698914056e-15,7.874524992079397e-14,0.09090909090909091,Significant
Gm34408,-7.9059277,-4.1542993,2.6594527207675752e-15,7.404982756636993e-14,0.006324110671936759,Significant
Fsd2,-7.907455,-4.005881,2.627044426593364e-15,7.325491512960467e-14,0.007905138339920948,Significant
Bbof1,-7.952323,-3.3467855,1.8304603803522754e-15,5.121781057377834e-14,0.010276679841897233,Significant
Akirin2,-7.957025,-1.3433723,1.7622477662549625e-15,4.933340710832047e-14,0.07114624505928854,Significant
Gm16124,-7.957079,-1.2526479,1.7614817529483663e-15,4.933340710832047e-14,0.06956521739130435,Significant
Cnot7,-7.963658,-1.1380788,1.6702656958618952e-15,4.680442863586229e-14,0.08300395256916997,Significant
Dtna,-7.964082,-1.348492,1.6645520011309662e-15,4.6667284833283286e-14,0.07509881422924901,Significant
Atpaf2,-7.967755,-2.1736004,1.6158329581962241e-15,4.532371648899074e-14,0.0308300395256917,Significant
B430219N15Rik,-7.9760423,-5.1255965,1.5110036529298081e-15,4.244600838750676e-14,0.0031620553359683794,Significant
Slc25a20,-7.9815044,-1.7712777,1.445604520337752e-15,4.0689158177237736e-14,0.042687747035573126,Significant
Dbt,-7.982702,-2.2015738,1.4316452375060955e-15,4.03361264071423e-14,0.0308300395256917,Significant
Ndufa10,-7.983092,-1.9652375,1.4271254519698155e-15,4.02286882973333e-14,0.03715415019762846,Significant
D830024N08Rik,-7.9860315,-3.186267,1.3935201187516676e-15,3.932033155690719e-14,0.014229249011857707,Significant
Zfp110,-7.986388,-1.8386257,1.3894977916128971e-15,3.9226273550932065e-14,0.043478260869565216,Significant
Cers2,-7.987673,-2.02441,1.3750968777679186e-15,3.883898378818604e-14,0.03636363636363636,Significant
Zfp329,-7.989052,-1.7031089,1.3598039593206289e-15,3.842610285244463e-14,0.0466403162055336,Significant
Ak3,-7.9900002,-1.0910066,1.3493827819694504e-15,3.815054865348683e-14,0.09011857707509881,Significant
Ppp1r37,-7.9932766,-1.5359906,1.3139905640584257e-15,3.7186847270402987e-14,0.05454545454545454,Significant
Chordc1,-7.9955435,-1.0468211,1.2900363647365568e-15,3.652708137467145e-14,0.09565217391304348,Significant
Psmb7,-8.01341,-1.1278087,1.1157091955102836e-15,3.166978928292675e-14,0.08695652173913043,Significant
Adck1,-8.015159,-1.6951473,1.0999463778913256e-15,3.1237928530428913e-14,0.0466403162055336,Significant
Dnajc11,-8.0215225,-1.5813855,1.0444234052425784e-15,2.970555100795087e-14,0.052964426877470355,Significant
Fhip1b,-8.023318,-1.1087512,1.0292585186202891e-15,2.9288860224266804e-14,0.09565217391304348,Significant
Alg9,-8.024597,-1.4203092,1.0185993387079333e-15,2.9000032472684214e-14,0.06086956521739131,Significant
Gde1,-8.0262985,-2.32658,1.0045744517750907e-15,2.861504445148847e-14,0.02608695652173913,Significant
Ppp1r1a,-8.030927,-4.7004786,9.673905406962992e-16,2.7583467590279405e-14,0.0047430830039525695,Significant
Usp4,-8.037802,-1.0218314,9.146449800673554e-16,2.6118756173528226e-14,0.10909090909090909,Significant
Vezf1,-8.048942,-1.2496959,8.351321141901807e-16,2.3896109404071896e-14,0.0774703557312253,Significant
Aasdh,-8.052486,-2.374953,8.112870182307618e-16,2.323717007297676e-14,0.025296442687747035,Significant
4930405A10Rik,-8.058507,-27.517931,7.723187258211568e-16,2.2132159319065167e-14,0.0,Significant
Tulp2,-8.058568,-3.763362,7.719363858569372e-16,2.2132159319065167e-14,0.007905138339920948,Significant
Socs6,-8.058661,-1.492299,7.713420054484321e-16,2.212644087266457e-14,0.06324110671936758,Significant
Trappc10,-8.060424,-1.2667568,7.603014168346772e-16,2.183173120321904e-14,0.06798418972332015,Significant
Tob2,-8.072048,-1.1746937,6.91285357417325e-16,1.9870004814083746e-14,0.08695652173913043,Significant
Entpd5,-8.073999,-2.2551267,6.803239828721322e-16,1.956481207511216e-14,0.03241106719367589,Significant
Gm16193,-8.091247,-6.85526,5.905705338826799e-16,1.7000847709713688e-14,0.0015810276679841897,Significant
Slc25a46,-8.095196,-1.0452377,5.717246478605794e-16,1.6474986424002658e-14,0.10434782608695652,Significant
Manf,-8.095949,-2.5000799,5.681967647302022e-16,1.6381616192659464e-14,0.02608695652173913,Significant
Rps2,-8.096278,-2.6775124,5.666600694498215e-16,1.634558815326357e-14,0.020553359683794466,Significant
E530011L22Rik,-8.10312,-5.430125,5.356746269197353e-16,1.5467469032168685e-14,0.0031620553359683794,Significant
Echdc2,-8.114522,-1.7756687,4.877013756398598e-16,1.4118049837472933e-14,0.04743083003952569,Significant
Yipf4,-8.116251,-1.5563171,4.808071826759537e-16,1.3925555335071963e-14,0.05691699604743083,Significant
Mob4,-8.125709,-1.0900545,4.447562351053418e-16,1.2894534003632007e-14,0.08853754940711463,Significant
Slc16a4,-8.130323,-4.2932363,4.281470515219119e-16,1.2419318013606308e-14,0.006324110671936759,Significant
Nup188,-8.145196,-1.1110634,3.7866669868171117e-16,1.1006462730799038e-14,0.09249011857707509,Significant
Dhdh,-8.146966,-1.935174,3.731697851689304e-16,1.0857772476905501e-14,0.037944664031620556,Significant
Polr3gl,-8.149306,-1.4089034,3.660170216874037e-16,1.065509981181107e-14,0.06482213438735178,Significant
Ccdc91,-8.154251,-1.1203481,3.513510284338206e-16,1.0238627896647993e-14,0.09565217391304348,Significant
Trmt13,-8.160521,-1.7065519,3.335845611190318e-16,9.725877365426927e-15,0.0458498023715415,Significant
Msh3,-8.161482,-1.2427526,3.3093811244209544e-16,9.653661403978153e-15,0.08300395256916997,Significant
Zbtb11,-8.1631775,-1.1030146,3.2632471230523457e-16,9.528848945319159e-15,0.09407114624505929,Significant
Gm7480,-8.166911,-5.7373905,3.1638661321286004e-16,9.243391556158781e-15,0.0023715415019762848,Significant
Ring1,-8.168821,-3.0441432,3.1141716609653777e-16,9.102877235473798e-15,0.015019762845849802,Significant
Cep78,-8.171418,-1.7658556,3.047860620241455e-16,8.91362257715299e-15,0.045059288537549404,Significant
Timm9,-8.177653,-2.1356447,2.894242445188796e-16,8.473062163058881e-15,0.034782608695652174,Significant
Kctd3,-8.177829,-1.10329,2.8900457427905226e-16,8.465128325114976e-15,0.08853754940711463,Significant
Mgst2,-8.193765,-4.6019616,2.531801066813366e-16,7.431097141516488e-15,0.005533596837944664,Significant
Dld,-8.194283,-1.7819746,2.520923282515113e-16,7.402985695187881e-15,0.04743083003952569,Significant
Uqcrq,-8.201898,-4.1021667,2.3662230654345903e-16,6.9630546547240834e-15,0.0071146245059288534,Significant
Lrrc39,-8.207709,-2.7592409,2.254480892074097e-16,6.641096558488937e-15,0.01818181818181818,Significant
Erp29,-8.20999,-1.6841146,2.2120729383177376e-16,6.526302859106233e-15,0.05217391304347826,Significant
Plagl1,-8.21114,-1.2223426,2.1909806795721035e-16,6.467425136107576e-15,0.08300395256916997,Significant
Sbds,-8.21521,-1.9788324,2.117935368415963e-16,6.261545057786778e-15,0.03636363636363636,Significant
Slc25a10,-8.2277355,-3.9829848,1.907860669576322e-16,5.643402305784173e-15,0.0071146245059288534,Significant
Pard3bos1,-8.229699,-3.1950166,1.8768355762329294e-16,5.554516348559213e-15,0.015810276679841896,Significant
2700097O09Rik,-8.233547,-1.3073504,1.8174949012555556e-16,5.384494129677034e-15,0.07114624505928854,Significant
Nprl3,-8.235512,-1.415036,1.7879191765145774e-16,5.299630704316322e-15,0.06956521739130435,Significant
Hdhd2,-8.2372675,-1.9923861,1.761885250319942e-16,5.2251827103368654e-15,0.039525691699604744,Significant
2610203C22Rik,-8.238727,-2.5194058,1.7405250009037872e-16,5.167217626510039e-15,0.022134387351778657,Significant
Dok6,-8.246006,-1.2994572,1.6377707395210035e-16,4.874872121226631e-15,0.07351778656126483,Significant
Sec16a,-8.248919,-1.168387,1.5983467453799303e-16,4.764998011972702e-15,0.08853754940711463,Significant
Thap2,-8.260993,-1.5068467,1.4446550129809464e-16,4.315850004939563e-15,0.05928853754940711,Significant
Gcnt7,-8.2648945,-5.93259,1.3981817335791116e-16,4.1792055691195905e-15,0.0023715415019762848,Significant
Micos10,-8.265224,-1.0610589,1.394323752654302e-16,4.1698628571370066e-15,0.10434782608695652,Significant
Zcchc2,-8.278301,-1.4825844,1.2494473878079718e-16,3.746434107908042e-15,0.06798418972332015,Significant
Syt12,-8.2795725,-3.2288637,1.2361803881029593e-16,3.708606294993183e-15,0.013438735177865613,Significant
Mylip,-8.287073,-2.14625,1.1606922241451876e-16,3.4839734283105497e-15,0.039525691699604744,Significant
Ptch2,-8.2942915,-1.5415409,1.0923462498801513e-16,3.2805531547692876e-15,0.06403162055335969,Significant
Selenoi,-8.3116865,-1.0616621,9.435112799193518e-17,2.8410616493859232e-15,0.10197628458498023,Significant
Odr4,-8.312184,-1.0318573,9.39560729146473e-17,2.8306628295412336e-15,0.10197628458498023,Significant
Lpar6,-8.313537,-2.4160335,9.289123170905833e-17,2.8000633270224932e-15,0.02608695652173913,Significant
Mcts1,-8.325604,-1.016185,8.389927787898618e-17,2.5343813165556248e-15,0.10276679841897234,Significant
Smad5,-8.326472,-1.0598495,8.32868372800496e-17,2.517216455182221e-15,0.1075098814229249,Significant
Dennd2d,-8.333818,-2.533118,7.827601244984985e-17,2.367028372228837e-15,0.02450592885375494,Significant
Tnk2,-8.33774,-1.6207871,7.572378694813235e-17,2.2910670311443166e-15,0.05138339920948617,Significant
4930473D10Rik,-8.3434105,-5.593605,7.217785389693122e-17,2.1872693873045028e-15,0.0023715415019762848,Significant
Ap3d1,-8.345234,-1.7633321,7.107311092228538e-17,2.1549382369679723e-15,0.045059288537549404,Significant
Dhrs4,-8.356454,-3.313198,6.463145947033759e-17,1.965908084241716e-15,0.014229249011857707,Significant
Gm15345,-8.371462,-4.2627826,5.690773617477078e-17,1.7328253505495312e-15,0.0071146245059288534,Significant
Ppargc1a,-8.37679,-2.3758774,5.439092260458172e-17,1.6579622719633231e-15,0.0308300395256917,Significant
Tmem43,-8.3796215,-1.9946941,5.3098093523285925e-17,1.6194207516386844e-15,0.03873517786561265,Significant
Syt14,-8.3810005,-3.4783962,5.2479588673938843e-17,1.6022735971489283e-15,0.012648221343873518,Significant
Rnf11,-8.396432,-1.2040849,4.6024938052728544e-17,1.4112579416588131e-15,0.08458498023715415,Significant
Farsb,-8.407363,-1.0975062,4.1933041330558407e-17,1.2892598846670228e-15,0.1067193675889328,Significant
Rpl13,-8.407706,-2.7045054,4.18106036921836e-17,1.2861899431856435e-15,0.02292490118577075,Significant
Fabp5,-8.410074,-6.0215297,4.097510711399634e-17,1.2611694995557112e-15,0.0015810276679841897,Significant
Fan1,-8.42256,-2.2112792,3.6834758890861905e-17,1.136190685809625e-15,0.03162055335968379,Significant
Steep1,-8.423999,-1.0386167,3.638475177112453e-17,1.1229182388073723e-15,0.1075098814229249,Significant
Calm1,-8.429057,-2.2974858,3.484601192637281e-17,1.0760123454986953e-15,0.03162055335968379,Significant
Gm35417,-8.430154,-3.983714,3.452104480229091e-17,1.0665560564770737e-15,0.008695652173913044,Significant
Itgb1bp1,-8.4321785,-2.1529481,3.392879070016865e-17,1.0488269659382752e-15,0.03241106719367589,Significant
Gm9895,-8.447126,-3.2315834,2.9856147280507875e-17,9.249395442325349e-16,0.015019762845849802,Significant
Uba5,-8.456154,-1.5557225,2.7634185436641546e-17,8.575030806255076e-16,0.06324110671936758,Significant
Jade1,-8.465928,-1.2616078,2.5412191127583325e-17,7.889834105756391e-16,0.07905138339920949,Significant
Rpl41,-8.470125,-1.9180866,2.4512938584218755e-17,7.618947794344979e-16,0.042687747035573126,Significant
Gtf3c1,-8.470596,-1.2652355,2.4414040636532787e-17,7.592353292653269e-16,0.08063241106719368,Significant
Ranbp10,-8.472009,-1.1071022,2.4119702720655035e-17,7.50491799244163e-16,0.10118577075098814,Significant
Tmed10,-8.476811,-1.1089481,2.314490111293912e-17,7.209484760787015e-16,0.1067193675889328,Significant
Acsm3,-8.484951,-4.366019,2.158091464030491e-17,6.729676125594752e-16,0.0071146245059288534,Significant
Cmbl,-8.506061,-2.2718623,1.79943490710656e-17,5.63285448298816e-16,0.03241106719367589,Significant
Gm43775,-8.516366,-2.717472,1.6463819304468205e-17,5.159418464588465e-16,0.020553359683794466,Significant
Dixdc1,-8.517106,-2.6291578,1.635900555273091e-17,5.12939501750028e-16,0.02450592885375494,Significant
Podn,-8.5232,-1.0140276,1.5520397561063636e-17,4.869129242559364e-16,0.12015810276679842,Significant
Tsnax,-8.536776,-1.7604504,1.380197022531588e-17,4.33718535651055e-16,0.04743083003952569,Significant
Tmem184b,-8.544572,-1.2009841,1.2901388334703248e-17,4.0631523958315134e-16,0.08063241106719368,Significant
Dynll2,-8.5465355,-3.2732103,1.2683797150864921e-17,3.9968350501793e-16,0.015810276679841896,Significant
Rnf213,-8.554198,-1.0808476,1.186911920434753e-17,3.7421900144781434e-16,0.1233201581027668,Significant
Zfp131,-8.55781,-1.5582528,1.1503156119221179e-17,3.628815582186001e-16,0.05849802371541502,Significant
Lncbate1,-8.560966,-3.5934234,1.1192659867412513e-17,3.5328228686825714e-16,0.011857707509881422,Significant
Atp6v0a2,-8.561268,-1.6476995,1.1163306630978874e-17,3.5274686064071474e-16,0.052964426877470355,Significant
Mapkapk2,-8.562015,-1.0624228,1.1091226401657518e-17,3.5066381040354295e-16,0.10276679841897234,Significant
Inppl1,-8.56525,-2.1537712,1.0784149818602926e-17,3.411445971228163e-16,0.03320158102766799,Significant
Wipi2,-8.569064,-1.4429519,1.0432930989378393e-17,3.304012922503866e-16,0.06798418972332015,Significant
Crls1,-8.571405,-1.7700639,1.0222984073777899e-17,3.2393263001946987e-16,0.0458498023715415,Significant
Sdhb,-8.574756,-2.2538443,9.929776954431143e-18,3.149924398675564e-16,0.030039525691699605,Significant
Ednra,-8.58691,-2.1763625,8.93390290993178e-18,2.8387576205046063e-16,0.03557312252964427,Significant
Xpot,-8.596208,-1.382049,8.239394770730547e-18,2.621002109721609e-16,0.07272727272727272,Significant
Lasp1,-8.60508,-1.0401382,7.626354562443261e-18,2.4273463115711666e-16,0.11067193675889328,Significant
Cep57l1,-8.606465,-1.8090956,7.534765118459294e-18,2.3995361331666147e-16,0.043478260869565216,Significant
Uqcc5,-8.611988,-2.135615,7.180403634431853e-18,2.289246155364973e-16,0.03557312252964427,Significant
Fam53b,-8.618191,-4.3284597,6.8020325345139165e-18,2.173482236519399e-16,0.0071146245059288534,Significant
Park7,-8.632997,-3.2848969,5.976522059854069e-18,1.9161550822643611e-16,0.015810276679841896,Significant
Nsdhl,-8.633803,-3.1272416,5.934474907756497e-18,1.903746116746832e-16,0.017391304347826087,Significant
Pard6g,-8.646996,-2.598134,5.287317687545932e-18,1.6970978379174345e-16,0.02450592885375494,Significant
Enpep,-8.650763,-1.1371447,5.115655950045906e-18,1.6438519495009251e-16,0.10118577075098814,Significant
Cep250,-8.654361,-1.6962099,4.956800965188889e-18,1.5946056709537882e-16,0.052964426877470355,Significant
Riok2,-8.6544285,-1.6262655,4.953878557725441e-18,1.5945664158023987e-16,0.05533596837944664,Significant
Gm43362,-8.660852,-2.411299,4.6824860558319836e-18,1.5080624349837612e-16,0.02766798418972332,Significant
Nudt12,-8.668723,-3.8509526,4.3699332644174704e-18,1.408196774245587e-16,0.008695652173913044,Significant
Sdf2,-8.673284,-1.4971411,4.1983346329939494e-18,1.3544327044606713e-16,0.06798418972332015,Significant
Rplp2,-8.676661,-1.5551395,4.0755833612042344e-18,1.3155770531197864e-16,0.06007905138339921,Significant
Gpc4,-8.679654,-1.0221754,3.969736819377005e-18,1.282137176586194e-16,0.12094861660079051,Significant
Dmrt2,-8.682762,-3.6263556,3.8627180210862905e-18,1.2489893630816265e-16,0.011067193675889328,Significant
Malt1,-8.684188,-1.4736747,3.814568088470534e-18,1.234121145031822e-16,0.07193675889328063,Significant
Entpd6,-8.685695,-3.165087,3.764336443919563e-18,1.2185621458398172e-16,0.015019762845849802,Significant
Ganab,-8.687989,-1.4174964,3.689118884048217e-18,1.1955726714660758e-16,0.07114624505928854,Significant
Gm10785,-8.690451,-2.8463876,3.610037435143637e-18,1.1719449349744233e-16,0.021343873517786563,Significant
Usp38,-8.695873,-1.4381555,3.4417386364422508e-18,1.1185847014706518e-16,0.06561264822134387,Significant
Prkaa1,-8.69748,-1.0219911,3.393339760570345e-18,1.1034846333902685e-16,0.11383399209486166,Significant
Uhrf1bp1,-8.701247,-2.2195046,3.2825525925866252e-18,1.068067583854143e-16,0.03399209486166008,Significant
Rad18,-8.704254,-1.6709731,3.1966901599104397e-18,1.0407246106086926e-16,0.05454545454545454,Significant
Gm46124,-8.721213,-6.9617624,2.7523718205762706e-18,8.976105603403976e-17,0.0015810276679841897,Significant
Secisbp2,-8.726474,-1.5908417,2.6273711884387384e-18,8.583198097584062e-17,0.05533596837944664,Significant
Gprin3,-8.735918,-2.0873327,2.4168537119937633e-18,7.913632387270666e-17,0.03557312252964427,Significant
Gm15738,-8.737862,-5.487677,2.3756341603304387e-18,7.783140663025058e-17,0.003952569169960474,Significant
Galnt11,-8.747441,-1.1303557,2.1824521592381374e-18,7.15434705809895e-17,0.10355731225296443,Significant
Irs2,-8.749755,-1.3074914,2.1381616091177155e-18,7.013194711104369e-17,0.08063241106719368,Significant
Kif21a,-8.767056,-1.3271989,1.833974372367948e-18,6.022395313552672e-17,0.07984189723320158,Significant
Stard7,-8.767521,-1.1725252,1.8264320636839458e-18,6.001088755812324e-17,0.09011857707509881,Significant
Cpsf3,-8.76933,-1.8008633,1.797319343743945e-18,5.908842999545264e-17,0.04980237154150197,Significant
Snx3,-8.773871,-1.1614507,1.7262692054365432e-18,5.681820510217468e-17,0.09565217391304348,Significant
Wdr82,-8.7878895,-1.4979076,1.5239525334795654e-18,5.0246312222848834e-17,0.06719367588932806,Significant
Smg5,-8.798101,-1.898982,1.3915042406544509e-18,4.593254664759715e-17,0.042687747035573126,Significant
Septin10,-8.802561,-1.196594,1.3372858181289508e-18,4.4194075316355536e-17,0.091699604743083,Significant
Ppp1r9b,-8.802622,-1.7501981,1.336564363919411e-18,4.4194075316355536e-17,0.05138339920948617,Significant
Atad3a,-8.80688,-2.4351704,1.2867747084636033e-18,4.259897597361979e-17,0.026877470355731226,Significant
Slc25a1,-8.8091,-5.3823175,1.2615490015661512e-18,4.181249225737963e-17,0.0031620553359683794,Significant
Ppp1r13b,-8.810977,-1.4008126,1.2406032798914935e-18,4.1142219778859364e-17,0.07984189723320158,Significant
Glt8d1,-8.816257,-1.5591762,1.1834949908672635e-18,3.927120528844572e-17,0.057707509881422925,Significant
4732440D04Rik,-8.818241,-1.8314368,1.1627118486223833e-18,3.86040672725406e-17,0.043478260869565216,Significant
Ppil4,-8.819029,-1.4891155,1.1545692384059695e-18,3.8372214839380195e-17,0.06561264822134387,Significant
Abhd12,-8.819304,-1.1456188,1.1517291913751273e-18,3.830643217645509e-17,0.09881422924901186,Significant
Ncapd3,-8.824107,-1.9666498,1.1033627364641217e-18,3.6740688641522547e-17,0.04189723320158103,Significant
Slc43a1,-8.825984,-1.7366228,1.0850132136219807e-18,3.6150811817933994e-17,0.05217391304347826,Significant
Arfgap2,-8.838813,-2.6352384,9.674140366950582e-19,3.228928643813207e-17,0.02292490118577075,Significant
Trub2,-8.845735,-2.461206,9.092832760486506e-19,3.0402524381377694e-17,0.02766798418972332,Significant
Rrs1,-8.853309,-2.9509928,8.496214280384647e-19,2.845781984349307e-17,0.016600790513833993,Significant
Prr14,-8.860823,-1.3991168,7.942605001633735e-19,2.6619180188229926e-17,0.07193675889328063,Significant
Tm2d1,-8.878494,-1.8108617,6.77714696867525e-19,2.2739983826949758e-17,0.048221343873517786,Significant
Gm48383,-8.884689,-3.8792484,6.409938913535932e-19,2.1520538424271787e-17,0.008695652173913044,Significant
Hmgcl,-8.891491,-1.4500928,6.029451040657914e-19,2.025504257853111e-17,0.07114624505928854,Significant
Cdc40,-8.894128,-1.1117221,5.888001931521669e-19,1.9792740565479394e-17,0.09486166007905138,Significant
Ube2a,-8.899752,-2.113033,5.597198203627588e-19,1.883629213432379e-17,0.039525691699604744,Significant
Ipo9,-8.904171,-1.170314,5.37865690625118e-19,1.813298418584064e-17,0.09486166007905138,Significant
Igsf8,-8.9052,-2.6390226,5.328986338246741e-19,1.7986829347131456e-17,0.021343873517786563,Significant
Galm,-8.90561,-1.6803018,5.309309623268277e-19,1.793104384688725e-17,0.048221343873517786,Significant
Ssu72,-8.906149,-1.250248,5.283612844061341e-19,1.7854848602593284e-17,0.08774703557312254,Significant
1700109K24Rik,-8.920067,-6.3907623,4.660084865882182e-19,1.578524047282554e-17,0.0015810276679841897,Significant
Gzf1,-8.933406,-2.2933779,4.1309080198716508e-19,1.400107342616141e-17,0.02924901185770751,Significant
Uqcrh,-8.941572,-2.1714394,3.8367191386839783e-19,1.3027228650912606e-17,0.034782608695652174,Significant
Hmces,-8.942117,-1.5647122,3.817844128058099e-19,1.2970874850582112e-17,0.06007905138339921,Significant
Ankrd13c,-8.954824,-1.0571971,3.402771678804912e-19,1.1602228872025777e-17,0.11778656126482213,Significant
Lrp12,-8.959587,-1.3959482,3.2589699547275375e-19,1.1118574487246297e-17,0.07588932806324111,Significant
Ffar4,-8.963401,-4.823839,3.148150466017909e-19,1.07469325950555e-17,0.0047430830039525695,Significant
Dhtkd1,-8.969987,-1.7458702,2.9655029492171747e-19,1.0135576436457091e-17,0.05533596837944664,Significant
Eif4a1,-8.97857,-1.4279468,2.743081183583013e-19,9.386645773701943e-18,0.07193675889328063,Significant
Sbno2,-8.983097,-1.4298213,2.632493565743783e-19,9.0136389733624e-18,0.07509881422924901,Significant
Bfar,-8.983636,-1.2750702,2.619644467252526e-19,8.975040650410714e-18,0.08537549407114625,Significant
Lrig3,-8.991694,-1.0905026,2.434479592455523e-19,8.360778195054882e-18,0.11225296442687747,Significant
Atg12,-8.99495,-1.873827,2.363394321203857e-19,8.126451451912368e-18,0.0458498023715415,Significant
Arl8b,-8.99974,-1.1852521,2.262534769493522e-19,7.789056366972833e-18,0.09802371541501977,Significant
Zyg11a,-9.006238,-2.8226163,2.1324633525724144e-19,7.34571057222177e-18,0.02292490118577075,Significant
Ppil2,-9.008593,-1.5830357,2.0871831005941036e-19,7.194085528506588e-18,0.06007905138339921,Significant
A930015D03Rik,-9.0124,-1.1480833,2.0159607962299362e-19,6.957019618068411e-18,0.09565217391304348,Significant
Tmem45b,-9.02319,-2.076454,1.8269096451389822e-19,6.312261049991431e-18,0.05612648221343874,Significant
Sin3a,-9.028853,-1.3723063,1.7347947429677424e-19,5.997628868204385e-18,0.08379446640316206,Significant
Cd81,-9.033314,-2.0210376,1.6655055779823462e-19,5.765079216771597e-18,0.048221343873517786,Significant
Ufd1,-9.033603,-1.2171191,1.661107360960599e-19,5.7533524477163906e-18,0.09011857707509881,Significant
6030443J06Rik,-9.037134,-1.3147796,1.6083248796721757e-19,5.5773219837645165e-18,0.08142292490118577,Significant
Ddx3x,-9.037579,-1.0130625,1.601807762392927e-19,5.558106995637761e-18,0.11936758893280633,Significant
Usp14,-9.042637,-1.0602697,1.5293697714024828e-19,5.313230271716215e-18,0.11304347826086956,Significant
Rab21,-9.048018,-1.0515896,1.4558603050738238e-19,5.064028199829481e-18,0.10988142292490119,Significant
Mospd1,-9.0480385,-2.2464104,1.4555913245867393e-19,5.064028199829481e-18,0.03399209486166008,Significant
Rffl,-9.0494375,-1.0590795,1.4370612617601876e-19,5.004752618097055e-18,0.13280632411067195,Significant
Selenot,-9.063739,-1.971096,1.2605346267597714e-19,4.4007420099526755e-18,0.04743083003952569,Significant
Atraid,-9.064694,-1.8303902,1.2495389891149377e-19,4.3650306490302864e-18,0.0466403162055336,Significant
Slc16a1,-9.079016,-2.0873969,1.0956077935170649e-19,3.829650298996635e-18,0.037944664031620556,Significant
Pcsk7,-9.084673,-1.6729932,1.0401051213936133e-19,3.6423509051213855e-18,0.05691699604743083,Significant
1110019D14Rik,-9.096486,-1.1940887,9.330191046318386e-20,3.2713695096577294e-18,0.09802371541501977,Significant
Ccdc174,-9.103441,-1.6616764,8.751392771090251e-20,3.072213660780826e-18,0.052964426877470355,Significant
Cep95,-9.104975,-1.8922529,8.628622192664946e-20,3.0309831972395725e-18,0.045059288537549404,Significant
Dnaja1,-9.105628,-1.4697037,8.576908448353559e-20,3.0146774318376542e-18,0.07430830039525692,Significant
Kxd1,-9.120353,-2.5820968,7.488018874441528e-20,2.63682920673825e-18,0.023715415019762844,Significant
Aldoa,-9.121738,-3.9366992,7.392872777162461e-20,2.604935450522325e-18,0.008695652173913044,Significant
Cd63,-9.1297035,-1.7774705,6.868738137241847e-20,2.426258177870273e-18,0.052964426877470355,Significant
Mff,-9.13088,-1.0725331,6.794450491070983e-20,2.4015071720178326e-18,0.11857707509881422,Significant
Secisbp2l,-9.132447,-1.0132023,6.696773060669812e-20,2.368453135699377e-18,0.13517786561264822,Significant
Dhrs7,-9.134641,-2.1554794,6.56243402341134e-20,2.323828082879758e-18,0.03715415019762846,Significant
Pgm3,-9.135509,-1.7247893,6.510013982122391e-20,2.307417285326897e-18,0.06719367588932806,Significant
Ptpn1,-9.13754,-1.3819813,6.388907335118718e-20,2.268022272874033e-18,0.08142292490118577,Significant
Rpl37a,-9.150085,-1.9036878,5.688844915760629e-20,2.023288684249381e-18,0.04426877470355731,Significant
Dcaf17,-9.165181,-1.6029143,4.9464014047692733e-20,1.765849795542114e-18,0.06403162055335969,Significant
Pex7,-9.169539,-1.1836773,4.7504283724689585e-20,1.6969519570687263e-18,0.09486166007905138,Significant
Ctsl,-9.1712885,-1.2265763,4.673972709629876e-20,1.6706885126116434e-18,0.1067193675889328,Significant
Ube2v2,-9.171861,-1.3392961,4.649242408509081e-20,1.6628926632092687e-18,0.08616600790513834,Significant
Tmem234,-9.172123,-2.0700018,4.637938896146908e-20,1.6598923864582093e-18,0.037944664031620556,Significant
Nek9,-9.17698,-1.2469021,4.433518470875921e-20,1.5877294040889675e-18,0.09802371541501977,Significant
Gm16541,-9.177948,-5.1342854,4.3938260162497166e-20,1.575496518836745e-18,0.0047430830039525695,Significant
Dcun1d5,-9.181547,-1.3515519,4.249410547890972e-20,1.5256348424177794e-18,0.07905138339920949,Significant
Atp9a,-9.181917,-1.1760411,4.2348327778238415e-20,1.521360335659731e-18,0.10909090909090909,Significant
Rimoc1,-9.182422,-1.6624134,4.2150336414165935e-20,1.5152034758579688e-18,0.05691699604743083,Significant
Psen2,-9.193158,-2.4748383,3.8147460691419425e-20,1.3747813666013377e-18,0.02766798418972332,Significant
Uqcc4,-9.2038,-3.465885,3.4551070142759836e-20,1.2459610417979025e-18,0.013438735177865613,Significant
Bnip3l,-9.205347,-1.5631863,3.405691241630934e-20,1.2289192965127188e-18,0.06640316205533597,Significant
Sufu,-9.205414,-1.0724921,3.4035586529036593e-20,1.2289192965127188e-18,0.11462450592885376,Significant
Brd2,-9.209107,-1.416996,3.288483186073451e-20,1.1881314790495454e-18,0.07905138339920949,Significant
Eif4ebp2,-9.216534,-1.4120922,3.0685938624580244e-20,1.1107997655576756e-18,0.07193675889328063,Significant
Eps15l1,-9.217086,-1.0729036,3.0528539703261793e-20,1.1058050758545992e-18,0.12173913043478261,Significant
B3glct,-9.218969,-1.2490969,2.9997072033253075e-20,1.0872458807418609e-18,0.0932806324110672,Significant
Naa50,-9.222023,-1.2063292,2.915470991571202e-20,1.0580614004528732e-18,0.09486166007905138,Significant
Adora1,-9.24108,-4.366659,2.4402114273037156e-20,8.861484622582965e-19,0.0071146245059288534,Significant
Dop1b,-9.267093,-1.1006104,1.9128810184078322e-20,6.964281206468055e-19,0.11225296442687747,Significant
Purb,-9.278966,-1.480582,1.7113115146148414e-20,6.242395192420479e-19,0.07272727272727272,Significant
Nmt2,-9.283513,-1.0136482,1.639802124303579e-20,5.993066287546219e-19,0.13517786561264822,Significant
Gtpbp2,-9.299268,-1.8195838,1.4141620853471237e-20,5.175051626076515e-19,0.04743083003952569,Significant
Ppwd1,-9.30475,-1.723826,1.3430770110867661e-20,4.921245050726612e-19,0.052964426877470355,Significant
Reno1,-9.307333,-3.0387123,1.3108202541304831e-20,4.806143985218535e-19,0.015810276679841896,Significant
Gm16685,-9.315271,-2.4571152,1.216415794581071e-20,4.462882200982008e-19,0.0308300395256917,Significant
Naca,-9.316872,-1.9650182,1.1982061185177366e-20,4.398907452902542e-19,0.048221343873517786,Significant
Pcgf5,-9.317067,-1.3021197,1.196005798894722e-20,4.393662335152539e-19,0.091699604743083,Significant
Bcl9,-9.317248,-1.1514412,1.1939608173687263e-20,4.388981465577318e-19,0.11699604743083004,Significant
Zfp654,-9.320162,-1.0764621,1.1616338013283122e-20,4.272906348929937e-19,0.11857707509881422,Significant
Polr3h,-9.321204,-2.9355729,1.1502734126843795e-20,4.2338538068300746e-19,0.019762845849802372,Significant
Ccl25,-9.335479,-1.246952,1.0053600914016725e-20,3.7100589089113827e-19,0.091699604743083,Significant
Ccdc191,-9.338331,-1.2962447,9.786474837057607e-21,3.613824018786623e-19,0.08853754940711463,Significant
Camsap2,-9.3481455,-1.0426008,8.919806044219155e-21,3.2959291107325303e-19,0.13201581027667983,Significant
Ppm1l,-9.354341,-1.4672296,8.412264946139584e-21,3.1124287088897594e-19,0.07193675889328063,Significant
Arel1,-9.354893,-1.321521,8.368486249345289e-21,3.0982443142000657e-19,0.08142292490118577,Significant
Phaf1,-9.360872,-1.6333395,7.908085821674817e-21,2.9316036117967824e-19,0.0616600790513834,Significant
Chfr,-9.363409,-1.0027207,7.720491317843663e-21,2.8639250562171726e-19,0.13438735177865613,Significant
Gm17227,-9.368454,-3.8180358,7.360282399809158e-21,2.7356516979603996e-19,0.010276679841897233,Significant
Rpl11,-9.381625,-2.817542,6.496364668842935e-21,2.4177091543044807e-19,0.021343873517786563,Significant
Zfp106,-9.384961,-1.0310326,6.293939066794132e-21,2.3439057187856423e-19,0.13438735177865613,Significant
Map3k7,-9.393693,-1.127546,5.7932547897194276e-21,2.160273221882213e-19,0.1075098814229249,Significant
Xbp1,-9.394547,-1.445148,5.746435511350719e-21,2.1442187709817908e-19,0.07984189723320158,Significant
Nr1h3,-9.399505,-2.0503337,5.48203132682421e-21,2.0469006280701468e-19,0.04189723320158103,Significant
Banp,-9.405661,-1.1244938,5.170458057579199e-21,1.9318310515526062e-19,0.11541501976284585,Significant
Gm50100,-9.406891,-7.772258,5.110278481048043e-21,1.9105999145722693e-19,0.0007905138339920949,Significant
Elmod3,-9.411338,-1.7166865,4.89862270692528e-21,1.8338755789285493e-19,0.05138339920948617,Significant
Dctn2,-9.41974,-1.6831745,4.5220823750749756e-21,1.6962575264765757e-19,0.05928853754940711,Significant
Exd1,-9.428908,-2.810218,4.143791722885279e-21,1.5564092644644504e-19,0.022134387351778657,Significant
Aamdc,-9.430435,-1.8109769,4.083904931903488e-21,1.5349282556271717e-19,0.05217391304347826,Significant
Sh3tc1,-9.431854,-2.7340398,4.0290073032192255e-21,1.5152952764372914e-19,0.023715415019762844,Significant
4930523C07Rik,-9.44358,-1.1745174,3.602569109071771e-21,1.3576034919897797e-19,0.10909090909090909,Significant
Zfp182,-9.44888,-1.1923001,3.42474000107242e-21,1.2914445059673156e-19,0.10988142292490119,Significant
Naxd,-9.449816,-2.792961,3.3942852682039695e-21,1.2808084655851705e-19,0.022134387351778657,Significant
Ercc6l2,-9.450959,-1.0097616,3.35740243463244e-21,1.2677311142599851e-19,0.1367588932806324,Significant
Rgs7bp,-9.45511,-2.048538,3.2268393568422346e-21,1.2192399457063948e-19,0.0466403162055336,Significant
Ccdc62,-9.457249,-2.0710232,3.1615219067239836e-21,1.1953533790887806e-19,0.04189723320158103,Significant
BC035947,-9.4608,-3.1993928,3.055946819441092e-21,1.156972525570447e-19,0.016600790513833993,Significant
4833420G17Rik,-9.464507,-1.1645646,2.9494909765002987e-21,1.1181555638675334e-19,0.11225296442687747,Significant
St3gal1,-9.468496,-1.1773468,2.839016961436011e-21,1.0769917708269679e-19,0.10909090909090909,Significant
Esco1,-9.472263,-1.0928831,2.7384526616910363e-21,1.0395348867289954e-19,0.11541501976284585,Significant
Fas,-9.48345,-1.6560274,2.4601212959909566e-21,9.351252784714357e-20,0.06877470355731226,Significant
Rnf125,-9.484076,-2.0213892,2.4454105820150635e-21,9.301544686073462e-20,0.04426877470355731,Significant
Rpe,-9.489107,-1.5567049,2.3302138147380252e-21,8.875231091973103e-20,0.06719367588932806,Significant
Phlda3,-9.492047,-5.1460223,2.2654147201058826e-21,8.634202113624435e-20,0.003952569169960474,Significant
Usf2,-9.492753,-2.1108706,2.2501126868004144e-21,8.581625351580871e-20,0.042687747035573126,Significant
Rpl9,-9.498794,-2.5683858,2.1233520529663034e-21,8.109040191009677e-20,0.03162055335968379,Significant
Aldh2,-9.505864,-1.495368,1.9839435328691367e-21,7.586818583284185e-20,0.07272727272727272,Significant
Tcim,-9.509288,-4.599502,1.9197216021097137e-21,7.346160466782877e-20,0.006324110671936759,Significant
Rab5a,-9.515961,-1.2280294,1.800410998981397e-21,6.894230174377924e-20,0.10434782608695652,Significant
Cebpb,-9.516755,-1.3880618,1.78671633280075e-21,6.846393990983008e-20,0.07351778656126483,Significant
Gucd1,-9.520038,-2.2508917,1.7311667321221987e-21,6.63800436995085e-20,0.03399209486166008,Significant
Acad10,-9.52334,-2.4531713,1.6770004900101823e-21,6.43464183973516e-20,0.02924901185770751,Significant
Stx17,-9.527027,-1.5809014,1.6185243786693388e-21,6.214456955213137e-20,0.06798418972332015,Significant
Chdh,-9.540071,-1.7676845,1.4273578427507716e-21,5.495279440437572e-20,0.05612648221343874,Significant
Rnpc3,-9.540117,-1.1337154,1.4267098855450953e-21,5.495279440437572e-20,0.10909090909090909,Significant
Gfm2,-9.546212,-1.3260624,1.3452559819917429e-21,5.1862031733643753e-20,0.0932806324110672,Significant
Atg2b,-9.560285,-1.4542314,1.1743354406179872e-21,4.53648808169802e-20,0.0782608695652174,Significant
Eif4b,-9.56163,-1.0775677,1.1591668541340756e-21,4.480931421673347e-20,0.12015810276679842,Significant
Cbx4,-9.561845,-2.6659684,1.1567579363276172e-21,4.474657177474922e-20,0.02292490118577075,Significant
Tbc1d31,-9.570429,-2.7914646,1.0646344977598529e-21,4.1267088452650634e-20,0.022134387351778657,Significant
1700087I21Rik,-9.571202,-1.8062949,1.0566975094475996e-21,4.0987338477830903e-20,0.05454545454545454,Significant
Zfp397,-9.5741825,-1.9153154,1.0266662585070503e-21,3.9849627420347615e-20,0.0466403162055336,Significant
Sepsecs,-9.582422,-1.8057722,9.479486076456265e-22,3.6819332652080234e-20,0.05533596837944664,Significant
Parp3,-9.594,-2.446021,8.47351303530189e-22,3.2934491859598966e-20,0.03399209486166008,Significant
B230208H11Rik,-9.596872,-5.5741935,8.240741018908901e-22,3.2051641691099157e-20,0.0023715415019762848,Significant
Faf2,-9.601997,-1.1086594,7.8409631377229155e-22,3.055936221937581e-20,0.12015810276679842,Significant
Pclo,-9.618384,-3.259126,6.687314268472858e-22,2.6098859613510143e-20,0.016600790513833993,Significant
Rbks,-9.620746,-1.8924652,6.535565090219261e-22,2.5524116035814467e-20,0.04901185770750988,Significant
Fbh1,-9.633177,-1.2435124,5.791078129850326e-22,2.2647649710975785e-20,0.09881422924901186,Significant
Ptger3,-9.63463,-2.1954548,5.709734994212525e-22,2.2344881120649855e-20,0.042687747035573126,Significant
Etv3,-9.655807,-1.88146,4.644912374194945e-22,1.825299899924323e-20,0.04901185770750988,Significant
Sun2,-9.6639595,-2.5908077,4.289579902152609e-22,1.6868298978485614e-20,0.025296442687747035,Significant
Synrg,-9.671056,-1.2097301,4.002265762199267e-22,1.5771142890338303e-20,0.10513833992094862,Significant
Slx4ip,-9.67931,-1.1437408,3.6919950452158055e-22,1.4568668736634317e-20,0.11541501976284585,Significant
Trmt1l,-9.682129,-1.2174649,3.5915935442057384e-22,1.4182311234439593e-20,0.09960474308300395,Significant
Ptms,-9.684483,-1.8940583,3.509800866818188e-22,1.387858133038156e-20,0.05454545454545454,Significant
Vac14,-9.688438,-2.025255,3.376519068751381e-22,1.3360831987058538e-20,0.04426877470355731,Significant
Fbxo9,-9.690254,-2.080127,3.3170084209308544e-22,1.3134476807804158e-20,0.043478260869565216,Significant
Pi4kb,-9.701092,-1.1103075,2.9829001878997115e-22,1.1836189519107837e-20,0.12569169960474308,Significant
Esrra,-9.70124,-1.81066,2.978576219966094e-22,1.1827273956840261e-20,0.05059288537549407,Significant
Cebpg,-9.70317,-1.1811165,2.92273319519824e-22,1.1621742379035126e-20,0.1075098814229249,Significant
Slc22a4,-9.70954,-2.3533554,2.745719493274154e-22,1.0925507593747283e-20,0.03557312252964427,Significant
Ubr4,-9.742293,-1.0321283,1.9901066552484204e-22,7.946610312517554e-21,0.13438735177865613,Significant
Gramd1a,-9.745502,-1.5516055,1.9282252826543771e-22,7.704917601377044e-21,0.06798418972332015,Significant
Rheb,-9.750615,-1.1189916,1.8335422960790244e-22,7.331722744454756e-21,0.13043478260869565,Significant
Kctd20,-9.75414,-1.260921,1.7709560202452837e-22,7.086437578973064e-21,0.09486166007905138,Significant
Aqp7,-9.768038,-3.2402833,1.5441398474429511e-22,6.18753462725187e-21,0.016600790513833993,Significant
Gtf2a1,-9.770466,-1.0549636,1.5075709184832807e-22,6.0452532161518655e-21,0.12569169960474308,Significant
Atp5pb,-9.774281,-1.5651364,1.4518577258399828e-22,5.825950018819906e-21,0.07114624505928854,Significant
Pcyt2,-9.774677,-3.4813797,1.4461788099371195e-22,5.807254415841292e-21,0.014229249011857707,Significant
Ndufaf4,-9.781196,-2.8300817,1.3559948142769438e-22,5.4489555906664404e-21,0.02450592885375494,Significant
Nap1l4,-9.78951,-1.153311,1.2489996198163497e-22,5.029652570860168e-21,0.10276679841897234,Significant
Rad51d,-9.799742,-1.7614014,1.1287427508233508e-22,4.551823015200596e-21,0.06324110671936758,Significant
Slc2a4,-9.815973,-3.1430688,9.610596908130809e-23,3.8866264101269634e-21,0.01818181818181818,Significant
Tbk1,-9.818509,-1.2709353,9.371903582860054e-23,3.795487638062833e-21,0.10197628458498023,Significant
Sgpl1,-9.825445,-1.1393211,8.748694765842131e-23,3.548144078787869e-21,0.11936758893280633,Significant
Zfta,-9.830618,-1.6323122,8.310737710962414e-23,3.3753332096997915e-21,0.062450592885375494,Significant
Nfe2l1,-9.831829,-1.250599,8.211401442925825e-23,3.3373690903757275e-21,0.10434782608695652,Significant
Trim14,-9.834997,-2.144125,7.956999031639883e-23,3.2409118874149256e-21,0.04110671936758893,Significant
Tbc1d23,-9.839403,-1.1021898,7.616135138598721e-23,3.1042974296846796e-21,0.12648221343873517,Significant
Suds3,-9.849211,-2.578106,6.908422558534989e-23,2.8218973379163617e-21,0.02766798418972332,Significant
Cox7b,-9.852594,-2.5350556,6.679698389327696e-23,2.7304286144056594e-21,0.02924901185770751,Significant
Scd2,-9.853321,-1.5652553,6.631575025813377e-23,2.712704838684192e-21,0.0774703557312253,Significant
Hprt,-9.85883,-1.409948,6.277639557312308e-23,2.5697704819045297e-21,0.08458498023715415,Significant
Fam193b,-9.863809,-1.1198423,5.973962949499433e-23,2.448980736554696e-21,0.12015810276679842,Significant
Cmpk1,-9.876562,-1.4385362,5.2606653014242706e-23,2.159679473167984e-21,0.07984189723320158,Significant
Coq9,-9.877564,-2.4863286,5.2083242570530753e-23,2.1397344265574255e-21,0.028458498023715414,Significant
Elmod2,-9.878628,-1.982148,5.153384859264403e-23,2.118692326869129e-21,0.04901185770750988,Significant
Usp50,-9.879831,-1.7956294,5.091836357409506e-23,2.094900679387678e-21,0.05375494071146245,Significant
Tomm70a,-9.88703,-1.3009953,4.73880897898449e-23,1.952478452043096e-21,0.10118577075098814,Significant
Cul4a,-9.890722,-1.1369085,4.567195928894892e-23,1.883133261312122e-21,0.11462450592885376,Significant
Rbmx,-9.896925,-1.6330243,4.292723555927941e-23,1.771246173899224e-21,0.06877470355731226,Significant
Chchd6,-9.903302,-1.0267245,4.027540430543774e-23,1.6630324848121322e-21,0.1399209486166008,Significant
Rbm4b,-9.905448,-2.7130477,3.942006492014923e-23,1.63007837081933e-21,0.023715415019762844,Significant
Rab5b,-9.914663,-1.8170819,3.594656793657947e-23,1.489689610536224e-21,0.05533596837944664,Significant
Sar1b,-9.915841,-2.0108726,3.5525292259208254e-23,1.473303471618046e-21,0.045059288537549404,Significant
Ltbp2,-9.918067,-4.4206076,3.474180242372048e-23,1.441860766624685e-21,0.0071146245059288534,Significant
Hebp1,-9.922204,-1.9805151,3.33312279350044e-23,1.3843278262925497e-21,0.048221343873517786,Significant
Lars,-9.926422,-1.2367527,3.1951515541506657e-23,1.3279936105466647e-21,0.09960474308300395,Significant
Nod1,-9.930243,-1.2463796,3.0750532983664077e-23,1.2790110289428898e-21,0.1075098814229249,Significant
Mfng,-9.930815,-3.4334376,3.0574695738367996e-23,1.2726270102619971e-21,0.013438735177865613,Significant
Traf6,-9.94377,-2.3019412,2.684680235039708e-23,1.1190950019282283e-21,0.03557312252964427,Significant
Kmt5a,-9.946078,-2.6550064,2.6231816355837e-23,1.095866364723195e-21,0.030039525691699605,Significant
Slc5a6,-9.948769,-4.615252,2.5532232576113086e-23,1.0674235353277938e-21,0.0047430830039525695,Significant
A430046D13Rik,-9.956121,-3.717711,2.3713438434312692e-23,9.935738762974237e-22,0.011067193675889328,Significant
Sumo2,-9.958274,-1.3615341,2.3205654579807903e-23,9.730141218179984e-22,0.09090909090909091,Significant
Gm43413,-9.963239,-4.399881,2.2075260760299925e-23,9.269818753335089e-22,0.007905138339920948,Significant
Ap4m1,-9.963353,-2.8000321,2.204987489548197e-23,9.265992076927223e-22,0.02450592885375494,Significant
Grk3,-9.966138,-2.8446546,2.144050066738355e-23,9.01656978213801e-22,0.025296442687747035,Significant
Ctps2,-9.970652,-1.0318743,2.0488071139490085e-23,8.622403981919474e-22,0.15256916996047432,Significant
Gm26749,-9.971371,-3.9078863,2.034011644218821e-23,8.566468715492892e-22,0.009486166007905139,Significant
Dram2,-9.972743,-1.2057936,2.0060959998558028e-23,8.4614157279843905e-22,0.11462450592885376,Significant
Fads3,-9.975313,-2.250593,1.9548390814250216e-23,8.251333738726623e-22,0.04110671936758893,Significant
0610030E20Rik,-9.977001,-2.2613924,1.9218680290777492e-23,8.118181561106537e-22,0.03873517786561265,Significant
Marchf2,-9.980385,-1.2375796,1.8574431799448515e-23,7.851868753469917e-22,0.10276679841897234,Significant
Avl9,-9.981818,-1.4772613,1.8308107676322806e-23,7.745036843963573e-22,0.08379446640316206,Significant
4930444A19Rik,-9.990919,-5.087468,1.670251539811178e-23,7.076323878600319e-22,0.005533596837944664,Significant
Gm42439,-9.996637,-5.18421,1.5765991012804403e-23,6.684521923008901e-22,0.0047430830039525695,Significant
Lmtk2,-10.008342,-1.2337096,1.4008023952354113e-23,5.956914801127675e-22,0.11067193675889328,Significant
Ddx3y,-10.0292425,-1.0310669,1.1338303587550209e-23,4.828828306497355e-22,0.1509881422924901,Significant
Sybu,-10.030514,-2.0069475,1.1193245699221577e-23,4.770618288618082e-22,0.05375494071146245,Significant
Ggps1,-10.047721,-2.0372677,9.401620596258048e-24,4.0160365969357055e-22,0.04901185770750988,Significant
Fbxo28,-10.048024,-1.6638261,9.372791121528791e-24,4.006727471854136e-22,0.07035573122529644,Significant
Xrcc6,-10.05615,-3.4828165,8.630770179886109e-24,3.692296655243388e-22,0.015810276679841896,Significant
Git2,-10.0616455,-1.1100615,8.162212910771599e-24,3.494470416182298e-22,0.12964426877470356,Significant
Dnajc5,-10.061894,-1.124641,8.141600069885372e-24,3.4882682436368923e-22,0.1241106719367589,Significant
Btg1,-10.062776,-1.411189,8.069033019081515e-24,3.4597801893036185e-22,0.08379446640316206,Significant
Afg3l2,-10.070183,-1.7976998,7.483917472985325e-24,3.216164111918924e-22,0.05849802371541502,Significant
Gpx4,-10.074488,-3.4607728,7.163319577936254e-24,3.080714351112298e-22,0.015810276679841896,Significant
Arih2,-10.080757,-1.0182347,6.720629619094628e-24,2.8947002355587534e-22,0.1509881422924901,Significant
Hps5,-10.081255,-1.8624381,6.686664513761702e-24,2.882251052824414e-22,0.05454545454545454,Significant
Ebf3,-10.081416,-1.3189288,6.67568535780913e-24,2.879698484537952e-22,0.10118577075098814,Significant
Mgat4b,-10.0855465,-2.1220224,6.4007941241487114e-24,2.7653081807522894e-22,0.04189723320158103,Significant
Ide,-10.089179,-1.201376,6.168317923284715e-24,2.6668959063762716e-22,0.12490118577075099,Significant
Drg1,-10.102216,-1.2257895,5.4007855147699055e-24,2.3403814916020793e-22,0.11541501976284585,Significant
Pigl,-10.109783,-2.322349,4.999460047710737e-24,2.173085912799214e-22,0.03557312252964427,Significant
Lman2l,-10.118959,-1.7527969,4.552313342919173e-24,1.9802389156543976e-22,0.05849802371541502,Significant
Zfyve26,-10.124361,-1.9653785,4.3078447991803145e-24,1.876763509641364e-22,0.05059288537549407,Significant
Pitpnm2,-10.136261,-1.5122478,3.814217788210398e-24,1.6642557477278793e-22,0.07509881422924901,Significant
Tug1,-10.13879,-1.7667271,3.716750655264402e-24,1.6242171838941696e-22,0.05928853754940711,Significant
Agl,-10.1446085,-1.3441947,3.501791277459848e-24,1.5314554311047712e-22,0.09011857707509881,Significant
Setd7,-10.147353,-1.0246229,3.404720289991782e-24,1.4901474099340666e-22,0.15889328063241107,Significant
Washc2,-10.157914,-1.4815124,3.0554219549114195e-24,1.3393285722448894e-22,0.08458498023715415,Significant
Snhg5,-10.166309,-3.167681,2.803291771329243e-24,1.2297552908417443e-22,0.018972332015810278,Significant
Idh3a,-10.169781,-2.693254,2.705171370733653e-24,1.187626546036584e-22,0.026877470355731226,Significant
Pdgfc,-10.171873,-1.0087645,2.6476842026788222e-24,1.1632853872278922e-22,0.1565217391304348,Significant
Rab11b,-10.185609,-1.3913025,2.2991568816060777e-24,1.0117178670442942e-22,0.091699604743083,Significant
Bltp2,-10.189437,-1.4454173,2.210414241276321e-24,9.741733538120355e-23,0.08695652173913043,Significant
Tlcd1,-10.193931,-3.7135315,2.110553423748894e-24,9.330514169385542e-23,0.012648221343873518,Significant
Pdhx,-10.197334,-1.8208961,2.037897311181421e-24,9.016310085157832e-23,0.05928853754940711,Significant
Smarcb1,-10.199412,-1.5058215,1.994752641065931e-24,8.832286946729019e-23,0.0782608695652174,Significant
Nupr1,-10.203079,-2.8894713,1.9208502746300883e-24,8.511683695541778e-23,0.021343873517786563,Significant
Pgrmc2,-10.212281,-2.3852348,1.7470837997161075e-24,7.759804886086965e-23,0.03715415019762846,Significant
Brd8,-10.218665,-1.1993318,1.6357817602627243e-24,7.27112015699608e-23,0.11462450592885376,Significant
Scaf1,-10.219741,-1.7602605,1.6177211953634295e-24,7.196458014467893e-23,0.057707509881422925,Significant
Nmt1,-10.221033,-1.5119829,1.5963091198453172e-24,7.106758216818781e-23,0.0766798418972332,Significant
Ccdc47,-10.2231455,-2.0451236,1.5618949238465374e-24,6.958987391138161e-23,0.0466403162055336,Significant
Anxa6,-10.231661,-1.0383424,1.4304417328681848e-24,6.378291520066352e-23,0.1541501976284585,Significant
Vcp,-10.232603,-1.0967951,1.4165958233747276e-24,6.321503352568994e-23,0.1383399209486166,Significant
Rnf2,-10.237621,-1.7445897,1.3450254107329383e-24,6.006830738238764e-23,0.06482213438735178,Significant
Cul5,-10.237884,-1.0782516,1.3413839607460789e-24,5.995270338213696e-23,0.14150197628458497,Significant
Lysmd4,-10.24566,-3.170405,1.237772703150668e-24,5.540881720919982e-23,0.01818181818181818,Significant
Nbr1,-10.265047,-1.3001863,1.0127183201718846e-24,4.547728223099943e-23,0.10118577075098814,Significant
Rab3gap2,-10.266768,-1.025168,9.948081959851133e-25,4.4708266367473035e-23,0.14940711462450593,Significant
Dhx9,-10.270515,-1.1132836,9.569167081604404e-25,4.303933197422088e-23,0.13043478260869565,Significant
Psmd4,-10.276328,-1.6956161,9.009515035577354e-25,4.055421309413519e-23,0.06482213438735178,Significant
Ncoa4,-10.30861,-1.8672388,6.442627742978415e-25,2.9045895986772283e-23,0.0616600790513834,Significant
Calr,-10.318391,-2.5192585,5.819008801804142e-25,2.6296839697105526e-23,0.03636363636363636,Significant
Lactb2,-10.321041,-1.5276934,5.660580313016809e-25,2.56011996507935e-23,0.08063241106719368,Significant
Plbd1,-10.322084,-3.2166176,5.599432502659519e-25,2.534477632225244e-23,0.017391304347826087,Significant
Gsr,-10.331306,-1.27375,5.086294703554569e-25,2.3058814228909294e-23,0.11146245059288537,Significant
Sgta,-10.336419,-2.6486318,4.822211088857182e-25,2.1879005706025243e-23,0.025296442687747035,Significant
Pex5,-10.364955,-1.9447324,3.579286148970931e-25,1.6291617314832438e-23,0.05375494071146245,Significant
Pdpr,-10.371688,-1.54783,3.3357889920642277e-25,1.5244234429946165e-23,0.07588932806324111,Significant
Gm19710,-10.375186,-4.5987372,3.2158507286987076e-25,1.4719755333025168e-23,0.0071146245059288534,Significant
Gm43323,-10.382142,-3.435761,2.98991158171953e-25,1.3707613154161976e-23,0.015019762845849802,Significant
Irs3,-10.388996,-4.7855783,2.7826551750960876e-25,1.2767700912582298e-23,0.005533596837944664,Significant
Slc25a17,-10.400446,-1.4676175,2.467764810381349e-25,1.1332015811929388e-23,0.08932806324110672,Significant
Rbm15,-10.402006,-2.1056752,2.4276722381009287e-25,1.1156907579475785e-23,0.0466403162055336,Significant
Ttc13,-10.407832,-1.8400375,2.283636674960912e-25,1.0503437472451477e-23,0.05928853754940711,Significant
Echs1,-10.419852,-2.2988186,2.0126474953807922e-25,9.264523931647347e-24,0.039525691699604744,Significant
Usp19,-10.433556,-2.1155415,1.742439783305822e-25,8.033705562851563e-24,0.045059288537549404,Significant
Uba3,-10.435298,-1.9121095,1.710768606635042e-25,7.894074167780059e-24,0.052964426877470355,Significant
Rhou,-10.43562,-1.8246803,1.7049620257744962e-25,7.873661209215377e-24,0.07114624505928854,Significant
Kansl3,-10.442011,-1.3222088,1.5939762976847882e-25,7.373079152434568e-24,0.10276679841897234,Significant
Naa20,-10.44413,-1.3898555,1.5587805556304136e-25,7.216140131557023e-24,0.09249011857707509,Significant
Cdadc1,-10.44606,-1.8598323,1.5273844407069446e-25,7.076549832245251e-24,0.05375494071146245,Significant
Cry2,-10.446196,-1.4400972,1.5252200657655766e-25,7.072276528074731e-24,0.08300395256916997,Significant
Nlrc5,-10.451798,-2.0136106,1.4377234433495435e-25,6.671997602914944e-24,0.0458498023715415,Significant
Nr1d2,-10.452088,-1.2642906,1.4333443815658463e-25,6.657101340190934e-24,0.11383399209486166,Significant
Dnajb4,-10.454321,-1.8923023,1.3999760352947677e-25,6.50743146332403e-24,0.05691699604743083,Significant
Clta,-10.495442,-1.9718254,9.065179003377294e-26,4.2309865379615286e-24,0.05533596837944664,Significant
Hlcs,-10.503185,-1.1720263,8.35135236023129e-26,3.901020137357915e-24,0.12648221343873517,Significant
Gm26671,-10.505042,-3.128936,8.188638519182957e-26,3.828154892617379e-24,0.018972332015810278,Significant
Cish,-10.514762,-3.920087,7.386683650286136e-26,3.4560817890792344e-24,0.014229249011857707,Significant
Gm47167,-10.515764,-4.779733,7.308555820212129e-26,3.4223394486735105e-24,0.0071146245059288534,Significant
Zfp438,-10.536207,-1.3422327,5.88233802704622e-26,2.7613042835782263e-24,0.1075098814229249,Significant
Tmem59,-10.543163,-1.589824,5.462988052243118e-26,2.566567678900787e-24,0.08142292490118577,Significant
Rps6ka5,-10.551451,-1.1403277,5.0018739207769033e-26,2.3538157266360136e-24,0.14466403162055336,Significant
Stau2,-10.553381,-1.0351086,4.9001222408799275e-26,2.3078400373692637e-24,0.16600790513833993,Significant
Ccdc69,-10.554108,-2.5587301,4.8623660584940557e-26,2.2919535243105136e-24,0.034782608695652174,Significant
Hadh,-10.554189,-1.9402351,4.8581887691770637e-26,2.29188174569769e-24,0.057707509881422925,Significant
Afg1l,-10.569263,-1.1048402,4.1373081334493103e-26,1.955041181964624e-24,0.15573122529644268,Significant
Cox5a,-10.571557,-3.3112855,4.037335526207183e-26,1.9093847358618207e-24,0.018972332015810278,Significant
Eif4h,-10.579717,-1.6854305,3.700738691716794e-26,1.7516522181633083e-24,0.07035573122529644,Significant
Elovl5,-10.583868,-1.7287828,3.5403561088969916e-26,1.677133254548283e-24,0.0782608695652174,Significant
Ric1,-10.604802,-1.0481272,2.830639171552731e-26,1.3431618755615338e-24,0.1549407114624506,Significant
Hspa12a,-10.605662,-1.5562626,2.8046848805626965e-26,1.333068128415029e-24,0.08221343873517786,Significant
Gnptab,-10.609423,-1.3642569,2.694074892181474e-26,1.2815648992122416e-24,0.10355731225296443,Significant
Kcnb1,-10.609524,-2.166418,2.6911671860237514e-26,1.2812520964830972e-24,0.04426877470355731,Significant
Ldb3,-10.612248,-3.5861776,2.6138243922840095e-26,1.2454709181677304e-24,0.013438735177865613,Significant
Ndufb9,-10.618652,-4.4457955,2.4405907583556286e-26,1.1639001538653924e-24,0.0071146245059288534,Significant
Mfn2,-10.622662,-1.85069,2.3379826695575752e-26,1.1168378455308547e-24,0.06403162055335969,Significant
Adra1a,-10.629449,-3.7278214,2.1739307899540976e-26,1.039343351056056e-24,0.011857707509881422,Significant
Mgrn1,-10.629563,-1.6045637,2.171266890636592e-26,1.0389420841994806e-24,0.08379446640316206,Significant
Rnf8,-10.633626,-2.6550627,2.0786913656103338e-26,9.954816236267285e-25,0.028458498023715414,Significant
Arhgef1,-10.634137,-1.314749,2.0673235118458755e-26,9.908709435018182e-25,0.10434782608695652,Significant
Yaf2,-10.634716,-1.33979,2.0545342038267892e-26,9.855706158391003e-25,0.1075098814229249,Significant
Ehd2,-10.640549,-1.1143928,1.9299020952790628e-26,9.289142452010576e-25,0.13359683794466404,Significant
Mdh2,-10.64601,-3.176377,1.819985786621818e-26,8.767496673099233e-25,0.020553359683794466,Significant
Sctr,-10.648755,-2.2592266,1.7671229954430244e-26,8.52726699012892e-25,0.042687747035573126,Significant
3830406C13Rik,-10.651143,-2.7007637,1.7223675096693836e-26,8.324362280088159e-25,0.0308300395256917,Significant
Hadhb,-10.65263,-1.6525362,1.6950751145540852e-26,8.200447926748018e-25,0.07272727272727272,Significant
Pts,-10.66753,-2.2646773,1.444144549272326e-26,7.004347085188714e-25,0.04189723320158103,Significant
Zcchc14,-10.672912,-1.2058158,1.3628790295329344e-26,6.615830760497426e-25,0.12490118577075099,Significant
2810013P06Rik,-10.678199,-3.4750664,1.2874547967458808e-26,6.26037263719105e-25,0.015019762845849802,Significant
Uqcrc2,-10.693207,-1.8227762,1.095179993180667e-26,5.33452899843459e-25,0.062450592885375494,Significant
Met,-10.697397,-1.3666717,1.0467719014211628e-26,5.103102640310139e-25,0.09802371541501977,Significant
Rpl6,-10.717269,-3.3050768,8.446089456932448e-27,4.1210692353658136e-25,0.018972332015810278,Significant
Cox6c,-10.719159,-3.0192235,8.27525698408104e-27,4.0411784556651674e-25,0.02292490118577075,Significant
Sod1,-10.734839,-2.4404616,6.984051867915523e-27,3.42236572642838e-25,0.03715415019762846,Significant
Trrap,-10.738922,-1.3933023,6.681979189555047e-27,3.277162592872127e-25,0.10118577075098814,Significant
Pdha1,-10.749639,-2.1993954,5.949448282961041e-27,2.9229295485770895e-25,0.04426877470355731,Significant
Rars2,-10.775308,-1.2445278,4.5027231851661476e-27,2.2179027758351695e-25,0.11541501976284585,Significant
Hbp1,-10.776142,-1.3064643,4.46209255646752e-27,2.199792313920494e-25,0.10434782608695652,Significant
Retnla,-10.782674,-2.320039,4.156248587980478e-27,2.0525667896634554e-25,0.03873517786561265,Significant
Arap2,-10.785667,-1.5669252,4.023120541391734e-27,1.9885460655155099e-25,0.08300395256916997,Significant
Cdc42ep1,-10.788963,-2.7251956,3.881417658150103e-27,1.9201720492851868e-25,0.02608695652173913,Significant
Rif1,-10.7905245,-1.0998392,3.8160632408527e-27,1.8894822347599442e-25,0.1422924901185771,Significant
Klhl5,-10.793794,-1.1978317,3.682673348279671e-27,1.8250226555647755e-25,0.12648221343873517,Significant
Dhrs7b,-10.801334,-2.287708,3.3923719202638965e-27,1.6826223825065031e-25,0.04189723320158103,Significant
Sucla2,-10.814156,-1.605749,2.9499600266661537e-27,1.4657388645584422e-25,0.0782608695652174,Significant
Cipc,-10.822275,-1.9062617,2.699904783834671e-27,1.3438398452476398e-25,0.05849802371541502,Significant
Zfp445,-10.826284,-1.043798,2.584301398007889e-27,1.2874252485036501e-25,0.16284584980237155,Significant
Gm44005,-10.845059,-3.0690308,2.104996817471333e-27,1.0495676338321818e-25,0.021343873517786563,Significant
Cfl2,-10.845282,-1.7607948,2.099892874190626e-27,1.0479404044635272e-25,0.06561264822134387,Significant
Galnt2,-10.85262,-1.1206942,1.9378906470301028e-27,9.679423801100095e-26,0.1383399209486166,Significant
Gm30173,-10.87081,-1.842644,1.5878541758821728e-27,7.944991619411845e-26,0.062450592885375494,Significant
Dhx32,-10.876245,-1.4652219,1.4959936512819361e-27,7.491941468570336e-26,0.09723320158102766,Significant
Iah1,-10.87687,-3.6014757,1.4857648230910226e-27,7.447265386586788e-26,0.015810276679841896,Significant
Gm32718,-10.880698,-3.1074252,1.4246752943589907e-27,7.153653962618632e-26,0.022134387351778657,Significant
Vdac1,-10.906106,-1.6091292,1.077750225087402e-27,5.421216922853512e-26,0.0774703557312253,Significant
Pex1,-10.906657,-1.7843703,1.0712326265677863e-27,5.393196904455908e-26,0.06640316205533597,Significant
1600014C10Rik,-10.907102,-3.70779,1.0660151610857821e-27,5.371678697998718e-26,0.014229249011857707,Significant
Creb1,-10.908931,-1.020635,1.0447775335187581e-27,5.269324848192348e-26,0.17470355731225296,Significant
Dlst,-10.909845,-1.3757122,1.0343166269558924e-27,5.221189987189315e-26,0.1067193675889328,Significant
Sacm1l,-10.925157,-1.002331,8.738993604396685e-28,4.419245424759784e-26,0.1707509881422925,Significant
Gdi2,-10.930154,-1.1165792,8.270771200522723e-28,4.186186514924128e-26,0.1541501976284585,Significant
H3f3b,-10.933652,-1.8333251,7.957965158661983e-28,4.0314456770406755e-26,0.06640316205533597,Significant
Inca1,-10.939848,-2.3152707,7.432466211364877e-28,3.7685846708933885e-26,0.037944664031620556,Significant
Kdsr,-10.977296,-2.2768834,4.914117593302341e-28,2.4983461596448981e-26,0.042687747035573126,Significant
Gm12811,-10.982705,-2.2207372,4.628547340714155e-28,2.361596004727641e-26,0.04189723320158103,Significant
Raver2,-10.984265,-1.9057083,4.549248269497033e-28,2.3253029238189456e-26,0.06007905138339921,Significant
Gss,-10.992876,-3.5402794,4.135361504683765e-28,2.1175505345161712e-26,0.017391304347826087,Significant
Epm2aip1,-10.996791,-2.3589315,3.959742638847279e-28,2.0312766270144408e-26,0.039525691699604744,Significant
Ptch1,-11.000497,-1.6112525,3.80030283928999e-28,1.95124476079361e-26,0.08300395256916997,Significant
Tor1aip2,-11.000511,-1.5374944,3.799735869305763e-28,1.95124476079361e-26,0.08932806324110672,Significant
Lnx2,-11.005186,-1.1797612,3.60770931944401e-28,1.8573831497148407e-26,0.14150197628458497,Significant
Stx6,-11.005442,-1.3807222,3.597492151477652e-28,1.8537991004279545e-26,0.10592885375494071,Significant
Nampt,-11.007177,-1.0395557,3.528877886414558e-28,1.820089091760248e-26,0.1691699604743083,Significant
Brpf3,-11.0189085,-1.6234127,3.0979170541411835e-28,1.599261060560772e-26,0.07905138339920949,Significant
Elavl1,-11.042991,-1.1315114,2.3700977057789955e-28,1.2246436793535552e-26,0.14071146245059288,Significant
Zfp160,-11.05263,-1.2378918,2.128836530267444e-28,1.1009816609442191e-26,0.12490118577075099,Significant
Slc9a6,-11.057965,-2.1916246,2.0059686451392714e-28,1.0383805511170477e-26,0.04743083003952569,Significant
Mettl16,-11.075556,-1.327017,1.6485386739693425e-28,8.549129383833183e-27,0.11067193675889328,Significant
Hsp90ab1,-11.103338,-1.9501263,1.2084465510340526e-28,6.3012962511382776e-27,0.06324110671936758,Significant
Ube2q2,-11.106526,-1.156792,1.1660762454427245e-28,6.1027157621097586e-27,0.14308300395256918,Significant
Cox6a1,-11.110973,-3.3579893,1.1094403567886306e-28,5.8170021506354896e-27,0.016600790513833993,Significant
Exoc3,-11.11404,-1.5928888,1.0719686274551534e-28,5.6257111166750134e-27,0.08063241106719368,Significant
Gm37310,-11.121622,-2.9952095,9.846579108753701e-29,5.1722699357153556e-27,0.02450592885375494,Significant
Ogdh,-11.130763,-1.0175325,8.887105088423151e-29,4.6725821868873745e-27,0.18102766798418973,Significant
Fam168b,-11.130925,-1.4783267,8.871022433519106e-29,4.6684370460906785e-27,0.09565217391304348,Significant
Trp53inp2,-11.132075,-2.385331,8.757266285194833e-29,4.612835333443839e-27,0.03873517786561265,Significant
Snhg3,-11.139684,-3.4361327,8.040475349215613e-29,4.2391917301822805e-27,0.016600790513833993,Significant
Gm46218,-11.148791,-1.655153,7.258546310242378e-29,3.83048086609371e-27,0.07430830039525692,Significant
Cav2,-11.149619,-2.5347414,7.191369179749256e-29,3.798550579444363e-27,0.03399209486166008,Significant
Hspa5,-11.149875,-1.199932,7.170740261472963e-29,3.7911710420476505e-27,0.1533596837944664,Significant
Cnksr3,-11.1544895,-1.4858115,6.808270734369832e-29,3.609587931897138e-27,0.09486166007905138,Significant
Gm48321,-11.1568365,-4.6923437,6.630903037840345e-29,3.5188280510500195e-27,0.007905138339920948,Significant
Aldh1l1,-11.164667,-2.6491838,6.07183282893579e-29,3.2251514282876195e-27,0.03162055335968379,Significant
Gsdme,-11.166207,-3.2098598,5.967480406093712e-29,3.172682556520841e-27,0.025296442687747035,Significant
Cdkn2c,-11.187714,-2.8092985,4.6835680247187564e-29,2.497069727486055e-27,0.028458498023715414,Significant
Srsf6,-11.190269,-1.0454859,4.5504848333750127e-29,2.4306675131070037e-27,0.17549407114624507,Significant
Lmo4,-11.19366,-1.5576952,4.37974641301208e-29,2.3416632911109938e-27,0.08379446640316206,Significant
Ubxn4,-11.20005,-1.0280876,4.0750168072654495e-29,2.1807850753994543e-27,0.18102766798418973,Significant
2610020C07Rik,-11.200595,-2.5184712,4.050029487775698e-29,2.1694518256202824e-27,0.03636363636363636,Significant
Qsox1,-11.204551,-2.0788674,3.87314073462393e-29,2.076652604239371e-27,0.052964426877470355,Significant
Trmt9b,-11.215078,-3.0478637,3.4388214055176175e-29,1.845522428384342e-27,0.023715415019762844,Significant
P2ry14,-11.220002,-3.3130345,3.252618863539729e-29,1.7472393463095822e-27,0.017391304347826087,Significant
Cmc1,-11.220057,-1.3634963,3.250640149861742e-29,1.7472393463095822e-27,0.11383399209486166,Significant
Ssbp1,-11.221314,-1.9579834,3.2047264676595953e-29,1.7247668222590268e-27,0.05928853754940711,Significant
Immp1l,-11.22541,-1.3012666,3.0596142691219003e-29,1.6482260747215716e-27,0.11620553359683794,Significant
Bche,-11.238979,-2.3338664,2.623998872008449e-29,1.417581781508853e-27,0.043478260869565216,Significant
Pdhb,-11.24315,-2.975361,2.5029031283507802e-29,1.3534454608871964e-27,0.02450592885375494,Significant
Rnf10,-11.253872,-1.6067127,2.2164318814203883e-29,1.200816819790279e-27,0.08300395256916997,Significant
Dctn4,-11.2647295,-1.4132872,1.959529871350499e-29,1.0636567245430769e-27,0.10276679841897234,Significant
Rasgrf2,-11.2702055,-1.645507,1.841405013184941e-29,1.0014464456137892e-27,0.0766798418972332,Significant
Fbxo22,-11.273515,-2.5744448,1.773462839806596e-29,9.654182367249272e-28,0.03320158102766799,Significant
Gm15952,-11.282132,-3.4013793,1.6080124844922066e-29,8.76189845736562e-28,0.016600790513833993,Significant
Ctsd,-11.289067,-2.8726687,1.48605256513614e-29,8.105107194580166e-28,0.02924901185770751,Significant
Baz2a,-11.293379,-1.0558326,1.414901890721519e-29,7.72444185614324e-28,0.17233201581027668,Significant
Rsbn1,-11.294523,-1.0002565,1.3966060398312243e-29,7.631875673131454e-28,0.18893280632411066,Significant
Dguok,-11.294583,-2.137925,1.3956440065232126e-29,7.631875673131454e-28,0.05138339920948617,Significant
Kif1c,-11.299932,-1.5390925,1.3132085431651152e-29,7.189943043881233e-28,0.091699604743083,Significant
Nos3,-11.301741,-6.378153,1.2864242551590265e-29,7.050075410299338e-28,0.0023715415019762848,Significant
4930438E09Rik,-11.308662,-3.7168405,1.188877040266731e-29,6.528047015412529e-28,0.015810276679841896,Significant
Gm20732,-11.323435,-1.0338625,1.0045704075211947e-29,5.526690200450662e-28,0.18181818181818182,Significant
Rsbn1l,-11.326616,-1.0576637,9.687478650340171e-30,5.334765201441197e-28,0.1826086956521739,Significant
Cdc37l1,-11.330142,-1.0433035,9.305414482986369e-30,5.129328229193871e-28,0.18102766798418973,Significant
Akap8,-11.33027,-1.5873176,9.291845605021926e-30,5.126811827476293e-28,0.08695652173913043,Significant
Fgf14,-11.336088,-2.8994813,8.694463667243338e-30,4.801856990072773e-28,0.03636363636363636,Significant
Alas1,-11.336848,-1.5959848,8.619293610766946e-30,4.764963082433794e-28,0.091699604743083,Significant
Uqcc1,-11.339176,-1.4703981,8.393114552076682e-30,4.6444347493663595e-28,0.09960474308300395,Significant
Sos1,-11.347631,-1.088715,7.61988312473213e-30,4.220659192659262e-28,0.15968379446640316,Significant
Ddhd1,-11.357493,-1.1683384,6.806994904126185e-30,3.7740710500082676e-28,0.14861660079051384,Significant
Mapk1ip1,-11.380862,-2.6072009,5.2082154624544594e-30,2.8932780160743353e-28,0.03557312252964427,Significant
Mcur1,-11.398763,-2.1038654,4.241040296730019e-30,2.3629068056370256e-28,0.04901185770750988,Significant
Ldha,-11.417503,-3.3355691,3.419140183192245e-30,1.9068487871807017e-28,0.017391304347826087,Significant
H1f2,-11.423013,-3.591449,3.2091174691104435e-30,1.7914740961629193e-28,0.015019762845849802,Significant
Plekhm1,-11.425152,-2.2168095,3.131066431361785e-30,1.7496177985100235e-28,0.0458498023715415,Significant
Kansl2,-11.447949,-1.4847567,2.4077334497998623e-30,1.3480703084076102e-28,0.09486166007905138,Significant
Cab39l,-11.452362,-1.2192904,2.288229609797671e-30,1.2836855390294501e-28,0.13122529644268774,Significant
Rmnd5a,-11.454811,-1.0477166,2.2244788903343584e-30,1.24915239146478e-28,0.17312252964426877,Significant
Zmynd8,-11.455087,-1.0526944,2.217409575106215e-30,1.2464118323407993e-28,0.1826086956521739,Significant
Oaz1,-11.455356,-2.3091629,2.2105341726836385e-30,1.2437749637033503e-28,0.042687747035573126,Significant
Ermp1,-11.46817,-1.7116854,1.9064698614489e-30,1.0748148552550676e-28,0.07430830039525692,Significant
9330159F19Rik,-11.46885,-2.873784,1.8915621737057435e-30,1.0674672124180252e-28,0.02608695652173913,Significant
Hspa4,-11.4958515,-1.1860381,1.3840896043222405e-30,7.841934941264945e-29,0.14782608695652175,Significant
Rmdn1,-11.496067,-1.4857365,1.3806432614989012e-30,7.830199995319616e-29,0.09644268774703557,Significant
Gpat4,-11.497937,-1.4933954,1.3510593499453254e-30,7.670056873901972e-29,0.09486166007905138,Significant
Carmn,-11.5026865,-1.9189206,1.2787269062127636e-30,7.266665545574948e-29,0.06798418972332015,Significant
Adamts9,-11.509891,-1.2707719,1.176272996802903e-30,6.69781607109541e-29,0.1359683794466403,Significant
Gm43915,-11.535493,-5.214565,8.738480760466457e-31,4.9907505815618913e-29,0.005533596837944664,Significant
Bckdha,-11.546115,-2.0322251,7.7233309066208185e-31,4.4198410568230753e-29,0.05612648221343874,Significant
Pigk,-11.554955,-1.5319864,6.968464381746657e-31,3.991864490553686e-29,0.1075098814229249,Significant
Ackr4,-11.559401,-4.0575986,6.616900368797806e-31,3.794289263844068e-29,0.011857707509881422,Significant
Slc3a2,-11.570494,-2.261307,5.814739409139511e-31,3.337672144111017e-29,0.04743083003952569,Significant
Flacc1,-11.576467,-3.4832463,5.423565154516716e-31,3.116278743323273e-29,0.017391304347826087,Significant
Usp45,-11.582427,-1.3417492,5.059321215156944e-31,2.90992736679042e-29,0.11857707509881422,Significant
Psmd7,-11.594993,-2.6045372,4.369033892371538e-31,2.5154414445452752e-29,0.03399209486166008,Significant
Cdc27,-11.600334,-1.0373063,4.104743044541455e-31,2.3656697742837548e-29,0.20395256916996046,Significant
Pxmp4,-11.625075,-2.2630656,3.073224978315649e-31,1.776573639495141e-29,0.043478260869565216,Significant
Gm26632,-11.628122,-3.9876616,2.9654821757561063e-31,1.7160317131069965e-29,0.015019762845849802,Significant
Msra,-11.633544,-1.103852,2.7829715442536795e-31,1.6120567924857453e-29,0.183399209486166,Significant
Coq3,-11.635791,-1.9234565,2.7106497355617536e-31,1.571762796258878e-29,0.057707509881422925,Significant
Ythdc1,-11.65131,-1.1319623,2.2595803099454575e-31,1.311547017620839e-29,0.16047430830039525,Significant
Cyrib,-11.653766,-1.0101737,2.195392275847295e-31,1.2755901181532738e-29,0.2189723320158103,Significant
Plgrkt,-11.665759,-1.5861243,1.90693843661505e-31,1.1102554347576437e-29,0.08932806324110672,Significant
Tecpr1,-11.669089,-2.355273,1.8337579856081623e-31,1.068741181765756e-29,0.042687747035573126,Significant
Ubl3,-11.709787,-1.1343776,1.1356466398297014e-31,6.6322928531839e-30,0.16521739130434782,Significant
Zbed5-ps,-11.728568,-1.3284646,9.098448193124825e-32,5.319042490397543e-30,0.12094861660079051,Significant
Ppia,-11.728616,-2.2614148,9.09338870874976e-32,5.319042490397543e-30,0.04743083003952569,Significant
Ldlrad3,-11.741895,-1.4852319,7.772571001072986e-32,4.553271248684124e-30,0.10513833992094862,Significant
Stx18,-11.744202,-1.101341,7.563335316777866e-32,4.4352613416338665e-30,0.1691699604743083,Significant
Zbtb5,-11.744255,-2.5764408,7.558522522402431e-32,4.4352613416338665e-30,0.03715415019762846,Significant
Psmb2,-11.7494955,-1.4299297,7.104151877829115e-32,4.174587327920202e-30,0.1075098814229249,Significant
Npc2,-11.784267,-2.223002,4.704954587985821e-32,2.776215742948193e-30,0.05375494071146245,Significant
Tbc1d20,-11.787119,-2.3080494,4.548339994212454e-32,2.686587423344931e-30,0.04426877470355731,Significant
Dusp10,-11.795615,-1.9764974,4.111844355199508e-32,2.4312827562763776e-30,0.06561264822134387,Significant
Ttc17,-11.798199,-1.1133937,3.9875733870081014e-32,2.3602538069607935e-30,0.17233201581027668,Significant
Ctsc,-11.8003645,-1.6558928,3.8862470504189197e-32,2.302672146700351e-30,0.08695652173913043,Significant
Abcd3,-11.807024,-1.1318941,3.5904568858685977e-32,2.129627141023373e-30,0.17549407114624507,Significant
Uso1,-11.828187,-1.0542036,2.7910559887049713e-32,1.6589302615120017e-30,0.19604743083003953,Significant
Firre,-11.841695,-1.2376218,2.3760345193550059e-32,1.413728125042773e-30,0.14308300395256918,Significant
Tecr,-11.845737,-2.1063802,2.2641826030107302e-32,1.3499981319165864e-30,0.05217391304347826,Significant
Mtif2,-11.865077,-1.6038593,1.79736868394919e-32,1.0727879479323985e-30,0.08774703557312254,Significant
Steap4,-11.86614,-1.2895663,1.774687001336676e-32,1.0603615167168067e-30,0.14545454545454545,Significant
Lman2,-11.876802,-1.9425042,1.56230652448318e-32,9.344463845650919e-31,0.06561264822134387,Significant
Clmp,-11.88285,-1.1281737,1.4532730503052127e-32,8.701453286795911e-31,0.18972332015810275,Significant
Nmnat3,-11.898268,-1.381746,1.2082952042074352e-32,7.242267076081639e-31,0.12015810276679842,Significant
Mir22hg,-11.9034605,-1.4446889,1.1353908862944465e-32,6.8124649585344665e-31,0.1067193675889328,Significant
Uhrf1bp1l,-11.916585,-1.1655293,9.700390721913452e-33,5.8326288077769155e-31,0.17707509881422925,Significant
Actn4,-11.924549,-1.0102135,8.815963969376103e-33,5.306446135097723e-31,0.21027667984189724,Significant
Med16,-11.96039,-4.0990667,5.729197369176536e-33,3.470491780832778e-31,0.011857707509881422,Significant
Pex3,-11.978526,-1.9392893,4.604372535627459e-33,2.7920934669985424e-31,0.06324110671936758,Significant
Ppfia1,-12.008697,-1.3002384,3.198482384253247e-33,1.9416288426627307e-31,0.12806324110671938,Significant
Dnajc3,-12.010041,-1.2470175,3.14687150313977e-33,1.9123373560328883e-31,0.14624505928853754,Significant
Btbd1,-12.01255,-1.4245466,3.052817096339952e-33,1.8571630158407395e-31,0.11462450592885376,Significant
Riok3,-12.0287285,-1.019415,2.5099556952788448e-33,1.5301861589386798e-31,0.20395256916996046,Significant
Paip2,-12.03331,-1.105423,2.3744722662198993e-33,1.4491406785726397e-31,0.1683794466403162,Significant
Psma1,-12.040992,-2.334985,2.1633866412356164e-33,1.323151436504804e-31,0.045059288537549404,Significant
Zfp740,-12.050349,-1.6455112,1.9313049395736473e-33,1.1824777910135813e-31,0.091699604743083,Significant
Cadps2,-12.061778,-1.2453928,1.6811398310040428e-33,1.0304174716598622e-31,0.16284584980237155,Significant
H6pd,-12.062633,-1.3606887,1.6637885029809156e-33,1.0208812623732362e-31,0.12015810276679842,Significant
Ypel2,-12.074209,-1.6174546,1.4454705895947719e-33,8.878806994834509e-32,0.09644268774703557,Significant
Tdrp,-12.077498,-3.3037462,1.388804444242018e-33,8.53994750103507e-32,0.02292490118577075,Significant
Psmd1,-12.08058,-1.3881242,1.3377339556095661e-33,8.234800990958303e-32,0.12490118577075099,Significant
Ddi2,-12.089768,-1.2187057,1.1962325206587638e-33,7.371718177362627e-32,0.1565217391304348,Significant
Sf1,-12.107702,-1.1050732,9.614978943202895e-34,5.931598223238527e-32,0.17470355731225296,Significant
Ptpn11,-12.115243,-1.5924242,8.770353469535966e-34,5.41640669098533e-32,0.09565217391304348,Significant
Fbxw2,-12.1233425,-1.9135445,7.94514778892255e-34,4.912102717144831e-32,0.07272727272727272,Significant
Ikzf2,-12.140745,-1.1473149,6.423855608425683e-34,3.975877849993117e-32,0.1857707509881423,Significant
Smim36,-12.147108,-4.2881794,5.943046309934106e-34,3.6822959731660277e-32,0.010276679841897233,Significant
Clec16a,-12.15841,-1.3652725,5.175643739323054e-34,3.210308607416057e-32,0.12806324110671938,Significant
Sf3b3,-12.164175,-1.3852078,4.822954711111054e-34,2.994807679447923e-32,0.11936758893280633,Significant
Esyt1,-12.173289,-2.1673324,4.313416772671057e-34,2.6842651852750017e-32,0.05138339920948617,Significant
Nfx1,-12.174783,-1.2632002,4.235193226750194e-34,2.6384697759779296e-32,0.14703557312252966,Significant
H3f3a,-12.176626,-1.4463137,4.140587534535213e-34,2.5823570077105096e-32,0.11462450592885376,Significant
Usp40,-12.206527,-1.3281771,2.8687505694848434e-34,1.7970244903964408e-32,0.12727272727272726,Significant
Trim35,-12.215871,-1.6044818,2.5574847342023505e-34,1.6038076899803528e-32,0.10513833992094862,Significant
Ube2b,-12.224172,-1.0381911,2.3092334756368907e-34,1.4497250643466394e-32,0.2339920948616601,Significant
Cmklr1,-12.232547,-1.569778,2.0830380821732726e-34,1.3091641438965598e-32,0.09249011857707509,Significant
Phkg1,-12.250091,-2.656698,1.67808716021674e-34,1.0581612512724407e-32,0.03715415019762846,Significant
Ube4a,-12.255109,-1.4869753,1.5773773620820643e-34,9.957588068105855e-33,0.1075098814229249,Significant
Hnrnph3,-12.277429,-1.1510321,1.1974408016938407e-34,7.567533483823416e-33,0.17707509881422925,Significant
Pak2,-12.30106,-1.0779253,8.939319907689823e-35,5.6557090540418474e-33,0.2134387351778656,Significant
Wls,-12.303213,-1.0269208,8.704195507808471e-35,5.513076712014707e-33,0.24347826086956523,Significant
Tor1aip1,-12.304969,-1.1643908,8.51697966733318e-35,5.400504891287512e-33,0.18102766798418973,Significant
Osbpl1a,-12.309536,-1.018708,8.048464574150167e-35,5.109115064845983e-33,0.258498023715415,Significant
Aspa,-12.313087,-1.3022757,7.701916993728935e-35,4.8945854412937414e-33,0.14308300395256918,Significant
Hspa9,-12.323817,-1.9975085,6.742562023060306e-35,4.289700828548345e-33,0.062450592885375494,Significant
Cep70,-12.327228,-2.1500301,6.463236626607974e-35,4.116590120309672e-33,0.05533596837944664,Significant
Prkdc,-12.345316,-1.3719662,5.163097739662415e-35,3.292183072722481e-33,0.12569169960474308,Significant
Fam241a,-12.348236,-2.9368653,4.979140373816679e-35,3.1784443052185596e-33,0.028458498023715414,Significant
Eif5,-12.353147,-1.6151297,4.6842933627625893e-35,2.993584156779625e-33,0.10118577075098814,Significant
Ddx24,-12.354754,-2.2599201,4.5915829017363495e-35,2.9376328315479716e-33,0.05138339920948617,Significant
Tspan14,-12.359013,-1.5422579,4.354751388147001e-35,2.789245205764661e-33,0.09960474308300395,Significant
4930556N13Rik,-12.364844,-7.2826066,4.0499492459940257e-35,2.599866516529265e-33,0.0015810276679841897,Significant
Dpm1,-12.374161,-2.658078,3.606426076233347e-35,2.31775967502035e-33,0.03320158102766799,Significant
Chst11,-12.388563,-2.6799698,3.013942781670098e-35,1.943566431835527e-33,0.03715415019762846,Significant
Acly,-12.393017,-1.8622807,2.851130568092386e-35,1.840660155076514e-33,0.08142292490118577,Significant
Baz1a,-12.402932,-1.5686283,2.5193342402662915e-35,1.628302054199806e-33,0.09802371541501977,Significant
Brd1,-12.410277,-1.2375908,2.2985399263373523e-35,1.487285931199718e-33,0.14703557312252966,Significant
Tet2,-12.429483,-1.1826929,1.807998020388582e-35,1.1725423152499572e-33,0.17944664031620552,Significant
Tspo,-12.436123,-3.556341,1.6638696933401598e-35,1.0803010742130222e-33,0.017391304347826087,Significant
Ehhadh,-12.440663,-2.3988407,1.571934751053571e-35,1.0217755326454497e-33,0.04980237154150197,Significant
Whamm,-12.441666,-2.602212,1.552331162825368e-35,1.010186157056449e-33,0.03715415019762846,Significant
Bcap31,-12.446616,-1.4905591,1.4590041355900923e-35,9.516283446120898e-34,0.11146245059288537,Significant
Fbxo21,-12.450215,-2.4180458,1.39468447935847e-35,9.107193685682413e-34,0.0458498023715415,Significant
Nudt13,-12.451581,-1.9746082,1.3710234209352262e-35,8.962967234382631e-34,0.06798418972332015,Significant
Chchd2,-12.454285,-2.8785076,1.3253382623347414e-35,8.674262758115232e-34,0.03241106719367589,Significant
Fxr1,-12.455119,-1.1514958,1.3115539996928215e-35,8.593923624454423e-34,0.17786561264822134,Significant
Atp6v1b2,-12.458677,-1.6557717,1.2543310938945994e-35,8.22844087758668e-34,0.08853754940711463,Significant
Per3,-12.464759,-1.9424999,1.1622287831397822e-35,7.63304142338666e-34,0.06798418972332015,Significant
Ccnd2,-12.466689,-1.7615818,1.1344183510676427e-35,7.458997151055732e-34,0.08063241106719368,Significant
Mthfr,-12.470416,-2.035472,1.0825922533405084e-35,7.1264607511516635e-34,0.06482213438735178,Significant
Xpnpep3,-12.475132,-1.604809,1.020373859123499e-35,6.724665267633236e-34,0.09486166007905138,Significant
Irak2,-12.476201,-1.5615892,1.0067635338230652e-35,6.642656127395035e-34,0.11225296442687747,Significant
Ubqln1,-12.482794,-1.6027017,9.267697636068507e-36,6.121948620596019e-34,0.10118577075098814,Significant
Rcbtb2,-12.491572,-1.5420581,8.299712687929878e-36,5.488895936857319e-34,0.10197628458498023,Significant
Rexo5,-12.504259,-2.3284638,7.075644090920385e-36,4.69027066567052e-34,0.048221343873517786,Significant
Gm49599,-12.504327,-1.3203424,7.069657357647641e-36,4.69027066567052e-34,0.1367588932806324,Significant
Ric8b,-12.521796,-1.3162602,5.673654612293209e-36,3.7785212547203227e-34,0.15177865612648223,Significant
Acvr1,-12.532512,-1.1280082,4.956741219220775e-36,3.3049391307218985e-34,0.2308300395256917,Significant
Laptm4a,-12.532996,-1.2949381,4.926556584227251e-36,3.2886642258204443e-34,0.16679841897233202,Significant
Polr2a,-12.537705,-1.5743673,4.642451464628204e-36,3.102650573326227e-34,0.10118577075098814,Significant
Gm42836,-12.538506,-5.4328585,4.5957995965771154e-36,3.075081372840159e-34,0.005533596837944664,Significant
Paxbp1,-12.539071,-1.2729366,4.5631496507587384e-36,3.0568271089865097e-34,0.14861660079051384,Significant
Dop1a,-12.549888,-1.1191761,3.98074866444654e-36,2.6698210801207353e-34,0.1976284584980237,Significant
Shld2,-12.5505,-1.5375366,3.950093201437156e-36,2.652385105931994e-34,0.10118577075098814,Significant
Gfod2,-12.551657,-1.9347919,3.892790370293691e-36,2.6169938190660335e-34,0.06956521739130435,Significant
H2-D1,-12.553668,-1.9694549,3.795136201741921e-36,2.5543599345553986e-34,0.06719367588932806,Significant
Clmn,-12.554327,-1.4900646,3.763661931409898e-36,2.5361736572356335e-34,0.108300395256917,Significant
Akap8l,-12.554859,-1.1258385,3.738478763365173e-36,2.522188616881236e-34,0.18498023715415018,Significant
Safb2,-12.569247,-1.6911271,3.116761390822404e-36,2.1052373707570406e-34,0.09486166007905138,Significant
Tmsb4x,-12.577656,-1.5770113,2.8022107714939624e-36,1.8950199945325144e-34,0.11462450592885376,Significant
Mafg,-12.585163,-1.3421533,2.5481511700621467e-36,1.7252589271641936e-34,0.14308300395256918,Significant
Mmp28,-12.607033,-2.4557154,1.931289072148495e-36,1.3091610840143745e-34,0.043478260869565216,Significant
Eif4ebp1,-12.612979,-2.5324008,1.790931043689304e-36,1.21546370153412e-34,0.04031620553359684,Significant
Ccnt2,-12.632695,-1.0255004,1.3941911828298064e-36,9.473346078939381e-35,0.2671936758893281,Significant
Gm48678,-12.639059,-3.6202075,1.2858331179133077e-36,8.747505802521106e-35,0.018972332015810278,Significant
9330162G02Rik,-12.64181,-3.8328974,1.2416166118358663e-36,8.456805202696898e-35,0.015810276679841896,Significant
Gtf2i,-12.641857,-1.0691884,1.2408731547916706e-36,8.456805202696898e-35,0.22924901185770752,Significant
Cast,-12.647831,-1.0208567,1.150060967124418e-36,7.851992989092504e-35,0.3067193675889328,Significant
Slc25a19,-12.655803,-2.9393544,1.0390848230104627e-36,7.102824598684124e-35,0.030039525691699605,Significant
Pkp2,-12.703368,-1.8165829,5.663853918892715e-37,3.8809326834617335e-35,0.08853754940711463,Significant
Fam204a,-12.70766,-1.5068464,5.3614899133875196e-37,3.678175869375889e-35,0.11146245059288537,Significant
Efna5,-12.71058,-1.0289406,5.165030845864657e-37,3.54767215192255e-35,0.591304347826087,Significant
Klhdc7a,-12.7108555,-3.2187352,5.1468454413996945e-37,3.5394508004678744e-35,0.022134387351778657,Significant
Sorl1,-12.712975,-3.000731,5.009234687112476e-37,3.4489822529488696e-35,0.03162055335968379,Significant
Optn,-12.713061,-2.593633,5.003634772821146e-37,3.4489822529488696e-35,0.042687747035573126,Significant
Gsta3,-12.715094,-2.0163913,4.87528145991768e-37,3.3648897164748195e-35,0.06798418972332015,Significant
Tpt1,-12.717965,-1.9275709,4.699367669502033e-37,3.2474113406446024e-35,0.0782608695652174,Significant
Rasd1,-12.729294,-3.3524108,4.0650013216756906e-37,2.812457354283542e-35,0.020553359683794466,Significant
Lzts2,-12.729576,-1.8558038,4.050319235882488e-37,2.8057083650898383e-35,0.07905138339920949,Significant
Faf1,-12.732664,-1.008462,3.893260391651557e-37,2.703489511719894e-35,0.4316205533596838,Significant
Bnip3,-12.753006,-1.1457646,2.9995239924350326e-37,2.0879693845139757e-35,0.18023715415019761,Significant
Stk11,-12.771982,-2.0904317,2.3508956151075395e-37,1.638462022274644e-35,0.05612648221343874,Significant
Cables1,-12.775016,-1.5312508,2.26100434318146e-37,1.5777432390330333e-35,0.12015810276679842,Significant
Ttyh2,-12.789466,-2.2403603,1.8776049975685026e-37,1.313423908679952e-35,0.05454545454545454,Significant
Herc3,-12.812519,-2.530682,1.3953087422272625e-37,9.784516636842679e-36,0.045059288537549404,Significant
Pgd,-12.816306,-2.2689998,1.328821481146601e-37,9.329768675458522e-36,0.05217391304347826,Significant
Map2k5,-12.841754,-1.0383254,9.56821441599717e-38,6.734532720164338e-36,0.2758893280632411,Significant
Pcnx,-12.8761215,-1.0684896,6.134163439801685e-38,4.3228391141800465e-36,0.24426877470355732,Significant
Ndufa4,-12.882808,-3.1580534,5.625117099805966e-38,3.969018497894071e-36,0.026877470355731226,Significant
Bicral,-12.885862,-1.1590408,5.406806731377024e-38,3.8197144180066893e-36,0.19525691699604744,Significant
Afap1,-12.889817,-1.0863754,5.136534683623884e-38,3.633284738139473e-36,0.24743083003952568,Significant
Grin2b,-12.889872,-2.4773993,5.132951689137496e-38,3.633284738139473e-36,0.045059288537549404,Significant
Fnbp1,-12.895018,-1.0079949,4.801560590499938e-38,3.4048027594477835e-36,0.32806324110671936,Significant
Tmed5,-12.902814,-2.3553462,4.3395806687892945e-38,3.081048165355751e-36,0.045059288537549404,Significant
Ldah,-12.909702,-1.2612039,3.968339099318665e-38,2.8209887222759566e-36,0.16047430830039525,Significant
Tex2,-12.919739,-1.2558229,3.4832326436229266e-38,2.479234374506663e-36,0.16521739130434782,Significant
Hnrnpc,-12.919968,-1.0339029,3.4728942833594347e-38,2.4749696293963653e-36,0.28695652173913044,Significant
Pex16,-12.925315,-3.886313,3.2396673217902466e-38,2.311652844236321e-36,0.013438735177865613,Significant
Bahcc1,-12.947648,-2.363991,2.4226221031352353e-38,1.7308221477368058e-36,0.04980237154150197,Significant
9630013D21Rik,-12.947689,-3.2783544,2.4213489474775456e-38,1.7308221477368058e-36,0.022134387351778657,Significant
Clock,-12.955028,-1.0572288,2.2005652496496993e-38,1.576130640003818e-36,0.2735177865612648,Significant
Tia1,-12.955109,-1.1929047,2.1982516347730753e-38,1.576130640003818e-36,0.183399209486166,Significant
Sh3glb1,-12.977065,-1.1365157,1.6508625353139696e-38,1.1868909548398073e-36,0.20948616600790515,Significant
Scaf4,-12.985595,-1.2245284,1.4768650917085583e-38,1.0631374865610242e-36,0.17786561264822134,Significant
Nploc4,-12.994171,-1.5405385,1.320298210272519e-38,9.516341821661711e-37,0.11383399209486166,Significant
Taf1d,-12.99703,-1.8003424,1.2718680143771663e-38,9.17888930375795e-37,0.08458498023715415,Significant
Hdlbp,-12.998578,-1.2512769,1.24639955590937e-38,9.006502171705004e-37,0.1707509881422925,Significant
Sgk3,-13.01816,-1.5938034,9.646803854751849e-39,6.988532548262405e-37,0.1075098814229249,Significant
Acyp2,-13.019317,-1.0463507,9.50174818264383e-39,6.892217111693277e-37,0.34703557312252964,Significant
Gm5089,-13.025862,-5.552447,8.721076793022281e-39,6.342105155446765e-37,0.0047430830039525695,Significant
2010016I18Rik,-13.056779,-2.8500426,5.8136211573128815e-39,4.238583896524364e-37,0.03162055335968379,Significant
Ucp3,-13.079139,-6.3419213,4.333217205247689e-39,3.1673648380488915e-37,0.0023715415019762848,Significant
Bclaf1,-13.080128,-1.0148145,4.2772133072841906e-39,3.130447338432765e-37,0.32806324110671936,Significant
Itsn1,-13.116312,-1.0751487,2.655480319135063e-39,1.9460193674629293e-37,0.2766798418972332,Significant
Acadl,-13.119022,-1.6934127,2.5621841460456402e-39,1.8800686528348557e-37,0.09802371541501977,Significant
Atg16l1,-13.133714,-1.5903851,2.110462615667166e-39,1.5506045393381174e-37,0.10276679841897234,Significant
Erc1,-13.144928,-1.0587642,1.8197928567738687e-39,1.3405022646514989e-37,0.29881422924901185,Significant
Cecr2,-13.148305,-2.0439854,1.7403285854802118e-39,1.2836275904900097e-37,0.06482213438735178,Significant
Orc3,-13.15596,-1.2910037,1.5727352063156994e-39,1.1615190062622859e-37,0.16047430830039525,Significant
Bmpr1a,-13.169454,-1.0419577,1.3154558656421419e-39,9.727710707211583e-38,0.3786561264822134,Significant
Wwtr1,-13.176786,-1.0420508,1.1936830766529807e-39,8.838687655097188e-38,0.3557312252964427,Significant
Tpr,-13.202968,-1.2599621,8.434590669125787e-40,6.261721346684373e-38,0.17628458498023716,Significant
Eci1,-13.205698,-3.3982906,8.134173171721635e-40,6.046579041396888e-38,0.022134387351778657,Significant
Ltbp3,-13.212196,-1.557443,7.461478717997978e-40,5.561047901590613e-38,0.11541501976284585,Significant
6720407P12Rik,-13.227372,-3.8316798,6.09821976257397e-40,4.5509663368378034e-38,0.013438735177865613,Significant
Fitm2,-13.229478,-3.3794227,5.9297783618890196e-40,4.43106968115909e-38,0.021343873517786563,Significant
Prkci,-13.238256,-1.5841205,5.275936567710281e-40,3.94766234036782e-38,0.11225296442687747,Significant
Slc25a51,-13.239918,-1.7233908,5.160506930248737e-40,3.8663740146749124e-38,0.08695652173913043,Significant
Dmxl2,-13.241492,-1.3476937,5.053470188597366e-40,3.791167931606359e-38,0.15177865612648223,Significant
Kdm2a,-13.243706,-1.0364655,4.906702389097359e-40,3.6859174239787955e-38,0.383399209486166,Significant
Fermt2,-13.2512665,-1.1159691,4.436532808844353e-40,3.3371283311546406e-38,0.23557312252964427,Significant
Gda,-13.251475,-1.3551592,4.424221167858432e-40,3.3322695439024733e-38,0.1683794466403162,Significant
Kif13a,-13.253042,-1.0486691,4.332766162373133e-40,3.2677091132673985e-38,0.29802371541501976,Significant
Rb1,-13.253258,-1.1011369,4.320353529672748e-40,3.262669102560954e-38,0.24426877470355732,Significant
Pwwp3a,-13.264881,-1.9560273,3.700048897673317e-40,2.797934718225981e-38,0.07272727272727272,Significant
Khdc4,-13.272657,-1.3210274,3.3353738651170263e-40,2.525525575181231e-38,0.14940711462450593,Significant
Tead1,-13.294433,-1.024885,2.493569775840288e-40,1.893151421414958e-38,0.5304347826086957,Significant
Dcakd,-13.296041,-1.6648744,2.440543205098506e-40,1.8553667642391728e-38,0.108300395256917,Significant
Sil1,-13.307066,-1.248717,2.1059072591481936e-40,1.603107824106381e-38,0.18181818181818182,Significant
Marchf6,-13.308465,-1.2038223,2.0668428852796286e-40,1.5754765827403927e-38,0.19446640316205532,Significant
Ifngr1,-13.313402,-1.1354424,1.9346611731139404e-40,1.476696271558725e-38,0.2150197628458498,Significant
Man2a2,-13.345013,-1.4870583,1.2664975973315319e-40,9.679951636195269e-39,0.12569169960474308,Significant
Crebzf,-13.349318,-1.8322189,1.1953917436706854e-40,9.161076887799798e-39,0.08695652173913043,Significant
Rhof,-13.351752,-4.4020844,1.1569453541019e-40,8.878386173573622e-39,0.011857707509881422,Significant
Heph,-13.361634,-1.6832708,1.0131490273643053e-40,7.785387148063551e-39,0.10592885375494071,Significant
Sec24b,-13.363976,-1.1583066,9.817764053334148e-41,7.554504094066212e-39,0.2158102766798419,Significant
Tmbim6,-13.3667,-1.4189873,9.464797657938345e-41,7.2927610749752e-39,0.1359683794466403,Significant
Pygl,-13.3690605,-2.1372185,9.169119890976433e-41,7.074510240001206e-39,0.06719367588932806,Significant
Rhot1,-13.400085,-1.3768777,6.039373148288931e-41,4.666050833605428e-39,0.14782608695652175,Significant
Ypel5,-13.4069395,-1.6455166,5.506434593420662e-41,4.260080056847362e-39,0.10434782608695652,Significant
Agpat3,-13.436935,-1.4942393,3.6733835383430144e-41,2.8457977150583616e-39,0.12806324110671938,Significant
Srek1,-13.442088,-1.0367215,3.4263065112694075e-41,2.6580016220462035e-39,0.39288537549407115,Significant
Pnn,-13.467092,-1.3128215,2.4430031926972073e-41,1.8977768730610052e-39,0.15810276679841898,Significant
4930412C18Rik,-13.47322,-2.2024522,2.2484257726968584e-41,1.749011091846063e-39,0.062450592885375494,Significant
Sdha,-13.485443,-1.4437158,1.9051842551346088e-41,1.484036890172637e-39,0.1367588932806324,Significant
Trit1,-13.496925,-1.7953688,1.6303915459536425e-41,1.2752214975020105e-39,0.08932806324110672,Significant
Cep128,-13.497498,-1.3303516,1.617789611621818e-41,1.2671053407889674e-39,0.19288537549407114,Significant
Safb,-13.51502,-1.4953125,1.2751958027256286e-41,1.0015299890068968e-39,0.13043478260869565,Significant
Rnf144a,-13.524237,-2.2306235,1.1250536010847251e-41,8.84829794190129e-40,0.06086956521739131,Significant
Arhgap5,-13.527418,-1.0788697,1.0774113145703361e-41,8.48532194508292e-40,0.3027667984189723,Significant
Lrpap1,-13.548548,-4.1466703,8.081327125234704e-42,6.391095108860962e-40,0.012648221343873518,Significant
Tax1bp1,-13.553969,-1.1470705,7.505882773388386e-42,5.944262461745593e-40,0.24743083003952568,Significant
Epb41l1,-13.557117,-1.8946862,7.190652886508986e-42,5.70254827312964e-40,0.08458498023715415,Significant
Baiap2,-13.564127,-1.845744,6.535301717723653e-42,5.190050419928905e-40,0.091699604743083,Significant
Phldb1,-13.5759735,-1.1874381,5.560029120352862e-42,4.4216985774024075e-40,0.2150197628458498,Significant
Smurf1,-13.587032,-1.147695,4.7807614025028676e-42,3.812623739774731e-40,0.2624505928853755,Significant
Gm37376,-13.591855,-1.4031812,4.475886116902792e-42,3.5795144857101388e-40,0.15731225296442689,Significant
Ablim2,-13.605841,-3.1809454,3.6969354073949356e-42,2.960720098909635e-40,0.030039525691699605,Significant
Nrp1,-13.634894,-1.1341624,2.4835158713223188e-42,1.9945539806624e-40,0.31620553359683795,Significant
St3gal3,-13.640417,-1.3484046,2.3024110122042822e-42,1.851717308558249e-40,0.1565217391304348,Significant
Cavin2,-13.649835,-1.4571606,2.0233792058022284e-42,1.631915514979953e-40,0.14545454545454545,Significant
Eif1,-13.6687975,-2.778287,1.5595110235152557e-42,1.259576130354357e-40,0.037944664031620556,Significant
Nr3c2,-13.678329,-1.208821,1.3679949146612665e-42,1.1064630459620339e-40,0.22608695652173913,Significant
L3mbtl3,-13.689523,-1.3941172,1.1727659860086494e-42,9.499070840585848e-41,0.1541501976284585,Significant
6820431F20Rik-1,-13.689745,-1.1496972,1.1691886866704784e-42,9.483585898533292e-41,0.23557312252964427,Significant
Tapt1,-13.69816,-1.8102854,1.0412925098025137e-42,8.458236348169034e-41,0.09407114624505929,Significant
Gsk3b,-13.698631,-1.0785463,1.0345622525813408e-42,8.415572746319162e-41,0.36442687747035574,Significant
Golgb1,-13.766613,-1.1668773,4.0474794153962844e-43,3.301827011347848e-41,0.2316205533596838,Significant
Bscl2,-13.8125515,-2.9288952,2.141127567363249e-43,1.7491814176934113e-41,0.03241106719367589,Significant
Ganc,-13.813546,-2.4117558,2.1117336990521762e-43,1.72764696203635e-41,0.05217391304347826,Significant
AI480526,-13.816916,-2.0384552,2.0151792203745665e-43,1.6510261868683192e-41,0.07114624505928854,Significant
Ndufb3,-13.82875,-2.7613535,1.7096708965122005e-43,1.4027430910418042e-41,0.03715415019762846,Significant
Usp33,-13.880492,-1.2926996,8.317041832977668e-44,6.853555412613334e-42,0.1841897233201581,Significant
Derl1,-13.882739,-1.5589017,8.060354114110681e-44,6.651661211761974e-42,0.12490118577075099,Significant
Immt,-13.889581,-1.6116927,7.326304346630095e-44,6.05467483020993e-42,0.11383399209486166,Significant
N4bp2l1,-13.889695,-2.3841388,7.314617026636478e-44,6.053802443513194e-42,0.05454545454545454,Significant
Atl2,-13.890186,-1.4287848,7.264640779394937e-44,6.021192294316261e-42,0.1509881422924901,Significant
Kcns3,-13.90483,-2.1419034,5.920699724259981e-44,4.91443969386425e-42,0.06956521739130435,Significant
B3galt1,-13.90781,-1.4159083,5.67914972453648e-44,4.720824298756668e-42,0.22134387351778656,Significant
Dock9,-13.911665,-1.1817529,5.381203481789555e-44,4.479694553458758e-42,0.26956521739130435,Significant
Pikfyve,-13.914106,-1.1654054,5.20055310707498e-44,4.3356470639817923e-42,0.2482213438735178,Significant
Fign,-13.921614,-1.3708181,4.682100299477849e-44,3.909141835081646e-42,0.17312252964426877,Significant
Taldo1,-13.921816,-2.448883,4.66889743005086e-44,3.90384271019862e-42,0.04980237154150197,Significant
Zfp809,-13.944936,-1.7169884,3.3775018008541914e-44,2.8282107359182133e-42,0.10909090909090909,Significant
Acadm,-13.949086,-1.6148468,3.186600909770303e-44,2.6722863387810136e-42,0.11699604743083004,Significant
Slc18b1,-13.950216,-2.266337,3.136507325695208e-44,2.6341572807140243e-42,0.05928853754940711,Significant
Eif3a,-13.951219,-1.4475242,3.092735112253785e-44,2.6012323489932462e-42,0.14940711462450593,Significant
Xdh,-13.961248,-1.0844328,2.6868414614404007e-44,2.2665398467537462e-42,0.40553359683794465,Significant
Nufip2,-13.969812,-1.1748197,2.382541770869709e-44,2.012823604971693e-42,0.24426877470355732,Significant
Krit1,-13.97109,-1.2854125,2.340165294629031e-44,1.9799606544052256e-42,0.19288537549407114,Significant
Oip5os1,-13.973734,-1.4328868,2.254877966890949e-44,1.9106399748919275e-42,0.14071146245059288,Significant
Dazap1,-13.977569,-1.5408814,2.1366454371523397e-44,1.8131554074052365e-42,0.12885375494071147,Significant
Ccdc58,-13.981436,-2.0742354,2.0236260374417562e-44,1.719810301462254e-42,0.07351778656126483,Significant
Fbxo45,-13.988991,-1.8402953,1.8197657632125837e-44,1.548868196159757e-42,0.091699604743083,Significant
Abhd5,-13.998388,-1.5907745,1.5944642630474488e-44,1.3591375688949817e-42,0.12885375494071147,Significant
Zfp266,-14.006063,-1.5319719,1.43121356389495e-44,1.2218100680920891e-42,0.13201581027667983,Significant
Zranb2,-14.040458,-1.5165325,8.814124241798372e-45,7.547143585747986e-43,0.12885375494071147,Significant
Lep,-14.045813,-2.7144096,8.172562811882217e-45,7.018912504847441e-43,0.042687747035573126,Significant
Tmem131,-14.055466,-1.3689321,7.131134557000288e-45,6.133745208612589e-43,0.1715415019762846,Significant
Blcap,-14.06261,-1.807494,6.44645337954463e-45,5.553214854533294e-43,0.09565217391304348,Significant
Ttc19,-14.064775,-1.4434663,6.25208402747319e-45,5.39393813042956e-43,0.1383399209486166,Significant
Marchf3,-14.071442,-1.1485119,5.689730057994965e-45,4.916220322189549e-43,0.3786561264822134,Significant
Fzd4,-14.073527,-1.6638206,5.524375665212232e-45,4.780599920256075e-43,0.11225296442687747,Significant
Rps6kb1,-14.075592,-1.1710911,5.3653350231470843e-45,4.65003868421641e-43,0.2482213438735178,Significant
Trak1,-14.086759,-1.1169766,4.581077852257941e-45,3.976389542460662e-43,0.34071146245059286,Significant
Cox8a,-14.105177,-4.161623,3.529011998372008e-45,3.0678698045694736e-43,0.014229249011857707,Significant
Cst3,-14.121079,-2.9930353,2.816430122865362e-45,2.452145988166309e-43,0.03557312252964427,Significant
Timmdc1,-14.134352,-2.7187836,2.332719606996425e-45,2.03722986414085e-43,0.04031620553359684,Significant
Klb,-14.145862,-3.1412904,1.980759487047615e-45,1.7325103832869162e-43,0.0308300395256917,Significant
Anks1,-14.151929,-1.2420962,1.817033314165308e-45,1.5917491375674894e-43,0.20869565217391303,Significant
Itga7,-14.176799,-3.1355598,1.2753346918658777e-45,1.118934247912711e-43,0.02608695652173913,Significant
Gpbp1l1,-14.192183,-1.3444799,1.0242031107448679e-45,8.99986872359931e-44,0.1683794466403162,Significant
Lhfpl2,-14.197524,-1.4928141,9.490682363179298e-46,8.352533917183808e-44,0.17628458498023716,Significant
Ar,-14.215176,-1.1091012,7.376643982852204e-46,6.502066331696399e-44,0.5122529644268775,Significant
Dlg2,-14.225508,-1.3105947,6.364066526306141e-46,5.618237396502294e-44,0.2007905138339921,Significant
Cpped1,-14.2283535,-1.4976466,6.110368862832526e-46,5.40264772389048e-44,0.13122529644268774,Significant
Slc2a13,-14.229477,-1.6853646,6.013003239966558e-46,5.324827643653744e-44,0.14545454545454545,Significant
Peg3,-14.279329,-1.891591,2.94419799986489e-46,2.6153756366662514e-44,0.09881422924901186,Significant
Crebrf,-14.337087,-1.1713214,1.2833046193993037e-46,1.141760130206496e-44,0.2909090909090909,Significant
Decr1,-14.338715,-2.5770445,1.2535571920755855e-46,1.1170391247883555e-44,0.04901185770750988,Significant
Nr3c1,-14.339556,-1.1378145,1.2384615987281777e-46,1.1053172710529964e-44,0.38181818181818183,Significant
Cnbp,-14.3416,-1.8843688,1.2024998714567853e-46,1.0749065177491493e-44,0.09011857707509881,Significant
Net1,-14.371676,-2.71675,7.792203664763999e-47,6.976350139549164e-45,0.04901185770750988,Significant
Ivd,-14.373351,-2.1239293,7.605976956517653e-47,6.820345415449948e-45,0.07035573122529644,Significant
Chrdl1,-14.376681,-1.5533875,7.248821301474813e-47,6.510333339546961e-45,0.15177865612648223,Significant
Cep85l,-14.377818,-1.3559539,7.130746051965355e-47,6.414404596286876e-45,0.17865612648221343,Significant
Dnajc15,-14.38737,-2.5532393,6.211316568185246e-47,5.596180011218926e-45,0.04980237154150197,Significant
Rsrc2,-14.395496,-1.3034694,5.522704256814892e-47,4.983649811209141e-45,0.19051383399209487,Significant
Nadk,-14.397831,-1.7142695,5.33933928701037e-47,4.825830449867579e-45,0.1067193675889328,Significant
Rbbp6,-14.40188,-1.2563436,5.035485244846463e-47,4.558435060839467e-45,0.21818181818181817,Significant
Zfand5,-14.417783,-1.326953,3.9998881136625674e-47,3.6267138388544626e-45,0.18735177865612648,Significant
Grhl1,-14.467131,-2.8712008,1.9545672572973035e-47,1.780720227164252e-45,0.03636363636363636,Significant
Gm26542,-14.472963,-2.9440894,1.795668122573674e-47,1.638575938581211e-45,0.03557312252964427,Significant
Lncppara,-14.478607,-1.1445682,1.6541572250180689e-47,1.5118678418901102e-45,0.33992094861660077,Significant
Gm44079,-14.485852,-6.9378057,1.4886570098621423e-47,1.3627912990122226e-45,0.0023715415019762848,Significant
Mbtd1,-14.487749,-1.2074968,1.4481160750991746e-47,1.3299544747132597e-45,0.25533596837944667,Significant
Akap1,-14.508037,-2.1115513,1.0776035335744496e-47,9.912733894226613e-46,0.07114624505928854,Significant
Trafd1,-14.555085,-2.0546572,5.421857410444433e-48,4.995566064856253e-46,0.08300395256916997,Significant
Gnai1,-14.567994,-1.1999754,4.488805982640219e-48,4.14257862978147e-46,0.3193675889328063,Significant
Gm45470,-14.56944,-5.6812997,4.394781997129047e-48,4.0623909366643674e-46,0.005533596837944664,Significant
Gm20257-1,-14.580708,-3.7324502,3.726341136567633e-48,3.4501071651593103e-46,0.018972332015810278,Significant
Pnisr,-14.596119,-1.1438707,2.9729471211520367e-48,2.757045309861859e-46,0.3905138339920949,Significant
Mcph1,-14.60586,-1.7821571,2.5771170896420057e-48,2.393860101163221e-46,0.10434782608695652,Significant
Hadha,-14.609512,-2.2191176,2.4426075128295872e-48,2.2763422976764246e-46,0.06798418972332015,Significant
Ncor1,-14.622919,-1.0266292,2.006119541202661e-48,1.8726303736987e-46,0.5754940711462451,Significant
Psma3,-14.630359,-1.6297736,1.7983633673949062e-48,1.6814549836261633e-46,0.1233201581027668,Significant
Cflar,-14.634536,-1.2364161,1.691251176154542e-48,1.5839067964048647e-46,0.25059288537549407,Significant
Pim3,-14.645413,-3.6663504,1.44121698244255e-48,1.352501338827862e-46,0.018972332015810278,Significant
Srsf7,-14.647862,-1.8083996,1.3902153570405092e-48,1.3106002093583384e-46,0.09723320158102766,Significant
Id3,-14.689326,-3.6567535,7.545990486054632e-49,7.137479140638485e-47,0.019762845849802372,Significant
Ubr2,-14.707738,-1.3605889,5.7497319750065284e-49,5.447512286004106e-47,0.19051383399209487,Significant
Cept1,-14.708861,-1.403627,5.655080790230048e-49,5.366765921274819e-47,0.17549407114624507,Significant
Preb,-14.729795,-2.6918888,4.149590103920813e-49,3.944604509304758e-47,0.04426877470355731,Significant
Srpk2,-14.738594,-1.184454,3.642881609281063e-49,3.468717754415937e-47,0.30513833992094863,Significant
Clk4,-14.749573,-1.3280349,3.096190469684931e-49,2.953101868246728e-47,0.19209486166007905,Significant
Rnf24,-14.750622,-1.8966231,3.0484196297524974e-49,2.9124171499620293e-47,0.09644268774703557,Significant
Sox5os4,-14.757772,-4.7982454,2.741870786740101e-49,2.623947301979296e-47,0.011067193675889328,Significant
Pkd2l2,-14.786846,-3.970878,1.7810547128613456e-49,1.7073238452026578e-47,0.015810276679841896,Significant
9330175M20Rik,-14.837607,-4.747374,8.368793288610976e-50,8.063070366274071e-48,0.010276679841897233,Significant
Tcf25,-14.837688,-1.5955923,8.358730629640675e-50,8.063070366274071e-48,0.13201581027667983,Significant
Dhrs3,-14.838085,-1.5277774,8.309430816592637e-50,8.0330611227097e-48,0.14545454545454545,Significant
Baz2b,-14.882119,-1.0925149,4.3063963419157435e-50,4.1773511772576547e-48,0.5778656126482213,Significant
Tab3,-14.893609,-2.1243815,3.6265510618190447e-50,3.5238812971166935e-48,0.0782608695652174,Significant
Ubb,-14.897564,-4.9962583,3.418154331852721e-50,3.3270619796585605e-48,0.007905138339920948,Significant
Gm4876,-14.920906,-1.2503285,2.409774357396387e-50,2.3495712617210218e-48,0.31541501976284586,Significant
Eif4g1,-14.922837,-1.2968295,2.34104277625094e-50,2.286471984948624e-48,0.22924901185770752,Significant
Tra2b,-14.929706,-1.2273858,2.1119770116669527e-50,2.0662900862771127e-48,0.24426877470355732,Significant
Gpd2,-14.934845,-2.3314414,1.9552953778029226e-50,1.9162904321424477e-48,0.06640316205533597,Significant
Ppa1,-14.95218,-3.786518,1.507334449582101e-50,1.4823684092168292e-48,0.022134387351778657,Significant
BB365896,-14.957857,-4.303317,1.384113013794006e-50,1.363542891322569e-48,0.014229249011857707,Significant
Pcf11,-14.977527,-1.4367281,1.02978610245171e-50,1.016240042629165e-48,0.1683794466403162,Significant
Nudt5,-14.982128,-2.5927932,9.609062765314981e-51,9.515645963822615e-49,0.05059288537549407,Significant
Aco2,-14.992716,-1.815303,8.193308400918132e-51,8.127790481823684e-49,0.10118577075098814,Significant
Ntrk2,-15.016745,-1.4501493,5.704127729609204e-51,5.6683898263818096e-49,0.17786561264822134,Significant
Ubc,-15.031187,-2.6450753,4.587116462315837e-51,4.566346127285421e-49,0.05059288537549407,Significant
Insig1,-15.035855,-3.9927354,4.2748985828725136e-51,4.262994749690784e-49,0.017391304347826087,Significant
Dpf3,-15.064209,-2.9106572,2.784773920827158e-51,2.781891435540688e-49,0.039525691699604744,Significant
Dab2ip,-15.103131,-2.094884,1.5442300706685193e-51,1.5453427847791942e-49,0.07905138339920949,Significant
Cyb5a,-15.121717,-1.3256615,1.1646501653986328e-51,1.167541286407809e-49,0.22529644268774704,Significant
Grina,-15.122202,-1.7750379,1.1561145923602842e-51,1.1610285891285175e-49,0.10592885375494071,Significant
9530026P05Rik,-15.143304,-1.2704698,8.389093046555935e-52,8.43963510890356e-50,0.32727272727272727,Significant
Lamp1,-15.143916,-2.109155,8.311351469960635e-52,8.37622414249608e-50,0.0766798418972332,Significant
Bag4,-15.150414,-2.3807662,7.529043422705027e-52,7.628314262139625e-50,0.06403162055335969,Significant
Pgm1,-15.168886,-1.9660293,5.68329043659314e-52,5.768489139929589e-50,0.09407114624505929,Significant
Hsdl2,-15.177087,-2.6523628,5.015709602349133e-52,5.099991436917178e-50,0.04901185770750988,Significant
Sav1,-15.202797,-1.9431655,3.388410306298629e-52,3.4515111136127054e-50,0.0932806324110672,Significant
Srsf2,-15.203234,-1.3133342,3.365864623777026e-52,3.434689920116266e-50,0.2126482213438735,Significant
Abhd15,-15.2077875,-3.7965171,3.139741468269433e-52,3.2096951336576265e-50,0.019762845849802372,Significant
Sec61a2,-15.225655,-1.7964731,2.389549905742864e-52,2.447182755088209e-50,0.11067193675889328,Significant
Pex14,-15.294107,-1.432959,8.370055664271175e-53,8.587375487914685e-51,0.18893280632411066,Significant
Ndufs1,-15.309627,-2.2096548,6.594172368449284e-53,6.777595105268425e-51,0.06956521739130435,Significant
Gm57352,-15.309788,-4.320766,6.577825026070246e-53,6.773018712648568e-51,0.011857707509881422,Significant
Rsrp1,-15.313683,-1.1197776,6.1954473683502e-53,6.390850880457043e-51,0.5715415019762846,Significant
Cmss1,-15.317524,-1.1305759,5.840042058893054e-53,6.03516941697694e-51,0.6252964426877471,Significant
Ltc4s,-15.348951,-4.9608192,3.599562179132273e-53,3.73338196797761e-51,0.0071146245059288534,Significant
Sh3glb2,-15.351515,-3.491052,3.4601255060576166e-53,3.595310336504138e-51,0.02766798418972332,Significant
Stt3b,-15.356338,-1.315567,3.2121440038880975e-53,3.3437420790748105e-51,0.2490118577075099,Significant
Atp2b4,-15.360939,-1.2536925,2.99209411813961e-53,3.12038152346131e-51,0.31462450592885377,Significant
Trps1,-15.361336,-1.1279198,2.973831738180153e-53,3.107026660618644e-51,0.5383399209486166,Significant
Cox19,-15.361888,-4.1371264,2.948634323889192e-53,3.0863637322899717e-51,0.015810276679841896,Significant
Prlr,-15.367155,-1.7530435,2.718485400460694e-53,2.8507049205825485e-51,0.11857707509881422,Significant
Ptgr2,-15.408632,-2.3314617,1.432101487272802e-53,1.510097977533345e-51,0.06561264822134387,Significant
Zfand6,-15.414674,-1.2099077,1.3042867795564702e-53,1.3778737201247677e-51,0.391304347826087,Significant
Sqstm1,-15.418245,-2.274307,1.2341214510000853e-53,1.306173039802897e-51,0.07035573122529644,Significant
Cux1,-15.430542,-1.2442665,1.0200980958945708e-53,1.0816649102110382e-51,0.291699604743083,Significant
Tank,-15.431599,-1.5232595,1.0035400889602557e-53,1.0660928396545882e-51,0.16047430830039525,Significant
Lamp2,-15.446949,-1.2315259,7.910004403523197e-54,8.418758144691856e-52,0.3059288537549407,Significant
Dlat,-15.473069,-2.2603137,5.27315827097359e-54,5.622825938342831e-52,0.07035573122529644,Significant
Pex19,-15.48729,-3.7303636,4.227371164802304e-54,4.516148996153996e-52,0.021343873517786563,Significant
Psmd11,-15.523333,-1.8161876,2.411917611956093e-54,2.5815225703457123e-52,0.10513833992094862,Significant
Krcc1,-15.533706,-1.7101941,2.0517322325531494e-54,2.2001447279436697e-52,0.1233201581027668,Significant
Rc3h1,-15.535805,-1.2868162,1.9856498815643453e-54,2.1332998095501017e-52,0.25691699604743085,Significant
G3bp2,-15.548538,-1.8565139,1.6277840987708474e-54,1.752129572176008e-52,0.11067193675889328,Significant
Hnrnpl,-15.55544,-1.5450145,1.4614702627114515e-54,1.5760904967623628e-52,0.15256916996047432,Significant
Ccnl1,-15.559665,-1.2625806,1.3681383917603322e-54,1.4782384851086354e-52,0.2901185770750988,Significant
Arhgap29,-15.559766,-1.2364389,1.3659832769627342e-54,1.4782384851086354e-52,0.39920948616600793,Significant
Gm17106,-15.566049,-4.341736,1.2382433266353021e-54,1.3429869192750615e-52,0.014229249011857707,Significant
Timm23,-15.589565,-2.28482,8.571433702883494e-55,9.314236764807043e-53,0.06719367588932806,Significant
Hnrnpa2b1,-15.635396,-1.2304012,4.178694260161164e-55,4.54950343915558e-53,0.3675889328063241,Significant
Cog4,-15.664322,-1.810837,2.6524495963221646e-55,2.8933550280494323e-53,0.10909090909090909,Significant
Tmed2,-15.680957,-2.39886,2.041545299130806e-55,2.2312405158888147e-53,0.062450592885375494,Significant
Hnrnpa3,-15.703243,-1.5977086,1.4370339500194411e-55,1.5735798105395576e-53,0.1509881422924901,Significant
Pex11a,-15.761094,-4.0645924,5.762624428283368e-56,6.359100728117892e-54,0.015810276679841896,Significant
Tmcc3,-15.807537,-1.3225359,2.7605004263462944e-56,3.0521486364385316e-54,0.2656126482213439,Significant
Sc5d,-15.83577,-2.87211,1.7628871104121498e-56,1.9529290847077475e-54,0.039525691699604744,Significant
Tspan18,-15.843391,-2.314633,1.5616658610091119e-56,1.7333882220608155e-54,0.07035573122529644,Significant
Fgfr1,-15.845718,-1.2566757,1.5049040152012695e-56,1.6736472564370214e-54,0.31541501976284586,Significant
Bcat2,-15.85476,-2.5204704,1.3032513616807307e-56,1.4522198783847846e-54,0.05849802371541502,Significant
Atp5b,-15.89722,-3.3387723,6.623986627087041e-57,7.395616128097317e-55,0.03162055335968379,Significant
Slc7a10,-15.902843,-1.5315259,6.05527511383474e-57,6.773937529604401e-55,0.16047430830039525,Significant
Apcdd1,-15.903469,-2.7558503,5.995095734790267e-57,6.719817839265602e-55,0.04901185770750988,Significant
Maco1,-15.90873,-1.8291615,5.51207290747716e-57,6.190590600091853e-55,0.11304347826086956,Significant
Atrn,-15.910479,-1.4410545,5.360224907071098e-57,6.031947953231925e-55,0.20395256916996046,Significant
Ptprm,-15.922863,-1.1397222,4.397862820167694e-57,4.958786274122152e-55,0.5604743083003952,Significant
4632427E13Rik,-15.925197,-1.7000645,4.23677729432487e-57,4.786633649130008e-55,0.13122529644268774,Significant
Tmem243,-15.932899,-2.385761,3.74579188145444e-57,4.248787560197157e-55,0.06640316205533597,Significant
Atl3,-15.940454,-1.2632731,3.3193612164330275e-57,3.7726097210561484e-55,0.29802371541501976,Significant
Extl3,-15.9435005,-1.4474589,3.161362252292562e-57,3.600222560155815e-55,0.19130434782608696,Significant
Stat5a,-15.947019,-2.9977748,2.9882444962681033e-57,3.40989238200405e-55,0.03715415019762846,Significant
A530016L24Rik,-15.948653,-3.355164,2.911054878228436e-57,3.328481442192879e-55,0.02766798418972332,Significant
Srsf1,-15.961119,-1.6663947,2.3842006117703604e-57,2.731564729070746e-55,0.14782608695652175,Significant
Lrrc4,-15.963002,-4.392857,2.3133155840926886e-57,2.6556956184238263e-55,0.013438735177865613,Significant
Map4k3,-15.9643545,-1.2807778,2.263728451585683e-57,2.6040194295301086e-55,0.33280632411067196,Significant
Srsf10,-15.979806,-1.6109027,1.766955697661245e-57,2.0366847040592903e-55,0.15177865612648223,Significant
Eif4g2,-15.988719,-1.5394964,1.5314807330845772e-57,1.7688447144537305e-55,0.1691699604743083,Significant
Kansl1l,-15.989203,-1.4035387,1.5196210292909612e-57,1.7587142485539962e-55,0.22134387351778656,Significant
Tmem131l,-16.014368,-2.0202088,1.0143123846532191e-57,1.1762924947971272e-55,0.09723320158102766,Significant
Slc20a2,-16.021963,-1.7618742,8.977065825452675e-58,1.0431900105451036e-55,0.12885375494071147,Significant
Fbxl20,-16.046637,-1.4002552,6.034615575255535e-58,7.041332898988225e-56,0.22450592885375495,Significant
Acad11,-16.070236,-2.8913693,4.1251739283955765e-58,4.833159025859517e-56,0.04189723320158103,Significant
Atg7,-16.104536,-1.8522214,2.3707078296193995e-58,2.783308753120788e-56,0.11462450592885376,Significant
Ppm1m,-16.120747,-4.018935,1.823896537779061e-58,2.1457539825966426e-56,0.018972332015810278,Significant
Nudt4,-16.12588,-2.7437494,1.678506627347402e-58,1.9787959806995532e-56,0.05059288537549407,Significant
Dcaf8,-16.134033,-1.3673383,1.4709309937497097e-58,1.737682193259382e-56,0.24031620553359684,Significant
Cnst,-16.168085,-2.4755769,8.469067580691583e-59,1.0025720937882733e-56,0.06561264822134387,Significant
Mecr,-16.193949,-3.1866953,5.563981243508117e-59,6.614168183436236e-57,0.034782608695652174,Significant
Tmem135,-16.19726,-1.2502694,5.272526463979656e-59,6.280814422290076e-57,0.42371541501976284,Significant
Hnrnpu,-16.21269,-1.2803394,4.102094940867876e-59,4.8968005875882125e-57,0.3367588932806324,Significant
Ppargc1b,-16.222128,-2.5827212,3.5178963274798794e-59,4.20824652905529e-57,0.06007905138339921,Significant
Cdk12,-16.22268,-1.281748,3.4864397051043023e-59,4.1793971210177707e-57,0.3075098814229249,Significant
Iars2,-16.233665,-1.9061475,2.9152123048049085e-59,3.5094102293424164e-57,0.09802371541501977,Significant
9630028H03Rik,-16.244677,-7.090708,2.436214143013755e-59,2.93899299824886e-57,0.0023715415019762848,Significant
Sycp3,-16.258863,-5.010373,1.9328872557502316e-59,2.3367416821586825e-57,0.007905138339920948,Significant
Cdip1,-16.264393,-1.614756,1.7660734262471963e-59,2.139616743913651e-57,0.16284584980237155,Significant
Pon3,-16.264992,-2.5117989,1.748895747096482e-59,2.1233235124823193e-57,0.06640316205533597,Significant
4931428L18Rik,-16.272762,-1.795636,1.5405024755071907e-59,1.8743109285866444e-57,0.12806324110671938,Significant
Amotl1,-16.276945,-1.6402229,1.4387252322905798e-59,1.7542281253074498e-57,0.15968379446640316,Significant
Dcaf6,-16.291475,-1.3454015,1.134578252458895e-59,1.3863523663790116e-57,0.28774703557312253,Significant
Gm48742,-16.29722,-4.190234,1.0328313446283277e-59,1.2647408514942282e-57,0.017391304347826087,Significant
Sulf2,-16.298096,-1.5886724,1.0181613720923357e-59,1.2494639372480537e-57,0.17470355731225296,Significant
Psmc6,-16.309618,-1.9037963,8.431798340086822e-60,1.0369655060105478e-57,0.1067193675889328,Significant
Smarcc2,-16.338066,-1.5761102,5.29042980037237e-60,6.520397473225177e-58,0.16284584980237155,Significant
Pik3ca,-16.341873,-1.475553,4.9701752522491387e-60,6.138975033369158e-58,0.21185770750988142,Significant
Scp2,-16.3522,-2.188988,4.19558312800042e-60,5.193493454162433e-58,0.08458498023715415,Significant
Plin2,-16.365606,-2.4173427,3.3665893455719737e-60,4.176404442836901e-58,0.06956521739130435,Significant
Nnmt,-16.368753,-2.507053,3.19690244778082e-60,3.974559438408028e-58,0.06403162055335969,Significant
Caprin1,-16.402523,-1.3870319,1.834570527499891e-60,2.2858267047346016e-58,0.25770750988142294,Significant
Cpsf6,-16.405193,-1.4124941,1.755653372910438e-60,2.1922951470809926e-58,0.22213438735177865,Significant
Numa1,-16.43613,-1.570936,1.054393337168971e-60,1.3195211211371073e-58,0.18023715415019761,Significant
Crat,-16.438297,-4.7467017,1.0173801040237536e-60,1.2760052974276773e-58,0.010276679841897233,Significant
Vps13d,-16.527287,-1.3138137,2.3341613263778495e-61,2.9404752231256885e-59,0.3256916996047431,Significant
Tln2,-16.528263,-1.533739,2.2966990435045417e-61,2.899697122753705e-59,0.18102766798418973,Significant
Slc25a26,-16.5302,-2.2454777,2.224058622796708e-61,2.814224934237052e-59,0.08142292490118577,Significant
Noct,-16.530212,-2.3378673,2.2235622645817334e-61,2.814224934237052e-59,0.07588932806324111,Significant
Strbp,-16.537203,-1.6611964,1.9800713492036884e-61,2.5223096799777904e-59,0.15177865612648223,Significant
Phf3,-16.588488,-1.4189174,8.44188189715066e-62,1.08263332681454e-59,0.2308300395256917,Significant
Mdh1,-16.597832,-3.3520167,7.22542153971281e-62,9.287194760559529e-60,0.0308300395256917,Significant
Fgf10,-16.620495,-1.6878266,4.952236755759155e-62,6.379758215151177e-60,0.15256916996047432,Significant
Thoc2l,-16.635462,-2.0191824,3.8576928887201646e-62,4.980972579968592e-60,0.10197628458498023,Significant
Prpf38b,-16.640285,-1.389689,3.559193795054389e-62,4.616493254765193e-60,0.24743083003952568,Significant
Prdx1,-16.641012,-2.3354232,3.51627157166644e-62,4.571233323339241e-60,0.07035573122529644,Significant
Bcl2l13,-16.642424,-1.8648766,3.4342826687617947e-62,4.47486245862621e-60,0.11857707509881422,Significant
Pxdn,-16.653618,-1.4346266,2.8484933550921207e-62,3.728645060512654e-60,0.24743083003952568,Significant
Ddx17,-16.66751,-1.1937364,2.2581143845274264e-62,2.962656478557055e-60,0.5320158102766799,Significant
Plxna2,-16.676186,-1.9578474,1.9529485127224096e-62,2.56819494833549e-60,0.11462450592885376,Significant
Ctdspl,-16.68082,-1.3096385,1.8071706009313307e-62,2.3819930830470117e-60,0.40632411067193674,Significant
Dtx2,-16.703262,-2.2196724,1.2409077596902612e-62,1.639409019594505e-60,0.08063241106719368,Significant
Vps13c,-16.709867,-1.4104239,1.110810902775168e-62,1.4743749094387142e-60,0.2616600790513834,Significant
Prkag2,-16.727365,-1.3587756,8.282267157640041e-63,1.1018705005214522e-60,0.3185770750988142,Significant
Pde7a,-16.740046,-1.6686779,6.693774388300254e-63,8.926234366374818e-61,0.17391304347826086,Significant
Mettl7a1,-16.75337,-2.3149943,5.350669810827909e-63,7.151936377895587e-61,0.07430830039525692,Significant
Gtf2ird1,-16.802855,-2.4913144,2.3257955776317322e-63,3.116073552610081e-61,0.06719367588932806,Significant
Osbpl11,-16.808054,-1.4193292,2.130525167367402e-63,2.8611847536572465e-61,0.2616600790513834,Significant
Glul,-16.80823,-1.6114726,2.1242492498460903e-63,2.8595006273164595e-61,0.17786561264822134,Significant
Chst1,-16.8109,-2.0137184,2.0306775319596835e-63,2.7400191788463586e-61,0.09644268774703557,Significant
Napepld,-16.81106,-3.0901525,2.0251543239121985e-63,2.7390573006623396e-61,0.03715415019762846,Significant
Eml5,-16.828806,-2.724521,1.500982123874167e-63,2.034938645607594e-61,0.05375494071146245,Significant
Ppp1r10,-16.83671,-2.3164554,1.3133822447013252e-63,1.7848519903469726e-61,0.0774703557312253,Significant
Mccc1,-16.843613,-2.6063554,1.1687928913909382e-63,1.5921587566672585e-61,0.062450592885375494,Significant
Slc25a3,-16.86666,-2.2123284,7.91492348718574e-64,1.0807761589540604e-61,0.08300395256916997,Significant
Cenpv,-16.871891,-2.8975415,7.243874993801895e-64,9.915228029376772e-62,0.043478260869565216,Significant
Gm13544,-16.9206,-6.787001,3.1717628262998823e-64,4.351887881743171e-62,0.0023715415019762848,Significant
Epb41,-16.93723,-1.9881771,2.3912192351329034e-64,3.2888505910073104e-62,0.10909090909090909,Significant
Syap1,-16.953415,-1.9450951,1.8159280117507006e-64,2.5036502885495553e-62,0.11462450592885376,Significant
Sfxn1,-16.961412,-1.5386975,1.5848634571046075e-64,2.1903813133736277e-62,0.20553359683794467,Significant
Trarg1,-16.96228,-2.8558347,1.561627415520583e-64,2.1635188970111315e-62,0.0458498023715415,Significant
Rin2,-16.98066,-1.3626287,1.1419688481985524e-64,1.5859719069578968e-62,0.35731225296442687,Significant
Mcam,-17.007963,-2.0983696,7.168691798567979e-65,9.980256227439103e-63,0.09090909090909091,Significant
Dgkd,-17.030586,-1.5458307,4.8714134136694095e-65,6.798606646758574e-63,0.20553359683794467,Significant
Cox7c,-17.030949,-2.941068,4.841267086489192e-65,6.77313486908553e-63,0.04189723320158103,Significant
Atp5c1,-17.035873,-2.1391046,4.450495619577798e-65,6.241765297398508e-63,0.10039525691699605,Significant
Dnaja2,-17.053612,-2.2936249,3.285860370035391e-65,4.6197574155601284e-63,0.08142292490118577,Significant
Supt3,-17.08432,-1.5455213,1.9419328009753784e-65,2.7370196935727483e-63,0.20869565217391303,Significant
Myl6,-17.113173,-2.2155156,1.183742848456924e-65,1.6725434623817795e-63,0.08221343873517786,Significant
Pik3r1,-17.133238,-1.2888781,8.385491440275446e-66,1.187756885822697e-63,0.6055335968379446,Significant
Marchf5,-17.161,-2.0361621,5.201041440834549e-66,7.385349144203493e-64,0.10355731225296443,Significant
Gm16599,-17.195602,-4.882667,2.8646191911096065e-66,4.0880772270920326e-64,0.011067193675889328,Significant
Palmd,-17.22023,-1.8408892,1.8724208562091464e-66,2.6788320596332916e-64,0.13517786561264822,Significant
Nudt7,-17.234108,-3.2844815,1.473087834282285e-66,2.118158948784535e-64,0.03557312252964427,Significant
Acbd4,-17.237995,-2.9801908,1.3772937045551443e-66,1.9854298944575817e-64,0.045059288537549404,Significant
Mgat5,-17.241224,-1.8382398,1.3024789886764256e-66,1.8823466013762525e-64,0.1391304347826087,Significant
Lrrc4c,-17.269667,-2.0268219,7.960168956034628e-67,1.1533332837800707e-64,0.11936758893280633,Significant
Cpne2,-17.30583,-3.5457067,4.251120061770965e-67,6.17507723054338e-65,0.0308300395256917,Significant
Utrn,-17.312496,-1.1085958,3.7863823855964804e-67,5.5140767114641735e-65,0.6814229249011857,Significant
Sh2b2,-17.314266,-3.3489475,3.671789702106045e-67,5.360907113528726e-65,0.03557312252964427,Significant
Larp1b,-17.378252,-2.6282442,1.2057411067873792e-67,1.7694872258139215e-65,0.06640316205533597,Significant
Slc16a10,-17.410345,-1.8075417,6.886715332854405e-68,1.0132725006926684e-65,0.1683794466403162,Significant
Acp5,-17.418472,-6.5014305,5.975213251078258e-68,8.81436833496495e-66,0.0031620553359683794,Significant
Pdzrn3,-17.420818,-1.3836828,5.735013353167419e-68,8.482010268641714e-66,0.42845849802371544,Significant
Akt2,-17.456997,-2.54931,3.045418211143836e-68,4.527654265293503e-66,0.06956521739130435,Significant
Gm57315,-17.487906,-4.3572326,1.7714640508290008e-68,2.640548024038066e-66,0.015019762845849802,Significant
Irs1,-17.503681,-1.4422889,1.3430219838841818e-68,2.0124477574828734e-66,0.3256916996047431,Significant
Prkce,-17.506735,-1.3363898,1.2728874822691614e-68,1.9123874967780558e-66,0.45296442687747035,Significant
Etfa,-17.51893,-1.4458005,1.0273803467062532e-68,1.5476207492539885e-66,0.28063241106719367,Significant
Ifi27l2a,-17.53309,-4.6860356,8.009469609743148e-69,1.2129447049159164e-66,0.011067193675889328,Significant
Leng8,-17.537746,-2.0897787,7.379702405730989e-69,1.1205536924926087e-66,0.10118577075098814,Significant
St13,-17.567377,-1.6326889,4.3795218834282284e-69,6.667763517761677e-67,0.17628458498023716,Significant
Snx10,-17.58365,-1.7929814,3.2871630681844834e-69,5.0180791492089185e-67,0.16284584980237155,Significant
Pcca,-17.6033,-1.4040527,2.3238303576772016e-69,3.557022161196171e-67,0.34624505928853755,Significant
Uck1,-17.611977,-3.5418775,1.9935832046895775e-69,3.059747203725855e-67,0.02766798418972332,Significant
Ctsb,-17.646526,-2.0419152,1.0821049508851603e-69,1.6653010272527544e-67,0.11462450592885376,Significant
Kif1b,-17.655897,-1.3305582,9.166578887543653e-70,1.4145099415599544e-67,0.433201581027668,Significant
Sipa1l1,-17.691395,-1.5976309,4.8851163943159175e-70,7.558788386107137e-68,0.21422924901185772,Significant
Glb1l2,-17.693104,-2.1175466,4.739196718695146e-70,7.352986385809818e-68,0.10039525691699605,Significant
Asph,-17.73017,-1.3100017,2.452980365575996e-70,3.8162610654716605e-68,0.4901185770750988,Significant
Ginm1,-17.735193,-2.785617,2.2432276009817562e-70,3.4994965158219773e-68,0.05138339920948617,Significant
Pag1,-17.744982,-2.2284384,1.884635108388476e-70,2.9481595523831928e-68,0.09644268774703557,Significant
Acat1,-17.773537,-2.1748002,1.1331591818849684e-70,1.7774990902399996e-68,0.09644268774703557,Significant
Tob1,-17.781904,-3.8211203,9.760644446764571e-71,1.5353062305061367e-68,0.02608695652173913,Significant
Tmem245,-17.787926,-1.6070787,8.766580377917648e-71,1.3827641365623512e-68,0.19683794466403162,Significant
Cs,-17.794256,-2.3021908,7.830102668842815e-71,1.2384829890738299e-68,0.08616600790513834,Significant
Dot1l,-17.798271,-2.6184006,7.288388304077561e-71,1.1560114719289147e-68,0.0616600790513834,Significant
Rasa2,-17.8729,-1.6173922,1.9176273626841814e-71,3.0500452418603345e-69,0.22371541501976286,Significant
Sgcd,-17.89575,-1.2677091,1.2726991248662974e-71,2.029937279244029e-69,0.6213438735177865,Significant
Itga6,-17.926258,-2.5761607,7.356847336416876e-72,1.176702933098071e-69,0.06877470355731226,Significant
Ces1f,-17.94298,-4.539664,5.445466464552535e-72,8.759048190906381e-70,0.016600790513833993,Significant
Pus10,-17.943565,-2.007975,5.38840756946464e-72,8.69182196637071e-70,0.11462450592885376,Significant
Acss3,-17.951174,-1.1394825,4.698686712838641e-72,7.600793185106393e-70,0.6229249011857707,Significant
Atp10d,-17.975134,-1.7249297,3.0512126770490773e-72,4.949831938571268e-70,0.17549407114624507,Significant
Snhg20,-18.038624,-3.1482952,9.692891233767622e-73,1.5814410307792612e-70,0.043478260869565216,Significant
Rnf144b,-18.038925,-2.7788763,9.63994650714455e-73,1.577322396733672e-70,0.06007905138339921,Significant
Tmeff1,-18.111986,-3.143698,2.5632916800338004e-73,4.206236067804168e-71,0.0458498023715415,Significant
Scarb1,-18.142944,-3.8605113,1.4599766324980974e-73,2.4166432974149466e-71,0.02766798418972332,Significant
Slc22a3,-18.146685,-2.953968,1.3639040787364709e-73,2.2642000626044717e-71,0.05138339920948617,Significant
Ctif,-18.183615,-1.640134,6.959206497104112e-74,1.1586671846538165e-71,0.24189723320158102,Significant
Mpc2,-18.190718,-2.2488122,6.113399466301776e-74,1.020830143726362e-71,0.09565217391304348,Significant
Ahcyl2,-18.206398,-1.5906754,4.59177350507714e-74,7.690005151546982e-72,0.2798418972332016,Significant
Fyco1,-18.212688,-2.4260035,4.093463920520244e-74,6.896033405276427e-72,0.08142292490118577,Significant
Cebpa,-18.237982,-4.3018656,2.5780592790309973e-74,4.356002178258279e-72,0.015810276679841896,Significant
Klhl2,-18.28513,-1.4507792,1.0870426623495783e-74,1.8421814356204566e-72,0.35731225296442687,Significant
Ttc7b,-18.315138,-1.6598753,6.266723560509279e-75,1.0651746455491308e-72,0.20869565217391303,Significant
Atp5o,-18.332037,-3.7905354,4.593792914072321e-75,7.831591686233294e-73,0.02766798418972332,Significant
Ppm1a,-18.4099,-1.8337693,1.0942406334480753e-75,1.8823914171953733e-73,0.15889328063241107,Significant
Dnaaf9,-18.44813,-1.4341388,5.3981835829492784e-76,9.314483981718633e-74,0.36996047430830037,Significant
Zscan26,-18.453321,-1.9904531,4.90357824193036e-76,8.486767436892298e-74,0.12648221343873517,Significant
A530020G20Rik,-18.453773,-1.9715621,4.8628460354661843e-76,8.441930369069511e-74,0.13043478260869565,Significant
Gpcpd1,-18.562082,-1.7754568,6.5130274186933615e-77,1.1446243649624035e-74,0.17707509881422925,Significant
Phka2,-18.604254,-1.8100126,2.967975445137725e-77,5.248431360918857e-75,0.17233201581027668,Significant
Mknk2,-18.621857,-3.4056592,2.136716999891065e-77,3.7902430744796617e-75,0.034782608695652174,Significant
Atxn1,-18.68577,-1.434472,6.463969132593941e-78,1.1574366867265144e-75,0.475098814229249,Significant
Ywhab,-18.691635,-1.8522686,5.791008272275934e-78,1.0402075773869526e-75,0.15968379446640316,Significant
6430590A07Rik,-18.7398,-3.0218916,2.3450673541500786e-78,4.225648107995558e-76,0.048221343873517786,Significant
Sfxn5,-18.76286,-2.3118532,1.5199690446292925e-78,2.747573249848779e-76,0.09723320158102766,Significant
H2-K1,-18.813917,-1.7226508,5.808328058658246e-79,1.0600384871412152e-76,0.18735177865612648,Significant
Mapk6,-18.840508,-1.8422774,3.515728064902637e-79,6.436947644489423e-77,0.18023715415019761,Significant
Chd4,-18.890322,-1.8163464,1.3701026024078857e-79,2.516613299474433e-77,0.17233201581027668,Significant
Cachd1,-18.897888,-1.4617679,1.1870859251655685e-79,2.187503549024357e-77,0.4505928853754941,Significant
Aacs,-18.956554,-3.0801198,3.898669706867366e-80,7.207602330478399e-78,0.05375494071146245,Significant
Zkscan3,-18.979183,-1.9712676,2.535067728469581e-80,4.717297108718511e-78,0.14150197628458497,Significant
Hp,-18.980568,-3.0217988,2.469082432209641e-80,4.609574517129481e-78,0.05138339920948617,Significant
Dst,-19.00831,-1.2749424,1.4556556511574347e-80,2.726529224755115e-78,0.6102766798418973,Significant
Aoc3,-19.047306,-1.9426222,6.917119493279373e-81,1.2998934028607947e-78,0.14387351778656127,Significant
Adig,-19.072208,-4.5559244,4.297597215775871e-81,8.102963015347479e-79,0.015810276679841896,Significant
B2m,-19.148224,-2.721136,1.0014605464619358e-81,1.894490530767079e-79,0.06403162055335969,Significant
Mob3b,-19.149044,-2.194147,9.858036819716153e-82,1.8710882485048582e-79,0.11383399209486166,Significant
Larp1,-19.199602,-1.8543932,3.7293145217209443e-82,7.149861891626677e-80,0.16284584980237155,Significant
Apmap,-19.224102,-3.1879041,2.3262992943118025e-82,4.490230783640961e-80,0.043478260869565216,Significant
Cyp4f17,-19.278152,-3.2822306,8.195108356881709e-83,1.5872029420040863e-80,0.0466403162055336,Significant
Clpx,-19.279848,-2.0916483,7.93091716514014e-83,1.5412776597277977e-80,0.1241106719367589,Significant
Mtch2,-19.317398,-2.3222888,3.835040731801429e-83,7.47846076402415e-81,0.09960474308300395,Significant
Ell2,-19.323841,-2.2143893,3.384950556695477e-83,6.623452565250761e-81,0.11462450592885376,Significant
Bcl6,-19.331417,-2.1124854,2.9228315303681964e-83,5.738929316230879e-81,0.12964426877470356,Significant
Idh1,-19.36814,-2.400381,1.4334743724823286e-83,2.824341323305061e-81,0.09249011857707509,Significant
Lrig1,-19.37136,-1.8752291,1.3465191589317208e-83,2.662227341275386e-81,0.18814229249011857,Significant
Ap3s1,-19.391905,-1.7205584,9.03295023462354e-84,1.79214362128815e-81,0.2126482213438735,Significant
Lrrc58,-19.416061,-1.7659341,5.645807393732536e-84,1.1240486671556793e-81,0.20474308300395258,Significant
Mpp1,-19.431055,-2.9228528,4.216072507699743e-84,8.423417005646705e-82,0.06403162055335969,Significant
Ppp1r9a,-19.436121,-1.562488,3.8198337076265385e-84,7.658632082604321e-82,0.3098814229249012,Significant
Zfp423,-19.466177,-1.7363449,2.125594110598026e-84,4.27680050358877e-82,0.2426877470355731,Significant
Arl4a,-19.500134,-2.1638925,1.0949642845836168e-84,2.210934798882118e-82,0.1225296442687747,Significant
Ftl1,-19.504936,-3.5341337,9.968112311388544e-85,2.019908480863968e-82,0.034782608695652174,Significant
Gm20532,-19.52786,-3.4709964,6.364939636560753e-85,1.2943786708764494e-82,0.03636363636363636,Significant
Hivep3,-19.571882,-1.7414777,2.685762733197258e-85,5.4813625731535874e-83,0.233201581027668,Significant
Map3k5,-19.572979,-1.6632084,2.628591626836123e-85,5.383979705887614e-83,0.2845849802371542,Significant
Ormdl3,-19.669073,-4.8559213,3.969763482620388e-86,8.189938495068388e-84,0.014229249011857707,Significant
Cpeb3,-19.681847,-1.6787759,3.0855170046210845e-86,6.388815409459242e-84,0.25770750988142294,Significant
Ptpn14,-19.682014,-1.8252844,3.0752948295970408e-86,6.388815409459242e-84,0.18023715415019761,Significant
Pygb,-19.68256,-2.579911,3.042406434154287e-86,6.345702006123783e-84,0.09249011857707509,Significant
Srebf1,-19.687456,-2.8878775,2.7621252120792505e-86,5.7822857243016395e-84,0.06007905138339921,Significant
Snhg7,-19.70428,-3.5506973,1.9813697167652342e-86,4.163142916691114e-84,0.034782608695652174,Significant
Lgals1,-19.727556,-3.7974043,1.2507274417326618e-86,2.6376915281370185e-84,0.028458498023715414,Significant
Vwa8,-19.786907,-1.6677543,3.8601416018008264e-87,8.171015722979214e-85,0.2608695652173913,Significant
Fam13a,-19.91311,-1.4340789,3.1324957779905373e-88,6.655501570692507e-86,0.5794466403162055,Significant
Ptpa,-19.943825,-2.3452022,1.695867344756697e-88,3.616643538494048e-86,0.10355731225296443,Significant
Mccc2,-19.94626,-2.4109929,1.615273033100795e-88,3.457716608187683e-86,0.09486166007905138,Significant
Gm20528,-19.964108,-3.8416224,1.130302549313815e-88,2.4287002815274694e-86,0.034782608695652174,Significant
4931406C07Rik,-20.006096,-2.9424489,4.873541552807639e-89,1.0511527634788626e-86,0.0616600790513834,Significant
Tns1,-20.024958,-1.3413697,3.337915467745787e-89,7.226777363076534e-87,0.607905138339921,Significant
ENSMUSG00000095041,-20.02553,-2.4018562,3.299820084728862e-89,7.171567001700234e-87,0.08932806324110672,Significant
Eef1a1,-20.036514,-2.4439452,2.6466147184516454e-89,5.773980409323951e-87,0.08774703557312254,Significant
Ppip5k1,-20.104733,-2.2831151,6.708124550757467e-90,1.4691050770949266e-87,0.10988142292490119,Significant
Gm37240,-20.15809,-2.8469176,2.2853446081058006e-90,5.063416627632389e-88,0.06640316205533597,Significant
Srsf11,-20.230028,-1.6200471,5.327331042198634e-91,1.1895825759758133e-88,0.31225296442687744,Significant
Znrf2,-20.241093,-1.9786441,4.256234967007512e-91,9.541506899857273e-89,0.2,Significant
Atxn7l1,-20.255165,-1.685563,3.19871299207974e-91,7.199127133676381e-89,0.30513833992094863,Significant
Ptprd,-20.284819,-1.4951684,1.7511007548866838e-91,3.972487174661461e-89,0.5233201581027668,Significant
Aco1,-20.296764,-2.2896192,1.3733397699168397e-91,3.1279735935533903e-89,0.11541501976284585,Significant
Tnfaip8,-20.331583,-2.047674,6.758618973222435e-92,1.5455523010211192e-89,0.16126482213438736,Significant
Gm35188,-20.363495,-4.825843,3.5251392145704745e-92,8.126516275986129e-90,0.015019762845849802,Significant
Reep5,-20.374676,-2.6439908,2.8056789509313164e-92,6.494234355486995e-90,0.08142292490118577,Significant
Art3,-20.389467,-1.8552688,2.073883691431943e-92,4.839713576796158e-90,0.23478260869565218,Significant
2900052L18Rik,-20.441427,-4.5421376,7.161501988454795e-93,1.6781196902247098e-90,0.018972332015810278,Significant
Ggact,-20.44197,-4.306183,7.081990250493162e-93,1.6663454828650048e-90,0.019762845849802372,Significant
Gm35552,-20.47157,-2.9514608,3.859853831056114e-93,9.119665435442579e-91,0.06324110671936758,Significant
Atp1a2,-20.499668,-1.7637951,2.167674800124986e-93,5.142898783079868e-91,0.23478260869565218,Significant
Rbp4,-20.52221,-4.747802,1.3637084981191557e-93,3.248992702569157e-91,0.012648221343873518,Significant
Insr,-20.53452,-1.5874537,1.0585527605151558e-93,2.532565241029138e-91,0.38814229249011856,Significant
Ddhd2,-20.5397,-2.347034,9.514915315772828e-94,2.2860286624279352e-91,0.11304347826086956,Significant
Pdzd2,-20.540789,-1.6915419,9.303809580065139e-94,2.2447805987224113e-91,0.36047430830039523,Significant
Chp1,-20.58629,-1.9773088,3.64212390350303e-94,8.89840461095487e-92,0.17233201581027668,Significant
Chchd3,-20.616554,-1.6688529,1.9495878300900517e-94,4.8056918023011965e-92,0.31699604743083004,Significant
Prxl2a,-20.662767,-3.2113025,7.494272798888481e-95,1.8553538584413434e-92,0.05138339920948617,Significant
Gm15414,-20.752733,-7.4196033,1.1581616913600482e-95,2.879776631778712e-93,0.0015810276679841897,Significant
Atp5a1,-20.770943,-3.3954537,7.928624665834219e-96,1.9801044609529223e-93,0.043478260869565216,Significant
Enpp2,-20.82239,-1.7790033,2.7130847121000804e-96,6.805539937959941e-94,0.2727272727272727,Significant
5330438D12Rik,-20.853098,-3.6918225,1.4286485320687633e-96,3.599498940908294e-94,0.037944664031620556,Significant
Gm30270,-20.863531,-6.911654,1.1486735316781323e-96,2.9069608696570903e-94,0.003952569169960474,Significant
Vgll4,-20.907614,-1.7730678,4.565047793013279e-97,1.160439224919505e-94,0.2600790513833992,Significant
Gpt2,-20.90764,-2.5181804,4.5624744978375614e-97,1.160439224919505e-94,0.09011857707509881,Significant
Gpd1,-21.043846,-4.9847083,2.60377927998856e-98,6.678459278460747e-96,0.014229249011857707,Significant
Ifi27,-21.054878,-4.0381236,2.0631287908795305e-98,5.315684003686486e-96,0.026877470355731226,Significant
Atosa,-21.162367,-1.7131801,2.1229278596558504e-99,5.494619784393808e-97,0.3422924901185771,Significant
Ccnl2,-21.172768,-1.690883,1.7026218307990114e-99,4.4268945053665074e-97,0.2956521739130435,Significant
Prpf4b,-21.182165,-1.9132384,1.3947471392072412e-99,3.6430411400733724e-97,0.19367588932806323,Significant
Akap7,-21.183247,-1.895016,1.3630444387956407e-99,3.576641170021317e-97,0.22292490118577074,Significant
Cnnm2,-21.26907,-1.9594024,2.1959554044756328e-100,5.8158091481975354e-98,0.2134387351778656,Significant
D5Ertd579e,-21.293467,-1.831252,1.3050567205125141e-100,3.472487603864629e-98,0.2450592885375494,Significant
A830018L16Rik,-21.295101,-4.1891146,1.260315046314006e-100,3.369183054092292e-98,0.02766798418972332,Significant
Hsd17b12,-21.382673,-2.2223694,1.9371184869626054e-101,5.2275575244615025e-99,0.15177865612648223,Significant
Apol6,-21.443073,-2.6609933,5.299567833388281e-102,1.4369652000045815e-99,0.08142292490118577,Significant
Pnpla8,-21.595781,-1.9807715,1.9679183765368534e-103,5.387271167230047e-101,0.20316205533596837,Significant
Pank3,-21.602703,-2.1138878,1.694093848188761e-103,4.660067527039432e-101,0.16758893280632411,Significant
Clybl,-21.607748,-1.8462974,1.5187893702799124e-103,4.198125511315946e-101,0.25217391304347825,Significant
Piezo1,-21.614462,-2.6481097,1.313269106405798e-103,3.6477490823342705e-101,0.08853754940711463,Significant
Hibch,-21.691753,-2.5710366,2.4545411785956848e-104,6.8511779044322e-102,0.09802371541501977,Significant
Tmem120a,-21.71963,-3.0661173,1.3385519797364817e-104,3.773192489018565e-102,0.0616600790513834,Significant
Lonp2,-21.784227,-1.8208911,3.2742171810299407e-105,9.27548261219034e-103,0.26798418972332017,Significant
Clic4,-21.858532,-2.0913181,6.4483946298403365e-106,1.835890193088693e-103,0.19130434782608696,Significant
Dido1,-21.866846,-2.0842695,5.374559635458089e-106,1.5378532673498446e-103,0.1715415019762846,Significant
Atp6v0b,-21.8677,-2.8196359,5.274881450430557e-106,1.5169546700452846e-103,0.07272727272727272,Significant
Gpat3,-21.889706,-2.6922004,3.256143226628711e-106,9.411576216622611e-104,0.09881422924901186,Significant
Trf,-21.895685,-2.5451374,2.855790442775963e-106,8.29650834704623e-104,0.10434782608695652,Significant
C9orf72,-21.920198,-2.5616462,1.6673073691056724e-106,4.868623020730569e-104,0.10592885375494071,Significant
Aox1,-21.979725,-1.8647279,4.501884836101822e-107,1.3213496105797621e-104,0.26798418972332017,Significant
Ifrd1,-22.097216,-2.0242724,3.361651379845619e-108,9.917916643512405e-106,0.2134387351778656,Significant
Miga2,-22.164175,-2.6587002,7.61519308195993e-109,2.2584203608327105e-106,0.091699604743083,Significant
Cyb5b,-22.16754,-2.3539562,7.067032165038479e-109,2.1068265890547437e-106,0.13043478260869565,Significant
Angptl4,-22.236403,-3.3174624,1.5272276841810023e-109,4.5769406086816024e-107,0.05059288537549407,Significant
Prr16,-22.258944,-1.9303132,9.239867494999898e-110,2.7837423017607894e-107,0.31541501976284586,Significant
Cox4i1,-22.275848,-3.7734854,6.336639204191144e-110,1.919226451733234e-107,0.034782608695652174,Significant
Angpt1,-22.308111,-1.9498662,3.0824352082431247e-110,9.385932791046618e-108,0.3067193675889328,Significant
Tmem120b,-22.355307,-2.4064474,1.0721342818830973e-110,3.2821719432637336e-108,0.13122529644268774,Significant
Smoc1,-22.413595,-1.9750078,2.9005122476456228e-111,8.92746312936159e-109,0.26403162055335966,Significant
Gys1,-22.674551,-2.8300831,7.989266151775131e-114,2.4995428788364163e-111,0.07984189723320158,Significant
Aldh6a1,-22.710472,-2.3325596,3.53025927262772e-114,1.1105883604568785e-111,0.1359683794466403,Significant
Med12l,-22.817995,-2.5970812,3.039164585279659e-115,9.61405948057828e-113,0.11383399209486166,Significant
Hsd17b4,-22.837046,-2.5737615,1.9657516000556105e-115,6.253176640154554e-113,0.1075098814229249,Significant
Nrip1,-22.83932,-1.5302051,1.866096089708965e-115,5.969515586748212e-113,0.5992094861660079,Significant
Cgnl1,-22.942652,-2.2766426,1.7446819133476684e-116,5.612651572199411e-114,0.14624505928853754,Significant
Cd1d1,-23.005964,-2.6724763,4.062624055318781e-117,1.314374297351743e-114,0.09407114624505929,Significant
Hmgcs1,-23.10267,-3.2068205,4.352501889960442e-118,1.416204629235643e-115,0.06956521739130435,Significant
Ppp2r1b,-23.131178,-3.2475836,2.2490149209807484e-118,7.359836702043954e-116,0.06403162055335969,Significant
Pex13,-23.25315,-2.7824976,1.321867010905777e-119,4.350776269825771e-117,0.0932806324110672,Significant
Rreb1,-23.26164,-1.9446154,1.0846330699720684e-119,3.590703002167416e-117,0.28537549407114626,Significant
Abcd2,-23.292362,-2.0419693,5.298390211055734e-120,1.764301970805407e-117,0.25533596837944667,Significant
Stx16,-23.379778,-2.1586993,6.864152490061603e-121,2.312731993707679e-118,0.17786561264822134,Significant
Fgfr2,-23.381157,-2.0098052,6.645978088766299e-121,2.252551418764535e-118,0.23241106719367588,Significant
Mical3,-23.597715,-1.9166383,4.0680150752580205e-123,1.3870469844327362e-120,0.31462450592885377,Significant
Adhfe1,-23.675888,-2.5027547,6.389663462156793e-124,2.2050534981737573e-121,0.12727272727272726,Significant
Chd7,-23.684916,-2.6801157,5.1578887436934405e-124,1.7908252619185866e-121,0.10909090909090909,Significant
Il15ra,-23.696754,-2.5235388,3.894424757831764e-124,1.3604444180104201e-121,0.12648221343873517,Significant
Tkt,-23.822144,-3.357781,1.96933259611932e-125,6.921960947878407e-123,0.057707509881422925,Significant
Aifm2,-23.866428,-3.1488397,6.838239930898613e-126,2.4336013744081122e-123,0.07035573122529644,Significant
Por,-23.879915,-2.085391,4.9529343952413724e-126,1.773742373581377e-123,0.23241106719367588,Significant
Acss2,-23.954832,-3.58009,8.228617309519702e-127,2.965479102666844e-124,0.062450592885375494,Significant
Klhl24,-24.016901,-2.4860168,1.8519903224001513e-127,6.716826811960956e-125,0.13359683794466404,Significant
Bckdhb,-24.020103,-1.8138286,1.7146703776402824e-127,6.258656793154828e-125,0.42450592885375493,Significant
Gm3289,-24.09428,-2.7073972,2.869775496625375e-128,1.0542444293764224e-125,0.11541501976284585,Significant
Gm16163,-24.110748,-4.2872243,1.928315345257426e-128,7.129883381448253e-126,0.030039525691699605,Significant
Pparg,-24.114723,-1.9792476,1.7517584025436266e-128,6.519403607793245e-126,0.3865612648221344,Significant
Syne1,-24.123045,-2.1344388,1.4327263991143002e-128,5.367162756050485e-126,0.22134387351778656,Significant
Pmepa1,-24.171673,-2.6747675,4.41895649476821e-129,1.6663563031032892e-126,0.12569169960474308,Significant
Negr1,-24.31176,-1.767735,1.4722180062957164e-130,5.588637699765626e-128,0.5130434782608696,Significant
Ak2,-24.459234,-3.195121,4.0136357970661285e-132,1.544192134599611e-129,0.06956521739130435,Significant
Cluh,-24.5023,-3.165608,1.396078269153383e-132,5.407761409786584e-130,0.06798418972332015,Significant
Gbe1,-24.502481,-2.2704027,1.3898688802511961e-132,5.407761409786584e-130,0.20790513833992094,Significant
Cpeb4,-24.580292,-2.2139077,2.052527016432055e-133,8.116176447406781e-131,0.21818181818181817,Significant
AY036118,-24.603634,-2.1614828,1.1549912896410079e-133,4.599046085555848e-131,0.22924901185770752,Significant
Mrap,-24.809732,-3.8904543,7.039428494160466e-136,2.822761252718247e-133,0.042687747035573126,Significant
Mtus1,-24.91459,-2.1347673,5.17011025332032e-137,2.087881191023492e-134,0.24031620553359684,Significant
Pfkfb1,-24.927984,-2.7425249,3.7009212040253383e-137,1.505243959131477e-134,0.11146245059288537,Significant
Fth1,-25.119566,-4.273682,3.0405011305656016e-139,1.2545592382285213e-136,0.03241106719367589,Significant
Me1,-25.128841,-2.8924992,2.4075092861807454e-139,1.0006276369665534e-136,0.1067193675889328,Significant
Mpc1,-25.130356,-3.053054,2.3175203326556743e-139,9.70308273983432e-137,0.08379446640316206,Significant
B430010I23Rik,-25.18275,-4.083213,6.189850728699897e-140,2.6107873358733396e-137,0.037944664031620556,Significant
Pik3cb,-25.247074,-3.0518813,1.2195501872187973e-140,5.182269194807876e-138,0.08695652173913043,Significant
Gstz1,-25.267025,-3.5411026,7.362153077723063e-141,3.151942544350593e-138,0.05454545454545454,Significant
Gm31356,-25.833794,-6.0849876,3.701049740869508e-147,1.5965263128397776e-144,0.010276679841897233,Significant
4933406I18Rik,-25.892021,-2.340847,8.190814961957777e-148,3.5602533950292966e-145,0.2450592885375494,Significant
Hk2,-25.91679,-3.346157,4.3078956777256984e-148,1.8868914445029154e-145,0.07351778656126483,Significant
Nabp1,-25.920456,-3.2896678,3.916846546185855e-148,1.7289082107470447e-145,0.09011857707509881,Significant
Mpp7,-25.934406,-2.1754305,2.7265094500425063e-148,1.2128919890224247e-145,0.2885375494071146,Significant
Snhg11,-26.00452,-2.9264753,4.402108590273231e-149,1.9737044506988037e-146,0.11462450592885376,Significant
Car5b,-26.150978,-2.719921,9.605779618718763e-151,4.3409737878528975e-148,0.13359683794466404,Significant
Plaat3,-26.28621,-2.8451886,2.757297518171981e-152,1.256026223857846e-149,0.11620553359683794,Significant
Ywhag,-26.648836,-2.8049717,1.8461650442864227e-156,8.477619660218807e-154,0.12173913043478261,Significant
Cav1,-26.686829,-2.2134686,6.693064623433701e-157,3.098453599373483e-154,0.3011857707509881,Significant
2810004N23Rik,-26.697578,-3.6341746,5.0215602732221766e-157,2.3437103567011797e-154,0.06403162055335969,Significant
Adcy5,-26.744183,-2.6664705,1.4429722489975644e-157,6.790436597534737e-155,0.16996047430830039,Significant
Lgals12,-26.791567,-2.9498038,4.051758072680602e-158,1.9225929701375513e-155,0.10592885375494071,Significant
Mat2a,-26.832743,-2.8029761,1.341276408308194e-158,6.417951257603098e-156,0.1391304347826087,Significant
Txlng,-26.874435,-2.229444,4.3712338294396756e-159,2.1347010171850824e-156,0.2948616600790514,Significant
Ptpn4,-26.90866,-2.534657,1.7391130170784163e-159,8.686564412759834e-157,0.1857707509881423,Significant
Mmd,-26.951471,-3.0667756,5.4821722778310554e-160,2.7624811652387446e-157,0.108300395256917,Significant
Sort1,-26.977356,-3.0438526,2.7252730902395236e-160,1.3855337056368635e-157,0.10276679841897234,Significant
Ephx2,-27.066784,-3.5586817,2.423819315199308e-161,1.2433756362771514e-158,0.07035573122529644,Significant
Gm15581,-27.244757,-4.961215,1.917415818026399e-163,9.925415826749199e-161,0.023715415019762844,Significant
Rgs7,-27.269344,-3.9099422,9.801162572616438e-164,5.120073376581216e-161,0.05849802371541502,Significant
A530053G22Rik,-27.555157,-2.6394763,3.8386045267377185e-167,2.0427474799717047e-164,0.22213438735177865,Significant
Immp2l,-27.63602,-1.9877131,4.1094305284760106e-168,2.2075007898297408e-165,0.51699604743083,Significant
Gnpat,-27.63719,-3.0208724,3.9784574749607557e-168,2.157498543635623e-165,0.11620553359683794,Significant
Dgat1,-27.681635,-3.3562045,1.161812978549899e-168,6.361037770347095e-166,0.0782608695652174,Significant
Rgcc,-27.734037,-2.7359881,2.7148103763775826e-169,1.5008157052554946e-166,0.15810276679841898,Significant
Cat,-27.796328,-2.9143085,4.8044828699424894e-170,2.682079010758777e-167,0.1359683794466403,Significant
Lpin1,-27.862413,-2.7204814,7.619143163769658e-171,4.295461691962457e-168,0.16284584980237155,Significant
Ces1d,-27.885359,-3.2837253,4.015914624429561e-171,2.286701946296436e-168,0.08695652173913043,Significant
Pnpla2,-27.973158,-4.063247,3.4471393799283554e-172,1.982662256893944e-169,0.045059288537549404,Significant
Fry,-28.095203,-2.214484,1.1211226919920453e-173,6.581221361311242e-171,0.45296442687747035,Significant
Echdc1,-28.12117,-3.6373746,5.398619129712028e-174,3.202112206926381e-171,0.07193675889328063,Significant
Prkar2b,-28.173807,-2.4635315,1.2246481232023104e-174,7.340283029817132e-172,0.2964426877470356,Significant
Slc1a3,-28.195206,-2.451745,6.695146830980079e-175,4.0556208053493263e-172,0.350197628458498,Significant
Tspan12,-28.268906,-2.8167596,8.336705588690238e-176,5.104304870167859e-173,0.17233201581027668,Significant
Sox6,-28.36872,-2.2965472,4.919153493593872e-177,3.044581729116616e-174,0.4142292490118577,Significant
Agpat2,-28.534954,-5.1142316,4.3180011100630016e-179,2.701882430858213e-176,0.022134387351778657,Significant
Ctcflos,-28.541937,-2.9119387,3.536998891363145e-179,2.237780598590098e-176,0.16363636363636364,Significant
Thrb,-28.76017,-2.2449472,6.758571819388288e-182,4.324043123233579e-179,0.3865612648221344,Significant
Vmp1,-28.767712,-2.823335,5.439275150030326e-182,3.519520071794055e-179,0.15889328063241107,Significant
Bcar3,-28.7763,-2.9162984,4.2469017016766906e-182,2.77957275626635e-179,0.16363636363636364,Significant
Hycc2,-28.873638,-2.6746435,2.5590594767777226e-183,1.6943651821767478e-180,0.20790513833992094,Significant
Pfkfb3,-28.918999,-2.9686346,6.889092675569731e-184,4.6149626592896e-181,0.16442687747035573,Significant
Dram1,-28.970009,-2.6802566,1.5710162972603985e-184,1.064943321217909e-181,0.20316205533596837,Significant
Myl1,-29.040916,-3.1236687,2.0040026067305284e-185,1.3748182220463014e-182,0.1241106719367589,Significant
Slc27a1,-29.18525,-2.7374508,2.9844609049373264e-187,2.0724169315614182e-184,0.1826086956521739,Significant
Trhde,-29.202011,-3.011815,1.8284374233571008e-187,1.285346362016996e-184,0.16758893280632411,Significant
Vegfa,-29.220901,-3.0376084,1.0523634953854462e-187,7.490328723842837e-185,0.13043478260869565,Significant
Tenm4,-29.34181,-2.2868574,3.03954586721008e-189,2.1908200155039135e-186,0.5707509881422925,Significant
Slc36a2,-29.43189,-4.511938,2.1470081715976104e-190,1.5673434910120453e-187,0.03715415019762846,Significant
Alcam,-29.499535,-3.2820578,2.918719685330497e-191,2.158374254576673e-188,0.13754940711462452,Significant
Hacd2,-29.527157,-2.414149,1.2905069861742162e-191,9.66878398680869e-189,0.3486166007905138,Significant
Gm16168,-29.585491,-3.1768131,2.2966841190537626e-192,1.7436732056405373e-189,0.15731225296442689,Significant
Pacrg,-29.711708,-4.179927,5.420806604262264e-194,4.1711641736932104e-191,0.06482213438735178,Significant
Slc22a23,-29.804573,-3.6182303,3.4083773484171736e-195,2.6585810218660583e-192,0.08379446640316206,Significant
4732471J01Rik,-30.354738,-3.704163,2.175599302548327e-202,1.7447999984000603e-199,0.0774703557312253,Significant
Lama4,-30.44545,-2.1321068,1.376104318586989e-203,1.1193822286380249e-200,0.4782608695652174,Significant
Pde3b,-30.458574,-2.2035325,9.223500768749435e-204,7.61152691700524e-201,0.5335968379446641,Significant
Sh3pxd2a,-30.465717,-2.6633606,7.417933356626606e-204,6.2115374008775814e-201,0.27509881422924903,Significant
Csad,-30.505884,-3.0058374,2.177300549271365e-204,1.8504129936725493e-201,0.15573122529644268,Significant
Sntb1,-30.712204,-3.0175376,3.911209886204832e-207,3.374366698945293e-204,0.21976284584980238,Significant
Mlxipl,-30.927809,-3.7289486,5.05168545987267e-210,4.4253541810863036e-207,0.07905138339920949,Significant
Gpam,-31.217865,-3.0979674,6.097416632945171e-214,5.5998871047827576e-211,0.19525691699604744,Significant
Tshr,-31.231863,-2.8273497,3.9365780178156136e-214,3.6746342444662103e-211,0.2948616600790514,Significant
Acox1,-31.246468,-2.8580046,2.493347840822946e-214,2.366228656738323e-211,0.20790513833992094,Significant
Plcb1,-31.348925,-2.5181122,1.006289670041422e-215,9.711718661326882e-213,0.40948616600790516,Significant
Sik2,-31.492712,-2.1524267,1.0930390169707097e-217,1.0730816321608478e-214,0.6031620553359683,Significant
Apoe,-31.643185,-4.2196875,9.410380496525654e-220,9.568508497369058e-217,0.04743083003952569,Significant
Aplp2,-31.699213,-2.8571339,1.5929161528559978e-220,1.6491316119958796e-217,0.20237154150197628,Significant
Ralgapa2,-31.714766,-2.46017,9.72341651868072e-221,1.025298259241109e-217,0.4197628458498024,Significant
Hipk2,-31.75948,-2.8541057,2.349140495199672e-221,2.523819036550274e-218,0.2466403162055336,Significant
Ankef1,-32.1967,-2.7202666,1.9629156000989076e-227,2.191576023239841e-224,0.3217391304347826,Significant
Sorbs1,-32.296486,-2.4225159,7.836039686649565e-229,8.923838715950257e-226,0.5652173913043478,Significant
Ghr,-32.433475,-1.9628627,9.263851822769006e-231,1.076516299265898e-227,0.9525691699604744,Significant
Pck1,-32.477543,-3.675514,2.2133801935318588e-231,2.6256683666645328e-228,0.11699604743083004,Significant
Cdo1,-32.728523,-3.1952474,6.137788817770406e-235,7.435996448354567e-232,0.17549407114624507,Significant
Acvr1c,-32.837772,-2.7949653,1.702537600275512e-236,2.1074824673323463e-233,0.34782608695652173,Significant
B3galt2,-33.06087,-4.440184,1.0856900447578597e-239,1.3737839297457176e-236,0.05691699604743083,Significant
Nrg4,-33.12503,-3.662044,1.2963950871383968e-240,1.677682560380624e-237,0.12569169960474308,Significant
Cd36,-33.841526,-2.7167916,4.836011944550815e-251,6.403892003131814e-248,0.3857707509881423,Significant
Mgst1,-33.967552,-3.4071767,6.716863596525688e-253,9.328412928043151e-250,0.12490118577075099,Significant
Rbm47,-34.23395,-3.4591568,7.559352483651674e-257,1.0760927244290249e-253,0.1715415019762846,Significant
Slc1a5,-34.67632,-2.531035,1.792608475290043e-263,2.6861294524076405e-260,0.4608695652173913,Significant
Acacb,-34.857418,-4.3451204,3.286765068453799e-266,5.058153777373724e-263,0.09090909090909091,Significant
Ddx5,-35.167786,-2.416961,6.217017005680284e-271,1.01143761520126e-267,0.4426877470355731,Significant
Dgat2,-35.443592,-4.538107,3.640794361833861e-275,6.097366816387702e-272,0.06956521739130435,Significant
Mgll,-35.48263,-3.5124807,9.109753440490946e-276,1.5718741534999845e-272,0.19525691699604744,Significant
Lipe,-35.79469,-3.594581,1.3358050698319653e-280,2.4536153703645787e-277,0.15968379446640316,Significant
Pcx,-35.982693,-3.4177928,1.5602977924932838e-283,2.961497220078669e-280,0.23873517786561266,Significant
Fasn,-36.30984,-6.536239,1.1315204140985725e-288,2.22172082410989e-285,0.015810276679841896,Significant
Adrb3,-36.31539,-3.6922102,9.248591555062615e-289,1.8808001847743582e-285,0.16758893280632411,Significant
Adipor2,-36.367836,-3.2687366,1.3732418624242255e-289,2.896065366233253e-286,0.3098814229249012,Significant
Acsl1,-36.60516,-3.4420445,2.3676043009075484e-293,5.185144480691412e-290,0.3264822134387352,Significant
Ppp2r5a,-36.627304,-3.2800286,1.0517038699019201e-293,2.3954028022434092e-290,0.24189723320158102,Significant
Neat1,-36.663597,-2.0252578,2.7789900884794676e-294,6.593269776171224e-291,0.8490118577075099,Significant
Cidec,-36.698105,-3.5865974,7.829639978489462e-295,1.938380565283341e-291,0.21027667984189724,Significant
Chpt1,-36.713448,-3.3584282,4.456147823063885e-295,1.1533523326958214e-291,0.25138339920948616,Significant
Dbi,-36.766026,-3.8278093,6.447955151966729e-296,1.7483476871816073e-292,0.09881422924901186,Significant
Pnpla3,-36.854073,-4.315053,2.516579267022067e-297,7.164827002175177e-294,0.10039525691699605,Significant
Thrsp,-37.76071,-6.1350875,0.0,0.0,0.02292490118577075,Significant
Retn,-37.980053,-4.221665,0.0,0.0,0.08142292490118577,Significant
Gm49513,-38.38602,-4.697245,0.0,0.0,0.07905138339920949,Significant
Plin1,-38.477512,-3.9842713,0.0,0.0,0.15810276679841898,Significant
Adipoq,-38.97572,-4.443175,0.0,0.0,0.0774703557312253,Significant
Cyp2e1,-39.314835,-4.0281253,0.0,0.0,0.1359683794466403,Significant
Plin4,-39.67545,-4.2694907,0.0,0.0,0.13517786561264822,Significant
Acaca,-40.267914,-3.7667925,0.0,0.0,0.341501976284585,Significant
Lpl,-41.557163,-2.9839118,0.0,0.0,0.5075098814229249,Significant
Car3,-43.59726,-3.4015481,0.0,0.0,0.5486166007905139,Significant
G0s2,-44.844147,-5.73314,0.0,0.0,0.06007905138339921,Significant
Scd1,-51.957253,-5.3620296,0.0,0.0,0.14545454545454545,Significant
Fabp4,-52.90369,-4.48222,0.0,0.0,0.3984189723320158,Significant
Cfd,-55.1982,-6.2524533,0.0,0.0,0.13122529644268774,Significant
