names,scores,logfoldchanges,pvals,pvals_adj,pct_nz_group,Significant
Mir6236,60.300415,2.3662415,0.0,0.0,0.9996632618700191,Significant
Taco1,57.679947,4.9876246,0.0,0.0,0.8506005163317993,Significant
Rn18s-rs5,56.963028,1.5807573,0.0,0.0,1.0,Significant
Zbtb16,43.978218,2.416152,0.0,0.0,0.851722976765069,Significant
Slit3,40.52428,2.5609925,0.0,0.0,0.8341003479627344,Significant
Eepd1,39.89979,2.8810608,0.0,0.0,0.7291502974520148,Significant
Npr3,39.31668,3.362237,0.0,0.0,0.6776293635649343,Significant
Dapk1,37.295063,2.1698287,1.9730385965081965e-304,8.642060824905633e-301,0.7746099449994388,Significant
Tenm4,34.69793,2.1606784,8.466034788931053e-264,3.2137632461101542e-260,0.847457627118644,Significant
Mycbp2,33.98207,1.6094828,4.099833062390321e-253,1.3732270259151015e-249,0.7975081378381412,Significant
Fam13a,32.898914,2.2116344,2.2779011922029683e-237,6.826630093959433e-234,0.7939162644516781,Significant
Sgcd,32.85999,1.8687276,8.201429911455831e-237,2.3349881029410324e-233,0.7783140644292289,Significant
Ebf1,32.173862,1.6230586,4.0966094257293723e-227,1.1107858919545534e-223,0.9007744976989561,Significant
Auts2,30.567484,1.5894397,3.3121371485495532e-205,7.858183390648338e-202,0.8305084745762712,Significant
Ghr,30.181288,1.3698022,4.1696405048928205e-200,9.496939999564084e-197,0.9747446402514311,Significant
Lpgat1,28.95788,1.9980999,2.2331505055280773e-184,4.384752515009457e-181,0.6442922886968234,Significant
Slc1a3,28.868671,1.9110678,2.9541670539093063e-183,5.607107540554994e-180,0.7038949377034459,Significant
Lrmda,28.139124,1.2610016,3.2559069267112154e-174,5.980470848834301e-171,0.9031316646088225,Significant
Zfand3,28.077976,1.1195045,1.819896591181458e-173,3.2383353687019817e-170,0.8178246716803232,Significant
Utrn,28.059975,1.2194005,3.018404337018485e-173,5.20821095012635e-170,0.8296105062296554,Significant
Sik2,27.702608,1.4886729,6.49500167298274e-169,1.0566625436037434e-165,0.8403861263890448,Significant
Ccdc80,27.615166,1.8321295,7.316695341109447e-168,1.1572776372725363e-164,0.6422718599169379,Significant
Sorbs1,27.50643,1.4264078,1.4707696526820784e-166,2.2634349944154117e-163,0.851722976765069,Significant
Fry,27.229002,1.4268954,2.946655495746382e-163,4.415408173244599e-160,0.8123246155573016,Significant
Smoc1,26.712898,1.8604076,3.333671909123976e-157,4.8672464660879055e-154,0.6228532944213716,Significant
Aldh1a1,26.428413,1.8600714,6.46186051892301e-154,9.198619995199878e-151,0.6181389606016388,Significant
Pik3r1,26.422028,1.417792,7.651786415064982e-154,1.0626838299029638e-150,0.7603546974969132,Significant
Slc7a10,26.036552,2.2178006,1.9105348516265276e-149,2.5299480229410725e-146,0.5339544281064093,Significant
Camk1d,25.44478,1.2211308,8.064005208029916e-143,1.0435739103418898e-139,0.8779885509035806,Significant
Acss3,25.379425,1.4573361,4.255531991164255e-142,5.384761046864085e-139,0.7267931305421483,Significant
Cachd1,25.171131,1.6498098,8.297474216517247e-140,1.0052478284312948e-136,0.6570883376360983,Significant
Mageb18,24.782227,3.9877737,1.393822898040651e-135,1.6534514507777648e-132,0.38870804804130654,Significant
Dlc1,24.727331,1.2961355,5.436823824373106e-135,6.317922150686307e-132,0.7911101133685038,Significant
Gm4876,24.361929,1.8090342,4.3333950299056136e-131,4.93495692795711e-128,0.5920978785497811,Significant
Arhgap24,24.158808,1.537073,6.03347033265684e-129,6.606766042534867e-126,0.6610169491525424,Significant
Tns1,24.15284,1.2513968,6.970923489660131e-129,7.489270838202594e-126,0.7805589852957683,Significant
Tshr,23.931923,1.5571241,1.4254733027741523e-126,1.4757795515138729e-123,0.6720170613985857,Significant
Art3,23.658611,1.7122301,9.624691204571299e-124,9.61472880490341e-121,0.5891794814232798,Significant
Ptprm,22.923359,1.2617779,2.717809409478651e-116,2.5369636981167844e-113,0.744976989561118,Significant
Celf2,22.891876,1.0081084,5.598031369583549e-116,5.14125006799124e-113,0.9005500056123021,Significant
Asph,22.506557,1.3347895,3.580196755276313e-112,3.2358727530506116e-109,0.6658435290156022,Significant
Bmper,22.307383,2.2328308,3.133003527450834e-110,2.7874430290090304e-107,0.4600965315972612,Significant
Gm54318,22.144201,3.3601632,1.1864326069017002e-108,1.0393332164552264e-105,0.3635649343360646,Significant
Ctdspl,21.780344,1.3762028,3.563862306612719e-105,3.028804232848281e-102,0.6210573577281401,Significant
Gnai1,21.397032,1.6201799,1.4238796716435441e-101,1.1582447483293578e-98,0.5402402065327198,Significant
Rock2,20.530403,1.022637,1.1521557868751773e-93,8.986972967186228e-91,0.7073745650465821,Significant
Pde3b,20.421482,1.0195191,1.0774697114566454e-92,8.290838221628764e-90,0.8128858457739365,Significant
Bnip3,20.382603,1.9682361,2.3862045774157667e-92,1.8116383312350823e-89,0.4468514984846784,Significant
Trabd2b,20.337904,1.7933923,5.941522200339033e-92,4.4515291527566435e-89,0.4843416769558873,Significant
Abca1,20.103111,1.055016,6.930995385093408e-90,5.125426080813036e-87,0.6932315635873836,Significant
Acvr1c,19.337828,1.1598839,2.5812382315032462e-83,1.7497415016669802e-80,0.6960377146705579,Significant
4933406I18Rik,18.77768,1.2424319,1.1499725324264683e-78,7.440975678283584e-76,0.580536536087103,Significant
Prkar2b,18.575521,1.1907635,5.071064917807035e-77,3.1386033422266345e-74,0.6195981591648895,Significant
Fkbp5,18.493889,1.4763254,2.312630074601536e-76,1.415951280407377e-73,0.5136378942642272,Significant
Bckdhb,18.285313,1.0370421,1.0834038325634253e-74,6.426051836457708e-72,0.6520372656863845,Significant
Prr16,18.256447,1.3104973,1.8387506554245427e-74,1.0793845471188546e-71,0.5492198899988775,Significant
Tead1,17.925524,1.1039578,7.454495171810713e-72,4.081407784404556e-69,0.621618587944775,Significant
Negr1,17.44254,1.1090609,3.922485195638625e-68,2.068057680785731e-65,0.6735885060051633,Significant
Ank2,16.668318,1.241033,2.2277498676496166e-62,1.06596895137678e-59,0.5209338870804804,Significant
Gm54867,16.617666,4.2530074,5.191508558154263e-62,2.423030236146409e-59,0.2464923111460321,Significant
Prkd1,16.4808,1.0701556,5.041336660232745e-61,2.2603051241756907e-58,0.5759344483106971,Significant
Rbms3,16.475212,1.0124868,5.529381773172227e-61,2.459754121454686e-58,0.6455269951734202,Significant
Por,16.333578,1.1461884,5.694455649246943e-60,2.475175565830307e-57,0.5329442137164665,Significant
Tln2,16.220818,1.4613606,3.593838336865166e-59,1.5386221709732288e-56,0.4346166797620384,Significant
Scara5,16.09105,2.3537788,2.9479918101135033e-58,1.2342764827917132e-55,0.3160848580087552,Significant
Hip1,16.07057,1.2751693,4.1029851817473855e-58,1.7053144469626123e-55,0.5007295992816253,Significant
Atosa,16.063194,1.0466423,4.621296482019382e-58,1.906820601323664e-55,0.5851386238635088,Significant
Lgr4,15.867863,1.5027703,1.0578152845301024e-56,4.2718482352076993e-54,0.42159613873610957,Significant
Pdzrn3,15.743317,1.075235,7.633602849513649e-56,3.0185068045427545e-53,0.5601077562015939,Significant
Scn7a,15.280052,1.3924642,1.0385694998195176e-52,3.9957558033258885e-50,0.42440228981928385,Significant
Nnat,15.199538,1.5535226,3.561242527235493e-52,1.3518714049554415e-49,0.3864631271747671,Significant
Tom1l2,15.061546,1.24601,2.8992404776699896e-51,1.0650687228323025e-48,0.4579638567740487,Significant
Aff1,15.017507,1.021451,5.638885596575776e-51,2.045119648118607e-48,0.5340666741497362,Significant
Pid1,15.004903,1.0018494,6.819038896530577e-51,2.457486669666757e-48,0.6724660455718936,Significant
Ranbp9,14.92457,1.0181509,2.2810137624053835e-50,8.017481768217589e-48,0.5388932540127961,Significant
Abcd2,14.839272,1.0348059,8.16377288682747e-50,2.8003216382460416e-47,0.5234033000336739,Significant
Pde4d,14.777881,1.084379,2.034669317048553e-49,6.896196760837004e-47,0.534964642496352,Significant
Adgrg2,14.724822,1.3799696,4.466452465219551e-49,1.4700824845206152e-46,0.43012683802895946,Significant
Ctcflos,14.699281,1.1053234,6.5147964383271284e-49,2.1197658513987717e-46,0.514199124480862,Significant
4931428L18Rik,14.395976,1.5857489,5.484491044817317e-47,1.7158923328733126e-44,0.36805477606914355,Significant
Slc24a3,14.363141,1.0192702,8.814018390794458e-47,2.7276033760338437e-44,0.5202604108205185,Significant
Fggy,13.949486,1.0875916,3.168821999161594e-44,8.976910122102503e-42,0.4723313503199012,Significant
Snrk,13.636077,1.105624,2.4435786669611327e-42,6.563198720539333e-40,0.4597597934672803,Significant
Egfr,13.517899,1.066489,1.2262923824139168e-41,3.278230729907551e-39,0.4879335503423504,Significant
Pabpn1,13.142044,1.676879,1.8905095735117564e-39,4.893068437515133e-37,0.3176563026153328,Significant
Osbpl1a,12.888529,1.2201691,5.223054870221487e-38,1.2930694233273115e-35,0.399259176114042,Significant
Adamts5,12.876062,1.329308,6.138873142239822e-38,1.5132189419579123e-35,0.37557526097205074,Significant
Apex2,12.823547,1.2651637,1.2103415734104132e-37,2.957856632255894e-35,0.39106521495117297,Significant
Hexb,12.585258,1.2632827,2.5451041914421388e-36,5.939376137906017e-34,0.36423841059602646,Significant
Lhfpl2,12.508176,1.2422705,6.735343415866111e-36,1.5402296764772378e-33,0.38915703221461445,Significant
Naaladl2,11.989564,1.1093688,4.0301936552546456e-33,8.627190109919353e-31,0.38522842069817037,Significant
Snta1,11.283216,1.6054378,1.5883056965744827e-29,2.955546231001556e-27,0.2809518464474127,Significant
Col15a1,11.124871,1.3599956,9.494253202885248e-29,1.7037129240491183e-26,0.3204624536985071,Significant
Col5a3,11.04506,1.1298836,2.316118039788838e-28,4.095716686447709e-26,0.3710854192389718,Significant
Pde1a,10.967019,1.0453068,5.50576603129531e-28,9.55804340207275e-26,0.3872488494780559,Significant
2310014F06Rik,10.518277,2.4513283,7.116274391889762e-26,1.13503579873556e-23,0.19654282186552924,Significant
Kirrel,10.4296465,1.192967,1.8156259164049152e-25,2.8480318266119084e-23,0.3214726680884499,Significant
Gm34907,10.342948,2.6420088,4.5046125793738235e-25,6.913669673372638e-23,0.18587944774946683,Significant
Itih5,10.008537,1.0448338,1.3980364817937675e-23,1.9901398827454726e-21,0.35537097317319566,Significant
Nav3,9.886664,1.0208274,4.7561256858025735e-23,6.573265841633115e-21,0.37355483219216523,Significant
Emp1,9.794382,1.6208348,1.1902248835881842e-22,1.6098003585841995e-20,0.23470647659669996,Significant
Gm31517,8.983648,2.8124952,2.6193296502611056e-19,2.9359694806204255e-17,0.15658323044112696,Significant
Niban2,8.956952,2.0356185,3.337754826025516e-19,3.6903902436644454e-17,0.18509372544617803,Significant
Shb,8.941046,1.3122901,3.855045937815026e-19,4.2213494374062573e-17,0.25547199461218995,Significant
Abhd5,8.771234,1.1831688,1.7671911534990662e-18,1.8599931880109118e-16,0.2858906723537995,Significant
Macrod2,8.689467,1.0963646,3.641418154508371e-18,3.7427074212249306e-16,0.3025030867661915,Significant
Il1r1,8.605547,1.1315013,7.595397559134766e-18,7.600870516954178e-16,0.2883600853069929,Significant
Dcun1d3,8.472147,1.0173483,2.4091164239370405e-17,2.3289897843021906e-15,0.31339095296890784,Significant
Ppp4r1l-ps,8.377524,1.1750017,5.40523822524182e-17,5.062165621439054e-15,0.2678190593781569,Significant
Chst1,8.165902,1.0217743,3.1904171448684987e-16,2.7862813289257234e-14,0.3020541025928836,Significant
Gm30173,7.6597395,1.4618878,1.8631088195389794e-14,1.4069930940765122e-12,0.21337972836457514,Significant
Shroom3,7.581024,1.0014122,3.428377197506064e-14,2.522160542676909e-12,0.2727578852845437,Significant
Gm36638,7.0874505,1.652192,1.3660525943306797e-12,8.473246271653947e-11,0.16601189808059266,Significant
Sybu,6.753499,1.4025397,1.4432165524201978e-11,8.04879468279711e-10,0.18284880457963856,Significant
Plagl1,6.7247515,1.1839858,1.758926229277226e-11,9.676813374036185e-10,0.21708384779436524,Significant
Slc2a3,6.7159796,1.0938301,1.8680686118008483e-11,1.0247562121825828e-09,0.234481984510046,Significant
Usp35,6.547941,1.581366,5.833566991193414e-11,3.000624553256948e-09,0.1674710966438433,Significant
St6galnac5,6.4309626,1.5105236,1.267983156206596e-10,6.208102226789319e-09,0.17544056572005837,Significant
Palm,6.327621,1.0613979,2.489696719291224e-10,1.1823671467319565e-08,0.2078796722415535,Significant
Zfp804b,6.1581717,4.262701,7.358946340738932e-10,3.2736387780313714e-08,0.09080704905152093,Significant
Rxra,6.097496,1.1536603,1.0774270035555527e-09,4.676049619623226e-08,0.19822651251543383,Significant
Gfod2,6.088702,1.1459599,1.138295409853915e-09,4.914001435367079e-08,0.2110225614547087,Significant
Klhdc8b,6.031089,1.7235487,1.6285874315635252e-09,6.869140514122866e-08,0.13929733976877315,Significant
Slc5a3,6.0256977,1.1039513,1.6838172639797689e-09,7.081110696327328e-08,0.2061959815916489,Significant
Or5m3b,5.7493153,1.2039793,8.960559976362813e-09,3.412864519157692e-07,0.17229767650690314,Significant
Dcdc2a,5.66455,1.1138034,1.4741091304499841e-08,5.422302842180398e-07,0.15209338870804803,Significant
1700087I21Rik,5.6183925,1.1751631,1.9274233686900994e-08,7.003791578594955e-07,0.18307329666629252,Significant
Pkhd1,5.078128,1.1870862,3.8117202881684757e-07,1.1405316076121975e-05,0.12784824334942194,Significant
Gm5627,4.9809475,2.7392015,6.32736881633414e-07,1.8168769932974397e-05,0.08912335840161634,Significant
Gm12122,4.574242,2.392169,4.779467315411072e-06,0.00011832506452470513,0.08328656414861377,Significant
Gm42906,4.502251,2.2876027,6.723747440531877e-06,0.000162987187318572,0.08250084184532495,Significant
Gm38034,4.454498,2.4191146,8.40898214470208e-06,0.0001999231116081341,0.07924570658884274,Significant
A230057D06Rik,4.3624825,2.6433253,1.2859482671470856e-05,0.00029549306004690156,0.07565383320237962,Significant
Adam28,4.2307305,6.925243,2.329337710253315e-05,0.0005081793814541533,0.05892917274666068,Significant
Gm10687,4.1874795,1.260435,2.820695895430606e-05,0.0006083835037186141,0.13503199012234818,Significant
Rtn4rl1,4.1144,1.0365155,3.88188213633001e-05,0.0008078883432922774,0.15647098439779997,Significant
4930511M06Rik,4.1084013,1.2995738,3.9840719352161325e-05,0.0008273415027831575,0.11000112246043327,Significant
Grb14,4.0855117,1.7953467,4.397982353685965e-05,0.0009027596005812276,0.08654169940509597,Significant
A330093E20Rik,3.9813256,5.84844,6.853197696332805e-05,0.0013573145392239523,0.0567964979234482,Significant
Mindy4,3.945632,1.3538504,7.95898076364066e-05,0.0015541574885543992,0.10786844763722078,Significant
Gjc1,3.8782728,1.0316944,0.00010520068882153236,0.002001414106978575,0.12762375126276798,Significant
Gm47121,3.8330262,3.7431138,0.00012657647562961888,0.0023691926950476934,0.05915366483331463,Significant
Galm,3.7391486,1.074242,0.0001846445619098277,0.003343035294024642,0.14434841171848692,Significant
Fgf13,3.4296014,1.1111218,0.0006044685595572445,0.009859365296404772,0.08990908070490515,Significant
Scart1,3.3053138,2.9714282,0.0009487013707758961,0.01466341062794525,0.05421483892692783,Significant
Gm48099,3.1675224,1.2609513,0.0015374384040599699,0.02243548953500224,0.0847457627118644,Significant
Hif3a,3.1115787,1.7910646,0.0018608983135713626,0.026496976962507364,0.06656190369289483,Significant
Cnksr2,3.0518212,7.735668,0.0022745746735494793,0.03153556281630896,0.04231675833426872,Significant
Gm48225,2.9969883,1.1001918,0.0027266107829701136,0.03692174663331777,0.10719497137725895,Significant
Igf1os,2.9497979,1.5553085,0.0031798192216815754,0.042333899065178995,0.07397014255247503,Significant
Sh2d4b,2.9404783,1.9924848,0.0032770605268735756,0.043445658547312756,0.05769446627006398,Significant
Lcn8,2.9281557,26.662437,0.003409792351021955,0.04494374681933823,0.040184083511056234,Significant
Acrbp,-2.8890963,-1.5310268,0.0038635085090489188,0.04997530366290539,0.016612414412391963,Significant
Cct5,-2.890444,-1.4706944,0.003846980894041526,0.049772992294391846,0.018408351105623527,Significant
Manea,-2.8926287,-1.0024154,0.0038203280251598395,0.04945062470575731,0.03445953530138063,Significant
Hmgcs2,-2.894791,-1.3345203,0.003794111546058005,0.0491559739576994,0.024806375575260973,Significant
Sec11c,-2.89692,-1.3163179,0.003768458921977281,0.0488550746523904,0.025704343921876753,Significant
Trim3,-2.8972902,-1.0425564,0.003764013721059088,0.04881045440465168,0.03221461443484117,Significant
Elof1,-2.9011261,-2.7342803,0.003718241076298318,0.04826085368714441,0.006285778426310473,Significant
Irak4,-2.906947,-1.3610511,0.003649752683935804,0.04743678785117293,0.02278594679537546,Significant
Commd4,-2.907902,-2.4324849,0.0036386224495991667,0.04730292258050825,0.007969469076215064,Significant
Cd180,-2.9079614,-1.3161603,0.003637933220044337,0.04730292258050825,0.027500280615108317,Significant
Fkbp2,-2.909324,-2.410178,0.003622113672536156,0.04713134703562186,0.008418453249522954,Significant
Kctd12,-2.909435,-1.0028262,0.003620826797564082,0.04713095345482366,0.03715344034122797,Significant
C730002L08Rik,-2.9106236,-1.1894681,0.0036070832400136275,0.04698244042086484,0.02188797844875968,Significant
2010004M13Rik,-2.911338,-3.4025242,0.0035988428361223646,0.046918759145736684,0.003928611516444046,Significant
Uqcrc1,-2.9115973,-1.2250891,0.0035958583224969783,0.04689687786103996,0.028622741048378045,Significant
Ocel1,-2.911601,-2.7401166,0.003595815702902844,0.04689687786103996,0.006622516556291391,Significant
Il10ra,-2.911753,-1.3402481,0.003594068695094188,0.04689501960755229,0.026490066225165563,Significant
Atp1b1,-2.9133968,-1.0819845,0.0035751992672289623,0.04670232197184775,0.03255135256482209,Significant
Cd52,-2.913534,-3.929057,0.0035736308899124588,0.04669254623738075,0.0030306431698282634,Significant
Psmd8,-2.9141188,-1.3806353,0.0035669405352095587,0.04662652915871614,0.020765518015489953,Significant
Ero1b,-2.9141781,-1.3595992,0.0035662636666757325,0.04662652915871614,0.023122684925356383,Significant
Lamtor4,-2.9143374,-1.9429033,0.0035644451614285136,0.046615312801309365,0.01189808059265911,Significant
Med8,-2.9145966,-1.1063801,0.0035614866083539887,0.04659802595732639,0.028286002918397127,Significant
Atp13a1,-2.9162369,-1.4237725,0.0035428149412654523,0.04640704521982887,0.021775732405432707,Significant
Cnn3,-2.9203134,-1.3448477,0.003496794840341082,0.04588868287712873,0.0234594230553373,Significant
Prdx2,-2.920532,-2.0744805,0.003494344156889706,0.04586709327742203,0.01189808059265911,Significant
Tlcd3b,-2.9205801,-2.1118307,0.003493804385966421,0.04586709327742203,0.009540913682792682,Significant
Stk26,-2.921728,-2.179273,0.003480955382087014,0.04572297125984237,0.011000112246043327,Significant
Rcn2,-2.9218056,-1.062291,0.003480086522920843,0.04572210583794087,0.03232686047816814,Significant
2300009A05Rik,-2.9219909,-1.611767,0.0034780186049592015,0.04570548289521853,0.0148164777191604,Significant
Fndc1,-2.9220204,-1.7034843,0.0034776878418826635,0.04570548289521853,0.015826692109103153,Significant
Tor1a,-2.922024,-1.5760455,0.003477646498511028,0.04570548289521853,0.015714446065776183,Significant
Tmed4,-2.923457,-1.6892412,0.003461680155133242,0.04552229323636073,0.015826692109103153,Significant
Gm56596,-2.9235015,-1.3462756,0.0034611861428873176,0.04552229323636073,0.0209900101021439,Significant
Ly96,-2.9235532,-1.2063439,0.0034606098763660924,0.04552229323636073,0.02604108205185767,Significant
Gm43481,-2.924179,-1.3684258,0.003453660402458155,0.04545882500609565,0.019194073408912337,Significant
Zscan29,-2.9255638,-1.0520979,0.0034383262316292932,0.04529887412198139,0.027051296441800425,Significant
Lrrc14,-2.9278743,-2.059794,0.003412879849506494,0.04497403182382533,0.0098776518127736,Significant
Ica1,-2.9287481,-1.224569,0.003403300664372324,0.04487658484294208,0.031765630261533284,Significant
Trim30d,-2.9301922,-1.4399195,0.003387524290728981,0.044701974655480634,0.022561454708721517,Significant
Os9,-2.9336467,-1.0393895,0.0033500521832041117,0.044289603288559395,0.0382759007744977,Significant
Lemd2,-2.9372458,-1.2527311,0.0033114155338418547,0.04381950079304881,0.02357166909866427,Significant
Gm56555,-2.9376752,-1.0504858,0.003306831786494909,0.043779192921368656,0.03300033673812998,Significant
Gale,-2.9391046,-1.9287639,0.003291620552881376,0.04359054933231438,0.010102143899427546,Significant
Tomm7,-2.9398081,-2.42162,0.003284156590380489,0.043519469493333816,0.00942866763946571,Significant
Arpc5l,-2.940778,-1.1110295,0.0032738894667085285,0.043423067431011236,0.02884723313503199,Significant
Ccdc106,-2.941652,-1.7093107,0.003264666259003871,0.04331159400138384,0.014591985632506453,Significant
4930512B01Rik,-2.9425776,-3.737703,0.0032549217371593696,0.043222597629568954,0.002581658996520373,Significant
Fkbp3,-2.9428701,-1.1755946,0.003251847982728799,0.043191853507012025,0.027500280615108317,Significant
Tfe3,-2.9445994,-1.3846893,0.0032337317751356446,0.04297127678132993,0.0222247165787406,Significant
Tmem258,-2.9454286,-3.525795,0.0032250748777990653,0.04287625230370221,0.003928611516444046,Significant
Ro60,-2.945599,-1.0519166,0.003223299737796011,0.04286266005834719,0.027724772701762265,Significant
Tmem254,-2.946047,-1.6086886,0.0032186345981114013,0.042810621969413994,0.019194073408912337,Significant
9030025P20Rik,-2.9495387,-2.4714508,0.0031824876447348223,0.04235952056541503,0.007857223032888092,Significant
Tmem70,-2.9586732,-1.6290493,0.003089666177353359,0.0412010964413765,0.01807161297564261,Significant
Mrps6,-2.9610095,-1.7091174,0.0030663244871167094,0.04091858041268164,0.015714446065776183,Significant
A430090L17Rik,-2.9616168,-4.1893916,0.003060284254363682,0.04085540865593782,0.0023571669098664274,Significant
Zfp180,-2.963172,-1.0517589,0.0030448648121424314,0.04070853422592209,0.02929621730833988,Significant
Acp2,-2.9632905,-1.0124522,0.0030436929075133017,0.040702423167382554,0.03389830508474576,Significant
Pogk,-2.9648197,-1.5697215,0.003028604885642083,0.040529210527225815,0.01694915254237288,Significant
Rdh14,-2.9668598,-1.3785796,0.0030085815679850273,0.0402896620561231,0.019530811538893255,Significant
Abhd14b,-2.9681594,-1.6098592,0.0029958892868784514,0.040157469840900635,0.014143001459198563,Significant
Gm49417,-2.9683037,-1.544771,0.00299448205293423,0.040148058058895215,0.018296105062296553,Significant
Gm29237,-2.9748464,-3.3950765,0.0029313526327989304,0.03938512276172815,0.0034796273431361544,Significant
Aph1a,-2.9751537,-1.7899321,0.002928417385589665,0.03935497152533894,0.015153215849141317,Significant
2310039H08Rik,-2.978301,-3.4941914,0.0028985116456923432,0.038980668780672585,0.003928611516444046,Significant
Ets2,-2.9797118,-2.0723214,0.002885197536418491,0.038810780279046844,0.012459310809293972,Significant
Gusb,-2.9799597,-1.3009183,0.002882861990168985,0.03879769429974289,0.02390840722864519,Significant
Tm4sf1,-2.9824665,-1.5668571,0.002859359153015228,0.038526921327931875,0.02054102592883601,Significant
Pik3c2b,-2.9831514,-2.7831576,0.002852967167540924,0.03844989431643733,0.007520484902907173,Significant
Psph,-2.9838588,-1.6187532,0.00284638156412621,0.038370220796143585,0.017173644629026825,Significant
Col4a6,-2.9856546,-1.1791695,0.0028297212802506706,0.03817551866754666,0.024581883488607025,Significant
Ahr,-2.9860804,-1.6005435,0.002825783985721637,0.03813770228276268,0.019530811538893255,Significant
Ccng1,-2.9881501,-2.2116816,0.002806716473193711,0.03790731563095899,0.009540913682792682,Significant
Ttpal,-2.9921231,-1.455487,0.002770445264758716,0.03747076575311783,0.020653271972162983,Significant
Rdh10,-2.9926007,-1.3982264,0.0027661135592869602,0.037421067279486527,0.022000224492086655,Significant
Fam8a1,-2.9975364,-1.0703924,0.002721713477307599,0.036864197695378687,0.027837018745089235,Significant
Twsg1,-3.0026276,-1.4549068,0.0026765975449192353,0.03632224518714161,0.0209900101021439,Significant
Cox5b,-3.003631,-3.5117652,0.002667786639865792,0.036228580744239944,0.004040857559771018,Significant
Pomt1,-3.0094924,-1.3809124,0.0026168467753985487,0.03559624277065666,0.018408351105623527,Significant
Slc29a3,-3.011351,-1.0804261,0.0026008794314799047,0.035395954997107376,0.03097990795824447,Significant
Rxrb,-3.0121915,-1.777325,0.002593688427795469,0.035323418504449124,0.015040969805814345,Significant
Zfp366,-3.0129693,-2.2094934,0.00258705214967442,0.03524990104202229,0.0111123582893703,Significant
Cd34,-3.013143,-1.4986107,0.0025855690152826027,0.035238124772428596,0.020428779885509035,Significant
Ackr3,-3.014839,-1.2149352,0.0025711569920813635,0.03507528756255508,0.02604108205185767,Significant
Psmb4,-3.015772,-2.0974276,0.002563258598227275,0.0349926894849339,0.011449096419351218,Significant
Spaar,-3.0167127,-1.4961591,0.002555319977821706,0.03491780054167165,0.024245145358626107,Significant
Mtif3,-3.019012,-2.2650983,0.002536005587552885,0.03466219254941162,0.0086429453361769,Significant
Hecw2,-3.0212445,-1.2038791,0.002517378901418365,0.0344566793861864,0.027837018745089235,Significant
Hnrnpab,-3.0214667,-1.3184147,0.0025155323621565136,0.034440232804413086,0.024245145358626107,Significant
F730043M19Rik,-3.0228665,-1.4351925,0.002503927627253185,0.0342978453267798,0.019194073408912337,Significant
Septin1,-3.0252323,-2.474779,0.0024844214196338725,0.03405523352319988,0.00819396116286901,Significant
Pdk1,-3.0253916,-1.2556857,0.002483113801155479,0.034045505165324855,0.026939050398473455,Significant
Tnip2,-3.0257952,-1.118093,0.002479801961015249,0.034008285997632295,0.0333370748681109,Significant
Mfap1a,-3.0262802,-2.0816772,0.0024758270236085807,0.033970136518384625,0.012234818722640027,Significant
Pmm1,-3.0266578,-1.899032,0.002472736071866204,0.03394172327784596,0.013020541025928836,Significant
Nol8,-3.0280502,-1.0258745,0.0024613724480572305,0.033812547301526365,0.03243910652149512,Significant
Chmp5,-3.028713,-1.0132246,0.002455979444895349,0.03375474911218587,0.03434728925805365,Significant
Rnf123,-3.0304384,-1.0632856,0.0024419902371706067,0.03358680340452452,0.030643169828263553,Significant
Kctd17,-3.0312345,-1.0915009,0.002435560604638863,0.03351456171791723,0.027837018745089235,Significant
Akt1s1,-3.0321972,-1.6840146,0.002427805933169635,0.0334320913278385,0.01560220002244921,Significant
Gimap8,-3.033793,-2.7438214,0.0024150008369708386,0.03328795997529812,0.006734762599618364,Significant
Serp1,-3.0353703,-1.5404667,0.0024024050665843364,0.033138407678386314,0.019194073408912337,Significant
Egfros,-3.0357666,-4.6559215,0.0023992508035986576,0.033102917375263184,0.0017959366932315637,Significant
Ptpn18,-3.040369,-2.0010564,0.002362885089873891,0.03263280133458871,0.013918509372544617,Significant
Dancr,-3.0423203,-3.1671753,0.0023476198675206547,0.032443301962734525,0.004826579863059827,Significant
Higd2a,-3.0426128,-2.9643745,0.0023453393315907745,0.032421939033772836,0.005724548209675609,Significant
Dexi,-3.043731,-1.0130004,0.002336640021197983,0.03230952390651636,0.03401055112807273,Significant
Msmo1,-3.0488148,-1.4340577,0.002297461174321827,0.031814138309109716,0.023122684925356383,Significant
Ndufaf7,-3.0495367,-1.2800304,0.002291945868131994,0.031753209167227216,0.026153328095184645,Significant
Sncg,-3.0545871,-2.2685244,0.0022537048654955676,0.03126143940223706,0.011000112246043327,Significant
Smyd1,-3.0556202,-3.1201258,0.002245955224184979,0.031161534215476825,0.004153103603097991,Significant
Plxnb2,-3.057142,-1.6234996,0.0022345835567059305,0.0310340054396079,0.019979795712201143,Significant
Slc25a44,-3.0575938,-1.1671964,0.002231218194353038,0.030994826836949582,0.02435739140195308,Significant
A630001G21Rik,-3.0610113,-1.3189548,0.002205907398248441,0.030688143944213167,0.031990122348187225,Significant
Agrp,-3.0629776,-2.113721,0.0021914656628144917,0.030502137938479584,0.011224604332697272,Significant
Tubb4b,-3.0643067,-2.3223124,0.002181751009758109,0.03038177653378246,0.010887866202716354,Significant
Fut11,-3.0647287,-2.0059886,0.002178674401687697,0.030346354967343236,0.012571556852620945,Significant
2810402E24Rik,-3.068439,-1.2028869,0.0021518032416050987,0.030023481592804685,0.024245145358626107,Significant
Rxylt1,-3.0688796,-1.0604637,0.0021486322236069335,0.029993936612993967,0.029520709394993825,Significant
Pigm,-3.0692608,-1.0625306,0.0021458910206594226,0.029963016333341877,0.028622741048378045,Significant
Timm10b,-3.0719156,-2.4735956,0.00212689772918502,0.029712385573484844,0.007969469076215064,Significant
6030458C11Rik,-3.0759258,-1.1633965,0.0020985012425185326,0.0293516971874841,0.027837018745089235,Significant
C2,-3.0785472,-1.3992313,0.0020801257433966176,0.029137623605103767,0.022112470535413625,Significant
Abcg2,-3.078714,-1.2385615,0.0020789628125912484,0.029129585388269052,0.03041867774160961,Significant
Cx3cr1,-3.0792544,-2.8506665,0.002075193853282893,0.02909000817325978,0.007071500729599282,Significant
Ctbp2,-3.0798616,-1.7056873,0.002070967702860757,0.029045066987338514,0.016836906499045907,Significant
Aqp1,-3.0801616,-2.1440117,0.002068883310831212,0.02903013420454412,0.012459310809293972,Significant
Hsf1,-3.0804727,-1.0464078,0.002066723751975851,0.02900697982776853,0.030755415871590527,Significant
Slc25a22,-3.0813057,-1.0591774,0.0020609494032074274,0.028947340889993615,0.02794926478841621,Significant
Arfip2,-3.0819352,-1.6444929,0.002056596381896301,0.028907591849310608,0.016724660455718937,Significant
Stk19,-3.0826054,-1.0939275,0.0020519709670472172,0.028856823619322198,0.029969693568301717,Significant
Map4k2,-3.083468,-1.28931,0.002046030754704257,0.028803531808521916,0.026153328095184645,Significant
Gm56816,-3.0849416,-2.0961523,0.002035920434817793,0.028680689133834723,0.010887866202716354,Significant
Eml1,-3.0891924,-1.0976789,0.002007014258324404,0.028308188390131453,0.03412279717139971,Significant
Vasp,-3.0904734,-1.2332156,0.001998376273499981,0.02821461527135195,0.029745201481647773,Significant
Ccr2,-3.0909846,-1.250309,0.001994940594080278,0.02818707502916256,0.03221461443484117,Significant
Megf6,-3.091651,-1.6222419,0.001990467420332568,0.028130852663478964,0.01941856549556628,Significant
Gpr183,-3.092399,-2.4762075,0.001985458488966494,0.028073998465418703,0.0086429453361769,Significant
Sh3bgrl3,-3.09301,-3.9537976,0.0019813756228381327,0.028023226363642847,0.002806151083174318,Significant
Gm30054,-3.093432,-4.012398,0.0019785592367250675,0.027997301565199317,0.002806151083174318,Significant
Cd48,-3.0939798,-1.0367141,0.001974908357848336,0.027952586826806392,0.03872488494780559,Significant
Arrb2,-3.0965903,-1.4098966,0.001957602085702784,0.02773004509247175,0.023347177012010327,Significant
Wdr91,-3.0990415,-1.0145552,0.001941478231927303,0.027534174845372992,0.037041194297901,Significant
4930453N24Rik,-3.1004078,-1.2541507,0.0019325437812058627,0.02743479816645301,0.0271635424851274,Significant
Jmjd6,-3.100567,-1.6164963,0.0019315050989222719,0.027426890732601766,0.01784712088898866,Significant
Gm15336,-3.1019702,-3.2298594,0.0019223723470648921,0.027317645074674823,0.0049388259063868,Significant
Gnl3,-3.108261,-1.3417565,0.0018819169000569578,0.026769480441204904,0.02301043888202941,Significant
Rab34,-3.1095572,-1.5706162,0.0018736806958999307,0.02665898363449224,0.017173644629026825,Significant
Jtb,-3.1112566,-1.5800713,0.0018629296866074856,0.02651926982127921,0.019081827365585363,Significant
Sephs2,-3.1132412,-2.559315,0.001850446874643498,0.026361344880929553,0.0074082388595802,Significant
Nfya,-3.1156962,-1.3813097,0.0018351127094762,0.026155983176541758,0.02390840722864519,Significant
Fcgr2b,-3.117977,-1.0136548,0.0018209703062452124,0.025976852337960366,0.04063306768436412,Significant
1500015A07Rik,-3.120606,-1.3487993,0.001804794093931099,0.025769002132028762,0.019530811538893255,Significant
Atpif1,-3.1259897,-1.7035002,0.0017720784387591985,0.025333647597636837,0.01807161297564261,Significant
Rad9b,-3.1262672,-1.3305919,0.0017704057831994869,0.025316091336303862,0.0222247165787406,Significant
Rps26,-3.12683,-1.1684142,0.0017670203185661728,0.025280377879265438,0.03232686047816814,Significant
Iffo1,-3.1274557,-1.2723749,0.001763263204369876,0.025237733451984684,0.027837018745089235,Significant
Dgke,-3.1275446,-1.1222582,0.0017627302456360132,0.025237733451984684,0.03749017847120889,Significant
Bmyc,-3.1286147,-2.835079,0.001756324152830818,0.025158956877066565,0.007295992816253227,Significant
Ptprf,-3.130814,-1.0367976,0.0017432244621206545,0.024991112394297375,0.04242900437759569,Significant
Mrpl52,-3.1352425,-2.3011432,0.0017171207994476614,0.024659413730479016,0.008867437422830846,Significant
Bcs1l,-3.1367495,-2.2118335,0.0017083200027544025,0.024539215256518275,0.010214389942754518,Significant
Ildr2,-3.1395895,-1.2217917,0.001691847382060377,0.024327141864116143,0.03277584465147604,Significant
Klhl9,-3.1403003,-1.2801752,0.0016877467863761011,0.024274309109128964,0.026714558311819507,Significant
Mrps14,-3.141178,-2.7513494,0.001682697721840829,0.024207804694122953,0.007071500729599282,Significant
Selenoo,-3.1436625,-1.648614,0.0016684779562351677,0.02402751727516102,0.016275676282411045,Significant
Upf1,-3.1451101,-1.2610172,0.0016602429876362236,0.023939198774118563,0.02514311370524189,Significant
Dnajb11,-3.1456544,-1.3675861,0.0016571566611451728,0.023906804520462958,0.025816589965203727,Significant
Twf1,-3.1464357,-1.2514963,0.0016527358539736065,0.023849070517260804,0.02604108205185767,Significant
Ccdc127,-3.148413,-1.3492056,0.001641596089337784,0.023712359950020995,0.022449208665394543,Significant
Ikbip,-3.149357,-1.152787,0.0016363009506622209,0.02364187070075045,0.03243910652149512,Significant
Ipo5,-3.149631,-1.0307351,0.0016347672672913233,0.023631704231235146,0.031092154001571445,Significant
Gm36914,-3.1536818,-2.021708,0.001612247430386939,0.023323928082739507,0.010326635986081491,Significant
P2rx7,-3.1561294,-1.061795,0.0015987795821572686,0.0231408510898874,0.03782691660118981,Significant
Nkain4,-3.1571143,-2.9132793,0.001593389126378906,0.023080429978412944,0.005949040296329555,Significant
Tnfaip1,-3.157492,-1.3201997,0.0015913265511281408,0.023056418612668567,0.02604108205185767,Significant
Prr13,-3.158425,-2.0700395,0.0015862413100219059,0.023000297029273576,0.014143001459198563,Significant
Zfp74,-3.1608465,-1.0401243,0.0015731136127815504,0.022841058844632764,0.03378605904141879,Significant
Far1os,-3.160865,-3.2814863,0.0015730136345638807,0.022841058844632764,0.005051071949713773,Significant
Rpl22l1,-3.1634717,-2.2336278,0.0015589949611279617,0.022674516495935444,0.010326635986081491,Significant
Tmem186,-3.164375,-1.9108624,0.0015541631250920239,0.022615794149211586,0.012908294982601863,Significant
Ssr2,-3.1646974,-2.4820676,0.00155244363612108,0.02259654731195563,0.008530699292849928,Significant
Scn1b,-3.1662376,-2.6527357,0.0015442459018271254,0.022511752661530555,0.007632730946234146,Significant
Ston2,-3.1663413,-1.0058293,0.0015436955657614664,0.022511752661530555,0.044673925244135146,Significant
Csk,-3.1760683,-1.0979546,0.0014928584110619984,0.02185776569408106,0.040071837467729264,Significant
Tcn2,-3.1767902,-1.058897,0.0014891469997059979,0.02181464350662702,0.036479964081266136,Significant
Glis2,-3.1808705,-1.9065217,0.0014683320659028116,0.021542977625501673,0.012683802895947918,Significant
Gm17344,-3.180978,-1.4505974,0.0014677879429248356,0.02154054465414512,0.018745089235604445,Significant
Rasgrp2,-3.181289,-1.4036906,0.0014662129110163745,0.021522977408142144,0.029857447524974743,Significant
Mrpl18,-3.1814334,-2.9941375,0.0014654821757708312,0.02151779798106418,0.005612302166348636,Significant
Flad1,-3.1823814,-1.3160647,0.0014606938805972792,0.021458557857350277,0.02132674823212482,Significant
Igf2bp3,-3.1824257,-1.8735197,0.0014604697834333855,0.021458557857350277,0.011673588506005163,Significant
Psmb6,-3.1825182,-3.5143003,0.001460003016104941,0.021458557857350277,0.003816365473117073,Significant
Pirb,-3.1834068,-2.4519985,0.001455529039788065,0.02140477248310233,0.01066337411606241,Significant
Mycbp,-3.1942039,-1.6679162,0.0014021703723075924,0.020673480882849978,0.01650016836906499,Significant
Gm43809,-3.1945558,-2.788459,0.0014004627369060326,0.020659002254447254,0.005836794253002582,Significant
Nceh1,-3.1963217,-1.1292413,0.001391917559647165,0.020548918269087172,0.03502076551801549,Significant
Pla2g15,-3.1965551,-1.1289483,0.0013907925528584555,0.020537634531201585,0.030643169828263553,Significant
Tmem64,-3.1978474,-1.720655,0.0013845755464264942,0.02045113260416887,0.01941856549556628,Significant
Tyk2,-3.19861,-1.0114497,0.0013809179481908491,0.020402399815240047,0.04119429790099899,Significant
Irf1,-3.2024572,-1.6119056,0.001362605597899341,0.020168475526380656,0.019643057582220225,Significant
Dcaf11,-3.2037606,-1.3969008,0.0013564525811432097,0.020087845623634724,0.021663486362105737,Significant
Dctn3,-3.2038827,-1.78027,0.0013558770518142672,0.0200866125302917,0.01694915254237288,Significant
Gpr89,-3.2039716,-1.1257036,0.0013554586265211632,0.0200866125302917,0.03097990795824447,Significant
Gm31763,-3.2044752,-2.1855633,0.001353089798936838,0.020058913366639546,0.0111123582893703,Significant
Cd53,-3.2070227,-1.320484,0.0013411647362425152,0.019897670986551604,0.02873498709170502,Significant
Clptm1l,-3.2070782,-1.593004,0.0013409058255118918,0.019897670986551604,0.0209900101021439,Significant
5430427M07Rik,-3.2076373,-5.04877,0.001338302024863943,0.019870731576995506,0.0012347064765967,Significant
Alad,-3.2085,-2.0476925,0.0013342933908303842,0.019816379751505714,0.011000112246043327,Significant
Mettl2,-3.2113252,-1.8277563,0.0013212438131930493,0.019648196387314028,0.014030755415871591,Significant
Aim2,-3.214476,-1.141094,0.0013068281583092922,0.019469414485162064,0.03277584465147604,Significant
Cyren,-3.2166977,-1.8260392,0.0012967517592589743,0.019349670315504525,0.016836906499045907,Significant
Necap2,-3.2202857,-1.9182571,0.0012806296861905347,0.01912915397727577,0.014030755415871591,Significant
Mrps5,-3.2204707,-1.6425519,0.0012798028352032159,0.019121819270350646,0.017061398585699855,Significant
Idh2,-3.2226887,-1.1305691,0.0012699354030373394,0.018984350691611748,0.03793916264451678,Significant
Mark1,-3.2228146,-1.1433833,0.001269377427065676,0.01898099266663515,0.035133011561342464,Significant
2410004B18Rik,-3.223481,-2.235519,0.0012664272056401304,0.018946829089951305,0.010887866202716354,Significant
Hsbp1,-3.231701,-2.440859,0.0012305579262416515,0.018453831677146662,0.00942866763946571,Significant
Cd151,-3.2319934,-2.819876,0.0012292989565321013,0.018439808188591776,0.006734762599618364,Significant
Folr2,-3.233293,-2.321958,0.0012237196773509287,0.01836579392410101,0.011785834549332136,Significant
Ptgis,-3.2363737,-1.1407341,0.0012105880112634848,0.01817829429044148,0.027724772701762265,Significant
Tle5,-3.2363775,-1.6097854,0.0012105723066293515,0.01817829429044148,0.018183859018969583,Significant
Gm26911,-3.239258,-3.7389605,0.001198410969302557,0.01800969094828633,0.0030306431698282634,Significant
Traf3ip2,-3.2396617,-1.4542627,0.001196716174442395,0.01798896929485861,0.02267370075204849,Significant
Evl,-3.2400541,-1.3696669,0.0011950701492455845,0.017968969994241572,0.03378605904141879,Significant
Efnb1,-3.2411242,-1.5662451,0.0011905930206961503,0.017911111543318228,0.02188797844875968,Significant
Mttp,-3.2424386,-1.2442809,0.0011851146437120042,0.01783340722188299,0.027388034571781343,Significant
H2-Q7,-3.2446046,-3.7506604,0.001176137685686202,0.01771236603032479,0.003928611516444046,Significant
Cemip2,-3.2459896,-1.1453927,0.0011704315404968948,0.01764249443857707,0.035245257604669435,Significant
Gm15764,-3.2460525,-3.1087441,0.0011701727791182258,0.01764249443857707,0.005163317993040746,Significant
Mrps24,-3.2471077,-2.8315775,0.0011658425853170004,0.017589889414556262,0.006510270512964418,Significant
Psmd5,-3.2471707,-1.2550855,0.0011655847616295779,0.017589889414556262,0.027388034571781343,Significant
Knop1,-3.2485332,-1.4439343,0.0011600165366870343,0.017511267660523973,0.021551240318778763,Significant
Pdcd6,-3.2486074,-1.2299191,0.0011597146212559688,0.017511267660523973,0.02637782018183859,Significant
Rnf7,-3.2486405,-1.561672,0.0011595787830062743,0.017511267660523973,0.02031653384218206,Significant
Pgp,-3.2528136,-2.6894908,0.0011426845557139349,0.017277111334813373,0.006847008642945336,Significant
Bmp1,-3.2559311,-1.5683519,0.0011302114103189124,0.017124898327559656,0.021663486362105737,Significant
Taf10,-3.2567272,-3.5747747,0.0011270466982667658,0.017081492160236335,0.0037041194297901,Significant
Gm57450,-3.2614112,-2.882619,0.0011085917236385101,0.01682417946047452,0.005836794253002582,Significant
Zcchc9,-3.2648325,-1.7270176,0.0010952886021717502,0.016648913052926224,0.015040969805814345,Significant
St3gal5,-3.265025,-1.2578287,0.001094544347589055,0.016642042642474868,0.03097990795824447,Significant
Gm10501,-3.2658136,-2.5203478,0.0010915006452387986,0.01660019717963206,0.007520484902907173,Significant
Jpt1,-3.2720637,-1.3495296,0.0010676550575851765,0.016250560447462585,0.02626557413851162,Significant
Tmem14c,-3.2728376,-2.4131277,0.0010647363771266367,0.01621480450654395,0.009765405769446628,Significant
2810001A02Rik,-3.2741668,-3.299729,0.001059740172761593,0.0161473548775001,0.004826579863059827,Significant
Bax,-3.2745779,-2.231355,0.0010581997807798033,0.01612819960315385,0.011561342462678191,Significant
Pfkfb4,-3.2754738,-1.1644827,0.0010548486272898589,0.016090044384278558,0.033449320911437874,Significant
Haus3,-3.2787323,-1.5222473,0.001042745211183487,0.01593103167963481,0.020765518015489953,Significant
Mrps10,-3.2799542,-1.3548551,0.0010382396557508246,0.015866453096647262,0.02278594679537546,Significant
Map3k8,-3.2801282,-1.0705341,0.0010375994230319172,0.01586092583808333,0.03872488494780559,Significant
Osr1,-3.2825313,-2.385206,0.0010287960350580869,0.01573903144337521,0.010102143899427546,Significant
Cox17,-3.287774,-1.4031347,0.001009828056804529,0.015473794236411917,0.023234930968683353,Significant
Mctp2,-3.2904067,-1.194769,0.0010004264466097483,0.01534625061864377,0.03232686047816814,Significant
Srp19,-3.2927098,-1.0971318,0.0009922682103132106,0.015237525394672201,0.031990122348187225,Significant
Dipk2a,-3.296405,-1.2510126,0.0009793069076980535,0.015062861866892183,0.02761252665843529,Significant
Zfp692,-3.298238,-2.3597848,0.000972936532745929,0.01498511742252798,0.008418453249522954,Significant
Agtr1a,-3.298686,-2.6325386,0.0009713851776246107,0.014966455791911696,0.008530699292849928,Significant
Ndufa1,-3.300678,-3.3593128,0.0009645151136541228,0.014871501512748282,0.0049388259063868,Significant
Gm16189,-3.3047917,-3.8786542,0.0009504702340266614,0.014678797286604862,0.002581658996520373,Significant
Gadd45g,-3.307291,-1.7175406,0.0009420298781617565,0.014572160633634495,0.01773487484566169,Significant
1700085D07Rik,-3.3087573,-6.4060826,0.0009371105735841174,0.014503944868293891,0.0007857223032888091,Significant
Ip6k1,-3.3088646,-1.0956405,0.0009367512583605041,0.01450232555799496,0.038388146817824674,Significant
Mrpl33,-3.310264,-1.6832427,0.0009320794300118393,0.014437849516948898,0.01863284319227747,Significant
Gm37768,-3.3153296,-2.62832,0.0009153516956045922,0.014201918501204655,0.008306207206195982,Significant
Gm52870,-3.3160884,-4.041011,0.0009128690843492423,0.014171122827679992,0.002918397126501291,Significant
Vegfc,-3.3179176,-1.5510863,0.0009069122095580699,0.014090174113082143,0.02547985183522281,Significant
Trim56,-3.3182287,-1.3042445,0.0009059028905031425,0.014078334194361199,0.029745201481647773,Significant
Cotl1,-3.320006,-1.4275429,0.0009001552963496341,0.014004301292197955,0.028173756875070153,Significant
Acaa1b,-3.3200762,-1.4611605,0.0008999284843422014,0.014004301292197955,0.0209900101021439,Significant
Rpl23a,-3.3212833,-2.5998466,0.0008960451098436944,0.013951792343344217,0.00819396116286901,Significant
Dapk2,-3.321798,-1.7164134,0.0008943940432557586,0.013933704847339575,0.01896958132225839,Significant
Cherp,-3.3219795,-1.004955,0.0008938126851570845,0.013928458704304746,0.03401055112807273,Significant
4932443L11Rik,-3.3226867,-4.0170093,0.0008915499170744716,0.013897000774195862,0.002806151083174318,Significant
A630072M18Rik,-3.3227792,-1.2254161,0.0008912541365506348,0.01389619435633343,0.025704343921876753,Significant
Atxn7l1os1,-3.322868,-3.7571552,0.000890970272825063,0.013895573351118028,0.003255135256482209,Significant
Gm49066,-3.3244047,-2.5543969,0.0008860750305558951,0.013823013236954309,0.007632730946234146,Significant
Snx21,-3.3264487,-1.0812365,0.0008796024017162071,0.013734968298620377,0.029520709394993825,Significant
Sh2b1,-3.3303661,-1.9054865,0.0008673188855394358,0.013563857363773966,0.014255247502525535,Significant
Arpc4,-3.3309658,-1.2610561,0.0008654521476732709,0.013545824832507894,0.03243910652149512,Significant
Pnkd,-3.335694,-1.5303336,0.0008508670900915844,0.013339543771174259,0.020428779885509035,Significant
P2ry6,-3.3380492,-1.3281547,0.0008436884600398816,0.013245234244039398,0.031541138174879337,Significant
Sap18,-3.3408742,-1.7146016,0.0008351504911236537,0.013132920219572485,0.016724660455718937,Significant
Bloc1s2,-3.341885,-1.6930971,0.000832115140052974,0.013092420057959766,0.018183859018969583,Significant
Zfp827,-3.3429773,-1.0610344,0.0008288466879356341,0.013048205490114166,0.04209226624761477,Significant
Tmem223,-3.3449323,-2.7848399,0.000823026429294351,0.012960162585854435,0.006959254686272309,Significant
Pgls,-3.3480241,-1.596825,0.0008138993900193005,0.012827081419066976,0.02031653384218206,Significant
Otulinl,-3.3484461,-1.3000993,0.0008126606149292682,0.012811104118130526,0.02884723313503199,Significant
Rigi,-3.350116,-1.1326764,0.0008077769778539363,0.012737643006364163,0.03502076551801549,Significant
Gpr160,-3.3508825,-1.1332244,0.0008055446163545279,0.012705960110759881,0.038388146817824674,Significant
Paqr9,-3.3520823,-3.0901585,0.0008020619755605761,0.012658040729045111,0.005051071949713773,Significant
Ptp4a1,-3.3569512,-1.8078903,0.0007880701306454467,0.012457940396746914,0.014704231675833427,Significant
Clpp,-3.359095,-1.5598828,0.0007819815895526249,0.012373863673516693,0.020092041755528117,Significant
Nucb1,-3.3591802,-1.36877,0.0007817406345044718,0.012373863673516693,0.0259288360085307,Significant
Kcnd3,-3.3613353,-1.1893417,0.0007756663131236572,0.01228915290360995,0.030643169828263553,Significant
Traf5,-3.3617277,-1.039842,0.0007745647213952773,0.012278407601401751,0.03782691660118981,Significant
Ebpl,-3.3632643,-1.5899504,0.0007702658448706688,0.012223998738233207,0.0209900101021439,Significant
Gm3527,-3.363942,-4.991944,0.0007683772420618918,0.012197426412112121,0.0013469525199236727,Significant
Hoxaas3,-3.3651674,-2.5599854,0.0007649721609588523,0.012153281658654723,0.007520484902907173,Significant
Hint2,-3.3765347,-2.4259531,0.0007340512100962205,0.01171129446738271,0.009204175552811764,Significant
Arl8a,-3.3803263,-1.1122355,0.0007239984651337043,0.011563870014916763,0.036367718037939166,Significant
Irf8,-3.3807929,-2.08094,0.0007227703818903332,0.011550734862536476,0.014704231675833427,Significant
Inf2,-3.3844178,-1.694251,0.0007132940986282208,0.01140889867134537,0.01941856549556628,Significant
Slc48a1,-3.3870726,-1.2135656,0.0007064272322438987,0.011324513803828783,0.030755415871590527,Significant
1700120O09Rik,-3.388683,-5.2609224,0.0007022911338191915,0.011267725965285596,0.0010102143899427545,Significant
Exoc7,-3.3922377,-1.1527857,0.0006932427002023093,0.011128822270149335,0.029183971265012907,Significant
Mlycd,-3.393467,-1.1947876,0.0006901387489795661,0.011082118021896636,0.02547985183522281,Significant
Gm50013,-3.3954813,-4.361848,0.0006850806660789537,0.011003999494274106,0.0017959366932315637,Significant
Phykpl,-3.3980842,-1.1242777,0.0006785952422306759,0.010902903975128928,0.03232686047816814,Significant
Ndufb7,-3.3982842,-2.1499448,0.0006780994409481553,0.01089801305871547,0.013020541025928836,Significant
Mme,-3.3992505,-1.163466,0.0006757078117935694,0.010865709830934097,0.029969693568301717,Significant
Prepl,-3.4013796,-1.0013582,0.0006704665384335162,0.01079056957742873,0.038388146817824674,Significant
Pak1ip1,-3.4032495,-1.395906,0.0006658945341938815,0.010729117337728866,0.025255359748568865,Significant
Mfap5,-3.4058414,-2.8061557,0.000659605028860659,0.01064341384075431,0.007520484902907173,Significant
Ptger4,-3.4069965,-2.5365388,0.0006568195423397515,0.010609918173153982,0.007857223032888092,Significant
Mrpl42,-3.4105697,-1.5740542,0.0006482732596051127,0.010480785824865054,0.020765518015489953,Significant
Fgd2,-3.411462,-1.6278763,0.0006461551020515173,0.010457151026579781,0.022336962622067573,Significant
Cops8,-3.412036,-1.485119,0.0006447962046668783,0.010445331632983418,0.024918621618587943,Significant
Snrpd1,-3.415561,-1.2471645,0.0006365080721710321,0.010322815761176513,0.02761252665843529,Significant
2810449D17Rik,-3.4176862,-2.8105142,0.0006315588170846887,0.010248387176864993,0.006398024469637446,Significant
Rrnad1,-3.4211297,-1.0915084,0.0006236159176042386,0.010133936633648102,0.03131664608822539,Significant
Tmem147,-3.4217517,-3.1682873,0.0006221910203094899,0.0101149075173029,0.005500056123021664,Significant
Csf2ra,-3.4218109,-2.0827227,0.00062205547390774,0.0101149075173029,0.014030755415871591,Significant
Rbmxl1,-3.4224775,-3.1994915,0.0006205324688785012,0.010095354088688781,0.005500056123021664,Significant
Arhgap30,-3.424229,-1.0441754,0.0006165468713471686,0.010039117930048363,0.04422494107082725,Significant
Tnxb,-3.430453,-1.0518795,0.0006025743527964063,0.009831285450596037,0.040184083511056234,Significant
Slc38a1,-3.431275,-1.4357184,0.0006007512724024331,0.009807161181727909,0.0283982489617241,Significant
Mynn,-3.4319563,-1.0349411,0.0005992441429616408,0.009785362989497788,0.03760242451453586,Significant
Adpgk,-3.4319897,-1.234876,0.0005991705150276056,0.009785362989497788,0.029745201481647773,Significant
Elmo2,-3.4324524,-1.0123726,0.0005981487750469912,0.009773081606872517,0.04287798855090358,Significant
Golga7,-3.4400764,-1.3542606,0.0005815503246017984,0.009515533630215805,0.025592097878549783,Significant
Ier3ip1,-3.4410315,-1.0834932,0.0005795009836763806,0.009484727080056566,0.0358064878213043,Significant
Pcnx3,-3.4530244,-1.7524235,0.000554338658434509,0.009091185930276318,0.017510382759007743,Significant
Nhsl1,-3.4582305,-1.1089435,0.0005437360548967653,0.008937896853890506,0.0395106072510944,Significant
Rgs3,-3.459756,-1.0798224,0.0005406651532995905,0.008889983971710074,0.048153552587271296,Significant
Srgn,-3.4598153,-2.4307692,0.0005405462215655648,0.008889983971710074,0.010887866202716354,Significant
Esd,-3.460215,-1.381714,0.0005397440696854953,0.008879967371268936,0.028286002918397127,Significant
Fsd2,-3.4623923,-1.1250561,0.0005353962202547017,0.008813528816861222,0.028959479178358963,Significant
Tspan15,-3.465447,-1.4415965,0.0005293509154538133,0.008719054231083477,0.022112470535413625,Significant
Furin,-3.4700716,-1.4039738,0.0005203196283926605,0.008585198481688346,0.02626557413851162,Significant
Nova2,-3.471549,-2.167349,0.0005174649357631172,0.008540571277474682,0.012908294982601863,Significant
Cdk2ap2,-3.4716194,-2.8154123,0.0005173293628229345,0.008540571277474682,0.007520484902907173,Significant
Arhgdib,-3.472919,-1.7768724,0.0005148307785277008,0.008502024176376395,0.02020428779885509,Significant
Nars,-3.476044,-1.0493187,0.0005088687548010051,0.008413326297074341,0.03749017847120889,Significant
Med21,-3.4779472,-1.2842273,0.000505269454353711,0.008356243973382126,0.02626557413851162,Significant
Gm45669,-3.4779842,-3.879031,0.0005051996650026674,0.008356243973382126,0.002918397126501291,Significant
Slc28a2,-3.4867558,-1.6752874,0.000488917470829808,0.0080928632867791,0.024245145358626107,Significant
4930545L23Rik,-3.4881148,-5.4104743,0.0004864392917933627,0.00805887102531448,0.0010102143899427545,Significant
Malsu1,-3.4932911,-1.0070685,0.0004771061582131697,0.007911153685153202,0.04085755977101807,Significant
Gm38244,-3.4961865,-4.3221436,0.00047195859857843164,0.007837210429178908,0.0022449208665394544,Significant
Parvb,-3.497723,-1.1998135,0.00046924792612878326,0.0077967453054272095,0.03737793242788192,Significant
Slbp,-3.5008335,-1.3606817,0.0004638056579474425,0.007710819845017612,0.029071725221685937,Significant
Aldh9a1,-3.5027144,-1.2327353,0.00046054301795021857,0.007661051704675254,0.0296329554383208,Significant
Frrs1,-3.5029514,-1.072193,0.000460133499012497,0.007656476203176678,0.03625547199461219,Significant
Tmem41b,-3.508557,-1.2224733,0.00045054434661873126,0.007505689186897945,0.03232686047816814,Significant
Bicd2,-3.5088756,-1.0474496,0.00045000528979584543,0.007498902899111862,0.039847345381075316,Significant
5930430L01Rik,-3.513104,-1.2371724,0.00044290394802583467,0.007387051465887244,0.027051296441800425,Significant
1500035N22Rik,-3.5140965,-3.5858219,0.00044125265617195704,0.007364439910230058,0.004265349646424964,Significant
Ppm1g,-3.514152,-1.4069064,0.0004411604031586488,0.007364439910230058,0.024132899315299137,Significant
Ndufc1,-3.5148072,-2.895481,0.0004400731763748304,0.007352760192476297,0.0074082388595802,Significant
Acot13,-3.5177028,-1.867093,0.000435299590882028,0.007283689099151794,0.015714446065776183,Significant
Nop10,-3.518262,-3.424219,0.0004343834234422515,0.007271307401923182,0.004153103603097991,Significant
Stom,-3.518521,-1.9081697,0.0004339593210228314,0.00726766991128266,0.016275676282411045,Significant
Npas3,-3.5198653,-1.1247711,0.00043176624013286703,0.0072381357702324955,0.03906162307778651,Significant
Gm10135,-3.520987,-3.6834378,0.00042994357976384925,0.007213145956197213,0.0037041194297901,Significant
Cldn5,-3.521087,-2.355126,0.00042978151355279606,0.007212552066964268,0.012347064765967,Significant
Erh,-3.5228126,-1.8739959,0.0004269933427288804,0.007169987593136295,0.01616343023908407,Significant
Npr1,-3.523627,-2.438878,0.00042568291599842434,0.007152201510730681,0.010887866202716354,Significant
Dtymk,-3.5252378,-1.7078702,0.0004231028908284426,0.007113050400549852,0.018296105062296553,Significant
Mgst2,-3.5281851,-1.2673098,0.00041841950904670123,0.007042632357265213,0.027388034571781343,Significant
Alas2,-3.5295403,-3.7935255,0.00041628238254098806,0.007011100337319982,0.0035918733864631273,Significant
Ndufv1,-3.5308843,-2.3188736,0.0004141728463484177,0.006979406938125259,0.01066337411606241,Significant
Zfp646,-3.5329282,-1.8204455,0.00041098408376642693,0.006933879915183442,0.01638792232573802,Significant
Celf4,-3.5371344,-1.0763992,0.00040449372585430756,0.006832476192189299,0.041418789987652936,Significant
Rab6b,-3.540252,-1.084583,0.00039974501352990356,0.006762293765717836,0.0419800202042878,Significant
2810405F17Rik,-3.541063,-1.9610481,0.0003985184602987118,0.006743548186588098,0.014030755415871591,Significant
Gm56952,-3.5411148,-2.9655192,0.00039844017019916684,0.006743548186588098,0.006061286339656527,Significant
Ddrgk1,-3.5413222,-1.1319445,0.00039812715347462756,0.006740933168599098,0.03300033673812998,Significant
2810036E18Rik,-3.541896,-3.4941254,0.0003972619654989,0.006728284823757544,0.003816365473117073,Significant
Mrfap1,-3.5469835,-2.125978,0.00038966893363393906,0.006607545786197179,0.014143001459198563,Significant
Plpbp,-3.5510824,-1.4326165,0.0003836502815788138,0.006511305717847761,0.024581883488607025,Significant
Eif3f,-3.5520637,-2.2680943,0.00038222244748759867,0.006489006673342682,0.011785834549332136,Significant
Gm26510,-3.560417,-1.5830194,0.00037026655810525603,0.006303388534336159,0.024806375575260973,Significant
Trp53,-3.5631309,-1.3517852,0.0003664578253509871,0.006241841170598432,0.028959479178358963,Significant
Plekhh2,-3.5633864,-1.4348553,0.00036610118797022746,0.006237632478818887,0.02873498709170502,Significant
Bbip1,-3.563416,-1.4754944,0.00036605985970855295,0.006237632478818887,0.02547985183522281,Significant
Gm45025,-3.5669892,-3.8698044,0.00036110651265694346,0.006158061077328247,0.002581658996520373,Significant
Fastk,-3.5672667,-1.3862202,0.0003607241741501485,0.006153383822733255,0.027051296441800425,Significant
Gm16193,-3.5694327,-5.4554634,0.0003577548994522097,0.006108222407708628,0.0007857223032888091,Significant
Edf1,-3.5714805,-3.212967,0.0003549690759218006,0.006064294675086483,0.005724548209675609,Significant
Mief1,-3.5722618,-1.0697062,0.0003539114879887811,0.00604985711124863,0.033673812998091815,Significant
Gabarapl2,-3.5749018,-1.4830458,0.00035035950670864375,0.005994537461387285,0.023347177012010327,Significant
Nom1,-3.5761235,-1.1024002,0.00034872684464177655,0.005970190998420745,0.03569424177797732,Significant
1810037I17Rik,-3.5772085,-2.2388654,0.0003472832055795549,0.005949053251776605,0.012347064765967,Significant
Gm10516,-3.578882,-1.4239429,0.00034506711782367666,0.005916430820836487,0.024581883488607025,Significant
Ly6a,-3.580652,-3.290215,0.00034273795213695144,0.005878265582117516,0.005612302166348636,Significant
Tek,-3.5810332,-1.9892703,0.0003422379906236579,0.0058714593022301,0.01638792232573802,Significant
Rae1,-3.5820405,-1.2475855,0.0003409209818248065,0.005852391204729065,0.029408463351666855,Significant
Tmem60,-3.5860245,-2.7955837,0.0003357573875194229,0.005767228175789882,0.007744976989561118,Significant
Fkbp8,-3.5862281,-1.873823,0.0003354954250737149,0.005764467410718889,0.01616343023908407,Significant
Hmg20b,-3.5871167,-1.9133799,0.00033435455260432626,0.005746599028023828,0.01616343023908407,Significant
Ushbp1,-3.59009,-2.883553,0.00033056372052808606,0.005688313330489498,0.007744976989561118,Significant
Cxcl12,-3.5930412,-2.2940516,0.000326841013427651,0.005625953490200688,0.01313278706925581,Significant
Fbln1,-3.593178,-2.4909139,0.00032666914680943014,0.005624695460682117,0.0098776518127736,Significant
Uqcrfs1,-3.5936186,-2.7515748,0.00032611695989304547,0.005618585722623268,0.008081715119542036,Significant
Cebpz,-3.594326,-1.3519108,0.0003252325026035272,0.005605043562574892,0.031428892131552366,Significant
Ndufs7,-3.5944924,-2.5272226,0.00032502444963694653,0.00560315385612394,0.0098776518127736,Significant
Oasl2,-3.594874,-2.3098981,0.00032454870827309417,0.005596646880005528,0.01313278706925581,Significant
Zfp24,-3.5980952,-1.1518241,0.0003205562327187894,0.005529473628367339,0.03266359860814906,Significant
Leprot,-3.5999022,-1.6027453,0.0003183369478768561,0.005497853851700353,0.024245145358626107,Significant
Rnps1,-3.6034455,-1.0119243,0.0003140264816561108,0.005431646990273573,0.03726568638455494,Significant
Lysmd3,-3.604123,-1.6550409,0.0003132084717633749,0.0054191442086533965,0.02278594679537546,Significant
Ttc9c,-3.6047082,-1.3479563,0.0003125038170160233,0.005410240147372874,0.02884723313503199,Significant
Lamtor2,-3.6089256,-2.6386914,0.0003074678045301979,0.005332782289903746,0.008755191379503872,Significant
Retreg1,-3.6100252,-1.1783358,0.00030616718573195064,0.005311842084936929,0.04231675833426872,Significant
Dtx3l,-3.6110656,-1.2783548,0.00030494137843639207,0.005293800923642256,0.03243910652149512,Significant
Adprs,-3.6138687,-1.8038011,0.0003016619424815973,0.005240064877011785,0.017061398585699855,Significant
Rpl10a,-3.6176713,-2.602291,0.00029726560381563124,0.005168427708966674,0.009091929509484791,Significant
Gm57463,-3.619197,-3.7083812,0.00029551885562144635,0.0051459141155782194,0.0037041194297901,Significant
Cox7a2l,-3.6203003,-1.0324965,0.00029426142763785615,0.005127154207811251,0.04220451229094174,Significant
Tcf3,-3.6245213,-1.3047211,0.00028949724173559535,0.005048778695763104,0.03322482882478393,Significant
Lacc1,-3.6302233,-1.600807,0.00028317607943016817,0.004944596485382768,0.024245145358626107,Significant
Upk1b,-3.6316452,-1.9685937,0.000281620161670368,0.004920446034265856,0.016612414412391963,Significant
Axl,-3.6318007,-1.4509532,0.0002814504700174981,0.004918990550419386,0.025816589965203727,Significant
Lgals9,-3.6322968,-1.979442,0.00028090971308690406,0.0049110469674183005,0.01560220002244921,Significant
Tmsb10,-3.6340187,-2.753268,0.00027904074732036253,0.00488136995181836,0.007969469076215064,Significant
Lvrn,-3.636555,-1.8822951,0.0002763087553102218,0.004838037157478272,0.016836906499045907,Significant
Dmac2,-3.6496735,-2.1126676,0.0002625738511542932,0.004617423612901979,0.012571556852620945,Significant
Gin1,-3.6511953,-1.2450821,0.00026102266084600186,0.004592982488019837,0.030643169828263553,Significant
Tshz3,-3.6514285,-1.4099178,0.00026078564797621926,0.004590230473389151,0.031765630261533284,Significant
Zfp706,-3.6567864,-1.289251,0.000255397101421832,0.004500949041182463,0.030306431698282635,Significant
Septin8,-3.6617072,-1.1171997,0.00025054013062500294,0.004424939695384086,0.03872488494780559,Significant
Rmnd1,-3.6675684,-1.3005221,0.0002448679514789585,0.004331477485294618,0.031541138174879337,Significant
Ubl5,-3.6679685,-2.8963904,0.0002444853906556841,0.004326054266415571,0.007071500729599282,Significant
Morrbid,-3.668009,-2.0293415,0.0002444464576038141,0.004326054266415571,0.01807161297564261,Significant
Cd300lg,-3.6708677,-2.883314,0.00024172854641965442,0.004281264435981817,0.008979683466157818,Significant
Tmem123,-3.672793,-1.0399235,0.00023991383638491873,0.004250446097571144,0.046806600067347624,Significant
Map1lc3a,-3.6742814,-2.9500964,0.00023851969438306908,0.004227061910322545,0.006510270512964418,Significant
Vps29,-3.6841564,-1.5089036,0.00022946124348546633,0.004072865544047986,0.02514311370524189,Significant
Dolk,-3.6844156,-2.2830727,0.0002292278951412837,0.004069992384546253,0.011224604332697272,Significant
Drap1,-3.6875112,-1.5212357,0.00022645820803001337,0.0040270945732158,0.02267370075204849,Significant
Rbm8a,-3.691884,-1.5854887,0.00022259902045956747,0.003964657749136138,0.023234930968683353,Significant
Psmd3,-3.6921506,-1.769266,0.00022236575211543978,0.00396174226883769,0.01773487484566169,Significant
Cyp2d22,-3.692395,-1.492361,0.00022215212440830553,0.00395917499716223,0.024469637445280055,Significant
Ccdc141,-3.6925318,-1.1313889,0.00022203244771628464,0.003958281028620214,0.041643282074306884,Significant
Cldn22,-3.6952608,-2.9520345,0.00021966119022312708,0.0039196890731730116,0.0061735323829835,Significant
9930111J21Rik2,-3.6953237,-2.0938156,0.00021960677522056543,0.0039196890731730116,0.016275676282411045,Significant
Sema4a,-3.695805,-1.26902,0.00021919107872051463,0.0039149809326928554,0.036479964081266136,Significant
Hsp90aa1,-3.7016811,-1.4732834,0.0002141755831740436,0.0038302047366561612,0.028173756875070153,Significant
Plcg2,-3.7040954,-1.058599,0.00021214642603749586,0.0037986885676103937,0.04400044898417331,Significant
Tex261,-3.7127671,-1.6199591,0.00020500556584297512,0.003676605330603101,0.021551240318778763,Significant
Puf60,-3.7143185,-1.494874,0.00020375207029692076,0.003655276192431306,0.024132899315299137,Significant
Jam2,-3.720265,-2.801883,0.00019901387784476826,0.003579295394301626,0.0086429453361769,Significant
Hagh,-3.7213905,-1.6548918,0.00019812871838564752,0.0035667554073971403,0.02143899427545179,Significant
Gm38604,-3.7246008,-3.19224,0.00019562454208199145,0.00352390289487209,0.005387810079694691,Significant
Nxpe4,-3.727237,-1.3947347,0.00019359032820607226,0.0034916778202033452,0.03445953530138063,Significant
Mrpl53,-3.7316248,-3.317375,0.0001902487451385445,0.0034335828199473415,0.004826579863059827,Significant
Gm33934,-3.7338464,-3.832588,0.00018857755053677512,0.0034055801792307362,0.0034796273431361544,Significant
Gm49356,-3.7364678,-1.5753258,0.0001866232892644066,0.003375640633419497,0.018745089235604445,Significant
Qtrt2,-3.7376602,-1.233537,0.0001857407990117308,0.003360745737695254,0.03120440004489842,Significant
Gm47096,-3.7401114,-1.8774449,0.00018393879491963812,0.0033323763670121266,0.0148164777191604,Significant
Elob,-3.7409222,-2.8210144,0.00018334629044016088,0.003322699275605729,0.0074082388595802,Significant
Desi1,-3.7410147,-1.3689774,0.00018327876716297092,0.003322533040759862,0.028173756875070153,Significant
Mrps7,-3.7423217,-3.0615244,0.00018232783061013233,0.003306346816169282,0.006510270512964418,Significant
Cycs,-3.7495382,-3.1318038,0.00017716044010987068,0.0032177647911630454,0.005949040296329555,Significant
Eef1b2,-3.751886,-2.4249609,0.00017550941674378587,0.0031908306828888604,0.011336850376024245,Significant
Dazap2,-3.7541556,-1.6934245,0.00017392684772960185,0.003164079436604236,0.020092041755528117,Significant
Brd9,-3.7552626,-1.3531157,0.0001731598044981078,0.0031511321278129612,0.02794926478841621,Significant
C5ar1,-3.7599466,-2.0996282,0.0001699496883503672,0.003097664918168457,0.016275676282411045,Significant
Gm15261,-3.7613127,-3.779714,0.00016902389687126207,0.0030817770450677342,0.005051071949713773,Significant
Crot,-3.765982,-1.0130922,0.00016589582922768543,0.0030257124958531826,0.049388259063868,Significant
Psma4,-3.7683702,-1.6788578,0.00016431695860896124,0.002999798634226631,0.02132674823212482,Significant
Snrpb,-3.771673,-1.1148446,0.0001621567497427358,0.002963211645411142,0.03737793242788192,Significant
Sipa1,-3.7736316,-1.5744342,0.00016088829188086148,0.0029428654763855233,0.025367605791895835,Significant
Smim13,-3.7745461,-1.8812476,0.0001602992281111573,0.002933032888135414,0.017173644629026825,Significant
Cyp51,-3.774772,-2.1229079,0.0001601540636452365,0.002931449337356351,0.014591985632506453,Significant
Rab10os,-3.77532,-1.136953,0.00015980237533774928,0.002926763285335086,0.035133011561342464,Significant
Rps27l,-3.7784858,-2.7682302,0.00015778484731529947,0.002892603667411612,0.008755191379503872,Significant
Gria3,-3.7786858,-1.1104815,0.00015765823270403145,0.002891213342479953,0.04411269502750028,Significant
Chpf2,-3.7828512,-1.3107955,0.00015504207558005576,0.0028450695538523862,0.02884723313503199,Significant
Ccl9,-3.7841213,-1.9127004,0.00015425260208140848,0.0028314949758599228,0.019081827365585363,Significant
Hgsnat,-3.7846508,-1.1047202,0.00015392458190680204,0.0028272966510823274,0.0444494331574812,Significant
Tyrobp,-3.7853358,-3.8590233,0.00015350119425027256,0.0028204296553097034,0.0037041194297901,Significant
Fam104a,-3.7854578,-1.0128925,0.00015342578635231565,0.0028204296553097034,0.04063306768436412,Significant
Slc25a37,-3.7878869,-1.0456479,0.00015193398570257226,0.0027961451454072937,0.04703109215400157,Significant
Lmo2,-3.788372,-1.9202363,0.00015163772071140235,0.0027924978832561324,0.019530811538893255,Significant
Coro1c,-3.7912786,-1.024302,0.00014987375495958342,0.002762693907786869,0.04781681445729038,Significant
Gm16023,-3.7987282,-1.4859879,0.00014544041249898662,0.002685318588879636,0.023347177012010327,Significant
Gm16337,-3.7995725,-4.025835,0.00014494588976051584,0.002677056084610293,0.0030306431698282634,Significant
Vegfb,-3.8005092,-1.0498649,0.00014439899654127334,0.002667820656085868,0.03614322595128522,Significant
Ogn,-3.8027494,-1.8680964,0.0001430990772767139,0.0026455209607835605,0.019643057582220225,Significant
Sp2,-3.804038,-1.196728,0.00014235635609381373,0.0026326447782844585,0.0358064878213043,Significant
Ankra2,-3.8045824,-1.6102258,0.00014204371240644016,0.0026281094532006294,0.02110225614547087,Significant
Emc7,-3.8053005,-1.2691334,0.00014163209759993043,0.002621805354173485,0.03322482882478393,Significant
Rab5if,-3.8057227,-1.6436137,0.0001413907451552504,0.0026181887544341836,0.02110225614547087,Significant
Adar,-3.808159,-1.1347308,0.00014000522899106888,0.0025950643697853037,0.04085755977101807,Significant
Txndc17,-3.8113396,-3.6040387,0.00013821571611095796,0.0025643991824939906,0.004714333819732855,Significant
Slc12a6,-3.817686,-1.3972287,0.00013470921879561523,0.002504236900894916,0.03008193961162869,Significant
Zfp746,-3.8193743,-1.2247846,0.00013379054877983007,0.002488783939259165,0.03322482882478393,Significant
Tmem208,-3.8203223,-1.5289005,0.00013327739464978104,0.0024800484080892754,0.025030867661914917,Significant
Frmd4a,-3.8213923,-1.081304,0.00013270032037844076,0.0024709250957059502,0.045235155460770005,Significant
Aida,-3.824199,-1.0758961,0.0001311979138420756,0.002446950675427981,0.041755528117633854,Significant
Mgl2,-3.8243065,-1.5936135,0.0001311407534873349,0.002446685990931303,0.025592097878549783,Significant
Gpr18,-3.825595,-4.751408,0.00013045665715160723,0.0024355188573343175,0.0017959366932315637,Significant
Tmem216,-3.8285756,-1.1173553,0.00012888705780718788,0.002407794605839595,0.033673812998091815,Significant
Fam111a,-3.8288088,-1.5010931,0.00012876497350176893,0.00240684638546331,0.02873498709170502,Significant
Chd3,-3.8292866,-1.4254671,0.0001285153313215067,0.002403215593030513,0.029520709394993825,Significant
Sult1a1,-3.8329558,-1.8547549,0.00012661269333222338,0.0023691926950476934,0.01863284319227747,Significant
Antxr1,-3.8344147,-1.3608229,0.0001258636477317335,0.0023575006465436305,0.027275788528454373,Significant
Tmem273,-3.8376472,-3.6400177,0.00012421881486754786,0.002327457564124068,0.004826579863059827,Significant
Rexo1,-3.83801,-1.3552614,0.00012403544181180712,0.00232478673212841,0.030530923784936582,Significant
Cfap68,-3.8399057,-1.419045,0.00012308155310483148,0.0023076676705110996,0.024469637445280055,Significant
Surf4,-3.8412127,-1.3820624,0.00012242792382185553,0.002296925341133534,0.031092154001571445,Significant
Snx18,-3.841857,-1.0703571,0.0001221069436626828,0.002292107921523975,0.04287798855090358,Significant
2900026A02Rik,-3.8424642,-1.3323166,0.00012180513707604461,0.0022875020812160476,0.03782691660118981,Significant
C87436,-3.8437343,-1.2130421,0.00012117619176643663,0.0022771925859315736,0.031428892131552366,Significant
Maged1,-3.8450377,-1.0281099,0.00012053392777556019,0.0022658707102899216,0.046357615894039736,Significant
Stx4a,-3.8501363,-1.148017,0.00011805214146704614,0.0022206828501073915,0.03872488494780559,Significant
Coq10b,-3.8518877,-1.5343189,0.0001172108233705534,0.0022063145433198947,0.023122684925356383,Significant
Sox7,-3.8524096,-2.2304347,0.00011696112478201781,0.0022023423962344167,0.013020541025928836,Significant
Zbtb41,-3.8590856,-1.1533792,0.00011381207157849212,0.0021458851548844106,0.03614322595128522,Significant
Rer1,-3.8599484,-1.530788,0.00011341100703520907,0.0021390315175859025,0.02682680435514648,Significant
Txndc5,-3.8614109,-1.4062665,0.00011273413476341807,0.0021283800953460835,0.029857447524974743,Significant
Gm42556,-3.861944,-3.215862,0.00011248832544891239,0.0021244436946555624,0.005275564036367718,Significant
Nckap1l,-3.8638659,-1.1425513,0.00011160657600743218,0.0021098904530010613,0.0444494331574812,Significant
Nol7,-3.8642287,-1.9766834,0.00011144081346215566,0.002108127804970535,0.015938938152430127,Significant
Fez2,-3.8642657,-1.0558324,0.00011142391198137312,0.002108127804970535,0.046357615894039736,Significant
Ran,-3.8647249,-2.9016893,0.00011121453441438747,0.002105274868380863,0.007520484902907173,Significant
Sf3b5,-3.8664021,-3.7385194,0.00011045278128356357,0.0020915503222705,0.003928611516444046,Significant
Prpf8,-3.8713229,-1.1886814,0.00010824627281537304,0.002054550340126719,0.03614322595128522,Significant
Ndufb2,-3.8731039,-2.2130837,0.00010745797987466348,0.0020416299072549926,0.012683802895947918,Significant
Ptgs1,-3.8807461,-2.096415,0.00010413645152863984,0.0019818294406725536,0.015377707935795263,Significant
Cnppd1,-3.881668,-1.8633906,0.00010374235821671243,0.001976311013455277,0.01694915254237288,Significant
Plod1,-3.8817942,-1.656066,0.00010368865562617283,0.0019759490428413345,0.022898192838702435,Significant
Tgfbrap1,-3.8878777,-1.0218314,0.0001011246009118223,0.001930317097056679,0.04714333819732854,Significant
Ptbp1,-3.888807,-1.2529546,0.00010073820222779032,0.0019235861747325985,0.03232686047816814,Significant
Oxa1l,-3.88964,-1.725653,0.00010039301390771536,0.0019176379083928952,0.01807161297564261,Significant
Rpl7l1,-3.8904622,-1.3452641,0.00010005352263762208,0.0019117945075533016,0.029745201481647773,Significant
Gm47371,-3.8956273,-2.610403,9.79449087176077e-05,0.0018778050664273736,0.007857223032888092,Significant
Accs,-3.895979,-1.3845537,9.780284795121052e-05,0.001875713022967288,0.028286002918397127,Significant
H2bc4,-3.896564,-1.8115337,9.75670092006746e-05,0.0018718204416764193,0.019530811538893255,Significant
Gm28379,-3.8998594,-4.3344774,9.62485493823704e-05,0.0018477709542756415,0.002581658996520373,Significant
Txn1,-3.9069352,-1.246837,9.347418958160398e-05,0.0017981465638399028,0.0382759007744977,Significant
Mcf2l,-3.9125595,-2.1099868,9.13229856789954e-05,0.0017591414504559125,0.01784712088898866,Significant
Parm1,-3.9134037,-1.8058778,9.100415755177943e-05,0.001754186775611331,0.01885733527893142,Significant
Cd93,-3.92015,-2.8752594,8.849383763074846e-05,0.0017092698807776284,0.009653159726119654,Significant
Mrps26,-3.9244342,-3.443495,8.69338577787998e-05,0.00168256315288329,0.0049388259063868,Significant
Atg16l2,-3.9246786,-1.9657732,8.684565813908652e-05,0.001681427616490216,0.017959366932315635,Significant
Topors,-3.9248562,-1.1266176,8.678156605770785e-05,0.0016807582152693682,0.03793916264451678,Significant
Sin3b,-3.928033,-1.3571844,8.564343190698032e-05,0.0016598443349950193,0.03255135256482209,Significant
Sar1a,-3.9301324,-1.1522839,8.489906413158328e-05,0.0016465386957481211,0.03793916264451678,Significant
Ctss,-3.931447,-1.5292848,8.443613037331879e-05,0.0016392354925288597,0.029183971265012907,Significant
Gm41077,-3.9315877,-3.2429407,8.438671848227728e-05,0.001638834971725563,0.005724548209675609,Significant
Galnt15,-3.9339943,-2.1644614,8.35457347427179e-05,0.0016241644527091497,0.015153215849141317,Significant
Mlec,-3.9340277,-1.2054011,8.353414613899261e-05,0.0016241644527091497,0.035245257604669435,Significant
AU020206,-3.9389744,-1.602977,8.183063162421164e-05,0.001592997605235636,0.029857447524974743,Significant
Slc7a6os,-3.943529,-1.2231034,8.029135342933262e-05,0.0015651728708043918,0.035245257604669435,Significant
Esam,-3.9455392,-2.5274003,7.962056323381786e-05,0.0015542250569409745,0.011449096419351218,Significant
Nagk,-3.9474535,-1.0903251,7.898681802470005e-05,0.0015445015127556476,0.04265349646424964,Significant
Hdac7,-3.948283,-1.0873914,7.871371927222326e-05,0.0015407486727671588,0.048153552587271296,Significant
Stat1,-3.9520745,-1.5744975,7.747659670714114e-05,0.001518098724398253,0.02357166909866427,Significant
Ccnyl1,-3.9541998,-1.1484258,7.679119553595065e-05,0.0015051867349440845,0.0395106072510944,Significant
Fbln2,-3.9544961,-2.252538,7.669612569709824e-05,0.0015038409412253687,0.014928723762487371,Significant
Atp5md,-3.9560957,-2.0729249,7.61846686975781e-05,0.001494841909134664,0.015153215849141317,Significant
Idh3b,-3.958606,-1.5027122,7.538846319453952e-05,0.001481261036149163,0.022336962622067573,Significant
Paxip1,-3.9593208,-1.0692211,7.516325751846497e-05,0.0014773458910455346,0.03726568638455494,Significant
Apoc1,-3.9606352,-3.532471,7.475067945445457e-05,0.001470251619625595,0.005387810079694691,Significant
Fras1,-3.9735389,-1.5883558,7.081257463622841e-05,0.0013976217720490405,0.025704343921876753,Significant
Mrs2,-3.9789116,-1.033898,6.923149755493493e-05,0.0013692638771363494,0.041531036030979906,Significant
Reno1,-3.9811258,-1.2121425,6.85896577503158e-05,0.0013575125832327884,0.033561566954764845,Significant
Sympk,-3.9812257,-1.0863897,6.856081161741292e-05,0.0013574134820261159,0.039735099337748346,Significant
Pcyox1,-3.98167,-1.505962,6.843274540237578e-05,0.0013558207919125537,0.02637782018183859,Significant
Smad7,-3.981922,-1.0995361,6.836027505286994e-05,0.001354856394634691,0.04422494107082725,Significant
Gm2245,-3.982355,-3.9128137,6.823575335268092e-05,0.0013533305578735649,0.004714333819732855,Significant
Pomp,-3.9825957,-1.627862,6.81666673984652e-05,0.0013524314314759605,0.024245145358626107,Significant
Rpl35,-3.9836361,-2.6578264,6.786876430405838e-05,0.0013479299993852068,0.009989897856100572,Significant
Gvin-ps7,-3.9876683,-2.56157,6.672585490374976e-05,0.0013270823975111475,0.011336850376024245,Significant
Dapp1,-3.9913673,-1.1186987,6.569343979986227e-05,0.0013074624801272135,0.048153552587271296,Significant
Podxl,-3.991534,-2.6438088,6.564729231169283e-05,0.0013070008641678675,0.011336850376024245,Significant
Polr3a,-3.992278,-1.2872797,6.544154117746859e-05,0.0013033601945387334,0.03322482882478393,Significant
Specc1,-4.0022087,-1.5195674,6.275389503987106e-05,0.001252460405701121,0.031990122348187225,Significant
Zfp944,-4.006393,-1.3068442,6.165309700029838e-05,0.0012330835954668037,0.033561566954764845,Significant
Selenos,-4.0178857,-1.1486403,5.872262697590002e-05,0.001177367993885466,0.041867774160960824,Significant
Txn2,-4.033056,-1.7019277,5.50562194312202e-05,0.0011089339195730844,0.020653271972162983,Significant
Npm1,-4.037806,-1.0084825,5.395338576744476e-05,0.001087490173091707,0.04860253676057919,Significant
Tcp11l1,-4.0385137,-1.3973062,5.37910080317439e-05,0.0010849854014649413,0.02761252665843529,Significant
Txndc9,-4.038743,-1.2934103,5.37383986502949e-05,0.0010843083478194338,0.03401055112807273,Significant
Lipa,-4.0388875,-1.1063735,5.3705330634709256e-05,0.0010840594701383981,0.044786171287462116,Significant
Cd37,-4.0415497,-2.4534929,5.3099135441962815e-05,0.0010739298427304203,0.01436749354585251,Significant
Alg5,-4.041946,-2.3527806,5.300947895124773e-05,0.0010726413436257984,0.013694017285890672,Significant
Ndufv3,-4.046526,-1.3648474,5.1983343845140274e-05,0.0010526257403577995,0.03165338421820631,Significant
Eeig1,-4.0490994,-1.4953747,5.1415105333446014e-05,0.0010414896879372998,0.02626557413851162,Significant
Irag1,-4.0493474,-2.1849854,5.136063770814677e-05,0.001040970676264862,0.015377707935795263,Significant
4930473D10Rik,-4.0524945,-4.169503,5.0674361052337235e-05,0.001027581478875048,0.0022449208665394544,Significant
Gm15886,-4.052569,-3.5803115,5.0658318504436796e-05,0.001027581478875048,0.005500056123021664,Significant
4930405A10Rik,-4.055064,-4.0631523,5.0120490591408956e-05,0.0010174370248718066,0.0031428892131552364,Significant
Spata13,-4.0594707,-1.4068215,4.9184102155955565e-05,0.0010009263619950915,0.03715344034122797,Significant
Polg,-4.0599666,-1.2467754,4.907970512928613e-05,0.000999158916613043,0.03445953530138063,Significant
Ostc,-4.062836,-1.8565075,4.8480025112975396e-05,0.0009876569266396894,0.02054102592883601,Significant
Ndufs2,-4.0682683,-1.6057763,4.7363858453751044e-05,0.0009663007754263843,0.025704343921876753,Significant
Cavin3,-4.071375,-2.3969052,4.673650326695772e-05,0.000954527701766083,0.011336850376024245,Significant
Tmem179b,-4.07838,-3.2267795,4.535057176310832e-05,0.0009288873765335075,0.005949040296329555,Significant
Tgfbi,-4.0835714,-1.1399384,4.434881518957363e-05,0.0009096779127195649,0.03939836120776743,Significant
Nkiras1,-4.0838304,-1.4542719,4.4299353031389994e-05,0.0009089907967424785,0.02794926478841621,Significant
Taf6,-4.086885,-1.799345,4.372033463455814e-05,0.0008987290882405686,0.017622628802334717,Significant
Pcbp1,-4.087796,-1.7938017,4.354907606718946e-05,0.0008965032322277061,0.0209900101021439,Significant
Rap2a,-4.089814,-1.3262159,4.317192557813347e-05,0.000889382277259225,0.03378605904141879,Significant
Csgalnact1,-4.089951,-1.0940355,4.3146433504438404e-05,0.0008891788165675814,0.05264339432035021,Significant
Isca2,-4.090651,-2.182296,4.301643984490319e-05,0.0008868208186852399,0.012796048939274891,Significant
Slc39a10,-4.091973,-1.1509038,4.277190931720581e-05,0.0008824185827648608,0.04366371085419239,Significant
Cct3,-4.0928392,-1.4202211,4.2612344890071876e-05,0.0008794452810386309,0.030194185654955664,Significant
Rps25,-4.093002,-2.1433675,4.258240446913244e-05,0.000879146009019895,0.016612414412391963,Significant
Pttg1ip,-4.0967345,-1.0727922,4.1901937628332836e-05,0.0008654110375389553,0.04265349646424964,Significant
Dad1,-4.1038656,-1.5822523,4.0630347782518234e-05,0.0008409787833821777,0.03008193961162869,Significant
Hspe1,-4.1040583,-2.5910776,4.059652917688561e-05,0.0008405843519494703,0.009091929509484791,Significant
Eid1,-4.1050396,-2.46254,4.042459887855212e-05,0.0008373288776804789,0.01189808059265911,Significant
Gm26532,-4.106576,-2.8631349,4.015673719927171e-05,0.0008326892836357358,0.008755191379503872,Significant
Ppp1r16b,-4.1067905,-2.605364,4.011943553592681e-05,0.0008322188629694748,0.012010326635986081,Significant
Gm47271,-4.110112,-3.7225993,3.9546716217843493e-05,0.0008224359270125006,0.0037041194297901,Significant
Saraf,-4.11417,-1.4121369,3.88574689018671e-05,0.0008083972001246674,0.034796273431361546,Significant
Ndufab1,-4.115244,-1.3427479,3.867701170599893e-05,0.0008052313431631756,0.03288809069480301,Significant
Atat1,-4.1157513,-1.3036091,3.859203816361024e-05,0.000803756124752791,0.03131664608822539,Significant
Gm4951,-4.1159883,-1.6024028,3.8552403247760744e-05,0.0008032244395648534,0.02794926478841621,Significant
Pgam1,-4.1183248,-2.5564022,3.816369067544045e-05,0.0007957080595936487,0.010775620159389382,Significant
Rin3,-4.1207423,-1.1631068,3.776534429661982e-05,0.0007879796517383031,0.04882702884723313,Significant
Tmem127,-4.121872,-1.3013445,3.7580641942211854e-05,0.0007844132451728319,0.033673812998091815,Significant
Bub3,-4.1225567,-1.345861,3.746902754263082e-05,0.0007823703327117498,0.031428892131552366,Significant
Npepl1,-4.1251154,-1.0246729,3.705490930995342e-05,0.0007748599305978912,0.04377595689751936,Significant
Exosc7,-4.128629,-1.2088164,3.649324800544897e-05,0.0007645187765556548,0.033673812998091815,Significant
Ppp1cc,-4.129714,-1.0587646,3.632147677296784e-05,0.0007612002977289517,0.046357615894039736,Significant
Gm44686,-4.1299214,-3.3418818,3.628873427924794e-05,0.0007607941158301388,0.005724548209675609,Significant
Sdf4,-4.13168,-1.0551001,3.601213258340297e-05,0.000755551525951197,0.048265798630598274,Significant
Ei24,-4.135716,-1.1487181,3.5384952929192713e-05,0.0007429404884738799,0.03995959142440229,Significant
Cd9,-4.1369715,-1.6112732,3.519201840974503e-05,0.00073943495212889,0.0271635424851274,Significant
Idnk,-4.1372933,-2.1236498,3.514266556747536e-05,0.0007386705500471077,0.014928723762487371,Significant
Ctsa,-4.137967,-1.8231522,3.503963417671047e-05,0.0007370490615648581,0.021775732405432707,Significant
Hyi,-4.1398187,-2.8756633,3.475805544384509e-05,0.0007316667042617312,0.008755191379503872,Significant
Prpsap1,-4.140396,-1.0583205,3.467064361621328e-05,0.0007303666733817243,0.038163654731170726,Significant
Lage3,-4.142166,-2.5360923,3.440410288213957e-05,0.000725288419922958,0.00942866763946571,Significant
Clec10a,-4.1434546,-1.2963411,3.4211277735163537e-05,0.0007214905057473877,0.041643282074306884,Significant
Glrx5,-4.1438174,-1.8842148,3.4157161906219116e-05,0.0007206161378666257,0.019306319452239307,Significant
Hexim1,-4.1449246,-1.3661973,3.399255540257163e-05,0.0007174092280125394,0.030643169828263553,Significant
Slc39a9,-4.145491,-1.0758475,3.3908617005610335e-05,0.0007161576283909097,0.045235155460770005,Significant
Cnpy2,-4.151204,-2.2808485,3.307303325103482e-05,0.0006992201883741933,0.013918509372544617,Significant
Gm2a,-4.1538444,-2.2142546,3.26935630576238e-05,0.0006920461613621401,0.015265461892468291,Significant
Cox14,-4.1570287,-2.0979261,3.224135962481829e-05,0.0006827278759378128,0.0160511841957571,Significant
BC031181,-4.157532,-1.5098916,3.217039482997504e-05,0.0006814785907788723,0.026490066225165563,Significant
Mgp,-4.160043,-3.0806758,3.1818822906784116e-05,0.0006747842067542624,0.008081715119542036,Significant
Tspan13,-4.1603723,-2.3010392,3.177294458096534e-05,0.0006740623090107106,0.0148164777191604,Significant
Fgf14,-4.1660595,-1.0132506,3.099099122084515e-05,0.0006587002729026292,0.048490290717252214,Significant
Pgrmc1,-4.167496,-1.3066711,3.079637932127489e-05,0.0006550529080809539,0.0382759007744977,Significant
4930599N23Rik,-4.1682625,-1.8046839,3.0693028496912484e-05,0.00065376727077986,0.019306319452239307,Significant
Cct2,-4.168655,-1.6906649,3.064023257530507e-05,0.000653184512678862,0.0234594230553373,Significant
Arhgap25,-4.1689067,-1.6178722,3.0606408946128335e-05,0.0006527189257683496,0.02873498709170502,Significant
Lrp10,-4.169451,-2.5991433,3.053341144007555e-05,0.0006514061374332491,0.010551128072735436,Significant
Atad3a,-4.170132,-1.1615914,3.044227355929643e-05,0.0006497052094227503,0.036704456167920084,Significant
Hpgds,-4.1721244,-1.9267226,3.017727504448422e-05,0.0006447745659692218,0.020428779885509035,Significant
Kctd9,-4.1723576,-1.0372102,3.0146387405396377e-05,0.0006443563983673706,0.049837243237175886,Significant
Klf10,-4.175046,-1.5376904,2.9792605445691888e-05,0.0006375436020338742,0.030306431698282635,Significant
Dock6,-4.175246,-1.8909222,2.9766449360689957e-05,0.0006374318890737295,0.02132674823212482,Significant
Josd1,-4.177238,-1.2497987,2.9507046437795806e-05,0.0006323525522072002,0.03502076551801549,Significant
Nedd8,-4.178319,-1.5640916,2.9367156293453692e-05,0.0006295915837746786,0.02637782018183859,Significant
Tmx1,-4.1783485,-1.5378195,2.936333257306189e-05,0.0006295915837746786,0.02873498709170502,Significant
Arxes2,-4.1811886,-1.6059488,2.8998922931740197e-05,0.0006224001774052841,0.024918621618587943,Significant
Cxadr,-4.18194,-1.7715999,2.890319740242606e-05,0.000620579548752467,0.02390840722864519,Significant
Fmnl3,-4.182518,-2.1226425,2.882983911501678e-05,0.0006193590440794749,0.017173644629026825,Significant
Rspo1,-4.1836877,-2.0954425,2.8681783577356275e-05,0.0006169888321413841,0.016612414412391963,Significant
S100a11,-4.183777,-1.4780127,2.8670568434925833e-05,0.0006169806641168223,0.03041867774160961,Significant
Arfgap2,-4.185254,-1.1757011,2.8484726351661964e-05,0.000613213158105854,0.036367718037939166,Significant
Lbr,-4.1860723,-1.151659,2.838228465984934e-05,0.0006112389072679581,0.04411269502750028,Significant
Cmtm6,-4.1933517,-1.6713227,2.748625990042604e-05,0.0005935135096663478,0.026490066225165563,Significant
Zfp598,-4.201505,-1.3159891,2.651462181433706e-05,0.0005731849205505568,0.03041867774160961,Significant
Kctd18,-4.2079034,-1.1875079,2.5775103886647e-05,0.0005580456997755007,0.03760242451453586,Significant
P4hb,-4.2082367,-1.5833336,2.5737129864117115e-05,0.0005574354931885481,0.0283982489617241,Significant
Tcp1,-4.208514,-1.0775359,2.5705525499251185e-05,0.0005569628338861727,0.04759232237063644,Significant
4930425L21Rik,-4.2189484,-3.7162888,2.454443872762957e-05,0.0005328192472702841,0.004040857559771018,Significant
Dach1,-4.2191186,-1.2283143,2.4525906000339655e-05,0.0005326199899181313,0.07307217420585925,Significant
Tmed7,-4.221166,-1.4887649,2.4304149836357754e-05,0.0005282070976458194,0.03131664608822539,Significant
Dpf2,-4.22418,-1.127041,2.3981198783495194e-05,0.0005217858005085976,0.041867774160960824,Significant
Ucp2,-4.2244134,-2.4417243,2.3956374770373086e-05,0.0005214449295870849,0.015040969805814345,Significant
Rabep2,-4.2283754,-1.7166772,2.3538476215522342e-05,0.000513133374497725,0.02301043888202941,Significant
Kank2,-4.231312,-1.0202787,2.3233247894009918e-05,0.0005070618506450052,0.046357615894039736,Significant
Ralgps2,-4.241046,-1.2685064,2.224805323865218e-05,0.0004864924729117104,0.04882702884723313,Significant
Akr1b3,-4.2417607,-2.8280463,2.2177316957061195e-05,0.0004853184492129214,0.0086429453361769,Significant
Uaca,-4.2424493,-1.2869184,2.2109348833631565e-05,0.0004840170826358381,0.03995959142440229,Significant
Erap1,-4.244982,-1.0964159,2.1861102787106374e-05,0.0004787665591540862,0.04287798855090358,Significant
Trappc4,-4.249277,-2.191351,2.1446154876807184e-05,0.000471128666990848,0.015714446065776183,Significant
Slc16a4,-4.2532463,-3.3361595,2.1069360843571858e-05,0.00046338759204087493,0.005836794253002582,Significant
Gm13402,-4.2539682,-3.9867334,2.1001501886435322e-05,0.0004622522299634765,0.0035918733864631273,Significant
Ppp1r15b,-4.2544866,-1.1615496,2.0952911009045676e-05,0.0004613610617811561,0.038163654731170726,Significant
Set,-4.254516,-1.3471627,2.09501376227949e-05,0.0004613610617811561,0.03322482882478393,Significant
Khsrp,-4.2580857,-1.6251642,2.0618490906965013e-05,0.00045505329098197476,0.02626557413851162,Significant
Emcn,-4.258667,-2.9330378,2.0564953505753942e-05,0.00045404769971738474,0.009989897856100572,Significant
Acsm3,-4.260037,-1.9499319,2.0439305597384182e-05,0.0004517991071508745,0.015714446065776183,Significant
Abcb1b,-4.264221,-1.7876253,2.0060079494249302e-05,0.00044393353536029904,0.023683915141991245,Significant
Rmdn3,-4.2667685,-1.3436999,1.9832479467629715e-05,0.0004392381226628952,0.03008193961162869,Significant
Prkaca,-4.2668834,-1.201624,1.9822282352881877e-05,0.00043918310484647737,0.03715344034122797,Significant
Glp2r,-4.26705,-2.8159566,1.980748897339e-05,0.00043902616957329694,0.009765405769446628,Significant
Gm53055,-4.2701526,-4.294308,1.9533916773493645e-05,0.0004332998656016758,0.002918397126501291,Significant
Rabggtb,-4.273363,-1.3459618,1.925466661659944e-05,0.0004274385855032315,0.029071725221685937,Significant
4930565N06Rik,-4.282934,-3.6722927,1.8444461038239386e-05,0.0004104126830708827,0.004040857559771018,Significant
Norad,-4.286559,-1.0023166,1.814618104063193e-05,0.00040409139406907417,0.051745425973734424,Significant
Grk6,-4.287096,-1.5785455,1.8102395347045337e-05,0.00040327405847265593,0.028061510831743183,Significant
Lsm1,-4.29148,-1.1004572,1.7748609959841662e-05,0.00039616762043251434,0.04209226624761477,Significant
Gm31243,-4.2914987,-5.031843,1.7747129997754645e-05,0.00039616762043251434,0.0022449208665394544,Significant
Tmem248,-4.293731,-1.3113561,1.7569506134705833e-05,0.0003927857278430643,0.03243910652149512,Significant
Mical2,-4.293957,-1.0325092,1.7551632197024824e-05,0.0003925402548824786,0.05275564036367718,Significant
Gstm1,-4.29415,-2.0590007,1.753640907889474e-05,0.000392353897587955,0.016836906499045907,Significant
Fgd5,-4.3032584,-2.473888,1.6830442463792472e-05,0.0003778951988686148,0.012796048939274891,Significant
Tpm4,-4.3043914,-1.385295,1.6744545280928464e-05,0.0003762632805214474,0.03906162307778651,Significant
Gm43948,-4.3082867,-3.5864148,1.64524146682069e-05,0.00037023621144830296,0.004602087776405882,Significant
1700110C19Rik,-4.3107967,-1.9213201,1.6266721459251996e-05,0.00036624886777827915,0.016836906499045907,Significant
Cyth4,-4.3118854,-1.5557365,1.618682208712128e-05,0.00036459408087926144,0.03322482882478393,Significant
Gm12158,-4.314085,-3.2945762,1.602653266245276e-05,0.0003614125926070188,0.005387810079694691,Significant
Zfp866,-4.316536,-1.5218569,1.584967653050157e-05,0.00035784949695610223,0.02604108205185767,Significant
Gm31323,-4.317136,-3.4363515,1.5806681736264745e-05,0.00035702033508316173,0.0049388259063868,Significant
Wdfy4,-4.3238673,-1.1148559,1.5331747017980293e-05,0.0003472573615556149,0.05645975979346728,Significant
S1pr1,-4.325552,-2.7529292,1.5215028951934802e-05,0.0003448881224331686,0.010775620159389382,Significant
Laptm5,-4.327859,-1.445364,1.5056588428291715e-05,0.00034143257733785685,0.03243910652149512,Significant
Arhgef2,-4.327996,-1.1528331,1.5047228297299063e-05,0.00034135626552848843,0.0518576720170614,Significant
Psmb3,-4.331421,-1.7998313,1.4815020138352796e-05,0.0003363564839306007,0.021663486362105737,Significant
Spg7,-4.335468,-1.0111058,1.454504154909743e-05,0.00033062243945994286,0.05095970367044562,Significant
Phb2,-4.3372116,-2.2096384,1.4430153548475063e-05,0.0003281419222059579,0.015377707935795263,Significant
Gapdh,-4.338504,-4.0543413,1.4345582970787296e-05,0.0003264795523339726,0.003816365473117073,Significant
Insyn2b,-4.338693,-4.207388,1.4333264173711274e-05,0.00032646015812611744,0.004377595689751936,Significant
Ring1,-4.3402963,-1.7174473,1.4229080826352198e-05,0.0003242169233026493,0.02132674823212482,Significant
Gm48765,-4.34321,-3.6564963,1.4041568729148589e-05,0.00032021682404294094,0.004602087776405882,Significant
Cd164,-4.3434954,-1.002997,1.402334967226582e-05,0.00032004150448436397,0.054663823100235716,Significant
6530409C15Rik,-4.3443727,-4.495236,1.3967414224117758e-05,0.00031889275594847204,0.0023571669098664274,Significant
Rps17,-4.3455763,-3.3517084,1.3891055394785602e-05,0.00031727660859786884,0.006398024469637446,Significant
Mplkip,-4.347676,-1.4867835,1.3758790938496778e-05,0.00031450795456802294,0.0283982489617241,Significant
Zdhhc6,-4.3492975,-1.2641124,1.365744167319548e-05,0.0003124420997643326,0.04063306768436412,Significant
Dnajc19,-4.354011,-1.3896154,1.3366907702262731e-05,0.0003060414521409498,0.03131664608822539,Significant
Herpud1,-4.354022,-1.4454972,1.33662300344974e-05,0.0003060414521409498,0.031541138174879337,Significant
Runx1t1,-4.357647,-1.5450526,1.3146826259986816e-05,0.00030140689415133364,0.02884723313503199,Significant
Rpl36a,-4.359898,-3.0070074,1.3012301417792611e-05,0.00029864306933918947,0.007969469076215064,Significant
Ssr4,-4.3664184,-2.7260423,1.2630036884338729e-05,0.0002904551414503762,0.010102143899427546,Significant
Plekho1,-4.374694,-2.2431898,1.216029366318842e-05,0.00027999162210902217,0.018408351105623527,Significant
Gm12002,-4.375279,-2.914483,1.2127724664542751e-05,0.00027935468047076404,0.009653159726119654,Significant
Emc3,-4.3773227,-1.5116158,1.2014591539028803e-05,0.00027697281652787006,0.02794926478841621,Significant
Kazn,-4.378556,-1.0138848,1.1946830590829732e-05,0.0002755222683970984,0.07273543607587833,Significant
Rpl15,-4.380311,-3.8498733,1.1851006878406567e-05,0.00027364484292917614,0.004602087776405882,Significant
Gpc3,-4.3821845,-1.531673,1.1749523750808425e-05,0.00027141161537313694,0.03041867774160961,Significant
Jkamp,-4.383173,-1.1741159,1.1696309210722847e-05,0.00027029202222717924,0.038612638904478615,Significant
Coq10a,-4.389712,-2.380143,1.1350085655657502e-05,0.0002629313373957664,0.013357279155909754,Significant
Loxl1,-4.3907304,-1.7840357,1.12970603092995e-05,0.00026191608756996046,0.023122684925356383,Significant
5430405H02Rik,-4.40085,-1.3003627,1.0782780420703856e-05,0.00025040061171912654,0.033112582781456956,Significant
Tagln2,-4.4040527,-2.3412445,1.0624721382563394e-05,0.000247032364330152,0.01560220002244921,Significant
Uqcr10,-4.404519,-2.8912587,1.0601883182307727e-05,0.00024660205485448706,0.009653159726119654,Significant
Id1,-4.4101877,-2.2915092,1.0328099586819216e-05,0.0002406269715929104,0.01436749354585251,Significant
Il7,-4.4102545,-2.0942125,1.032492122624217e-05,0.0002406269715929104,0.014143001459198563,Significant
Gpkow,-4.4108505,-1.6930414,1.0296534068690254e-05,0.00024019459228373052,0.02357166909866427,Significant
Ptpre,-4.4125576,-1.1005846,1.0215663259175075e-05,0.00023849531842586632,0.05746997418341004,Significant
Msrb1,-4.4161267,-1.9759245,1.0048509931305746e-05,0.00023488185714223335,0.019194073408912337,Significant
Ppp1r1a,-4.4195,-2.527815,9.892949738126447e-06,0.00023153080601671106,0.011561342462678191,Significant
Slc5a6,-4.420533,-2.1311302,9.845770288412395e-06,0.00023052138404296474,0.015489953979122235,Significant
S100a1,-4.422144,-3.011947,9.77263943507065e-06,0.00022890327522515752,0.008979683466157818,Significant
C1qtnf12,-4.4265943,-3.7006783,9.573250834423885e-06,0.00022451008062723658,0.004826579863059827,Significant
Pim1,-4.432378,-1.7615365,9.319946032164161e-06,0.00021902065498037948,0.02435739140195308,Significant
Ccdc88c,-4.4323964,-1.3088124,9.319145574151542e-06,0.00021902065498037948,0.04411269502750028,Significant
Ldlr,-4.434418,-1.313822,9.232129653175551e-06,0.0002172259068518467,0.033673812998091815,Significant
Mrps21,-4.434603,-1.8440212,9.224200077184292e-06,0.00021712905192019464,0.021551240318778763,Significant
Tppp,-4.4351587,-1.9647932,9.20045037373328e-06,0.00021665957184894405,0.01694915254237288,Significant
Ggta1,-4.4365435,-2.332088,9.141488616622885e-06,0.00021536015859293493,0.0160511841957571,Significant
A930028N01Rik,-4.4372063,-8.369259,9.113396864721052e-06,0.0002147872230439079,0.00022449208665394546,Significant
Aebp1,-4.4434304,-2.521345,8.853579236028401e-06,0.00020927009351543924,0.013694017285890672,Significant
4930455C13Rik,-4.4438562,-4.230362,8.836065801186697e-06,0.0002089428666052208,0.003255135256482209,Significant
D530033B14Rik,-4.4439783,-3.214509,8.831046322863884e-06,0.0002089428666052208,0.005836794253002582,Significant
Cdh5,-4.4512873,-2.2177024,8.535697061500749e-06,0.00020259738490158987,0.017622628802334717,Significant
Klhdc2,-4.4519615,-1.079748,8.508946753248145e-06,0.00020213097082882878,0.04714333819732854,Significant
Prune2,-4.458826,-1.6690519,8.240972741522405e-06,0.00019601053837720438,0.027724772701762265,Significant
Kdr,-4.462403,-1.782299,8.10456453080563e-06,0.00019322893023222208,0.027500280615108317,Significant
Kmt5a,-4.46284,-1.0059263,8.088050522431119e-06,0.00019293744650094276,0.046469861937366706,Significant
Atp5e,-4.471689,-2.950458,7.760414493274285e-06,0.00018574433024864693,0.009204175552811764,Significant
Fyn,-4.475262,-1.0514535,7.631755618250855e-06,0.00018304961948560316,0.06038837130991133,Significant
Suclg1,-4.4765916,-1.1899855,7.584414376043317e-06,0.00018206751222018654,0.04545964754742395,Significant
Adap2os,-4.4811163,-2.475878,7.425365222795161e-06,0.00017855055791857232,0.0135817712425637,Significant
Tgm2,-4.484119,-1.6567636,7.321575840507871e-06,0.0001762036559316816,0.02626557413851162,Significant
Psma2,-4.4894767,-1.2173382,7.139829578518805e-06,0.00017197505754248702,0.041531036030979906,Significant
Pou2f2,-4.490025,-2.2152703,7.12148562322523e-06,0.0001716784559153547,0.019530811538893255,Significant
Plcd3,-4.4930425,-1.7453089,7.0212747298851004e-06,0.00016954978981950278,0.022898192838702435,Significant
Atox1,-4.494957,-2.36501,6.958406041472922e-06,0.00016817427776210088,0.013694017285890672,Significant
Gss,-4.4955864,-1.8670269,6.937851444681929e-06,0.00016774870450600159,0.018745089235604445,Significant
Nudt12,-4.499078,-1.4216231,6.8248842912561e-06,0.00016515755904309969,0.02682680435514648,Significant
mt-Nd6,-4.501122,-2.0665348,6.7595758607220115e-06,0.00016371629480449684,0.022561454708721517,Significant
Atp6ap1,-4.504043,-1.1192902,6.667264456614649e-06,0.00016168684217380525,0.04456167920080817,Significant
B430219N15Rik,-4.505354,-2.965444,6.626240231285917e-06,0.00016089754584633324,0.007183746772926255,Significant
Kank3,-4.508794,-2.6901355,6.5197258463282595e-06,0.00015837871562106545,0.012908294982601863,Significant
Pik3ap1,-4.509549,-1.1281902,6.49655659187556e-06,0.0001578832389662767,0.054551577056908745,Significant
Gm13919,-4.5097933,-2.4780626,6.489077537124491e-06,0.00015776881470598022,0.012122572679313054,Significant
Cnpy3,-4.5127187,-1.7974372,6.40019252492008e-06,0.0001558739788543517,0.023234930968683353,Significant
Muc16,-4.514892,-2.0138447,6.334903198204922e-06,0.00015441193969184755,0.019194073408912337,Significant
Slc25a20,-4.515914,-1.02038,6.304425699940064e-06,0.000153804757403722,0.048490290717252214,Significant
Timm13,-4.517084,-3.4588397,6.269703445597762e-06,0.0001530232249874763,0.005836794253002582,Significant
Cdc42ep3,-4.5183725,-1.5460473,6.231676747770776e-06,0.0001521603369188747,0.03378605904141879,Significant
Smdt1,-4.5192723,-2.9177508,6.205254585516207e-06,0.0001515801807609946,0.00942866763946571,Significant
Eif5a,-4.5359383,-2.535885,5.734801924128914e-06,0.0001404496156394944,0.012796048939274891,Significant
Calcrl,-4.5368304,-1.4136711,5.710600152322602e-06,0.00013991707541884736,0.036928948254574025,Significant
Setd4,-4.5486603,-1.402678,5.3988481265005916e-06,0.00013267838203326291,0.02929621730833988,Significant
Arl5b,-4.549327,-1.1809129,5.38177843187372e-06,0.00013231599554806628,0.04276574250757661,Significant
Slc25a10,-4.572761,-1.8404756,4.8133880598886065e-06,0.0001190613073493124,0.020877764058816927,Significant
Rpl7a,-4.572994,-3.1586351,4.8080302870256505e-06,0.00011898046613364953,0.007295992816253227,Significant
Mrps33,-4.5751123,-2.2581975,4.759645775122915e-06,0.00011798824121953588,0.013806263329217645,Significant
Sntg1,-4.580307,-1.4705712,4.6429352930297e-06,0.0001152455878467324,0.03737793242788192,Significant
2610005L07Rik-1,-4.5822845,-1.7522274,4.599238152958378e-06,0.0001143603579334511,0.02301043888202941,Significant
Btnl9,-4.584169,-2.641488,4.557953681034999e-06,0.0001133833292056854,0.012122572679313054,Significant
Flcn,-4.5842133,-1.2708251,4.556984669806526e-06,0.0001133833292056854,0.03490851947468852,Significant
Abhd6,-4.5863166,-1.2644622,4.5113432145387136e-06,0.00011242030371074348,0.03771467055786284,Significant
Tmem176a,-4.5893936,-3.7662082,4.4453567445004995e-06,0.00011082445638730426,0.005387810079694691,Significant
Mfsd4a,-4.5912523,-3.243941,4.405943972476163e-06,0.00010993814887675952,0.007071500729599282,Significant
Sf3b6,-4.591356,-1.1584337,4.403755537005034e-06,0.00010993171592836636,0.04579638567740487,Significant
2810013P06Rik,-4.5940957,-1.304527,4.34629434519783e-06,0.00010868789912600336,0.03255135256482209,Significant
Sncaip,-4.594681,-2.6366792,4.334119014236405e-06,0.00010843105043481331,0.012459310809293972,Significant
Cish,-4.596099,-1.4062552,4.304740867503468e-06,0.00010779078704332232,0.03434728925805365,Significant
B230208H11Rik,-4.5996017,-2.3065257,4.232993035871768e-06,0.00010618099403329268,0.013469525199236727,Significant
Ncbp2as2,-4.599835,-3.7649446,4.228255822738188e-06,0.00010610890912407898,0.004714333819732855,Significant
Rassf1,-4.601416,-1.1943365,4.196281687932761e-06,0.00010549248370533306,0.04400044898417331,Significant
Gm35612,-4.6037154,-2.152047,4.150193869031184e-06,0.00010447223213815412,0.015153215849141317,Significant
1600014C10Rik,-4.604389,-1.0655397,4.136778824051337e-06,0.00010422669160190583,0.0407453137276911,Significant
Rufy1,-4.616027,-1.0976474,3.911563485168359e-06,9.877088089089647e-05,0.04893927489056011,Significant
Gm10076,-4.6174154,-3.3491364,3.885490758055563e-06,9.81560466967355e-05,0.006734762599618364,Significant
Fcor,-4.621188,-3.2944589,3.815481095197891e-06,9.651590805937945e-05,0.006622516556291391,Significant
Rap2b,-4.625102,-2.3980901,3.7441390341964966e-06,9.475334255385898e-05,0.013245033112582781,Significant
Vps72,-4.6257315,-1.0592607,3.7327849515599936e-06,9.455004801013238e-05,0.046582107980693684,Significant
Zfp362,-4.6428747,-1.0489796,3.435943362550992e-06,8.738099643010988e-05,0.04905152093388708,Significant
1700025G04Rik,-4.6433415,-1.1879431,3.428190406242499e-06,8.722278370056038e-05,0.056347513750140306,Significant
Zfp386,-4.645352,-1.1269734,3.3949703612458992e-06,8.64548333361819e-05,0.045235155460770005,Significant
Soga1,-4.6456075,-1.1062028,3.3907712014197428e-06,8.638653377183067e-05,0.05253114827702324,Significant
Pgm3,-4.6487694,-1.6772941,3.3392095556497473e-06,8.514909597324329e-05,0.025704343921876753,Significant
Nsdhl,-4.6500435,-1.6132663,3.3186531642881746e-06,8.466282698375133e-05,0.024020653271972163,Significant
2900093K20Rik,-4.65312,-1.4525455,3.2694946296498954e-06,8.352099313902858e-05,0.030194185654955664,Significant
Cdc42ep1,-4.663377,-1.0836791,3.11062671837168e-06,7.960548133519183e-05,0.04557189359075092,Significant
Dgkz,-4.66391,-1.0063616,3.102573687849415e-06,7.943509368697551e-05,0.061735323829835,Significant
Gm46367,-4.666798,-4.2463055,3.0592994790046087e-06,7.843294535524603e-05,0.003367381299809182,Significant
Cbx4,-4.67377,-1.2135651,2.957204198174536e-06,7.595226172677322e-05,0.03939836120776743,Significant
Imp3,-4.6740775,-3.7007065,2.9527800474900107e-06,7.58728559043902e-05,0.005051071949713773,Significant
Atp5k,-4.6766543,-2.515979,2.915930205356227e-06,7.50275561785761e-05,0.012571556852620945,Significant
Gm46124,-4.679887,-4.203583,2.8703325829356556e-06,7.395457357689554e-05,0.0031428892131552364,Significant
Cox11,-4.681616,-1.8357658,2.8462224091836857e-06,7.336656867420926e-05,0.021663486362105737,Significant
Mgat4a,-4.685441,-1.4471537,2.7935793216017196e-06,7.210752500059997e-05,0.03962285329442137,Significant
Gm28375,-4.688492,-3.1615005,2.752258323148629e-06,7.113769458847302e-05,0.007520484902907173,Significant
Ltbp4,-4.6889915,-2.3330336,2.7455446636888933e-06,7.10286500204949e-05,0.01560220002244921,Significant
Timm44,-4.6902285,-1.3979025,2.7290020449152774e-06,7.069704524091028e-05,0.03277584465147604,Significant
Tpp1,-4.6916614,-1.5844296,2.7099540180622965e-06,7.023681610234205e-05,0.030643169828263553,Significant
Abr,-4.6921577,-1.1793184,2.7033883652252784e-06,7.012921954637475e-05,0.054888315186889663,Significant
Fxyd1,-4.6943274,-2.3188095,2.6748548087204582e-06,6.945230627603813e-05,0.015489953979122235,Significant
Uba1,-4.694838,-1.360385,2.6681774717809934e-06,6.931053531965399e-05,0.0345717813447076,Significant
Cyc1,-4.6955085,-3.28152,2.659443763334783e-06,6.91151927558402e-05,0.006510270512964418,Significant
Emc6,-4.699093,-2.7300808,2.6131990920864528e-06,6.803757178897791e-05,0.009989897856100572,Significant
Cep78,-4.71427,-1.1112571,2.4257895785103723e-06,6.341913883836506e-05,0.0444494331574812,Significant
Erc2,-4.7163544,-1.8128656,2.4010793323384216e-06,6.280195602328069e-05,0.02110225614547087,Significant
Fmo2,-4.7228823,-1.5278975,2.3252541792890258e-06,6.090262107768924e-05,0.03389830508474576,Significant
Anapc16,-4.728488,-1.1375041,2.2619781259334573e-06,5.93818794231337e-05,0.04489841733078909,Significant
Rrs1,-4.7288027,-1.8019271,2.258475103446356e-06,5.931726515928919e-05,0.02132674823212482,Significant
Pcif1,-4.729114,-2.1891973,2.2550184110548615e-06,5.925380864968845e-05,0.016275676282411045,Significant
Ghitm,-4.7292547,-1.3183784,2.253456338742013e-06,5.924010036210017e-05,0.039735099337748346,Significant
Rexo2,-4.732876,-1.08583,2.213609170010807e-06,5.827328698547636e-05,0.049949489280502864,Significant
Egfl7,-4.733642,-2.5630646,2.2052624575853044e-06,5.8107288106138276e-05,0.013245033112582781,Significant
Atp1a1,-4.7354527,-1.052767,2.185664721393715e-06,5.7670961492529896e-05,0.059490402963295545,Significant
Ndufs5,-4.740403,-1.6410074,2.132931635389313e-06,5.6384057683706066e-05,0.026602312268492537,Significant
Ndufa8,-4.742192,-3.2537878,2.1141836311386826e-06,5.594039504677868e-05,0.007744976989561118,Significant
Zfp110,-4.7454243,-1.142915,2.08069831750455e-06,5.507998275082593e-05,0.048041306543944326,Significant
1700084C06Rik,-4.7517853,-2.475028,2.016283235796793e-06,5.3499153648418076e-05,0.01189808059265911,Significant
Atp5o-1,-4.7569656,-2.5496333,1.965248144585159e-06,5.2242387768825187e-05,0.013357279155909754,Significant
Gm56990,-4.7590833,-2.787629,1.9447411902379022e-06,5.174556453894224e-05,0.010102143899427546,Significant
Mafb,-4.771691,-1.3514463,1.826856647585929e-06,4.876842211448213e-05,0.040184083511056234,Significant
Proser1,-4.7759233,-1.6206974,1.7888473731672426e-06,4.7776153037296416e-05,0.0259288360085307,Significant
Ifnar1,-4.776871,-1.1477146,1.7804391269300487e-06,4.757390160794177e-05,0.05073521158379167,Significant
Myh10,-4.778811,-1.1640987,1.7633467699699773e-06,4.7141913081450355e-05,0.04916376697721405,Significant
Tmem33,-4.7810736,-1.4545746,1.743615667745007e-06,4.665564837268254e-05,0.03412279717139971,Significant
Upk3b,-4.782292,-2.6427288,1.7330792898811818e-06,4.6439184868293824e-05,0.011561342462678191,Significant
4930557K07Rik,-4.782655,-4.6816807,1.7299526403566082e-06,4.637722848142449e-05,0.0026939050398473454,Significant
Prkd2,-4.7829432,-1.486784,1.727467957708699e-06,4.635426624877052e-05,0.03468402738803457,Significant
Trir,-4.7889194,-1.2516857,1.6768172782500784e-06,4.510139472878494e-05,0.04231675833426872,Significant
Tigd2,-4.7969913,-1.7564359,1.610665743602437e-06,4.338359418470499e-05,0.024581883488607025,Significant
Dpm3,-4.797917,-2.935466,1.6032418952466412e-06,4.3245000832420176e-05,0.009653159726119654,Significant
Rnase4,-4.7990646,-2.0149941,1.594081996905506e-06,4.305911906347079e-05,0.020765518015489953,Significant
Rnf114,-4.8010163,-1.4039943,1.5786255092781202e-06,4.266184865866419e-05,0.036479964081266136,Significant
Atp5l,-4.8065963,-1.0590681,1.5352173508260712e-06,4.1547914055792455e-05,0.054776069143562686,Significant
Map2k7,-4.80841,-1.5783218,1.5213521257599751e-06,4.1192254585306105e-05,0.02873498709170502,Significant
Parp3,-4.8211994,-1.2185608,1.4269762541936172e-06,3.882152646442368e-05,0.04096980581434505,Significant
Sec61a1,-4.8240614,-1.3795387,1.406639632121611e-06,3.833671718157177e-05,0.03894937703445953,Significant
Myo10,-4.8246503,-1.083537,1.4024912495968489e-06,3.8246769273608315e-05,0.08036816702211247,Significant
Gng5,-4.824676,-3.0696464,1.4023088870479559e-06,3.8246769273608315e-05,0.008867437422830846,Significant
Tomm20,-4.826957,-1.053272,1.3863499697730968e-06,3.7842834913159104e-05,0.06072510943989225,Significant
Polr1d,-4.829656,-1.0149324,1.3676891365826846e-06,3.740518113648158e-05,0.05735772814008306,Significant
Mfap3,-4.836543,-1.3214928,1.3211651417832217e-06,3.616753093186463e-05,0.04085755977101807,Significant
2610307P16Rik,-4.842186,-1.2531977,1.2841836672645736e-06,3.520592306100726e-05,0.05443933101358177,Significant
Cfl1,-4.8461404,-1.936738,1.2588630931402415e-06,3.457835185069874e-05,0.023347177012010327,Significant
Pfn1,-4.8686156,-1.1983835,1.1238263629154936e-06,3.1048906807749216e-05,0.05051071949713773,Significant
Irs3,-4.869249,-2.301133,1.1202317671331295e-06,3.0964619928314334e-05,0.014704231675833427,Significant
Gm7480,-4.871952,-4.8994536,1.1050104631263184e-06,3.0558718203436475e-05,0.0019081827365585364,Significant
Snhg12,-4.873522,-2.9685297,1.0962611751333241e-06,3.033149056038222e-05,0.009989897856100572,Significant
Pstk,-4.8753176,-1.5698913,1.0863348839906138e-06,3.0086086881959895e-05,0.028173756875070153,Significant
Kifc3,-4.882534,-1.0482415,1.047310717695594e-06,2.9076021246369973e-05,0.06285778426310473,Significant
Api5,-4.8847337,-1.2477162,1.0356879834697361e-06,2.88095307605033e-05,0.04220451229094174,Significant
Fbxo9,-4.8936977,-1.0017947,9.895878061692504e-07,2.758106670146025e-05,0.054776069143562686,Significant
Gm15345,-4.89586,-3.0219512,9.787667474081763e-07,2.7332985465507095e-05,0.007744976989561118,Significant
Zcrb1,-4.8981557,-1.2847328,9.674033186345526e-07,2.7042175928507635e-05,0.04366371085419239,Significant
Ldb3,-4.9007215,-2.580445,9.548522557295565e-07,2.6704441205057312e-05,0.01066337411606241,Significant
Ifnar2,-4.903284,-1.2470056,9.42475807188075e-07,2.6371260411349476e-05,0.044786171287462116,Significant
Lrg1,-4.907453,-2.7624469,9.226666933074793e-07,2.5829677573068426e-05,0.010775620159389382,Significant
Uqcrb,-4.908327,-3.255624,9.185659879845483e-07,2.5727528736757583e-05,0.00819396116286901,Significant
Naa12,-4.9214716,-1.1119114,8.589590920009979e-07,2.4176959791215435e-05,0.05039847345381075,Significant
Ptger3,-4.9282103,-1.3646004,8.298623646224606e-07,2.3404256019795707e-05,0.03872488494780559,Significant
Mknk1,-4.9334683,-1.2289424,8.078221193436796e-07,2.280525498143206e-05,0.04714333819732854,Significant
Rpn1,-4.9340606,-1.3175914,8.053743485503964e-07,2.274743094286117e-05,0.04231675833426872,Significant
Cdv3,-4.9405146,-1.1164618,7.791675499195986e-07,2.2061949010428575e-05,0.05264339432035021,Significant
Ednrb,-4.943658,-1.5008917,7.667018585339179e-07,2.176309597546352e-05,0.03715344034122797,Significant
Emp3,-4.9438396,-3.4386232,7.659882965135149e-07,2.1753685581933194e-05,0.007295992816253227,Significant
Arl6ip5,-4.946894,-1.0240089,7.540698703208592e-07,2.143659135593612e-05,0.05746997418341004,Significant
Gfod1,-4.9476457,-1.3000902,7.51164717653995e-07,2.1375347420257935e-05,0.05814345044337187,Significant
Cerk,-4.95571,-1.1074605,7.206658974500408e-07,2.0589782672705857e-05,0.056684251880121224,Significant
Lztfl1,-4.9596424,-1.0961033,7.062307422386392e-07,2.0197631689507963e-05,0.0555617914468515,Significant
Atp5d,-4.9632783,-4.030254,6.931311798102408e-07,1.9832956034962272e-05,0.004265349646424964,Significant
Higd1a,-4.9680066,-1.7945552,6.76446231926399e-07,1.9375012521187666e-05,0.02301043888202941,Significant
Tenm3,-4.9725094,-1.0963005,6.609184750644795e-07,1.8939788066757186e-05,0.06184756987316197,Significant
Hacd4,-4.973916,-2.1037874,6.561368992464737e-07,1.8812231208455924e-05,0.0222247165787406,Significant
Trub2,-4.9818363,-1.4927099,6.298374165160585e-07,1.8094637908093285e-05,0.03008193961162869,Significant
Ech1,-4.982736,-1.6343299,6.269147567546121e-07,1.801976434344491e-05,0.030643169828263553,Significant
Cdh23,-4.984017,-2.4523532,6.227758206653402e-07,1.7909837376012695e-05,0.013694017285890672,Significant
Eny2,-4.9858537,-1.1122487,6.168884575131608e-07,1.7767448487231606e-05,0.05028622741048378,Significant
Gm9993,-4.988923,-2.471436,6.071680523253386e-07,1.75051929455479e-05,0.012683802895947918,Significant
Mfng,-4.9907966,-1.195467,6.013077078646893e-07,1.7353807497984428e-05,0.04489841733078909,Significant
Psma7,-4.991363,-1.7028817,5.995464681713214e-07,1.731175225362232e-05,0.029745201481647773,Significant
Eno1,-4.9922442,-1.9719445,5.968166418997149e-07,1.7241672453785726e-05,0.022112470535413625,Significant
Zfp639,-4.996084,-1.2300898,5.850615943486162e-07,1.691924441026133e-05,0.04411269502750028,Significant
Nfic,-4.9988647,-1.269584,5.766882189582996e-07,1.6702545206360395e-05,0.043326972724211474,Significant
Gm40528,-5.0027895,-3.9938293,5.650659582125123e-07,1.639929700641114e-05,0.005163317993040746,Significant
Gde1,-5.0029597,-1.3924206,5.645667427883569e-07,1.6393164151510368e-05,0.03760242451453586,Significant
Ifitm2,-5.0047445,-4.3879213,5.593613378494307e-07,1.6266901909338324e-05,0.003255135256482209,Significant
Gm50100,-5.0139494,-4.0968814,5.332399242835225e-07,1.5546960844151588e-05,0.0030306431698282634,Significant
Tm2d1,-5.0154824,-1.0364743,5.290057029337367e-07,1.5447237810640974e-05,0.05746997418341004,Significant
Slc25a5,-5.0163045,-4.648071,5.267485507951561e-07,1.5397119728350608e-05,0.0031428892131552364,Significant
Gatad1,-5.0163302,-1.7120615,5.266775305726076e-07,1.5397119728350608e-05,0.02794926478841621,Significant
Tsnax,-5.0167007,-1.1028252,5.25663963524969e-07,1.5381208503121924e-05,0.05443933101358177,Significant
Dnajb9,-5.016834,-3.1871502,5.252995400254423e-07,1.53784478707397e-05,0.007969469076215064,Significant
Sned1,-5.0186296,-1.1336817,5.204136318185628e-07,1.5243247227047729e-05,0.05084745762711865,Significant
Rnf167,-5.0193257,-1.5386947,5.185315229629348e-07,1.519593589759777e-05,0.033673812998091815,Significant
Elf4,-5.0202847,-1.26336,5.159493645778716e-07,1.5143645756921952e-05,0.05095970367044562,Significant
1500004A13Rik,-5.02074,-2.894306,5.147274354058937e-07,1.5115572408172763e-05,0.009653159726119654,Significant
Tpi1,-5.0212994,-2.742649,5.132311590077718e-07,1.5079409404056518e-05,0.011000112246043327,Significant
Gm16093,-5.0277605,-3.8299077,4.962412282243908e-07,1.4587750013590626e-05,0.004714333819732855,Significant
Thoc7,-5.028442,-1.2669941,4.944816837424105e-07,1.4543533860525104e-05,0.04388820294084633,Significant
Txndc15,-5.029986,-1.3075886,4.905162620094625e-07,1.4449294606870568e-05,0.03962285329442137,Significant
Cobl,-5.0337367,-1.3645593,4.810105637517263e-07,1.4183957799371853e-05,0.048041306543944326,Significant
Lcp2,-5.0375724,-1.5112224,4.7147290510875075e-07,1.3917127366406104e-05,0.041306543944325966,Significant
Gm16552,-5.0514426,-4.0519314,4.3848535538995305e-07,1.2983772553957004e-05,0.003928611516444046,Significant
Rnf8,-5.059007,-1.2109009,4.21444697492342e-07,1.249868881245388e-05,0.043102480637557526,Significant
Ltbp2,-5.059189,-2.494186,4.210439393012019e-07,1.249868881245388e-05,0.012571556852620945,Significant
Gstt2,-5.060322,-1.961931,4.185495501791003e-07,1.2438742138177532e-05,0.022449208665394543,Significant
Ttc39b,-5.060966,-1.0443877,4.1713753701609394e-07,1.240325247792867e-05,0.06723537995285667,Significant
Pltp,-5.068138,-1.2477227,4.017258868622095e-07,1.1976268965351346e-05,0.050061735323829834,Significant
Lmo7,-5.0729146,-1.2515765,3.9176843298683584e-07,1.1697790426168547e-05,0.054551577056908745,Significant
Hbb-bs,-5.075399,-4.4929204,3.866836063912008e-07,1.1552020583169657e-05,0.0037041194297901,Significant
Arpc3,-5.080605,-1.716716,3.7623468441632397e-07,1.1269426178511257e-05,0.03041867774160961,Significant
Ap4m1,-5.0846186,-1.1905817,3.683653203251014e-07,1.1051153690532982e-05,0.04534740150409698,Significant
Gm43362,-5.0876956,-1.8824112,3.6244043523425607e-07,1.088487385162119e-05,0.023347177012010327,Significant
Myo18a,-5.091424,-1.1381227,3.553838993720441e-07,1.0695515123754524e-05,0.05769446627006398,Significant
Srp9,-5.092235,-1.9449235,3.538669113473255e-07,1.065549222582129e-05,0.022898192838702435,Significant
Sbds,-5.0969114,-1.2629585,3.452394686476983e-07,1.0406712855621274e-05,0.041306543944325966,Significant
Slc35e2,-5.099785,-1.3747195,3.4003975849405324e-07,1.0266279898414573e-05,0.03749017847120889,Significant
Sub1,-5.103991,-1.3546437,3.3256392480047277e-07,1.0056570601202188e-05,0.044673925244135146,Significant
Tlcd1,-5.1056204,-1.9607489,3.29711195965154e-07,9.975603193119998e-06,0.02020428779885509,Significant
Dynll1,-5.110145,-2.8349295,3.2191175355563605e-07,9.7499878506444e-06,0.011224604332697272,Significant
Cav2,-5.111985,-1.0606377,3.1879085911834056e-07,9.665745638475734e-06,0.06353126052306657,Significant
Tulp2,-5.1154766,-2.2654314,3.1294942779059127e-07,9.508886535658516e-06,0.013806263329217645,Significant
Prex1,-5.1167655,-1.4740342,3.1081995174939176e-07,9.44922523895468e-06,0.041306543944325966,Significant
Romo1,-5.124522,-2.7796745,2.982928516881997e-07,9.078082986626285e-06,0.012459310809293972,Significant
Btf3,-5.127429,-1.4863462,2.9372566170079404e-07,8.948440889988827e-06,0.038612638904478615,Significant
Rsf1os1,-5.1306243,-3.410763,2.8878258992811543e-07,8.807482299462678e-06,0.006398024469637446,Significant
Rnf6,-5.135334,-1.3799881,2.8164303924544276e-07,8.598947076501209e-06,0.04085755977101807,Significant
Slc25a4,-5.1416955,-2.507396,2.722702503245991e-07,8.317242662946886e-06,0.015826692109103153,Significant
Csrp2,-5.1424212,-2.2870069,2.7122028978102357e-07,8.28961595299048e-06,0.01896958132225839,Significant
Tmem168,-5.144635,-1.072623,2.680409498232058e-07,8.214488548914512e-06,0.056684251880121224,Significant
Tcim,-5.148138,-1.7630041,2.6308481294266184e-07,8.066942559918206e-06,0.024469637445280055,Significant
Hdhd2,-5.1489525,-1.458288,2.619449732700753e-07,8.036319355049223e-06,0.03603097990795824,Significant
Filip1,-5.158757,-1.9308866,2.485942484173368e-07,7.655600378113346e-06,0.024806375575260973,Significant
Samd12,-5.160827,-2.1837285,2.4586112479667986e-07,7.5755293869306e-06,0.022449208665394543,Significant
Tmem134,-5.169499,-1.4636405,2.347226442480554e-07,7.2488779326797475e-06,0.03378605904141879,Significant
Cd200,-5.170258,-1.5971273,2.3377121625069735e-07,7.234329795940737e-06,0.036479964081266136,Significant
Rpl38,-5.174553,-1.805252,2.2845731983979935e-07,7.085287717319181e-06,0.0271635424851274,Significant
Adcy7,-5.1789703,-1.4905534,2.2311405866493168e-07,6.942260991497199e-06,0.03883713099113256,Significant
Rbx1,-5.1869826,-1.4480742,2.137284357780902e-07,6.6757602093473585e-06,0.04085755977101807,Significant
Sec24c,-5.1870275,-1.2194906,2.1367746918587862e-07,6.6757602093473585e-06,0.04781681445729038,Significant
Gt(ROSA)26Sor,-5.188908,-1.6057422,2.115306233056424e-07,6.61436860057473e-06,0.03221461443484117,Significant
Cggbp1,-5.189512,-1.7342397,2.1084620120798425e-07,6.596589858782325e-06,0.030194185654955664,Significant
Zfp217,-5.192407,-1.3451326,2.0759230654091862e-07,6.509093351732624e-06,0.04725558424065552,Significant
Srpr,-5.1926107,-1.4044439,2.073652878409167e-07,6.50555749584002e-06,0.04265349646424964,Significant
Pcyt2,-5.1963987,-1.8014313,2.031862155250641e-07,6.381481686824421e-06,0.02435739140195308,Significant
Cbfa2t3,-5.198043,-1.6995685,2.0139786271314207e-07,6.328805574364803e-06,0.031990122348187225,Significant
Klf2,-5.2020082,-1.7419842,1.9714644863674243e-07,6.20205300100815e-06,0.031092154001571445,Significant
Scand1,-5.203367,-2.4636903,1.9570967049575895e-07,6.160256687506363e-06,0.015265461892468291,Significant
Pfdn5,-5.203841,-1.9776675,1.9521094446212375e-07,6.15102177144043e-06,0.023234930968683353,Significant
Pawr,-5.2086916,-1.113009,1.9017690649017484e-07,6.006025087330585e-06,0.06970479290605006,Significant
Gprc5b,-5.2105246,-1.8738539,1.8830759031254729e-07,5.950289955597533e-06,0.02143899427545179,Significant
Sigmar1,-5.220588,-2.3629189,1.7835565346284035e-07,5.648358878658283e-06,0.0148164777191604,Significant
Actl6a,-5.220703,-1.3457465,1.7824513408047266e-07,5.648000099986752e-06,0.03771467055786284,Significant
H2aj,-5.222595,-2.843379,1.7643285920316987e-07,5.5936878818973805e-06,0.012010326635986081,Significant
Glt8d1,-5.222795,-1.0739173,1.7624239079659474e-07,5.590762102701337e-06,0.05522505331687058,Significant
Timm9,-5.2266903,-1.4088439,1.7257120024291703e-07,5.483469147897287e-06,0.038500392861151644,Significant
Dysf,-5.238735,-1.5689373,1.6168092295452583e-07,5.150265413419724e-06,0.04590863172073185,Significant
Nat8l,-5.2403383,-3.2907922,1.6028244130757894e-07,5.112964980669385e-06,0.006622516556291391,Significant
F630028O10Rik,-5.2515354,-2.256977,1.5083667221476432e-07,4.830591086940886e-06,0.02278594679537546,Significant
Trim30a,-5.2545233,-1.4149133,1.484083649519102e-07,4.758176074733513e-06,0.04781681445729038,Significant
Stk10,-5.2558823,-1.3565795,1.4731658964982005e-07,4.725833200704453e-06,0.04781681445729038,Significant
Ndufa13,-5.262377,-3.6247816,1.4220505859395834e-07,4.574744769151741e-06,0.006510270512964418,Significant
Pik3cd,-5.2745657,-1.3412777,1.3307072217815822e-07,4.28573528933626e-06,0.048378044673925244,Significant
Angpt2,-5.282608,-3.993327,1.2735766115988545e-07,4.1063831167072695e-06,0.004377595689751936,Significant
Ctsz,-5.2902765,-2.4564629,1.2213171197535474e-07,3.946822821559974e-06,0.01694915254237288,Significant
Ppp1ca,-5.3014326,-2.6564174,1.1489755359641552e-07,3.719375553913301e-06,0.014030755415871591,Significant
Ly86,-5.305139,-1.289002,1.125872705962042e-07,3.648737492896109e-06,0.051408687843753506,Significant
Prnp,-5.3111186,-2.4022343,1.0895435909233145e-07,3.5431011770853482e-06,0.015489953979122235,Significant
Gpbp1,-5.3184094,-1.2773724,1.046784247950138e-07,3.4157559806606768e-06,0.04613312380738579,Significant
Ndufb1,-5.3191423,-1.5542226,1.0425754214164745e-07,3.4039728825043277e-06,0.0358064878213043,Significant
Sirt7,-5.3194976,-2.0748553,1.0405406785640945e-07,3.399278644757206e-06,0.02020428779885509,Significant
Ypel3,-5.319872,-1.747597,1.0384041086575911e-07,3.394246173999535e-06,0.03008193961162869,Significant
Ripor2,-5.32176,-1.4921072,1.0276801784435657e-07,3.361122173506897e-06,0.0518576720170614,Significant
Smim36,-5.3229933,-1.2049811,1.0207360126151095e-07,3.340329269788331e-06,0.048265798630598274,Significant
Cacna1a,-5.3247814,-1.2100315,1.0107444966651952e-07,3.3095343521916547e-06,0.06409249073970143,Significant
Ndufa2,-5.331876,-2.6337194,9.720339037233232e-08,3.197491768452325e-06,0.013020541025928836,Significant
Atp5j2,-5.3364744,-2.1342232,9.477115931954984e-08,3.1192858860199347e-06,0.022561454708721517,Significant
Swi5,-5.3403883,-1.1542693,9.274771422920171e-08,3.057989343326563e-06,0.05253114827702324,Significant
Gm26724,-5.3421288,-6.091382,9.186147248226388e-08,3.0305238149551493e-06,0.0008979683466157818,Significant
Atp6v1g1,-5.3435283,-2.0849493,9.115466142280851e-08,3.0089493194644286e-06,0.022336962622067573,Significant
Ndufb11,-5.3480973,-3.6782668,8.888370174292325e-08,2.940805845987096e-06,0.006734762599618364,Significant
Clic1,-5.349793,-1.7244146,8.80548513874684e-08,2.915076333054557e-06,0.03165338421820631,Significant
Tmco1,-5.3530364,-1.4233077,8.649033491791797e-08,2.8649483191164437e-06,0.04096980581434505,Significant
Ncl,-5.3532367,-1.1784459,8.639477793662459e-08,2.8634488070368685e-06,0.05769446627006398,Significant
Snhg8,-5.3576207,-2.2329364,8.432511126058106e-08,2.796480000168169e-06,0.01694915254237288,Significant
Fuca1,-5.35962,-1.4281954,8.339719398885566e-08,2.7673191275754257e-06,0.04242900437759569,Significant
Uba52,-5.367714,-3.7064362,7.974085746582787e-08,2.647535956245892e-06,0.006959254686272309,Significant
P2ry12,-5.3683248,-1.950484,7.947126710665857e-08,2.6401245159394667e-06,0.02110225614547087,Significant
Man2c1os,-5.377426,-2.0982988,7.555819525489138e-08,2.514529045008048e-06,0.02031653384218206,Significant
Tapbp,-5.3799734,-1.1887132,7.449677338340997e-08,2.4821069474691324e-06,0.056235267706813336,Significant
Gata6os,-5.389197,-1.8154634,7.07732192299056e-08,2.3649635423533185e-06,0.028286002918397127,Significant
Trmt13,-5.398561,-1.0968028,6.717752956172781e-08,2.248768789402906e-06,0.054663823100235716,Significant
9630013D21Rik,-5.4037004,-1.1778756,6.527998054823063e-08,2.1865337484687063e-06,0.048153552587271296,Significant
Gnb2,-5.4173965,-1.0084634,6.047313604217243e-08,2.0363103721923953e-06,0.07700078572230329,Significant
Ube2j1,-5.417963,-1.1720222,6.028188523173252e-08,2.031071495254486e-06,0.053429116623639014,Significant
Clec3b,-5.4183407,-1.9785722,6.015471041584926e-08,2.0291880129081e-06,0.02379616118531822,Significant
Gtf2h5,-5.4203625,-2.108209,5.947835900826722e-08,2.008752811559753e-06,0.020653271972162983,Significant
Idh3a,-5.4219103,-1.4175166,5.896555189034316e-08,1.9937989846722265e-06,0.03928611516444045,Significant
Cers2,-5.4280787,-1.246142,5.696391969274438e-08,1.929555354684448e-06,0.04950050510719497,Significant
Ccdc85a,-5.436006,-1.2307687,5.448808009394636e-08,1.8489903269543502e-06,0.08294982601863285,Significant
Gm34408,-5.436769,-4.330572,5.425543906014876e-08,1.8421937719284022e-06,0.0031428892131552364,Significant
Fstl1,-5.4376426,-1.7044705,5.399010129233085e-08,1.8353733478726034e-06,0.03300033673812998,Significant
Arhgap45,-5.4388647,-1.2817557,5.362118588582941e-08,1.8239211144115966e-06,0.053092378493658096,Significant
Gmps,-5.4425526,-1.0118748,5.252248563780634e-08,1.789756346320964e-06,0.06600067347625996,Significant
Rpl27,-5.4454036,-3.1596975,5.168807438620257e-08,1.7634335791640267e-06,0.0098776518127736,Significant
Inppl1,-5.4493394,-1.2222,5.055723533169856e-08,1.725887012603266e-06,0.04748007632730946,Significant
Med16,-5.4516907,-1.5280932,4.989319110538736e-08,1.704240068825352e-06,0.031990122348187225,Significant
BB365896,-5.4534235,-1.2707465,4.940920467876223e-08,1.6897354496176577e-06,0.04220451229094174,Significant
Slc16a1,-5.454216,-1.7903177,4.9189413814061026e-08,1.6832298148957024e-06,0.026714558311819507,Significant
Mrps17,-5.4574113,-2.6639752,4.83126388703899e-08,1.6542212687425563e-06,0.01313278706925581,Significant
Gata6,-5.4576855,-1.0041691,4.823816689582208e-08,1.6535611595389795e-06,0.06712313390952969,Significant
Ube2a,-5.462106,-1.2607721,4.7051823445526456e-08,1.614935430266258e-06,0.04220451229094174,Significant
Tmem205,-5.462632,-1.9050151,4.691263019353103e-08,1.6111291169178833e-06,0.02637782018183859,Significant
Srp14,-5.463661,-2.8496342,4.664127988511335e-08,1.6027767760641155e-06,0.011785834549332136,Significant
Gm48383,-5.465457,-3.4061003,4.617151940673418e-08,1.5875920812432672e-06,0.006734762599618364,Significant
Flii,-5.471256,-1.9328362,4.468583043264348e-08,1.5402275246157095e-06,0.025367605791895835,Significant
Gm56980,-5.4778204,-3.1994305,4.3059678883000494e-08,1.48777983936707e-06,0.008418453249522954,Significant
Gcnt7,-5.47939,-3.8969843,4.267938198415527e-08,1.4773292945652191e-06,0.004826579863059827,Significant
Cybb,-5.481301,-2.0849333,4.222095945405053e-08,1.4623501534507853e-06,0.023683915141991245,Significant
Myo1e,-5.4841633,-1.0647331,4.154313515859006e-08,1.4406258581396325e-06,0.0814906274553822,Significant
Polr2m,-5.498426,-1.3552274,3.831967119618509e-08,1.3337166244388603e-06,0.0407453137276911,Significant
Plec,-5.4995365,-1.3233308,3.807906509060763e-08,1.3261529329200544e-06,0.05196991806038837,Significant
Eng,-5.5085154,-2.410749,3.618721991694932e-08,1.2633577494120241e-06,0.01896958132225839,Significant
Plbd1,-5.5109,-1.1515777,3.570032918334022e-08,1.2495289005948546e-06,0.04927601302054103,Significant
Anxa3,-5.514599,-1.3809794,3.495759232217603e-08,1.2264450181250926e-06,0.05230665619036929,Significant
Pkm,-5.520035,-2.1304877,3.389329058340311e-08,1.1913073204379978e-06,0.02267370075204849,Significant
Wt1,-5.530358,-1.4440686,3.195785232950456e-08,1.1260594489445044e-06,0.04276574250757661,Significant
Qsox1,-5.532613,-1.1018124,3.1549579747950285e-08,1.112361994073088e-06,0.05769446627006398,Significant
Dhrs4,-5.5488896,-2.3992844,2.874897315008657e-08,1.0186653890100058e-06,0.015265461892468291,Significant
Ndufb5,-5.550515,-2.4610245,2.848292445652052e-08,1.0098668751424253e-06,0.017398136715680773,Significant
Mgat1,-5.5523405,-1.0048213,2.818699746566748e-08,9.999973973162441e-07,0.07194971377258952,Significant
Gm26827,-5.552492,-4.4472637,2.816252171531762e-08,9.997519632119082e-07,0.003928611516444046,Significant
Ppp1r9b,-5.559972,-1.1126882,2.6981848519317446e-08,9.608339190359317e-07,0.05589852957683242,Significant
Spcs2,-5.5667253,-1.623916,2.5957107420713747e-08,9.272419408048064e-07,0.036704456167920084,Significant
Kcnq5,-5.56697,-1.9434596,2.5920745082573377e-08,9.26524259728067e-07,0.03659221012459311,Significant
Gm15614,-5.57172,-3.2254317,2.5223625275325046e-08,9.027394385935157e-07,0.008979683466157818,Significant
Kxd1,-5.573794,-1.7405846,2.492508454866365e-08,8.926158737644383e-07,0.030530923784936582,Significant
Gtpbp2,-5.575575,-1.0464903,2.4671399499836694e-08,8.840869470863443e-07,0.06274553821977776,Significant
E530011L22Rik,-5.575804,-3.7480814,2.463888285401033e-08,8.834777258124698e-07,0.006285778426310473,Significant
0610043K17Rik,-5.57583,-1.5839821,2.4635214233982787e-08,8.834777258124698e-07,0.03378605904141879,Significant
Pf4,-5.5804844,-3.9636047,2.3984958860916525e-08,8.616577555201564e-07,0.005836794253002582,Significant
Spacdr,-5.5841465,-1.3423305,2.3485081511622436e-08,8.452996373914621e-07,0.04916376697721405,Significant
Angel2,-5.592674,-1.0615857,2.2359932776129644e-08,8.06842162360962e-07,0.0629700303064317,Significant
Igfbp5,-5.597987,-1.3192587,2.1685501754497916e-08,7.839962891446767e-07,0.061174093613200135,Significant
Cisd1,-5.6026487,-2.3867476,2.111008475332155e-08,7.636781041543089e-07,0.017398136715680773,Significant
Gas5,-5.6036963,-1.2097223,2.098279689619554e-08,7.596208427437918e-07,0.05073521158379167,Significant
Gm15283,-5.613279,-2.61248,1.9852807012982243e-08,7.20024639570842e-07,0.011673588506005163,Significant
3110056K07Rik,-5.618596,-1.0096543,1.9251533599764117e-08,7.000010055582175e-07,0.0642047367830284,Significant
Tmem126a,-5.6282415,-2.886294,1.820560386233345e-08,6.623931562460888e-07,0.011785834549332136,Significant
Ccl6,-5.6326365,-1.7808961,1.7747515836962776e-08,6.461389381537707e-07,0.03389830508474576,Significant
Pebp1,-5.633255,-3.1587338,1.7683972030230605e-08,6.442373969119391e-07,0.008979683466157818,Significant
Chtop,-5.6378946,-1.04798,1.721420030731539e-08,6.27551806101025e-07,0.06364350656639353,Significant
Uba2,-5.637924,-1.0610226,1.7211240258657285e-08,6.27551806101025e-07,0.0679088562128185,Significant
Slc43a2,-5.6506944,-1.0344615,1.598008289156164e-08,5.84782712036254e-07,0.07228645190257044,Significant
Stard5,-5.651724,-2.014087,1.5884660431001205e-08,5.820388993575545e-07,0.02379616118531822,Significant
Gas1,-5.657241,-1.4229851,1.5382580416748245e-08,5.640048367740257e-07,0.043439218767538444,Significant
Dynlrb1,-5.6659904,-2.3004487,1.4617779816108436e-08,5.383900391390883e-07,0.018745089235604445,Significant
Gm43915,-5.667197,-2.6111073,1.4515211323944757e-08,5.353048238320845e-07,0.011785834549332136,Significant
Mapk1ip1,-5.6727405,-1.0501902,1.4053121449694066e-08,5.189356604844551e-07,0.05915366483331463,Significant
Apobec3,-5.683645,-1.4893382,1.3185410687483732e-08,4.889547205890858e-07,0.05253114827702324,Significant
Dusp3,-5.6859365,-1.3629965,1.3009765799691511e-08,4.835437822455838e-07,0.04871478280390616,Significant
Gm56730,-5.690709,-1.0859433,1.2651269980158383e-08,4.7133606821956917e-07,0.06555168930295208,Significant
Gm35417,-5.6943603,-2.8973062,1.2383541821640181e-08,4.623811507318122e-07,0.011224604332697272,Significant
Lcp1,-5.694997,-1.0056933,1.2337406118723207e-08,4.609607885867573e-07,0.0851947468851723,Significant
Akirin1,-5.699951,-1.5683657,1.1984171656081633e-08,4.483513260636953e-07,0.03569424177797732,Significant
Zbtb46,-5.703287,-1.0676508,1.1751863893669876e-08,4.4023873813780025e-07,0.0728476821192053,Significant
Pfkp,-5.7104816,-1.3230534,1.126569033507248e-08,4.2341892631641057e-07,0.046469861937366706,Significant
Igsf8,-5.718768,-3.2805097,1.0729904852687681e-08,4.0408168797413313e-07,0.007295992816253227,Significant
Ndufc2,-5.721142,-1.9504154,1.058106526194009e-08,3.9900426296697394e-07,0.02851049500505107,Significant
Lamtor1,-5.734449,-1.513907,9.78298396472002e-09,3.698890371415157e-07,0.03928611516444045,Significant
Abhd16a,-5.7406216,-2.0320868,9.432977795378036e-09,3.5760531867285004e-07,0.02188797844875968,Significant
Rps15a,-5.743887,-1.8706498,9.252746932427974e-09,3.514747585586266e-07,0.03041867774160961,Significant
Wdr82,-5.75093,-1.0669602,8.875405582264285e-09,3.3826939040141276e-07,0.06701088786620271,Significant
Eln,-5.756502,-1.859515,8.587468843657779e-09,3.281738680716225e-07,0.03165338421820631,Significant
Nfkbiz,-5.75651,-1.2037805,8.587092313936259e-09,3.281738680716225e-07,0.058031204400044896,Significant
Snhg6,-5.7621303,-3.2080398,8.305887612465424e-09,3.1805349464787744e-07,0.008530699292849928,Significant
Ntan1,-5.7671695,-1.6118066,8.061393968794929e-09,3.0931525200616714e-07,0.03434728925805365,Significant
Atxn7l3b,-5.7911887,-1.596653,6.988996003789331e-09,2.699867174028279e-07,0.036816702211247054,Significant
Gm20404,-5.793188,-3.4450557,6.906262471333447e-09,2.6715318707893873e-07,0.007744976989561118,Significant
F11r,-5.7936993,-1.321239,6.885272740937073e-09,2.665223080501005e-07,0.055112807273543604,Significant
Rpl39,-5.7938733,-2.7661335,6.8781382379130225e-09,2.664272580986431e-07,0.014591985632506453,Significant
Gm28501,-5.798383,-4.730936,6.695735593527871e-09,2.5953838014368316e-07,0.003255135256482209,Significant
Cox6b1,-5.804274,-1.6254323,6.464547181395697e-09,2.5074780725875504e-07,0.036816702211247054,Significant
Creg1,-5.817689,-2.6328292,5.966684109806355e-09,2.3191055283036427e-07,0.015489953979122235,Significant
Eif2s2,-5.8200583,-1.2923641,5.882701922588778e-09,2.2895894065217199e-07,0.052867886407004155,Significant
Tpst1,-5.832281,-2.0673165,5.467471818686319e-09,2.1382095661251215e-07,0.025592097878549783,Significant
Ano1,-5.8451405,-1.5164088,5.061410283003451e-09,1.9875983649965484e-07,0.04860253676057919,Significant
Ppil2,-5.8507094,-1.0184284,4.894811547006628e-09,1.9274928374696016e-07,0.06802110225614547,Significant
Apobec1,-5.8519125,-1.0381,4.859518655592791e-09,1.9162455108594815e-07,0.08339881019194073,Significant
Dzip3,-5.8871326,-1.0511978,3.9295373618462745e-09,1.561422099936418e-07,0.06689864182287575,Significant
Ehd4,-5.890317,-1.4148207,3.8545603080143926e-09,1.5348427867038288e-07,0.05443933101358177,Significant
3110082I17Rik,-5.892516,-1.1273682,3.803588817610279e-09,1.516667723134082e-07,0.06375575260972051,Significant
Parp14,-5.893105,-1.3539909,3.790056630192211e-09,1.5123308660110348e-07,0.051633179930407454,Significant
Atxn2l,-5.894297,-1.4101232,3.762795222831617e-09,1.503560159882492e-07,0.046469861937366706,Significant
Ppp1r14b,-5.8954487,-2.6911833,3.736646357649913e-09,1.4952099806812628e-07,0.01436749354585251,Significant
Atg12,-5.898044,-1.2123495,3.678353342797853e-09,1.4739557895302783e-07,0.05522505331687058,Significant
Bmp6,-5.898196,-2.0937111,3.6749714493370183e-09,1.4736376711035153e-07,0.03131664608822539,Significant
Gm43713,-5.9046607,-3.5076418,3.53372773913296e-09,1.4220070049043807e-07,0.007071500729599282,Significant
Eml6,-5.906575,-1.3824174,3.4929286404870915e-09,1.4065830956009582e-07,0.053316870580312044,Significant
Gm15563,-5.9135475,-4.469348,3.3481722261681034e-09,1.352115423618709e-07,0.003928611516444046,Significant
Uqcc5,-5.914947,-1.7466869,3.3198254977006702e-09,1.341619472424229e-07,0.03008193961162869,Significant
Uqcr11,-5.9161024,-3.2885067,3.2966043378138513e-09,1.3350778634385384e-07,0.009765405769446628,Significant
Ppp1r12c,-5.9166985,-1.156315,3.284683556404891e-09,1.331196913774028e-07,0.06577618138960602,Significant
Gm42836,-5.9199715,-3.1505191,3.219974408538077e-09,1.306832236611309e-07,0.009540913682792682,Significant
Meg3,-5.924496,-1.392982,3.1325634336212755e-09,1.273171266765375e-07,0.05196991806038837,Significant
Fitm2,-5.9442167,-1.0887172,2.777821099129051e-09,1.1346622037697798e-07,0.06038837130991133,Significant
Gm42439,-5.946105,-4.137238,2.7459811468873603e-09,1.1240755750173485e-07,0.004826579863059827,Significant
Rpl35a,-5.950615,-2.152589,2.6713710176902177e-09,1.0943204109230121e-07,0.025030867661914917,Significant
Sh3gl1,-5.9543247,-1.6977912,2.6114756775092557e-09,1.0708454774884901e-07,0.035245257604669435,Significant
Rpl3,-5.9609933,-2.5498476,2.5070908496239134e-09,1.0292448454825901e-07,0.018183859018969583,Significant
Pdgfd,-5.964611,-1.1561054,2.452176481555264e-09,1.0081543757129117e-07,0.08609271523178808,Significant
Hint1,-5.965281,-2.2428489,2.442132419967954e-09,1.0047504488829137e-07,0.022449208665394543,Significant
Rps7,-5.9795365,-3.0766497,2.2377356248708693e-09,9.260094783122978e-08,0.012122572679313054,Significant
Ppib,-5.9961505,-2.7929218,2.0205003857977563e-09,8.39776003413942e-08,0.014479739589179481,Significant
Nrp2,-5.9990716,-1.2062426,1.9844872313825756e-09,8.26013797091778e-08,0.0716129756426086,Significant
Ganab,-6.001049,-1.1498975,1.9604689804711604e-09,8.166134909803098e-08,0.06364350656639353,Significant
Cyba,-6.0011005,-2.5826156,1.9598431138413305e-09,8.166134909803098e-08,0.017622628802334717,Significant
Ndufa10,-6.0075655,-1.5387532,1.8832957615225608e-09,7.861931375136081e-08,0.03995959142440229,Significant
Pdhb,-6.0131454,-1.5751601,1.8195750978226302e-09,7.612669040787538e-08,0.03749017847120889,Significant
Arpc5,-6.0153637,-1.4195392,1.7948352683482564e-09,7.514684927574857e-08,0.04759232237063644,Significant
Rpl28,-6.0193143,-3.9367266,1.751575626917163e-09,7.341982214083889e-08,0.006622516556291391,Significant
Commd3,-6.020766,-2.240942,1.7359392690993082e-09,7.284164916859522e-08,0.0209900101021439,Significant
Zfp62,-6.0302815,-1.0396862,1.6367429011238944e-09,6.898429129007823e-08,0.07363340442249411,Significant
Tmbim4,-6.032222,-1.4926502,1.6172066176872105e-09,6.831258309920435e-08,0.04579638567740487,Significant
Mrpl20,-6.035491,-2.2302778,1.5847986800866013e-09,6.704310671828468e-08,0.021775732405432707,Significant
Xbp1,-6.0360246,-1.0011882,1.579573955884251e-09,6.687176254424174e-08,0.07441912672578292,Significant
Rpl26,-6.037276,-2.8216841,1.5673762227111098e-09,6.640473920937002e-08,0.013357279155909754,Significant
Ighm,-6.0404305,-1.8262299,1.5370351770023555e-09,6.521633384030635e-08,0.04063306768436412,Significant
Tubb5,-6.042004,-3.1786742,1.5221150151176509e-09,6.46314325695855e-08,0.011224604332697272,Significant
Prex2,-6.047695,-1.2937871,1.4693258444304493e-09,6.248310896767306e-08,0.08216410371534404,Significant
Sft2d3,-6.059388,-4.1272345,1.36640215304613e-09,5.836782070262543e-08,0.005051071949713773,Significant
Ifi203,-6.063487,-1.8095585,1.332014591854778e-09,5.707016017667638e-08,0.03255135256482209,Significant
Gm17227,-6.066634,-2.7683778,1.306184387474938e-09,5.6047811007694384e-08,0.012796048939274891,Significant
Zfp131,-6.0711107,-1.1968611,1.270284093496059e-09,5.463085088199327e-08,0.06016387922325738,Significant
Pgd,-6.0800343,-1.0241053,1.2015679557722963e-09,5.1714649258979835e-08,0.07789875406891907,Significant
Tmed9,-6.0825853,-2.007234,1.1825979302355907e-09,5.093669345351344e-08,0.026939050398473455,Significant
4732440D04Rik,-6.0837407,-1.5687917,1.1741040769171823e-09,5.060912963190105e-08,0.03445953530138063,Significant
Nos3,-6.0901093,-2.193516,1.1283360090710516e-09,4.8747026322090096e-08,0.019306319452239307,Significant
Rpl21,-6.1013064,-2.6352966,1.0520513165746341e-09,4.5728896196241406e-08,0.01560220002244921,Significant
Epm2aip1,-6.102828,-1.2470853,1.0420795327360057e-09,4.53300616298861e-08,0.055000561230216634,Significant
Shank3,-6.106153,-2.127193,1.0206116312309369e-09,4.4522967256160816e-08,0.02794926478841621,Significant
Dynll2,-6.1168575,-1.7858853,9.543866657743304e-10,4.186728130651475e-08,0.03300033673812998,Significant
Tbc1d20,-6.1172795,-1.1109483,9.518630075221623e-10,4.178876754920543e-08,0.06398024469637445,Significant
Yipf4,-6.122663,-1.34803,9.202405650905693e-10,4.043164970433805e-08,0.049612751150521946,Significant
Bank1,-6.1265287,-1.3181324,8.981693662952163e-10,3.949240300093893e-08,0.07677629363564935,Significant
Rps27,-6.127673,-2.9707503,8.917364053490511e-10,3.923984749380241e-08,0.012683802895947918,Significant
Tnfrsf1a,-6.1296873,-1.751579,8.805200840766249e-10,3.877625220990495e-08,0.033673812998091815,Significant
Zfp329,-6.137078,-1.4690363,8.405325480699352e-10,3.704393484493048e-08,0.04400044898417331,Significant
Flt1,-6.1423354,-2.5209284,8.131685036990788e-10,3.597717775379118e-08,0.02031653384218206,Significant
Ppm1l,-6.169165,-1.2872906,6.865150831367265e-10,3.063546657436391e-08,0.06038837130991133,Significant
Sh3bp5,-6.169524,-1.7599578,6.849575885145184e-10,3.058993729223937e-08,0.03558199573465035,Significant
Secisbp2,-6.1794844,-1.1804107,6.431125960199015e-10,2.8879711616694962e-08,0.059939387136603434,Significant
Pkn1,-6.198046,-1.1196796,5.716844437137182e-10,2.579420278090557e-08,0.07307217420585925,Significant
Pkd2l2,-6.198768,-1.1622161,5.690684339867408e-10,2.569653108615306e-08,0.058367942530025814,Significant
Inpp4b,-6.2084208,-1.4794339,5.351966151501227e-10,2.4282574074313257e-08,0.08946009653159726,Significant
Atp5g3,-6.2090354,-1.8079075,5.33107773073093e-10,2.4226408385119708e-08,0.0358064878213043,Significant
Ucp3,-6.2219396,-2.4307778,4.910469462386859e-10,2.2440372524700654e-08,0.016275676282411045,Significant
Pgrmc2,-6.223591,-1.4060868,4.859036440159699e-10,2.2241028451698828e-08,0.05073521158379167,Significant
Rufy2,-6.232392,-1.6948411,4.5936630723821686e-10,2.1094174919718796e-08,0.03625547199461219,Significant
Rhof,-6.2363095,-1.957093,4.480145798196681e-10,2.0639480735850904e-08,0.024694129531934,Significant
Thap3,-6.258655,-1.3601422,3.883117425170493e-10,1.7990934850010825e-08,0.050061735323829834,Significant
Vti1b,-6.259307,-1.4029201,3.866926946468261e-10,1.793051199176297e-08,0.053429116623639014,Significant
Rpl18a,-6.2645497,-3.773883,3.7390431398305946e-10,1.736581202488531e-08,0.006734762599618364,Significant
Rpl12,-6.267793,-3.2978187,3.6620058260810325e-10,1.7035806678339876e-08,0.010887866202716354,Significant
Ndufb10,-6.2825484,-3.056778,3.330675518279781e-10,1.555799792341009e-08,0.011336850376024245,Significant
Csf1r,-6.2892613,-1.5975609,3.1898009379485087e-10,1.4924441676887924e-08,0.04703109215400157,Significant
Gm44148,-6.2963114,-1.4925325,3.0481207957083173e-10,1.4320383352180469e-08,0.04388820294084633,Significant
Gm48321,-6.2979846,-3.497932,3.015400044470303e-10,1.4187162259145772e-08,0.007520484902907173,Significant
Hspd1,-6.302698,-1.9067714,2.925078609783853e-10,1.3787822940372713e-08,0.029969693568301717,Significant
Ackr4,-6.3031797,-2.5097928,2.916004963772032e-10,1.3756440649721894e-08,0.014255247502525535,Significant
Fam53b,-6.3041496,-2.615429,2.8978015178956566e-10,1.3681900184949964e-08,0.0148164777191604,Significant
1700109K24Rik,-6.324466,-5.512906,2.541092070776967e-10,1.2047653921907684e-08,0.0019081827365585364,Significant
Tgoln1,-6.3322234,-2.0695817,2.416531570780471e-10,1.1504993659850401e-08,0.025592097878549783,Significant
Rps13,-6.337707,-2.9845703,2.3320960066028135e-10,1.1121597882074607e-08,0.013469525199236727,Significant
Usf2,-6.339484,-1.2802656,2.305353545503485e-10,1.1012511429069961e-08,0.0543270849702548,Significant
Xpot,-6.3446126,-1.1100445,2.229858408935308e-10,1.0669778795225662e-08,0.0686945785161073,Significant
Xrcc6,-6.353951,-2.43613,2.0985405351153763e-10,1.0066806791070315e-08,0.01773487484566169,Significant
Pex16,-6.3608155,-1.7748315,2.0068538207975532e-10,9.651373598820396e-09,0.03097990795824447,Significant
Plpp1,-6.3636703,-1.3810934,1.9698879910021722e-10,9.481605418060413e-09,0.06083735548321922,Significant
Mylip,-6.3662806,-1.7007667,1.936669317190837e-10,9.329601318964758e-09,0.0407453137276911,Significant
H2az1,-6.3681765,-3.0486171,1.9128882352099239e-10,9.230658389922735e-09,0.012010326635986081,Significant
Man2b1,-6.3837237,-2.106307,1.728325375400892e-10,8.361306304222786e-09,0.029183971265012907,Significant
Dcaf17,-6.386671,-1.1627176,1.6953553517385703e-10,8.215764177306037e-09,0.07082725333931979,Significant
Atp6v0c,-6.3873487,-2.6880114,1.687862888912919e-10,8.193401599112576e-09,0.015714446065776183,Significant
Ccdc12,-6.395332,-1.4982746,1.6019907451303786e-10,7.783187288265265e-09,0.04893927489056011,Significant
Gm15738,-6.397165,-3.9081244,1.58288618544688e-10,7.696936147355321e-09,0.006285778426310473,Significant
Insyn2a,-6.41189,-4.2168636,1.437263589809543e-10,6.99480564678164e-09,0.004714333819732855,Significant
Mthfr,-6.4148707,-1.1429737,1.409423089535352e-10,6.865180508232035e-09,0.06532719721629812,Significant
Arpc1b,-6.4283113,-1.5638192,1.2902909212862603e-10,6.311894789429634e-09,0.048041306543944326,Significant
Ndufa6,-6.4407153,-2.7908227,1.1891158937987984e-10,5.857218694532645e-09,0.015040969805814345,Significant
Echs1,-6.444096,-1.3690395,1.1629143434565301e-10,5.738085409944392e-09,0.052867886407004155,Significant
Gm36975,-6.44504,-3.3537838,1.1556976612551842e-10,5.707422422335772e-09,0.009653159726119654,Significant
Eci1,-6.452109,-1.5518055,1.1030446872004837e-10,5.456860776184426e-09,0.04108205185767202,Significant
Rhou,-6.452349,-2.276401,1.10129380891349e-10,5.4529365889863504e-09,0.02132674823212482,Significant
Rbfox1,-6.4693446,-1.5388217,9.842891811432857e-11,4.890611715835937e-09,0.05915366483331463,Significant
Prdx5,-6.4709773,-3.6289918,9.737096921218419e-11,4.8422710549440875e-09,0.007969469076215064,Significant
Serinc1,-6.471233,-1.061545,9.72064487320918e-11,4.83831503256472e-09,0.08283757997530587,Significant
1600010M07Rik,-6.473358,-2.365663,9.58483220845328e-11,4.774890033084324e-09,0.0197553036255472,Significant
Ndufaf4,-6.4746137,-2.0598767,9.505495509071856e-11,4.739513308074085e-09,0.025255359748568865,Significant
Atp5j,-6.4761353,-2.3583362,9.410169272857545e-11,4.700214461103346e-09,0.0222247165787406,Significant
Pard3bos1,-6.478875,-4.267105,9.240886532584749e-11,4.623772583935924e-09,0.004714333819732855,Significant
Uqcc4,-6.4832,-2.2097907,8.979735111283862e-11,4.501013177567027e-09,0.02110225614547087,Significant
Col1a1,-6.491627,-1.827005,8.491413999933906e-11,4.267516368669343e-09,0.036816702211247054,Significant
Selenow,-6.4928565,-1.5315523,8.422388248407006e-11,4.240311310809401e-09,0.045010663374116064,Significant
Tmem184b,-6.501384,-1.0065436,7.958449738109254e-11,4.0102839516608765e-09,0.08620496127511505,Significant
Ptprb,-6.512803,-2.3006442,7.376129747623696e-11,3.7300550973307365e-09,0.026602312268492537,Significant
Gm15952,-6.515728,-2.3735418,7.23379731713195e-11,3.6613302491983142e-09,0.017510382759007743,Significant
Gsta3,-6.5182977,-1.0598857,7.110979748434812e-11,3.6023691980037952e-09,0.07722527780895723,Significant
Kcnab1,-6.518346,-1.7211605,7.108698700127414e-11,3.6023691980037952e-09,0.03771467055786284,Significant
Rpl22,-6.5274653,-1.6932471,6.6891937911556e-11,3.406881785887218e-09,0.0395106072510944,Significant
Swap70,-6.528469,-1.212594,6.644542306049854e-11,3.3902050488242365e-09,0.07475586485576384,Significant
Map1lc3b,-6.5418615,-1.9445039,6.07577879995873e-11,3.1167650508869372e-09,0.031877876304860255,Significant
Gm20275,-6.5454717,-2.996399,5.930795407944007e-11,3.047882863932669e-09,0.012234818722640027,Significant
Irf3,-6.558227,-2.6916704,5.4451189292315655e-11,2.813525562154034e-09,0.014030755415871591,Significant
Galnt18,-6.5594563,-1.0543905,5.400423167569045e-11,2.7929654458178835e-09,0.11303176563026153,Significant
Cd38,-6.559838,-1.8363606,5.3866297989497494e-11,2.7883644307454334e-09,0.04096980581434505,Significant
Suds3,-6.5713234,-1.6445339,4.98699425805384e-11,2.5909164237941945e-09,0.03894937703445953,Significant
Arf1,-6.571916,-1.0190359,4.967187455137825e-11,2.5829828391141817e-09,0.08631720731844203,Significant
Atp5pb,-6.572501,-1.1270021,4.947703766954627e-11,2.5775590136702966e-09,0.07554158715905264,Significant
Tes,-6.573712,-2.0390656,4.9076171254992124e-11,2.559016728416215e-09,0.02626557413851162,Significant
Prr14,-6.5884113,-1.3010124,4.4455728637192054e-11,2.3287522026958165e-09,0.058367942530025814,Significant
Rpl18,-6.588826,-3.7262902,4.433175362666015e-11,2.324396301340383e-09,0.008306207206195982,Significant
Tspan7,-6.590444,-1.9539044,4.3851256339450364e-11,2.3013220158752473e-09,0.03569424177797732,Significant
Rpl17,-6.5906367,-2.370057,4.379442081771406e-11,2.3004595164035573e-09,0.02301043888202941,Significant
Sar1b,-6.599216,-1.2595514,4.133381702778372e-11,2.1772330022007703e-09,0.059714895049949486,Significant
Igfbp6,-6.602363,-2.8015056,4.0465486291317194e-11,2.1354450925986027e-09,0.015040969805814345,Significant
Dgkh,-6.6109457,-1.2010852,3.8187200446110575e-11,2.020833996841991e-09,0.0847457627118644,Significant
Shisa5,-6.613597,-2.334117,3.7509195005557725e-11,1.9905042617068616e-09,0.02357166909866427,Significant
Slpi,-6.615563,-3.6846128,3.701399403833088e-11,1.966057681470708e-09,0.008306207206195982,Significant
Phlda3,-6.6272893,-3.556335,3.4190665475696283e-11,1.8194866194874972e-09,0.008530699292849928,Significant
Orm1,-6.6394343,-5.5637617,3.1488935579654315e-11,1.6804231310600716e-09,0.002132674823212482,Significant
Tmem176b,-6.6403894,-2.9325638,3.1285515001894837e-11,1.6711336864192252e-09,0.015265461892468291,Significant
Iah1,-6.645918,-2.0925798,3.013336810669449e-11,1.614133690840349e-09,0.025255359748568865,Significant
Enpep,-6.6527233,-1.2173402,2.877190489644373e-11,1.5441103079249789e-09,0.06476596699966326,Significant
Cebpb,-6.6540375,-1.1293205,2.8515972037523003e-11,1.5318188337628278e-09,0.06454147491300932,Significant
Gucd1,-6.667834,-1.546754,2.596065435598692e-11,1.3985105200418649e-09,0.041643282074306884,Significant
Mecr,-6.6723843,-1.0850257,2.5168032956524725e-11,1.3583819569454735e-09,0.06835784038612638,Significant
Rps28,-6.6779866,-2.6842487,2.4224731488293422e-11,1.3099529303655421e-09,0.016724660455718937,Significant
Zfp397,-6.681515,-1.4355248,2.3648429681694253e-11,1.281222868225835e-09,0.050173981367156804,Significant
Tmem234,-6.6836147,-1.3381776,2.3311942421152764e-11,1.264195536574152e-09,0.05522505331687058,Significant
Ctsh,-6.696115,-1.9037143,2.1403359147849922e-11,1.1662475341987774e-09,0.038163654731170726,Significant
Rasgrp3,-6.703409,-1.7629559,2.0361240903346744e-11,1.1126577910532313e-09,0.0395106072510944,Significant
Gm10785,-6.7131658,-2.5024087,1.9044673701569956e-11,1.0427141973472067e-09,0.018296105062296553,Significant
Sppl2a,-6.7146654,-1.1967711,1.8849850840720737e-11,1.0330407668156685e-09,0.07374565046582109,Significant
Gnai2,-6.7197785,-1.4558004,1.820008905018335e-11,9.993551307680715e-10,0.056572005836794254,Significant
Ankrd10,-6.7211633,-1.0112423,1.802792914126233e-11,9.9085744520523e-10,0.08575597710180716,Significant
Ap3m1,-6.7259474,-1.6772355,1.7445376023067813e-11,9.606935745933311e-10,0.04265349646424964,Significant
0610030E20Rik,-6.747097,-1.8917427,1.508325264689149e-11,8.379077941138032e-10,0.03288809069480301,Significant
Polr3h,-6.7482486,-2.6119928,1.4964055162449827e-11,8.320979150439997e-10,0.015938938152430127,Significant
Rpl36,-6.7509255,-3.7702818,1.469050362987958e-11,8.184852907915588e-10,0.007295992816253227,Significant
H13,-6.758801,-1.2489209,1.3913827212691126e-11,7.767325836449464e-10,0.06802110225614547,Significant
Mgat4b,-6.7728453,-1.4087237,1.2627394426488896e-11,7.069975083959727e-10,0.049837243237175886,Significant
Timp3,-6.775604,-1.3954893,1.2388775247934143e-11,6.94320129323443e-10,0.05814345044337187,Significant
4930556N13Rik,-6.779325,-3.3652537,1.2073865358305222e-11,6.773378988839976e-10,0.008979683466157818,Significant
Gm19522,-6.788948,-3.0360816,1.1295395268546241e-11,6.355445671801299e-10,0.012571556852620945,Significant
Cdh11,-6.7898626,-1.9301877,1.1224023251838251e-11,6.321534203589732e-10,0.038051408687843756,Significant
Slc25a1,-6.790777,-4.0856895,1.1153093063486689e-11,6.28780467453461e-10,0.005836794253002582,Significant
Rps5,-6.8005967,-2.9955013,1.0418659996527218e-11,5.885405941093812e-10,0.013806263329217645,Significant
Pts,-6.813286,-1.3195646,9.539428019704815e-12,5.426419289410708e-10,0.058367942530025814,Significant
Rbm4b,-6.817,-2.1395204,9.296146131556746e-12,5.293318568769727e-10,0.02514311370524189,Significant
Rps19,-6.81807,-2.330654,9.227183238897371e-12,5.259309717778331e-10,0.023234930968683353,Significant
Ppp1r2,-6.824131,-1.1527263,8.845910672718419e-12,5.052106315097888e-10,0.07980693680547761,Significant
Rpl5,-6.843352,-2.1305933,7.736144856275872e-12,4.4405627445685937e-10,0.027275788528454373,Significant
Rchy1,-6.859214,-1.308622,6.9240509597738194e-12,3.998604317449098e-10,0.06207206195981592,Significant
Il1rapl1,-6.872906,-1.3635317,6.29068608337691e-12,3.6439263100057437e-10,0.06431698282635537,Significant
Naxd,-6.87475,-2.1261013,6.209853648785488e-12,3.6007665643125707e-10,0.025255359748568865,Significant
Tug1,-6.8827667,-1.2820628,5.870117105156925e-12,3.410717735558576e-10,0.06319452239308565,Significant
Btg2,-6.8866987,-2.2867858,5.710193453467248e-12,3.3211861637781264e-10,0.026714558311819507,Significant
Slfn5,-6.9017057,-2.1770706,5.138177879184242e-12,2.9946057995765597e-10,0.030194185654955664,Significant
Ggps1,-6.9049454,-1.5340728,5.022267047151977e-12,2.933055465968007e-10,0.048265798630598274,Significant
St8sia4,-6.929879,-1.396161,4.211995317132526e-12,2.464904679885336e-10,0.06083735548321922,Significant
3830406C13Rik,-6.9344225,-1.8099704,4.0788369900232384e-12,2.391895541183452e-10,0.03389830508474576,Significant
Flnb,-6.936944,-1.7212794,4.006722665829488e-12,2.3544560920020313e-10,0.04781681445729038,Significant
Selenof,-6.937318,-1.7027297,3.99613429241946e-12,2.3506599457092616e-10,0.045122909417443034,Significant
Ifitm3,-6.9431424,-4.750914,3.834725795147809e-12,2.2591720044359374e-10,0.004377595689751936,Significant
Mecom,-6.96033,-2.232359,3.3947613096433014e-12,2.0072804125898153e-10,0.038388146817824674,Significant
Abhd15,-6.96173,-1.3971552,3.3611971640236617e-12,1.9957239595064787e-10,0.048378044673925244,Significant
Hnrnpa0,-6.962648,-1.9514718,3.3393532427118774e-12,1.9848237264431837e-10,0.03165338421820631,Significant
Pkhd1l1,-6.970294,-2.0994463,3.162791381552285e-12,1.8857853827954836e-10,0.03008193961162869,Significant
Pdha1,-6.974693,-1.5668877,3.065397644578232e-12,1.8315509683098541e-10,0.048265798630598274,Significant
Uqcrh,-6.9768624,-1.8134482,3.018445860580708e-12,1.805392077177795e-10,0.03928611516444045,Significant
Tecr,-7.0027256,-1.2039719,2.5102983667456994e-12,1.512580944982718e-10,0.07049051520933887,Significant
Cep68,-7.0038404,-1.9598222,2.490399642706015e-12,1.503773553078719e-10,0.0321023683915142,Significant
Ndfip2,-7.008687,-1.1966325,2.405647595599167e-12,1.4556852257280785e-10,0.07352115837916713,Significant
4930438E09Rik,-7.009883,-4.2159166,2.3851737940169495e-12,1.444831712820416e-10,0.005051071949713773,Significant
Kalrn,-7.01306,-1.4921193,2.3316145950269908e-12,1.4138920836574214e-10,0.054663823100235716,Significant
Rpl27a,-7.01764,-3.3241467,2.2564674698228298e-12,1.3697816012705941e-10,0.011336850376024245,Significant
Park7,-7.034517,-2.2722852,1.9995248570743216e-12,1.2176999453119675e-10,0.025704343921876753,Significant
Rps18,-7.034628,-2.6798356,1.997932648765151e-12,1.2176999453119675e-10,0.018183859018969583,Significant
Cmah,-7.0361204,-1.4152875,1.9766641692110187e-12,1.206358354330596e-10,0.06308227634975867,Significant
Limd1,-7.0421853,-1.0802573,1.8924805880100154e-12,1.1587068512029924e-10,0.08261308788865193,Significant
Gm26749,-7.042263,-3.3890631,1.891424478230264e-12,1.1587068512029924e-10,0.009989897856100572,Significant
Tmtc1,-7.0549407,-1.5898134,1.7267409187560345e-12,1.0617964865538591e-10,0.0518576720170614,Significant
Cox7a2,-7.068163,-2.7346866,1.56997903566643e-12,9.664451488635913e-11,0.01885733527893142,Significant
Gsdme,-7.068389,-2.2782562,1.5674263648182539e-12,9.659180155748507e-11,0.026714558311819507,Significant
Iws1,-7.0729175,-1.0180475,1.5170981781805987e-12,9.359164394775891e-11,0.08946009653159726,Significant
Dnaja1,-7.077161,-1.282659,1.471379323580389e-12,9.096830625840492e-11,0.06330676843641261,Significant
Samd9l,-7.085099,-2.0277042,1.3894475595833067e-12,8.608980793278898e-11,0.035357503647996405,Significant
Ssbp1,-7.090701,-1.1828938,1.3343404504652893e-12,8.28557029334177e-11,0.0711639914693007,Significant
Dpm1,-7.093834,-1.5793054,1.3044679124458665e-12,8.117782229790172e-11,0.04287798855090358,Significant
Ccdc47,-7.099899,-1.6093622,1.2484830648820446e-12,7.777885579589551e-11,0.04759232237063644,Significant
Psma1,-7.100417,-1.5282862,1.243808897161499e-12,7.757253276371621e-11,0.05107194971377259,Significant
Gpm6a,-7.1181936,-1.5846144,1.0935064378103654e-12,6.849873495639165e-11,0.056235267706813336,Significant
Serping1,-7.1188045,-2.0245986,1.0886710524917885e-12,6.834621653796574e-11,0.03412279717139971,Significant
Bicd1,-7.1224627,-1.4920007,1.0601532762343505e-12,6.662934624951453e-11,0.06487821304299024,Significant
Fgf1,-7.135626,-1.2814713,9.634774988547244e-13,6.08069258854023e-11,0.07913346054551577,Significant
Fyb,-7.137029,-1.4107895,9.536960786382164e-13,6.033823157082076e-11,0.06992928499270401,Significant
Plac9,-7.1391177,-1.7394819,9.393202602510547e-13,5.956106340640902e-11,0.0407453137276911,Significant
Pde4dip,-7.152595,-1.175767,8.515242571028829e-13,5.4175019803011456e-11,0.07419463463912897,Significant
Nupr1,-7.1548576,-3.7006538,8.375985480753197e-13,5.3348656516730185e-11,0.007520484902907173,Significant
Stab1,-7.15595,-1.9644908,8.309552637863996e-13,5.310373027526529e-11,0.03793916264451678,Significant
Rpl30,-7.1746264,-3.2947757,7.250505344805821e-13,4.6544647670641285e-11,0.012459310809293972,Significant
Camk1,-7.179847,-2.357884,6.978952946909331e-13,4.4851981913088514e-11,0.023122684925356383,Significant
Ror1,-7.1952724,-1.103437,6.233626494896525e-13,4.0243642431508276e-11,0.10102143899427546,Significant
Manf,-7.2026963,-2.8807209,5.903345336263351e-13,3.8154640952573376e-11,0.015938938152430127,Significant
Rps24,-7.2051215,-1.6154685,5.799218262196563e-13,3.752423716678801e-11,0.051184195757099565,Significant
mt-Nd3,-7.2052655,-2.744179,5.793075531430085e-13,3.752423716678801e-11,0.0197553036255472,Significant
Ldb2,-7.2226944,-1.7073056,5.096752960662552e-13,3.31673383237813e-11,0.051408687843753506,Significant
Pex11a,-7.2376456,-1.6455581,4.565404280947174e-13,2.988030863924288e-11,0.041418789987652936,Significant
Ybx1,-7.246406,-1.2228316,4.279754713514723e-13,2.8075289532516344e-11,0.08115388932540128,Significant
Rasd1,-7.253182,-1.6185304,4.0709232878873663e-13,2.679797028157162e-11,0.04545964754742395,Significant
Cisd2,-7.256018,-1.2863686,3.986511895144195e-13,2.630312558764839e-11,0.06644965764956785,Significant
Usp50,-7.26342,-1.3916092,3.774238669061301e-13,2.496038606910796e-11,0.052867886407004155,Significant
Gna12,-7.2642493,-1.0375507,3.751155230185697e-13,2.4836573251395786e-11,0.09911325625771691,Significant
Rabac1,-7.2652564,-3.3064747,3.7233116725732624e-13,2.4680918503840993e-11,0.012571556852620945,Significant
Pdia6,-7.2734284,-1.3825371,3.5047694662000213e-13,2.325933312061718e-11,0.06566393534627904,Significant
6720407P12Rik,-7.2799673,-2.29283,3.3390138102611604e-13,2.2185155819145943e-11,0.02278594679537546,Significant
Adgrl4,-7.293508,-2.7418709,3.019870830620789e-13,2.0158788389962292e-11,0.02031653384218206,Significant
Tm6sf1,-7.3016577,-1.6804428,2.8424419088616224e-13,1.9018975879258478e-11,0.051408687843753506,Significant
Rplp0,-7.3020535,-3.4146667,2.834082424719277e-13,1.898535145246357e-11,0.010551128072735436,Significant
Wdr17,-7.303853,-3.443622,2.7964161043400664e-13,1.8755091801793608e-11,0.0148164777191604,Significant
Lrrk1,-7.3229923,-1.2668632,2.425018041125808e-13,1.6302591768564892e-11,0.07374565046582109,Significant
Gm16541,-7.3323636,-3.4213827,2.261283746559667e-13,1.5237841161284495e-11,0.009540913682792682,Significant
Ssu72,-7.3484335,-1.0799615,2.005434592379275e-13,1.356193006231215e-11,0.08699068357840387,Significant
Fbxw2,-7.355887,-1.1185567,1.8966368981796347e-13,1.2856714478481736e-11,0.08452127062521046,Significant
Rcsd1,-7.3637958,-1.4327868,1.787531781521745e-13,1.2160208912806891e-11,0.06992928499270401,Significant
Hspa9,-7.367065,-1.0868217,1.7442522070007422e-13,1.189454669686578e-11,0.0856437310584802,Significant
S100a10,-7.3752923,-1.9261446,1.639845981298646e-13,1.124993614712364e-11,0.04085755977101807,Significant
Gm5089,-7.3813686,-3.0895932,1.5667058595328286e-13,1.076113369694316e-11,0.012459310809293972,Significant
Pex19,-7.3819795,-1.6391382,1.559531561329877e-13,1.0724793071701029e-11,0.04400044898417331,Significant
Stard9,-7.384664,-1.6607583,1.5283887857012613e-13,1.0523335652553267e-11,0.05275564036367718,Significant
Chchd10,-7.385286,-5.0200753,1.5212599236678745e-13,1.048693236241797e-11,0.0031428892131552364,Significant
Rps3,-7.385434,-3.3992229,1.5195673971160161e-13,1.048693236241797e-11,0.010214389942754518,Significant
Ptms,-7.3959017,-1.5244678,1.4045198973260574e-13,9.717468708826614e-12,0.05196991806038837,Significant
Lpar6,-7.396472,-2.2107604,1.3985047600945784e-13,9.687622815638124e-12,0.027275788528454373,Significant
Snhg3,-7.3996634,-2.9563932,1.3653001001940624e-13,9.480677195750013e-12,0.01436749354585251,Significant
2610020C07Rik,-7.4067984,-2.251348,1.2938475498230665e-13,9.006475957759808e-12,0.025704343921876753,Significant
Ablim3,-7.418906,-2.2442148,1.1809140821503013e-13,8.230407435951078e-12,0.031765630261533284,Significant
Aldh2,-7.425271,-1.2622763,1.125490606091814e-13,7.853745171749263e-12,0.07071500729599281,Significant
Zfp521,-7.4501867,-1.0749928,9.320837787284924e-14,6.552318820318406e-12,0.10977663037377933,Significant
Ndufb3,-7.4575253,-1.4985299,8.816270867980898e-14,6.212961379872529e-12,0.058367942530025814,Significant
Sat1,-7.471188,-1.5390252,7.947397696096326e-14,5.621525120663614e-12,0.05399034684027388,Significant
Bri3,-7.472162,-1.4967912,7.888788439715771e-14,5.587008738132534e-12,0.059714895049949486,Significant
Gm45470,-7.472162,-2.8184073,7.888788439715771e-14,5.587008738132534e-12,0.015489953979122235,Significant
Rassf3,-7.4816628,-1.6725795,7.33879828042131e-14,5.223481411068372e-12,0.048378044673925244,Significant
Mcc,-7.4890943,-1.1582708,6.935056016303881e-14,4.94229067114342e-12,0.10315411381748793,Significant
Rack1,-7.489176,-2.1685326,6.930753623374732e-14,4.94229067114342e-12,0.031877876304860255,Significant
Tmpo,-7.5071745,-1.5446067,6.041724135930317e-14,4.343709773030406e-12,0.059939387136603434,Significant
Cdk6,-7.525969,-1.1068177,5.233071003160355e-14,3.771851847986757e-12,0.1007969469076215,Significant
Naca,-7.540791,-1.5199265,4.671295559454203e-14,3.3754852849096672e-12,0.055112807273543604,Significant
Gabarap,-7.5437937,-2.4818304,4.5649278655386136e-14,3.311230033014448e-12,0.02379616118531822,Significant
Nfe2l2,-7.550788,-1.0821044,4.3263212298571445e-14,3.150107701750478e-12,0.10113368503760242,Significant
P2ry14,-7.557786,-3.9083633,4.099872388393868e-14,2.9968014591467935e-12,0.006510270512964418,Significant
Samhd1,-7.561759,-1.0624461,3.976541728093617e-14,2.910388978655253e-12,0.1012459310809294,Significant
Itpkb,-7.5620885,-1.1105613,3.9664774765327793e-14,2.9067592534266793e-12,0.1049500505107195,Significant
Mccc1,-7.5849047,-1.132062,3.327318672001973e-14,2.4541561204982427e-12,0.07991918284880457,Significant
Cenpv,-7.6014333,-1.1337383,2.9286869860080167e-14,2.1713849696651366e-12,0.07868447637220788,Significant
Cox19,-7.620439,-1.5815895,2.5281416518234057e-14,1.879306968622409e-12,0.043551464810865415,Significant
Psmd7,-7.6220646,-1.7943747,2.4965002796654962e-14,1.8606442725711127e-12,0.04276574250757661,Significant
Cyyr1,-7.6317506,-2.8616524,2.3158677983801502e-14,1.7305489279207892e-12,0.020877764058816927,Significant
Fcer1g,-7.634146,-2.9964156,2.2732143745877172e-14,1.7009080118712116e-12,0.017061398585699855,Significant
Rpl32,-7.6345277,-3.0641544,2.2664957896176425e-14,1.698112325744976e-12,0.015040969805814345,Significant
Tns3,-7.646613,-1.0504513,2.0634161090484815e-14,1.5520868780096378e-12,0.10966438433045235,Significant
Fcgrt,-7.6484833,-1.4728147,2.0336381207494216e-14,1.5317114845713337e-12,0.060051633179930404,Significant
Rpl37,-7.6552444,-3.20256,1.9294515441732238e-14,1.4551642434008945e-12,0.014479739589179481,Significant
Vezf1,-7.7065153,-1.3466073,1.292998639432528e-14,9.829724369549742e-13,0.06386799865304749,Significant
Dpp4,-7.719778,-1.8727205,1.1653234698527862e-14,8.906668952602348e-13,0.046694354024020654,Significant
Crat,-7.725936,-1.4392629,1.110346666084327e-14,8.497882999127375e-13,0.053429116623639014,Significant
Rpl14,-7.734337,-3.2178757,1.0394330256074176e-14,7.965862168386536e-13,0.014255247502525535,Significant
Cyp4f17,-7.7484517,-1.113272,9.301976651086102e-15,7.177016971402354e-13,0.0847457627118644,Significant
Adgre5,-7.761337,-1.6994303,8.403870159098974e-15,6.528305194123529e-13,0.05051071949713773,Significant
Mndal,-7.7742815,-1.8247235,7.587682989146493e-15,5.91849667239713e-13,0.0469188461106746,Significant
Gpx1,-7.782205,-2.1131544,7.12711214788511e-15,5.574517758416566e-13,0.03389830508474576,Significant
Bsg,-7.782994,-1.4653609,7.082804797264326e-15,5.547482640454305e-13,0.06375575260972051,Significant
Rpsa,-7.797094,-3.0973797,6.334921092846623e-15,4.975403337210753e-13,0.01616343023908407,Significant
Sorl1,-7.809568,-1.9602882,5.738433552930452e-15,4.5269826247439187e-13,0.03872488494780559,Significant
Rnf220,-7.832347,-1.7609591,4.788463552508119e-15,3.818766150467294e-13,0.056684251880121224,Significant
Safb2,-7.8416963,-1.0075434,4.445011140203975e-15,3.554822743460036e-13,0.10562352677068133,Significant
Sox5os4,-7.854337,-4.0522666,4.018922977997634e-15,3.2231196238051167e-13,0.007071500729599282,Significant
Dhrs7,-7.8695216,-1.9277688,3.559997140895168e-15,2.863132728809488e-13,0.038500392861151644,Significant
Bach2,-7.8910933,-1.1751655,2.995502153630159e-15,2.426271523895518e-13,0.11561342462678191,Significant
Rarres2,-7.8931484,-2.3534477,2.9465679183938745e-15,2.390035952154781e-13,0.0296329554383208,Significant
Snx3,-7.9121284,-1.1139867,2.5302533233038428e-15,2.0611610083296725e-13,0.09720507352115838,Significant
Rab11b,-7.922022,-1.2012644,2.3367915829359667e-15,1.9062929731225913e-13,0.08261308788865193,Significant
Atp5h,-7.926769,-3.2174077,2.249216274398646e-15,1.8401239063295013e-13,0.0148164777191604,Significant
Prkch,-7.934833,-1.5423334,2.1077850938393142e-15,1.7293860378718213e-13,0.06858233247278034,Significant
Mdh2,-7.938095,-2.2355366,2.053097424197292e-15,1.6893846883123988e-13,0.031428892131552366,Significant
Rpl34,-7.941824,-3.082656,1.992298422617303e-15,1.6417288637084207e-13,0.015265461892468291,Significant
Scarb1,-7.956753,-1.1702068,1.7661283317241183e-15,1.4574654106768552e-13,0.09204175552811764,Significant
Ppa1,-7.9748406,-1.7508622,1.5257769981024502e-15,1.2664616333666416e-13,0.04613312380738579,Significant
Sod1,-7.9799724,-1.7418033,1.4636597475670927e-15,1.21667517790099e-13,0.04400044898417331,Significant
Rac1,-7.9875665,-1.0368193,1.3762828863343101e-15,1.1457152606836544e-13,0.10719497137725895,Significant
Il16,-7.999367,-1.7290158,1.2506041234051951e-15,1.0426156572593735e-13,0.05073521158379167,Significant
Pecam1,-8.015644,-2.303187,1.095614274776403e-15,9.187830989697079e-14,0.03255135256482209,Significant
Nr2f2,-8.040008,-1.6382188,8.983291244529558e-16,7.566828206431326e-14,0.054888315186889663,Significant
Sumo2,-8.041066,-1.1732689,8.905987172532662e-16,7.512826897647145e-14,0.08979683466157817,Significant
St6galnac3,-8.058024,-2.665548,7.753709520484216e-16,6.579790965810607e-14,0.028173756875070153,Significant
Pals2,-8.072854,-1.0433466,6.867370661201709e-16,5.836342579395321e-14,0.12941968795599956,Significant
Selenok,-8.0763645,-2.5907588,6.672643060749302e-16,5.687828870091706e-14,0.0222247165787406,Significant
Pde8a,-8.082958,-1.2830131,6.321408993124588e-16,5.412742097406123e-14,0.08160287349870916,Significant
Adgrd1,-8.083436,-1.6828924,6.296688248429006e-16,5.3996946619547586e-14,0.05073521158379167,Significant
Elk3,-8.086339,-1.7166945,6.148483145804357e-16,5.280554733110798e-14,0.05746997418341004,Significant
Unc93b1,-8.0983095,-1.1905553,5.572796904780628e-16,4.800614652876153e-14,0.09698058143450443,Significant
Serf2,-8.111255,-2.0247848,5.009982772963305e-16,4.322324682959145e-14,0.0382759007744977,Significant
Eef2,-8.118467,-2.1884909,4.721081245527141e-16,4.079257772406084e-14,0.03232686047816814,Significant
Rps15,-8.131742,-2.4463346,4.2316709078406435e-16,3.667512529122589e-14,0.02604108205185767,Significant
Gm19710,-8.14206,-4.0077467,3.8860642049182975e-16,3.3731155776258043e-14,0.006622516556291391,Significant
Cdh13,-8.175559,-2.0214186,2.9449787003792497e-16,2.5838217592957604e-14,0.05892917274666068,Significant
Taldo1,-8.180213,-1.2101276,2.83342524988497e-16,2.4897849869398163e-14,0.08822539005500056,Significant
Ccnd2,-8.194842,-1.3979857,2.5092195313973275e-16,2.2117255315370778e-14,0.06925580873274217,Significant
Crebzf,-8.197638,-1.1264752,2.451567016024956e-16,2.16425856526321e-14,0.09675608934785049,Significant
Taf1d,-8.198548,-1.2290128,2.433065780551517e-16,2.1512608479873282e-14,0.08036816702211247,Significant
Pkp4,-8.207757,-1.4148724,2.253583296342503e-16,2.005020101203726e-14,0.10876641598383657,Significant
Dock8,-8.21159,-1.1766086,2.1827946135468573e-16,1.9450783738649703e-14,0.10528678864070042,Significant
Colec12,-8.213996,-1.2828742,2.1394633133407201e-16,1.9094542402027265e-14,0.08137838141205522,Significant
Gm47167,-8.226914,-4.514137,1.920969258515815e-16,1.7225497724275436e-14,0.005163317993040746,Significant
Filip1l,-8.232454,-2.0023165,1.83416527978906e-16,1.6499084549205193e-14,0.03883713099113256,Significant
Inpp5d,-8.243666,-1.1853921,1.6701331320622333e-16,1.5071164924366977e-14,0.09922550230104389,Significant
Atp1b3,-8.249605,-1.3764015,1.5891915622479644e-16,1.4363516943803388e-14,0.07015377707935795,Significant
Ndufs1,-8.255855,-1.110776,1.5081871481998538e-16,1.3653049984999664e-14,0.09810304186777416,Significant
4833420G17Rik,-8.267777,-1.0835099,1.3647924228663917e-16,1.2394361299909922e-14,0.10270512964418005,Significant
Tecpr1,-8.298246,-1.5898781,1.0565896224001191e-16,9.62612315025363e-15,0.052867886407004155,Significant
Gm13544,-8.316209,-3.6321917,9.082197479195926e-17,8.327687707937121e-15,0.009653159726119654,Significant
Ctnnb1,-8.319604,-1.2010224,8.825778281148927e-17,8.105623243659695e-15,0.0913682792681558,Significant
Etl4,-8.323951,-1.3418667,8.50789261028128e-17,7.826299081131282e-15,0.1300931642159614,Significant
Sema6a,-8.337614,-2.0273676,7.580476416937805e-17,6.9957845649409335e-15,0.04781681445729038,Significant
Pdia3,-8.347115,-1.2058754,6.995075831543965e-17,6.476530291446258e-15,0.09103154113817488,Significant
Cox7b,-8.348348,-2.233732,6.922451965705404e-17,6.419728621811587e-15,0.03131664608822539,Significant
Rps16,-8.352343,-3.509826,6.692203890814449e-17,6.2163259665067785e-15,0.012683802895947918,Significant
St3gal1,-8.356878,-1.054203,6.439946637919706e-17,5.991781070421339e-15,0.10809293972387474,Significant
Selenot,-8.3654175,-1.7591778,5.990266159854687e-17,5.591667957512882e-15,0.04950050510719497,Significant
Cpne2,-8.378077,-1.2372919,5.379967907711215e-17,5.055127931237364e-15,0.0814906274553822,Significant
Ly6e,-8.394824,-3.020747,4.665939015167937e-17,4.4060237721837065e-15,0.018296105062296553,Significant
Ptpn1,-8.41564,-1.1597089,3.907552344131165e-17,3.696012259587585e-15,0.09967448647435177,Significant
Rps23,-8.417459,-3.4308589,3.847407285023207e-17,3.6451783397089254e-15,0.01189808059265911,Significant
Trim35,-8.431913,-1.2678406,3.400587099552145e-17,3.2434309888709994e-15,0.07969469076215063,Significant
Marcks,-8.433076,-1.1452439,3.366958773986642e-17,3.2167449588854592e-15,0.09675608934785049,Significant
Ddx3x,-8.448486,-1.0238439,2.951032964214692e-17,2.828868148406545e-15,0.1180828375799753,Significant
Exoc3,-8.461094,-1.2205181,2.6488047844447258e-17,2.552040494603505e-15,0.08429677853855652,Significant
Gm44079,-8.4785,-3.9672053,2.2811495761142937e-17,2.209029558053129e-15,0.008530699292849928,Significant
Uqcrq,-8.479867,-3.5300786,2.2545211192484127e-17,2.186962300700577e-15,0.011561342462678191,Significant
Ets1,-8.4827175,-2.1315093,2.1999387574793788e-17,2.137657214840159e-15,0.04119429790099899,Significant
Rps27a,-8.489834,-2.9721653,2.0693195572926972e-17,2.014173075415444e-15,0.018183859018969583,Significant
A830018L16Rik,-8.509018,-1.3717302,1.754128531739124e-17,1.7191365357273229e-15,0.06712313390952969,Significant
Arl6ip1,-8.526791,-2.0099468,1.5046378881335493e-17,1.4797165110226672e-15,0.04108205185767202,Significant
Sdcbp,-8.551414,-1.2252373,1.2159023315945543e-17,1.2019912267938458e-15,0.08800089796834662,Significant
Rhoj,-8.563158,-1.8413235,1.0981696239382713e-17,1.0874935053333758e-15,0.053316870580312044,Significant
Cox6a1,-8.57634,-2.85898,9.793988251740659e-18,9.71567047112134e-16,0.01896958132225839,Significant
Ginm1,-8.584742,-1.1358974,9.104113306779904e-18,9.078762098097275e-16,0.09338870804804131,Significant
Bscl2,-8.609619,-1.5545628,7.330348869240257e-18,7.348545685975518e-16,0.057918958356717926,Significant
Fabp5,-8.650952,-5.654388,5.107139226980248e-18,5.183700797210023e-16,0.0031428892131552364,Significant
Eif4a1,-8.66009,-1.493667,4.713893633515491e-18,4.793103881892956e-16,0.06364350656639353,Significant
Fam168b,-8.660242,-1.0806003,4.7076199090635435e-18,4.793103881892956e-16,0.10158266921091032,Significant
Rps8,-8.684898,-2.3261976,3.790806042204863e-18,3.8866638364099394e-16,0.033112582781456956,Significant
B3galt1,-8.695918,-1.09237,3.440377785190364e-18,3.548886801929792e-16,0.13054214838926928,Significant
Adgrf5,-8.727768,-2.2347183,2.5974759304991367e-18,2.7038917177066057e-16,0.039847345381075316,Significant
Lrpap1,-8.729097,-2.7432675,2.567131917134112e-18,2.677198873507939e-16,0.020877764058816927,Significant
Cfl2,-8.755605,-1.470948,2.0301191185762465e-18,2.132786212746311e-16,0.06712313390952969,Significant
Epas1,-8.800636,-1.4124078,1.360420849232455e-18,1.4345133995582448e-16,0.0839600404085756,Significant
Cdon,-8.808953,-1.1936483,1.2632023486712459e-18,1.3344713346139038e-16,0.11987877427320687,Significant
Ldha,-8.849212,-2.3535318,8.813934065326803e-19,9.328517093192815e-17,0.0308676619149175,Significant
Elovl5,-8.86958,-1.6423233,7.342197504337461e-19,7.8290649455895e-17,0.06094960152654619,Significant
Chst11,-8.874397,-1.3694146,7.031290509195946e-19,7.511608121653403e-17,0.08283757997530587,Significant
Rab21,-8.887957,-1.1102914,6.22428400462431e-19,6.674518936107586e-17,0.10988887641710629,Significant
Nxn,-8.888957,-1.5362979,6.168542830378577e-19,6.627226364237482e-17,0.07217420585924346,Significant
Arpc2,-8.90062,-1.0103697,5.5535587363824265e-19,5.989113409249086e-17,0.1291951958693456,Significant
Rgs7,-8.910518,-1.0030593,5.079502788133585e-19,5.4882726424879406e-17,0.14187899876529353,Significant
Ikzf1,-8.919755,-1.4440064,4.673191149820398e-19,5.058862685587895e-17,0.09305196991806039,Significant
2610203C22Rik,-8.921485,-1.9365501,4.600789157149391e-19,4.9899721028046375e-17,0.04242900437759569,Significant
C1qc,-8.951039,-2.8087301,3.5215095006301067e-19,3.878496566254911e-17,0.024469637445280055,Significant
Crip1,-8.961011,-2.2227712,3.217161128633224e-19,3.570923427397747e-17,0.03625547199461219,Significant
Adgrl2,-8.974285,-1.6385963,2.851988619833675e-19,3.1904731631031296e-17,0.06824559434279942,Significant
Pim3,-9.00191,-1.6417524,2.2182368870313647e-19,2.491294409949762e-17,0.055112807273543604,Significant
Apmap,-9.010238,-1.4354448,2.0561044851007029e-19,2.3137676973541325e-17,0.0757660792457066,Significant
Rpl7,-9.017661,-3.8416202,1.9214697578979511e-19,2.1665427620686582e-17,0.011336850376024245,Significant
Rps4x,-9.026733,-3.0816054,1.7687320196443388e-19,1.9982811494160375e-17,0.017510382759007743,Significant
Ptma,-9.049563,-1.5224804,1.435406561746789e-19,1.628157072359042e-17,0.07015377707935795,Significant
Lman2,-9.060705,-1.4442894,1.2960999185995347e-19,1.476024509299522e-17,0.07318442024918621,Significant
Srebf1,-9.081181,-1.1498308,1.0740317134437087e-19,1.228040959742936e-17,0.10775620159389382,Significant
Aldoa,-9.08164,-3.010236,1.0695099603850291e-19,1.2253313210117492e-17,0.019643057582220225,Significant
Mcl1,-9.090989,-1.5996319,9.814197106418163e-20,1.126673785154348e-17,0.06847008642945336,Significant
Gm26632,-9.096809,-4.549449,9.302401632451544e-20,1.0700768714210574e-17,0.005387810079694691,Significant
Msn,-9.107259,-1.1987948,8.448966688109761e-20,9.738716845904006e-18,0.10798069368054776,Significant
Atp8a1,-9.135532,-1.3013922,6.508571531587082e-20,7.547954614665988e-18,0.10147042316758334,Significant
Raph1,-9.138669,-1.1066477,6.322590985962272e-20,7.347237823095465e-18,0.12246043326972725,Significant
Ddx24,-9.150832,-1.6199112,5.649679875556765e-20,6.578699832189729e-18,0.05859243461667976,Significant
B230219D22Rik,-9.159471,-1.7099246,5.215272443279675e-20,6.08530385640959e-18,0.055112807273543604,Significant
Rpl10,-9.179576,-3.1831033,4.327932646062259e-20,5.060304164259365e-18,0.017510382759007743,Significant
mt-Nd5,-9.18493,-1.1994476,4.1179587004895804e-20,4.84464228025986e-18,0.11033786059041419,Significant
Atp5c1,-9.190284,-1.0413309,3.918060777381019e-20,4.619012395959681e-18,0.12762375126276798,Significant
Psip1,-9.208953,-2.142604,3.293221600555738e-20,3.898530793289903e-18,0.036704456167920084,Significant
Slc3a2,-9.222586,-1.8785323,2.900198174034168e-20,3.440420504743324e-18,0.048378044673925244,Significant
Prkcb,-9.251644,-1.5378077,2.2106475925653618e-20,2.638920011913297e-18,0.07812324615557302,Significant
Tmod3,-9.253196,-1.0957239,2.178784468790877e-20,2.6063480343996077e-18,0.1280727354360759,Significant
Tmed5,-9.287168,-1.6087753,1.584480018155218e-20,1.9074392539910415e-18,0.06454147491300932,Significant
Nudt5,-9.307325,-1.6003764,1.3109181581636894e-20,1.5881912945531625e-18,0.06229655404646986,Significant
Purb,-9.321821,-1.4966725,1.1436006236590514e-20,1.3884384458799583e-18,0.07464361881243686,Significant
Hspa8,-9.322395,-3.6934762,1.13743009086062e-20,1.3838975812755249e-18,0.01189808059265911,Significant
Gm57352,-9.362484,-2.4318604,7.78836494390816e-21,9.557700178255917e-19,0.026714558311819507,Significant
9630028H03Rik,-9.367234,-4.0419974,7.445773725795674e-21,9.196741902831486e-19,0.007857223032888092,Significant
Sc5d,-9.373766,-1.6852298,6.998956197788574e-21,8.663642714310417e-19,0.06083735548321922,Significant
Ndufb9,-9.383741,-3.9555876,6.367247482925185e-21,7.898854878545599e-19,0.009091929509484791,Significant
Sec14l1,-9.395438,-1.6204803,5.6980310873052414e-21,7.084095810966108e-19,0.06936805477606914,Significant
Preb,-9.406542,-1.9715253,5.1272694939554104e-21,6.388443156571445e-19,0.04063306768436412,Significant
Hjurp,-9.4110155,-1.681953,4.9136850589613286e-21,6.135748704875374e-19,0.0679088562128185,Significant
Cfh,-9.422423,-1.1731348,4.407965678360112e-21,5.528501623160862e-19,0.11965428218655293,Significant
C1qb,-9.454555,-3.4930208,3.2439955333258494e-21,4.086644904051044e-19,0.015938938152430127,Significant
Gpx4,-9.487538,-3.047499,2.3655472262914324e-21,2.9866213882984577e-19,0.020428779885509035,Significant
Ppm1m,-9.487597,-2.3743508,2.3642035454950782e-21,2.9866213882984577e-19,0.030755415871590527,Significant
Prkg1,-9.504167,-1.5528117,2.0165564383835106e-21,2.557343878797227e-19,0.10225614547087215,Significant
Rps20,-9.529696,-3.1357052,1.5774321536530873e-21,2.0094085964465425e-19,0.018408351105623527,Significant
Hnrnpdl,-9.561921,-1.1145016,1.1559068718464674e-21,1.4857447672643275e-19,0.11370524189022337,Significant
Rpl41,-9.564435,-2.011617,1.1281564448309168e-21,1.4566520663291888e-19,0.04411269502750028,Significant
Mir142hg,-9.567823,-2.7149491,1.0918008523801526e-21,1.4129143712585971e-19,0.03288809069480301,Significant
Hadha,-9.613606,-1.3573533,7.0051202204758785e-22,9.106816220870252e-20,0.08710292962173083,Significant
H1f2,-9.615803,-3.0352006,6.857252150818699e-22,8.934983860864245e-20,0.018183859018969583,Significant
Cox5a,-9.623338,-2.5651205,6.372913219518367e-22,8.322936964050352e-20,0.027388034571781343,Significant
Rps2,-9.640277,-2.9262664,5.404185578345765e-22,7.09031638287065e-20,0.021214502188797845,Significant
Rps9,-9.662394,-1.8634278,4.355674203439584e-22,5.727862466929639e-20,0.055000561230216634,Significant
Gas6,-9.6637745,-1.110094,4.297329294448062e-22,5.664218225814054e-20,0.13222583903917387,Significant
Ttc19,-9.687082,-1.276557,3.421624868800156e-22,4.5204348411682056e-20,0.09451116848131104,Significant
Tob1,-9.689652,-1.8270344,3.3366253455325405e-22,4.4183903209294975e-20,0.05230665619036929,Significant
Gpd2,-9.694229,-1.55583,3.1903865048035458e-22,4.2345873652685014e-20,0.07677629363564935,Significant
Timmdc1,-9.721769,-2.0817194,2.435128208753044e-22,3.247274832192203e-20,0.04108205185767202,Significant
4930444A19Rik,-9.757871,-3.9938796,1.7070202166251903e-22,2.292439579123938e-20,0.009989897856100572,Significant
Psma3,-9.770823,-1.0706141,1.5022769980668343e-22,2.0270415769413178e-20,0.13323605342911662,Significant
Serpinh1,-9.806161,-1.8490407,1.059221976341631e-22,1.4360275846397336e-20,0.05196991806038837,Significant
Acbd4,-9.81986,-1.7122197,9.24713765590747e-23,1.2566617309427857e-20,0.056235267706813336,Significant
Idh1,-9.8714905,-1.0804244,5.533608290261748e-23,7.592510594115523e-21,0.13491974407902121,Significant
Flrt2,-9.929097,-1.564836,3.110602019587486e-23,4.330581652746481e-21,0.09350095409136829,Significant
Cnbp,-9.930785,-1.3213325,3.0583747063114505e-23,4.2683067194137326e-21,0.09619485913121563,Significant
Mknk2,-9.9494915,-1.6389681,2.5347595335977473e-23,3.546234461980082e-21,0.06644965764956785,Significant
9330175M20Rik,-9.959488,-4.026194,2.2923937749198582e-23,3.215054037874671e-21,0.0098776518127736,Significant
Clta,-9.963265,-1.6533302,2.2069320384884743e-23,3.1028374618165976e-21,0.06802110225614547,Significant
Gm15414,-9.972573,-2.7601893,2.0095298938345507e-23,2.8322931110107214e-21,0.02357166909866427,Significant
Sp100,-9.976784,-1.9620754,1.9260938466490602e-23,2.7214320030283908e-21,0.056684251880121224,Significant
Lysmd4,-10.020186,-3.3245406,1.2426848738640153e-23,1.773426551445887e-21,0.016612414412391963,Significant
Sycp3,-10.030247,-3.000335,1.1223609914005229e-23,1.605737618375306e-21,0.019081827365585363,Significant
Slc38a2,-10.03252,-1.4903146,1.0968104684570394e-23,1.5731356394058508e-21,0.08070490515209339,Significant
Rftn1,-10.032824,-1.3864537,1.0934420798968035e-23,1.5722647846314113e-21,0.0975418116511393,Significant
Dab2,-10.065363,-1.0303576,7.859715735400373e-24,1.1358885119021132e-21,0.17645078011000112,Significant
9330162G02Rik,-10.109846,-3.2644465,4.9962477043941915e-24,7.2759933640897605e-22,0.015377707935795263,Significant
Dnajc3,-10.113849,-1.2243347,4.796205798147144e-24,7.00258344493068e-22,0.12111348074980358,Significant
Ptprc,-10.144515,-1.382223,3.505163512993076e-24,5.144008133848936e-22,0.10652149511729711,Significant
Adig,-10.146681,-1.6204631,3.428255799654424e-24,5.044142467393348e-22,0.06779661016949153,Significant
Rpl8,-10.185629,-3.0687637,2.298681074407728e-24,3.390911892690426e-22,0.019979795712201143,Significant
Fau,-10.194371,-3.310375,2.100997612263625e-24,3.107348182854625e-22,0.01807161297564261,Significant
Tmem59,-10.2523365,-1.7173465,1.1551678857584956e-24,1.7129274630982944e-22,0.0716129756426086,Significant
Rpl19,-10.260223,-3.6933818,1.0646036271719068e-24,1.5827570531278208e-22,0.0135817712425637,Significant
Npc2,-10.262796,-1.6189884,1.0366037898843122e-24,1.545163780099545e-22,0.07991918284880457,Significant
Rps11,-10.268106,-4.114629,9.811167078671502e-25,1.4662930830095382e-22,0.009204175552811764,Significant
Klf3,-10.291851,-1.183343,7.6687416335770235e-25,1.155200575019866e-22,0.11931754405657201,Significant
St3gal6,-10.307147,-1.6381881,6.541429351672272e-25,9.906264061531139e-23,0.0748681108990908,Significant
Rps3a1,-10.309954,-2.900609,6.353183854940279e-25,9.646843783577452e-23,0.024918621618587943,Significant
Rnf213,-10.341026,-1.4828635,4.595871727646539e-25,7.034772366772086e-23,0.09451116848131104,Significant
Ces1f,-10.343544,-1.8643968,4.476669527528427e-25,6.889352420729627e-23,0.05814345044337187,Significant
Prxl2a,-10.34758,-1.18585,4.2919553383784865e-25,6.622987233675052e-23,0.11752160736334044,Significant
Arhgap31,-10.347613,-1.3604941,4.290462053956805e-25,6.622987233675052e-23,0.12582781456953643,Significant
Arl4a,-10.364176,-1.0687933,3.6085597386653876e-25,5.598773844123865e-23,0.15085868223145135,Significant
Uck1,-10.377476,-1.7702147,3.1396680406597587e-25,4.8979681617317076e-23,0.05870468066000673,Significant
Il15ra,-10.43322,-1.1052775,1.7486104006208525e-25,2.75048687352906e-23,0.14636884049837243,Significant
C1qa,-10.474263,-3.1511662,1.1341677545256556e-25,1.788937565386298e-23,0.023347177012010327,Significant
Actg1,-10.505122,-1.5117185,8.181715630959663e-26,1.2940974159513172e-23,0.08923560444494331,Significant
Arhgap15,-10.517526,-1.223405,7.173260255591104e-26,1.1377510089515683e-23,0.1666853743405545,Significant
Rpl11,-10.539479,-3.1229136,5.681284573239785e-26,9.087023170922656e-24,0.022000224492086655,Significant
Igf2r,-10.55597,-1.9627879,4.766874061734187e-26,7.667530394045377e-24,0.05690874396677517,Significant
Snhg20,-10.574206,-1.4953274,3.924868765572503e-26,6.331046809644869e-24,0.07969469076215063,Significant
Wipf1,-10.640147,-1.1936336,1.938230103063929e-26,3.153278865673234e-24,0.13323605342911662,Significant
Sqstm1,-10.641543,-1.8546623,1.9094068339126625e-26,3.1152875223444385e-24,0.05814345044337187,Significant
Rps12,-10.650174,-2.8902888,1.7403947169160436e-26,2.8476958498826563e-24,0.025592097878549783,Significant
Psmc6,-10.697283,-1.3539172,1.0480619979525572e-26,1.7297883543599e-24,0.10180716129756426,Significant
Rps21,-10.701715,-2.271175,9.991145871191383e-27,1.6537960379404319e-24,0.041755528117633854,Significant
Rpl23,-10.714841,-2.8313835,8.6705947829953e-27,1.4436033261360684e-24,0.02682680435514648,Significant
Ltc4s,-10.728074,-2.6786888,7.514562761124305e-27,1.2584903475917031e-24,0.027837018745089235,Significant
Rps14,-10.779627,-1.9937587,4.296249882745789e-27,7.259132479923679e-25,0.056572005836794254,Significant
Ormdl3,-10.785732,-2.0603802,4.020272616651635e-27,6.813045924546451e-25,0.046582107980693684,Significant
Klf7,-10.82013,-1.4266664,2.7638385129579067e-27,4.6977829482488405e-25,0.10786844763722078,Significant
Rplp2,-10.832594,-1.9497045,2.4122430407208956e-27,4.1124410473559434e-25,0.06061286339656527,Significant
Eif3a,-10.876382,-1.083937,1.4937569361643614e-27,2.554234645709757e-25,0.15938938152430127,Significant
Cox6c,-10.889977,-2.983448,1.286718623482838e-27,2.206838709028201e-25,0.025255359748568865,Significant
Rpl6,-10.954085,-3.0976834,6.351650314348728e-28,1.0959676380282756e-25,0.02054102592883601,Significant
Gm12353,-10.965453,-2.7964933,5.601935209722801e-28,9.695434430906565e-26,0.03008193961162869,Significant
Cdk17,-10.969359,-1.2020128,5.365123639899101e-28,9.342370188975374e-26,0.14681782467168034,Significant
Tgfbr2,-10.987162,-1.1937131,4.405631838803579e-28,7.718802539486603e-26,0.148164777191604,Significant
Btbd1,-11.017672,-1.3182673,3.140778247070678e-28,5.51972389402628e-26,0.11449096419351218,Significant
Dnaja2,-11.04462,-1.5029192,2.3275084190711097e-28,4.103116312394057e-26,0.0872151756650578,Significant
Adamtsl1,-11.056869,-1.5636827,2.0306440235337455e-28,3.6020841540197824e-26,0.10304186777416097,Significant
Mettl7a1,-11.124679,-1.7047211,9.514773359224806e-29,1.7037129240491183e-26,0.07194971377258952,Significant
Cebpa,-11.142718,-1.9338279,7.771048074421569e-29,1.404734121922662e-26,0.055112807273543604,Significant
Ephx2,-11.154716,-1.1760595,6.791000305506018e-29,1.2314851859739432e-26,0.15130766640475923,Significant
Gm57315,-11.165534,-2.5063195,6.012857053237865e-29,1.0938597235412693e-26,0.031541138174879337,Significant
4931406C07Rik,-11.175606,-1.3864486,5.368295697182542e-29,9.797311708117663e-27,0.10551128072735436,Significant
Pnpla2,-11.20469,-1.1018579,3.8670480883341115e-29,7.080179588354748e-27,0.17072623190032551,Significant
Srsf10,-11.219768,-1.0855461,3.2612720917469066e-29,5.990325618585826e-27,0.15287911101133686,Significant
Mdh1,-11.273227,-2.0674846,1.779277756018841e-29,3.289410867060677e-27,0.05253114827702324,Significant
2900052L18Rik,-11.282461,-2.1754732,1.6020054049664176e-29,2.9713286568140976e-27,0.045122909417443034,Significant
Tmbim6,-11.319421,-1.2049873,1.0516404074202507e-29,1.963326440620213e-27,0.14176675272196654,Significant
Scd2,-11.3364315,-2.4261842,8.660464067829254e-30,1.6275098497896553e-27,0.0407453137276911,Significant
Il31ra,-11.343855,-2.2444928,7.956075269151865e-30,1.500089012916478e-27,0.051184195757099565,Significant
Gm48742,-11.344462,-3.698054,7.901040697910892e-30,1.494661655746658e-27,0.013806263329217645,Significant
Acp5,-11.358884,-3.581064,6.699481685117429e-30,1.271583955440905e-27,0.0148164777191604,Significant
Insig1,-11.384854,-2.9727588,4.975106129463131e-30,9.506292554287252e-28,0.0259288360085307,Significant
Serinc3,-11.388102,-1.1058538,4.7931656265661864e-30,9.189482961020378e-28,0.19362442473902794,Significant
H2-Ab1,-11.395115,-3.2800736,4.422463098646587e-30,8.50741457094714e-28,0.024694129531934,Significant
Slc25a3,-11.405871,-1.4074893,3.908448757016329e-30,7.544101039771755e-28,0.10517454259737344,Significant
Me1,-11.43731,-1.156483,2.7219284547800493e-30,5.271745855225537e-28,0.1642159613873611,Significant
Hsp90b1,-11.440647,-1.256796,2.6192593687910647e-30,5.090213232707578e-28,0.14053204624536986,Significant
Rpl13,-11.4557495,-3.8826163,2.2005058005265243e-30,4.305807587208963e-28,0.012796048939274891,Significant
Acly,-11.495584,-2.155904,1.3884007746875764e-30,2.735533858528903e-28,0.056347513750140306,Significant
Mpc2,-11.512649,-1.4428402,1.1392450894798215e-30,2.2524220361135594e-28,0.11639914693007071,Significant
Ggact,-11.531107,-2.6337419,9.195400296140928e-31,1.8243738266988176e-28,0.03288809069480301,Significant
Tspo,-11.542714,-2.4812438,8.034885325374969e-31,1.5997007178747416e-28,0.040184083511056234,Significant
Echdc1,-11.571221,-1.2457986,5.7655962106070954e-31,1.1519256625550126e-28,0.14636884049837243,Significant
Tmed2,-11.617598,-1.939358,3.354369889317119e-31,6.725393516465002e-29,0.059490402963295545,Significant
Rapgef5,-11.64372,-2.4391463,2.470028567223138e-31,4.987443143484139e-29,0.04388820294084633,Significant
Sparc,-11.687726,-1.0128247,1.4727713993384977e-31,2.9950384374904786e-29,0.23279829386014142,Significant
Ddhd2,-11.804597,-1.18612,3.695561882227347e-32,7.542257675122128e-30,0.15209338870804803,Significant
Leng8,-11.811465,-1.312704,3.405718754716738e-32,6.975720561594452e-30,0.12773599730609497,Significant
Selenop,-11.859275,-1.3500919,1.9263671945081883e-32,3.974249073278651e-30,0.14098103041867774,Significant
Gpd1,-11.865884,-2.8824809,1.7801247176774494e-32,3.685893874518969e-30,0.02626557413851162,Significant
Chchd2,-11.890306,-2.0965548,1.329175344316908e-32,2.7927886819464597e-30,0.059714895049949486,Significant
Wls,-11.891718,-1.0627645,1.3069116307543302e-32,2.756179820991938e-30,0.18318554270961948,Significant
Actr3,-11.9069395,-1.0784361,1.0890188762082734e-32,2.3051979119024273e-30,0.1844202491862162,Significant
Timp2,-11.980933,-1.7219546,4.4725947986210065e-33,9.538352825029165e-31,0.08306207206195981,Significant
Cd81,-11.994481,-2.695315,3.797881175219419e-33,8.16057177351581e-31,0.0345717813447076,Significant
Plxna4,-12.032927,-1.6757991,2.3855291427321343e-33,5.164806650810284e-31,0.09608261308788865,Significant
Gm16599,-12.044927,-4.0600076,2.0625971815832116e-33,4.482684966279758e-31,0.010326635986081491,Significant
Acss2,-12.110757,-1.8001709,9.263579827805487e-34,2.0209865861113875e-31,0.08238859580199798,Significant
Hp,-12.152175,-1.5142567,5.585975143047291e-34,1.2233500408471377e-31,0.1086541699405096,Significant
Rps29,-12.216682,-3.4519348,2.532079446646353e-34,5.588338595794185e-32,0.019643057582220225,Significant
Id3,-12.240613,-3.270289,1.8860281843570364e-34,4.195012923651329e-32,0.02054102592883601,Significant
Atp5b,-12.259479,-2.3811493,1.49459369669013e-34,3.337398418950301e-32,0.04545964754742395,Significant
Gm17106,-12.319043,-3.8435206,7.153816837248312e-35,1.60372238003841e-32,0.012908294982601863,Significant
Reep5,-12.351271,-1.3834295,4.7947822163350275e-35,1.0791292260092204e-32,0.1296441800426535,Significant
4632427E13Rik,-12.449222,-1.3642915,1.4121566389322264e-35,3.1908575864063455e-33,0.12436861600628578,Significant
Gm48678,-12.450333,-3.7820158,1.3926392977775218e-35,3.159293795009955e-33,0.014928723762487371,Significant
Gm30270,-12.549638,-4.501629,3.993308334388189e-36,9.168668139854753e-34,0.008755191379503872,Significant
Rpl9,-12.561109,-3.2589295,3.454564649366796e-36,7.963820473667802e-34,0.02278594679537546,Significant
Oaz1,-12.567699,-2.726271,3.1783728052461884e-36,7.356899426972488e-34,0.0345717813447076,Significant
Piezo1,-12.580378,-1.2912582,2.7073231675295517e-36,6.292150550297968e-34,0.14378718150185205,Significant
Cd63,-12.61252,-2.8099363,1.801380498279497e-36,4.221086705865548e-34,0.03322482882478393,Significant
Lrrc4,-12.623395,-4.0459056,1.5690726897346692e-36,3.691924298602554e-34,0.012122572679313054,Significant
Ppp1r10,-12.666073,-1.7886893,9.116593926156827e-37,2.162949894788733e-34,0.08115388932540128,Significant
6820431F20Rik-1,-12.71149,-1.119174,5.1052724114804074e-37,1.2163151313058825e-34,0.19059378156919968,Significant
Calm1,-12.718551,-2.5768633,4.6643309970564506e-37,1.115931392031056e-34,0.0456841396340779,Significant
Myh9,-12.787798,-1.3289214,1.9183304152662387e-37,4.608930471547464e-35,0.15691996857110788,Significant
S100a6,-12.8013315,-2.682397,1.61164874881685e-37,3.9050592087821385e-35,0.03894937703445953,Significant
Calr,-12.819293,-3.3050778,1.2786151763584293e-37,3.1113515708130483e-35,0.023683915141991245,Significant
Ctsd,-13.015013,-3.149393,1.0052604913595851e-38,2.510549896425708e-36,0.026602312268492537,Significant
Gm31356,-13.031456,-3.204083,8.104626942951476e-39,2.0329760473947137e-36,0.02604108205185767,Significant
B430010I23Rik,-13.053727,-1.6572455,6.05126831446977e-39,1.5246250844877132e-36,0.10135817712425638,Significant
H3f3a,-13.136616,-1.6297129,2.031098390720949e-39,5.209584390362232e-37,0.10012347064765967,Significant
Zfp36l2,-13.138193,-1.6549131,1.989206617593637e-39,5.1252223535022295e-37,0.09855202604108206,Significant
H2-Eb1,-13.150649,-2.8981557,1.6872073945452226e-39,4.38681626725112e-37,0.0395106072510944,Significant
Ctsl,-13.178652,-2.3815515,1.1645299418613838e-39,3.041720156859131e-37,0.046245369850712766,Significant
Cdc42,-13.231422,-1.0114093,5.778328640828762e-40,1.5162387610019842e-37,0.25906386799865305,Significant
Laptm4a,-13.300548,-1.6670308,2.2977889076325457e-40,6.057333249514111e-38,0.10236839151419913,Significant
Ppia,-13.39982,-2.4750977,6.060989076825709e-41,1.6052036233652684e-38,0.04882702884723313,Significant
Angptl4,-13.437906,-1.8085965,3.6255234183419633e-41,9.646772381486436e-39,0.08631720731844203,Significant
Rplp1,-13.650988,-2.1044302,1.991619331756097e-42,5.37463489902957e-40,0.07049051520933887,Significant
mt-Nd2,-13.727092,-1.4396836,6.9882517974645495e-43,1.903914093777172e-40,0.1543383095745875,Significant
Hnrnpa3,-13.820381,-1.3163558,1.9205101653665357e-43,5.25748890991038e-41,0.156358738354473,Significant
Rpl37a,-13.869567,-2.9840903,9.685948031290068e-44,2.6643843809163657e-41,0.033561566954764845,Significant
Cox7c,-13.870123,-2.495497,9.611239688853427e-44,2.6566679569077814e-41,0.046469861937366706,Significant
2810004N23Rik,-13.91608,-1.9243284,5.058982179214062e-44,1.405187825690868e-41,0.086429453361769,Significant
Frmd4b,-13.924089,-1.2791184,4.522710256856304e-44,1.2623904153708566e-41,0.19194073408912335,Significant
Cox8a,-13.930447,-3.4631655,4.137604791363631e-44,1.1605879528326923e-41,0.02267370075204849,Significant
B3galt2,-13.931365,-1.3327029,4.084746126583162e-44,1.1514333128404547e-41,0.1873386463127175,Significant
Ubb,-13.974053,-3.9743187,2.244798549670484e-44,6.423169558632514e-42,0.014143001459198563,Significant
Snhg7,-13.978688,-2.9457912,2.1032767561119387e-44,6.04862029140252e-42,0.03232686047816814,Significant
Gm20528,-14.058666,-3.385174,6.815850427197631e-45,1.9801088733421444e-42,0.024918621618587943,Significant
Strbp,-14.136367,-1.3958988,2.2668874565150825e-45,6.653548384609552e-43,0.13694017285890672,Significant
Ifi27,-14.167795,-2.4394262,1.4498104981687855e-45,4.277391687887503e-43,0.051296441800426536,Significant
Ubc,-14.236491,-2.6541371,5.439034465320396e-46,1.6214872329309353e-43,0.04579638567740487,Significant
Eif1,-14.309849,-2.8359768,1.8992690601792394e-46,5.722025373315665e-44,0.038051408687843756,Significant
Srsf7,-14.33092,-2.0087922,1.4024963156337115e-46,4.24784801640953e-44,0.07587832528903356,Significant
Plin2,-14.339362,-2.1301324,1.2419115730150506e-46,3.781587533639037e-44,0.06970479290605006,Significant
Mef2c,-14.346031,-1.7232487,1.1281134986676263e-46,3.472211390682882e-44,0.11336850376024245,Significant
Gm35188,-14.387168,-3.4679859,6.229531113064598e-47,1.9383373284645425e-44,0.02143899427545179,Significant
Hsp90ab1,-14.429312,-2.5052164,3.384428988743543e-47,1.0647114422543983e-44,0.05365360871029296,Significant
Gm15581,-14.451612,-2.693796,2.448842939200446e-47,7.7466425445007e-45,0.04534740150409698,Significant
Zeb1,-14.539151,-1.1229341,6.843588631416535e-48,2.176987599226195e-45,0.2671455831181951,Significant
Fli1,-14.698555,-1.6884437,6.584986259790533e-49,2.130430128515527e-46,0.13390952968907846,Significant
H3f3b,-14.763037,-2.3551843,2.535985313096458e-49,8.444534486141838e-47,0.059939387136603434,Significant
Psd3,-14.771283,-1.1687148,2.2440023063318705e-49,7.560694397919707e-47,0.27556403636771803,Significant
Ndufa4,-14.826615,-3.4150584,9.857907352128287e-50,3.361192230763693e-47,0.0259288360085307,Significant
Gm49513,-14.899625,-1.2865194,3.314341671609566e-50,1.157803246154112e-47,0.24907397014255248,Significant
Lamp1,-14.966354,-2.000205,1.218179375621152e-50,4.308344833990312e-48,0.0827253339319789,Significant
Mat2a,-14.977974,-1.3292407,1.0228846705553234e-50,3.6402547516306667e-48,0.2061959815916489,Significant
4732471J01Rik,-14.983835,-1.5159434,9.365342781392981e-51,3.3539118447503e-48,0.14749130093164217,Significant
Hmgcs1,-15.0307255,-1.8908801,4.619180512673286e-51,1.686030497257241e-48,0.09686833539117747,Significant
Hspa5,-15.087358,-1.8969206,1.9614019824015955e-51,7.252220148047354e-49,0.09686833539117747,Significant
Ces1d,-15.112643,-1.330402,1.3366779696143797e-51,4.974626161294927e-49,0.1987877427320687,Significant
Atp5o,-15.114698,-3.0295901,1.2956263625037673e-51,4.8535697833767776e-49,0.036816702211247054,Significant
Trf,-15.13831,-1.4080085,9.050911589005323e-52,3.4130328264208748e-49,0.16623639016724662,Significant
Atp5a1,-15.301735,-2.4222786,7.444481163664517e-53,2.883647632246403e-50,0.05937815691996857,Significant
Gm37240,-15.86536,-1.9943702,1.1008432730389752e-56,4.383434741965894e-54,0.09361320013469525,Significant
Retnla,-15.86726,-2.3055403,1.0680345706930552e-56,4.2827434147769896e-54,0.07498035694241778,Significant
H2-Aa,-15.944957,-3.048043,3.0885540322477435e-57,1.2561811082158483e-54,0.04388820294084633,Significant
ENSMUSG00000095041,-15.961174,-1.6652309,2.3820753136398575e-57,9.758111542012022e-55,0.13402177573240542,Significant
Dcn,-16.121752,-1.5641432,1.7944965512758442e-58,7.568920601940582e-56,0.17746099449994387,Significant
Prdx1,-16.202114,-2.241071,4.872250618682401e-59,2.070379272226825e-56,0.07834773824222696,Significant
Myl6,-16.293636,-2.108762,1.0951766954605292e-59,4.72427698607712e-57,0.08822539005500056,Significant
Psap,-16.36932,-1.2292773,3.167337167348418e-60,1.3873180434306635e-57,0.27780895723425747,Significant
Elmo1,-16.443777,-1.5805999,9.294174132356343e-61,4.1024772811666856e-58,0.18094062184308002,Significant
Pacrg,-16.546682,-2.4000616,1.691740110708206e-61,7.706349891506876e-59,0.07352115837916713,Significant
Fgfr2,-16.636293,-1.346422,3.8044903653891206e-62,1.805262382463516e-59,0.21944101470423166,Significant
5330438D12Rik,-16.681152,-3.1594818,1.7972059323499998e-62,8.672432457113672e-60,0.03401055112807273,Significant
Ctsb,-16.807783,-1.6073825,2.1402716109053825e-63,1.0416171435603708e-60,0.1691547872937479,Significant
Zfp36l1,-16.872179,-1.9163312,7.20862126376579e-64,3.538500891207654e-61,0.11078684476372208,Significant
C3,-16.98784,-3.2385688,1.0104147361130792e-64,5.0029587381752035e-62,0.035133011561342464,Significant
Rbp4,-17.154036,-3.356063,5.863608348473624e-66,2.9287694997406726e-63,0.03300033673812998,Significant
Lgals1,-17.226707,-3.2999203,1.6741418867591495e-66,8.436045413624136e-64,0.03423504321472668,Significant
Mpc1,-17.246143,-1.8655579,1.1962419726044833e-66,6.08171555018499e-64,0.12212369513974633,Significant
Lyz2,-17.261713,-4.140495,9.136107473402298e-67,4.686658519306308e-64,0.022898192838702435,Significant
Ifi27l2a,-17.45003,-3.868659,3.44050172844172e-68,1.8308935413009343e-65,0.021775732405432707,Significant
Airn,-17.805546,-1.6176702,6.400478085592316e-71,3.4382039874689817e-68,0.20978785497811203,Significant
Cd74,-17.88127,-3.2571938,1.6503577051176952e-71,8.949811246391113e-69,0.046806600067347624,Significant
Pitpnc1,-18.059345,-1.6768196,6.660707647342103e-73,3.718307393601046e-70,0.17723650241328992,Significant
B2m,-18.086376,-2.0895271,4.080577288688345e-73,2.300516350447555e-70,0.106970479290605,Significant
Col3a1,-18.112446,-1.6132259,2.5419858187861277e-73,1.4474321450750088e-70,0.1987877427320687,Significant
Cyp2e1,-18.142385,-1.2042886,1.4748736482286597e-73,8.569467388141645e-71,0.3783814120552251,Significant
Itm2b,-18.397926,-1.2984309,1.3649014264076372e-75,8.18093180221866e-73,0.3094623414524638,Significant
Dgat2,-18.4243,-1.6080521,8.38685653991413e-76,5.0803829599920265e-73,0.2086653945448423,Significant
Aplp2,-18.587229,-1.2298845,4.07706077948111e-77,2.5511199763124605e-74,0.3636771803793916,Significant
Tkt,-18.694284,-2.2345037,5.510510503959338e-78,3.4863775400660966e-75,0.09630710517454259,Significant
H2-D1,-18.750036,-2.6151574,1.9346262621424095e-78,1.2377477976702352e-75,0.0691435626894152,Significant
Agpat2,-18.960758,-2.6099846,3.5991851735487736e-80,2.383037243802799e-77,0.06779661016949153,Significant
mt-Rnr1,-19.11848,-1.324813,1.7719344452102764e-81,1.1870084617025687e-78,0.42159613873610957,Significant
mt-Nd4,-19.474249,-1.8109087,1.8156876684094498e-84,1.2456273677940057e-81,0.18206308227634976,Significant
Atp6v0b,-19.674248,-2.1603398,3.584509084107628e-86,2.4890918507094203e-83,0.10393983612077674,Significant
Vmp1,-19.749231,-1.6192566,8.144800061271872e-87,5.725593336899774e-84,0.2231451341340218,Significant
mt-Co1,-19.783178,-2.061076,4.156549238782719e-87,2.9584758775690853e-84,0.1394095858121001,Significant
Acaca,-19.802143,-1.2636784,2.8529747019995224e-87,2.0827081090583947e-84,0.5008418453249524,Significant
mt-Nd1,-21.186268,-1.9869877,1.2783567215074428e-99,1.0109848622132681e-96,0.17510382759007745,Significant
Actb,-21.234274,-1.9864918,4.607588733883064e-100,3.695221268958247e-97,0.15995061174093614,Significant
Eef1a1,-21.558132,-2.632408,4.4417854625740485e-103,3.6655029858612886e-100,0.08092939723874733,Significant
Tpt1,-21.609854,-3.1265702,1.4510522825622492e-103,1.2150642356084858e-100,0.05645975979346728,Significant
Cst3,-21.977049,-4.0091343,4.775137416480225e-107,4.119713630784856e-104,0.029408463351666855,Significant
mt-Cytb,-23.429008,-1.9675565,2.164129153376604e-121,2.0886047139392743e-118,0.2201144909641935,Significant
H2-K1,-23.442904,-1.8734344,1.5616735951661718e-121,1.5331595893509825e-118,0.21225726793130542,Significant
Cox4i1,-23.857796,-3.9088748,8.405297420927393e-126,8.546536436518333e-123,0.03445953530138063,Significant
Ftl1,-24.112776,-4.3217864,1.8361078244965338e-128,1.9361076969380952e-125,0.02547985183522281,Significant
Mgst1,-24.315054,-1.899155,1.3587608933111151e-130,1.5170432161966315e-127,0.22864519025704344,Significant
Adipoq,-25.192343,-1.8607868,4.859525903311489e-140,6.015353575227381e-137,0.26119654282186555,Significant
Lpl,-26.237226,-1.3492986,9.999090106607837e-152,1.3556147375246592e-148,0.6670782354921989,Significant
Thrsp,-27.81586,-3.2835946,2.78908427241103e-170,4.67097786927519e-167,0.08339881019194073,Significant
Retn,-29.573986,-2.2323437,3.2289666338660113e-192,6.566449610677305e-189,0.2308901111235829,Significant
Fth1,-29.590435,-4.7436266,1.9838921696293974e-192,4.183881630772871e-189,0.027500280615108317,Significant
Tmsb4x,-30.094542,-3.5160613,5.711418639519843e-199,1.250822649049613e-195,0.074082388595802,Significant
Ddx5,-31.806448,-1.6956019,5.271957391957144e-222,1.3051761993714423e-218,0.49489280502862276,Significant
Cmss1,-32.16534,-1.6694041,5.390420864042307e-227,1.395163429179241e-223,0.6348636210573577,Significant
Fasn,-33.440426,-4.9363484,3.5461216923740952e-245,1.1217761960304075e-241,0.030306431698282635,Significant
mt-Rnr2,-34.152412,-2.2792916,1.2312867978101777e-255,4.381918847131834e-252,0.49287237624873725,Significant
Dbi,-35.472626,-2.8379476,1.2994139176801757e-275,5.284994849044777e-272,0.18655292400942866,Significant
G0s2,-39.24145,-3.6609986,0.0,0.0,0.1254910764395555,Significant
Apoe,-40.545403,-4.817174,0.0,0.0,0.05443933101358177,Significant
Fabp4,-58.896782,-2.808732,0.0,0.0,0.6977214053204625,Significant
Scd1,-62.56935,-4.723032,0.0,0.0,0.22067572118082837,Significant
Cfd,-69.43421,-5.2327733,0.0,0.0,0.27219665506790885,Significant
