,mt,ribo,n_cells_by_counts,mean_counts,pct_dropout_by_counts,total_counts,highly_variable,means,dispersions,dispersions_norm
Pld5,False,False,78,0.0043177893,99.71934369602764,120.0,True,0.021269046509743404,2.5741103184258356,1.9786291
Gm38081,False,False,1,3.598158e-05,99.99640184225676,1.0,True,0.0005231436103787591,2.6394574185716033,2.120237
Sntg1,False,False,1776,0.22733161,93.60967184801382,6318.0,True,0.7147282681146847,3.5955167181255026,4.727277
Niban1,False,False,2781,0.16364421,89.99352331606218,4548.0,True,0.5952429125785504,2.649508464809133,2.4664087
Gm29069,False,False,4,0.00014392631,99.98560736902706,4.0,True,0.0010800762915734615,2.3335917382709406,1.4574226
1700025G04Rik,False,False,1880,0.09736615,93.23546344271733,2706.0,True,0.3970509656195854,2.3808959593800485,1.5886198
Catspere1,False,False,14,0.00057570526,99.9496257915947,16.0,True,0.003920379091000287,2.768654602015668,2.4002087
Kif26b,False,False,389,0.02371186,98.6003166378814,659.0,True,0.10031241858550126,2.589206202401592,2.011342
Col3a1,False,False,10993,1.0598733,60.44545192861255,29456.0,True,1.663082168446677,3.2208706120102626,2.5557258
Col5a2,False,False,6028,0.38842112,78.31030512377663,10795.0,True,0.994925874428719,2.6894128852560204,1.9087014
Gm37393,False,False,4,0.00021588946,99.98560736902706,6.0,True,0.00098293872873262,2.4858089540883848,1.787279
Tmeff2,False,False,2636,0.2290947,90.51525618883132,6367.0,True,0.7340940856584229,3.070438511477193,3.2197647
Nyap2,False,False,39,0.001619171,99.85967184801382,45.0,True,0.007841178510600918,2.333170157511515,1.456509
Prex2,False,False,2327,0.1333837,91.62708693149108,3707.0,True,0.534684857184674,2.9140669027893447,3.3309495
Col4a4,False,False,2579,0.14417818,90.72035118019573,4007.0,True,0.5326348060479981,2.390668871339056,1.6205564
Cacna1e,False,False,1266,0.08063471,95.44473229706391,2241.0,True,0.31220370236267836,2.7582920563104887,2.8218985
Stat4,False,False,288,0.015004318,98.96373056994818,417.0,True,0.09133658350307453,2.7831411913993156,2.4316013
Sulf1,False,False,3949,0.28295913,85.79087507196316,7864.0,True,0.8167479146336566,2.8553464607313175,2.60223
Itpkb,False,False,2675,0.15299366,90.37492803684513,4252.0,True,0.5864484743860292,2.6477081472890722,2.4605255
Pid1,False,False,15948,2.2691061,42.61658031088083,63063.0,True,2.3657729699710504,3.6228930917239897,2.1703362
Dner,False,False,86,0.0038860103,99.69055843408175,108.0,True,0.019497375803513274,2.422315371421125,1.6496878
Gm10553,False,False,2,7.196316e-05,99.99280368451353,2.0,True,0.0007787504471503825,2.4182659033371854,1.6409125
Rpl5-ps1,False,False,2,0.00010794473,99.99280368451353,3.0,True,0.0008053879666979953,2.456677141775971,1.7241501
Kcnb2,False,False,60,0.0033822684,99.78411053540587,94.0,True,0.017968852802380454,2.4310976122887062,1.6687189
Gm17967,False,False,1,3.598158e-05,99.99640184225676,1.0,True,0.00043334264349405765,2.4510851925944155,1.7120323
Gpr55,False,False,30,0.0011154289,99.89205526770294,31.0,True,0.006899438757385582,2.3708621355894675,1.538188
Dpp10,False,False,190,0.008131837,99.31635002878527,226.0,True,0.043123381627338,2.3672133768304517,1.5302811
Gm37478,False,False,1,3.598158e-05,99.99640184225676,1.0,True,0.0004155112478776376,2.4090572075974586,1.6209571
Gm37551,False,False,3,0.00010794473,99.98920552677029,3.0,True,0.0009157829055340948,2.4388776064995557,1.6855783
Gpr39,False,False,1583,0.11168682,94.30411629245826,3104.0,True,0.4194748536503749,2.7218968767226084,2.702964
Gm28783,False,False,1,3.598158e-05,99.99640184225676,1.0,True,0.0005608370840085171,2.7090506922902455,2.2710464
Hecw2,False,False,996,0.051741507,96.41623488773747,1438.0,True,0.25087921062476126,2.504809025002526,1.8284525
Crispld1,False,False,81,0.0038140472,99.70854922279793,106.0,True,0.024934506840774563,3.019136700233784,2.9430063
Crisp4,False,False,141,0.01140616,99.4926597582038,317.0,True,0.03954544180287843,2.3954089598376465,1.5913812
Defb41,False,False,88,0.006908463,99.68336211859527,192.0,True,0.023074496163258268,2.3659214491408176,1.5274814
Ralgps2,False,False,1542,0.072970636,94.45164075993091,2028.0,True,0.30274368340190316,2.4144109758356853,1.6325588
Tmem163,False,False,217,0.013133275,99.2191997697179,365.0,True,0.08475645270569047,3.0874229112163785,3.0909834
Pkhd1,False,False,3947,0.5745898,85.79807138744962,15969.0,True,1.3652914423791547,3.5342373421748206,3.1030495
Kcnq5,False,False,1334,0.14227116,95.20005757052388,3954.0,True,0.6180483353151579,3.806938759355636,5.334275
Gm29374,False,False,1,3.598158e-05,99.99640184225676,1.0,True,0.00046002010106836787,2.510839941984203,1.8415215
BC055402,False,False,1,3.598158e-05,99.99640184225676,1.0,True,0.00041690225298580296,2.412400032009048,1.6282011
Thsd7b,False,False,145,0.006872481,99.47826712723085,191.0,True,0.03753368223970728,2.452026635289941,1.7140723
Gm15675,False,False,1096,0.048647095,96.05641911341394,1352.0,True,0.18983549632225424,2.35738860228191,1.5089906
Cd55,False,False,1801,0.08444876,93.51971790443294,2347.0,True,0.2917299579046973,2.350638663418858,1.4943635
C4bp,False,False,169,0.012665515,99.3919113413932,352.0,True,0.04752893010218665,2.495899980449146,1.8091464
Mark1,False,False,1790,0.09851756,93.55929763960852,2738.0,True,0.37643264287865125,2.5023758358735138,1.9855994
Pappa2,False,False,42,0.0021588947,99.84887737478411,60.0,True,0.010367142187691124,2.3536751392245,1.5009435
Snora36b,False,False,1,3.598158e-05,99.99640184225676,1.0,True,0.0003879022009572531,2.3402869812639007,1.4719313
Gm10925,False,False,20,0.00071963156,99.9280368451353,20.0,True,0.003572424953342834,2.370437576303318,1.5372679
Tgfb2,False,False,725,0.038176455,97.39133563615428,1061.0,True,0.17247965406160085,2.5354661429480307,1.8948867
Gm29491,False,False,4,0.00014392631,99.98560736902706,4.0,True,0.0009886425978784545,2.3888189568585654,1.5771006
Esrrg,False,False,5426,0.60636157,80.47639608520437,16852.0,True,1.3222016676533868,3.2381834416917936,2.4428668
Semp2l1,False,False,4,0.00014392631,99.98560736902706,4.0,True,0.0008454456253572617,2.6024110942526595,2.0399573
Ctse,False,False,122,0.00478555,99.56102475532528,133.0,True,0.03017014669370473,2.385167724616895,1.5691884
Cenpf,False,False,92,0.0066925734,99.66896948762233,186.0,True,0.025918190845596434,2.9156309808810574,2.7187083
Gm37239,False,False,1,3.598158e-05,99.99640184225676,1.0,True,0.0003932092771239073,2.353878376509659,1.501384
Prox1,False,False,124,0.008167818,99.5538284398388,227.0,True,0.04943130061768163,2.985783288144354,2.870729
Gm37095,False,False,4,0.00014392631,99.98560736902706,4.0,True,0.0008725095513451688,2.5327581390014307,1.8890184
Gm973,False,False,297,0.022668393,98.93134715025906,630.0,True,0.07742608497844501,2.4801906435208485,1.7751042
Lpgat1,False,False,15535,1.7704016,44.102619458837076,49203.0,True,1.9858397699323602,2.7785843495506333,1.5327022
Fmo2,False,False,1870,0.11136298,93.27144502014968,3095.0,True,0.4322239482322265,2.772727870122756,2.869073
Fmo3,False,False,177,0.016083766,99.36312607944733,447.0,True,0.08169656713782103,3.4236408964981675,3.8195715
Gm22265,False,False,4,0.00014392631,99.98560736902706,4.0,True,0.0010033705095935104,2.560746114973809,1.9496688
Asb18,False,False,102,0.006116868,99.63298791018998,170.0,True,0.02579632504028964,2.330941800093114,1.4516802
Gm11577,False,False,1,3.598158e-05,99.99640184225676,1.0,True,0.0004452194267571032,2.4781297108304945,1.770638
Rpl18-ps1,False,False,5,0.00017990789,99.98200921128382,5.0,True,0.0016311506778099577,2.4723936882351127,1.758208
Plekha6,False,False,1784,0.09571099,93.58088658606793,2660.0,True,0.3888785327321388,2.4106220238464227,1.6857605
Nrp2,False,False,1726,0.086643636,93.7895797351756,2408.0,True,0.36227463160012413,2.4141399301522664,1.6972566
Xcl1,False,False,43,0.0019430051,99.84527921704087,54.0,True,0.01025797137808904,2.4484442486383737,1.7063093
Rcsd1,False,False,1795,0.0894502,93.54130685089234,2486.0,True,0.38871450741868246,2.353871783325493,1.5003085
Cd247,False,False,392,0.019322107,98.5895221646517,537.0,True,0.10579113028610926,2.5965807988251455,2.027323
Gm23402,False,False,3,0.00010794473,99.98920552677029,3.0,True,0.0010078992998865648,2.3854244336431063,1.5697447
Zap70,False,False,60,0.0022668394,99.78411053540587,63.0,True,0.013844935838387631,2.4474490621255374,1.7041527
Syt2,False,False,1894,0.11150691,93.18508923431203,3099.0,True,0.3595279486116694,2.343170851523777,1.4653393
Gm4846,False,False,336,0.05087795,98.79101899827289,1414.0,True,0.17151532674399503,3.2640120280693656,3.4736538
Gm8805,False,False,1,3.598158e-05,99.99640184225676,1.0,True,0.0003851034034358895,2.333044230174206,1.4562361
Mgat4a,False,False,1143,0.048898965,95.88730569948186,1359.0,True,0.22625295678665072,2.396609199570282,1.5939822
Gm37839,False,False,2,7.196316e-05,99.99280368451353,2.0,True,0.0005717519953683139,2.4761016020997686,1.7662431
Rgs5,False,False,204,0.013493092,99.26597582037996,375.0,True,0.06260403329852021,2.7795571867212656,2.4238348
Rgs4,False,False,23,0.00097150257,99.91724237190557,27.0,True,0.0053035676879487625,2.448786162242366,1.7070502
Ddr2,False,False,4119,0.2623057,85.17918825561313,7290.0,True,0.784297314214793,2.698035585988948,2.1505868
Lyg1,False,False,1,3.598158e-05,99.99640184225676,1.0,True,0.0005020543658634416,2.5982992688020627,2.0310469
Gm25832,False,False,2,7.196316e-05,99.99280368451353,2.0,True,0.0006304621585777133,2.3636243454086654,1.5225036
St8sia4,False,False,1648,0.099273175,94.07023603914796,2759.0,True,0.4047947964864183,2.5547744498257523,2.1568308
Gm25235,False,False,2,7.196316e-05,99.99280368451353,2.0,True,0.000664614589420635,2.673198306677041,2.193354
Aff3,False,False,3419,0.30569947,87.69789867587795,8496.0,True,0.9099150840215285,3.198146149607136,3.5864162
Slco4c1,False,False,141,0.0107225105,99.4926597582038,298.0,True,0.03890660819355168,2.438595502763831,1.6849669
Erbb4,False,False,2298,0.20693006,91.73143350604491,5751.0,True,0.49142740964454107,2.969706028059552,3.5127704
Spag16,False,False,395,0.045048933,98.578727691422,1252.0,True,0.13434101913833274,3.0768951842994836,3.0681696
Tbc1d8,False,False,1672,0.09240069,93.9838802533103,2568.0,True,0.32448566188889805,2.5312179551875595,2.0798514
Cdh20,False,False,145,0.0053612553,99.47826712723085,149.0,True,0.03296156102190973,2.3389835349797305,1.4691067
Rnf152,False,False,549,0.025510939,98.02461139896373,709.0,True,0.09863994088334349,2.373271613890404,1.5434093
Tnfrsf11a,False,False,1129,0.058973804,95.93767990788716,1639.0,True,0.23639881123368317,2.3313411527692924,1.4525455
Xkr4,False,False,2131,0.12938975,92.33232584916523,3596.0,True,0.43655305830461044,2.476937251212745,1.9024695
Gm37381,False,False,155,0.014284686,99.4422855497985,397.0,True,0.043625376375583294,2.644398596793512,2.1309445
Rp1,False,False,385,0.048611112,98.61470926885436,1351.0,True,0.15083729743869587,2.9293665620669707,2.7484734
Sox17,False,False,66,0.0027705815,99.76252158894646,77.0,True,0.016922579892817743,2.352650543798523,1.4987233
Mir3473f,False,False,2,7.196316e-05,99.99280368451353,2.0,True,0.0007439676843333069,2.7044190023568024,2.2610095
Ptprc,False,False,3210,0.27385578,88.44991364421416,7611.0,True,0.8839208894533244,3.0938241279168928,3.2869053
A130071D04Rik,False,False,804,0.036845136,97.10708117443869,1024.0,True,0.19293932530160746,2.4707328162885687,1.7546089
1700113B19Rik,False,False,4,0.00014392631,99.98560736902706,4.0,True,0.0011255681495903015,2.3996517957246644,1.6005756
Atp6v1g3,False,False,5,0.00035981578,99.98200921128382,10.0,True,0.0016058945621926987,3.0100428974118634,2.9233
Gm8790,False,False,1,3.598158e-05,99.99640184225676,1.0,True,0.00043334264349405765,2.4510851925944155,1.7120323
Fn1,False,False,3389,0.34409183,87.80584340817501,9563.0,True,0.9044952917761973,3.4900812344027607,4.424569
4930556G22Rik,False,False,21,0.0007915947,99.92443868739205,22.0,True,0.003976738906068726,2.4857772317224365,1.7872103
Gm29040,False,False,183,0.017666955,99.34153713298791,491.0,True,0.05961245383489037,2.6030570071098844,2.0413568
Tma7-ps,False,False,4,0.00014392631,99.98560736902706,4.0,True,0.0008217551642516685,2.539745737778295,1.9041606
Igfbp5,False,False,3153,0.19404864,88.65500863557858,5393.0,True,0.5947746832517027,2.876789206170673,3.209131
Aspm,False,False,107,0.0053972364,99.6149971214738,150.0,True,0.0220081530120616,2.456915456364983,1.7246665
Cfhr1,False,False,2,0.00010794473,99.99280368451353,3.0,True,0.0007688602536490753,2.458676212354929,1.7284821
Cfh,False,False,4517,0.3463227,83.74712147380541,9625.0,True,0.8769784340277672,2.786487090638274,2.4045331
Kcnt2,False,False,1564,0.09603483,94.37248128957974,2669.0,True,0.38572816667811594,2.5850026540105446,2.2556126
St18,False,False,142,0.010470639,99.48906160046056,291.0,True,0.04805316216736286,2.7792130070818764,2.423089
Rgs13,False,False,9,0.00035981578,99.96761658031087,10.0,True,0.002272215348096958,2.5286573874554232,1.8801321
Rgs1,False,False,21,0.0012953368,99.92443868739205,36.0,True,0.004780931480861707,2.3655960741302313,1.5267764
Crp,False,False,138,0.0061888313,99.50345423143351,172.0,True,0.032784140823282515,2.3436181337526256,1.4791499
Or10j3b,False,False,1,3.598158e-05,99.99640184225676,1.0,True,0.0005711247424963367,2.7272329869878558,2.3104477
Gm9687,False,False,4,0.00014392631,99.98560736902706,4.0,True,0.0013707333056090726,2.3760867338714458,1.5495098
Ifi207,False,False,2074,0.10877231,92.53742084052965,3023.0,True,0.44295236672783056,2.396848199720008,1.6407495
Prg4,False,False,189,0.01025475,99.31994818652849,285.0,True,0.03705488778214711,2.4651678904402683,1.7425497
Hmcn1,False,False,818,0.062464017,97.05670696603339,1736.0,True,0.2796987797581747,3.0485795355257497,3.0068092
Cd84,False,False,1189,0.070379965,95.72179044329303,1956.0,True,0.28415181391824834,2.438808985413643,1.6854296
Slamf6,False,False,111,0.0048934943,99.60060449050087,136.0,True,0.032665268288537,2.4503200140438133,1.7103741
Susd4,False,False,1627,0.09142919,94.1457973517559,2541.0,True,0.3666239386502559,2.353622123630408,1.4994926
Cfap65,False,False,272,0.022200633,99.02130109383995,617.0,True,0.07465937478100386,2.5076582921027644,1.8346268
Gm18303,False,False,1,3.598158e-05,99.99640184225676,1.0,True,0.00048763855346963523,2.5691581199520503,1.9678977
Serpinb2,False,False,13,0.00086355786,99.95322394933794,24.0,True,0.003063200526901527,2.4539294371686746,1.7181958
Gm2000,False,False,9,0.0003238342,99.96761658031087,9.0,True,0.0023391525792483795,2.3466898439342847,1.4858063
Gm26457,False,False,4,0.00014392631,99.98560736902706,4.0,True,0.0010874513156995066,2.6098056621139403,2.0559814
Platr12,False,False,5,0.00017990789,99.98200921128382,5.0,True,0.0012477493111153518,2.4451759961443322,1.699227
Gm57110,False,False,8,0.00028785263,99.97121473805412,8.0,True,0.0029886354211426528,2.395624116716727,1.5918475
Gm36920,False,False,5,0.00017990789,99.98200921128382,5.0,True,0.0009054454201571913,2.6696600417626835,2.1856863
Gm28175,False,False,20,0.0007915947,99.9280368451353,22.0,True,0.0046964636122676165,2.3741153442658125,1.5452378
Gm29398,False,False,3,0.00010794473,99.98920552677029,3.0,True,0.0007880438668399534,2.5000902255852417,1.8182267
1700016L21Rik,False,False,8,0.00028785263,99.97121473805412,8.0,True,0.001354903781056034,2.3507235611337554,1.4945475
Selp,False,False,50,0.0024467472,99.82009211283824,68.0,True,0.011957139832738493,2.408160824915323,1.6190146
Gm57140,False,False,7,0.00025187104,99.97481289579736,7.0,True,0.0016061531244964855,2.467075327021212,1.7466831
Gm4956-1,False,False,66,0.0038140472,99.76252158894646,106.0,True,0.02208595180558685,2.7361359759789394,2.3297405
Serpinb10,False,False,51,0.0022308577,99.81649395509498,62.0,True,0.012306101236940656,2.372230395021969,1.5411531
Cd244a,False,False,290,0.014392631,98.95653425446172,400.0,True,0.07656309455702398,2.411213796363217,1.6256305
Gm37787,False,False,5,0.00021588946,99.98200921128382,6.0,True,0.001095975581400838,2.3507018970835474,1.4945005
Gm47996,False,False,2,7.196316e-05,99.99280368451353,2.0,True,0.0006794304792466693,2.398293228119611,1.5976315
Gm57169,False,False,3,0.00010794473,99.98920552677029,3.0,True,0.001029791877557122,2.391643095909901,1.5832206
4930568A12Rik,False,False,7,0.00025187104,99.97481289579736,7.0,True,0.0014997175451920166,2.3417261855992613,1.4750501
Il1rl1,False,False,642,0.03353483,97.68998272884282,932.0,True,0.16412651391100205,2.620949597320345,2.0801303
Il18r1,False,False,574,0.028137594,97.93465745538285,782.0,True,0.16024254758525072,2.7680342881364726,2.3988645
Il18rap,False,False,233,0.011586068,99.16162924582613,322.0,True,0.07281641301237121,2.79098250303414,2.4485936
Gm37503,False,False,6,0.00021588946,99.97841105354058,6.0,True,0.0015220877357408826,2.6988884481487547,2.2490246
Gm29539,False,False,2,7.196316e-05,99.99280368451353,2.0,True,0.0008345141734289278,2.563858834782451,1.956414
9930111H07Rik,False,False,1,3.598158e-05,99.99640184225676,1.0,True,0.0003879022009572531,2.3402869812639007,1.4719313
Inpp5d,False,False,2275,0.14360248,91.81419113413932,3991.0,True,0.5602654011025209,2.5919041723484466,2.2781658
Ugt1a10,False,False,3,0.00010794473,99.98920552677029,3.0,True,0.0010027046391106994,2.466004367615094,1.7443622
Nav1,False,False,6433,0.5225964,76.85305123776627,14524.0,True,1.2662042724697087,2.8432489169663833,1.562186
Kcnk2,False,False,1178,0.073330455,95.76137017846862,2038.0,True,0.2227490980311254,2.6122517630498137,2.0612822
Enah,False,False,2856,0.19509211,89.72366148531951,5422.0,True,0.6749314658655831,2.6048625753267367,1.8830849
Gm14154,False,False,8,0.00028785263,99.97121473805412,8.0,True,0.002121441250231125,2.3664926162977205,1.5287192
Zfp831,False,False,163,0.0076280944,99.41350028785261,212.0,True,0.05142306213134285,2.6916507592991734,2.2333405
Or4c31,False,False,3,0.00010794473,99.98920552677029,3.0,True,0.0009510194171162168,2.3533460972799296,1.5002306
Or4p8,False,False,1,3.598158e-05,99.99640184225676,1.0,True,0.0005872838389718493,2.7551417001392626,2.3709261
Or4c107,False,False,1,3.598158e-05,99.99640184225676,1.0,True,0.0003927958660130256,2.3528262175745813,1.4991039
Fap,False,False,1231,0.068472944,95.57066781807715,1903.0,True,0.29865707657643603,2.6291405473245426,2.0978801
Gm14158,False,False,3,0.00010794473,99.98920552677029,3.0,True,0.0006110274565720454,2.368067718207168,1.5321325
Defb21,False,False,4,0.00017990789,99.98560736902706,5.0,True,0.0013326118400761508,2.4427722041668165,1.6940179
Defb25,False,False,51,0.0021588947,99.81649395509498,60.0,True,0.010609677992734453,2.328794599389817,1.4470272
Gm52982,False,False,1,3.598158e-05,99.99640184225676,1.0,True,0.0004538729672876047,2.4973841113986577,1.8123626
Gm13575,False,False,127,0.010758491,99.5430339666091,299.0,True,0.03886815449756753,2.4917026177792745,1.8000507
Or4c10,False,False,29,0.001187392,99.89565342544617,33.0,True,0.008310135056874675,2.379767725222158,1.5574865
Tpx2,False,False,120,0.0062607946,99.56822107081175,174.0,True,0.029569544264495987,2.5060429476558816,1.8311263
Hck,False,False,391,0.018062752,98.59312032239494,502.0,True,0.08938438667355005,2.3357463796602183,1.4620918
Ehd4,False,False,1570,0.08588803,94.35089234312032,2387.0,True,0.32969881946735,2.4082520965776513,1.6780158
Gm14340,False,False,3,0.00010794473,99.98920552677029,3.0,True,0.0006551681364099538,2.409418131989378,1.6217393
Lrp2,False,False,3536,0.30994532,87.2769142199194,8614.0,True,0.9456438819456885,3.032748887638448,2.8741896
Gm13264,False,False,3,0.00014392631,99.98920552677029,4.0,True,0.0015282434890667893,3.1733724518832065,3.277237
Prkcq,False,False,429,0.02328008,98.45639032815198,647.0,True,0.14173886915194175,2.80880575113435,2.4872167
Gm14216,False,False,8,0.00028785263,99.97121473805412,8.0,True,0.002052823235573539,2.358562750699839,1.511535
Myo3b,False,False,374,0.045588657,98.65428900402993,1267.0,True,0.150792536402642,3.0409349506557026,2.9902434
St8sia6,False,False,382,0.028785262,98.62550374208405,800.0,True,0.11168286557702509,2.622703158741678,2.0839303
Dlx2,False,False,1,7.196316e-05,99.99640184225676,2.0,True,0.0007829686885560698,3.0428239928843985,2.9943368
Cacnb2,False,False,1073,0.08095855,96.13917674150835,2250.0,True,0.30185947859618867,2.7243517266417245,2.304204
Gm13268,False,False,10,0.00039579734,99.96401842256765,11.0,True,0.00202256470460972,2.733027677856298,2.3230047
Gm13366,False,False,1,3.598158e-05,99.99640184225676,1.0,True,0.0005320838334561331,2.6564068615821457,2.1569667
Plxdc2,False,False,10378,0.99089664,62.658318940702365,27539.0,True,1.6567724474123995,3.1200834737440415,2.306471
Rapgef4,False,False,1729,0.09326425,93.77878526194588,2592.0,True,0.39955093273423953,2.5093240168744186,2.008305
Nebl,False,False,626,0.032599308,97.7475532527346,906.0,True,0.1604881835209022,2.666388446964409,2.1785967
8430437L04Rik,False,False,3,0.00010794473,99.98920552677029,3.0,True,0.0006194389501775187,2.3463656246837985,1.4851037
Frmd5,False,False,290,0.018134715,98.95653425446172,504.0,True,0.08673956865594215,3.2447082195562467,3.4318223
Wipf1,False,False,4053,0.28288716,85.41666666666666,7862.0,True,0.8967159447319051,2.697133514981123,2.147997
Duoxa2,False,False,2,7.196316e-05,99.99280368451353,2.0,True,0.0006693498712276081,2.885981354761225,2.654457
Etl4,False,False,4755,0.47974238,82.89075993091537,13333.0,True,1.2390970448556848,3.326378157584955,2.6395357
Gm14086,False,False,3,0.00010794473,99.98920552677029,3.0,True,0.0011594052884061525,2.4132418549895265,1.6300253
Apbb1ip,False,False,3016,0.16943724,89.14795624640183,4709.0,True,0.5832222542584518,2.4408465100585013,1.7845299
Nnat,False,False,7857,1.0343984,71.72927461139896,28748.0,True,1.4996025185945026,3.237627819414051,2.4416277
Pde11a,False,False,1242,0.10423863,95.53108808290155,2897.0,True,0.4037527962411693,3.191157941395298,4.236445
Slc12a1,False,False,3,0.00010794473,99.98920552677029,3.0,True,0.001276664245002829,2.599965416235768,2.0346575
Fbn1,False,False,3971,0.47045913,85.71171560161197,13075.0,True,1.2005578189195132,3.9303826863327926,5.3984075
Mafb,False,False,1319,0.07153138,95.25402993667242,1988.0,True,0.2831258504851568,2.4158803582713455,1.635743
Gm13791,False,False,3,0.00010794473,99.98920552677029,3.0,True,0.000807977526496758,2.416479501125334,1.6370413
Ptprt,False,False,1755,0.14162348,93.68523316062176,3936.0,True,0.5369894008072121,2.994010580969607,3.5921943
Hmcn2,False,False,284,0.01712723,98.97812320092113,476.0,True,0.09255895860815637,2.755987913405657,2.3727598
Gm37004,False,False,105,0.00478555,99.62219343696027,133.0,True,0.025092491712007385,2.45186845270196,1.7137296
Itga4,False,False,1733,0.10963587,93.76439263097294,3047.0,True,0.4457052101267019,2.7579091666788584,2.8206472
Slpi,False,False,1489,0.08635578,94.6423431203224,2400.0,True,0.3128720939527378,3.2319075812424387,4.3696094
Wfdc8,False,False,112,0.0062607946,99.59700633275763,174.0,True,0.021145454935155815,2.32845022201615,1.4462808
Frzb,False,False,9,0.00043177893,99.96761658031087,12.0,True,0.001647170141882396,2.389788471063386,1.5792016
Pltp,False,False,1759,0.097582035,93.67084052964883,2712.0,True,0.3519222908353368,2.372973243642142,1.5627295
1700025C18Rik,False,False,2,7.196316e-05,99.99280368451353,2.0,True,0.0009738669476384362,2.572549270960017,1.9752463
Cd44,False,False,1905,0.12820236,93.14550949913645,3563.0,True,0.48880203836666614,2.8020020497455866,2.964737
Il1b,False,False,22,0.0011154289,99.92084052964883,31.0,True,0.005835729455294449,2.9887465680317944,2.8771505
Gm53031,False,False,34,0.0012953368,99.87766263673,36.0,True,0.00910060927529367,2.3419424384032204,1.4755187
Gm13387,False,False,40,0.0015831894,99.85607369027059,44.0,True,0.009770502312196358,2.4194256381727524,1.6434257
Eya2,False,False,2441,0.13331175,91.21689694876224,3705.0,True,0.5274777056126319,2.4551553583245203,1.8312893
Prex1,False,False,1405,0.0689407,94.94458837075416,1916.0,True,0.32486765547306745,2.4875550885602404,1.9371672
Niban2,False,False,3056,0.15558434,89.00402993667242,4324.0,True,0.575544094474019,2.5046575628627004,1.9930557
Gm11472,False,False,1,3.598158e-05,99.99640184225676,1.0,True,0.0004308440027804706,2.4453013477041026,1.6994987
Garnl3,False,False,3586,0.18138313,87.09700633275763,5041.0,True,0.5440130782574555,2.3800154448277313,1.5857424
Nfatc2,False,False,1582,0.084016986,94.3077144502015,2335.0,True,0.3688396039721659,2.6469304673283194,2.4579842
Ano3,False,False,179,0.009499136,99.35592976396084,264.0,True,0.04661994851832682,2.488605591027097,1.7933394
Rassf2,False,False,2574,0.121797636,90.73834196891191,3385.0,True,0.47392956165453026,2.426121362851449,1.7364101
Or4f7d-ps1,False,False,1,3.598158e-05,99.99640184225676,1.0,True,0.00042448060573332627,2.430418352382416,1.6672469
Gm14095,False,False,1,3.598158e-05,99.99640184225676,1.0,True,0.0006043840572368565,2.783851817954995,2.4331412
Or5m5,False,False,3,0.00010794473,99.98920552677029,3.0,True,0.0010031558944221708,2.565215446275322,1.9593538
Or5al7,False,False,2,7.196316e-05,99.99280368451353,2.0,True,0.0009069826881015617,2.5021453288351707,1.8226801
Or5w19,False,False,2,7.196316e-05,99.99280368451353,2.0,True,0.0004917002980712135,2.415434094667313,1.6347759
Gm14056,False,False,1,3.598158e-05,99.99640184225676,1.0,True,0.00046172559553578466,2.514541438870648,1.8495426
Ism1,False,False,603,0.030296488,97.83031088082902,842.0,True,0.11590152524271287,2.61335314350995,2.0636687
3110099E03Rik,False,False,6,0.00021588946,99.97841105354058,6.0,True,0.0014168773961940738,2.508948679280586,1.8374231
Lhx6,False,False,21,0.00093552103,99.92443868739205,26.0,True,0.006612562114330026,2.441617097912922,1.6915148
Egfl7,False,False,674,0.02849741,97.5748416810593,792.0,True,0.12802502172461824,2.4155920302012315,1.6351181
Or1j20,False,False,1,3.598158e-05,99.99640184225676,1.0,True,0.00044681671103249634,2.481711666790533,1.7784002
Cfap61,False,False,344,0.042782094,98.762233736327,1189.0,True,0.1356086615893956,2.958694918833698,2.8120282
Dll4,False,False,91,0.003490213,99.67256764536558,97.0,True,0.02302135337450628,2.3679865837883756,1.5319567
Arhgap15,False,False,4398,0.54177463,84.17530224525042,15057.0,True,1.3291818595959919,3.4668061594221444,2.952682
Tnfaip6,False,False,199,0.009535118,99.28396660909614,265.0,True,0.04786474309713114,2.6137868607412384,2.0646086
Cacnb4,False,False,3040,0.21319085,89.0616004605642,5925.0,True,0.7164898727732121,2.7358369565964646,2.2591155
Galnt13,False,False,114,0.006476684,99.58981001727115,180.0,True,0.024516024069277696,2.630197922369229,2.1001716
Pkp4,False,False,3621,0.20639032,86.97107081174438,5736.0,True,0.7290326346380605,2.8823023867686186,2.6796212
Dpp4,False,False,3641,0.24593408,86.89910765687968,6835.0,True,0.7702666411470861,2.5720944452115893,1.7890067
Gatm,False,False,322,0.01482441,98.84139320667819,412.0,True,0.07866618889605197,2.644871749251008,2.13197
Gm13777,False,False,2,7.196316e-05,99.99280368451353,2.0,True,0.0009981788865348765,2.607311991454769,2.0505774
Ppp1r16b,False,False,436,0.01935809,98.43120322394934,538.0,True,0.113236601775798,2.449266968017118,1.7080921
Ptprj,False,False,7207,0.638673,74.06807714450201,17750.0,True,1.4024847979664463,3.0833800456428078,2.0976644
Kynu,False,False,100,0.0046416237,99.64018422567645,129.0,True,0.029053721385021047,2.5514816693714235,1.9295926
Gm57418,False,False,9,0.0003238342,99.96761658031087,9.0,True,0.002354587580750546,2.355361850023738,1.5045987
Vis1,False,False,676,0.035801668,97.56764536557283,995.0,True,0.15882326446990472,2.352662695909321,1.4987496
Gm13986,False,False,458,0.023531951,98.35204375359817,654.0,True,0.08882023457194853,2.6301459644777365,2.100059
Dcdc5,False,False,630,0.07743236,97.73316062176166,2152.0,True,0.24487918799012962,3.1762024218881906,3.2833695
Gm46781,False,False,29,0.0011154289,99.89565342544617,31.0,True,0.007292055497356891,2.4008745260685593,1.6032252
2600014E21Rik,False,False,192,0.011514105,99.3091537132988,320.0,True,0.05505525761479384,2.686463303322964,2.2220993
Gm13391,False,False,15,0.00057570526,99.94602763385146,16.0,True,0.003991354287553875,2.426585172190001,1.6589404
Morrbid,False,False,729,0.042997986,97.37694300518135,1195.0,True,0.20378633648496167,2.6353381808123615,2.1113105
4930447M23Rik,False,False,2,7.196316e-05,99.99280368451353,2.0,True,0.0003973914977242114,2.3644604041974064,1.5243154
Gm11454,False,False,7,0.00025187104,99.97481289579736,7.0,True,0.0019874395237577773,2.358259975787037,1.5108789
ENSMUSG00000121336,False,False,3,0.00010794473,99.98920552677029,3.0,True,0.0010587768803634059,2.655236446157106,2.1544304
Gm13412,False,False,2,7.196316e-05,99.99280368451353,2.0,True,0.000567350035089629,2.4335482792583782,1.6740296
Pip5kl1,False,False,5,0.00017990789,99.98200921128382,5.0,True,0.0009287063896712178,2.6495373204684576,2.1420803
Eng,False,False,595,0.026158607,97.8590961427749,727.0,True,0.1406932097581139,2.490618897043663,1.7977022
Sh2d3c,False,False,332,0.013205239,98.80541162924584,367.0,True,0.08367445512880774,2.3413985381934697,1.4743401
Gata3,False,False,165,0.008311745,99.40630397236615,231.0,True,0.05337889716577794,2.6927658512460355,2.2357569
Syndig1,False,False,20,0.00089953945,99.9280368451353,25.0,True,0.0048632987191849966,2.4372357220860676,1.6820203
Or4c1,False,False,1,3.598158e-05,99.99640184225676,1.0,True,0.0005625258472605396,2.7120581400264205,2.2775636
Spdye4c,False,False,2,0.00010794473,99.99280368451353,3.0,True,0.0006395847176168816,2.7081370300408256,2.2690666
Gm14249,False,False,12,0.00046776052,99.95682210708118,13.0,True,0.002991712801877106,2.33612930093677,1.4629215
Hspa12b,False,False,1309,0.053756475,95.29001151410478,1494.0,True,0.23376664650672288,2.3878395036625566,1.5749781
Wt1,False,False,2580,0.18253455,90.71675302245251,5073.0,True,0.6353870485587315,2.739313734367166,2.2690973
Ccdc148,False,False,861,0.05037421,96.90198618307426,1400.0,True,0.19747682681372233,2.338368795864933,1.4677745
Mrc1,False,False,3151,0.410154,88.66220495106505,11399.0,True,1.0921446539112534,3.505454827826578,4.2034764
Gm10857,False,False,2,0.00017990789,99.99280368451353,5.0,True,0.0005319689655170737,2.3743074919738714,1.5456542
Pip4k2a,False,False,5225,0.40241796,81.1996257915947,11184.0,True,1.0526422478303574,2.9376009776266705,2.6066263
Pax8,False,False,2100,0.14907168,92.44386873920553,4143.0,True,0.5386170131074542,2.6081254530276765,2.3311746
Lcn8,False,False,439,0.059909325,98.42040875071963,1665.0,True,0.2207445111287043,3.445018174007633,3.8658962
Lcn9,False,False,152,0.011909902,99.4530800230282,331.0,True,0.04359639648320049,2.4417441463144156,1.6917901
Ccdc187,False,False,307,0.026302533,98.8953655728267,731.0,True,0.09559498668112765,2.655611713090946,2.1552436
Traf1,False,False,160,0.0062967762,99.42429476108232,175.0,True,0.03505699168810922,2.378420544254611,1.5545671
Gm13449,False,False,2,7.196316e-05,99.99280368451353,2.0,True,0.0007731607638874017,2.3374358409250493,1.4657528
Gsn,False,False,20664,2.7192717,25.647668393782386,75574.0,True,2.453512490796538,3.252375858731163,2.1526833
Scn3a,False,False,82,0.0040659183,99.70495106505469,113.0,True,0.022973776947062003,2.555819855160448,1.9389935
Scn1a,False,False,21,0.00089953945,99.92443868739205,25.0,True,0.004555025651970007,2.4976262921067125,1.8128873
Calcrl,False,False,1027,0.049150836,96.30469199769718,1366.0,True,0.2336519651860251,2.4845964125918023,1.7846514
Abtb2,False,False,673,0.032095566,97.57843983880254,892.0,True,0.14614627131941624,2.4261515399537377,1.6580007
Rasgrp1,False,False,330,0.014860392,98.8126079447323,413.0,True,0.08066343839999847,2.462610843390067,1.7370085
Atp8b4,False,False,1213,0.075561315,95.63543465745539,2100.0,True,0.3297724240379817,2.6801961276902406,2.5666916
Pkn3,False,False,72,0.0028785262,99.74093264248705,80.0,True,0.018248656384775862,2.473653159388695,1.7609373
Gm3669,False,False,3,0.00010794473,99.98920552677029,3.0,True,0.001147251423728043,2.4655739966987618,1.7434297
Nexmif,False,False,438,0.02306419,98.42400690846287,641.0,True,0.10769697319783829,2.4498768393258623,1.7094138
Gabra3,False,False,1584,0.12194157,94.30051813471503,3389.0,True,0.47337120334431637,3.0406117921549303,3.7444808
Gm8289,False,False,3,0.00014392631,99.98920552677029,4.0,True,0.0010477914681813396,2.978070295017448,2.8540149
Gm14876,False,False,1,3.598158e-05,99.99640184225676,1.0,True,0.0003940386632827753,2.35598587232593,1.5059509
Gm14878,False,False,2,7.196316e-05,99.99280368451353,2.0,True,0.0006873973082000015,2.4335254240637134,1.67398
Gpr174,False,False,102,0.0043177893,99.63298791018998,120.0,True,0.02663145440135808,2.451298010835772,1.7124934
2010106E10Rik,False,False,146,0.009607081,99.47466896948762,267.0,True,0.03169746306581262,2.7626357549194713,2.3871658
Gria3,False,False,2414,0.14299078,91.31404720782959,3974.0,True,0.5392161210691481,2.4563563956423096,1.8352141
Dach2,False,False,383,0.03288716,98.62190558434082,914.0,True,0.18058187613817442,3.823859335430919,4.686849
Klhl4,False,False,114,0.0062607946,99.58981001727115,174.0,True,0.04219227258995264,2.761612607718383,2.3849487
Pabpc5,False,False,20,0.0007915947,99.9280368451353,22.0,True,0.005081511784697302,2.3579785544687275,1.5102692
Pcdh11x,False,False,795,0.048970927,97.13946459412782,1361.0,True,0.18665560022283814,2.839551583550657,2.5538433
Tex13d,False,False,1,3.598158e-05,99.99640184225676,1.0,True,0.00044205882788149605,2.4710037955492212,1.7551961
Sh2d1a,False,False,43,0.0016551525,99.84527921704087,46.0,True,0.011771573989454179,2.3407201723256197,1.47287
Pcdh19,False,False,982,0.052353196,96.46660909614278,1455.0,True,0.2354049297293783,2.4768702377068617,1.7679087
Tnmd,False,False,3,0.00010794473,99.98920552677029,3.0,True,0.0006951694122297351,2.376491470697551,1.5503868
Gm26960,False,False,1,3.598158e-05,99.99640184225676,1.0,True,0.0005525430790715834,2.694147501201637,2.238751
Ptchd1,False,False,123,0.0061888313,99.55742659758204,172.0,True,0.030474423949048254,2.4290833379061336,1.664354
Gm15155,False,False,94,0.003921992,99.66177317213587,109.0,True,0.01960802109642034,2.344090420877706,1.4801733
Shroom4,False,False,1999,0.110715315,92.8072826712723,3077.0,True,0.4340421319078729,2.4151914567571593,1.7006928
Cnksr2,False,False,492,0.0757772,98.22970639032815,2106.0,True,0.23674704020908946,3.5272352208541045,4.0440617
Clcn5,False,False,3102,0.16198906,88.8385146804836,4502.0,True,0.5234472245813665,2.360295812342528,1.5213013
Gm7222,False,False,1,3.598158e-05,99.99640184225676,1.0,True,0.0004192412599527757,2.4179959814859147,1.6403276
Gm15190,False,False,2,7.196316e-05,99.99280368451353,2.0,True,0.0005750167914264494,2.415517170234044,1.634956
Gm14719,False,False,2,7.196316e-05,99.99280368451353,2.0,True,0.0007410311572121079,2.808382177739653,2.4862988
Gpc3,False,False,1763,0.11586068,93.65644789867588,3220.0,True,0.4438625986337066,2.739731044707444,2.7612438
Gm15196,False,False,1,3.598158e-05,99.99640184225676,1.0,True,0.00046172559553578466,2.514541438870648,1.8495426
Il1rapl2,False,False,205,0.011262233,99.26237766263672,313.0,True,0.053544268463943744,2.696505576922617,2.243861
Adgrg2,False,False,11692,1.1685737,57.93033966609096,32477.0,True,1.8307709811884347,3.180219683527855,2.4551928
Eif2c5,False,False,3,0.00010794473,99.98920552677029,3.0,True,0.0006273816156241927,2.603087828580754,2.0414238
Fgf13,False,False,2794,0.30735463,89.94674726540012,8542.0,True,0.9407683952236819,3.4997759478456354,4.187507
Col4a6,False,False,1670,0.107045196,93.99107656879677,2975.0,True,0.41162095764905976,2.6193747342446914,2.3679357
Nhs,False,False,1696,0.10697323,93.89752446747266,2973.0,True,0.4244012114664219,2.5936055474340285,2.2837255
Reps2,False,False,2145,0.12392055,92.28195164075993,3444.0,True,0.46065713231731603,2.4635935885423494,1.8588643
Col4a5,False,False,2551,0.14392631,90.82109959700632,4000.0,True,0.5225806187961289,2.3983457016811833,1.6456431
Mir3473a,False,False,6,0.00021588946,99.97841105354058,6.0,True,0.002226867766739048,2.5899969107256875,2.0130556
Gm14667,False,False,10,0.00035981578,99.96401842256765,10.0,True,0.0029656669100979584,2.5052004322663164,1.8293006
Cfap47,False,False,811,0.04972654,97.08189407023605,1382.0,True,0.16438920335267945,2.3686070335052265,1.5333011
Tmem164,False,False,9954,0.8005541,64.1839378238342,22249.0,True,1.5266212826224077,3.0208501439071638,1.9582263
Ap1s2,False,False,3002,0.18706822,89.19833045480713,5199.0,True,0.6336182058780837,2.5257822232293847,1.6560433
Dmd,False,False,4862,0.27835348,82.50575705238919,7736.0,True,0.7387997970622106,2.4711012467800546,1.4990529
Pak3,False,False,1662,0.09466753,94.01986183074266,2631.0,True,0.32760737861245637,2.4552374452694106,1.8315575
Gk,False,False,4487,0.33977404,83.85506620610248,9443.0,True,0.9429558793848526,2.9104886274301593,2.530384
Asb9,False,False,12,0.00053972367,99.95682210708118,15.0,True,0.0037279007673228196,3.561637054327216,4.118611
Il1rapl1,False,False,3112,0.36183074,88.80253310305125,10056.0,True,0.9932463079359469,3.3727493462565423,3.8302982
Gm14794,False,False,1,3.598158e-05,99.99640184225676,1.0,True,0.00041690225298580296,2.412400032009048,1.6282011
Mageb18,False,False,5638,0.8812248,79.71358664363845,24491.0,True,1.4800722438899463,3.853934293200592,3.815955
Trpc5,False,False,99,0.0048215315,99.64378238341969,134.0,True,0.02417683504555845,2.3842557382976066,1.5672121
Trpc5os,False,False,2,7.196316e-05,99.99280368451353,2.0,True,0.0005269879826927664,2.3979344761280945,1.5968541
Rtl4,False,False,676,0.08412493,97.56764536557283,2338.0,True,0.3712398883285442,3.8614103401797024,6.4267383
Slc38a5,False,False,33,0.001619171,99.88126079447322,45.0,True,0.008896282851711563,2.933841033833127,2.7581697
Gpm6b,False,False,759,0.042026483,97.26899827288429,1168.0,True,0.19110384624396592,2.5644196307063982,1.9576293
Tmsb4x,False,False,7110,0.47319373,74.41709844559585,13151.0,True,1.1208804222700655,2.9202789973558176,2.5579154
Frmpd4,False,False,484,0.05447611,98.25849165227403,1514.0,True,0.18726888786966114,3.241713116904634,3.4253318
Gm8832,False,False,1,3.598158e-05,99.99640184225676,1.0,True,0.0004389427387166902,2.463928213665906,1.7398633
Arhgap6,False,False,5211,0.49463874,81.25,13747.0,True,1.2084562851055693,3.0854817430454258,3.0224788
Gm14480,False,False,2,7.196316e-05,99.99280368451353,2.0,True,0.0005803293469063885,2.490829895111445,1.7981595
Stard8,False,False,1775,0.1039148,93.61327000575706,2888.0,True,0.4101061200958348,2.5032883444596785,1.9885813
Gm14866,False,False,2,7.196316e-05,99.99280368451353,2.0,True,0.0007913196702833793,2.417925833689089,1.6401756
Dipk2b,False,False,164,0.0073402417,99.40990213010939,204.0,True,0.05080473227335335,2.6441178454513676,2.1303363
Slc9a7,False,False,555,0.026050663,98.00302245250433,724.0,True,0.1395136507150862,2.537949976176509,1.9002693
Gm14562,False,False,2,7.196316e-05,99.99280368451353,2.0,True,0.0007674440497004545,2.330316964534975,1.4503262
H3f3a-ps1,False,False,3,0.00010794473,99.98920552677029,3.0,True,0.0009617510614023769,2.580826099844258,1.9931823
Rhox8,False,False,67,0.0025906735,99.75892343120323,72.0,True,0.01864451919878457,2.3899082503740123,1.5794611
Tex13b,False,False,1,3.598158e-05,99.99640184225676,1.0,True,0.00043034776426299277,2.44414858155577,1.6970005
Vsig1,False,False,4,0.00017990789,99.98560736902706,5.0,True,0.0009457321025940853,2.3789141155590197,1.5556368
Atg4a,False,False,3606,0.18663645,87.02504317789293,5187.0,True,0.5542894229478599,2.4371902160359564,1.7725817
Gm53064,False,False,1,3.598158e-05,99.99640184225676,1.0,True,0.0005336037001112795,2.6592600556258494,2.1631496
Gm56676,False,False,2,7.196316e-05,99.99280368451353,2.0,True,0.000555849923915845,2.5369439476420976,1.8980892
Gm56678,False,False,9,0.0003238342,99.96761658031087,9.0,True,0.0021098096610529496,2.3347232336134898,1.4598746
Gm39529,False,False,2,7.196316e-05,99.99280368451353,2.0,True,0.0006192302171570945,2.3354829302901083,1.4615209
F630028O10Rik,False,False,863,0.049654577,96.89478986758779,1380.0,True,0.21314269572545214,2.457200364050448,1.7252839
Tmsb15b1,False,False,5,0.00017990789,99.98200921128382,5.0,True,0.0010279455331261603,2.5289769648221947,1.8808246
Gm14710,False,False,3,0.00010794473,99.98920552677029,3.0,True,0.0004136711148596273,2.404617871400242,1.6113371
Cldn34d,False,False,5,0.00017990789,99.98200921128382,5.0,True,0.0010954043059616587,2.345024987596753,1.4821986
Tmsb15a,False,False,2,0.00010794473,99.99280368451353,3.0,True,0.00045004610375588106,2.488914823162162,1.7940094
Rnf128,False,False,1650,0.10578584,94.06303972366149,2940.0,True,0.41263039937230095,2.672892429140008,2.5428243
Gm14718,False,False,3,0.00010794473,99.98920552677029,3.0,True,0.001022685490629778,2.4528384293289944,1.7158315
Cd40lg,False,False,12,0.0005037421,99.95682210708118,14.0,True,0.0042664265645756035,3.106459884932382,3.1322367
Tm9sf5,False,False,2,7.196316e-05,99.99280368451353,2.0,True,0.0008550265971213377,2.561392465427643,1.9510694
Bend2,False,False,5,0.00017990789,99.98200921128382,5.0,True,0.0011088549076566795,2.4439866633900884,1.6966497
Aff2,False,False,1715,0.11460132,93.82915947035117,3185.0,True,0.44351682341184967,2.9420386429731122,3.4223573
Nrk,False,False,25,0.0013313184,99.9100460564191,37.0,True,0.007759614702539915,2.6194463407547253,2.0768728
Tslrn1,False,False,2,7.196316e-05,99.99280368451353,2.0,True,0.0007054596856560031,2.6726961844219286,2.1922657
Gm15245,False,False,11,0.00043177893,99.9604202648244,12.0,True,0.002810361705124816,2.374982275806739,1.5471164
Xlr3c,False,False,2,7.196316e-05,99.99280368451353,2.0,True,0.0007655749415381854,2.3300399413157087,1.4497259
Gm25481,False,False,2,7.196316e-05,99.99280368451353,2.0,True,0.0005105274788596251,2.4143014857382488,1.6323216
Gm5124,False,False,1,3.598158e-05,99.99640184225676,1.0,True,0.00043284060081231264,2.4499257340923877,1.7095197
4930453H23Rik,False,False,7,0.00025187104,99.97481289579736,7.0,True,0.001981762080768557,2.329257013373747,1.4480293
Gm45208,False,False,2,7.196316e-05,99.99280368451353,2.0,True,0.000572151444207481,2.4102960274233545,1.6236417
Adgrl4,False,False,534,0.037924584,98.07858376511226,1054.0,True,0.23649330088151552,3.2662140118954737,3.4784257
Ifi44,False,False,92,0.003993955,99.66896948762233,111.0,True,0.021153613733041643,2.378670314299324,1.5551084
Zbbx,False,False,219,0.020869315,99.21200345423144,580.0,True,0.06616707649851507,2.509877461959088,1.8394358
Gm5277,False,False,3,0.00010794473,99.98920552677029,3.0,True,0.0009078204056232438,2.441349109111637,1.6909341
Gm9353,False,False,7,0.00025187104,99.97481289579736,7.0,True,0.001698377490140092,2.433676123180928,1.6743066
Gask1b,False,False,1203,0.068472944,95.67141623488774,1903.0,True,0.2974086460770978,2.497835985495443,1.8133417
Gucy1b1,False,False,128,0.006224813,99.53943580886586,173.0,True,0.03082437267968542,2.38194029200709,1.5621945
Gm11548,False,False,6,0.00021588946,99.97841105354058,6.0,True,0.0010973088082686896,2.389082120265226,1.5776709
Lrat,False,False,9,0.00039579734,99.96761658031087,11.0,True,0.0016194178510658115,2.4747654188338206,1.7633476
Fgb,False,False,9,0.00035981578,99.96761658031087,10.0,True,0.0030640842087976505,2.617193184432091,2.0719903
St6galnac5,False,False,4183,0.45603052,84.94890616004605,12674.0,True,0.9288300256019736,2.947952479103382,2.6357355
St6galnac3,False,False,914,0.09326425,96.71128382268279,2592.0,True,0.4754527046264401,3.7543214902393567,6.0767865
Trpc3,False,False,147,0.008131837,99.47107081174438,226.0,True,0.04737832722437059,2.6377364486541057,2.1165075
Dchs2,False,False,915,0.056239206,96.70768566493955,1563.0,True,0.25592501395376527,2.799565745712189,2.4671936
Gm7115,False,False,5,0.00017990789,99.98200921128382,5.0,True,0.0009905209534966407,2.4414622419155076,1.6911793
Trim2,False,False,3098,0.17749712,88.85290731145653,4933.0,True,0.6369279335072681,2.485029886836795,1.5390424
Il21,False,False,1,7.196316e-05,99.99640184225676,2.0,True,0.0007294648677649846,2.9720157469366746,2.8408947
Gm20557,False,False,2,7.196316e-05,99.99280368451353,2.0,True,0.0007771192107806392,2.733646015814059,2.3243449
Elovl6,False,False,4179,0.23974524,84.963298791019,6663.0,True,0.6119929760506831,2.3396097689756084,1.4537022
Col25a1,False,False,178,0.009679045,99.35952792170409,269.0,True,0.050042984303444345,2.7465750898221035,2.3523622
Maml3,False,False,7152,0.4969056,74.26597582037996,13810.0,True,1.1251858832244108,2.5626238148943488,1.5521604
Or14m1-ps1,False,False,1,3.598158e-05,99.99640184225676,1.0,True,0.0006891023971178386,2.9150742205134614,2.7175016
Lhfp,False,False,3105,0.2228339,88.82772020725389,6193.0,True,0.7319643914608822,2.783573555929555,2.3961685
Lef1,False,False,1088,0.096178755,96.08520437535981,2673.0,True,0.3607876811354359,3.1910563375604304,4.236113
Dkk2,False,False,62,0.0036701208,99.7769142199194,102.0,True,0.017523195824971836,2.6388542294282455,2.1189299
Postn,False,False,428,0.022632413,98.45998848589522,629.0,True,0.11393922683793017,2.6144960353867415,2.0661454
Gm9678,False,False,1,3.598158e-05,99.99640184225676,1.0,True,0.0004522248712707243,2.4937454306978535,1.8044775
Gm26691,False,False,111,0.0053612553,99.60060449050087,149.0,True,0.02884481726524583,2.3968859064503873,1.5945818
Cxxc4,False,False,35,0.0014032815,99.87406447898675,39.0,True,0.008546354088363552,2.484696525829978,1.7848684
Ccna1,False,False,3,0.00010794473,99.98920552677029,3.0,True,0.0007952639998849381,2.370252169384979,1.5368662
Ngf,False,False,239,0.011550087,99.14004029936673,321.0,True,0.06223561892637887,2.382838126992248,1.5641401
Slc39a8,False,False,710,0.03540587,97.44530800230282,984.0,True,0.14626700858560135,2.499653221281873,1.8172797
Gm31243,False,False,248,0.011550087,99.1076568796776,321.0,True,0.057797048660488674,2.521877657825961,1.8654404
Bank1,False,False,1595,0.12920985,94.26093839953944,3591.0,True,0.5215482119239911,3.224768545512609,4.34628
Dclk1,False,False,2044,0.138673,92.6453655728267,3854.0,True,0.49392853111050666,2.7510217353924338,2.79814
Gm37244,False,False,1,3.598158e-05,99.99640184225676,1.0,True,0.0003915609742719849,2.3496768123244536,1.4922792
Emcn,False,False,303,0.015831893,98.90975820379965,440.0,True,0.09016785849799662,2.601789534604898,2.0386102
1700007F19Rik,False,False,6,0.00021588946,99.97841105354058,6.0,True,0.0010630863415440994,2.451276494182508,1.7124468
Sirpb1a,False,False,82,0.0040299366,99.70495106505469,112.0,True,0.02270195224751382,2.4171471350149334,1.638488
Gm43060,False,False,1,3.598158e-05,99.99640184225676,1.0,True,0.000590066508954299,2.7598701097826535,2.3811727
Sirpb1b,False,False,127,0.006656592,99.5430339666091,185.0,True,0.0395613132640968,2.626264641182253,2.091648
Sirpb1c,False,False,74,0.0037061025,99.73373632700057,103.0,True,0.019918957743413075,2.596356272976706,2.0268364
Gm43066,False,False,2,0.00010794473,99.99280368451353,3.0,True,0.000887886172937203,2.7918071336268584,2.4503806
Gm8276,False,False,1,3.598158e-05,99.99640184225676,1.0,True,0.00039238334516667703,2.351775235934894,1.4968264
Bmpr1b,False,False,4652,0.470711,83.26137017846862,13082.0,True,1.1780520798301914,3.1112115114685186,3.094833
Bcl2l15,False,False,237,0.021552965,99.1472366148532,599.0,True,0.0767344780605077,2.80287340466634,2.4743612
Ptpn22,False,False,1066,0.05677893,96.164363845711,1578.0,True,0.2606617264109015,2.5095426027252326,1.8387102
Gm34240,False,False,3,0.00010794473,99.98920552677029,3.0,True,0.0006921992091599799,2.3684156266192913,1.5328864
Gm31693,False,False,3,0.00010794473,99.98920552677029,3.0,True,0.0007000724694342596,2.3348591944165835,1.4601692
Gbp2b,False,False,43,0.0024107657,99.84527921704087,67.0,True,0.007866475810288284,2.5104402025033665,1.8406552
Tafa3,False,False,10,0.00035981578,99.96401842256765,10.0,True,0.0020065163509638464,2.3272558827619347,1.4436928
Naaladl2,False,False,8987,0.8399899,67.6633563615429,23345.0,True,1.666788869384426,3.031354451982291,2.087037
Gm24704,False,False,1,3.598158e-05,99.99640184225676,1.0,True,0.00048384964139092855,2.561355964724064,1.9509903
Gm42774,False,False,4,0.00014392631,99.98560736902706,4.0,True,0.0007929316577860093,2.32983603493256,1.449284
Nlgn1,False,False,2342,0.25852764,91.57311456534254,7185.0,True,0.8153734966665964,3.3600248466543166,4.051174
Gm7558,False,False,1,3.598158e-05,99.99640184225676,1.0,True,0.00045553309851529726,2.5010359797937705,1.8202761
Gm43614,False,False,71,0.0033822684,99.74453080023028,94.0,True,0.01692331902044758,2.3348243137639466,1.4600936
A830019L24Rik,False,False,8,0.00035981578,99.97121473805412,10.0,True,0.0024820946557633935,2.4589580843579713,1.729093
Kcnd3,False,False,1433,0.09923719,94.84383995394357,2758.0,True,0.3885612899533591,2.7962727406809056,2.9460142
Clca3a1,False,False,135,0.0062607946,99.51424870466322,174.0,True,0.026012802337262976,2.452979880094733,1.7161381
Kcnab1,False,False,2733,0.19861831,90.16623488773747,5520.0,True,0.622540694101278,2.828147928291125,2.5241425
Tmem212,False,False,342,0.033858664,98.76943005181347,941.0,True,0.10830544768893363,2.679499014930989,2.2070076
Clca2,False,False,18,0.00068364997,99.93523316062176,19.0,True,0.004204395718608677,2.531323651254047,1.8859099
Gm37330,False,False,1,3.598158e-05,99.99640184225676,1.0,True,0.00042886581429553764,2.4406983564503975,1.6895238
Ptx3,False,False,62,0.002806563,99.7769142199194,78.0,True,0.016223262733009926,2.4516914539292887,1.713346
Ccn1,False,False,643,0.031303972,97.6863845710996,870.0,True,0.1541011301478447,2.603696271421288,2.0427423
Ddah1,False,False,1395,0.075741224,94.98056994818653,2105.0,True,0.31969467768967624,2.420110499661223,1.7167675
Kcnn3,False,False,144,0.0070883706,99.48186528497409,197.0,True,0.04438723854368023,2.6161778747227826,2.06979
Ttll7,False,False,132,0.0055771447,99.52504317789291,155.0,True,0.029060369832759652,2.404938785350662,1.6120325
Tnik,False,False,1103,0.056491077,96.0312320092113,1570.0,True,0.27074108479429826,2.5964379403965636,2.0270133
Gm36888,False,False,2,7.196316e-05,99.99280368451353,2.0,True,0.0005656350344954969,2.346563140276671,1.4855318
Egfem1,False,False,103,0.0053972364,99.62938975244676,150.0,True,0.025535313266100604,2.8207180603962394,2.5130308
Mecom,False,False,843,0.09682643,96.96675302245251,2691.0,True,0.4781741647033653,3.960686526871203,6.751159
Gm38197,False,False,30,0.0012953368,99.89205526770294,36.0,True,0.008224207963467699,2.667684795363992,2.181406
Gm10258,False,False,13,0.00046776052,99.95322394933794,13.0,True,0.0029792098218547774,2.3382727105591123,1.4675664
Gm38362,False,False,3,0.00010794473,99.98920552677029,3.0,True,0.0008450738232743565,2.406221092954388,1.6148113
Kcnmb2,False,False,51,0.0022668394,99.81649395509498,63.0,True,0.011458340434885996,2.351349196126216,1.4959033
Vav3,False,False,4248,0.34319228,84.71502590673575,9538.0,True,1.003421030466673,2.919025140679253,2.5543895
Ntng1,False,False,164,0.008167818,99.40990213010939,227.0,True,0.03122807712019251,2.5775127982227866,1.9860023
Lce1j,False,False,1,7.196316e-05,99.99640184225676,2.0,True,0.0004508605911818793,2.4907234397276636,1.7979288
Flg,False,False,2,7.196316e-05,99.99280368451353,2.0,True,0.0005261366091413515,2.384686254090961,1.568145
Gm5150,False,False,98,0.0050014392,99.64738054116292,139.0,True,0.02896096931416338,2.721898297234301,2.2988873
n-R5s197,False,False,4,0.00014392631,99.98560736902706,4.0,True,0.0009286006270558705,2.451583263351793,1.7131116
Gm20657,False,False,2,7.196316e-05,99.99280368451353,2.0,True,0.000949617069392924,2.598065524039966,2.0305402
Vmn2r4,False,False,7,0.00025187104,99.97481289579736,7.0,True,0.001210782570337355,2.403600928619012,1.6091334
Sertm1,False,False,3,0.00010794473,99.98920552677029,3.0,True,0.0007785062238221429,2.371514792249296,1.5396023
6530403H02Rik,False,False,205,0.012125792,99.26237766263672,337.0,True,0.05368999750841438,2.6648015446859454,2.175158
Gm56807,False,False,36,0.0018350604,99.87046632124353,51.0,True,0.00922320031598923,2.652660225621236,2.1488476
Sox2ot,False,False,50,0.002302821,99.82009211283824,64.0,True,0.009874310791446813,2.3463572736740983,1.4850857
Gm26771,False,False,47,0.0017990789,99.83088658606793,50.0,True,0.010048028139555068,2.3623917105267025,1.5198325
Lrrc31,False,False,51,0.00205095,99.81649395509498,57.0,True,0.01127192246385223,2.4285205702412402,1.6631345
Mcub,False,False,1246,0.07437392,95.51669545192861,2067.0,True,0.30401416032151146,2.5320658697642475,1.8875183
Hormad1,False,False,15,0.0006116868,99.94602763385146,17.0,True,0.0038277434630023966,2.5087792259695596,1.8370559
Kcna2,False,False,59,0.002302821,99.78770869314911,64.0,True,0.01380466708106852,2.3434213379550335,1.4787235
She,False,False,122,0.0048215315,99.56102475532528,134.0,True,0.027047532982414118,2.429679123019733,1.6656451
Gm42928,False,False,2,7.196316e-05,99.99280368451353,2.0,True,0.0005923568945850071,2.54214693604835,1.9093641
Tdpoz9-ps1,False,False,2,7.196316e-05,99.99280368451353,2.0,True,0.0006215986092863595,2.4264529574068234,1.658654
Gm43711,False,False,1,3.598158e-05,99.99640184225676,1.0,True,0.00043740107376773256,2.460409081498467,1.7322372
S100a9,False,False,34,0.0017990789,99.87766263673,50.0,True,0.009110155386331977,3.3226691637143593,3.6007645
Lck,False,False,145,0.006080887,99.47826712723085,169.0,True,0.03576943181475715,2.4260307192337742,1.6577389
Gm13206,False,False,3,0.00010794473,99.98920552677029,3.0,True,0.0005856775247594116,2.4583825034561686,1.7278457
Tox,False,False,2131,0.1259715,92.33232584916523,3501.0,True,0.4595301812633437,2.5900126739755813,2.2719846
Casz1,False,False,372,0.014644502,98.6614853195164,407.0,True,0.07249342901586321,2.340941498721306,1.4733497
Rbp7,False,False,82,0.003238342,99.70495106505469,90.0,True,0.022547972962683117,2.43660868255511,1.6806616
Pik3cd,False,False,1395,0.07005613,94.98056994818653,1947.0,True,0.32200730878115613,2.472071696196351,1.8865696
Tnfsf8,False,False,44,0.0019070236,99.84168105929764,53.0,True,0.012731494042517753,2.4913142307384284,1.799209
Tnc,False,False,177,0.009535118,99.36312607944733,265.0,True,0.034201036582167776,2.401518332876065,1.6046203
Pappa,False,False,463,0.024539435,98.33405296488198,682.0,True,0.11863841333807922,2.547906416478294,1.921845
Astn2,False,False,1059,0.06383132,96.18955094991365,1774.0,True,0.24045236028770203,2.513354134740355,1.8469697
Gm13215,False,False,5,0.00017990789,99.98200921128382,5.0,True,0.001571738750593025,2.4966654171822205,1.8108051
Plekhg5,False,False,3701,0.21160765,86.68321819228555,5881.0,True,0.6275963060939869,2.5441049519921406,1.7086482
Ptafr,False,False,1245,0.06793322,95.52029360967185,1888.0,True,0.2838312896266855,2.358572767930567,1.5115567
4930522H14Rik,False,False,8,0.00028785263,99.97121473805412,8.0,True,0.0016606840239864178,2.4712095265526544,1.7556419
Agbl4,False,False,1004,0.1339954,96.3874496257916,3724.0,True,0.4100491852493309,3.5358052958694923,5.362705
Fgr,False,False,1042,0.055267703,96.25071963154865,1536.0,True,0.2465130499042875,2.4891671246280302,1.7945563
Cyp4b1,False,False,167,0.00730426,99.39910765687968,203.0,True,0.04199941891982622,2.4537034386308734,1.7177061
Megf6,False,False,930,0.04494099,96.65371329879102,1249.0,True,0.21360608115684604,2.398374673493367,1.597808
Gm11411,False,False,1,3.598158e-05,99.99640184225676,1.0,True,0.0005799906443489935,2.7426417462994985,2.3438387
Gm11413,False,False,3,0.00010794473,99.98920552677029,3.0,True,0.0006668497014876748,2.3927260445005025,1.5855674
Man1c1,False,False,2747,0.15641192,90.11586067933219,4347.0,True,0.5569067843182439,2.504440960841806,1.992348
Runx3,False,False,118,0.004605642,99.57541738629821,128.0,True,0.02892307968025686,2.3783346111795978,1.5543809
Gm10564,False,False,1,3.598158e-05,99.99640184225676,1.0,True,0.00046401933801370755,2.5194980509525338,1.8602837
Adamtsl1,False,False,4846,0.7950849,82.56332757628094,22097.0,True,1.5589671890988108,3.8400068936913936,4.0868998
Slc24a2,False,False,35,0.0017630972,99.87406447898675,49.0,True,0.009591338294196628,2.8514995994432177,2.5797348
Gm25099,False,False,3,0.00010794473,99.98920552677029,3.0,True,0.0008807482326746454,2.478043254156163,1.7704507
Tex46,False,False,1,3.598158e-05,99.99640184225676,1.0,True,0.00045442503877877034,2.4985999268727386,1.8149972
Rnf220,False,False,2715,0.11863126,90.23100172711571,3297.0,True,0.41106587298007224,2.5367563332544902,2.0979502
C1qb,False,False,1408,0.09398388,94.93379389752447,2612.0,True,0.3431694242884971,2.715718003131516,2.6827724
C1qc,False,False,1463,0.10096431,94.73589522164652,2806.0,True,0.3664340917571038,2.741921152798562,2.7684007
C1qa,False,False,1735,0.12546776,93.75719631548647,3487.0,True,0.4424748092939529,2.9144615411782007,3.3322392
Tek,False,False,799,0.040551238,97.12507196315487,1127.0,True,0.19624870108664294,2.400687615602142,1.6028202
Gm12695,False,False,78,0.0055051814,99.71934369602764,153.0,True,0.017803395034666856,2.347857371500149,1.4883364
Tie1,False,False,143,0.005613126,99.48546344271733,156.0,True,0.039899160064076206,2.3927569124423798,1.5856342
Mir6399,False,False,1,3.598158e-05,99.99640184225676,1.0,True,0.00040691315144184134,2.388142992840738,1.5756358
Ror1,False,False,4855,0.44685522,82.53094415659183,12419.0,True,1.1457237303650636,3.075540552787814,2.9945233
Ccdc30,False,False,856,0.059153713,96.91997697179045,1644.0,True,0.1837399497327316,2.500211307137411,1.8184891
Dnajc6,False,False,2738,0.16303253,90.1482440990213,4531.0,True,0.5695589705087774,2.4435130878886686,1.793244
Gm1667,False,False,1,3.598158e-05,99.99640184225676,1.0,True,0.0006564142040566401,2.866460057145792,2.6121542
Gm12886,False,False,2,7.196316e-05,99.99280368451353,2.0,True,0.0005261447911485839,2.4597675238242833,1.730847
Gm12887,False,False,2,7.196316e-05,99.99280368451353,2.0,True,0.000684717216882374,2.606228911960174,2.0482304
Pde4b,False,False,2325,0.18976684,91.63428324697755,5274.0,True,0.6841404967584768,3.299751491347359,3.8781278
Oxct2b,False,False,1,3.598158e-05,99.99640184225676,1.0,True,0.00041184711283181633,2.400197924145106,1.601759
Padi6,False,False,7,0.00025187104,99.97481289579736,7.0,True,0.001663227487162318,2.3656162823817595,1.5268202
Sgip1,False,False,2097,0.14612119,92.45466321243524,4061.0,True,0.5651477168946831,2.7555332018448775,2.812883
4930456L15Rik,False,False,3,0.00010794473,99.98920552677029,3.0,True,0.0009876827907364504,2.4904205015417964,1.7972723
Dab1,False,False,172,0.0074841683,99.3811168681635,208.0,True,0.03738602273271516,2.346050719860755,1.4844214
Srarp,False,False,1,3.598158e-05,99.99640184225676,1.0,True,0.00038911415952478534,2.3434071116839843,1.4786927
Mir7021,False,False,2,7.196316e-05,99.99280368451353,2.0,True,0.0004441608256252117,2.4757486131927355,1.7654781
Tnfrsf8,False,False,22,0.00093552103,99.92084052964883,26.0,True,0.0052388573260661415,2.3435823829184903,1.4790725
Gm13243,False,False,3,0.00010794473,99.98920552677029,3.0,True,0.0008654369974797453,2.4625111409284766,1.7367924
Zfp987,False,False,1,3.598158e-05,99.99640184225676,1.0,True,0.00041690225298580296,2.412400032009048,1.6282011
Zfp988,False,False,8,0.00028785263,99.97121473805412,8.0,True,0.0020175124564433475,2.435282615393777,1.6777879
2610028E06Rik,False,False,22,0.00086355786,99.92084052964883,24.0,True,0.005407635595270794,2.5765321773899155,1.9838773
Csf3r,False,False,164,0.0067645367,99.40990213010939,188.0,True,0.036500613361291796,3.0262900010536415,2.9585075
Csmd2os,False,False,2,7.196316e-05,99.99280368451353,2.0,True,0.0008436890564414653,2.517019376988705,1.8549124
Kazn,False,False,3173,0.2787133,88.58304548071388,7746.0,True,0.8670013479114025,3.372086093490506,4.085802
Gm25419,False,False,2,7.196316e-05,99.99280368451353,2.0,True,0.0006966797021127516,2.6061643612660697,2.0480905
Fhl5,False,False,69,0.0033822684,99.75172711571675,94.0,True,0.017693981678080974,2.5649458081044934,1.9587696
Gm12538,False,False,1,3.598158e-05,99.99640184225676,1.0,True,0.0004953975373298534,2.584948058963445,2.0021145
Txndc8,False,False,3,0.00010794473,99.98920552677029,3.0,True,0.0008446645328721467,2.562196867481533,1.9528126
Gm11914,False,False,3,0.00010794473,99.98920552677029,3.0,True,0.0009192004271117579,2.4490232395916496,1.707564
Epha7,False,False,150,0.0065126657,99.46027633851469,181.0,True,0.032289817400732015,2.381721907122236,1.5617212
Bach2,False,False,4176,0.24212003,84.97409326424871,6729.0,True,0.7361609396432484,2.8024283915138204,2.4503012
Ankrd6,False,False,973,0.048827,96.4989925158319,1357.0,True,0.22182835700835773,2.339358676260542,1.4699197
Lyn,False,False,4524,0.33423287,83.72193436960276,9289.0,True,0.9781952698637569,2.9026935030945973,2.5084636
A830012C17Rik,False,False,356,0.018062752,98.71905584340817,502.0,True,0.08971002455393987,2.3973836051929758,1.5956603
8430436N08Rik,False,False,5,0.00017990789,99.98200921128382,5.0,True,0.0014327913193461176,2.387661540175396,1.5745925
Gm11810,False,False,3,0.00010794473,99.98920552677029,3.0,True,0.0010566960888570627,2.443329356094896,1.6952252
Gm56192,False,False,1,3.598158e-05,99.99640184225676,1.0,True,0.0005517270007086103,2.692669049376698,2.2355473
Gm12390,False,False,8,0.00028785263,99.97121473805412,8.0,True,0.0015046785290825581,2.339393350447614,1.4699948
Gm56197,False,False,1,3.598158e-05,99.99640184225676,1.0,True,0.00048259972604957913,2.5587686351480525,1.9453835
Gm11846,False,False,11,0.00043177893,99.9604202648244,12.0,True,0.003238198416579789,2.954883489702239,2.8037689
Runx1t1,False,False,2096,0.11751583,92.45826137017848,3266.0,True,0.42235279554718846,2.3887246838722063,1.614203
Slc7a13,False,False,64,0.003058434,99.76971790443294,85.0,True,0.01736768148162582,2.606290999042073,2.048365
Atp6v0d2,False,False,135,0.008815487,99.51424870466322,245.0,True,0.032020789528668936,2.748598925375404,2.3567479
Gm52989,False,False,2,7.196316e-05,99.99280368451353,2.0,True,0.000851888511447525,2.4877563595592447,1.7914991
Gm56257,False,False,3,0.00010794473,99.98920552677029,3.0,True,0.0008196709334113705,2.5324897747559123,1.8884369
Spaar,False,False,640,0.026554404,97.6971790443293,738.0,True,0.1221801672664544,2.4121446111612324,1.6276476
Pax5,False,False,130,0.008851468,99.5322394933794,246.0,True,0.060406133660782034,3.1920295070553575,3.317667
Ccdc180,False,False,219,0.018458549,99.21200345423144,513.0,True,0.0597975523474138,2.5012018359415404,1.8206356
Nr4a3,False,False,54,0.0024467472,99.80569948186529,68.0,True,0.012513954391447143,2.4025328994480724,1.6068189
Ppp3r2,False,False,1,3.598158e-05,99.99640184225676,1.0,True,0.0005137912995770222,2.6214138632717128,2.0811365
Gm12458,False,False,1,3.598158e-05,99.99640184225676,1.0,True,0.0005808922365618635,2.744195529217699,2.3472056
Gm12460,False,False,1,3.598158e-05,99.99640184225676,1.0,True,0.0004389427387166902,2.463928213665906,1.7398633
Gm12482,False,False,3,0.00010794473,99.98920552677029,3.0,True,0.0008084483176097175,2.3382670883690033,1.4675542
Tpt1-ps2,False,False,1,3.598158e-05,99.99640184225676,1.0,True,0.00046517475483776716,2.521985502540119,1.865674
Gm12682,False,False,9,0.0003238342,99.96761658031087,9.0,True,0.0025264955066509782,2.4265053953996936,1.6587676
Gm57072,False,False,8,0.00028785263,99.97121473805412,8.0,True,0.0017946235759862172,2.3675145238940463,1.5309337
Gm31115,False,False,6,0.00025187104,99.97841105354058,7.0,True,0.0017713422810792373,3.0266981802063935,2.959392
Gm12381,False,False,417,0.037061024,98.49956822107082,1030.0,True,0.16412029695496977,3.2050169004634417,3.345811
Gm57100,False,False,10,0.00043177893,99.96401842256765,12.0,True,0.002327415765560876,2.355137096602191,1.5041116
Gm12454,False,False,17,0.0006476684,99.93883131836499,18.0,True,0.004867467241954747,2.3619443162999465,1.518863
Gm57128,False,False,2,7.196316e-05,99.99280368451353,2.0,True,0.0004478879884498718,2.4841069623655723,1.7835908
Gm12371,False,False,2,7.196316e-05,99.99280368451353,2.0,True,0.0009160733025430869,2.557350969502795,1.9423114
Gm31828,False,False,1,3.598158e-05,99.99640184225676,1.0,True,0.0004940872354271094,2.582298950577681,1.996374
Oog2,False,False,1,3.598158e-05,99.99640184225676,1.0,True,0.00038911415952478534,2.3434071116839843,1.4786927
Pramel5,False,False,4,0.00017990789,99.98560736902706,5.0,True,0.0014877687451154637,2.6288458620725863,2.0972416
4930578G10Rik,False,False,2439,0.1751943,91.22409326424871,4869.0,True,0.6428945885754969,2.8170668707340343,2.4923284
Ccl21a,False,False,125,0.00593696,99.55023028209557,165.0,True,0.02958933518961415,2.382185052761774,1.5627248
Wwp1,False,False,9315,0.6704447,66.48316062176166,18633.0,True,1.322860277467088,2.8733105809645485,1.6292217
Gm37117,False,False,1,3.598158e-05,99.99640184225676,1.0,True,0.0003932092771239073,2.353878376509659,1.501384
Errfi1,False,False,4524,0.2527346,83.72193436960276,7024.0,True,0.7464070224878047,2.5397637739289447,1.6961846
Gm12827,False,False,3,0.00010794473,99.98920552677029,3.0,True,0.0008533542948119231,2.329936113935316,1.4495008
Fyb2,False,False,1131,0.05584341,95.93048359240069,1552.0,True,0.23683546902848013,2.339348465132366,1.4698975
Actl7b,False,False,2,7.196316e-05,99.99280368451353,2.0,True,0.0008020999085624303,2.7897170678045904,2.4458513
Gm56132,False,False,2,7.196316e-05,99.99280368451353,2.0,True,0.000543147258207692,2.4696443183795935,1.7522501
Gm13299,False,False,1,3.598158e-05,99.99640184225676,1.0,True,0.0004934347548683057,2.580977143372795,1.9935097
Gm18985,False,False,1,3.598158e-05,99.99640184225676,1.0,True,0.00047282771040541434,2.5383072601629597,1.9010434
Cdk6,False,False,4518,0.30620322,83.74352331606218,8510.0,True,0.8991473075939432,2.656470806878935,2.0312533
Gm42887,False,False,1,3.598158e-05,99.99640184225676,1.0,True,0.0004788882204501437,2.5510464915702777,1.9286495
P2rx7,False,False,923,0.042746115,96.67890040299368,1188.0,True,0.1991110867293757,2.3351737976033893,1.460851
Gabrb1,False,False,1238,0.08210996,95.5454807138745,2282.0,True,0.3290745228055681,2.7142728982844244,2.67805
Corin,False,False,875,0.04724381,96.85161197466897,1313.0,True,0.21657463002580696,2.4643742709461574,1.7408298
Hsd17b13,False,False,5,0.00017990789,99.98200921128382,5.0,True,0.001323141297320405,2.473162397340924,1.7598739
Zfp804b,False,False,1126,0.34110534,95.94847438111687,9480.0,True,0.8137766611210904,5.087193218665823,9.009916
Txk,False,False,224,0.010758491,99.19401266551525,299.0,True,0.0681315287526298,2.769787254740838,2.4026632
Lrrc8c,False,False,2282,0.11514105,91.78900402993668,3200.0,True,0.4769364374411006,2.4054948145868833,1.6690055
Gm5987,False,False,1,3.598158e-05,99.99640184225676,1.0,True,0.0004431073164050768,2.473373290228985,1.7603308
Gm43416,False,False,3,0.00010794473,99.98920552677029,3.0,True,0.0006475684575014626,2.5621857750198886,1.9527885
Gfi1,False,False,20,0.00075561315,99.9280368451353,21.0,True,0.006530299756960236,2.395378612578199,1.5913155
Adam22,False,False,770,0.040695164,97.2294185377087,1131.0,True,0.1781080630085504,2.4075842305281085,1.6177652
Wdr66,False,False,581,0.037061024,97.90947035118019,1030.0,True,0.14560725244665665,2.4866593982314025,1.789122
Rpl31-ps6,False,False,2,7.196316e-05,99.99280368451353,2.0,True,0.000736443504503024,2.7815122661502407,2.4280715
Abcb1b,False,False,974,0.0515616,96.49539435808866,1433.0,True,0.23376329541863972,2.5965958751933016,2.0273557
Lnx1,False,False,2043,0.14270294,92.64896373056995,3966.0,True,0.5554404252136356,2.892623434273704,3.2608752
Gm17936,False,False,2,7.196316e-05,99.99280368451353,2.0,True,0.0006705511981696794,2.8877751232092645,2.6583443
Pdgfra,False,False,1476,0.08311744,94.68911917098445,2310.0,True,0.35623744129864066,2.549235615126377,2.1387308
Kdr,False,False,1116,0.053072825,95.98445595854922,1475.0,True,0.26415292542223007,2.440748040982418,1.6896316
4930432L08Rik,False,False,2,7.196316e-05,99.99280368451353,2.0,True,0.0005389921604274236,2.66931032826864,2.1849287
Flt1,False,False,497,0.03835636,98.21171560161197,1066.0,True,0.2354584859265764,3.249671192050125,3.4425771
Grm3,False,False,122,0.0074841683,99.56102475532528,208.0,True,0.033076655402987286,2.6168269281181535,2.0711966
Rnf212,False,False,5,0.00017990789,99.98200921128382,5.0,True,0.0008919997183055213,2.514183216752425,1.8487664
Cracd,False,False,173,0.0073762233,99.37751871042026,205.0,True,0.02694832619011152,2.3651474677315334,1.5258043
Sema3d,False,False,601,0.029360967,97.83750719631549,816.0,True,0.14158765199346607,2.47235379049185,1.7581216
Sema3e,False,False,435,0.027849741,98.43480138169257,774.0,True,0.13486567353036522,2.743184794324504,2.3450153
Gm30613,False,False,74,0.003238342,99.73373632700057,90.0,True,0.016804297438910463,2.3804554964875315,1.5589769
Gm24105,False,False,1,3.598158e-05,99.99640184225676,1.0,True,0.0004323396619743525,2.4487675368601542,1.7070099
Rxfp2,False,False,24,0.0011514105,99.91364421416235,32.0,True,0.006080600567171017,2.344211887425134,1.4804366
Sorcs2,False,False,2458,0.19055843,91.15572826712723,5296.0,True,0.6929719613239675,2.9008137551612143,2.7327678
Dnah10,False,False,251,0.016983304,99.0968624064479,472.0,True,0.058720676870674414,2.432529296467251,1.6718215
Sema3c,False,False,8129,0.5509859,70.75057570523892,15313.0,True,1.1532076453928946,2.5286042612386224,1.4564947
Jakmip1,False,False,90,0.0035261945,99.6761658031088,98.0,True,0.02330683690808423,2.3802018395592857,1.5584272
Gm1043,False,False,30,0.0012233736,99.89205526770294,34.0,True,0.007107496563565968,2.3691113571630877,1.534394
Crmp1,False,False,10,0.00043177893,99.96401842256765,12.0,True,0.0021394648643535976,2.41140800028496,1.6260513
Cytl1,False,False,19,0.0012233736,99.93163500287852,34.0,True,0.005923044824576343,3.402041168826234,3.7727647
Magi2,False,False,4662,0.43667242,83.22538860103627,12136.0,True,1.0814991577087063,3.025406025431133,2.853541
Gm42838,False,False,5,0.00017990789,99.98200921128382,5.0,True,0.0008121452671238917,2.7181990499585833,2.290871
Adgrl3,False,False,553,0.04555268,98.01021876799079,1266.0,True,0.19156308187790302,3.055182035715691,3.021117
Gm43084,False,False,1,3.598158e-05,99.99640184225676,1.0,True,0.00046517475483776716,2.521985502540119,1.865674
Tmem132b,False,False,1694,0.1081966,93.90472078295913,3007.0,True,0.4328447652503493,2.6191330783879603,2.367146
Gm42945,False,False,1,3.598158e-05,99.99640184225676,1.0,True,0.0006495667593645233,2.855970230281112,2.5894227
4933438B17Rik,False,False,3,0.00010794473,99.98920552677029,3.0,True,0.0012990418544829966,2.5804132295301123,1.9922876
4930572K03Rik,False,False,1,3.598158e-05,99.99640184225676,1.0,True,0.00044681671103249634,2.481711666790533,1.7784002
Tmem132d,False,False,419,0.02328008,98.49237190558433,647.0,True,0.10214932036031395,2.375099941346326,1.5473714
Gm42497,False,False,4,0.00014392631,99.98560736902706,4.0,True,0.001378364514105885,2.3639383489614763,1.5231841
Gm42500,False,False,1,3.598158e-05,99.99640184225676,1.0,True,0.00042593239525922955,2.433833445311263,1.6746476
Gm42498,False,False,6,0.00021588946,99.97841105354058,6.0,True,0.0011799892388077665,2.3932221653869066,1.5866424
Clnk,False,False,182,0.011801957,99.34513529073115,328.0,True,0.06706637214120066,3.0472212796662665,3.003866
Dao,False,False,1315,0.066889755,95.26842256764536,1859.0,True,0.29435807480892673,2.327258102276889,1.4436976
C1qtnf7,False,False,1106,0.06822107,96.02043753598157,1896.0,True,0.2929742132993912,2.655837709786021,2.1557333
Sult1e1,False,False,1213,0.09106937,95.63543465745539,2531.0,True,0.37819144788454684,3.0785381593152676,3.868419
Reln,False,False,260,0.03536989,99.06447898675877,983.0,True,0.20439074028708112,4.007623752295907,5.0850687
Gm10475,False,False,5,0.00021588946,99.98200921128382,6.0,True,0.001454480990691464,2.4569465082811295,1.7247338
Adgrd1,False,False,3260,0.27766985,88.27000575705239,7717.0,True,0.8740264032548501,2.884923621440374,2.687147
Cd38,False,False,1311,0.071747266,95.28281519861831,1994.0,True,0.29757027825244325,2.4476560495350297,1.7046013
1700066N21Rik,False,False,1,3.598158e-05,99.99640184225676,1.0,True,0.0004680887911981599,2.5282318399142016,1.8792099
Galnt17,False,False,913,0.05476396,96.71488198042603,1522.0,True,0.2594316171352433,2.7054422101033166,2.2632267
Prom1,False,False,2072,0.13241221,92.54461715601612,3680.0,True,0.48767868075442045,2.5075716061338094,2.0025785
Gm42966,False,False,2,7.196316e-05,99.99280368451353,2.0,True,0.0006486563447973913,2.3406793180602183,1.4727815
Gm5865,False,False,5,0.00017990789,99.98200921128382,5.0,True,0.0016771508092427079,2.45263436315796,1.7153894
Ldb2,False,False,1494,0.10747697,94.62435233160622,2987.0,True,0.4955823023961817,3.2208091520022344,4.333341
D5Ertd615e,False,False,139,0.00662061,99.49985607369027,184.0,True,0.03947020338952784,2.664657915250407,2.174847
Npffr2,False,False,7,0.00035981578,99.97481289579736,10.0,True,0.0019477363887266356,2.438517072355415,1.684797
Gm24407,False,False,11,0.00039579734,99.9604202648244,11.0,True,0.0021277381423138175,2.473936446408087,1.7615511
Gm42109,False,False,3,0.00010794473,99.98920552677029,3.0,True,0.0009982233546461646,2.454913097957455,1.7203274
Slit2,False,False,2436,0.19109815,91.2348877374784,5311.0,True,0.596425711934886,2.901265408180613,3.289116
Pf4,False,False,873,0.05339666,96.85880829015544,1484.0,True,0.20436134122264082,2.652792759132901,2.1491349
Cxcl3,False,False,1,7.196316e-05,99.99640184225676,2.0,True,0.0004139002724203432,2.405171806913899,1.6125374
Cxcl2,False,False,16,0.00082757627,99.94242947610823,23.0,True,0.00534988818486979,2.9289362196355624,2.747541
Gm19610,False,False,18,0.0006476684,99.93523316062176,18.0,True,0.00426346395191857,2.3406034475796553,1.472617
Areg,False,False,1,3.598158e-05,99.99640184225676,1.0,True,0.0005625258472605396,2.7120581400264205,2.2775636
Kcnip4,False,False,687,0.043141913,97.52806563039724,1199.0,True,0.15734382117682946,3.173438582692946,3.2773802
Gm43831,False,False,2,7.196316e-05,99.99280368451353,2.0,True,0.0007154811710206661,2.5903225762108706,2.0137613
2900064K03Rik,False,False,5,0.00021588946,99.98200921128382,6.0,True,0.001085067200161882,2.401367547345637,1.6042936
Gm21168,False,False,6,0.00021588946,99.97841105354058,6.0,True,0.0013325220884671096,2.453086836516645,1.7163699
Dpp6,False,False,267,0.028785262,99.03929188255614,800.0,True,0.09769866531947993,3.1638115157316498,3.2565184
Gm43122,False,False,9,0.0003238342,99.96761658031087,9.0,True,0.0022260363352068985,2.442613249968448,1.6936735
Rbpj,False,False,9352,1.6495755,66.35002878526196,45845.0,True,2.168495745826679,4.480683330327644,3.8501127
Gm43780,False,False,1,3.598158e-05,99.99640184225676,1.0,True,0.0004293587056349539,2.4418472094465016,1.6920135
Gm26761,False,False,3,0.00010794473,99.98920552677029,3.0,True,0.0007869454501613636,2.665179732053061,2.1759775
Fras1,False,False,1624,0.13698186,94.1565918249856,3807.0,True,0.4928052650513056,3.0367358091198953,3.7318146
Anxa3,False,False,2208,0.11654433,92.05526770293609,3239.0,True,0.44281175525658206,2.388034238041607,1.6119467
Dtx1,False,False,75,0.002986471,99.73013816925734,83.0,True,0.0175714293481084,2.580920789423906,1.9933875
Gm16226,False,False,4,0.00014392631,99.98560736902706,4.0,True,0.0009741104469223184,2.4616176098217193,1.7348561
Tmem150c,False,False,1157,0.109995686,95.83693149107657,3057.0,True,0.3714240473653673,3.2730202248995925,4.5039597
Limch1,False,False,2989,0.17789292,89.2451065054692,4944.0,True,0.5888401400348587,2.5830671266840692,2.2492874
4930478M09Rik,False,False,1,3.598158e-05,99.99640184225676,1.0,True,0.0006634073800653906,2.8770607799182444,2.635126
Eln,False,False,1912,0.13226828,93.1203223949338,3676.0,True,0.511384329537284,3.183334923007735,4.2108803
4930500L23Rik,False,False,3,0.00010794473,99.98920552677029,3.0,True,0.0007831892789710378,2.7177718996299007,2.2899454
Card11,False,False,345,0.017019287,98.75863557858376,473.0,True,0.10740143042395889,2.8066771754238817,2.482604
Sdk1,False,False,6913,0.5813184,75.12593552101325,16156.0,True,1.2518898841810073,3.049658519731758,2.0224671
Actb,False,False,8322,0.49247986,70.05613126079447,13687.0,True,1.1451819651792887,2.6100882761536655,1.6856343
Sema3a,False,False,1639,0.09261658,94.10261945883708,2574.0,True,0.303471920270143,2.3711420188945014,1.5387945
Gm43718,False,False,1,3.598158e-05,99.99640184225676,1.0,True,0.0004283740624295255,2.439550761787509,1.687037
Gm9932,False,False,2,7.196316e-05,99.99280368451353,2.0,True,0.0007615945879258327,2.5962405054395097,2.0265856
Plac8,False,False,275,0.01277346,99.01050662061024,355.0,True,0.06751402983418389,2.4405829517947706,1.6892738
Gm43025,False,False,2,7.196316e-05,99.99280368451353,2.0,True,0.0006639956201833955,2.360733680630836,1.5162395
Gm42761,False,False,2,7.196316e-05,99.99280368451353,2.0,True,0.0005912847214179592,2.529031914996759,1.8809437
Wdr95,False,False,280,0.032923143,98.99251583189407,915.0,True,0.10616786975290922,2.8455883455424154,2.566925
Gm57255,False,False,14,0.0005037421,99.9496257915947,14.0,True,0.003178699906371182,2.4285816335231822,1.6632668
Tbx3os2,False,False,3,0.00010794473,99.98920552677029,3.0,True,0.0006051639842518115,2.373735868909777,1.5444154
Chaer1,False,False,2,7.196316e-05,99.99280368451353,2.0,True,0.0007334408808051402,2.36199850927936,1.5189804
Gm54318,False,False,5652,0.4224597,79.66321243523315,11741.0,True,1.0544264932992446,2.701888399151951,1.9437835
Gm30603,False,False,9,0.0003238342,99.96761658031087,9.0,True,0.0026344031823005423,2.422013949631506,1.6490345
Septin11,False,False,2622,0.14777634,90.56563039723662,4107.0,True,0.5346493250846818,2.4698279762544435,1.8792374
Cxcl13,False,False,81,0.0048934943,99.70854922279793,136.0,True,0.017478890471930717,2.559530573377984,1.9470346
Pramel33,False,False,2,7.196316e-05,99.99280368451353,2.0,True,0.0009809006197601267,2.6311680679976255,2.102274
Azgp1,False,False,3,0.00010794473,99.98920552677029,3.0,True,0.0007103141078908516,2.655586315106555,2.1551886
Rhoh,False,False,735,0.035225965,97.35535405872193,979.0,True,0.1725550316538261,2.482848705730658,1.7808641
Gm10874,False,False,43,0.0017630972,99.84527921704087,49.0,True,0.00931818578647055,2.3280688691265414,1.4454545
Cfap299,False,False,494,0.08103051,98.22251007484168,2252.0,True,0.2466496167517581,3.4792503943144744,3.9400778
Jchain,False,False,86,0.0034542314,99.69055843408175,96.0,True,0.013259948846208172,2.43966139575981,1.6872767
Gm10482,False,False,3,0.00010794473,99.98920552677029,3.0,True,0.0007172850894968152,2.55013841047318,1.9266818
Gm8871,False,False,1,3.598158e-05,99.99640184225676,1.0,True,0.0007020511006703053,2.933697023070216,2.7578576
Fgf5,False,False,2,7.196316e-05,99.99280368451353,2.0,True,0.0004522248712707243,2.4937454306978535,1.8044775
Slco1b2,False,False,5,0.00017990789,99.98200921128382,5.0,True,0.001052291582169561,2.5072032509113353,1.8336407
Igkv2-107,False,False,3,0.00010794473,99.98920552677029,3.0,True,0.0010134125117092832,2.3294625309969503,1.4484745
Sval2,False,False,1,3.598158e-05,99.99640184225676,1.0,True,0.0004657547420966651,2.523231826642201,1.8683748
Igkc,False,False,228,0.01187392,99.17962003454231,330.0,True,0.06046714201641865,3.5238666333083812,4.0367618
Rpl34-ps1,False,False,1,3.598158e-05,99.99640184225676,1.0,True,0.00047282771040541434,2.5383072601629597,1.9010434
Or2a7,False,False,2,7.196316e-05,99.99280368451353,2.0,True,0.0007737790424913559,2.5773494604946854,1.9856484
Gm6308,False,False,1,3.598158e-05,99.99640184225676,1.0,True,0.0003839163011758157,2.3299563253487543,1.4495447
Abcc9,False,False,262,0.018602476,99.0572826712723,517.0,True,0.09305174720423239,3.1097374001341276,3.139339
Cd163,False,False,1109,0.08955815,96.00964306275188,2489.0,True,0.3661508442410853,2.893433923831918,3.2635236
St8sia1,False,False,82,0.003490213,99.70495106505469,97.0,True,0.021862115069264554,2.850874249039143,2.5783796
Gm50463,False,False,1,3.598158e-05,99.99640184225676,1.0,True,0.00038911415952478534,2.3434071116839843,1.4786927
Gm1965,False,False,4,0.00014392631,99.98560736902706,4.0,True,0.001289612264049935,2.40752675287697,1.6176406
Col1a2,False,False,3643,0.20534687,86.8919113413932,5707.0,True,0.6943101283791854,2.4992372105664735,1.5798318
Gm6443,False,False,2,7.196316e-05,99.99280368451353,2.0,True,0.0007494709668517496,2.8488007028420603,2.5738862
9130221F21Rik,False,False,3,0.00010794473,99.98920552677029,3.0,True,0.0006601748306458402,2.5862405880939874,2.0049155
Gimap8,False,False,350,0.014932355,98.74064478986759,415.0,True,0.09551059406479417,2.4731976022812527,1.7599502
Gimap4,False,False,332,0.016047783,98.80541162924584,446.0,True,0.09386951017101898,2.6224413752327673,2.083363
Gimap3,False,False,328,0.01529217,98.81980426021877,425.0,True,0.09596304245220318,2.7058628273219956,2.2641382
Gm4575,False,False,1,3.598158e-05,99.99640184225676,1.0,True,0.0005919360520202268,2.7630343783939146,2.3880296
Dnah6,False,False,338,0.038392343,98.78382268278642,1067.0,True,0.12625864272659543,2.921457877018814,2.7313352
1700065L07Rik,False,False,1,3.598158e-05,99.99640184225676,1.0,True,0.00045553309851529726,2.5010359797937705,1.8202761
Gm9001,False,False,1,3.598158e-05,99.99640184225676,1.0,True,0.0004431073164050768,2.473373290228985,1.7603308
Ctnna2,False,False,259,0.013708981,99.06807714450203,381.0,True,0.0751650537169351,3.6286552647912322,4.2638397
Fgd5,False,False,379,0.01709125,98.63629821531376,475.0,True,0.10163175270362369,2.3898317352546403,1.5792953
Gm5305,False,False,2,7.196316e-05,99.99280368451353,2.0,True,0.0008067333566218388,2.3850300859658846,1.5688901
Thsd7a,False,False,2409,0.30454808,91.33203799654576,8464.0,True,0.9604532418541508,3.70370412297038,4.7609696
Prickle2,False,False,4983,0.3254174,82.07037996545769,9044.0,True,0.8629888688749894,2.551719962266524,1.7305111
Vwde,False,False,7,0.00025187104,99.97481289579736,7.0,True,0.0023070040164668714,2.3726276350519058,1.5420139
Pals2,False,False,5444,0.3877015,80.41162924582615,10775.0,True,1.0105021455430818,2.7185289266109907,1.990578
Osbpl3,False,False,1217,0.060772885,95.62104202648244,1689.0,True,0.2694522402781884,2.4287368137195595,1.6636031
C530044C16Rik,False,False,16,0.0006116868,99.94242947610823,17.0,True,0.003908255302854741,2.348943889160309,1.490691
Vwf,False,False,135,0.008635579,99.51424870466322,240.0,True,0.0421324978305469,2.990959865354605,2.8819468
Kcna6,False,False,5,0.00017990789,99.98200921128382,5.0,True,0.001221185735711552,2.3882092809907873,1.5757794
Tmtc1,False,False,2588,0.18271445,90.68796776050661,5078.0,True,0.6434967298249494,2.817620379163585,2.4939177
Gm38901,False,False,3,0.00010794473,99.98920552677029,3.0,True,0.000890040330711916,2.559943962307848,1.9479305
Frmd4b,False,False,6633,0.6605138,76.13341968911918,18357.0,True,1.446276580487724,3.191964634066472,2.3398015
Gm25852,False,False,1,3.598158e-05,99.99640184225676,1.0,True,0.0004178347292994311,2.414634655868861,1.6330435
Gm44056,False,False,2,7.196316e-05,99.99280368451353,2.0,True,0.0005629816636381016,2.3955227606965885,1.5916278
Creb5,False,False,3323,0.28706104,88.04332181922857,7978.0,True,0.9056013949205414,3.339972348051302,3.9936028
Rpl18-ps2,False,False,3,0.00010794473,99.98920552677029,3.0,True,0.0006066082737979098,2.4013043310568785,1.6041566
Mdfic2,False,False,732,0.04652418,97.36614853195165,1293.0,True,0.18415788661793991,2.459606664264121,1.7304984
Actg2,False,False,167,0.016335636,99.39910765687968,454.0,True,0.057875316134121314,2.751728319112834,2.3635292
Gm55213,False,False,5,0.00021588946,99.98200921128382,6.0,True,0.0009842090473901844,2.606237476021237,2.048249
Bicd1,False,False,3279,0.27331606,88.20164075993091,7596.0,True,0.8395726887464389,3.0556549141033793,3.1773205
Vax2os,False,False,8,0.00028785263,99.97121473805412,8.0,True,0.0018454122170797453,2.4387545696675677,1.6853117
Chn2,False,False,1734,0.1525259,93.76079447322971,4239.0,True,0.5506938033650663,3.043145676633345,3.7527611
Gm8724,False,False,2,7.196316e-05,99.99280368451353,2.0,True,0.0006656282517560906,2.4122459986958753,1.6278673
Cftr,False,False,1663,0.102223665,94.01626367299943,2841.0,True,0.3982331907506322,2.54026525877585,2.1094167
Kcnd2,False,False,601,0.048647095,97.83750719631549,1352.0,True,0.21680382207905702,3.0951820123801275,3.1077974
5330437M03Rik,False,False,2,7.196316e-05,99.99280368451353,2.0,True,0.0004960273662782938,2.3584078742483015,1.5111995
Clec2g,False,False,138,0.0061528496,99.50345423143351,171.0,True,0.03186890285635642,2.372295917605128,1.541295
Klrb1f,False,False,40,0.0017271157,99.85607369027059,48.0,True,0.01218672850935213,2.569664958279059,1.9689959
Aqp1,False,False,670,0.027885722,97.58923431203223,775.0,True,0.13936390535852564,2.3630301447913697,1.521216
Tmem52b,False,False,1,7.196316e-05,99.99640184225676,2.0,True,0.0003899263814427438,2.3454927451558927,1.4832122
Klre1,False,False,112,0.0050734025,99.59700633275763,141.0,True,0.02824256766022687,2.5806949731583977,1.9928981
Klrd1,False,False,166,0.007052389,99.40270581462292,196.0,True,0.0381809265400471,2.4241306708526613,1.6536216
Klrk1,False,False,256,0.01324122,99.07887161773172,368.0,True,0.07386291395624268,2.803024194442952,2.474688
Klrc3,False,False,16,0.0006116868,99.94242947610823,17.0,True,0.004616227588234985,2.536999507133706,1.8982096
Klrc2,False,False,82,0.0037420841,99.70495106505469,104.0,True,0.025944368759150807,2.6931468776922785,2.2365828
Klrc1,False,False,49,0.0022668394,99.82369027058147,63.0,True,0.014920754160932971,2.581522193455419,1.9946908
Klri1,False,False,158,0.008383707,99.4314910765688,233.0,True,0.043320611794986974,2.447344240027999,1.7039256
Klri2,False,False,49,0.00205095,99.82369027058147,57.0,True,0.015116200834682304,2.648874875682989,2.1406448
Klra7,False,False,54,0.0026266552,99.80569948186529,73.0,True,0.015649880318175803,2.662634587500757,2.1704621
Klra10,False,False,8,0.00028785263,99.97121473805412,8.0,True,0.0024807382603869456,2.3664393012704767,1.5286037
Klra3,False,False,27,0.0012953368,99.90284974093264,36.0,True,0.005974944608237857,2.3977689879694037,1.5964954
Klra1,False,False,39,0.001619171,99.85967184801382,45.0,True,0.008906413587774628,2.3342529249598365,1.4588554
Klra2,False,False,270,0.013601036,99.02849740932642,378.0,True,0.0658845399246401,2.515254664419797,1.8510883
Cntn6,False,False,64,0.0035621761,99.76971790443294,99.0,True,0.01610770305756271,3.049613115417911,3.009049
Styk1,False,False,675,0.032743234,97.57124352331607,910.0,True,0.14411338329609222,2.399333365538085,1.5998855
Il5ra,False,False,48,0.002302821,99.8272884283247,64.0,True,0.015636916531136164,2.4859235249630363,1.7875273
4933406J09Rik,False,False,15,0.0006476684,99.94602763385146,18.0,True,0.0030307739755894504,2.480942079320886,1.7767324
Apold1,False,False,56,0.0021588947,99.79850316637882,60.0,True,0.011641777169654933,2.3518861552265453,1.4970669
Gm20673,False,False,1,3.598158e-05,99.99640184225676,1.0,True,0.0004452194267571032,2.4781297108304945,1.770638
Dysf,False,False,1513,0.073150545,94.55598733448475,2033.0,True,0.2731638071173237,2.545568723072456,1.9167792
Abcg2,False,False,902,0.040731147,96.75446171560161,1132.0,True,0.1991331633232108,2.372215024150185,1.5411197
Gm10445,False,False,5,0.00017990789,99.98200921128382,5.0,True,0.0013193700680139127,2.389025385583719,1.5775479
Cyp26b1,False,False,70,0.003490213,99.74812895797352,97.0,True,0.015226220434446866,2.396217374570125,1.5931331
Gm20756,False,False,6,0.00035981578,99.97841105354058,10.0,True,0.0019414168923557076,2.542251722435816,1.9095912
Fam13a,False,False,20489,6.225964,26.27734599884859,173032.0,True,3.1266860314293687,3.8182640332810687,1.7328231
Grm8,False,False,145,0.0073402417,99.47826712723085,204.0,True,0.04034201257125581,2.9120461399335427,2.71094
Snca,False,False,99,0.0050734025,99.64378238341969,141.0,True,0.023556595465518856,2.672928865471265,2.19277
Gm16433,False,False,5,0.00017990789,99.98200921128382,5.0,True,0.0009863088112601222,2.499793363638187,1.8175834
Mmrn1,False,False,243,0.018062752,99.12564766839378,502.0,True,0.10834035132158726,3.2437549519433717,3.4297566
Fscn3,False,False,5,0.00017990789,99.98200921128382,5.0,True,0.001139794505738481,2.4369894652080553,1.6814866
Ccser1,False,False,1589,0.09992084,94.28252734599884,2777.0,True,0.384701601926827,2.6238403408345854,2.3825288
Nat8,False,False,10,0.00035981578,99.96401842256765,10.0,True,0.002456224896439149,2.365367737548808,1.5262816
Tnip3,False,False,217,0.011334197,99.2191997697179,315.0,True,0.05672413021500885,2.482468619575788,1.7800405
Ndnf,False,False,268,0.015328152,99.0356937248129,426.0,True,0.0667127080301651,2.4242759520373656,1.6539364
Mgp,False,False,900,0.043465745,96.76165803108809,1208.0,True,0.18607376194761818,2.617824683424843,2.0733585
Vmn1r39,False,False,3,0.00010794473,99.98920552677029,3.0,True,0.0008139221581195773,2.5165558643130854,1.853908
Ptpro,False,False,1154,0.06429908,95.84772596430628,1787.0,True,0.25929234851471217,2.35313709088481,1.4997777
Eps8,False,False,5554,0.39212725,80.01583189407023,10898.0,True,1.0701261969874027,2.6041513686397466,1.6689392
A830011K09Rik,False,False,1,3.598158e-05,99.99640184225676,1.0,True,0.0006622313973006077,2.8752859261544317,2.63128
Plcz1,False,False,22,0.00086355786,99.92084052964883,24.0,True,0.005877860960515069,2.415861148418672,1.6357014
Pde3a,False,False,3022,0.21934369,89.12636729994243,6096.0,True,0.7454833133897717,2.834353852360937,2.5419598
Gkn3,False,False,7,0.00035981578,99.97481289579736,10.0,True,0.001700505163167662,2.480404251461417,1.775567
Hrh1,False,False,757,0.041234888,97.27619458837076,1146.0,True,0.19237208207685613,2.4615932741531648,1.7348034
1700012A03Rik,False,False,2,7.196316e-05,99.99280368451353,2.0,True,0.0006800668241324552,2.724517276312534,2.3045626
Plxna4,False,False,3180,0.29195452,88.55785837651122,8114.0,True,0.8873646092919227,3.0698292241605887,3.2180154
Eif4a3l2,False,False,1,3.598158e-05,99.99640184225676,1.0,True,0.0006903759109351268,2.9169212103496243,2.7215042
Rassf4,False,False,1434,0.08052677,94.84024179620035,2238.0,True,0.32281311184577616,2.34998000058356,1.4875907
Depp1,False,False,65,0.0024107657,99.7661197466897,67.0,True,0.015660647599994772,2.3982491021935712,1.5975358
Rasgef1a,False,False,28,0.0012233736,99.89925158318941,34.0,True,0.006536725111906145,2.6549714268124687,2.153856
Chrm2,False,False,61,0.003490213,99.78051237766263,97.0,True,0.013923110963480393,2.4224372831278,1.6499519
Ptn,False,False,29,0.0015112263,99.89565342544617,42.0,True,0.009037174057493193,2.71142390332905,2.276189
Atp6v0a4,False,False,1937,0.12028641,93.03036845135291,3343.0,True,0.4876537248494293,2.6150881685983696,2.3539279
Tbxas1,False,False,2626,0.2144502,90.55123776626367,5960.0,True,0.6684342404275229,2.7931821768875724,2.423755
Mgam2-ps,False,False,5,0.00017990789,99.98200921128382,5.0,True,0.0010611213272180152,2.412212602233132,1.627795
Cacna1c,False,False,3896,0.26316926,85.98157743235464,7314.0,True,0.7488088123561435,2.946565877294123,2.8641233
4930540M05Rik,False,False,7,0.00025187104,99.97481289579736,7.0,True,0.001183680277382877,2.444382283367635,1.697507
Tmem121b,False,False,2,7.196316e-05,99.99280368451353,2.0,True,0.000752440812893751,2.339025150700357,1.4691969
Gm7298,False,False,2,7.196316e-05,99.99280368451353,2.0,True,0.0007944189606379444,2.61492748010839,2.0670803
Hoxa11os,False,False,3,0.00010794473,99.98920552677029,3.0,True,0.0008123527315955045,2.6537506898048853,2.1512108
Hepacam2,False,False,187,0.008779505,99.32714450201496,244.0,True,0.04607655328932121,2.4064663819934506,1.6153429
Gm20714,False,False,1,3.598158e-05,99.99640184225676,1.0,True,0.0004657547420966651,2.523231826642201,1.8683748
Gm26774,False,False,2,7.196316e-05,99.99280368451353,2.0,True,0.0007928809588933874,2.528436803434034,1.879654
Nxph1,False,False,1475,0.25676453,94.6927173287277,7136.0,True,0.8077470708256757,4.24507651529438,6.592179
Il23r,False,False,60,0.004497697,99.78411053540587,125.0,True,0.02315380072830665,3.253336879196771,3.4505208
Gm43971,False,False,2,7.196316e-05,99.99280368451353,2.0,True,0.0006918942729869697,2.361219068900228,1.5172913
Gm38875,False,False,586,0.02921704,97.89147956246403,812.0,True,0.14028299075457062,2.3282103775413763,1.4457612
Gm46961,False,False,3,0.00014392631,99.98920552677029,4.0,True,0.0012431858062756115,2.4860345343166936,1.7877679
Gm7932,False,False,19,0.00071963156,99.93163500287852,20.0,True,0.0044126311130646256,2.341933216130388,1.4754987
Gm44174,False,False,23,0.00093552103,99.91724237190557,26.0,True,0.00562615320703578,2.5306210059878316,1.8843873
Lockd,False,False,239,0.013277202,99.14004029936673,369.0,True,0.05712018873345284,2.346929397649648,1.4863255
Gm30211,False,False,70,0.0036701208,99.74812895797352,102.0,True,0.020910476477379387,2.7235768187856064,2.3025248
Gm15987,False,False,833,0.060161196,97.00273459988486,1672.0,True,0.26889316687226517,2.9817001040681577,2.8618808
Clec9a,False,False,126,0.0095711,99.54663212435233,266.0,True,0.04512895940590519,2.809950641062415,2.4896977
Gm43914,False,False,55,0.0034182498,99.80210132412205,95.0,True,0.015592427125785362,2.5354360698837217,1.8948215
E230015B07Rik,False,False,1,3.598158e-05,99.99640184225676,1.0,True,0.0006163484026227201,2.803460350213483,2.4756331
Antxr1,False,False,1890,0.10423863,93.19948186528497,2897.0,True,0.4157646539339384,2.417361251432646,1.7077833
Gm45140,False,False,25,0.00097150257,99.9100460564191,27.0,True,0.004721647800230393,2.5214368200529638,1.864485
Klra17,False,False,12,0.00046776052,99.95682210708118,13.0,True,0.0030778658847366376,2.4812255467896027,1.7773467
Gm15854,False,False,8,0.0003238342,99.97121473805412,9.0,True,0.0013457804372972015,2.486731247288613,1.7892777
Klra4,False,False,89,0.004857513,99.67976396085204,135.0,True,0.026260080460304615,3.0597507749326223,3.0310175
Klra8,False,False,65,0.0041019,99.7661197466897,114.0,True,0.022981270626053086,2.9699211983177682,2.8363557
Klra9,False,False,48,0.0024467472,99.8272884283247,68.0,True,0.014969073177649757,2.652457398547459,2.1484082
1700063H04Rik,False,False,2,7.196316e-05,99.99280368451353,2.0,True,0.0007357577843905246,2.4387640605675536,1.6853322
Mfap5,False,False,1332,0.06678181,95.20725388601036,1856.0,True,0.2725589363936988,2.3880842122221537,1.5755085
Gm49885,False,False,2,7.196316e-05,99.99280368451353,2.0,True,0.0011532048671984126,2.7768274624895297,2.4179194
Rn7s6,False,False,1,3.598158e-05,99.99640184225676,1.0,True,0.0004323396619743525,2.4487675368601542,1.7070099
Trbc2,False,False,63,0.0025187104,99.77331606217616,70.0,True,0.01519842176717222,2.3757876588734748,1.5488616
4933402C06Rik,False,False,2,7.196316e-05,99.99280368451353,2.0,True,0.0006017403771753647,2.355394811232218,1.5046701
Shank2,False,False,1816,0.11147093,93.4657455382844,3098.0,True,0.4139732125536222,2.449136188105521,1.8116195
Zfp936,False,False,10,0.00035981578,99.96401842256765,10.0,True,0.0024949818839547547,2.3458486575463593,1.4839835
Gm45054,False,False,3,0.00010794473,99.98920552677029,3.0,True,0.0008959650283040739,2.4107571264899557,1.624641
Sh3gl3,False,False,78,0.0036341394,99.71934369602764,101.0,True,0.02228380537932645,2.389937248058441,1.5795239
Adamtsl3,False,False,592,0.032599308,97.86989061600461,906.0,True,0.15890262342225558,2.536642873575948,1.8974367
Gm10610,False,False,2,7.196316e-05,99.99280368451353,2.0,True,0.0005320838334561331,2.6564068615821457,2.1569667
Sult2a2,False,False,7,0.00025187104,99.97481289579736,7.0,True,0.0017966082054232352,2.3638847718254676,1.523068
Il16,False,False,2111,0.120070525,92.40428900402993,3337.0,True,0.4543999303780981,2.3914658692408324,1.6231608
Cyp2a12,False,False,1,3.598158e-05,99.99640184225676,1.0,True,0.0004452194267571032,2.4781297108304945,1.770638
Apba2,False,False,118,0.0063327574,99.57541738629821,176.0,True,0.04273138653084145,2.7675864346874164,2.3978941
Aldh1a3,False,False,298,0.014716465,98.92774899251583,409.0,True,0.0706621693216114,2.3765167359949895,1.5504416
Adamts17,False,False,204,0.010110823,99.26597582037996,281.0,True,0.04804540655244403,2.4003603029912255,1.6021109
Nox4,False,False,465,0.02212867,98.32685664939551,615.0,True,0.1102334128399548,2.437973525262985,1.6836191
Ctsc,False,False,6768,0.45890903,75.64766839378238,12754.0,True,1.0246827181696285,2.6532502342983184,1.8070091
Gvin-ps6,False,False,156,0.0069444445,99.43868739205527,193.0,True,0.04751714798153021,2.4978185197662555,1.813304
Or2ag1b,False,False,1,3.598158e-05,99.99640184225676,1.0,True,0.0006840558254101486,2.907721383568484,2.7015681
Me3,False,False,935,0.049222797,96.63572251007484,1368.0,True,0.20401482548088748,2.3671194003583143,1.5300775
Igf1r,False,False,10500,0.87417245,62.21934369602764,24295.0,True,1.6055752437856314,2.8385441667239046,1.6102018
Fam169b,False,False,183,0.008311745,99.34153713298791,231.0,True,0.05301078195326433,2.90954990654762,2.7055304
4930402F11Rik,False,False,3,0.00010794473,99.98920552677029,3.0,True,0.0006467855635540842,2.5328729292165804,1.8892672
Ovch2,False,False,198,0.020797351,99.28756476683938,578.0,True,0.07387240989574702,2.8169195660522437,2.5047996
4930441H08Rik,False,False,3,0.00010794473,99.98920552677029,3.0,True,0.0009333437721102933,2.3272552630345085,1.4436914
Gm31897,False,False,4,0.00014392631,99.98560736902706,4.0,True,0.0015991891101863008,2.3769402862451106,1.5513594
Gm9521,False,False,4,0.00014392631,99.98560736902706,4.0,True,0.0012164739742841358,2.376242323666206,1.5498469
Gm33626,False,False,4,0.00014392631,99.98560736902706,4.0,True,0.0013461284792184065,2.5928049358578122,2.0191405
Itgal,False,False,424,0.02076137,98.47438111686816,577.0,True,0.11348576626926064,2.5409817061415003,1.906839
Nova2,False,False,489,0.019753886,98.24050086355786,549.0,True,0.09149566987231426,2.3852878352965217,1.5694486
Stk33,False,False,307,0.027310017,98.8953655728267,759.0,True,0.09128702430203829,2.662714125148128,2.1706345
Sv2b,False,False,95,0.005289292,99.65817501439264,147.0,True,0.027139742150886756,2.625275559521696,2.0895047
AU018091,False,False,3,0.00010794473,99.98920552677029,3.0,True,0.0006109316221480757,2.380761757406836,1.5596405
Agbl1,False,False,227,0.010110823,99.18321819228555,281.0,True,0.05241655648455097,2.64931425514369,2.1415968
Gipr,False,False,48,0.002302821,99.8272884283247,64.0,True,0.014487558717852636,2.581577068520896,1.9948096
Ntrk3,False,False,1516,0.08707542,94.54519286125503,2420.0,True,0.30710756331126243,2.5448149563511637,2.1242845
Gm26802,False,False,4,0.00014392631,99.98560736902706,4.0,True,0.0009383996229291936,2.4104929147215417,1.6240684
Fosb,False,False,211,0.012413644,99.24078871617732,345.0,True,0.061849230224533015,2.7692675141323977,2.401537
Gm9132,False,False,1,3.598158e-05,99.99640184225676,1.0,True,0.00045442503877877034,2.4985999268727386,1.8149972
Lyve1,False,False,660,0.03634139,97.62521588946458,1010.0,True,0.1537704784314958,2.3458382651645207,1.483961
Galnt18,False,False,3950,0.26871043,85.78727691421992,7468.0,True,0.799408442594032,2.9478997204186546,2.8679528
Apoe,False,False,10261,0.8317861,63.079303396660904,23117.0,True,1.4209574958257956,3.3049926074828475,2.5918472
Gm45037,False,False,3,0.00010794473,99.98920552677029,3.0,True,0.0008110741484399574,2.3727461158172716,1.5422705
Itgad,False,False,27,0.001187392,99.90284974093264,33.0,True,0.0075793945928769165,2.711985316299344,2.2774057
Gm19345,False,False,1,7.196316e-05,99.99640184225676,2.0,True,0.0006558380662110084,2.8655816400989176,2.6102507
Ncr1,False,False,139,0.0077360393,99.49985607369027,215.0,True,0.04501745416527854,2.8980862045882376,2.6806886
Gm24154,False,False,6,0.00021588946,99.97841105354058,6.0,True,0.0014070391271329592,2.438173001552393,1.6840514
4930543E12Rik,False,False,2,7.196316e-05,99.99280368451353,2.0,True,0.0006622313973006077,2.8752859261544317,2.63128
Vmn1r174,False,False,1,3.598158e-05,99.99640184225676,1.0,True,0.0004901978452653341,2.5743940062792756,1.9792439
Vmn1r179,False,False,3,0.00010794473,99.98920552677029,3.0,True,0.0005834350245580022,2.5386698761390787,1.9018292
Gm39094,False,False,6,0.00021588946,99.97841105354058,6.0,True,0.0014471720228895113,2.388883906218029,1.5772414
Spon1,False,False,2274,0.13255613,91.81778929188256,3684.0,True,0.3852675251558284,2.386849473256092,1.608075
Gm44851,False,False,16,0.00071963156,99.94242947610823,20.0,True,0.00256615246700674,2.720595323427387,2.2960637
Gm5893,False,False,1,3.598158e-05,99.99640184225676,1.0,True,0.000590066508954299,2.7598701097826535,2.3811727
Acer3,False,False,3502,0.21448618,87.39925158318941,5961.0,True,0.6796084842073807,2.588716930470271,1.8367304
Plekha7,False,False,2769,0.15072682,90.036701208981,4189.0,True,0.5394755033541707,2.402860895999353,1.6603981
Vmn2r45,False,False,3,0.00010794473,99.98920552677029,3.0,True,0.0009434953177165483,2.3962944533738866,1.5933001
Etos1,False,False,1,3.598158e-05,99.99640184225676,1.0,True,0.0006204424829506301,2.8100829470605366,2.4899845
Dmbt1,False,False,4,0.00025187104,99.98560736902706,7.0,True,0.0005938645710562705,2.331860967702927,1.453672
Pou2f2,False,False,641,0.032923143,97.69358088658608,915.0,True,0.16719246227743112,2.595804310447142,2.0256402
Cd22,False,False,59,0.0026986182,99.78770869314911,75.0,True,0.01735086754607819,2.7837505768502426,2.432922
Hamp2,False,False,1,3.598158e-05,99.99640184225676,1.0,True,0.0005068216860143111,2.6077524536971186,2.051532
Adam12,False,False,11315,1.517487,59.28684513529073,42174.0,True,1.644318645661492,2.8184883837617103,1.5606023
Mrgprx1,False,False,5,0.00017990789,99.98200921128382,5.0,True,0.0006661022700712815,2.3374242577819584,1.4657277
Mki67,False,False,179,0.011262233,99.35592976396084,313.0,True,0.04698126640333066,2.4985620967287128,1.8149153
C230079O03Rik,False,False,1,3.598158e-05,99.99640184225676,1.0,True,0.0006298560408401088,2.8251460565877515,2.5226264
Gm5904,False,False,1,3.598158e-05,99.99640184225676,1.0,True,0.00041830251644769045,2.4157538291843075,1.6354688
Nav2,False,False,3597,0.29756764,87.05742659758204,8270.0,True,0.8698538149351271,2.9077811211446836,2.7527714
9130015G15Rik,False,False,7,0.00028785263,99.97481289579736,8.0,True,0.001810665896365046,2.482302904387321,1.7796814
Slc6a5,False,False,119,0.005037421,99.57181922855499,140.0,True,0.026773753920261614,2.7090090619516327,2.2709563
Vwa3a,False,False,723,0.04353771,97.39853195164076,1210.0,True,0.17283227270427667,2.6038171622970125,2.0430043
Ano5,False,False,1154,0.06750144,95.84772596430628,1876.0,True,0.3012054171345186,2.623389373049415,2.0854173
Scgb1b25-ps,False,False,1,3.598158e-05,99.99640184225676,1.0,True,0.0005166331491894819,2.626931195381361,2.0930924
Gm45079,False,False,2,7.196316e-05,99.99280368451353,2.0,True,0.0006215274263839842,2.381967418510417,1.5622532
Hs3st2,False,False,17,0.00071963156,99.93883131836499,20.0,True,0.0039057036791682992,2.3318408188815747,1.4536283
Prkcb,False,False,3143,0.1888673,88.69099021301093,5249.0,True,0.5927984018521869,2.6488381509746843,2.4642181
Gm6905,False,False,2,7.196316e-05,99.99280368451353,2.0,True,0.0005398647300786087,2.3404306681329805,1.4722427
Scart1,False,False,901,0.037960563,96.75805987334485,1055.0,True,0.18396260416441634,2.505319716458385,1.8295591
Or13a27,False,False,26,0.0012953368,99.90644789867588,36.0,True,0.008512076877744424,2.6232088113665015,2.085026
Gm19187,False,False,4,0.00014392631,99.98560736902706,4.0,True,0.001106365366270996,2.41054753048773,1.6241866
Or52s1b,False,False,1,3.598158e-05,99.99640184225676,1.0,True,0.000401663705216841,2.375155807114867,1.5474924
Or52ab2,False,False,1,3.598158e-05,99.99640184225676,1.0,True,0.0005509134857272169,2.69119303975729,2.2323487
Or51l14,False,False,1,3.598158e-05,99.99640184225676,1.0,True,0.0006529725410704489,2.861201327877641,2.6007586
Hs3st4,False,False,158,0.008923431,99.4314910765688,248.0,True,0.04452830453865785,2.8772854081543686,2.635613
3100003L05Rik,False,False,40,0.0019430051,99.85607369027059,54.0,True,0.010935477221038506,2.776639860341388,2.417513
Il21r,False,False,166,0.0070883706,99.40270581462292,197.0,True,0.039699118726411485,2.46805560534196,1.7488073
Eps8l2,False,False,1518,0.08049079,94.53799654576856,2237.0,True,0.3608906136732346,2.46614965247562,1.8672172
Lsp1,False,False,1262,0.06181635,95.45912492803684,1718.0,True,0.2775107101283718,2.4206717076465223,1.6461259
Gm6471,False,False,3,0.00010794473,99.98920552677029,3.0,True,0.0008244444563669093,2.331216911028607,1.4522763
Fam181b,False,False,5,0.00017990789,99.98200921128382,5.0,True,0.001292094926114972,2.33678975859764,1.4643527
Pla2g4c,False,False,41,0.0015831894,99.85247553252734,44.0,True,0.008252094863412478,2.339579159219603,1.4703975
Gm44254,False,False,1,3.598158e-05,99.99640184225676,1.0,True,0.0003940386632827753,2.35598587232593,1.5059509
Ano1,False,False,2507,0.1635003,90.9794185377087,4544.0,True,0.5962121700585815,2.6756133365343757,2.5517159
Gm34964,False,False,1,3.598158e-05,99.99640184225676,1.0,True,0.0003855007541611343,2.3340756701132457,1.4584713
Vmn2r72,False,False,1,3.598158e-05,99.99640184225676,1.0,True,0.0003932092771239073,2.353878376509659,1.501384
Or52r1,False,False,1,3.598158e-05,99.99640184225676,1.0,True,0.0006891023971178386,2.9150742205134614,2.7175016
Or51s1,False,False,5,0.00017990789,99.98200921128382,5.0,True,0.0009278837655470979,2.5755041804848293,1.9816496
Rinl,False,False,272,0.011514105,99.02130109383995,320.0,True,0.056766150445742215,2.3721101331548002,1.5408924
Gm29683,False,False,935,0.04907887,96.63572251007484,1364.0,True,0.1874959749650598,2.5303489734484934,1.8837978
AU020206,False,False,1259,0.05364853,95.46991940126655,1491.0,True,0.2334229933250724,2.3448566212167883,1.4818337
Gm57247,False,False,5,0.00017990789,99.98200921128382,5.0,True,0.0009669268015562848,2.366505692479055,1.5287476
Gm57204,False,False,496,0.024791308,98.21531375935521,689.0,True,0.11664372715761506,2.362578165065859,1.5202365
Gm25815,False,False,2,7.196316e-05,99.99280368451353,2.0,True,0.0006654771416241557,2.672233564268527,2.1912632
Gm7287,False,False,1,3.598158e-05,99.99640184225676,1.0,True,0.0006575693273899987,2.8682188303586766,2.6159656
ENSMUSG00000121315,False,False,1,3.598158e-05,99.99640184225676,1.0,True,0.0006004985858202174,2.7774003183391347,2.4191608
Or56a3,False,False,2,7.196316e-05,99.99280368451353,2.0,True,0.0007334026140381638,2.730530782241955,2.317594
Gm44641,False,False,6,0.00021588946,99.97841105354058,6.0,True,0.0010216751979438034,2.5854916253837943,2.0032926
Gm23714,False,False,1,3.598158e-05,99.99640184225676,1.0,True,0.00046517475483776716,2.521985502540119,1.865674
Crx,False,False,1,3.598158e-05,99.99640184225676,1.0,True,0.0006929366066826034,2.920624814720701,2.7295299
Odf3,False,False,5,0.00017990789,99.98200921128382,5.0,True,0.0008414840934874602,2.3267701362642423,1.4426402
Hbb-bt,False,False,246,0.012953368,99.11485319516407,360.0,True,0.05922341478183676,5.115265822657299,7.485342
Hbb-bs,False,False,1001,0.054116294,96.3982440990213,1504.0,True,0.21831621207513288,6.131153507850777,9.686782
Or52h1,False,False,1,3.598158e-05,99.99640184225676,1.0,True,0.00039115098175599155,2.3486290078162053,1.4900086
Zg16,False,False,27,0.0011154289,99.90284974093264,31.0,True,0.005422069076227029,2.354436448135052,1.5025934
1810008I18Rik,False,False,3,0.00010794473,99.98920552677029,3.0,True,0.0009917823546046719,2.5732590173977026,1.9767843
Rasip1,False,False,148,0.0061528496,99.46747265400116,171.0,True,0.04030862186377256,2.485139519116119,1.7858284
Trim30b,False,False,61,0.002374784,99.78051237766263,66.0,True,0.0132675719000026,2.3861174425937763,1.5712464
Gm57233,False,False,2,7.196316e-05,99.99280368451353,2.0,True,0.00040252916444244105,2.377308589628721,1.5521575
Snord34,False,False,3,0.00010794473,99.98920552677029,3.0,True,0.0007250202073889841,2.7239914784130397,2.3034232
Or51r1,False,False,3,0.00010794473,99.98920552677029,3.0,True,0.0009344354067447538,2.6610834679244024,2.167101
Or52k2,False,False,8,0.00028785263,99.97121473805412,8.0,True,0.0019091668627741415,2.4245734666812315,1.6545811
Or51b6b,False,False,1,3.598158e-05,99.99640184225676,1.0,True,0.000543698336696522,2.6780061826937263,2.2037725
Igf2,False,False,2,7.196316e-05,99.99280368451353,2.0,True,0.0005116804380597812,2.6172959068944617,2.0722127
Trpm5,False,False,3,0.00010794473,99.98920552677029,3.0,True,0.0007575297648026453,2.328990269567169,1.4474512
Kcnq1,False,False,1050,0.056922857,96.22193436960276,1582.0,True,0.23542286863864578,2.327235012799368,1.4436475
Lair1,False,False,537,0.025690846,98.06778929188256,714.0,True,0.12785824077170305,2.4320168637421773,1.6707109
Sult2a-ps4,False,False,3,0.00010794473,99.98920552677029,3.0,True,0.000873408103041426,2.3626643317294205,1.5204233
Lyz2,False,False,3287,0.2490285,88.17285549798504,6921.0,True,0.7216112468755108,3.234027557622749,3.6894329
Lyz1,False,False,682,0.04976252,97.54605641911341,1383.0,True,0.18119663786088053,3.0271631146143876,2.9603996
Lama2,False,False,3116,0.31469488,88.7881404720783,8746.0,True,0.9742952097423815,3.3432713062378476,3.7474036
Cpm,False,False,100,0.0040659183,99.64018422567645,113.0,True,0.023774769801560874,2.442650228997289,1.6937536
Themis,False,False,164,0.010398676,99.40990213010939,289.0,True,0.06297671334841354,2.968029498115705,2.8322563
Abtb3,False,False,574,0.026338514,97.93465745538285,732.0,True,0.12758622140182727,2.471815143974295,1.7569543
Gm32552,False,False,1,3.598158e-05,99.99640184225676,1.0,True,0.000645080820879611,2.8490379603112683,2.5744004
Timp3,False,False,2580,0.1378814,90.71675302245251,3832.0,True,0.5292943925063169,2.56452081195254,2.1886806
Ifng,False,False,3,0.00010794473,99.98920552677029,3.0,True,0.0005728059299420071,2.4929207005115464,1.8026903
Gm49751,False,False,3,0.00010794473,99.98920552677029,3.0,True,0.001156452586260278,2.3702003970557914,1.536754
Stab2,False,False,167,0.006476684,99.39910765687968,180.0,True,0.024989651409551547,2.3688860083100254,1.5339057
Nkain2,False,False,513,0.035441853,98.15414507772022,985.0,True,0.15910897951477002,2.98653361910476,2.872355
Pbld1,False,False,137,0.0053252736,99.50705238917675,148.0,True,0.029599482913662743,2.4864377062872807,1.7886416
Gm47844,False,False,1,3.598158e-05,99.99640184225676,1.0,True,0.00038352222665245377,2.3289291381856834,1.4473187
Ctnna3,False,False,546,0.029756764,98.03540587219344,827.0,True,0.12395376921262723,2.5461936581902678,1.9181334
Lrrtm3,False,False,183,0.011370178,99.34153713298791,316.0,True,0.051531400878009094,2.5948466855332653,2.023565
Gm26535,False,False,44,0.0016911342,99.84168105929764,47.0,True,0.006632123870910708,2.3729099876152486,1.5426257
Gm16212,False,False,1,3.598158e-05,99.99640184225676,1.0,True,0.0003986635666164226,2.367656991513965,1.5312424
Gm32872,False,False,6,0.00025187104,99.97841105354058,7.0,True,0.0013085485394364448,2.34587697089316,1.4840449
Gm35404,False,False,3,0.00010794473,99.98920552677029,3.0,True,0.0010431859037929709,2.3528366482898706,1.4991266
Gm31992,False,False,26,0.0010434658,99.90644789867588,29.0,True,0.006285117129674492,2.3646225241306915,1.5246667
Ak9,False,False,405,0.035477836,98.54274611398964,986.0,True,0.11847700868298865,2.680598519262302,2.2093902
Ccdc162,False,False,1025,0.09614278,96.31188831318364,2672.0,True,0.3001196349030737,3.1684362849785273,3.2665403
Gm20757,False,False,343,0.03673719,98.76583189407023,1021.0,True,0.12898861273443496,2.9889318987749425,2.8775523
Cfap54,False,False,538,0.061708406,98.06419113413932,1715.0,True,0.1955197659876942,2.992097193995495,2.8844113
Elk3,False,False,1616,0.07779217,94.18537708693148,2162.0,True,0.3470612542288256,2.4301196491550923,1.7494761
Sobp,False,False,822,0.04447323,97.04231433506045,1236.0,True,0.19538627757091212,2.4153818483175873,1.6346627
Ntn4,False,False,846,0.041594703,96.9559585492228,1156.0,True,0.18596948422895296,2.4217985160406177,1.6485677
1700027J07Rik,False,False,32,0.0013672999,99.88485895221646,38.0,True,0.008342514032028696,2.612760568678874,2.0623846
Gm35430,False,False,3,0.00010794473,99.98920552677029,3.0,True,0.0007905229769040615,2.635768887405449,2.112244
Gm47571,False,False,1,3.598158e-05,99.99640184225676,1.0,True,0.0004410151463761497,2.4686395184856513,1.7500727
Inhbe,False,False,1,3.598158e-05,99.99640184225676,1.0,True,0.0006384666065096201,2.838728408701191,2.5520594
Inhbc,False,False,4,0.00014392631,99.98560736902706,4.0,True,0.0011569807004071745,2.441366769699606,1.6909723
Grik2,False,False,176,0.009679045,99.36672423719057,269.0,True,0.042269070068682,2.469307778975551,1.7515209
Plxnc1,False,False,728,0.032707255,97.38054116292459,909.0,True,0.15530937845219622,2.3709240399621003,1.5383221
Sim1,False,False,923,0.04810737,96.67890040299368,1337.0,True,0.21797987675042113,2.3719059036045436,1.5404499
Gprc6a,False,False,1,3.598158e-05,99.99640184225676,1.0,True,0.00044681671103249634,2.481711666790533,1.7784002
Dcn,False,False,8817,0.7195596,68.27504317789293,19998.0,True,1.4860488769301783,3.109468610845308,2.1558402
Gm47626,False,False,2,7.196316e-05,99.99280368451353,2.0,True,0.0006123079335702736,2.7968812323733006,2.4613762
Ank3,False,False,4538,0.68170696,83.67156016119746,18946.0,True,1.4913637989000519,3.486937203740073,2.997573
B530045E10Rik,False,False,43,0.0017271157,99.84527921704087,48.0,True,0.009337999792600658,2.498469966919845,1.8147156
Gad1-ps,False,False,1,3.598158e-05,99.99640184225676,1.0,True,0.00039074187950880796,2.3475823161128413,1.4877404
Ros1,False,False,245,0.027777778,99.11845135290731,772.0,True,0.09843928831259985,2.8588541575814523,2.5956721
Gm48022,False,False,4,0.00014392631,99.98560736902706,4.0,True,0.0014710267149277965,2.4985716513075538,1.8149359
Slc35f1,False,False,63,0.0027705815,99.77331606217616,77.0,True,0.014659255767069274,2.375178687950707,1.547542
Bicc1,False,False,8739,0.859384,68.55569948186529,23884.0,True,1.6437335728452587,3.033204080864485,2.0916114
Rdh16,False,False,1716,0.10384283,93.82556131260795,2886.0,True,0.42402908582806453,2.5179756219772162,2.0365775
Man1a,False,False,9196,0.67944014,66.91134139320668,18883.0,True,1.3771757824992863,2.83789139969143,1.5502391
Gm34609,False,False,4,0.00014392631,99.98560736902706,4.0,True,0.0010891156720425274,2.471667746340758,1.756635
Gja1,False,False,3169,0.17296344,88.59743811168681,4807.0,True,0.5992005785581263,2.4390471297523035,1.7786498
Nts,False,False,6,0.00025187104,99.97841105354058,7.0,True,0.002280738381471172,2.3843846011978846,1.5674913
Gm47143,False,False,1,3.598158e-05,99.99640184225676,1.0,True,0.0004987038054575757,2.591601490975601,2.0165327
Pkib,False,False,219,0.010650547,99.21200345423144,296.0,True,0.050550722066786874,2.426809275562564,1.6594261
Lrriq1,False,False,664,0.0525331,97.61082325849165,1460.0,True,0.18652542829689078,2.597097619195073,2.0284429
Tmtc2,False,False,3498,0.23488773,87.41364421416235,6528.0,True,0.6926045136989598,2.7154717734557066,2.2006466
Sh3rf3,False,False,815,0.041846573,97.0675014392631,1163.0,True,0.18263248867437892,2.3260965438282755,1.4411805
Lin7a,False,False,219,0.012881405,99.21200345423144,358.0,True,0.07255968465262258,2.90313945347767,2.691639
Ptprq,False,False,668,0.035873633,97.59643062751871,997.0,True,0.1600940289786022,2.3902980798078217,1.5803059
Pla2g12b,False,False,13,0.0005037421,99.95322394933794,14.0,True,0.00263946191875283,2.525647739797537,1.8736101
Pawr,False,False,3378,0.21301094,87.8454231433506,5920.0,True,0.7339559959354826,2.5548857958291147,1.7396003
Syt1,False,False,94,0.0038140472,99.66177317213587,106.0,True,0.020362744048045178,2.3509071275011855,1.4949453
Nav3,False,False,11406,0.9912925,58.95941278065631,27550.0,True,1.4238402425171064,2.8251682018325623,1.521867
Gm36935,False,False,1,3.598158e-05,99.99640184225676,1.0,True,0.00042496349106593617,2.4315554820682266,1.6697111
Plekhg1,False,False,3502,0.2232297,87.39925158318941,6204.0,True,0.7703445548492689,2.6240995463781758,1.9383147
1700020G17Rik,False,False,243,0.013061313,99.12564766839378,363.0,True,0.055611394728972044,2.349225075661611,1.4913002
Ccdc170,False,False,686,0.051057857,97.53166378814048,1419.0,True,0.16778466454054422,2.5905704015776054,2.0142982
Esr1,False,False,15979,2.222366,42.50503742084053,61764.0,True,2.2719554774711246,3.408729053335903,1.7509472
Kcnc2,False,False,1871,0.13932067,93.26784686240644,3872.0,True,0.5285442427307787,2.848562298170437,3.1168892
Gm47540,False,False,1,7.196316e-05,99.99640184225676,2.0,True,0.0004129852802298604,2.40295822924004,1.6077406
Gm48614,False,False,7,0.00025187104,99.97481289579736,7.0,True,0.0016345300310926956,2.397607421375229,1.5961453
Gm48743,False,False,3,0.00010794473,99.98920552677029,3.0,True,0.0010734242173594877,2.6106470042221592,2.0578046
Or6c74,False,False,1,3.598158e-05,99.99640184225676,1.0,True,0.0005298203396777649,2.6521426428512442,2.147726
Gm25682,False,False,4,0.00017990789,99.98560736902706,5.0,True,0.0013576787337366903,2.4538529033892975,1.71803
Tespa1,False,False,179,0.0082397815,99.35592976396084,229.0,True,0.05107877851261997,2.5509950368716057,1.9285381
Pldi,False,False,1,3.598158e-05,99.99640184225676,1.0,True,0.0005702530547872671,2.7257051498337694,2.3071368
Gm47691,False,False,2,7.196316e-05,99.99280368451353,2.0,True,0.0006691734980942037,2.6203769111042736,2.0788894
Prf1,False,False,67,0.0026986182,99.75892343120323,75.0,True,0.015320598867804878,2.5722714797109507,1.9746443
Gm47402,False,False,1,3.598158e-05,99.99640184225676,1.0,True,0.0006194138723055291,2.8084231631033,2.4863877
Phactr2,False,False,7367,0.48287275,73.49237190558433,13420.0,True,1.1404464456035688,2.5258880872992897,1.4488566
Gm40603,False,False,4,0.00014392631,99.98560736902706,4.0,True,0.0012459999967451881,2.366040837665726,1.5277402
Adgrg6,False,False,1109,0.058829878,96.00964306275188,1635.0,True,0.24076000549995563,2.3788641939430515,1.5555285
Gm10335,False,False,1,3.598158e-05,99.99640184225676,1.0,True,0.0006753998612457234,2.8949824308716314,2.6739626
Gm47729,False,False,4,0.00014392631,99.98560736902706,4.0,True,0.0011339762327401107,2.521413868962446,1.8644353
Gm48483,False,False,5,0.00017990789,99.98200921128382,5.0,True,0.0015573289494904723,2.5587756640927517,1.9453987
Gm20139,False,False,14,0.00057570526,99.9496257915947,16.0,True,0.004303533323897202,2.5283360297276065,1.8794357
Gm33056,False,False,5,0.00025187104,99.98200921128382,7.0,True,0.0012608884926828053,2.449068611073418,1.7076623
Gm48563,False,False,1,7.196316e-05,99.99640184225676,2.0,True,0.0008040303632178532,3.0693788662424075,3.0518816
Pde7b,False,False,3155,0.19717905,88.64781232009211,5480.0,True,0.6122058380616981,2.654084305388075,2.4813619
Ccn2,False,False,188,0.008887449,99.32354634427173,247.0,True,0.04898648328994169,2.465890392342828,1.7441154
Samd3,False,False,99,0.005037421,99.64378238341969,140.0,True,0.03264029053861223,2.6908416013435152,2.2315872
Pcdh15,False,False,319,0.015400115,98.85218767990789,428.0,True,0.07134311705550131,2.3654749301570686,1.5265138
Adora2a,False,False,227,0.00935521,99.18321819228555,260.0,True,0.05810612800227389,2.5254604986625337,1.8732044
Gm26402,False,False,1,3.598158e-05,99.99640184225676,1.0,True,0.00048322386478934703,2.5600613999370507,1.948185
Gm20441,False,False,3,0.00014392631,99.98920552677029,4.0,True,0.001305567898670859,3.1964156770424133,3.3271718
Slc5a4a,False,False,6,0.00021588946,99.97841105354058,6.0,True,0.0015816224830627222,2.513353836860308,1.8469691
Gm56118,False,False,2,7.196316e-05,99.99280368451353,2.0,True,0.000728428358029056,2.6383858468333514,2.117915
Gm18119,False,False,3,0.00010794473,99.98920552677029,3.0,True,0.0010742811759259507,2.4656106357593903,1.743509
Gm47343,False,False,3,0.00010794473,99.98920552677029,3.0,True,0.0005077871009239513,2.37832848995928,1.5543677
Gm16106,False,False,1,3.598158e-05,99.99640184225676,1.0,True,0.0006552628538428932,2.864703852851382,2.6083486
Scml4,False,False,711,0.03306707,97.44170984455958,919.0,True,0.16187007389819397,2.3826802619369256,1.563798
1700025F24Rik,False,False,2,7.196316e-05,99.99280368451353,2.0,True,0.0006819475843187371,2.601247355767578,2.0374353
Grip1,False,False,2964,0.29544473,89.33506044905009,8211.0,True,0.9028752344925559,3.04751553687604,3.1539521
Fyn,False,False,2243,0.12410046,91.92933218192285,3449.0,True,0.5267191791455575,2.601435570653487,2.309313
A330049N07Rik,False,False,5,0.00017990789,99.98200921128382,5.0,True,0.001132374911665715,2.3560232808179586,1.506032
Gm30624,False,False,49,0.002122913,99.82369027058147,59.0,True,0.010659326667679778,2.514323423516737,1.8490702
Gm56949,False,False,14,0.0005037421,99.9496257915947,14.0,True,0.0034509348483149206,2.361205899266309,1.5172628
Ifngas1,False,False,40,0.0018710421,99.85607369027059,52.0,True,0.013235738602216166,2.9807911118818318,2.859911
Gm35154,False,False,741,0.043141913,97.33376511226253,1199.0,True,0.19710016554820384,2.497299583613314,1.8121793
Rmst,False,False,3481,0.49370322,87.47481289579736,13721.0,True,1.1979199364079471,3.6980340013448765,4.7450247
Gm56998,False,False,7,0.00025187104,99.97481289579736,7.0,True,0.0013289396235962357,2.3320110461016395,1.4539973
F930017D23Rik,False,False,86,0.0034182498,99.69055843408175,95.0,True,0.01969042967248525,2.3680068053511967,1.5320004
Gm26740,False,False,2177,0.14676885,92.1668105929764,4079.0,True,0.5628306967885195,2.6470689202173423,2.4584365
Gm57007,False,False,2,0.00010794473,99.99280368451353,3.0,True,0.00072941227856754,2.8495885867977426,2.5755937
ENSMUSG00000121429,False,False,2,7.196316e-05,99.99280368451353,2.0,True,0.0005223841412603598,2.4039813161183683,1.6099576
Theg,False,False,1,3.598158e-05,99.99640184225676,1.0,True,0.0004973759503437894,2.5889346441212617,2.0107536
Snord37,False,False,1,3.598158e-05,99.99640184225676,1.0,True,0.000504086542002284,2.6023398055884446,2.0398028
Gm51802,False,False,27,0.001187392,99.90284974093264,33.0,True,0.007750004883288436,2.68005147391999,2.2082047
Chst3,False,False,109,0.0045696604,99.60780080598734,127.0,True,0.028505839884422998,2.5504498347691826,1.9273566
Gm47529,False,False,2,7.196316e-05,99.99280368451353,2.0,True,0.0005000386390705499,2.594275148201582,2.0223265
Ipcef1,False,False,578,0.031555843,97.9202648244099,877.0,True,0.1478610601243779,2.5281325908244168,1.8789948
Arhgap45,False,False,1583,0.079555266,94.30411629245826,2211.0,True,0.37190327262918826,2.505859758677617,1.9969844
Ptprb,False,False,598,0.04242228,97.8483016695452,1179.0,True,0.24399273538752225,3.075799414353389,3.065795
Gm55815,False,False,1,3.598158e-05,99.99640184225676,1.0,True,0.0004722300980348358,2.5370422357141007,1.8983022
1700030O20Rik,False,False,1,3.598158e-05,99.99640184225676,1.0,True,0.0006564142040566401,2.866460057145792,2.6121542
Ttc29,False,False,180,0.015256189,99.35233160621762,424.0,True,0.044676365674402106,2.355705548550697,1.5053436
Gm45753,False,False,37,0.0013672999,99.86686816350029,38.0,True,0.005224836340746559,2.37246099887201,1.5416528
Gm47209,False,False,12,0.00043177893,99.95682210708118,12.0,True,0.001837728435457904,2.3292315548918356,1.4479741
Hhip,False,False,41,0.0022668394,99.85247553252734,63.0,True,0.010785682918860019,2.532559308516578,1.8885876
Smpd3,False,False,1657,0.09948906,94.03785261945885,2765.0,True,0.4033302653952391,2.7301692354738485,2.729997
Inpp4b,False,False,2224,0.20347582,91.99769717904434,5655.0,True,0.7999112108255776,4.330813199427222,6.8383307
Gm10073,False,False,3,0.00010794473,99.98920552677029,3.0,True,0.000595590749346978,2.4552304780321563,1.7210151
Gm9655,False,False,4,0.00014392631,99.98560736902706,4.0,True,0.0006847324210742529,2.3431803597710386,1.4782013
Gm31545,False,False,2,7.196316e-05,99.99280368451353,2.0,True,0.0004964246017028505,2.429711654264001,1.6657156
Rnf150,False,False,7666,0.5665299,72.41652274035694,15745.0,True,1.12543645969824,2.680229114542317,1.8828759
Mcf2l,False,False,766,0.033786703,97.24381116868163,939.0,True,0.17986323091171408,2.468254663395887,1.7492387
Sorbs2,False,False,3191,0.20980857,88.51827864133564,5831.0,True,0.6814386990172157,2.5271417074068623,1.6599463
Nfat5,False,False,14124,1.1215458,49.17962003454232,31170.0,True,1.7489541587752144,2.781026333641018,1.4679556
Stox2,False,False,8128,0.5368811,70.75417386298216,14921.0,True,1.1264010781673588,2.6076978042235046,1.678912
Hydin,False,False,387,0.042458262,98.60751295336787,1180.0,True,0.13170107537614908,2.889467695227372,2.662012
Il34,False,False,2957,0.18364997,89.36024755325273,5104.0,True,0.6513802482649115,2.7408396169126394,2.2734783
Tenm3,False,False,3088,0.24722941,88.88888888888889,6871.0,True,0.7847580452548872,2.788111560682563,2.409197
Gm45697,False,False,2,7.196316e-05,99.99280368451353,2.0,True,0.0006534789687738308,2.644594404171539,2.1313689
Neil3,False,False,127,0.007915947,99.5430339666091,220.0,True,0.03612714323065722,2.5035259019507468,1.8256719
Vegfc,False,False,1341,0.09153713,95.17487046632125,2544.0,True,0.350770742414757,3.0750144121270924,3.8569038
Csmd1,False,False,332,0.038032528,98.80541162924584,1057.0,True,0.17105836596615065,4.093137163679694,5.2703776
Gm45394,False,False,1,3.598158e-05,99.99640184225676,1.0,True,0.00044205882788149605,2.4710037955492212,1.7551961
Defb38,False,False,3,0.00017990789,99.98920552677029,5.0,True,0.0013416938090268424,3.181474625514564,3.2947943
Wdr17,False,False,1938,0.23146948,93.02677029360967,6433.0,True,0.6732431700650172,3.3474153455099183,4.0149717
Gpm6a,False,False,2758,0.2791451,90.0762809441566,7758.0,True,0.8343842690454402,3.222523294688933,3.6564038
Fam90a1a,False,False,1,7.196316e-05,99.99640184225676,2.0,True,0.000688467597979048,2.91415224930939,2.715504
Thsd1,False,False,366,0.015076281,98.68307426597582,419.0,True,0.06911543387321067,2.3985708543759277,1.5982331
Anxa10,False,False,13,0.00046776052,99.95322394933794,13.0,True,0.0029230531110579733,2.3674524159001216,1.5307992
Plcg2,False,False,1257,0.07142343,95.47711571675302,1985.0,True,0.3116144753871496,2.4851331828468948,1.9292527
Spock3,False,False,756,0.046272308,97.279792746114,1286.0,True,0.19428744640909112,2.627498400731384,2.0943217
Cdh13,False,False,1436,0.16029793,94.83304548071388,4455.0,True,0.6968434633769278,3.950434023076443,5.746253
Tll1,False,False,754,0.05001439,97.28698906160047,1390.0,True,0.22282477081558047,2.886055111345489,2.654617
1700051O22Rik,False,False,2,7.196316e-05,99.99280368451353,2.0,True,0.0008044164394606415,2.5600447416189307,1.9481488
Cpe,False,False,908,0.046883997,96.7328727691422,1303.0,True,0.204865307689088,2.3482950221266585,1.4892848
Marchf1,False,False,2138,0.1515544,92.30713874496259,4212.0,True,0.5552709696410748,2.7083646193072766,2.6587424
Npy1r,False,False,25,0.0010074842,99.9100460564191,28.0,True,0.0035154268390273336,2.4889692111265678,1.7941273
Psd3,False,False,8921,1.0091753,67.90083477259643,28047.0,True,1.7459411018623439,3.6420009983638706,3.5972152
Csgalnact1,False,False,2345,0.12132988,91.56232009211284,3372.0,True,0.4337753034997056,2.3737896859147374,1.5653975
Gm45639,False,False,4,0.00014392631,99.98560736902706,4.0,True,0.0009290215415515993,2.3791126885036085,1.556067
Zmat4,False,False,221,0.021481002,99.20480713874497,597.0,True,0.08102361857245956,2.8653569278888473,2.6097639
Lpcat2,False,False,291,0.01324122,98.95293609671847,368.0,True,0.0684195852019313,2.4268837055292884,1.6595874
Ces5a,False,False,12,0.0011154289,99.95682210708118,31.0,True,0.0032997120322977927,2.96555460714139,2.8268933
Cd209b,False,False,274,0.013924871,99.01410477835348,387.0,True,0.06302463181548426,2.3897188023956843,1.5790507
Adgrg5,False,False,50,0.0019070236,99.82009211283824,53.0,True,0.012283443663498527,2.454073607059839,1.7185082
Gm31983,False,False,4,0.00017990789,99.98560736902706,5.0,True,0.0008179578696891252,2.8276298773009048,2.528009
Gm44693,False,False,2,7.196316e-05,99.99280368451353,2.0,True,0.0006215370408833504,2.430272254763211,1.6669304
Gm28262,False,False,12,0.00043177893,99.95682210708118,12.0,True,0.002033367423716674,2.3306520619548206,1.4510523
Leat1,False,False,3,0.00010794473,99.98920552677029,3.0,True,0.0010036584250684372,2.636214271393889,2.113209
Efnb2,False,False,406,0.01734312,98.5391479562464,482.0,True,0.08969570203596035,2.411493944701694,1.6262376
Nalf1,False,False,114,0.00662061,99.58981001727115,184.0,True,0.030222328356043514,2.561528880877581,1.951365
Kifc3,False,False,3119,0.17861255,88.77734599884859,4964.0,True,0.6379107029188297,2.467940843921488,1.4899793
Gm39129,False,False,2,7.196316e-05,99.99280368451353,2.0,True,0.000729544463664184,2.573258644542978,1.9767835
Gm45751,False,False,1,3.598158e-05,99.99640184225676,1.0,True,0.000579091686520106,2.7410901718074614,2.3404763
Gm27956,False,False,2,7.196316e-05,99.99280368451353,2.0,True,0.0005199370144641407,2.422262142725796,1.6495724
Gm45705,False,False,4,0.00014392631,99.98560736902706,4.0,True,0.001051060111824288,2.434926431778502,1.677016
Gm45895,False,False,1,3.598158e-05,99.99640184225676,1.0,True,0.0005863621681945312,2.7535706139568195,2.3675215
Gm32005,False,False,2,7.196316e-05,99.99280368451353,2.0,True,0.0009493432172034828,2.5521159944570293,1.9309672
Nrg1,False,False,763,0.04155872,97.25460564191134,1155.0,True,0.19236398089514656,2.5195099188082675,1.8603094
Gm45422,False,False,1,3.598158e-05,99.99640184225676,1.0,True,0.00045167821209140364,2.4925355898794352,1.8018558
Cdh11,False,False,2324,0.22146662,91.63788140472077,6155.0,True,0.7015757679126945,3.0184446578281134,3.070489
Cdh5,False,False,419,0.020041738,98.49237190558433,557.0,True,0.12428408850952907,2.7064874500171276,2.265492
Gm45349,False,False,4,0.00014392631,99.98560736902706,4.0,True,0.0015047316823481264,2.5442381966620102,1.9138958
Prag1,False,False,699,0.028461428,97.4848877374784,791.0,True,0.14238409323713902,2.342655816683348,1.4770646
Gm45843,False,False,10,0.00043177893,99.96401842256765,12.0,True,0.0017468859940954619,2.449932399892398,1.7095342
Fgf20,False,False,22,0.00082757627,99.92084052964883,23.0,True,0.003893167125423936,2.3674481289503584,1.5307899
Slc7a2,False,False,304,0.014932355,98.90616004605643,415.0,True,0.0734941730372811,2.5446526316784976,1.914794
Lrrc36,False,False,487,0.037528787,98.24769717904432,1043.0,True,0.12786875299389003,2.4973896901333874,1.8123746
Gm8838,False,False,1,3.598158e-05,99.99640184225676,1.0,True,0.00045553309851529726,2.5010359797937705,1.8202761
Tmem59l,False,False,1,3.598158e-05,99.99640184225676,1.0,True,0.0004889148880861313,2.571772634801615,1.9735633
Ushbp1,False,False,249,0.010614566,99.10405872193438,295.0,True,0.06445495641035565,2.521562505703689,1.8647574
Abcc12,False,False,13,0.00046776052,99.95322394933794,13.0,True,0.0029378985494868735,2.371845587882357,1.5403192
Gm32352,False,False,5,0.00021588946,99.98200921128382,6.0,True,0.0013292189496544146,2.431907706772588,1.6704744
Irf8,False,False,731,0.035693724,97.36974668969488,992.0,True,0.1572361301637,2.4950391892742627,1.807281
Slc7a5,False,False,418,0.02032959,98.49597006332758,565.0,True,0.08594872387336956,2.3437926676539913,1.4795282
Cbfa2t3,False,False,1206,0.06264392,95.66062176165802,1741.0,True,0.288616755060715,2.530671532879975,1.8844968
Gm45893,False,False,4,0.00014392631,99.98560736902706,4.0,True,0.0010698335631251473,2.3672587323861163,1.5303794
Dpep1,False,False,1101,0.05408031,96.03842832469776,1503.0,True,0.25204566513804477,2.4404403528423253,1.6889647
Gm5373,False,False,2,7.196316e-05,99.99280368451353,2.0,True,0.0006026591849848388,2.364934501817482,1.5253427
Or2z8,False,False,1,3.598158e-05,99.99640184225676,1.0,True,0.0004091411285323798,2.3936045172934146,1.587471
Hsh2d,False,False,26,0.00093552103,99.90644789867588,26.0,True,0.007156498602499752,2.3574603759211112,1.5091462
Gm56838,False,False,2,7.196316e-05,99.99280368451353,2.0,True,0.0007029030098884312,2.8062672836796296,2.481716
Mir23a,False,False,2,7.196316e-05,99.99280368451353,2.0,True,0.0006979896139623924,2.4923360142007205,1.8014233
Chrnb3,False,False,7,0.00025187104,99.97481289579736,7.0,True,0.0014284306318001509,2.33263380384317,1.4553468
Gm56832,False,False,1,3.598158e-05,99.99640184225676,1.0,True,0.0004758387026042649,2.544656613466686,1.9148026
ENSMUSG00000121600,False,False,11,0.00043177893,99.9604202648244,12.0,True,0.0019167766175607398,2.349618141449084,1.492152
Gm49007,False,False,5,0.00017990789,99.98200921128382,5.0,True,0.0012687017712050812,2.354593966672138,1.5029347
Dach1,False,False,2416,0.1904145,91.30685089234312,5292.0,True,0.6733349834998251,3.0574530268559483,3.182483
Gm49017,False,False,2,7.196316e-05,99.99280368451353,2.0,True,0.0007445149314557327,2.3899386252453367,1.579527
Lmo7,False,False,2298,0.11981865,91.73143350604491,3330.0,True,0.4788454996436672,2.3878967342029584,1.6114974
Gm9013,False,False,1,3.598158e-05,99.99640184225676,1.0,True,0.00040691315144184134,2.388142992840738,1.5756358
C1qtnf9,False,False,91,0.0037061025,99.67256764536558,103.0,True,0.028390331862453336,2.7373226923533074,2.332312
Dnah12,False,False,540,0.13327576,98.05699481865285,3704.0,True,0.3617958293289065,3.9666758745682182,6.7707314
Ednrb,False,False,1096,0.081786126,96.05641911341394,2273.0,True,0.31405972709860225,2.693265264493757,2.6093998
Gm48970,False,False,11,0.00043177893,99.9604202648244,12.0,True,0.003303388374379795,2.3697354978745753,1.5357466
Gm48977,False,False,2,7.196316e-05,99.99280368451353,2.0,True,0.0006406562514577453,2.8421531459490432,2.559481
Gpc6,False,False,2964,0.36852333,89.33506044905009,10242.0,True,1.0353054438511478,3.649876170261449,4.609601
Mir6541,False,False,5,0.00017990789,99.98200921128382,5.0,True,0.0011442881241707646,2.425525506610889,1.6566441
Defb48,False,False,170,0.013025331,99.38831318364997,362.0,True,0.049660083488082554,2.476341822369325,1.7667637
Cacna2d3,False,False,2803,0.21750863,89.914363845711,6045.0,True,0.7099541387645197,2.876050107397923,2.661671
Blk,False,False,102,0.005433218,99.63298791018998,151.0,True,0.031255728097131785,2.8647900973535054,2.6085355
Tdh,False,False,1,3.598158e-05,99.99640184225676,1.0,True,0.0005328426630875844,2.657832397765471,2.1600559
Hs6st3,False,False,169,0.010902418,99.3919113413932,303.0,True,0.04990711217007026,2.8404922817372418,2.5558817
Scara5,False,False,6483,0.49114853,76.67314335060449,13650.0,True,1.1848741614719471,2.8372471489230553,2.324423
Cacna1d,False,False,2282,0.14270294,91.78900402993668,3966.0,True,0.4916043757244042,2.537772692800317,2.1012714
Ebf2,False,False,13920,1.7794689,49.913644214162346,49455.0,True,1.9440389490777914,2.90236118653391,1.9184653
Adam7,False,False,353,0.061492518,98.72985031663788,1709.0,True,0.2105070109669309,3.4880116783015627,3.9590638
Nalcn,False,False,1262,0.06724957,95.45912492803684,1869.0,True,0.2824185409483805,2.400580170382217,1.6025873
Itgbl1,False,False,1319,0.11967473,95.25402993667242,3326.0,True,0.468842807731984,3.27854262853801,4.522006
Fgf14,False,False,3619,0.49406305,86.97826712723085,13731.0,True,0.8012040402002344,2.8347499596522945,2.543097
Adam28,False,False,687,0.14619315,97.52806563039724,4063.0,True,0.41297876976002573,4.22299826493884,7.608358
Cadps,False,False,881,0.055015832,96.83002302820955,1529.0,True,0.24050021625830936,2.646066207459099,2.1345584
Gm49120,False,False,1,7.196316e-05,99.99640184225676,2.0,True,0.0003843112303688075,2.3309846894318564,1.4517732
Gfra2,False,False,1036,0.062571965,96.27230857800807,1739.0,True,0.26382343758400406,2.527097846168435,1.8767525
Gm4251,False,False,3,0.00010794473,99.98920552677029,3.0,True,0.0010698574996169667,2.557346657748548,1.9423021
Gng2,False,False,2101,0.11607657,92.44027058146229,3226.0,True,0.4230239688842551,2.490609598866522,1.9471489
Stab1,False,False,1031,0.058649972,96.29029936672424,1630.0,True,0.2543931371245483,2.4182179240650044,1.6408085
Lcp1,False,False,2259,0.13003743,91.87176165803109,3614.0,True,0.5024177956372439,2.528792880553836,2.0719266
Gm54930,False,False,3,0.00010794473,99.98920552677029,3.0,True,0.0008899747916679199,2.6967727397519594,2.2444398
Sema3g,False,False,71,0.0028425446,99.74453080023028,79.0,True,0.01806900182845639,2.3777493063028063,1.5531126
4930431P22Rik,False,False,7,0.00025187104,99.97481289579736,7.0,True,0.001484715907080736,2.3425042867116894,1.4767362
Epsti1,False,False,1921,0.12784255,93.08793897524468,3553.0,True,0.5085954261975372,2.816466846879475,3.0120058
Dgkh,False,False,3034,0.15043898,89.0831894070236,4181.0,True,0.5602702280724279,2.437302863057823,1.7729498
Gm49054,False,False,6,0.00025187104,99.97841105354058,7.0,True,0.0017738485385296976,2.7185320705315084,2.2915926
Pcdh17,False,False,161,0.008959413,99.42069660333908,249.0,True,0.05902392969705115,3.2460535466239975,3.4347377
Diaph3,False,False,722,0.0451209,97.402130109384,1254.0,True,0.18022584282586385,2.5365010752112394,1.8971294
Pcdh20,False,False,1,3.598158e-05,99.99640184225676,1.0,True,0.0005152083791841047,2.624168874765188,2.0871065
Gm48941,False,False,1,3.598158e-05,99.99640184225676,1.0,True,0.0004782751906842561,2.5497651873376173,1.9258729
Pcdh9,False,False,527,0.04540875,98.10377086931491,1262.0,True,0.2117681747577785,3.4054773915780903,3.780211
Gm48991,False,False,1,3.598158e-05,99.99640184225676,1.0,True,0.0004927839833481804,2.5796571292927424,1.9906491
Chat,False,False,1,3.598158e-05,99.99640184225676,1.0,True,0.0004522248712707243,2.4937454306978535,1.8044775
Tmem273,False,False,240,0.011514105,99.13644214162349,320.0,True,0.06276020629716765,2.4666470885849727,1.7457551
Fam170b,False,False,1,3.598158e-05,99.99640184225676,1.0,True,0.0005313272468344205,2.654983578531545,2.1538823
Wdfy4,False,False,1394,0.100856364,94.98416810592977,2803.0,True,0.4222292037615756,3.460505897617335,5.116637
Trdv1,False,False,1,3.598158e-05,99.99640184225676,1.0,True,0.0004159739429422315,2.410170414526858,1.6233695
Arhgap22,False,False,1075,0.04839522,96.13198042602188,1345.0,True,0.2092783197347147,2.349495190630919,1.4918855
Gm43434,False,False,25,0.0010794473,99.9100460564191,30.0,True,0.007430255542599099,2.488448082535301,1.7929981
Traj20,False,False,1,3.598158e-05,99.99640184225676,1.0,True,0.0003851034034358895,2.333044230174206,1.4562361
Traj11,False,False,2,7.196316e-05,99.99280368451353,2.0,True,0.0006141803194264211,2.4072091706563876,1.6169524
4930503F20Rik,False,False,1,3.598158e-05,99.99640184225676,1.0,True,0.0003932092771239073,2.353878376509659,1.501384
Nrg3,False,False,71,0.003310305,99.74453080023028,92.0,True,0.015663091773913805,2.7700605403215333,2.4032555
Eif1-ps1,False,False,2,7.196316e-05,99.99280368451353,2.0,True,0.0005491333496087798,2.351771459284752,1.4968183
Kcnma1,False,False,1975,0.11546488,92.89363845710996,3209.0,True,0.35790007545350405,2.477352654809898,1.9038271
1700062C10Rik,False,False,1,0.00017990789,99.99640184225676,5.0,True,0.0027434561067502476,4.297685627022968,5.7136364
Gm47782,False,False,18,0.00071963156,99.93523316062176,20.0,True,0.00534138811124063,3.1172404334220456,3.1555982
Lrrc3b,False,False,40,0.0018710421,99.85607369027059,52.0,True,0.012185804109347014,2.706864245057998,2.2663083
Gm31517,False,False,2213,0.11924295,92.03727691421992,3314.0,True,0.42372444580405194,2.4659358837182324,1.8665186
Or2t6,False,False,3,0.00010794473,99.98920552677029,3.0,True,0.001237322507394799,2.6029357851724937,2.0410943
Flnb,False,False,2053,0.10510219,92.6129821531376,2921.0,True,0.41725693716089185,2.426474999136053,1.7375659
Gm26991,False,False,1,7.196316e-05,99.99640184225676,2.0,True,0.000688467597979048,2.91415224930939,2.715504
Gm2897,False,False,8,0.00028785263,99.97121473805412,8.0,True,0.002462167664199626,2.4336935783627887,1.6743444
Plac9,False,False,3009,0.15551238,89.17314335060449,4322.0,True,0.5669334241761952,2.358134681871564,1.5142391
Gm53004,False,False,2,7.196316e-05,99.99280368451353,2.0,True,0.0007924419184808457,2.457125744045109,1.7251222
Gm29266,False,False,366,0.020725388,98.68307426597582,576.0,True,0.08302766378690415,2.3644718446230097,1.5243402
4933429O19Rik,False,False,2,7.196316e-05,99.99280368451353,2.0,True,0.0004980650658780195,2.349550601969384,1.4920057
Gm41177,False,False,5,0.00017990789,99.98200921128382,5.0,True,0.0012364426813040819,2.346973464918992,1.486421
Gm43647,False,False,73,0.0037061025,99.73733448474381,103.0,True,0.025828908504462303,2.7986852173624586,2.4652855
Gm34499,False,False,2,7.196316e-05,99.99280368451353,2.0,True,0.0007793902624984675,2.6996738741090427,2.2507267
Gm48594,False,False,2,7.196316e-05,99.99280368451353,2.0,True,0.0006221183084168193,2.3733733698794484,1.5436299
Gm34756,False,False,2,7.196316e-05,99.99280368451353,2.0,True,0.0007098750045220378,2.370942960682696,1.5383631
ENSMUSG00000121409,False,False,3,0.00010794473,99.98920552677029,3.0,True,0.0005915655444726062,2.388042555314209,1.5754181
Sftpd,False,False,2,7.196316e-05,99.99280368451353,2.0,True,0.0005150470966015866,2.333621250539298,1.4574866
Gm3468,False,False,16,0.00068364997,99.94242947610823,19.0,True,0.004752897126152585,2.5633336044002526,1.9552759
Gm8024,False,False,8,0.0003238342,99.97121473805412,9.0,True,0.002811683996402368,2.9419377130011437,2.775715
Gm8257,False,False,2,7.196316e-05,99.99280368451353,2.0,True,0.000739816447328341,2.4778449609615656,1.770021
Gm47723,False,False,1,3.598158e-05,99.99640184225676,1.0,True,0.00043284060081231264,2.4499257340923877,1.7095197
Col6a5,False,False,1632,0.11776771,94.12780656303973,3273.0,True,0.48052717096335973,3.1100748259372506,3.9714766
Col6a4,False,False,209,0.01619171,99.24798503166379,450.0,True,0.0604325534130559,2.570857706590325,1.9715806
Hcrtr2,False,False,14,0.00053972367,99.9496257915947,15.0,True,0.004280778648217844,2.5707516050635615,1.9713508
Opcml,False,False,1675,0.17908031,93.9730857800806,4977.0,True,0.6511322376116666,3.462217419929114,4.3445716
Tinag,False,False,1200,0.06433506,95.68221070811744,1788.0,True,0.28380228051760703,2.4049803127661473,1.6121224
Gm19541,False,False,1,3.598158e-05,99.99640184225676,1.0,True,0.00040296337188155474,2.3783869333604155,1.5544943
Adamts15,False,False,1156,0.053972367,95.84052964881981,1500.0,True,0.23355634221903754,2.399512513540007,1.6002737
Lrrc1,False,False,3621,0.1873201,86.97107081174438,5206.0,True,0.5940664956389226,2.3449803651286265,1.4712526
Ncam1,False,False,664,0.036377374,97.61082325849165,1011.0,True,0.14414681256802125,2.3874244965291638,1.5740788
Tmem45b,False,False,4100,0.48794618,85.2475532527346,13561.0,True,0.8906767106070572,2.7911260457320273,2.4178517
Fli1,False,False,3242,0.25651267,88.33477259643064,7129.0,True,0.8547151701609157,2.868670046573061,2.6404824
Ets1,False,False,1451,0.07822395,94.77907311456534,2174.0,True,0.4054942033624645,2.8252793596472743,3.040804
Gm27240,False,False,6,0.00025187104,99.97841105354058,7.0,True,0.0027555199822048323,2.851940645973471,2.5806906
Kirrel3,False,False,406,0.030008636,98.5391479562464,834.0,True,0.16034595490051146,4.548153251367178,6.2564025
Filip1,False,False,1412,0.06958837,94.91940126655153,1934.0,True,0.2971076777177039,2.3863275211570842,1.5717016
Hoatz,False,False,214,0.01939407,99.22999424294761,539.0,True,0.06546945583277043,2.5702972484325537,1.9703661
Pou2af1,False,False,69,0.003310305,99.75172711571675,92.0,True,0.018605530677130916,2.376060844958351,1.5494536
Gm47828,False,False,7,0.00035981578,99.97481289579736,10.0,True,0.002790292916251134,2.7095432719999732,2.2721138
Pou2af2,False,False,54,0.0021588947,99.80569948186529,60.0,True,0.009059648280413026,2.3998881118592843,1.6010876
Cdon,False,False,5756,0.4666451,79.28900402993668,12969.0,True,1.1450465510731436,3.0444731483562624,2.9071593
Gm1715,False,False,13,0.00046776052,99.95322394933794,13.0,True,0.0026077682635083847,2.363328212420349,1.5218619
Gm26907,False,False,34,0.0016551525,99.87766263673,46.0,True,0.010645248516762911,2.5496436522397397,1.9256096
Ttk,False,False,69,0.0030944156,99.75172711571675,86.0,True,0.014465035147322157,2.5042718361785288,1.8272883
Acsbg1,False,False,2759,0.232441,90.07268278641337,6460.0,True,0.7826322393927911,2.9111257163622284,2.7623737
Gm5619,False,False,1,3.598158e-05,99.99640184225676,1.0,True,0.0004776637275752985,2.54848564622828,1.9231001
Robo4,False,False,113,0.004749568,99.5934081750144,132.0,True,0.03032159884012876,2.3929802585675333,1.5861182
Or8a1b,False,False,3,0.00010794473,99.98920552677029,3.0,True,0.0008650356454426879,2.6204358798573115,2.0790172
Snap91,False,False,83,0.004497697,99.70135290731146,125.0,True,0.02178944267122122,2.49866943552986,1.8151479
Gm47175,False,False,4,0.00014392631,99.98560736902706,4.0,True,0.0009205128331028781,2.369186821355721,1.5345576
Or8b1c,False,False,9,0.0003238342,99.96761658031087,9.0,True,0.0027773857663888845,2.4500842361469473,1.7098632
Or8g27,False,False,1,3.598158e-05,99.99640184225676,1.0,True,0.000515919785082548,2.625549076476671,2.0900974
Trpc6,False,False,50,0.0027705815,99.82009211283824,77.0,True,0.013996009346129244,2.4397908279193024,1.6875572
Cntn5,False,False,217,0.014212723,99.2191997697179,395.0,True,0.050759261110794006,2.45694806514559,1.7247372
1700041C23Rik,False,False,1,3.598158e-05,99.99640184225676,1.0,True,0.0004338457900179248,2.452245888569877,1.7145475
Gramd1b,False,False,7120,0.46995538,74.3811168681635,13061.0,True,1.1464244232632044,2.6906681423289682,1.9122313
Crtam,False,False,25,0.0012233736,99.9100460564191,34.0,True,0.006957482358171247,2.9172022402257722,2.7221131
Ubash3b,False,False,2065,0.14075993,92.56980426021877,3912.0,True,0.5187495978063059,2.7904692210676934,2.9270492
Sema7a,False,False,135,0.0054691997,99.51424870466322,152.0,True,0.03301763454417262,2.3560089995366074,1.5060011
Gm29397,False,False,2,7.196316e-05,99.99280368451353,2.0,True,0.000496103855656088,2.3463476735067625,1.4850649
Slc9a9,False,False,3520,0.5113342,87.33448474381117,14211.0,True,1.2528892364615882,3.5895202520254745,3.2263272
Fat3,False,False,966,0.052677028,96.52417962003454,1464.0,True,0.21135614162361352,2.453631774369595,1.7175508
Gm48726,False,False,3,0.00010794473,99.98920552677029,3.0,True,0.0010207653712520498,2.6900130654985794,2.2297916
Muc16,False,False,1492,0.11769574,94.63154864709269,3271.0,True,0.44244671922811446,2.869979839688933,3.186879
Gm8520,False,False,2,7.196316e-05,99.99280368451353,2.0,True,0.0009984343578985297,2.593453629486054,2.0205462
Thsd4,False,False,1824,0.16519143,93.43696027633851,4591.0,True,0.5745958465242852,3.189248675761806,4.230206
Gm16004,False,False,4,0.00014392631,99.98560736902706,4.0,True,0.0008815827948738613,2.613198754077489,2.0633342
Scn4b,False,False,2,7.196316e-05,99.99280368451353,2.0,True,0.0005642248637144193,2.715074760481298,2.2841005
4930533D04Rik,False,False,2,7.196316e-05,99.99280368451353,2.0,True,0.0007344679677607889,2.44422613797382,1.6971686
Kif23,False,False,250,0.013313184,99.10046056419114,370.0,True,0.061323680865803344,2.417637080675056,1.6395499
Slco2a1,False,False,1280,0.06962435,95.3943580886586,1935.0,True,0.30267378919234766,2.6740683927594575,2.1952393
Dscaml1,False,False,151,0.011154289,99.45667818077143,310.0,True,0.035428890734843795,2.4874337483973155,1.7908
Skor1,False,False,4,0.00014392631,99.98560736902706,4.0,True,0.0009282786579615976,2.3843151413413852,1.5673409
Tmem108,False,False,771,0.05616724,97.22582037996546,1561.0,True,0.24026654070454895,3.158474402735296,3.2449527
Cpne4,False,False,53,0.0024467472,99.80929763960852,68.0,True,0.013661039681884951,3.018108627416851,2.9407785
Cadm1,False,False,4082,0.2880685,85.31232009211284,8006.0,True,0.7768460761476302,2.8972275155564655,2.7224717
Nxpe4,False,False,1180,0.05559154,95.75417386298216,1545.0,True,0.24946769785038747,2.3287605612938087,1.4469534
Nxpe2,False,False,132,0.0055051814,99.52504317789291,153.0,True,0.03277212362090805,2.45723936005125,1.7253684
Rnu5g,False,False,1,3.598158e-05,99.99640184225676,1.0,True,0.00045776566847621986,2.505926115999899,1.8308731
Bmper,False,False,10169,0.92746115,63.41033390903858,25776.0,True,1.5263542844560734,2.826497210611222,1.5248307
Gm3028,False,False,1,3.598158e-05,99.99640184225676,1.0,True,0.0004669188469178235,2.5257287633283902,1.8737857
Col6a6,False,False,1905,0.12428037,93.14550949913645,3454.0,True,0.4950480637587963,2.732331810274935,2.7370641
Tbx20,False,False,4,0.00014392631,99.98560736902706,4.0,True,0.0009064064810051882,2.462796610508122,1.737411
1700061E17Rik,False,False,2,7.196316e-05,99.99280368451353,2.0,True,0.0007376705645599169,2.7097129703830585,2.2724817
Gm1110,False,False,280,0.033031087,98.99251583189407,918.0,True,0.11588059854715957,3.014850532910474,2.9337182
Stac,False,False,163,0.0127014965,99.41350028785261,353.0,True,0.07279763635920021,3.199725614162881,3.3343446
Dapk2,False,False,649,0.030152561,97.66479562464019,838.0,True,0.15671766577664706,2.4664482494209947,1.7453241
Ppp1r2-ps4,False,False,1,3.598158e-05,99.99640184225676,1.0,True,0.0004192412599527757,2.4179959814859147,1.6403276
4933411E02Rik,False,False,4,0.00017990789,99.98560736902706,5.0,True,0.0009946302145315328,2.340180191979262,1.4716998
Gm39436,False,False,5,0.00017990789,99.98200921128382,5.0,True,0.0016786507683343942,2.4532492059509754,1.7167217
Trim71,False,False,26,0.0011514105,99.90644789867588,32.0,True,0.006626478714291769,2.485771485042771,1.7871978
C130032M10Rik,False,False,1,3.598158e-05,99.99640184225676,1.0,True,0.0005460822742752799,2.6823825007987985,2.2132561
D330037F02Rik,False,False,21,0.00097150257,99.92443868739205,27.0,True,0.005841339557817921,2.3777010883874277,1.5530081
Myo1e,False,False,2587,0.14284687,90.69156591824985,3970.0,True,0.5379931570347833,2.591760894374646,2.2776976
Eomes,False,False,29,0.0011514105,99.89565342544617,32.0,True,0.008163317747914118,2.607565055924838,2.051126
Itga9,False,False,2773,0.15220207,90.02230857800807,4230.0,True,0.5745064891379265,2.4004528064693877,1.6525289
Lipc,False,False,160,0.014644502,99.42429476108232,407.0,True,0.04258165811951901,2.4097249287356095,1.6224041
Gm32017,False,False,216,0.028317502,99.22279792746113,787.0,True,0.09347059605799991,2.856738262587138,2.591087
Aldh1a2,False,False,980,0.052820954,96.47380541162924,1468.0,True,0.2218141764790357,2.4015830251997023,1.6047605
Scn5a,False,False,57,0.0029145079,99.79490500863558,81.0,True,0.015584193681279881,2.4851942995440988,1.7859471
Gm25163,False,False,3,0.00010794473,99.98920552677029,3.0,True,0.0006270085662590021,2.327979118282986,1.44526
Klhl40,False,False,3,0.00010794473,99.98920552677029,3.0,True,0.0006994477895003078,2.3484091425710454,1.4895321
Unc13c,False,False,271,0.017523028,99.0248992515832,487.0,True,0.06591803039725863,2.384023194486295,1.5667082
Myo5a,False,False,6365,0.38503885,77.09772596430628,10701.0,True,0.9338407420023838,2.563235963167028,1.5538819
9530059O14Rik,False,False,392,0.020473517,98.5895221646517,569.0,True,0.07781091354559991,2.390049904779768,1.5797681
Gm5366,False,False,4,0.00014392631,99.98560736902706,4.0,True,0.0008780920932864503,2.382839442413648,1.564143
Clec3b,False,False,2195,0.115069084,92.10204375359817,3198.0,True,0.4492730192294511,2.5768013641878245,2.2288117
Bmp5,False,False,75,0.0037420841,99.73013816925734,104.0,True,0.02035335664843142,2.587410310969353,2.0074503
Xcr1,False,False,45,0.0019430051,99.8380829015544,54.0,True,0.010178137001343124,2.352377571979266,1.4981318
Ccr3,False,False,11,0.00043177893,99.9604202648244,12.0,True,0.003184785764553311,2.3765326336638464,1.5504761
Ccr2,False,False,1309,0.09070956,95.29001151410478,2521.0,True,0.3446716097062298,2.6843555273941586,2.580284
Ccr5,False,False,664,0.033354923,97.61082325849165,927.0,True,0.1588865694365807,2.4370201345572813,1.6815531
Gucy1a2,False,False,789,0.042890042,97.16105354058722,1192.0,True,0.1992846496826915,2.6171486236994994,2.0718937
Gria4,False,False,281,0.018494532,98.98891767415083,514.0,True,0.08420062386358033,2.950425085371839,2.7941074
Pdgfd,False,False,3497,0.22855498,87.41724237190557,6352.0,True,0.7271288225717871,2.6788818741598166,2.095596
Mmp12,False,False,54,0.0047135865,99.80569948186529,131.0,True,0.014441102491083145,2.6752741569272853,2.1978524
Mmp3,False,False,10,0.0010434658,99.96401842256765,29.0,True,0.005181677107550279,4.042459989911093,5.1605597
Gm48142,False,False,1,3.598158e-05,99.99640184225676,1.0,True,0.00042018424093150233,2.4202431903842268,1.6451973
Gm16142,False,False,1,3.598158e-05,99.99640184225676,1.0,True,0.00042448060573332627,2.430418352382416,1.6672469
Gm48803,False,False,1,3.598158e-05,99.99640184225676,1.0,True,0.00040691315144184134,2.388142992840738,1.5756358
Gm53533,False,False,2,7.196316e-05,99.99280368451353,2.0,True,0.0007592625589447838,2.3482349595362493,1.4891547
Gm31013,False,False,5,0.00017990789,99.98200921128382,5.0,True,0.0016658665527540747,2.615527890555426,2.0683815
Gm39321,False,False,5,0.00025187104,99.98200921128382,7.0,True,0.001340831386207017,2.684252996299419,2.2173095
Gm57048,False,False,2,7.196316e-05,99.99280368451353,2.0,True,0.0005435550071740344,2.3553319431297624,1.5045339
ENSMUSG00000121481,False,False,45,0.0018710421,99.8380829015544,52.0,True,0.010355597766502522,2.3879443915615397,1.5752054
Or8d6,False,False,2,7.196316e-05,99.99280368451353,2.0,True,0.0007519276259225303,2.4859419258819915,1.7875673
Gm27186,False,False,1,3.598158e-05,99.99640184225676,1.0,True,0.0005781954343039065,2.739540803135212,2.3371189
Gm28087,False,False,2,7.196316e-05,99.99280368451353,2.0,True,0.0007403748054904685,2.627864338170513,2.0951147
Gm37945,False,False,3,0.00010794473,99.98920552677029,3.0,True,0.0008941079081984382,2.3279159480304217,1.4451231
Or2t45,False,False,2,7.196316e-05,99.99280368451353,2.0,True,0.0005943053901466884,2.5349892127588,1.8938532
Or2t44,False,False,2,7.196316e-05,99.99280368451353,2.0,True,0.0008461398679630077,2.6514400784665115,2.1462035
1700030C12Rik,False,False,3,0.00010794473,99.98920552677029,3.0,True,0.0007717713134649725,2.400232430807701,1.6018337
Slc43a2,False,False,2510,0.12622337,90.96862406447899,3508.0,True,0.4543034098675076,2.3518789838738385,1.4937962
Bcl11a,False,False,328,0.020941278,98.81980426021877,582.0,True,0.11645676744241051,3.0207286165175513,2.946456
Ccdc85a,False,False,2548,0.17436673,90.83189407023605,4846.0,True,0.5839870847359038,3.034844360880225,3.7256336
Efemp1,False,False,7177,0.4869027,74.17602187679908,13532.0,True,1.1159622503787454,2.644501778781591,1.7824078
Ikzf3,False,False,467,0.030620322,98.31966033390904,851.0,True,0.18784708235078726,3.153470376266643,3.234109
Nlrp3,False,False,106,0.0041378816,99.61859527921703,115.0,True,0.024271563932901762,2.346003468852523,1.484319
Gsdma2,False,False,2,7.196316e-05,99.99280368451353,2.0,True,0.0006495925397434443,2.4658771196831877,1.7440865
Nxn,False,False,2490,0.16195308,91.04058721934369,4501.0,True,0.6237903523462986,2.9090128093903163,2.7563076
Top2a,False,False,218,0.013672999,99.21560161197466,380.0,True,0.058143934482740474,2.628152515893616,2.0957391
Ccr7,False,False,10,0.00043177893,99.96401842256765,12.0,True,0.003053224894397079,2.4723531412022153,1.7581202
Gm12101,False,False,1,3.598158e-05,99.99640184225676,1.0,True,0.0004384276990876397,2.4627538723160067,1.7373184
Hba-a1,False,False,270,0.013313184,99.02849740932642,370.0,True,0.057291237653124064,4.786937469874935,6.7738504
Hba-a2,False,False,201,0.009966897,99.27677029360967,277.0,True,0.04476830207419304,4.6713961009408935,6.523471
Stk10,False,False,1659,0.082325846,94.03065630397236,2288.0,True,0.3505803346053211,2.462822318258197,1.8563439
Kcnip1,False,False,149,0.006980426,99.46387449625792,194.0,True,0.029758781773906652,2.403480569017263,1.6088725
Dock2,False,False,3822,0.5453368,86.24784110535406,15156.0,True,1.3080117683453905,3.500625611898735,3.0280974
St6galnac1,False,False,2,7.196316e-05,99.99280368451353,2.0,True,0.0008038743519162627,2.5534213303255764,1.9337958
Wwc1,False,False,3220,0.263637,88.41393206678181,7327.0,True,0.8270547610732489,2.8271857198826265,2.52138
Gm22127,False,False,1,3.598158e-05,99.99640184225676,1.0,True,0.0006373774796284451,2.837020608510592,2.5483587
Atp10b,False,False,203,0.022020726,99.2695739781232,612.0,True,0.07875193563697884,2.7780772780551577,2.4206278
Gm12147,False,False,5,0.00017990789,99.98200921128382,5.0,True,0.001104107558727085,2.335274354090855,1.4610689
Gm12153,False,False,631,0.03972366,97.72956246401843,1104.0,True,0.17431262657862057,2.654132512410488,2.152038
Il12b,False,False,5,0.0003238342,99.98200921128382,9.0,True,0.0025980292007219295,3.304533017220974,3.5614634
Adam19,False,False,2236,0.12244531,91.9545192861255,3403.0,True,0.4680472721537487,2.459843247690212,1.8466088
Itk,False,False,238,0.011694012,99.14363845710996,325.0,True,0.07583558357439026,2.5993038767738414,2.0332239
BC053393,False,False,5,0.00017990789,99.98200921128382,5.0,True,0.000997484731675172,2.4700096935329006,1.7530419
Timd2,False,False,11,0.00039579734,99.9604202648244,11.0,True,0.0028589468268208915,2.3967385428180914,1.5942625
Specc1,False,False,1013,0.04969056,96.35506620610248,1381.0,True,0.21381899109729596,2.386866511518256,1.5728697
Timd4,False,False,334,0.01755901,98.79821531375936,488.0,True,0.07993805741142498,2.5277855583577855,1.8782429
Gm11753,False,False,2,7.196316e-05,99.99280368451353,2.0,True,0.0005476319713208443,2.5004420876369187,1.8189892
Btnl9,False,False,324,0.017415084,98.83419689119171,484.0,True,0.11399038900678744,2.8767391808364935,2.6344292
1700024J04Rik,False,False,1,3.598158e-05,99.99640184225676,1.0,True,0.0006417566982826772,2.843869927974244,2.5632012
Flt4,False,False,176,0.009211284,99.36672423719057,256.0,True,0.06312318485836155,2.895197915854325,2.6744297
Gfpt2,False,False,1110,0.07476972,96.00604490500864,2078.0,True,0.31833490805295694,2.9496827366376404,3.4473372
Gm26316,False,False,1,3.598158e-05,99.99640184225676,1.0,True,0.0005460822742752799,2.6823825007987985,2.2132561
Etv4,False,False,124,0.007016408,99.5538284398388,195.0,True,0.029828057038608902,2.4357880394124294,1.6788832
Hs3st3a1,False,False,240,0.016119746,99.13644214162349,448.0,True,0.06712067972486352,2.503218807507644,1.8250064
Grm6,False,False,2,7.196316e-05,99.99280368451353,2.0,True,0.001046253304365967,2.641971670839405,2.1256855
Cd300lg,False,False,368,0.014968337,98.67587795048935,416.0,True,0.07772831023322453,2.3571944170697754,1.5085698
Dnah9,False,False,609,0.05264105,97.8087219343696,1463.0,True,0.1691036674645942,2.6699184308000197,2.1862464
Myhas,False,False,2,7.196316e-05,99.99280368451353,2.0,True,0.0005988180770091541,2.329542517049217,1.4486479
Ntn1,False,False,3005,0.17166811,89.18753598157744,4771.0,True,0.6165784007749575,2.559476015931733,1.7527789
Gm12305,False,False,14,0.0005037421,99.9496257915947,14.0,True,0.004148888268586443,2.3624304875696462,1.5199165
Pik3r5,False,False,951,0.047819518,96.57815198618307,1329.0,True,0.21977441432972591,2.3655892721831613,1.5267617
Odf4,False,False,2,7.196316e-05,99.99280368451353,2.0,True,0.0004782136535225761,2.4011970141901555,1.603924
Asic2,False,False,992,0.0638673,96.43062751871042,1775.0,True,0.26158739745033266,2.675523522909766,2.1983926
Ccl8,False,False,164,0.009858952,99.40990213010939,274.0,True,0.04308760040118212,2.944103250861037,2.780408
Unc45b,False,False,335,0.013780944,98.79461715601612,383.0,True,0.07638818696692777,2.3343531242746907,1.4590726
Meikin,False,False,1,3.598158e-05,99.99640184225676,1.0,True,0.00038951977192095246,2.344449191368532,1.4809508
Gm11642,False,False,3,0.00014392631,99.98920552677029,4.0,True,0.0009763400973915427,2.7507109114195747,2.3613245
Gria1,False,False,499,0.032707255,98.2045192861255,909.0,True,0.12398062101933051,2.4972699429464233,1.8121152
Pecam1,False,False,896,0.050122336,96.77605066206102,1393.0,True,0.2756492362557189,2.903351654335336,2.6920989
Gm11953,False,False,1,3.598158e-05,99.99640184225676,1.0,True,0.00045553309851529726,2.5010359797937705,1.8202761
Pitpnc1,False,False,5905,0.5003958,78.75287852619459,13907.0,True,1.2789336377573886,3.0716945161902127,2.0716062
Asgr1,False,False,3,0.00010794473,99.98920552677029,3.0,True,0.000800983866102517,2.405488291042601,1.6132233
Clec10a,False,False,1295,0.07804404,95.34038572251008,2169.0,True,0.31370727766537937,2.5460940549347204,2.1284645
Cacng4,False,False,173,0.007808002,99.37751871042026,217.0,True,0.042109656698372376,2.5118405564696324,1.8436898
Mir497b,False,False,2,7.196316e-05,99.99280368451353,2.0,True,0.0005134945178166915,2.331681146260517,1.4532824
Alox12e,False,False,6,0.00028785263,99.97841105354058,8.0,True,0.0022020410984249414,2.6498065920296763,2.1426637
Rnf43,False,False,1837,0.10657743,93.39018422567645,2962.0,True,0.41959271101005674,2.417967225344986,1.7097636
Nefh,False,False,8,0.0003238342,99.97121473805412,9.0,True,0.0023656914865990667,2.365045365376117,1.525583
Gm11683,False,False,20,0.00071963156,99.9280368451353,20.0,True,0.004171850966675921,2.3398342953544207,1.4709504
Abca8b,False,False,1355,0.06703368,95.12449625791595,1863.0,True,0.28583461636341034,2.505423228659957,1.8297834
Dgkeos,False,False,2,7.196316e-05,99.99280368451353,2.0,True,0.0006266866246785034,2.8200997923986413,2.511691
Emid1,False,False,415,0.025438976,98.50676453655728,707.0,True,0.10669337442909918,2.4776983510499093,1.7697033
Abca8a,False,False,3385,0.2361111,87.82023603914796,6562.0,True,0.7674785861633479,3.1002364001677694,3.305315
Ankfn1,False,False,321,0.042638168,98.84499136442142,1185.0,True,0.12733093057913605,2.9627548178629604,2.820826
Abca9,False,False,2628,0.16573115,90.5440414507772,4606.0,True,0.5790647280248263,2.4835195634074396,1.9239796
Abca6,False,False,1317,0.065378524,95.26122625215889,1817.0,True,0.28446513476416035,2.3453432187210423,1.4828882
Kcnj16,False,False,1435,0.07984312,94.8366436384571,2219.0,True,0.3332376209964298,2.3863604788959414,1.606477
4930405D11Rik,False,False,21,0.00086355786,99.92443868739205,24.0,True,0.0028736922875330427,2.499378772112818,1.816685
Gm11501,False,False,1,3.598158e-05,99.99640184225676,1.0,True,0.0005366696015169658,2.6649907460500595,2.175568
4933434M16Rik,False,False,6,0.00025187104,99.97841105354058,7.0,True,0.0010520519104724754,2.6366043614959294,2.1140544
9230020A06Rik,False,False,142,0.018818365,99.48906160046056,523.0,True,0.06555440191200829,3.2619841976784203,3.4692595
Aipl1,False,False,1,3.598158e-05,99.99640184225676,1.0,True,0.0004313414876127505,2.446455601238657,1.7019999
Igfbp3,False,False,192,0.008311745,99.3091537132988,231.0,True,0.04552241448271105,2.3329678951875863,1.4560708
Vwc2,False,False,295,0.022308579,98.93854346574554,620.0,True,0.10162768349354988,2.8728961130259925,2.6261013
Gm12599,False,False,5,0.00017990789,99.98200921128382,5.0,True,0.000729493779360506,2.3904146657464183,1.5805585
Cobl,False,False,2653,0.1627087,90.4540875071963,4522.0,True,0.573861486465752,2.4822963096809536,1.9199822
4930554G24Rik,False,False,19,0.00093552103,99.93163500287852,26.0,True,0.006660368342318754,3.03783271581905,2.9835207
Col1a1,False,False,2440,0.12392055,91.22049510650547,3444.0,True,0.469886337404202,2.5454056692571374,2.126215
Egfr,False,False,12358,1.2046632,55.53396660909614,33480.0,True,1.8570461805035674,3.411847356851442,3.5063305
Fbxo48,False,False,17,0.0006476684,99.93883131836499,18.0,True,0.0037167211701292216,2.403682609515776,1.6093104
Gm37439,False,False,6,0.00021588946,99.97841105354058,6.0,True,0.0015712712625621716,2.3987087341528976,1.5985318
Rap1gap2,False,False,3795,0.19091825,86.34499136442142,5306.0,True,0.5617555648808152,2.442373202405809,1.789519
Hoxb1,False,False,4,0.00014392631,99.98560736902706,4.0,True,0.001160799974822258,2.5270607982302344,1.8766723
Skap1,False,False,1083,0.099992804,96.103195164076,2779.0,True,0.45369823255450104,3.5270664858682075,5.334148
Tbx21,False,False,193,0.009175302,99.30555555555556,255.0,True,0.05782383352410895,2.841864886367248,2.5588562
Ccl5,False,False,275,0.011514105,99.01050662061024,320.0,True,0.05735297601771009,2.8224259096413467,2.5167317
Ccl6,False,False,1641,0.106217615,94.09542314335062,2952.0,True,0.3779997643629673,2.6446492102637014,2.4505293
Ccl4,False,False,61,0.003310305,99.78051237766263,92.0,True,0.017748095510104134,3.0339628595273154,2.9751348
Dhrs7c,False,False,1,3.598158e-05,99.99640184225676,1.0,True,0.0005625258472605396,2.7120581400264205,2.2775636
Gas7,False,False,3870,0.34909326,86.07512953367875,9702.0,True,1.0246491748975006,3.4589370650023104,4.0726647
Ikzf1,False,False,3157,0.18922712,88.64061600460565,5259.0,True,0.6286161774144028,2.7030214054617567,2.1649013
Gm38659,False,False,1,3.598158e-05,99.99640184225676,1.0,True,0.0005328426630875844,2.657832397765471,2.1600559
Gm57347,False,False,3,0.00014392631,99.98920552677029,4.0,True,0.001112025011586368,3.0149841738846095,2.9340076
Gm39816,False,False,234,0.012845423,99.1580310880829,357.0,True,0.06222949489100903,2.6944077672407944,2.239315
Gm11685,False,False,6,0.00021588946,99.97841105354058,6.0,True,0.0015866494701005293,2.4098332564235605,1.6226388
Slc36a3os,False,False,7,0.00025187104,99.97481289579736,7.0,True,0.002118276824677306,2.3381908505678766,1.467389
Mir142hg,False,False,1671,0.10823259,93.98747841105354,3008.0,True,0.44566837293994643,2.7549154929265316,2.8108644
Gm33440,False,False,6,0.00021588946,99.97841105354058,6.0,True,0.0021437843640187975,2.590895863360491,2.0150037
Gm12002,False,False,484,0.023316063,98.25849165227403,648.0,True,0.12568584897956298,2.597035642314014,2.0283086
Gm30786,False,False,2,7.196316e-05,99.99280368451353,2.0,True,0.0005326601049273913,2.4684601487470186,1.749684
Gm11427,False,False,4,0.00014392631,99.98560736902706,4.0,True,0.0009652245178932038,2.5135370829967023,1.8473662
Alox15,False,False,43,0.0024467472,99.84527921704087,68.0,True,0.010624034390989783,2.512007145573839,1.8440509
Gcgr,False,False,4,0.00017990789,99.98560736902706,5.0,True,0.0013158636624656691,2.6748749934898717,2.1969874
Gm55574,False,False,3,0.00010794473,99.98920552677029,3.0,True,0.0007304681210040658,2.4791808811528755,1.772916
Cep295nl,False,False,74,0.0027345999,99.73373632700057,76.0,True,0.015865570535730806,2.371814405555095,1.5402516
Cd300a,False,False,641,0.029109096,97.69358088658608,809.0,True,0.14493585671128997,2.3604730295874865,1.5156747
Btf3-ps13,False,False,5,0.00017990789,99.98200921128382,5.0,True,0.0011811647107268762,2.350180507209531,1.4933707
Taco1,False,False,13998,1.956966,49.63298791018998,54388.0,True,2.399633964654938,3.282884371009389,1.5045106
2810433D01Rik,False,False,9,0.0003238342,99.96761658031087,9.0,True,0.0018471515384461277,2.331045596047737,1.4519051
Psmb5-ps,False,False,1,3.598158e-05,99.99640184225676,1.0,True,0.00040296337188155474,2.3783869333604155,1.5544943
Gm16342,False,False,5,0.00017990789,99.98200921128382,5.0,True,0.0008640925676482829,2.3376007386203983,1.4661101
Cdc34b,False,False,2,7.196316e-05,99.99280368451353,2.0,True,0.000572661153443301,2.394157547735391,1.5886694
Ccl2,False,False,139,0.0067645367,99.49985607369027,188.0,True,0.033321777203487876,2.5848654166461107,2.0019355
Car4,False,False,115,0.00478555,99.58621185952792,133.0,True,0.033538028146136815,2.558095989034218,1.9439259
Rpl13-ps1,False,False,20,0.0007915947,99.9280368451353,22.0,True,0.0031956511446320887,2.7513673409387254,2.3627472
Gm7065,False,False,3,0.00010794473,99.98920552677029,3.0,True,0.0008351057128615152,2.4252181090565563,1.655978
Gcnt2,False,False,3495,0.19448042,87.42443868739205,5405.0,True,0.6042888018025998,2.398870902525704,1.6473594
Gpr141,False,False,176,0.009715026,99.36672423719057,270.0,True,0.05544224651180149,2.7082503336163852,2.2693121
Gm53057,False,False,1,7.196316e-05,99.99640184225676,2.0,True,0.0004218446417860073,2.4241877973025887,1.6537453
Elmo1,False,False,5336,0.3959053,80.80023028209557,11003.0,True,1.1071978835107348,2.8490426996515352,2.3575933
Aoah,False,False,1299,0.082145944,95.32599309153713,2283.0,True,0.3598476474956469,2.7197053349249005,2.6958025
Gfod1,False,False,2037,0.09848158,92.67055267702936,2737.0,True,0.3763245457731862,2.5796445628338223,2.238103
Btn1a1,False,False,1,3.598158e-05,99.99640184225676,1.0,True,0.0005583228434939513,2.70455635257935,2.2613072
Cd83,False,False,451,0.022200633,98.3772308578008,617.0,True,0.1108434795279147,2.552895185974519,1.9326557
4930558J22Rik,False,False,1,3.598158e-05,99.99640184225676,1.0,True,0.0004178347292994311,2.414634655868861,1.6330435
Gm11337,False,False,14,0.0005037421,99.9496257915947,14.0,True,0.003943421337569163,2.3533307178876384,1.5001972
Zfp366,False,False,302,0.016839378,98.9133563615429,468.0,True,0.11053282336065473,2.945697511988242,2.7838628
Map1b,False,False,2911,0.17922424,89.52576280944157,4981.0,True,0.6219347802228946,2.6143657598585457,1.9103687
Adamts16,False,False,293,0.023208117,98.945739781232,645.0,True,0.11666092132500779,3.052857373054258,3.0160794
Scgn,False,False,1,3.598158e-05,99.99640184225676,1.0,True,0.00042448060573332627,2.430418352382416,1.6672469
Gm11339,False,False,2,0.00010794473,99.99280368451353,3.0,True,0.0008460178090366805,2.4985775501982763,1.8149488
Cap2,False,False,103,0.0048215315,99.62938975244676,134.0,True,0.023015116902074407,2.3799670336272647,1.5579184
Gm11341,False,False,1,3.598158e-05,99.99640184225676,1.0,True,0.0003847069429950345,2.3320140375512945,1.4540037
Cmah,False,False,1965,0.12039436,92.92962003454231,3346.0,True,0.4822695450456267,2.611837368258362,2.3433046
G630093K05Rik,False,False,1,3.598158e-05,99.99640184225676,1.0,True,0.000677850426512413,2.8986053415338144,2.6818135
Ripor2,False,False,1938,0.11010363,93.02677029360967,3060.0,True,0.48051439011888786,2.8669819420054536,3.1770823
Gm29502,False,False,74,0.003058434,99.73373632700057,85.0,True,0.01563992358393726,2.3308193252723295,1.4514148
Dcdc2a,False,False,4565,0.91202503,83.57440990213011,25347.0,True,1.7181838914509768,3.8007082758169934,3.989711
1700092E19Rik,False,False,1,3.598158e-05,99.99640184225676,1.0,True,0.0003870983831502376,2.338212213946711,1.4674352
Wnk2,False,False,1658,0.09484744,94.0342544617156,2636.0,True,0.3883653533129687,2.4559359675275987,1.8338403
Slc9a3,False,False,1072,0.05746258,96.14277489925158,1597.0,True,0.24741929201075277,2.3797343381074,1.5574142
Mast4,False,False,14279,1.7053828,48.621905584340816,47396.0,True,2.0797747254945267,3.3950606383899258,3.454013
Prl7b1,False,False,1,3.598158e-05,99.99640184225676,1.0,True,0.00047103943089314666,2.5345171076270296,1.8928301
Agtr1a,False,False,480,0.022632413,98.27288428324698,629.0,True,0.10697507100827965,2.328577437093162,1.4465566
Shc3,False,False,45,0.0018350604,99.8380829015544,51.0,True,0.010945526705270789,2.3456297964985873,1.4835092
Sema4d,False,False,825,0.035477836,97.03151986183074,986.0,True,0.1732244901211122,2.3575781729501193,1.5094014
Syk,False,False,2043,0.13806131,92.64896373056995,3837.0,True,0.5181308678566243,2.644255382323764,2.4492424
Ror2,False,False,1042,0.053972367,96.25071963154865,1500.0,True,0.2354872748746236,2.3595725753457644,1.5137234
Pcsk1,False,False,16,0.0007915947,99.94242947610823,22.0,True,0.0041407155189025855,2.360627024516069,1.5160084
Rnf180,False,False,2683,0.18001583,90.34614277489925,5003.0,True,0.6026987772584279,2.5636517709996256,2.1858408
Gm30411,False,False,3,0.00010794473,99.98920552677029,3.0,True,0.0009603611165519293,2.54010099651878,1.9049305
Gm47157,False,False,15,0.0006116868,99.94602763385146,17.0,True,0.0033158428124208535,2.450624930145441,1.7110349
Gm32067,False,False,36,0.0016551525,99.87046632124353,46.0,True,0.008362371504117007,2.599399534680653,2.033431
Ly86,False,False,1284,0.070379965,95.37996545768567,1956.0,True,0.29195091269086276,2.4646299870428896,1.741384
Gm47990,False,False,4,0.00014392631,99.98560736902706,4.0,True,0.0010768887703446512,2.5013409806908182,1.8209372
Gm40662,False,False,10,0.00039579734,99.96401842256765,11.0,True,0.0021227168346165865,2.331408988068408,1.4526926
Bmp6,False,False,1159,0.082145944,95.8297351755901,2283.0,True,0.3860763534289653,3.20022462390245,4.2660737
Mef2c,False,False,2969,0.22002734,89.3170696603339,6115.0,True,0.7444453791389449,2.912792431719297,2.767159
Plpp1,False,False,2355,0.12320092,91.52633851468049,3424.0,True,0.46322898213282504,2.4594803403943937,1.8454227
Edil3,False,False,55,0.0022668394,99.80210132412205,63.0,True,0.011629490087146501,2.510080379757115,1.8398755
Cdc20b,False,False,106,0.008923431,99.61859527921703,248.0,True,0.026376228090344487,3.4899085859158974,3.9631743
Gzma,False,False,253,0.01025475,99.08966609096143,285.0,True,0.04885668134090459,2.707697097612544,2.2681131
Gm41071,False,False,2,7.196316e-05,99.99280368451353,2.0,True,0.0004990725044080395,2.3951647538289293,1.590852
4930467J12Rik,False,False,1,3.598158e-05,99.99640184225676,1.0,True,0.000691653909582352,2.918771365903009,2.7255135
Vcan,False,False,1260,0.07048791,95.46632124352331,1959.0,True,0.2932527548097836,2.506148337813918,1.8313547
Itga2,False,False,385,0.01662349,98.61470926885436,462.0,True,0.07246784515522262,2.4403540492970452,1.6887778
4930435F18Rik,False,False,3,0.00010794473,99.98920552677029,3.0,True,0.0007562707385077904,2.375567679975793,1.5483849
Gm55276,False,False,1,3.598158e-05,99.99640184225676,1.0,True,0.0004410151463761497,2.4686395184856513,1.7500727
Chrm3,False,False,1161,0.109348014,95.82253886010362,3039.0,True,0.4397013706101844,3.143554185074737,4.0808825
Parp8,False,False,4069,0.23751439,85.3590961427749,6601.0,True,0.7762990210303776,2.4766192384911663,1.5148951
Emb,False,False,916,0.0433578,96.7040875071963,1205.0,True,0.19127403226195783,2.3562942521758274,1.5066192
Gm5445,False,False,2,7.196316e-05,99.99280368451353,2.0,True,0.0007121287263988372,2.524398847345246,1.8709037
Snora47,False,False,1,3.598158e-05,99.99640184225676,1.0,True,0.00038911415952478534,2.3434071116839843,1.4786927
Iqgap2,False,False,5824,0.43609673,79.04432930339667,12120.0,True,1.1336588922715225,2.6297173946826256,1.7408329
Gm40968,False,False,5,0.00017990789,99.98200921128382,5.0,True,0.0012115534833686227,2.42218606869384,1.6494075
Gm26645,False,False,1,3.598158e-05,99.99640184225676,1.0,True,0.0005298203396777649,2.6521426428512442,2.147726
Gli3,False,False,2446,0.1459053,91.19890616004605,4055.0,True,0.5560152969901734,2.489644444595938,1.9439949
Gcnt4,False,False,156,0.010074842,99.43868739205527,280.0,True,0.038655525025895636,2.3514810190369446,1.4961889
Amph,False,False,565,0.032275476,97.96704087507196,897.0,True,0.14954416212852614,2.4979326784150064,1.8135513
Gas1,False,False,2764,0.169941,90.05469199769718,4723.0,True,0.5881344766954402,2.607590571749929,2.3294268
1700015C15Rik,False,False,7,0.00025187104,99.97481289579736,7.0,True,0.0012822120058314068,2.3692554892778026,1.5347064
F13a1,False,False,3221,0.7247409,88.41033390903857,20142.0,True,1.4826193314572567,4.08147372043193,4.3233542
4930550C17Rik,False,False,4,0.00014392631,99.98560736902706,4.0,True,0.0010246297574645323,2.476940793473748,1.7680616
Or2b2,False,False,1,3.598158e-05,99.99640184225676,1.0,True,0.0005216827738707,2.6366603179826775,2.1141756
H2bc15,False,False,1,3.598158e-05,99.99640184225676,1.0,True,0.0004293587056349539,2.4418472094465016,1.6920135
Trgj2,False,False,1,3.598158e-05,99.99640184225676,1.0,True,0.0005283218704309361,2.6493096339072073,2.1415868
Trgv2,False,False,13,0.0005037421,99.95322394933794,14.0,True,0.0034960400162716934,2.6397046968224074,2.1207728
Gm31887,False,False,17,0.0006476684,99.93883131836499,18.0,True,0.003584005090397577,2.44471726211514,1.6982329
Mctp1,False,False,3276,0.6234528,88.21243523316062,17327.0,True,1.3994261657912745,3.969009293731872,4.0725656
2610307P16Rik,False,False,2050,0.13014537,92.6237766263673,3617.0,True,0.47811074952066096,2.5343815549645923,2.0901897
4921525O09Rik,False,False,3,0.00010794473,99.98920552677029,3.0,True,0.001082930039826325,2.4393695760032954,1.6866444
Gm9626,False,False,3,0.00010794473,99.98920552677029,3.0,True,0.0007169016678557228,2.3626545799473404,1.5204021
Ccl28,False,False,1325,0.06994819,95.23244099021301,1944.0,True,0.28753487702923197,2.336449087411753,1.4636146
Cts7,False,False,1,3.598158e-05,99.99640184225676,1.0,True,0.0006235488906469087,2.8150787987233645,2.5008106
Gpx5,False,False,274,0.015795913,99.01410477835348,439.0,True,0.07537321200892565,2.4228679224596457,1.6508851
Gm47172,False,False,3,0.00010794473,99.98920552677029,3.0,True,0.0006271547414474351,2.34588649348371,1.4840655
Gm41030,False,False,2,7.196316e-05,99.99280368451353,2.0,True,0.0005413057485939969,2.4387977552847397,1.6854053
Gm47577,False,False,1,3.598158e-05,99.99640184225676,1.0,True,0.0004220829152618719,2.4247525959786254,1.6549692
Npas3,False,False,1828,0.12676309,93.42256764536558,3523.0,True,0.4589512060544056,2.6225365400506955,2.378268
Greb1,False,False,2002,0.12856218,92.79648819804261,3573.0,True,0.49479896052608224,2.582575623086862,2.2476814
Fos,False,False,352,0.015795913,98.73344847438112,439.0,True,0.08182484172505242,2.43928856555834,1.6864688
Gm40847,False,False,63,0.0041378816,99.77331606217616,115.0,True,0.016014355444800118,2.4758909256529567,1.7657865
Gm29737,False,False,7,0.00025187104,99.97481289579736,7.0,True,0.0014603003834321884,2.389097984027714,1.5777053
Cox6c2,False,False,1,3.598158e-05,99.99640184225676,1.0,True,0.0004704463761274631,2.5332569734863135,1.8900994
Gm26973,False,False,4,0.00014392631,99.98560736902706,4.0,True,0.0011245536631852248,2.4708390439433368,1.7548391
Slc25a21,False,False,3654,0.3763673,86.85233160621762,10460.0,True,1.0621311901441646,3.0973181221677604,3.0557635
Foxa1,False,False,1,3.598158e-05,99.99640184225676,1.0,True,0.00045553309851529726,2.5010359797937705,1.8202761
4921518K17Rik,False,False,9,0.00043177893,99.96761658031087,12.0,True,0.002605782426832807,2.624841053499342,2.0885632
Tdrd9,False,False,31,0.001187392,99.8884571099597,33.0,True,0.006557009690161435,2.408302440294126,1.6193216
4930480M12Rik,False,False,5,0.00017990789,99.98200921128382,5.0,True,0.0011043080043861265,2.5348505243574757,1.8935527
4933409F18Rik,False,False,1,3.598158e-05,99.99640184225676,1.0,True,0.0005238771617531647,2.640858985506647,2.1232743
Nrxn3,False,False,321,0.025223086,98.84499136442142,701.0,True,0.09942085616630054,2.904043719902354,2.6935985
Gm47684,False,False,6,0.00021588946,99.97841105354058,6.0,True,0.0017282110704319414,2.4769623453814043,1.7681084
Gm9134,False,False,2,7.196316e-05,99.99280368451353,2.0,True,0.0005466774921256428,2.4193347476742932,1.6432287
Ighd,False,False,108,0.004425734,99.61139896373057,123.0,True,0.027738134176432613,2.4231545592045767,1.6515063
Gm17821,False,False,4,0.00014392631,99.98560736902706,4.0,True,0.0011689888402116651,2.370634118884653,1.5376939
Flrt2,False,False,4308,0.622985,84.49913644214162,17314.0,True,1.3628251769648498,3.7531076153577523,3.5911174
Gm35326,False,False,1,3.598158e-05,99.99640184225676,1.0,True,0.0003961275835719788,2.361274213520784,1.5174109
Gm47415,False,False,3,0.00010794473,99.98920552677029,3.0,True,0.0007885249210911926,2.4028081799753815,1.6074154
Ighv5-16,False,False,1,3.598158e-05,99.99640184225676,1.0,True,0.00038749986472341155,2.339249018232712,1.469682
Ighv4-1,False,False,1,3.598158e-05,99.99640184225676,1.0,True,0.0005054504289574895,2.605042494216118,2.0456595
Ighv10-3,False,False,1,3.598158e-05,99.99640184225676,1.0,True,0.0003862979127547393,2.33614184111158,1.4629487
Ighv1-52,False,False,1,3.598158e-05,99.99640184225676,1.0,True,0.0003927958660130256,2.3528262175745813,1.4991039
Gm5441,False,False,7,0.00025187104,99.97481289579736,7.0,True,0.0022775283156256576,2.4862944653844647,1.7883312
Kcnk13,False,False,1177,0.08153425,95.76496833621187,2266.0,True,0.31817786899347594,2.5990989576188053,2.3016772
Rapgef5,False,False,2041,0.13960852,92.65616004605643,3880.0,True,0.5475160877949307,2.9060907622317185,3.3048844
Gm40557,False,False,2,7.196316e-05,99.99280368451353,2.0,True,0.0007961511924173834,2.6164107136780212,2.0702946
Dnah11,False,False,1038,0.102763385,96.2651122625216,2856.0,True,0.3377556765865415,2.9934045147267625,3.5902138
Abcb5,False,False,18,0.0027345999,99.93523316062176,76.0,True,0.005909597595471962,3.057828491075469,3.026852
Hdac9,False,False,4229,0.457074,84.78339090385722,12703.0,True,1.1098455326846457,3.336377974802324,3.728019
Frmd6,False,False,3124,0.20894502,88.75935521013241,5807.0,True,0.7141122237994183,2.7277544202067707,2.2359104
Gm34047,False,False,8,0.00035981578,99.97121473805412,10.0,True,0.0034109645007017594,3.5368834335882666,4.0649695
Tspan13,False,False,518,0.022668393,98.13615428900403,630.0,True,0.1298903899520712,2.4529180343783232,1.716004
Gm5434,False,False,3,0.00010794473,99.98920552677029,3.0,True,0.0008443669681599882,2.367803301849846,1.5315595
Tc2n,False,False,513,0.024755325,98.15414507772022,688.0,True,0.13160810740845413,2.693649775986455,2.2376726
9630002D21Rik,False,False,213,0.013672999,99.23359240069085,380.0,True,0.06102804764615305,2.6631290856396523,2.1715338
Gm48616,False,False,14,0.00057570526,99.9496257915947,16.0,True,0.004515784030553218,2.5456235216443637,1.9168979
Meox2,False,False,180,0.0076280944,99.35233160621762,212.0,True,0.04896540469882987,2.446776750815458,1.7026958
Dgkb,False,False,139,0.008815487,99.49985607369027,245.0,True,0.031050266249272936,2.6606906380509536,2.1662498
4930428E07Rik,False,False,4,0.00014392631,99.98560736902706,4.0,True,0.0011734155569027922,2.4422184857097227,1.692818
Rtn1,False,False,1457,0.07829591,94.75748416810593,2176.0,True,0.33552005850802846,2.437311391462829,1.7729777
Prkch,False,False,1840,0.101360105,93.37938975244676,2817.0,True,0.469668256785794,2.804561930447163,2.973102
Asb2,False,False,77,0.0031663787,99.72294185377088,88.0,True,0.0193957239988157,2.355289100680093,1.504441
Rhoj,False,False,2682,0.17900835,90.34974093264249,4975.0,True,0.6624355126715512,2.7662388069590347,2.3464
Gm5656,False,False,2,7.196316e-05,99.99280368451353,2.0,True,0.001099760573251849,2.7515674596755395,2.3631806
Stxbp6,False,False,3711,0.24064478,86.6472366148532,6688.0,True,0.7419976725281708,2.690461161059657,2.1288404
Gm33680,False,False,7,0.00039579734,99.97481289579736,11.0,True,0.001911719407260768,2.3857752408035116,1.5705049
Gm48522,False,False,5,0.00017990789,99.98200921128382,5.0,True,0.0009167127808447308,2.590547712331701,2.014249
Nova1,False,False,2591,0.18307427,90.67717328727691,5088.0,True,0.6380556831112305,2.9241063772614795,2.7996416
Gm40418,False,False,3,0.00010794473,99.98920552677029,3.0,True,0.0007860586767023964,2.3430442767799113,1.4779063
Gm2721,False,False,1,3.598158e-05,99.99640184225676,1.0,True,0.000526831910357128,2.6464847808587026,2.1354654
Ak7,False,False,266,0.021301094,99.04289004029937,592.0,True,0.06937411955317856,2.3741944479919073,1.5454092
Rad51b,False,False,6823,0.47337362,75.44976971790443,13156.0,True,1.0402826358221064,2.5336385517964803,1.4706515
Bcl11b,False,False,599,0.02990069,97.84470351180195,831.0,True,0.16441142097885947,2.7737355693969996,2.4112194
Rgs6,False,False,991,0.078151986,96.43422567645365,2172.0,True,0.32689677696425995,3.0132723229793466,3.6551392
Efr3b,False,False,167,0.007052389,99.39910765687968,196.0,True,0.03895794897241238,2.4424117243595043,1.6932367
Gm6682,False,False,1,3.598158e-05,99.99640184225676,1.0,True,0.000651833293674703,2.8594545220121765,2.5969732
BC106175,False,False,2,7.196316e-05,99.99280368451353,2.0,True,0.00054574993465818,2.3402933233544974,1.471945
Gm46323,False,False,534,0.0314479,98.07858376511226,874.0,True,0.15099830804836328,2.537294526878604,1.8988489
Gm35638,False,False,7,0.00025187104,99.97481289579736,7.0,True,0.0010929703532290864,2.40665912816149,1.6157604
Gm55346,False,False,1,3.598158e-05,99.99640184225676,1.0,True,0.0005290699835397157,2.650725070493881,2.144654
Dio3,False,False,4,0.00014392631,99.98560736902706,4.0,True,0.0014407719134303203,2.4749556292961437,1.7637597
Gm56520,False,False,4,0.00017990789,99.98560736902706,5.0,True,0.0014146243369603164,2.8186150212979686,2.5084736
Gm36372,False,False,5,0.00017990789,99.98200921128382,5.0,True,0.0013557177764544374,2.497952736237474,1.8135948
Gm4804,False,False,123,0.0059009786,99.55742659758204,164.0,True,0.03281370687462064,2.4327883729969337,1.6723828
Gm56536,False,False,153,0.007915947,99.44948186528497,220.0,True,0.04850064270472238,3.0628387598274136,3.0377092
Gm29007,False,False,162,0.008311745,99.41709844559585,231.0,True,0.053389180322197666,2.7094762889695163,2.2719686
3300002A11Rik,False,False,668,0.057822395,97.59643062751871,1607.0,True,0.1605438437647191,2.811246976257088,2.492507
Rian,False,False,1061,0.060556997,96.18235463442717,1683.0,True,0.25822237951106164,2.460379770968141,1.7321737
Gm53771,False,False,8,0.00043177893,99.97121473805412,12.0,True,0.0029467208977714252,3.108989718833078,3.137719
Gm36723,False,False,531,0.037312895,98.08937823834198,1037.0,True,0.1862208036770482,3.2524916967785047,3.4486892
Gm56559,False,False,1,3.598158e-05,99.99640184225676,1.0,True,0.0006587288647726749,2.869981180720865,2.6197846
Meg3,False,False,2857,0.23780225,89.72006332757628,6609.0,True,0.8140861219234785,3.0917538361603647,3.2809615
ENSMUSG00000121355,False,False,7,0.00025187104,99.97481289579736,7.0,True,0.0015964028701068102,2.3617682371387225,1.5184814
Rsad2,False,False,196,0.009463155,99.29476108232585,263.0,True,0.045274757365967214,2.430683224794774,1.6678209
Eif1ad13,False,False,7,0.00025187104,99.97481289579736,7.0,True,0.001390424507266312,2.402092112492413,1.6058637
Lgmn,False,False,2162,0.12269718,92.22078295912493,3410.0,True,0.4627614972610001,2.49854639032653,1.9730853
Gm26571,False,False,9,0.0003238342,99.96761658031087,9.0,True,0.0016399841530745543,2.3438701347332977,1.479696
Gm48823,False,False,3,0.00010794473,99.98920552677029,3.0,True,0.000614774935895418,2.375465510453933,1.5481635
S100a11-ps,False,False,3,0.00010794473,99.98920552677029,3.0,True,0.0008931183024619147,2.3427785869913853,1.4773307
C7,False,False,2671,0.42839667,90.38932066781807,11906.0,True,1.097860189265588,4.2145517664048215,6.197514
Tnfrsf13c,False,False,23,0.00093552103,99.91724237190557,26.0,True,0.006198739959869669,2.3654708622914375,1.526505
5430437J10Rik,False,False,198,0.011442142,99.28756476683938,318.0,True,0.07046428929943503,3.1715269233795538,3.2732377
Gm24041,False,False,8,0.00028785263,99.97121473805412,8.0,True,0.0017829391365896425,2.372435545331704,1.5415976
Dab2,False,False,6019,0.5205095,78.34268854346574,14466.0,True,1.2587132193328219,2.9048152622358305,1.6994753
Fyb,False,False,1984,0.12813039,92.86125503742085,3561.0,True,0.5015675535898614,2.7110918426074666,2.6676548
Gm2245,False,False,440,0.021696892,98.4168105929764,603.0,True,0.10155655344261881,2.354032105973856,1.5017171
Gm29904,False,False,336,0.0232441,98.79101899827289,646.0,True,0.11055227009644995,2.7496322041018364,2.358987
D030024E09Rik,False,False,33,0.0014392631,99.88126079447322,40.0,True,0.007379193792703079,2.3638338926134965,1.5229577
Gm49014,False,False,3,0.00014392631,99.98920552677029,4.0,True,0.0006838277979604266,2.5801247874785904,1.9916625
Egflam,False,False,743,0.036881115,97.32656879677604,1025.0,True,0.15952082270926946,2.4956031420488336,1.8085032
Scube1,False,False,695,0.033606794,97.49928036845135,934.0,True,0.16483827433446616,2.363248086855883,1.5216882
Slc1a3,False,False,18180,4.191098,34.58549222797927,116479.0,True,2.6812311565722213,3.060947831809002,1.4739288
Il7r,False,False,238,0.0134211285,99.14363845710996,373.0,True,0.0820071812919799,2.8990432294455544,2.6827624
Spef2,False,False,544,0.04638025,98.0426021876799,1289.0,True,0.152154374217093,2.6171981954024766,2.072001
Npr3,False,False,12477,1.8182211,55.10578583765112,50532.0,True,2.0786162460929463,3.2069277126469595,2.8676777
Cdh10,False,False,30,0.001619171,99.89205526770294,45.0,True,0.0094859656325983,2.7705377330312517,2.4042895
Gm48956,False,False,4,0.00014392631,99.98560736902706,4.0,True,0.0010555807220331331,2.3723926403034845,1.5415046
Myo10,False,False,2937,0.13608232,89.43221070811744,3782.0,True,0.4498859303573915,2.4608327574343414,1.8498423
Fbxl7,False,False,5919,0.4011946,78.70250431778929,11150.0,True,1.0196361567756713,2.747774513747493,2.072819
Otulinl,False,False,985,0.045264825,96.45581462291307,1258.0,True,0.214415450112888,2.356297146258909,1.5066255
Dnah5,False,False,1979,0.13388745,92.87924582613701,3721.0,True,0.4913465786933021,2.5208086052123404,2.0458353
Gm41381,False,False,8,0.00028785263,99.97121473805412,8.0,True,0.0022817847173001666,2.4229116271374678,1.6509799
Ctnnd2,False,False,442,0.025007196,98.40961427748992,695.0,True,0.10005700483465348,2.354464843552497,1.5026549
Shank3,False,False,659,0.035010073,97.62881404720784,973.0,True,0.20083323771254108,2.8292728792696624,2.5315692
Ankrd33b,False,False,506,0.024215601,98.17933218192285,673.0,True,0.11479788313728637,2.3606714740478645,1.5161047
Gpr20,False,False,5,0.00021588946,99.98200921128382,6.0,True,0.0018781268286056857,2.633074305962616,2.1064048
Gm32405,False,False,2,7.196316e-05,99.99280368451353,2.0,True,0.0006643463742125678,2.699022105870953,2.2493143
Gm53029,False,False,13,0.00046776052,99.95322394933794,13.0,True,0.002818146551169341,2.334048631680717,1.4584128
Gm36618,False,False,3,0.00010794473,99.98920552677029,3.0,True,0.0009719838975596753,2.3265336640541348,1.4421277
Gm10238,False,False,2,7.196316e-05,99.99280368451353,2.0,True,0.0007525573912342941,2.8254987067796735,2.5233905
Gm33497,False,False,2,7.196316e-05,99.99280368451353,2.0,True,0.0008344776639119941,2.6241709520135146,2.087111
Rgs22,False,False,400,0.073978126,98.56073690270581,2056.0,True,0.21522359801277036,3.339893403271602,3.6380897
Gm33936,False,False,14,0.00053972367,99.9496257915947,15.0,True,0.0025068998800152143,2.398596488813319,1.5982887
Cntn1,False,False,81,0.004857513,99.70854922279793,135.0,True,0.028951480189453788,2.979199112991641,2.856461
Pdzrn4,False,False,389,0.020041738,98.6003166378814,557.0,True,0.07904436896692146,2.3841678346718296,1.5670216
Gm41300,False,False,3,0.00010794473,99.98920552677029,3.0,True,0.0011446301947165807,2.3320367793854926,1.454053
Adamts20,False,False,141,0.015400115,99.4926597582038,428.0,True,0.05213288592126569,3.1651067419505035,3.259325
Tmem117,False,False,492,0.026050663,98.22970639032815,724.0,True,0.10787308259056726,2.4375927913360895,1.6827941
Rims2,False,False,1227,0.070379965,95.58506044905009,1956.0,True,0.27822986942057687,2.3639335836779685,1.5231737
Gm33251,False,False,4,0.00014392631,99.98560736902706,4.0,True,0.0010164182548424384,2.57024516917934,1.9702532
Zfpm2,False,False,15231,1.7632772,45.196459412780655,49005.0,True,2.0900466832651787,3.063014131193061,2.4191566
Gm18092,False,False,4,0.00014392631,99.98560736902706,4.0,True,0.000734356096104335,2.580700014652742,1.9929091
Rspo2,False,False,28,0.0014032815,99.89925158318941,39.0,True,0.006671580859918127,2.543506254520057,1.9123098
Tmem74,False,False,2,7.196316e-05,99.99280368451353,2.0,True,0.0004953085296643092,2.369594591198192,1.5354412
Samd12,False,False,1358,0.07995106,95.11370178468624,2222.0,True,0.3314350110602939,2.6454433986062225,2.4531245
Colec10,False,False,4,0.00014392631,99.98560736902706,4.0,True,0.001115915756691787,2.471927576293821,1.757198
Col14a1,False,False,1183,0.07365429,95.74337938975245,2047.0,True,0.3110664904663697,2.6490787023321536,2.4650042
A730060N03Rik,False,False,2,7.196316e-05,99.99280368451353,2.0,True,0.0009052613992423452,2.584063208437933,2.0001972
Cacna1i,False,False,31,0.0012593552,99.8884571099597,35.0,True,0.009820199486031928,2.5076808730765885,1.8346758
Gm23220,False,False,1,3.598158e-05,99.99640184225676,1.0,True,0.0005909997140690197,2.761450819095865,2.384598
Grap2,False,False,439,0.025510939,98.42040875071963,709.0,True,0.15558012629680762,2.912151731978817,2.7111688
A430088P11Rik,False,False,9,0.00035981578,99.96761658031087,10.0,True,0.0020169326128449327,2.3411222523688706,1.4737413
Plcxd3,False,False,1354,0.12521589,95.12809441565918,3480.0,True,0.45822256621000174,3.2280104033032084,4.356874
Gm55508,False,False,1,3.598158e-05,99.99640184225676,1.0,True,0.0004870029853759873,2.5678535102174433,1.9650705
Gm49425,False,False,2,7.196316e-05,99.99280368451353,2.0,True,0.00073422975980507,2.750259414723564,2.360346
Il2rb,False,False,245,0.011694012,99.11845135290731,325.0,True,0.0682805772661987,2.684523153422336,2.217895
Gm5960,False,False,1,3.598158e-05,99.99640184225676,1.0,True,0.0005525430790715834,2.694147501201637,2.238751
Gm56693,False,False,19,0.00071963156,99.93163500287852,20.0,True,0.005186096562589859,2.3568400832995593,1.507802
Gm56730,False,False,3041,0.15687968,89.05800230282097,4360.0,True,0.5379706756363559,2.4903476390483554,1.9462929
Gm41331,False,False,91,0.004857513,99.67256764536558,135.0,True,0.02318435817797429,2.408204495385407,1.6191093
Gm2682,False,False,450,0.05289292,98.38082901554405,1470.0,True,0.31290769708286686,3.835328796305928,6.341507
Selenop,False,False,5544,0.3302389,80.05181347150258,9178.0,True,0.8500963914672457,2.6417984235239462,1.9891286
Pkhd1l1,False,False,2005,0.16670264,92.78569372481289,4633.0,True,0.5845441458698454,2.8805759774497703,3.2215056
Prph,False,False,1,3.598158e-05,99.99640184225676,1.0,True,0.0006439689830062116,2.8473123135699043,2.5706608
C1ql4,False,False,2,7.196316e-05,99.99280368451353,2.0,True,0.000842389072412569,2.503925547503531,1.826538
Galnt6,False,False,157,0.006368739,99.43508923431203,177.0,True,0.03252109248093863,2.3581417873110726,1.5106229
Gm30691,False,False,2,7.196316e-05,99.99280368451353,2.0,True,0.0006691209769411132,2.7716857648284594,2.4067774
Adcy8,False,False,3923,0.5166235,85.88442717328728,14358.0,True,1.260439193900906,3.380579838849025,2.7604024
Mucl1,False,False,24,0.0012593552,99.91364421416235,35.0,True,0.0049519097522537645,2.8951271685702067,2.6742764
Gm54416,False,False,1,3.598158e-05,99.99640184225676,1.0,True,0.0004895554053046464,2.573082176764457,1.9764011
Rpl39-ps,False,False,1,3.598158e-05,99.99640184225676,1.0,True,0.00041094120103570345,2.397995377802148,1.596986
Fstl1,False,False,2279,0.13428324,91.79979850316637,3732.0,True,0.49379919415200757,2.569791883318703,2.2059057
Gm49707,False,False,3,0.00010794473,99.98920552677029,3.0,True,0.0008546622392005342,2.3549092640067033,1.5036179
Hunk,False,False,2253,0.12762666,91.8933506044905,3547.0,True,0.4907827179835908,2.4688761602685214,1.876127
Myh11,False,False,286,0.017271157,98.97092688543466,480.0,True,0.061979316167858615,2.470806447818203,1.7547685
Igsf11,False,False,1061,0.05685089,96.18235463442717,1580.0,True,0.24506907231612687,2.3704725338361974,1.5373437
Lsamp,False,False,361,0.022704376,98.701065054692,631.0,True,0.10633505139983981,3.223308247852037,3.3854485
Sidt1,False,False,156,0.0074841683,99.43868739205527,208.0,True,0.04675133002937276,2.725110235703258,2.3058476
Cfap44,False,False,1117,0.10103627,95.98085780080598,2808.0,True,0.3398624182531899,2.9381925686963766,3.4097888
Spag6l,False,False,307,0.027345998,98.8953655728267,760.0,True,0.0916011915345838,2.611222469037202,2.0590515
Cd200r1,False,False,1185,0.07912349,95.73618307426598,2199.0,True,0.3145150572208913,2.6076047683383994,2.329473
Gm46540,False,False,2,7.196316e-05,99.99280368451353,2.0,True,0.0008378494394539228,2.6432567825642264,2.1284702
Btla,False,False,258,0.014176741,99.07167530224525,394.0,True,0.08225900566953098,2.8039800221168023,2.4767594
Cd200l1,False,False,1451,0.09520725,94.77907311456534,2646.0,True,0.36670946707989865,2.517358766706018,2.0345616
Retnla,False,False,4969,0.43937105,82.12075417386298,12211.0,True,1.0326308629665992,3.8145615029758315,5.072709
Runx1,False,False,4318,0.38511083,84.46315486470927,10703.0,True,1.062163781823705,3.1823288050932628,3.2948203
Gm49723,False,False,3,0.00014392631,99.98920552677029,4.0,True,0.0009290981669090642,2.3370886594626445,1.4650005
Sim2,False,False,80,0.0031303973,99.71214738054115,87.0,True,0.01891972077451612,2.3492521159242226,1.4913589
Alcam,False,False,12351,1.8080742,55.55915371329879,50250.0,True,1.7916345848729547,2.981207776862498,1.9630204
4930405D01Rik,False,False,10,0.00035981578,99.96401842256765,10.0,True,0.001852061274116214,2.4581662283275802,1.7273769
Gm8900,False,False,1,3.598158e-05,99.99640184225676,1.0,True,0.00043334264349405765,2.4510851925944155,1.7120323
Col8a1,False,False,389,0.028173575,98.6003166378814,783.0,True,0.13393353609011843,3.348474575319514,3.656685
Gm49575,False,False,22,0.00093552103,99.92084052964883,26.0,True,0.006224886422963194,2.55206756907698,1.9308622
Rpl7a-ps4,False,False,1,3.598158e-05,99.99640184225676,1.0,True,0.00046172559553578466,2.514541438870648,1.8495426
Gabrr3,False,False,2,7.196316e-05,99.99280368451353,2.0,True,0.0007496101011139663,2.3367523008131257,1.4642715
Erg,False,False,233,0.011082326,99.16162924582613,308.0,True,0.06731410877962836,2.532855889494453,1.8892303
Iglc3,False,False,25,0.0010434658,99.9100460564191,29.0,True,0.006605896849345945,2.386926476991896,1.5729996
Or2l5,False,False,1,3.598158e-05,99.99640184225676,1.0,True,0.0004572055141996203,2.5047013546560843,1.828219
Epha3,False,False,343,0.018962292,98.76583189407023,527.0,True,0.08374988027793624,2.5093626368818995,1.8383201
B3gnt5,False,False,50,0.0020149683,99.82009211283824,56.0,True,0.011927859832766044,2.370144274575706,1.5366324
Cadm2,False,False,252,0.0124856075,99.09326424870466,347.0,True,0.0586067712936672,2.4433330217979323,1.6952332
4933411O13Rik,False,False,1,3.598158e-05,99.99640184225676,1.0,True,0.0005209553106820085,2.6352645099321124,2.111151
Gm49648,False,False,1,3.598158e-05,99.99640184225676,1.0,True,0.00040869360307883276,2.392509877088487,1.5850989
Robo1,False,False,940,0.057174727,96.61773172135867,1589.0,True,0.24616370536783835,2.6987569652493066,2.2487397
Map6d1,False,False,4,0.00014392631,99.98560736902706,4.0,True,0.0012843802425194196,2.5201160957638433,1.861623
Dscam,False,False,89,0.0042098444,99.67976396085204,117.0,True,0.025716413240994593,2.9136480053178784,2.714411
Samsn1,False,False,505,0.025079159,98.18293033966609,697.0,True,0.11896951460677348,2.345107043420432,1.4823765
Gm41480,False,False,1,3.598158e-05,99.99640184225676,1.0,True,0.0006741810212965935,2.8931755518348963,2.670047
Cyyr1,False,False,563,0.04904289,97.97423719055843,1363.0,True,0.2746256527404402,3.4019580894656922,3.7725847
Gm38477,False,False,6,0.00021588946,99.97841105354058,6.0,True,0.001825859736737298,2.4943577088893516,1.8058043
Gm49507,False,False,3,0.00010794473,99.98920552677029,3.0,True,0.001048288744070022,2.5099686289647307,1.8396333
Rbfox1,False,False,2669,0.49571818,90.39651698330455,13777.0,True,1.2321297441683041,4.143804270093613,4.462348
Etv5,False,False,918,0.06138457,96.69689119170984,1706.0,True,0.22452711128853625,2.633949979807029,2.1083024
Rpl39l,False,False,4,0.00017990789,99.98560736902706,5.0,True,0.0016351412941476514,2.5100221295443608,1.8397492
Hrg,False,False,2,7.196316e-05,99.99280368451353,2.0,True,0.0007239283174213679,2.6318019185455146,2.1036475
Atf7ip2,False,False,11,0.00043177893,99.9604202648244,12.0,True,0.002611989538239147,2.3553939660799945,1.5046682
Ciita,False,False,1177,0.06372337,95.76496833621187,1771.0,True,0.28094617420382023,2.4731802801392964,1.7599126
St6gal1,False,False,2186,0.12593552,92.13442717328728,3500.0,True,0.4848860591661069,2.527136340444953,2.0665133
P3h2,False,False,1526,0.104850315,94.50921128382268,2914.0,True,0.41360371594090667,2.755296701103294,2.8121102
Shisa9,False,False,303,0.020941278,98.90975820379965,582.0,True,0.09798364760802662,2.691379837360659,2.2327535
4930414F18Rik,False,False,31,0.0012953368,99.8884571099597,36.0,True,0.007783021758008753,2.416570456471153,1.6372384
Apod,False,False,119,0.004857513,99.57181922855499,135.0,True,0.027382289632299696,2.4480602723611944,1.7054772
Gm24879,False,False,1,3.598158e-05,99.99640184225676,1.0,True,0.0005173485071136823,2.6283152001425187,2.0960917
Nrros,False,False,2133,0.13018134,92.32512953367875,3618.0,True,0.506910715988309,2.5091374995227187,2.0076957
Kalrn,False,False,1779,0.10333909,93.59887737478411,2872.0,True,0.4456178916528447,2.8878807674619487,3.2453768
Mylk,False,False,5939,0.3888889,78.63054116292459,10808.0,True,0.9766170134287928,2.6178508080240395,1.7074631
Cd86,False,False,974,0.06285982,96.49539435808866,1747.0,True,0.275236644745391,2.79844951895069,2.4647746
Grin2a,False,False,383,0.02986471,98.62190558434082,830.0,True,0.13083630854314635,3.1348647408869312,3.1937902
Gm32196,False,False,7,0.00025187104,99.97481289579736,7.0,True,0.0016251248321688596,2.486039554433327,1.7877787
Gm56600,False,False,11,0.00046776052,99.9604202648244,13.0,True,0.003137149834430261,2.3558607782352574,1.5056798
2010309G21Rik,False,False,47,0.002374784,99.83088658606793,66.0,True,0.015427022084440703,2.5886190292847333,2.0100696
Gm56622,False,False,51,0.0020149683,99.81649395509498,56.0,True,0.014641070572916647,2.519337627921419,1.8599361
Gm43388,False,False,38,0.0018710421,99.86327000575706,52.0,True,0.012696955486303691,2.6868848961166236,2.223013
Gm9242,False,False,1,3.598158e-05,99.99640184225676,1.0,True,0.0004410151463761497,2.4686395184856513,1.7500727
Gm41492,False,False,3,0.00010794473,99.98920552677029,3.0,True,0.0009116533316840457,2.4943582385655234,1.8058054
Jam2,False,False,495,0.021876799,98.21891191709845,608.0,True,0.11372429141793863,2.38669111447402,1.5724896
Tbx1,False,False,25,0.0011154289,99.9100460564191,31.0,True,0.006204905094404956,2.373121653104385,1.5430844
Cldn5,False,False,345,0.0151842255,98.75863557858376,422.0,True,0.09152839186918418,2.522894230856652,1.8676432
Arhgap31,False,False,3294,0.19825849,88.14766839378238,5510.0,True,0.6948064122825923,2.7396868861653134,2.2701688
Upk1b,False,False,1339,0.07808002,95.18206678180772,2170.0,True,0.310482086568297,2.458804362838056,1.8432138
Gm23355,False,False,1,3.598158e-05,99.99640184225676,1.0,True,0.0004235182535342159,2.428148187713025,1.6623275
2610318N02Rik,False,False,6,0.00025187104,99.97841105354058,7.0,True,0.0011636730049137461,2.442096867273126,1.6925545
Vmn2r-ps133,False,False,3,0.00010794473,99.98920552677029,3.0,True,0.0009561885561115413,2.347898545820966,1.4884256
Gm18679,False,False,2,7.196316e-05,99.99280368451353,2.0,True,0.0007325770787270448,2.4279971402301097,1.6620002
Treml4,False,False,36,0.0016911342,99.87046632124353,47.0,True,0.01084175668505348,2.6119204314274533,2.060564
Unc5cl,False,False,1517,0.09351612,94.5415947035118,2599.0,True,0.37004800956946,2.4585720777344133,1.8424547
Gm9586,False,False,1,3.598158e-05,99.99640184225676,1.0,True,0.00042399889550516213,2.4292826138943044,1.6647859
Daam2,False,False,318,0.015112262,98.85578583765113,420.0,True,0.07693415478474956,2.4626400965365196,1.7370719
Rftn1,False,False,2962,0.16785406,89.34225676453656,4665.0,True,0.6246480699066608,2.4963791766796763,1.5716264
AY702103,False,False,2,7.196316e-05,99.99280368451353,2.0,True,0.0006362382144659174,2.4054577577453933,1.6131572
Plcl2,False,False,5741,0.3519358,79.3429763960852,9781.0,True,0.8978062015994913,2.4526351965026825,1.4460363
Nrxn1,False,False,985,0.08351324,96.45581462291307,2321.0,True,0.21450681977896435,2.706446129734691,2.2654023
Gm6751,False,False,1,3.598158e-05,99.99640184225676,1.0,True,0.0004549783921119316,2.499817243733791,1.8176352
Gm9416,False,False,7,0.00028785263,99.97481289579736,8.0,True,0.0015206757467020459,2.3694308670670696,1.5350864
Gm6934,False,False,5,0.00017990789,99.98200921128382,5.0,True,0.0015341620764370673,2.370123753533993,1.536588
Kcnh8,False,False,1105,0.06685377,96.02403569372481,1858.0,True,0.27040594240414045,2.4782965391003517,1.7709996
Tpt1-ps7,False,False,1,3.598158e-05,99.99640184225676,1.0,True,0.0004425824846228118,2.472187954780164,1.7577622
Adgre4,False,False,371,0.020257628,98.66508347725964,563.0,True,0.1101625077149231,2.7617902855060685,2.3853338
Shd,False,False,7,0.00025187104,99.97481289579736,7.0,True,0.001223360377078391,2.3378426574554703,1.4666344
H2-Ob,False,False,90,0.0038500289,99.6761658031088,107.0,True,0.021877706350595195,2.410739680228203,1.624603
H2-Ab1,False,False,2258,0.13601036,91.87535981577433,3780.0,True,0.479486593362005,2.7277182272511236,2.7219875
H2-Aa,False,False,3572,0.24665372,87.14738054116292,6855.0,True,0.7312525889456326,3.056116321267416,3.1786454
H2-Eb1,False,False,2826,0.19282527,89.83160621761658,5359.0,True,0.6327077290198208,2.9960708631433626,3.0062532
Gm33508,False,False,90,0.006908463,99.6761658031088,192.0,True,0.024637086996292513,2.439310645760546,1.6865166
Tnxb,False,False,2209,0.12834628,92.05166954519287,3567.0,True,0.5066950525179594,2.570694817521809,2.2088563
Stk19-ps1,False,False,5,0.00021588946,99.98200921128382,6.0,True,0.001091542346587928,2.476201691838801,1.7664601
Tmem232,False,False,321,0.037061024,98.84499136442142,1030.0,True,0.1119527995967027,2.8366180975192146,2.5474865
Arhgap28,False,False,4030,0.23190127,85.49942429476108,6445.0,True,0.7111865856541474,2.454410787047286,1.4511341
Gm38593,False,False,1,3.598158e-05,99.99640184225676,1.0,True,0.0004987038054575757,2.591601490975601,2.0165327
Zdhhc14,False,False,5254,0.34675446,81.09527921704087,9637.0,True,0.8731069701358383,2.769742200520282,2.3564582
Dlgap1,False,False,631,0.036413357,97.72956246401843,1012.0,True,0.1328600777378583,2.4100596748383425,1.6231295
Mir1195,False,False,8,0.00028785263,99.97121473805412,8.0,True,0.00140715481971209,2.399153574605597,1.5994959
Gm49721,False,False,2,7.196316e-05,99.99280368451353,2.0,True,0.0006174733754659516,2.639174414918813,2.1196237
4833427F10Rik,False,False,17,0.0006116868,99.93883131836499,17.0,True,0.0034027564662449847,2.3309848096504444,1.4517734
Snord53,False,False,1,3.598158e-05,99.99640184225676,1.0,True,0.000651833293674703,2.8594545220121765,2.5969732
Pde10a,False,False,1472,0.10269142,94.70351180195739,2854.0,True,0.4239067916334347,3.271794113733602,4.499953
Gm30420,False,False,1,3.598158e-05,99.99640184225676,1.0,True,0.0005492935761449074,2.6882474897606055,2.2259657
6530411M01Rik,False,False,3,0.00010794473,99.98920552677029,3.0,True,0.0007425702089385654,2.4399190348244337,1.6878351
C87487,False,False,13,0.00053972367,99.95322394933794,15.0,True,0.0030307571107749884,2.694622703398103,2.239781
Galnt14,False,False,854,0.044545192,96.92717328727691,1238.0,True,0.19327864523745172,2.327177485580006,1.4435228
Mrgprh,False,False,1,3.598158e-05,99.99640184225676,1.0,True,0.0004343501472300168,2.4534080037260777,1.7170658
Smoc2,False,False,1274,0.065378524,95.41594703511802,1817.0,True,0.2810108749382564,2.3580131583343165,1.5103441
Gm34455,False,False,21,0.0007915947,99.92443868739205,22.0,True,0.0028482200900052206,2.49684351440763,1.8111911
Dusp1,False,False,1151,0.04933074,95.85852043753597,1371.0,True,0.24840784797321114,2.4005625205096455,1.6025491
Ltbp1,False,False,3805,0.2683506,86.30900978698905,7458.0,True,0.7984137172375949,2.9053549398566734,2.7458057
Crisp1,False,False,47,0.005541163,99.83088658606793,154.0,True,0.012184675082844112,2.696099561670393,2.2429812
Rasgrp3,False,False,1029,0.058218192,96.29749568221071,1618.0,True,0.2648809447212143,2.588348532284975,2.0094836
Crim1,False,False,6801,0.42015687,75.52892918825562,11677.0,True,1.0514827933871067,2.5276846306871206,1.4539087
Ptchd4,False,False,436,0.02691422,98.43120322394934,748.0,True,0.09145783300766618,2.5053317332432647,1.8295851
Vit,False,False,1311,0.06429908,95.28281519861831,1787.0,True,0.2787050156732915,2.3508627873899433,1.4948492
Adgrf5,False,False,1447,0.08228987,94.79346574553828,2287.0,True,0.3810894052863788,2.694029370059564,2.611897
Vmn2r96,False,False,12,0.0006476684,99.95682210708118,18.0,True,0.0028382953018559263,2.427243841996584,1.6603678
Vmn2r-ps117,False,False,3,0.00010794473,99.98920552677029,3.0,True,0.0012156713115587493,2.450748698718502,1.7113031
Vmn2r102,False,False,6,0.00021588946,99.97841105354058,6.0,True,0.0010500224938144612,2.327600660754184,1.4444399
Rcan2,False,False,1209,0.072790734,95.64982728842833,2023.0,True,0.294261642827611,2.7374567336118343,2.3326027
Vmn1r233,False,False,1,3.598158e-05,99.99640184225676,1.0,True,0.000401663705216841,2.375155807114867,1.5474924
Runx2,False,False,2367,0.13028929,91.48316062176166,3621.0,True,0.3427018951730104,2.422553689683445,1.7247516
Gm37549,False,False,1,3.598158e-05,99.99640184225676,1.0,True,0.00039074187950880796,2.3475823161128413,1.4877404
Gm55780,False,False,3,0.00010794473,99.98920552677029,3.0,True,0.0007824118762269322,2.4796059416238823,1.7738371
Slc22a7,False,False,3,0.00010794473,99.98920552677029,3.0,True,0.0005770548998494281,2.513217869630908,1.8466744
Dino,False,False,5,0.00017990789,99.98200921128382,5.0,True,0.0011038298070183356,2.4523019176623646,1.7146689
Pi16,False,False,279,0.013277202,98.99611398963731,369.0,True,0.06644413468401145,2.390848323236046,1.5814983
Dnah8,False,False,137,0.005685089,99.50705238917675,158.0,True,0.033048634754604615,2.340269106813827,1.4718926
Rps2-ps8,False,False,1,3.598158e-05,99.99640184225676,1.0,True,0.0006753998612457234,2.8949824308716314,2.6739626
Gm50222,False,False,1,3.598158e-05,99.99640184225676,1.0,True,0.0004173679748116532,2.4135167568093037,1.6306211
Gm50225,False,False,1,3.598158e-05,99.99640184225676,1.0,True,0.0006163484026227201,2.803460350213483,2.4756331
Notch3,False,False,368,0.024395509,98.67587795048935,678.0,True,0.12248263344112838,3.115014748207081,3.1507752
Myo1f,False,False,1555,0.08952217,94.40486470926885,2488.0,True,0.380986678748594,2.542063882595626,2.1152945
Trerf1,False,False,5656,0.49305555,79.64881980426021,13703.0,True,1.2296944365243996,3.2237131364981866,2.4105988
Ccnd3,False,False,5451,0.37132987,80.38644214162349,10320.0,True,1.0781769683442084,2.8387197567138496,2.3285642
Fndc1,False,False,1138,0.07757628,95.90529648819805,2156.0,True,0.3254129349480592,2.743144574350461,2.7723987
Adgre1,False,False,1538,0.09761802,94.46603339090386,2713.0,True,0.3857290555850717,2.52870199570495,2.0716298
L3mbtl4,False,False,308,0.021481002,98.89176741508348,597.0,True,0.09796906509080713,2.68211581746839,2.2126782
C230072F16Rik,False,False,256,0.028893206,99.07887161773172,803.0,True,0.09151417170523041,2.677647753079953,2.2029958
Gm56908,False,False,7,0.00025187104,99.97481289579736,7.0,True,0.0014015327728977198,2.403772650134911,1.6095054
Cldn9,False,False,3,0.00010794473,99.98920552677029,3.0,True,0.0007984961126522727,2.3612755777998533,1.5174139
2410017I17Rik,False,False,7,0.00028785263,99.97481289579736,8.0,True,0.001743588825484261,2.3660717378948704,1.5278071
Gm20546,False,False,1,3.598158e-05,99.99640184225676,1.0,True,0.000607331410410853,2.7887181022933336,2.4436865
Or2h2b-ps1,False,False,4,0.00017990789,99.98560736902706,5.0,True,0.0010392976520653247,2.492945503152021,1.802744
Vmn2r127,False,False,1,3.598158e-05,99.99640184225676,1.0,True,0.0005298203396777649,2.6521426428512442,2.147726
Gm55596,False,False,7,0.00025187104,99.97481289579736,7.0,True,0.0008992038731864892,2.469199514683941,1.7512861
D17H6S56E-5,False,False,436,0.019537997,98.43120322394934,543.0,True,0.09318977740228093,2.3460717282073986,1.4844669
Tnf,False,False,29,0.0013672999,99.89565342544617,38.0,True,0.007182521052773886,2.3487378474417744,1.4902444
Gm20481,False,False,1,3.598158e-05,99.99640184225676,1.0,True,0.0006373774796284451,2.837020608510592,2.5483587
Gm20508,False,False,10,0.00039579734,99.96401842256765,11.0,True,0.0023707948610717303,2.5670851347793797,1.9634055
Kank3,False,False,481,0.020113701,98.26928612550374,559.0,True,0.10386679252388228,2.4021043191463747,1.6058902
Gm49934,False,False,3,0.00010794473,99.98920552677029,3.0,True,0.00047391367765614297,2.3416739123379715,1.4749367
Gm34510,False,False,8,0.00028785263,99.97121473805412,8.0,True,0.001659730562120341,2.3326064760461653,1.4552876
Slc8a1,False,False,6749,0.63795334,75.71603339090386,17730.0,True,1.3351808850800173,3.0793865497015367,2.088759
Gm29206,False,False,1,3.598158e-05,99.99640184225676,1.0,True,0.0004353623868638819,2.4557361846388677,1.722111
Gm28848,False,False,1,3.598158e-05,99.99640184225676,1.0,True,0.0005444906327955459,2.679462763195843,2.206929
Gm21294,False,False,4,0.00014392631,99.98560736902706,4.0,True,0.0014354616322169403,2.383234574188121,1.5649992
Gm21858,False,False,1,3.598158e-05,99.99640184225676,1.0,True,0.0004716340523493011,2.535779027053042,1.8955648
Gm21729,False,False,1,3.598158e-05,99.99640184225676,1.0,True,0.0004895554053046464,2.573082176764457,1.9764011
Cdh2,False,False,312,0.016263673,98.87737478411054,452.0,True,0.07820267424172431,2.722112905715715,2.2993524
4921533I20Rik,False,False,6,0.00021588946,99.97841105354058,6.0,True,0.001796692740327702,2.4861237118787196,1.7879611
9330117O12Rik,False,False,6,0.0003238342,99.97841105354058,9.0,True,0.002558480085579417,3.289826986843979,3.5295951
Gm54359,False,False,9,0.00039579734,99.96761658031087,11.0,True,0.0023149730688436536,2.6341697578693997,2.1087785
Gm50049,False,False,1,3.598158e-05,99.99640184225676,1.0,True,0.0006194138723055291,2.8084231631033,2.4863877
Fbn2,False,False,170,0.008167818,99.38831318364997,227.0,True,0.04353290819356347,2.6802069153080583,2.2085416
Klhl14,False,False,1236,0.06998417,95.55267702936096,1945.0,True,0.3022745686265665,2.4721674832858236,1.7577178
Adamts19,False,False,223,0.012197754,99.19761082325849,339.0,True,0.05510166312004352,2.384956614405238,1.5687308
Chsy3,False,False,1652,0.09326425,94.05584340817501,2592.0,True,0.3312625914840671,2.485260527423775,1.9296689
Iigp1,False,False,577,0.031124065,97.92386298215314,865.0,True,0.13446285836245983,2.6220643813815445,2.082546
Myoz3,False,False,8,0.00028785263,99.97121473805412,8.0,True,0.0019859709744680432,2.46031332402724,1.7320297
Cd74,False,False,3806,0.31904864,86.30541162924584,8867.0,True,0.890954431291085,3.3930719340697615,4.146053
Pdgfrb,False,False,712,0.034074552,97.43811168681636,947.0,True,0.16371320658972205,2.3948213811238177,1.5901079
Fhod3,False,False,1894,0.10373489,93.18508923431203,2883.0,True,0.3873165380327427,2.4222816614682428,1.7238625
Celf4,False,False,1304,0.07437392,95.30800230282097,2067.0,True,0.3099918633212815,2.538880442383135,2.1048915
Gm33228,False,False,85,0.0042098444,99.69415659182499,117.0,True,0.020877079632515054,2.393345535347065,1.5869098
Gm33674,False,False,4,0.00014392631,99.98560736902706,4.0,True,0.000882270835796738,2.490205130466161,1.7968056
Afap1l1,False,False,529,0.022920264,98.09657455382845,637.0,True,0.1288856011326461,2.470093617711378,1.7532238
Ablim3,False,False,1269,0.07825993,95.43393782383419,2175.0,True,0.3723965180427296,2.9881095388932817,3.5729105
Gm26717,False,False,8,0.0003238342,99.97121473805412,9.0,True,0.0024548190775375597,2.4697755800643315,1.7525345
Camk4,False,False,309,0.017163213,98.88816925734024,477.0,True,0.11302851028746076,3.1187425353635505,3.1588533
Epb41l4a,False,False,1956,0.10046057,92.96200345423144,2792.0,True,0.41298249219775135,2.3632606797382794,1.5309901
Piezo2,False,False,760,0.041810594,97.26540011514105,1162.0,True,0.20132465041304018,2.691391198893266,2.232778
Gm26972,False,False,10,0.00035981578,99.96401842256765,10.0,True,0.002085785682911377,2.400431249984592,1.6022646
Egr1,False,False,748,0.037924584,97.30857800805988,1054.0,True,0.1705179867333563,2.401181790496253,1.603891
Nrg2,False,False,1063,0.07048791,96.1751583189407,1959.0,True,0.3056719065291103,2.6937525567969534,2.2378953
Ccbe1,False,False,5562,0.41727835,79.98704663212435,11597.0,True,1.062270687320159,2.855037158851153,2.3744502
Gm50156,False,False,1,3.598158e-05,99.99640184225676,1.0,True,0.0005216827738707,2.6366603179826775,2.1141756
Arap3,False,False,190,0.0074481866,99.31635002878527,207.0,True,0.04770210683060443,2.3623363556398007,1.5197126
Gm50344,False,False,9,0.0003238342,99.96761658031087,9.0,True,0.0013388811688593602,2.408457022668762,1.6196566
Gm31087,False,False,3,0.00010794473,99.98920552677029,3.0,True,0.001064672922195871,2.3970418234676827,1.5949197
Kctd16,False,False,321,0.017379101,98.84499136442142,483.0,True,0.08966310349602809,2.4772743481610546,1.7687844
Ppp2r2b,False,False,3906,0.43120322,85.94559585492227,11984.0,True,1.143873000563848,3.2838973156496296,3.580439
Stk32a,False,False,24,0.0011154289,99.91364421416235,31.0,True,0.0051363961549455535,2.4785193528539433,1.7714823
Dpysl3,False,False,1757,0.09175302,93.6780368451353,2550.0,True,0.36588896029661294,2.4112833118607298,1.6879215
Mcc,False,False,3676,0.22884284,86.77317213586645,6360.0,True,0.7925290021293806,2.6734719837733247,2.080064
A330093E20Rik,False,False,795,0.1957038,97.13946459412782,5439.0,True,0.5369092255920711,4.422780965868494,8.26122
Lvrn,False,False,1348,0.079015546,95.1496833621186,2196.0,True,0.3256195669725655,2.4797408188763406,1.9116312
Sema6a,False,False,1472,0.09038572,94.70351180195739,2512.0,True,0.4273780611299813,2.985389790522068,3.5640228
G630055G22Rik,False,False,51,0.0028785262,99.81649395509498,80.0,True,0.018168197096523137,3.0691312949399654,3.051345
Sncaip,False,False,409,0.022272596,98.5283534830167,619.0,True,0.12000267032832035,2.6662371702877983,2.1782691
Prdm6,False,False,189,0.008563615,99.31994818652849,238.0,True,0.04264916188924162,2.384882138277603,1.5685695
Myo5b,False,False,2959,0.20336787,89.35305123776627,5652.0,True,0.6840576780258587,2.6436964686525304,1.9945779
Gm26202,False,False,2,7.196316e-05,99.99280368451353,2.0,True,0.0007663586236931169,2.519467585698011,1.8602177
Gm9028,False,False,3,0.00010794473,99.98920552677029,3.0,True,0.0006921295445695651,2.4622006149565006,1.7361195
Gm50284,False,False,1,3.598158e-05,99.99640184225676,1.0,True,0.0006495667593645233,2.855970230281112,2.5894227
Gm41790,False,False,30,0.001187392,99.89205526770294,33.0,True,0.008364764153471012,2.551367537466076,1.9293453
Gm50351,False,False,3,0.00014392631,99.98920552677029,4.0,True,0.0007865355307095825,2.40408760205544,1.610188
Neto1,False,False,73,0.004857513,99.73733448474381,135.0,True,0.02076122615658397,2.6030598741109268,2.041363
Cd226,False,False,1073,0.08804692,96.13917674150835,2447.0,True,0.36759467764733306,2.980236588886559,3.5471828
Zfp521,False,False,5799,0.3706822,79.13428324697755,10302.0,True,0.9355586709281288,2.625672109447186,1.7294573
Pstpip2,False,False,1392,0.07894358,94.99136442141624,2194.0,True,0.33135266890257503,2.55162178827285,2.1465285
Gm34804,False,False,11,0.00043177893,99.9604202648244,12.0,True,0.002803971175954697,2.377024330053626,1.5515416
Odad2,False,False,265,0.024755325,99.04648819804261,688.0,True,0.07771303146737846,2.7158745457984557,2.2858338
Gm46641,False,False,2,7.196316e-05,99.99280368451353,2.0,True,0.0008143097525456963,2.623065463280289,2.0847154
Colec12,False,False,4665,0.29969054,83.21459412780656,8329.0,True,0.7674116716372689,2.5113518249039837,1.6146132
Greb1l,False,False,2458,0.14774036,91.15572826712723,4106.0,True,0.519467185102408,2.54297361885672,2.1182673
Gm2629,False,False,44,0.0019070236,99.84168105929764,53.0,True,0.011816536137924527,2.880848750364505,2.6433349
Gata6os,False,False,2166,0.11265832,92.20639032815198,3131.0,True,0.394253613357066,2.3447610019876812,1.4705356
Ccdc192,False,False,197,0.012053829,99.29116292458261,335.0,True,0.04883895002138328,2.597437592047273,2.0291796
Gm19519,False,False,10,0.00035981578,99.96401842256765,10.0,True,0.0023409574636478617,2.336620104127572,1.4639851
Gfra3,False,False,3,0.00010794473,99.98920552677029,3.0,True,0.0007355395868632034,2.369974104077836,1.5362636
Fgf1,False,False,4562,0.29735175,83.58520437535981,8264.0,True,0.8058316488064601,2.6825160721245527,2.10603
Mapk4,False,False,2156,0.11859528,92.24237190558433,3296.0,True,0.4402333932131162,2.413256962397187,1.6943711
Mamdc2,False,False,861,0.052820954,96.90198618307426,1468.0,True,0.22500873278746922,2.7072321069673166,2.2671056
Apba1,False,False,3946,0.28684515,85.80166954519287,7972.0,True,0.8375546301631308,2.7487438557675254,2.2961714
Pip5k1b,False,False,2514,0.15256189,90.95423143350605,4240.0,True,0.5567892824784701,2.5028249121857424,1.9870669
Pgm5,False,False,186,0.009607081,99.33074265975822,267.0,True,0.05201369906181001,2.4862660001879044,1.7882695
Dock8,False,False,3049,0.20279217,89.02921704087507,5636.0,True,0.6825326739072392,2.5999169275553586,1.8688858
Cst6,False,False,2,7.196316e-05,99.99280368451353,2.0,True,0.0005353258959115481,2.41440379629875,1.6325432
Vwa2,False,False,144,0.0056491075,99.48186528497409,157.0,True,0.03388240682673644,2.4209018954000925,1.6466247
Gm35781,False,False,1,3.598158e-05,99.99640184225676,1.0,True,0.00044049522846302216,2.467459648972175,1.7475159
Glis3,False,False,6762,0.85053253,75.66925734024178,23638.0,True,1.6410657331663312,3.4892979382183724,3.2195683
Slc1a1,False,False,562,0.04152274,97.97783534830167,1154.0,True,0.14967709075532132,2.6618133586899377,2.1686826
Gfra1,False,False,377,0.023172136,98.64349453080024,644.0,True,0.09311321252246199,2.566866407941096,1.9629315
Pdcd1lg2,False,False,44,0.0018710421,99.84168105929764,52.0,True,0.011971916164225707,2.50307469907224,1.8246942
Prkg1,False,False,3924,0.49838084,85.88082901554404,13851.0,True,1.2477553782260178,3.800915466760038,3.697726
Lipo2,False,False,5,0.00017990789,99.98200921128382,5.0,True,0.0010029050161073465,2.3647257820831484,1.5248904
Ankrd22,False,False,20,0.0007915947,99.9280368451353,22.0,True,0.004069427452865283,2.3810629706564193,1.5602933
Acta2,False,False,266,0.01482441,99.04289004029937,412.0,True,0.049967700448995934,2.40460291515064,1.6113046
Htr7,False,False,155,0.009679045,99.4422855497985,269.0,True,0.04394977927554216,2.5993832950302327,2.033396
Gm50374,False,False,1,3.598158e-05,99.99640184225676,1.0,True,0.0005116804380597812,2.6172959068944617,2.0722127
Entpd1,False,False,1487,0.08293754,94.64953943580888,2305.0,True,0.35012296107964164,2.4894222440270743,1.9432688
Slc22a28,False,False,3,0.00010794473,99.98920552677029,3.0,True,0.0007635362292871018,2.3260663721718653,1.441115
Pik3ap1,False,False,1495,0.07908751,94.62075417386299,2198.0,True,0.33501713139778455,2.4141053660090606,1.6971436
Cd5,False,False,45,0.002122913,99.8380829015544,59.0,True,0.01236958104093904,2.639731592103692,2.1208313
Cd6,False,False,36,0.0016911342,99.87046632124353,47.0,True,0.011754167351370156,2.6250675770724565,2.089054
Ms4a4a,False,False,438,0.023136154,98.42400690846287,643.0,True,0.10977925640720652,2.387720895875073,1.5747211
Ms4a4b,False,False,268,0.013169257,99.0356937248129,366.0,True,0.07817008890447873,2.6510137451813747,2.1452796
Gm19261,False,False,2,7.196316e-05,99.99280368451353,2.0,True,0.0009853784667183502,2.635917225066603,2.1125653
Ms4a6b,False,False,801,0.039543755,97.1178756476684,1099.0,True,0.182001357553109,2.326247847476193,1.4415083
Or10v9,False,False,2,7.196316e-05,99.99280368451353,2.0,True,0.0005254912097070579,2.3895691472428706,1.5787263
Or4d10b,False,False,1,3.598158e-05,99.99640184225676,1.0,True,0.0005413350128481102,2.67364879438897,2.1943302
Or5b105,False,False,1,3.598158e-05,99.99640184225676,1.0,True,0.000496714710960189,2.5876039942105193,2.00787
Gm50348,False,False,2,7.196316e-05,99.99280368451353,2.0,True,0.0006477050154368956,2.4769565224308057,1.7680957
Gm55328,False,False,2,0.00010794473,99.99280368451353,3.0,True,0.00046087122818414976,2.512688870519708,1.8455281
Cfap43,False,False,739,0.050122336,97.340961427749,1393.0,True,0.1472464417130039,2.542622816013035,1.9103954
Rpl13a-ps1,False,False,5,0.00017990789,99.98200921128382,5.0,True,0.00160424282303219,2.410147884690711,1.6233207
Sorcs1,False,False,714,0.04742372,97.43091537132989,1318.0,True,0.21081852023492023,2.9046162330387384,2.6948392
Trpm3,False,False,3504,0.2396373,87.39205526770294,6660.0,True,0.7381641319605027,2.629784138339315,1.9546353
Kif11,False,False,211,0.011118308,99.24078871617732,309.0,True,0.042300598490265566,2.3855489627220887,1.5700145
A830019P07Rik,False,False,59,0.0023388024,99.78770869314911,65.0,True,0.012953856357787044,2.3783671038485426,1.5544513
Mirt1,False,False,193,0.007951928,99.30555555555556,221.0,True,0.049703609343551475,2.477982498337106,1.770319
BE692007,False,False,253,0.011837939,99.08966609096143,329.0,True,0.073955098992778,2.684851481687542,2.2186065
Gm32027,False,False,4,0.00014392631,99.98560736902706,4.0,True,0.0006500453386971195,2.3421306574209555,1.4759265
A430093F15Rik,False,False,61,0.0025906735,99.78051237766263,72.0,True,0.014867696641999181,2.4194996241561233,1.643586
Gm56674,False,False,1,3.598158e-05,99.99640184225676,1.0,True,0.0003927958660130256,2.3528262175745813,1.4991039
Gm35183,False,False,1,3.598158e-05,99.99640184225676,1.0,True,0.0006319868787666952,2.82852437603087,2.5299473
Scd1,False,False,17382,3.8077505,37.45682210708118,105825.0,True,2.5650986490257925,3.1918103096155472,1.9379334
Ms4a8a,False,False,537,0.025187105,98.06778929188256,700.0,True,0.1241736066714024,2.4212350251668573,1.6473466
Ms4a1,False,False,111,0.0052533103,99.60060449050087,146.0,True,0.031201105279397026,2.5515455626222425,1.929731
mt-Tf,True,False,6,0.00021588946,99.97841105354058,6.0,True,0.0017082386286833564,2.424372245872555,1.654145
mt-Rnr1,True,False,15350,1.7973517,44.768278641335634,49952.0,True,2.1976018462897584,3.73481360781302,2.3895056
mt-Rnr2,True,False,19431,3.9096143,30.084196891191706,108656.0,True,2.8706761127359997,4.334755837517265,2.5462391
mt-Nd1,True,False,9297,0.7138385,66.54792746113989,19839.0,True,1.3647134325703494,2.936619012491126,1.7703958
mt-Nd2,True,False,7201,0.45671415,74.08966609096143,12693.0,True,1.0545598262495277,2.609817568014875,1.684873
mt-Co1,True,False,8101,0.5381045,70.8513241220495,14955.0,True,1.1391626582136238,2.601726087341571,1.6621192
mt-Cytb,True,False,11538,1.1185952,58.48445595854923,31088.0,True,1.657897916176837,3.067796653498624,2.1771617
