group,names,scores,logfoldchanges,pvals,pvals_adj,pct_nz_group,pct_nz_reference
0,G0s2,102.76837,3.7623389,0.0,0.0,0.9306154016130814,0.24918143841029694
0,Gm49513,100.20058,3.626439,0.0,0.0,0.9071925754060325,0.22829400474201197
0,Thrsp,87.867905,3.513606,0.0,0.0,0.8044414981769971,0.16580106130744043
0,Dgat2,86.65236,3.2354631,0.0,0.0,0.831178875262402,0.22434232810206617
0,Acacb,85.33231,3.2121227,0.0,0.0,0.8378079770191139,0.24133453765383311
0,Pacrg,82.8081,3.7912834,0.0,0.0,0.721688211247376,0.11821158405780738
0,B3galt2,81.35645,3.1245475,0.0,0.0,0.7782565462379848,0.1892853110534041
0,4732471J01Rik,76.958145,2.9868693,0.0,0.0,0.7402496961661695,0.16613977644800723
0,2810004N23Rik,75.74411,3.4881816,0.0,0.0,0.6689868522815159,0.10912272778593203
0,Slc22a23,75.389145,2.897562,0.0,0.0,0.7473207380399955,0.1851078243197471
0,Fasn,75.35422,3.013534,0.0,0.0,0.7295326483261518,0.16190583719092244
0,Adam12,73.5638,2.7506776,0.0,0.0,0.7743895702132361,0.21926160099356443
0,Slc36a2,72.32152,3.0615666,0.0,0.0,0.6790409899458624,0.13842158744495878
0,Gnpat,71.95274,2.6904948,0.0,0.0,0.7362722351121423,0.19634187648187873
0,Myl1,71.67336,2.512696,0.0,0.0,0.7875372886973815,0.24347973354408942
0,Mlxipl,70.85622,2.4788563,0.0,0.0,0.7803557617942769,0.24545557186406233
0,Echdc1,69.47636,2.8784313,0.0,0.0,0.6738481935697713,0.15592186970757593
0,Gm15581,67.80806,3.566808,0.0,0.0,0.5845762899127168,0.07993677317376087
0,Dgat1,67.78056,2.5321038,0.0,0.0,0.7136228041100431,0.19165631703737157
0,Ephx2,67.64108,2.7623992,0.0,0.0,0.6690973373107943,0.16354296037032856
0,Gm31356,67.364204,4.178094,0.0,0.0,0.5541929068611203,0.05611380828723044
0,Rgs7,67.00735,3.040875,0.0,0.0,0.6345155231466136,0.1379699672575364
0,Agpat2,66.06064,2.9260106,0.0,0.0,0.6224726549552536,0.12030032742463588
0,Mat2a,65.59236,2.3741574,0.0,0.0,0.7276544028284168,0.23873772157615444
0,Hk2,65.33368,2.602063,0.0,0.0,0.6639045409347033,0.16732527943999095
0,Il15ra,64.63196,2.6123486,0.0,0.0,0.6534084631532427,0.1605509766286553
0,B430010I23Rik,64.00072,2.997723,0.0,0.0,0.5959562479284057,0.11488088517556735
0,Pmepa1,63.27226,2.371279,0.0,0.0,0.691194343166501,0.20836626397199956
0,Mmd,61.823063,2.25199,0.0,0.0,0.7111921334659154,0.2397538669978548
0,Ywhag,61.77737,2.2156491,0.0,0.0,0.7090929179096233,0.22987467539799028
0,Gm16163,61.700798,3.009876,0.0,0.0,0.5662357750524804,0.10189680478717399
0,Aifm2,59.603397,2.5077446,0.0,0.0,0.6013700143630538,0.14237326408490458
0,Gm3289,59.569218,2.158563,0.0,0.0,0.6959451994254778,0.2318505137179632
0,Adhfe1,59.09475,2.1660836,0.0,0.0,0.6773837145066843,0.21288246584622333
0,Miga2,58.424942,2.41501,0.0,0.0,0.6034692299193459,0.15281698091904708
0,Ces1d,58.359425,2.1297846,0.0,0.0,0.6868854270246382,0.23134244100711301
0,Gm30270,57.82889,4.236995,0.0,0.0,0.4664677936139653,0.0365812351812126
0,Acss2,57.599182,2.808192,0.0,0.0,0.5524251463926638,0.12154228294004742
0,Lrig1,57.118824,2.1775637,0.0,0.0,0.6513092475969506,0.21158405780738399
0,Pnpla2,56.664963,2.233586,0.0,0.0,0.618826648989062,0.1748899175793158
0,Gys1,56.548294,2.3474295,0.0,0.0,0.5921997569329356,0.15326860110646945
0,Gstz1,56.386307,2.328658,0.0,0.0,0.5910949066401503,0.15366376877046403
0,Pfkfb1,56.235218,2.0082936,0.0,0.0,0.6856700917025743,0.23128598848368523
0,Pex13,56.175037,2.2179897,0.0,0.0,0.6117556071152359,0.17302698430619848
0,Cluh,56.02976,2.1815026,0.0,0.0,0.6161750082863772,0.17528508524331038
0,Ppp2r1b,55.92348,2.3852901,0.0,0.0,0.5773947630096122,0.14609913063113922
0,Hmgcs1,55.407204,2.5061097,0.0,0.0,0.5585018230029831,0.13915547024952016
0,Gm15414,55.3444,4.0782795,0.0,0.0,0.44956358413434977,0.03844416845432991
0,Pik3cb,55.335033,2.114525,0.0,0.0,0.6314219423268147,0.19730156938015128
0,Mrap,55.27022,2.4673645,0.0,0.0,0.5559606673295768,0.1319295472507621
0,Me1,54.78467,2.1684008,0.0,0.0,0.6191581040768975,0.1947047533024726
0,Mpc1,54.463703,2.1699483,0.0,0.0,0.5990498287482047,0.1724624590719205
0,Nabp1,54.02046,2.086934,0.0,0.0,0.6349574632637278,0.21926160099356443
0,B3galt1,53.90091,2.5818937,0.0,0.0,0.5482267152800796,0.14779270633397312
0,Gpat3,53.82423,2.1122544,0.0,0.0,0.6203734393989614,0.19837416732527943
0,Gpd1,53.72027,3.3865411,0.0,0.0,0.4627113026184952,0.06113808287230439
0,Hsd17b4,53.42453,2.0408876,0.0,0.0,0.6156225831399845,0.19159986451394379
0,Ak2,52.79614,1.9981601,0.0,0.0,0.6148491879350348,0.19244665236536074
0,A830018L16Rik,52.75542,3.1191893,0.0,0.0,0.4711081648436637,0.07508185615897031
0,Gm20532,52.59872,2.7877665,0.0,0.0,0.489006739586786,0.08987241729705318
0,C9orf72,52.33131,2.0252914,0.0,0.0,0.6083305712076014,0.19622897143502316
0,Hibch,52.1693,2.0750484,0.0,0.0,0.5871174455861231,0.17505927514959918
0,Arl4a,51.853188,2.1424034,0.0,0.0,0.5692188708430008,0.16472846336231228
0,Hsd17b12,51.82914,1.9886125,0.0,0.0,0.6128604574080212,0.2069549508863046
0,Tmem120b,51.76577,1.8579167,0.0,0.0,0.657606894265827,0.23410861465507507
0,2900052L18Rik,51.177692,3.0091805,0.0,0.0,0.45796044635951827,0.07259794512814723
0,Ppip5k1,50.770145,2.0385664,0.0,0.0,0.575074577394763,0.1746641074856046
0,Klhl24,50.39564,1.8027202,0.0,0.0,0.6456745111037454,0.2374957660607429
0,Aldh6a1,50.368847,1.775786,0.0,0.0,0.6518616727433433,0.23766512363102632
0,Ormdl3,50.30572,2.9812312,0.0,0.0,0.4492321290465142,0.06881562605848482
0,Snhg7,50.285522,2.8919413,0.0,0.0,0.4572975361838471,0.07660607429152083
0,Angptl4,50.070614,2.3368838,0.0,0.0,0.5074577394763009,0.1178728689172406
0,Pank3,49.824715,1.7746902,0.0,0.0,0.6515302176555077,0.24562492943434572
0,Bcl6,49.82334,2.0317426,0.0,0.0,0.5657938349353663,0.1728011742124873
0,Apmap,49.748116,2.6487525,0.0,0.0,0.47011379958015687,0.09088856271875353
0,Tkt,49.7079,2.0695703,0.0,0.0,0.5554082421831842,0.16371231794061195
0,Tmem120a,49.70072,2.0381937,0.0,0.0,0.5558501823002983,0.16139776448007226
0,Fgf10,49.55945,2.0831695,0.0,0.0,0.5539719368025633,0.16405103308117872
0,Prxl2a,49.155483,2.2240736,0.0,0.0,0.5136449011158988,0.13063113921192276
0,Gm35552,49.07877,2.1416044,0.0,0.0,0.5325378411225279,0.14926047194309586
0,Chp1,49.009735,1.7259426,0.0,0.0,0.6519721577726219,0.24703624252004064
0,Pygb,48.427933,2.1314843,0.0,0.0,0.5291128052148933,0.15603477475443153
0,Med12l,48.3732,1.7777603,0.0,0.0,0.628991271682687,0.23258439652252455
0,Cyp4f17,48.310738,2.5958812,0.0,0.0,0.4617169373549884,0.09529185954612171
0,Ddhd2,48.27661,1.9570369,0.0,0.0,0.5594961882664898,0.179010951789545
0,Ggact,47.920372,2.788762,0.0,0.0,0.44127720693845984,0.07818674494749915
0,Apol6,47.773575,1.7814083,0.0,0.0,0.5957352778698486,0.20238229648865305
0,Cd1d1,47.764935,1.7129472,0.0,0.0,0.6272235112142305,0.2278988370780174
0,Aco1,47.753292,1.8547834,0.0,0.0,0.576731852833941,0.19549508863046178
0,Ifi27,47.643852,2.5217078,0.0,0.0,0.45718705115456854,0.0912272778593203
0,Cyb5b,47.627415,1.7426337,0.0,0.0,0.6167274334327698,0.23010048549170148
0,Mtch2,47.256905,2.0058177,0.0,0.0,0.5267926196000442,0.1543411990515976
0,Idh1,47.109276,2.0345285,0.0,0.0,0.5208264280190035,0.150333069888224
0,4931406C07Rik,46.91726,2.1332276,0.0,0.0,0.4995028173682466,0.13446991080501297
0,Uck1,46.892212,2.7211435,0.0,0.0,0.43321179980112695,0.07638026419780965
0,5330438D12Rik,46.673,2.383083,0.0,0.0,0.46226936250138106,0.10234842497459637
0,Apoe,46.52158,1.4814872,0.0,0.0,0.642470445254668,0.2276730269843062
0,Mapk6,46.357273,1.708121,0.0,0.0,0.6109822119102861,0.23631026306875919
0,Mccc2,46.23654,1.8856907,0.0,0.0,0.5389459728206828,0.17026081065823642
0,Gm13544,46.019455,4.288224,0.0,0.0,0.3679151474975141,0.025685898159647735
0,6430590A07Rik,45.850304,2.430034,0.0,0.0,0.4462490332559938,0.09517895449926611
0,Aoc3,45.833374,1.6504909,0.0,0.0,0.605126505358524,0.22005193632155357
0,Cpne2,45.825954,2.6675456,0.0,0.0,0.42956579383493537,0.08326747205600091
0,Sfxn1,45.70443,1.6179641,0.0,0.0,0.62877030162413,0.2484475556057356
0,Ptpa,45.64494,1.7650921,0.0,0.0,0.5625897690862888,0.1927853675059275
0,Ces1f,45.61424,2.7462828,0.0,0.0,0.419732626229146,0.07304956531556961
0,Acbd4,45.462376,2.6242757,0.0,0.0,0.42614075792730083,0.07999322569718867
0,Mknk2,45.32356,2.5127404,0.0,0.0,0.43387470997679817,0.08784012645365248
0,Gm35188,45.155144,2.558226,0.0,0.0,0.428239973483593,0.08321101953257311
0,Clmp,44.81873,2.081482,0.0,0.0,0.49066401502596396,0.14378457717059953
0,Piezo1,44.764168,1.808326,0.0,0.0,0.534416086620263,0.17381731963418764
0,Tmeff1,44.727978,2.2326713,0.0,0.0,0.46215887747210255,0.11821158405780738
0,Sycp3,44.686306,3.5589447,0.0,0.0,0.3739918241078334,0.0405893643445862
0,Ppm1a,44.659542,1.6753675,0.0,0.0,0.5773947630096122,0.21209213051823417
0,Reep5,44.643284,1.895137,0.0,0.0,0.5119876256767208,0.15676865755899289
0,Napepld,44.439922,2.5648494,0.0,0.0,0.4215003866976025,0.08366263971999548
0,A530020G20Rik,44.360428,1.7726958,0.0,0.0,0.5360733620594409,0.17737382861013887
0,Adig,44.35649,2.5333433,0.0,0.0,0.4195116561705889,0.07965451055662189
0,Cenpv,44.334583,2.4929209,0.0,0.0,0.4240415423710087,0.08467878514169583
0,Atp5a1,44.32292,2.105627,0.0,0.0,0.46558391337973704,0.11764705882352941
0,Ell2,44.08384,1.7584143,0.0,0.0,0.5406032482598608,0.18657558992886983
0,Tspan18,43.911682,2.276025,0.0,0.0,0.4424925422605237,0.10443716834142486
0,Amotl1,43.87071,1.9012603,0.0,0.0,0.5011600928074246,0.15496217680930338
0,Clpx,43.70066,1.6622539,0.0,0.0,0.5613744337642249,0.20509201761318732
0,Dot1l,43.58732,2.0614064,0.0,0.0,0.46392663794055905,0.12306650107259795
0,Ginm1,43.543827,2.2514849,0.0,0.0,0.4380731410893824,0.10212261488088517
0,Srebf1,43.28399,1.9874837,0.0,0.0,0.4712186498729422,0.13034887659478378
0,Larp1,43.2618,1.5603093,0.0,0.0,0.5921997569329356,0.23139889353054083
0,Sfxn5,43.116352,1.8146957,0.0,0.0,0.5087835598276433,0.1650107259794513
0,Zscan26,43.034306,1.709849,0.0,0.0,0.5315434758590211,0.1828497233826352
0,Noct,43.020863,2.0775976,0.0,0.0,0.4567451110374544,0.12278423845545895
0,Cgnl1,42.97234,1.580097,0.0,0.0,0.5829190144735389,0.22383425539121599
0,Rnf24,42.900024,2.1604095,0.0,0.0,0.4439288476411446,0.11126792367618833
0,Zkscan3,42.835007,1.6399184,0.0,0.0,0.5522041763341067,0.20221293891836964
0,Cox4i1,42.74478,1.9116274,0.0,0.0,0.4730968953706773,0.13130856949305633
0,Sh2b2,42.70231,2.303263,0.0,0.0,0.42315766213678047,0.09484023935869933
0,Mccc1,42.70093,2.3081708,0.0,0.0,0.4237100872831731,0.09484023935869933
0,Cebpa,42.68901,2.4454474,0.0,0.0,0.4094575185062424,0.081291633736028
0,Rbp4,42.54716,2.2836738,0.0,0.0,0.42238426693183073,0.09196116066388167
0,Gm57315,42.429996,2.8048863,0.0,0.0,0.38327256656723013,0.06238003838771593
0,Marchf5,42.420517,1.8147094,0.0,0.0,0.4937575958457629,0.15558315456700914
0,Atrn,42.411022,1.5630449,0.0,0.0,0.5801568887415756,0.2294795077339957
0,Cs,42.00704,1.9206935,0.0,0.0,0.46635730858468677,0.13542960370328555
0,Acp5,41.94028,3.218646,0.0,0.0,0.35907634515523146,0.0446539460313876
0,Pus10,41.913162,1.6681352,0.0,0.0,0.5236990387802453,0.1833013435700576
0,9630028H03Rik,41.80189,3.6707041,0.0,0.0,0.3455971715832505,0.03313763125211697
0,Phldb1,41.73915,1.5999335,0.0,0.0,0.5444702242846094,0.19978548041097438
0,Snhg20,41.69007,2.051273,0.0,0.0,0.43950944647000334,0.11228406909788867
0,Dlg2,41.544712,1.6621758,0.0,0.0,0.5345265716495415,0.19831771480185165
0,Trarg1,41.417126,2.0830345,0.0,0.0,0.433432769859684,0.11030823077791577
0,Bag4,41.165737,2.2322924,0.0,0.0,0.41476079991161197,0.09822739076436716
0,Pex11a,41.13754,2.9217443,0.0,0.0,0.36371671638492986,0.05317827706898498
0,Cdip1,41.12583,1.5598155,0.0,0.0,0.5493315655728649,0.2110759850965338
0,Trf,41.12141,1.6112074,0.0,0.0,0.5434758590211026,0.20593880546460427
0,Mpp1,41.11541,1.8969792,0.0,0.0,0.4647000331455088,0.14417974483459411
0,Aacs,40.858715,1.9648349,0.0,0.0,0.45155231466136336,0.13328440781302925
0,Syap1,40.837044,1.6322318,0.0,0.0,0.510993260413214,0.17635768318843853
0,Cnst,40.570724,2.024433,0.0,0.0,0.4339851950060767,0.11843739415151858
0,Ppm1m,40.489147,2.887914,0.0,0.0,0.35962877030162416,0.05408151744382974
0,Akt2,40.442657,1.9394757,0.0,0.0,0.44293448237763783,0.12662301004854917
0,Crat,40.374695,2.6624763,0.0,0.0,0.37078775825875593,0.065146212035678
0,Gm20528,40.347107,2.3739583,0.0,0.0,0.39398961440724783,0.0853562154228294
0,Aspa,40.274982,2.037151,0.0,0.0,0.42691415313225056,0.1136389296601558
0,Cep85l,40.22866,1.5203577,0.0,0.0,0.5415976135233675,0.20774528621429378
0,Psmc6,40.200787,1.7923272,0.0,0.0,0.46149596729643133,0.14118776109292086
0,Ppargc1b,40.15546,1.9753277,0.0,0.0,0.43718926085515414,0.12476007677543186
0,Gm37240,40.0736,1.7416644,0.0,0.0,0.47464368578057675,0.15270407587219148
0,Pgm1,39.93299,1.8751633,0.0,0.0,0.4472433985195006,0.13373602800045162
0,Plxna2,39.89647,1.6885926,0.0,0.0,0.48447685338636615,0.16354296037032856
0,Bcl2l13,39.8455,1.57432,0.0,0.0,0.5088940448569219,0.17946257197696738
0,Lrrc4c,39.82401,1.5711063,0.0,0.0,0.5239200088388023,0.19600316134131196
0,Acat1,39.802277,1.7682395,0.0,0.0,0.4650314882333444,0.14801851642768432
0,Stat5a,39.700848,2.2898808,0.0,0.0,0.38979118329466356,0.08507395280569041
0,Slc22a3,39.62076,1.8138139,0.0,0.0,0.45133134460280633,0.13746189454668623
0,Fyco1,39.60576,1.718906,0.0,0.0,0.4687879792288145,0.1504459749350796
0,Larp1b,39.60003,1.8555442,0.0,0.0,0.44359739255330904,0.1320424522976177
0,Gm17106,39.521408,2.9559999,0.0,0.0,0.34869075240304936,0.05120243874901208
0,Gm45470,39.518505,3.8895998,0.0,0.0,0.32162192022980884,0.027492378909337246
0,Mcam,39.27079,1.5378332,0.0,0.0,0.509115014915479,0.18386586880433556
0,Tob1,39.266808,2.362755,0.0,0.0,0.381173351010938,0.08067065597832224
0,Atp6v0b,39.22211,1.5312552,0.0,0.0,0.5102198652082642,0.18217229310150163
0,Dnaja2,39.045,1.8701793,0.0,0.0,0.4319964644790631,0.12295359602574235
0,Ttc19,38.886852,1.7887962,0.0,0.0,0.44370787758258756,0.1342441007113018
0,Gtf2ird1,38.79578,1.8167752,0.0,0.0,0.44194011711413106,0.13576831884385232
0,Gpt2,38.749638,1.377252,0.0,0.0,0.5741906971605347,0.2380038387715931
0,Abhd15,38.74629,2.766575,0.0,0.0,0.34891172246160645,0.05588799819351925
0,Rnf144b,38.716408,1.8552718,0.0,0.0,0.43553198541597615,0.13080049678220618
0,Atp5c1,38.66318,1.6902176,0.0,0.0,0.4607225720914816,0.15089759512250198
0,ENSMUSG00000095041,38.527233,1.4878285,0.0,0.0,0.510772290354657,0.1888336908659817
0,Scarb1,38.357708,2.1199439,0.0,0.0,0.39421058446580487,0.09834029581122276
0,Mpc2,38.19804,1.6009879,0.0,0.0,0.4730968953706773,0.1608332392457943
0,Klb,38.117023,2.6117368,0.0,0.0,0.3516738481935698,0.06260584848142713
0,Ntrk2,38.112534,1.402997,0.0,0.0,0.5482267152800796,0.22214067968838208
0,Fth1,38.070404,1.549554,0.0,0.0,0.4816042426251243,0.16580106130744043
0,Man2a2,38.00166,1.678682,0.0,0.0,0.4529886200419843,0.14767980128711752
0,Gm16599,37.95728,2.691046,0.0,0.0,0.3458181416418075,0.05831545670091453
0,Pex19,37.921864,2.6128848,0.0,0.0,0.3483592973152138,0.06000903240374845
0,Nudt7,37.884346,2.1219347,0.0,0.0,0.38736051265053584,0.09500959692898273
0,Mecr,37.790516,2.2650836,0.0,0.0,0.3721135786100983,0.08219487411087276
0,Cog4,37.782322,1.626193,0.0,0.0,0.45851287150591097,0.15360731624703625
0,BB365896,37.746365,3.0814397,0.0,0.0,0.32825102198652084,0.045105566218809984
0,Tank,37.730846,1.4184365,0.0,0.0,0.5278974698928295,0.21186632042452297
0,Thoc2l,37.681213,1.6710995,0.0,0.0,0.4505579493978566,0.1485830416619623
0,Slc25a26,37.681206,1.7592523,0.0,0.0,0.4360844105623688,0.13751834707011404
0,Bcat2,37.64537,1.9048421,3.8952407828938e-310,5.761010530357311e-308,0.4093470334769639,0.11465507508185616
0,Iars2,37.55034,1.6280649,1.391076211428715e-308,2.0467511771308134e-306,0.4565241409788974,0.15355086372360843
0,Cox19,37.53601,2.6912813,2.3828504716517516e-308,3.496955894492845e-306,0.34051486023643796,0.05662188099808062
0,Smarcc2,37.497253,1.3866214,1.021055307328871e-307,1.4869542264606967e-305,0.5354104518837698,0.21773738286101388
0,Pcf11,37.472397,1.4452518,2.594035297751303e-307,3.7680347930932896e-305,0.5123190807645565,0.1993903127469798
0,Acad11,37.43574,2.0288126,1.0248510002150891e-306,1.484886534433776e-304,0.38990166832394213,0.09907417861578413
0,Gm44079,37.38246,3.8425775,7.532015776705818e-306,1.0857734439022935e-303,0.3047177107501933,0.025911708253358926
0,Plin2,37.37235,1.8624053,1.0994432211133451e-305,1.5808938498337118e-303,0.4117777041210916,0.11725189115953483
0,Atp5o,37.28544,2.1423788,2.8259127218896554e-304,4.022757407427971e-302,0.37752734504474644,0.08964660720334199
0,Pkd2l2,37.15327,2.5679705,3.8823330029069543e-302,5.471879295012992e-300,0.34449232129046514,0.06328327876256068
0,Sc5d,36.995724,2.1722817,1.3414814708570783e-299,1.8860567020264912e-297,0.3682466025853497,0.08292875691543412
0,Slc2a13,36.97429,1.6908327,2.965865325147235e-299,4.1493694712336294e-297,0.4559717158325047,0.16410748560460653
0,Dlat,36.94129,1.8995574,1.0049836931251642e-298,1.4025680507411757e-296,0.40249696166169485,0.11431635994128937
0,Gm57352,36.935093,2.6804032,1.2637509883741916e-298,1.759394743985693e-296,0.335543033918904,0.05594445071694705
0,Pon3,36.863743,1.7939597,1.7616272839992175e-297,2.4406038729488916e-295,0.4161971052922329,0.12515524443942644
0,Sh3glb2,36.853794,2.2485702,2.5428142019403455e-297,3.5143296959389616e-295,0.3622804110043089,0.07903353279891612
0,Apcdd1,36.695442,1.873062,8.634011193807185e-295,1.187510220740519e-292,0.40238647663241633,0.11510669526927854
0,Pex14,36.66682,1.3046072,2.4689874641814544e-294,3.3794859422585623e-292,0.5633631642912386,0.24477814158292877
0,A530016L24Rik,36.59318,1.9294837,3.671196592101725e-293,4.989059788803444e-291,0.39012263838249917,0.10415490572428587
0,Cox7c,36.53073,1.9524034,3.6076071889819036e-292,4.8677905437871696e-290,0.3864766324163076,0.10059839674833465
0,Gm37376,36.514606,1.5819807,6.503420931924755e-292,8.754404049284337e-290,0.4548668655397194,0.1606638816755109
0,Pnn,36.34389,1.4772648,3.281583188540326e-289,4.365809073333521e-287,0.4753065959562479,0.17545444281359376
0,Lgals1,36.14467,1.9033778,4.511607477461098e-286,5.94665373551186e-284,0.38780245276764996,0.10398554815400249
0,Dtx2,36.096313,1.5500765,2.5911939408897956e-285,3.3996583914333148e-283,0.45011600928074247,0.1564863949418539
0,Mcph1,36.002888,1.6102012,7.538971996015607e-284,9.845793679475336e-282,0.4411667219091813,0.15270407587219148
0,Hp,35.97756,1.657565,1.877125042985358e-283,2.445889635529274e-281,0.42702463816152914,0.13768770464039742
0,Slc25a3,35.94466,1.6300141,6.133008103282524e-283,7.973050557283337e-281,0.429897248922771,0.1422039065146212
0,Nudt5,35.902233,2.071442,2.819360527585147e-282,3.6568840045837322e-280,0.36725223732184287,0.08964660720334199
0,9330175M20Rik,35.886555,3.1337805,4.951662669694913e-282,6.408014183524956e-280,0.3086951718042205,0.03929095630574687
0,Nudt4,35.845634,1.8467577,2.1508998985995737e-281,2.7646589418997364e-279,0.3952049497293117,0.11488088517556735
0,Srsf1,35.750668,1.3341953,6.459911478617649e-280,8.265928528179046e-278,0.5182852723455972,0.21508411425990742
0,Gpd2,35.724438,1.9501736,1.650606525380195e-279,2.1026216143551163e-277,0.38559275218207933,0.10951789544992661
0,Tmem131l,35.64863,1.5497203,2.4744331648469084e-278,3.145015599097049e-276,0.4479063086951718,0.1590267584961048
0,Ftl1,35.54122,1.638483,1.1353572110410298e-276,1.4334451209287645e-274,0.4176334106728538,0.13023597154792818
0,Numa1,35.50825,1.2520504,3.66655279531329e-276,4.588509510284265e-274,0.5580598828858689,0.24681043242632947
0,Mdh1,35.460083,2.0236611,2.0283037224524723e-275,2.5327553127229435e-273,0.3644901115898796,0.0894207971096308
0,Tab3,35.401474,1.675677,1.6206802584603538e-274,2.0193250458860175e-272,0.41807535078996794,0.13740544202325844
0,Usp33,35.387882,1.33716,2.622655054333639e-274,3.260624485781916e-272,0.5097779250911502,0.21175341537766737
0,Sulf2,35.26775,1.2986423,1.8340572293584976e-272,2.2702837542804826e-270,0.5281184399513866,0.22456813819577734
0,6720407P12Rik,35.25275,3.2020423,3.113546966261441e-272,3.84573704568097e-270,0.3005192796376091,0.036411877610929205
0,Ppa1,35.249,2.5426095,3.554257120081986e-272,4.3805834345149e-270,0.32825102198652084,0.06074291520830981
0,Psmd11,35.214657,1.5563867,1.1930408522626703e-271,1.4672341073150909e-269,0.4342061650646337,0.14914756689624026
0,Ifi27l2a,35.199654,2.0173092,2.0242057753207014e-271,2.484058212339139e-269,0.36327477626781574,0.08840465168793045
0,Nnmt,35.170906,1.7775016,5.570233490710894e-271,6.820960541818688e-269,0.3945420395536405,0.11685672349554026
0,Chst1,35.15982,1.2860125,8.227687863176611e-271,1.0053493017535179e-268,0.5119876256767208,0.20672914079259344
0,Clk4,35.158546,1.2310169,8.605494445458573e-271,1.0492622253080441e-268,0.55496630206607,0.24528621429377892
0,Timm23,35.10403,1.7705731,5.850803255475069e-270,7.118602311324913e-268,0.39376864434869074,0.11742124872981823
0,Id3,35.099724,2.6062121,6.806299278835811e-270,8.263485868575478e-268,0.32206386034692297,0.05588799819351925
0,Sqstm1,35.063213,1.9059871,2.4527901389100052e-269,2.965272256893304e-267,0.37785880013258205,0.10449362086485266
0,Derl1,35.05692,1.5172194,3.058978981874683e-269,3.6902822501467443e-267,0.4411667219091813,0.15569605961386473
0,Hsdl2,35.035995,1.8585,6.37220711042729e-269,7.671032665430028e-267,0.38150480609877363,0.1077678672236649
0,Ptgr2,35.023235,1.7082868,9.966730422473654e-269,1.1972902890001527e-266,0.399624350900453,0.12103421022919725
0,Tapt1,34.881252,1.7030464,1.4307518668490282e-266,1.7115218918119856e-264,0.4032703568666446,0.1276391554702495
0,Glb1l2,34.656776,1.2611922,3.5311793621106316e-263,4.197680251731555e-261,0.5070157993591868,0.20701140340973243
0,Mgat5,34.627617,1.2519538,9.704727382787378e-263,1.1512435039652002e-260,0.5317644459175782,0.23224568138195778
0,Hnrnpl,34.610813,1.3289917,1.7371697929345089e-262,2.056469546351016e-260,0.4916583802894708,0.19865642994241842
0,Ltc4s,34.58023,2.3023806,5.0088625932626686e-262,5.917212550269079e-260,0.3312341177770412,0.06588009484023936
0,Akap1,34.45189,1.7505789,4.2192557837578096e-260,4.933237034557566e-258,0.38603469229919346,0.11448571751157277
0,Mettl7a1,34.3766,1.6391028,5.64186200177925e-259,6.556189066190047e-257,0.4040437520715943,0.12916337360280006
0,Rhof,34.367207,3.1533513,7.794311014780918e-259,9.03901962306803e-257,0.2943321179980113,0.03686349779835159
0,Ccnd2,34.30813,1.9774065,5.936484966460344e-258,6.842700212048955e-256,0.35565130924759697,0.08857400925821385
0,Slc25a51,34.247135,1.6970242,4.81165245875934e-257,5.534955609176072e-255,0.3906750635288918,0.11928418200293553
0,Ppp1r10,34.223934,1.6017329,1.0654912552281974e-256,1.2231882573376772e-254,0.409788973594078,0.13576831884385232
0,Peg3,34.208355,1.522706,1.8165707909536817e-256,2.0812345554867923e-254,0.43961993149928186,0.16422039065146213
0,Leng8,34.20022,1.3979664,2.3999576835683134e-256,2.7440961939771754e-254,0.45707656612529,0.1731963418764819
0,Ivd,34.19768,1.617053,2.6178061366351058e-256,2.98718435322925e-254,0.4047066622472655,0.13142147453991193
0,Pim3,34.189632,2.2945333,3.4476370471189586e-256,3.926238022000012e-254,0.33001878245497734,0.06864626848820142
0,Rasd1,34.17942,2.6259239,4.889626222891251e-256,5.546219258120533e-254,0.31355651309247595,0.055605735576380266
0,Dcakd,34.131245,1.5615386,2.538049336488911e-255,2.867441810893156e-253,0.41663904540934704,0.14169583380377102
0,Ttyh2,34.107357,2.0930085,5.738234072541879e-255,6.47011458068529e-253,0.3437189260855154,0.08100937111888902
0,Fmo1,34.017845,1.8955384,1.2136662321331313e-253,1.3603812780293825e-251,0.3638272014142084,0.09850965338150615
0,Tmed2,33.995453,1.7815104,2.600532743836084e-253,2.9091735749856677e-251,0.37575958457628994,0.1079372247939483
0,Slc20a2,33.891624,1.2876204,8.851219806087858e-252,9.824508907961963e-250,0.4997237874268037,0.21305182341650672
0,Hadha,33.871372,1.7272811,1.758844104145871e-251,1.9484502360733473e-249,0.3824991713622804,0.11550186293327312
0,Sec61a2,33.859943,1.4739558,2.5912001448548483e-251,2.8649616980229114e-249,0.43111258424483484,0.15451055662188098
0,Dab2ip,33.83913,1.5426879,5.2448843459212115e-251,5.787770533742242e-249,0.411446249033256,0.1377441571638252
0,Ucp3,33.83598,3.5551696,5.835605997390524e-251,6.427180678866805e-249,0.2798585791625235,0.02721011629219826
0,Grina,33.807903,1.4131466,1.5094397230792684e-250,1.649693037847536e-248,0.4426030272898022,0.16184938466749463
0,Hnrnph3,33.80749,1.3109217,1.530640508822962e-250,1.6696590270668252e-248,0.4798364821566678,0.19385796545105566
0,Sav1,33.790066,1.586117,2.7598707914802595e-250,3.0047763429766244e-248,0.40691636283283616,0.13650220164841367
0,Orc3,33.740154,1.343739,1.4907986051263976e-249,1.6199916674523322e-247,0.4709976798143852,0.18866433329569832
0,G3bp2,33.689587,1.4033569,8.212586243818765e-249,8.890358808161299e-247,0.4529886200419843,0.1770351134695721
0,Jazf1,33.682995,1.2855884,1.0256575583666836e-248,1.1081967178549779e-246,0.5082311346812507,0.22072936660268713
0,4931428L18Rik,33.608906,1.1860723,1.2432739062312378e-247,1.330700366441972e-245,0.5435863440503812,0.2398667720447104
0,Grhl1,33.54477,2.0116096,1.073108173285722e-246,1.144266900656597e-244,0.3455971715832505,0.08648526589138535
0,Ccdc58,33.437115,1.7666234,3.961574456265037e-245,4.200670598029562e-243,0.37189260855154127,0.10934853787964322
0,N4bp2l1,33.28706,1.7523851,5.942297738622183e-243,6.254350749258517e-241,0.37089824328803445,0.10895337021564865
0,Dop1a,33.252426,1.3150735,1.882960391123925e-242,1.978185380645524e-240,0.4778477516296542,0.20046291069210795
0,Sox5os4,33.238213,3.1605568,3.021771418705959e-242,3.168741921777827e-240,0.2843884653629433,0.03500056452523428
0,Kcns3,33.20623,1.5529488,8.75205130914875e-242,9.160855764599981e-240,0.4072478179206718,0.14084904595235406
0,Insig1,33.169823,2.3062882,2.9332710150520666e-241,3.0646492636344904e-239,0.3197436747320738,0.06667043016822852
0,Trafd1,33.11943,1.6352688,1.5608004590209643e-240,1.6247447703311283e-238,0.3892387581482709,0.12651010500169357
0,Fign,33.115143,1.2118659,1.799210830375543e-240,1.8695048155549962e-238,0.5242514639266379,0.23523766512363103
0,Timmdc1,33.104443,2.0689948,2.5652231182178306e-240,2.660589609734818e-238,0.3342172135675616,0.0790899853223439
0,Aco2,33.06414,1.4077014,9.743756867558158e-240,1.0087622905375073e-237,0.43332228483040547,0.16184938466749463
0,Ikzf2,33.04811,1.3166635,1.655826197048316e-239,1.711150625882544e-237,0.46403712296983757,0.1868578525460088
0,Itga6,33.033813,1.2783656,2.6569760128040915e-239,2.740776651178945e-237,0.4778477516296542,0.1971886643332957
0,Dpf3,32.965866,1.9383497,2.506609559665264e-238,2.5809919518426724e-236,0.3474754170809855,0.09229987580444846
0,Gm48742,32.9339,1.9620695,7.193301580378687e-238,7.393389626143371e-236,0.33907855485581706,0.08321101953257311
0,Gm20257-1,32.87363,2.2381296,5.235426361075765e-237,5.3616980652161e-235,0.320406584907745,0.06938015129276279
0,Decr1,32.734653,1.8814799,5.020907318832145e-235,5.132773494463575e-233,0.3496851176665562,0.09546121711640511
0,Gm5089,32.707108,3.197052,1.237608868297849e-234,1.2629155299237961e-232,0.278311788752624,0.03336344134582816
0,Krit1,32.65621,1.2008619,6.541157332369773e-234,6.651072136829772e-232,0.5050270688321732,0.2194309585638478
0,Cables1,32.637825,1.3992312,1.1927778753702638e-233,1.2106589126819643e-231,0.4385150812064965,0.17099469346279778
0,Pag1,32.6187,1.2509921,2.2277653041838834e-233,2.2531293816258347e-231,0.48248812285935255,0.20435813480862594
0,Atp5b,32.577446,1.8361741,8.55932500991848e-233,8.641427755137735e-231,0.3474754170809855,0.09213051823416507
0,Svep1,32.488213,1.2641293,1.5645265976982278e-231,1.5739524558221695e-229,0.4813832725665672,0.20599525798803206
0,4632427E13Rik,32.432026,1.2852052,9.709741483064753e-231,9.751012165558909e-229,0.4589548116230251,0.18465620413232472
0,Optn,32.38681,2.0645888,4.209556279597253e-230,4.2125895275315847e-228,0.3291349022207491,0.08067065597832224
0,Atl2,32.3682,1.2181952,7.694920340346515e-230,7.673493154109823e-228,0.49221080543586343,0.2131082759399345
0,Psma3,32.315357,1.3460547,4.256850391965895e-229,4.230180072756196e-227,0.4387360512650536,0.17048662075194762
0,Mir22hg,32.288517,1.7146845,1.0138220903217165e-228,1.0057150460802937e-226,0.364158656502044,0.11036468330134357
0,9630013D21Rik,32.226456,2.5274107,7.520695371977587e-228,7.447581133491752e-226,0.2965418185835819,0.05267020435813481
0,Gm42836,32.221874,3.642246,8.718267270414016e-228,8.6185218167473e-226,0.2652745552977572,0.02500846787851417
0,Myl6,32.207096,1.3565961,1.403980843210216e-227,1.3855125336782134e-225,0.42304717710750195,0.15479281923902
0,Snx10,32.190964,1.1888119,2.3613703659679637e-227,2.32627664374709e-225,0.5241409788973594,0.2482217455120244
0,Taf1d,32.185974,1.6990918,2.773307775226547e-227,2.7273733683795304e-225,0.36305380620925864,0.10912272778593203
0,Krcc1,32.12404,1.2739537,2.0358538172418607e-226,1.9986819346132551e-224,0.45961772179869625,0.18838207067855933
0,Gm49599,32.102642,1.3282495,4.05005733847825e-226,3.9692653168724615e-224,0.4378521710308253,0.17122050355650897
0,4930412C18Rik,32.05677,1.7707479,1.7666529557884018e-225,1.7284361848032196e-223,0.3565351894818252,0.10596138647397539
0,Ganc,32.055515,1.8616021,1.8392963210716592e-225,1.7964214720092855e-223,0.34316650093912276,0.09410635655413797
0,Pex16,32.01659,2.7007213,6.408332489281546e-225,6.248233908770214e-223,0.28659816594851395,0.04487975612509879
0,Oip5os1,31.969955,1.2389728,2.85335031780925e-224,2.777309751220111e-222,0.4664677936139653,0.19391441797448347
0,Carmn,31.968775,1.9124702,2.9631310111894207e-224,2.879243053039877e-222,0.3376422494751961,0.09026758496104775
0,Strbp,31.814411,1.1355863,4.0912247452962547e-222,3.935108584829629e-220,0.5014915478952602,0.21818900304843628
0,Cadps2,31.808922,1.3282934,4.87249300617842e-222,4.678661454718472e-220,0.44194011711413106,0.17844642655526702
0,Srgap1,31.731367,1.2229035,5.739731344151688e-221,5.49287466331666e-219,0.4483482488122859,0.17697866094614428
0,AI480526,31.695,1.567524,1.8208366385556273e-220,1.7337835959196651e-218,0.37553861451773285,0.12278423845545895
0,Bahcc1,31.69233,1.9364365,1.9818267286088332e-220,1.8839264733508442e-218,0.3315655728648768,0.08654171841481315
0,Steap4,31.649656,1.5373634,7.66615798263342e-220,7.275311694818827e-218,0.38990166832394213,0.13678446426555266
0,Rcbtb2,31.642105,1.5155263,9.737732317242302e-220,9.225893774976606e-218,0.3830515965086731,0.12888111098566105
0,Rhot1,31.640728,1.2551209,1.0171850367357773e-219,9.62118491308503e-218,0.45409347033476966,0.18742237778028678
0,Bscl2,31.619967,1.9880626,1.9628758758479025e-219,1.8535342495299405e-217,0.32206386034692297,0.07745286214293778
0,Zfp266,31.558224,1.3509619,1.382871660645728e-218,1.3036770733249736e-216,0.42337863219533756,0.1624703624252004
0,Preb,31.548607,1.8503594,1.8737452919990425e-218,1.7635195152349995e-216,0.3354325488896255,0.08896917692220842
0,Itga7,31.545816,1.9587038,2.0463823797985508e-218,1.922822757229526e-216,0.32626229145950725,0.08247713672801174
0,Pwwp3a,31.538914,1.5575176,2.544666332335623e-218,2.3870814765983972e-216,0.37321842890288365,0.12165518798690302
0,Rnf144a,31.533016,1.6824005,3.0653320537282384e-218,2.8707742182786125e-216,0.3581924649210032,0.1097437055436378
0,Cpped1,31.507866,1.272098,6.77826766654666e-218,6.32723506886612e-216,0.44138769196773836,0.17737382861013887
0,Nadk,31.50396,1.3313624,7.66693335717376e-218,7.145054865643716e-216,0.4252568776930726,0.16546234616687366
0,Zfp809,31.423063,1.590401,9.797898148766699e-217,9.116047687727526e-215,0.37089824328803445,0.12126002032290843
0,Psmd1,31.35962,1.3991029,7.193759728696514e-216,6.671333431786779e-214,0.40481714727654405,0.14909111437281247
0,Med16,31.355455,2.9729238,8.197975738025999e-216,7.590259130064038e-214,0.27278753728869737,0.03720221293891837
0,Eef1a1,31.353376,1.183396,8.750629001259056e-216,8.088791655206038e-214,0.4628217876477737,0.18939821610025967
0,Acadm,31.350962,1.2960241,9.43954598303356e-216,8.71146171507154e-214,0.43586344050381176,0.174833465055888
0,Ndufs1,31.343222,1.5149525,1.20347984339541e-215,1.1088567275530427e-213,0.37984753065959564,0.1281472281810997
0,Khdc4,31.28659,1.2510217,7.102154977467424e-215,6.522642041483429e-213,0.44547563805104406,0.1810996951563735
0,Tia1,31.229675,1.1660308,4.215337713474609e-214,3.8651456480347457e-212,0.4806098773616175,0.2091565992999887
0,Dnajc15,31.176367,1.5988724,2.2282391534278772e-213,2.0398418912433563e-211,0.3649320517069937,0.11821158405780738
0,Cdc27,31.15838,1.1415539,3.905457400336744e-213,3.569512838404086e-211,0.49729311678267596,0.22400361296149937
0,Tex2,31.091873,1.1990514,3.101767975164828e-212,2.8304129851580203e-210,0.4652524582919014,0.19995483798125777
0,Palmd,31.08028,1.101798,4.449153982852496e-212,4.0534284310016637e-210,0.5227046735167384,0.2419555154115389
0,Clec16a,31.055063,1.389498,9.746983326220864e-212,8.86586226163486e-210,0.40614296762788643,0.15309924353618606
0,Ebf3,31.032299,1.7563783,1.9773921936084202e-211,1.7929090588575965e-209,0.34018340514860235,0.0976628655300892
0,Ablim2,30.98764,2.0378842,7.909915700917694e-211,7.160548647471453e-209,0.3143299082974257,0.07688833690865982
0,Ndufb3,30.959072,2.0172844,1.9179894582175678e-210,1.7307803128425758e-208,0.3145508783559828,0.07604154905724286
0,Trit1,30.95285,1.4415585,2.325934053886579e-210,2.09558561649297e-208,0.38603469229919346,0.13509088856271875
0,Usp40,30.903374,1.3852749,1.0760549884513334e-209,9.66429764943334e-208,0.4006187161639598,0.14734108614655075
0,Taldo1,30.82958,1.6447436,1.0521801347122376e-208,9.420155511108414e-207,0.35090045298862005,0.10686462684882014
0,Prkci,30.800224,1.4214187,2.6023358123631132e-208,2.3262104158833284e-206,0.3912274886752845,0.14113130856949305
0,4930556N13Rik,30.777332,3.3515773,5.269774609072181e-208,4.7032325394228693e-206,0.2577615733068169,0.02743592638590945
0,Gpbp1l1,30.765203,1.0965178,7.656986168438505e-208,6.823105624680077e-206,0.5038117335101093,0.23021339053855708
0,Maco1,30.75442,1.2112422,1.0672664582604733e-207,9.495503031220251e-206,0.45133134460280633,0.190978886756238
0,P2ry14,30.694656,3.4855509,6.707259901714144e-207,5.921210636643489e-205,0.2548889625455751,0.02540363554250875
0,Eml5,30.666113,1.3574425,1.611670462520532e-206,1.4205902137210776e-204,0.40227599160313776,0.15101050016935758
0,Stx18,30.542479,1.1911417,7.117008526695845e-205,6.263517504151285e-203,0.45376201524693405,0.1935192503104889
0,Fbxo21,30.508307,1.7935287,2.022024580923936e-204,1.776791692320831e-202,0.3331123632747763,0.09579993225697189
0,Atg16l1,30.430578,1.3733287,2.1649264768667474e-203,1.8965089002964533e-201,0.39774610540271793,0.15016371231794062
0,Tmem131,30.42369,1.1187327,2.6703658485671783e-203,2.3356881994356945e-201,0.48491879350348027,0.2175680252907305
0,Slc18b1,30.417704,1.5758669,3.204486280957801e-203,2.7985683025156156e-201,0.3578610098331676,0.11696962854239584
0,Cep70,30.407042,1.7496676,4.433368852064735e-203,3.865856903605177e-201,0.3349906087725113,0.09805803319408378
0,Ackr4,30.385246,3.3785832,8.604870379753027e-203,7.491894866873351e-201,0.25411556734062535,0.027153663768770465
0,Blcap,30.34378,1.2796427,3.0350387349136706e-202,2.634422875071941e-200,0.4222737819025522,0.16997854804109744
0,Gm48321,30.334215,3.5240662,4.058072600725393e-202,3.517058020668259e-200,0.2510219865208264,0.0243874901208084
0,Nploc4,30.332201,1.3580041,4.3142427807295485e-202,3.7333935893240303e-200,0.39785659043199645,0.1504459749350796
0,St3gal3,30.299574,1.1084416,1.1612413477570823e-201,1.0018521754944852e-199,0.48425588332780906,0.21858417071243086
0,Pex3,30.286146,1.6927806,1.744906751102491e-201,1.5031276144406494e-199,0.3383051596508673,0.10071130179519025
0,Mafg,30.265133,1.2306049,3.298945578218108e-201,2.837541694400563e-199,0.43497956026958345,0.1806480749689511
0,Eif4g2,30.252922,1.0904033,4.775550676945965e-201,4.1014273166814513e-199,0.5028173682466026,0.23461668736592525
0,Fitm2,30.206602,2.1388323,1.9399387404682668e-200,1.661083486030129e-198,0.29720472875925313,0.06616235745737835
0,Klhdc7a,30.20332,2.0743916,2.1423736824088605e-200,1.8316651629135576e-198,0.3029499502817368,0.07169470475330247
0,Dazap1,30.181656,1.240283,4.1235191065482627e-200,3.52019942197848e-198,0.4266931830736935,0.17432539234503783
0,Smim36,30.102768,2.5244558,4.457465819365176e-199,3.7826015085018255e-197,0.2768754833720031,0.049283052952466974
0,Slc25a19,30.055925,1.9716022,1.8268249218891115e-198,1.5479350874596414e-196,0.30913711192133464,0.07807383990064355
0,Eci1,30.034666,2.257947,3.462495480151329e-198,2.9295387092911863e-196,0.2878135012705778,0.058767076888336905
0,Cnbp,29.984917,1.4148104,1.5435322959450424e-197,1.3020781105689875e-195,0.3767539498397967,0.13351021790674042
0,Dpm1,29.96297,2.1324956,2.981992961109592e-197,2.5117997218719124e-195,0.29521599823223954,0.06565428474652817
0,Srsf10,29.92238,1.088695,1.0067711487044576e-196,8.455244244598896e-195,0.48005745221522483,0.2152534718301908
0,Agpat3,29.900156,1.2978964,1.9586493366298631e-196,1.6425250644630493e-194,0.4037122969837587,0.1565428474652817
0,Tmem243,29.892223,1.3102936,2.483418506073975e-196,2.0795343110935028e-194,0.4047066622472655,0.1586315908321102
0,Bicral,29.886656,1.0633762,2.9336154520445546e-196,2.4529074516133478e-194,0.502706883217324,0.23405216213164728
0,Abcd3,29.825169,1.1902736,1.843179193923306e-195,1.538892470398636e-193,0.43729974588443266,0.18380941628090774
0,Ermp1,29.7742,1.6609551,8.432030369474695e-195,7.009171405376038e-193,0.3359849740360181,0.10206616235745739
0,Mthfr,29.747414,1.8857375,1.8729879866802097e-194,1.5546619380402013e-192,0.31178875262401945,0.08146099130631139
0,Heph,29.674185,1.2588508,1.6538339663302918e-193,1.3707563300846163e-191,0.4154237100872832,0.16924466523653608
0,Fzd4,29.635857,1.2231641,5.16047564809558e-193,4.2709686610205007e-191,0.42249475196110925,0.17398667720447103
0,Whamm,29.630936,1.977279,5.971395095742568e-193,4.934937708950328e-191,0.30195558501823005,0.07378344812013098
0,Dusp10,29.629984,1.6346399,6.142492064893788e-193,5.0689802995234374e-191,0.3436084410562369,0.11149373376989952
0,Rexo5,29.592525,1.8719178,1.864745444535926e-192,1.5366204103808997e-190,0.31156778256546236,0.08264649429829514
0,Mmp28,29.589455,1.6940596,2.042252167826308e-192,1.6804607035866735e-190,0.3309026626892056,0.09918708366263972
0,Immt,29.58711,1.2354478,2.189121672684245e-192,1.7987125131935582e-190,0.41708098552646117,0.16969628542395845
0,Atg7,29.489832,1.0974005,3.8871958698168104e-191,3.1801841957361926e-189,0.47431223069274114,0.21610025968160776
0,Uso1,29.421156,1.0880878,2.945553018393044e-190,2.4029045045890874e-188,0.4756380510440835,0.21666478491588573
0,Riok3,29.401192,1.0322936,5.302248788516479e-190,4.3192467563221293e-188,0.5042536736272235,0.2377780286778819
0,Nudt13,29.387495,1.5699543,7.934642842786426e-190,6.454378544444313e-188,0.34184068058778033,0.10867110759850965
0,Prdx1,29.370907,1.2904899,1.2924255484540885e-189,1.049814595642286e-187,0.39421058446580487,0.15067178502879078
0,Ttc17,29.345024,1.1334792,2.76574097605035e-189,2.2433626341493303e-187,0.4506684344271351,0.1989386925595574
0,Safb,29.279125,1.1871912,1.9128481161381527e-188,1.5471517696167977e-186,0.42315766213678047,0.17647058823529413
0,Ltbp3,29.116495,1.2161789,2.2197842127017162e-186,1.782746584703081e-184,0.41100430891614187,0.16738173196341877
0,Ric8b,29.088583,1.1956459,5.006167811948813e-186,4.014876075777146e-184,0.42138990166832396,0.17731737608671108
0,Baiap2,29.060953,1.2460588,1.1189269023822333e-185,8.948429318616117e-184,0.4115567340625345,0.17189793383764254
0,Sf3b3,29.028387,1.2605369,2.8844803220110153e-185,2.3003528573617536e-183,0.3949839796707546,0.154228294004742
0,Hnrnpa3,29.021305,1.0540228,3.543751397131334e-185,2.822164311944829e-183,0.47596950613191913,0.2192051484701366
0,Baz2a,29.009377,1.1023172,5.01126557291931e-185,3.985285935580984e-183,0.4528781350127058,0.20091453087953032
0,Usp45,28.951828,1.3376161,2.6613922902983405e-184,2.1047547000260806e-182,0.37542812948845433,0.1379699672575364
0,Gm15952,28.944717,2.8815415,3.270518218471462e-184,2.5793154830745644e-182,0.2531212020771185,0.035621542282940045
0,Zbtb5,28.917612,1.9956822,7.171285333651046e-184,5.64005743347271e-182,0.2945530880565683,0.07220277746415264
0,Acadl,28.897299,1.3399096,1.2909530096337006e-183,1.0125090264676658e-181,0.3788531653960888,0.1441232923111663
0,9330162G02Rik,28.89362,2.3344085,1.43596153255755e-183,1.1246916867312167e-181,0.27234559717158324,0.05244439426442362
0,Tbc1d20,28.832207,1.8889339,8.47006603881142e-183,6.606767538574809e-181,0.30107170478400175,0.07796093485378797
0,Pygl,28.816723,1.5594181,1.324161657475323e-182,1.031451285065696e-180,0.33819467462158875,0.1098566105904934
0,Lrrc4,28.802254,1.9229552,2.009971654125314e-182,1.5635218026987636e-180,0.29731521378853165,0.07446087840126453
0,Grin2b,28.674381,1.5163151,7.963108717587195e-181,6.135688409852943e-179,0.33819467462158875,0.11019532573106018
0,Lep,28.67353,1.5462099,8.159893644903695e-181,6.278817622087316e-179,0.3402938901778809,0.11313085694930564
0,Psma1,28.645632,1.9625034,1.816976556325696e-180,1.3943458503199659e-178,0.2943321179980113,0.07406571073726996
0,2010016I18Rik,28.512735,1.6210034,8.14423745070231e-179,6.199746319257223e-177,0.32195337531764445,0.09709834029581123
0,Ehhadh,28.468697,1.865726,2.8604631772936917e-178,2.1717017837104015e-176,0.3031709203402939,0.08360618719656769
0,Rhoq,28.45241,1.0400091,4.5498864896036985e-178,3.4497348416048495e-176,0.48248812285935255,0.23089082081969065
0,Gm26542,28.444134,1.4621872,5.759212419987301e-178,4.360841946894906e-176,0.3429455308805657,0.11561476798012871
0,Urgcp,28.353775,1.0724589,7.519256151767126e-177,5.678434542941271e-175,0.4483482488122859,0.20102743592638592
0,Dhrs3,28.337557,1.0093197,1.1914679742773964e-176,8.985877870639633e-175,0.49453099105071263,0.2377780286778819
0,Scaf4,28.329168,1.0076869,1.5116237677919956e-176,1.1385366264794182e-174,0.48657606894265826,0.23134244100711301
0,Enpep,28.30495,1.8237264,3.0034715244260974e-176,2.25620939409428e-174,0.30306043531101534,0.08422716495427346
0,Paip2,28.266563,1.0643977,8.908112792406235e-176,6.682962457343918e-174,0.4527676499834272,0.2052613751834707
0,Coq3,28.19183,1.7357644,7.364493969633035e-175,5.4959587303391165e-173,0.3068169263064855,0.08704979112566331
0,Qsox1,28.12512,2.0335395,4.830218953568878e-174,3.5952614043812484e-172,0.2823997348359297,0.0669526927853675
0,Phkg1,28.016815,1.7603226,1.0138983926659489e-172,7.527038901798148e-171,0.30195558501823005,0.08417071243084566
0,Focad,28.01349,1.1383331,1.1130200610967945e-172,8.252145221212575e-171,0.4165285603800685,0.1788980467426894
0,Fam241a,27.938293,1.8165352,9.147116951902694e-172,6.764233589068718e-170,0.29488454314440393,0.07824319747092695
0,Sos1,27.930521,1.1008136,1.1368374034071706e-171,8.395934965941336e-170,0.4262512429565794,0.1852207293666027
0,Gm11266,27.895267,1.1742796,3.045123290298815e-171,2.2431095119392602e-169,0.4051486023643796,0.1704301682285198
0,Prlr,27.882654,1.1280996,4.3307780252339355e-171,3.1819204069012327e-169,0.41398740470666223,0.17743028113356668
0,Crebzf,27.848183,1.3667375,1.133114098702557e-170,8.314516738946172e-169,0.3522262733399624,0.12735689285311053
0,Tcf25,27.715046,1.0395824,4.599478031404154e-169,3.3576779305921015e-167,0.4458070931388797,0.20238229648865305
0,Prkdc,27.687452,1.1803204,9.887586791124049e-169,7.199604596846476e-167,0.3926637940559054,0.16151066952692786
0,Nfx1,27.68697,1.1175321,1.0020717987472196e-168,7.287224813852545e-167,0.41288255441387695,0.1769222084227165
0,Eif3a,27.630117,1.0353663,4.838410145138156e-168,3.509603975468939e-166,0.448569218870843,0.20424522976177034
0,Kansl2,27.616215,1.4642948,7.107500820249333e-168,5.1489593410409325e-166,0.33012926748425586,0.1098566105904934
0,Lzts2,27.61563,1.3374091,7.223464892675314e-168,5.226319116312898e-166,0.35675615954038226,0.13294569267246245
0,Fgf14,27.61397,2.5416498,7.562509886237327e-168,5.457755075186814e-166,0.2640592199756933,0.05848481427119792
0,Epb41l1,27.56921,1.1245451,2.604440695419581e-167,1.8724678994682622e-165,0.40890509335984976,0.1747770125324602
0,Nampt,27.542398,1.0496595,5.457676104988195e-167,3.9139236157951233e-165,0.4357529554745332,0.19487411087275602
0,Sdha,27.527592,1.0758613,8.20942622322571e-167,5.879911177065348e-165,0.4276875483372003,0.18990628881110985
0,Pgd,27.403233,1.5537188,2.509699784377184e-165,1.793034070542299e-163,0.3169815490001105,0.10042903917805125
0,Zfp740,27.400396,1.3322577,2.712921022607653e-165,1.9357949366955182e-163,0.3517843332228483,0.12921982612622784
0,Chrdl1,27.391827,1.1356152,3.431860495473381e-165,2.4457267643648284e-163,0.4198431112584245,0.19018855142824884
0,Shld2,27.380428,1.2011411,4.691065870713723e-165,3.338924771803876e-163,0.37929510551320295,0.15117985773964096
0,Ldah,27.36618,1.0010141,6.932177568036512e-165,4.9279041560744946e-163,0.4633742127941664,0.2196003161341312
0,Lrpap1,27.354061,2.1285808,9.662027947607322e-165,6.859919368637264e-163,0.2673737708540493,0.05820255165405894
0,Hspa4,27.332174,1.0853496,1.7592593312237375e-164,1.2474967070885535e-162,0.4158656502043973,0.18019645478152874
0,Fbxo22,27.294163,1.9566242,4.975412188668284e-164,3.5236933511811035e-162,0.2775383935476743,0.06779948063678447
0,Tmed5,27.276876,1.6237336,7.978991242806994e-164,5.643872551014572e-162,0.3064854712186499,0.09275149599187084
0,Gpat4,27.23417,1.2453499,2.559252039413875e-163,1.8080194835764946e-161,0.3684675726439067,0.14417974483459411
0,Cecr2,27.231087,1.193427,2.783820796514403e-163,1.964232217773564e-161,0.37575958457628994,0.14897820932595687
0,Tecpr1,27.15723,1.8150734,2.0801084474671366e-162,1.4658843453864632e-160,0.28582477074356427,0.07575928644010388
0,Fbxw2,27.153818,1.4732741,2.28229495527211e-162,1.6043970005944346e-160,0.3251574411667219,0.10895337021564865
0,Lamp1,27.134256,1.1833842,3.884234350258671e-162,2.720445118549557e-160,0.3769749198983538,0.1502766173647962
0,Zranb2,27.133133,1.0968229,4.004475742653795e-162,2.8012144135436087e-160,0.41056236879902774,0.1790674043129728
0,Ngly1,27.075697,1.0367978,1.9035953345445e-161,1.3234752374151206e-159,0.43310131477184843,0.1968499491927289
0,Acadsb,27.072739,1.0492067,2.0625029295520513e-161,1.4322070647758945e-159,0.4297867638934924,0.19414022806819464
0,Fam204a,27.06152,1.1496708,2.795460635224336e-161,1.9388102805153338e-159,0.38979118329466356,0.16190583719092244
0,Safb2,27.008764,1.2766321,1.1660488989369448e-160,8.047998830832554e-159,0.35675615954038226,0.13576831884385232
0,Pitpnm2,26.978487,1.6473327,2.6433627822183668e-160,1.8200208002696013e-158,0.300077339520495,0.08908208196906402
0,Brpf3,26.968662,1.5457562,3.446677436136561e-160,2.367397586140554e-158,0.3126726328582477,0.10054194422490685
0,Xpnpep3,26.966904,1.2340692,3.614285249969385e-160,2.4795303182952623e-158,0.3669207822340073,0.14513943773286667
0,Trim35,26.93913,1.4104145,7.648505384801244e-160,5.234537801874611e-158,0.3336647884211689,0.11855029919837416
0,Scp2,26.895098,1.011585,2.506260865503293e-159,1.711139088041043e-157,0.4286819136007071,0.1913176018968048
0,Sec24a,26.894108,1.0739219,2.5739791555978496e-159,1.7552688275317024e-157,0.418296320848525,0.18838207067855933
0,Inca1,26.882126,1.7261189,3.5540146489303793e-159,2.4206835900089084e-157,0.28858689647552754,0.0791464378457717
0,Pkp2,26.872786,1.3293464,4.569672996205814e-159,3.108742533774854e-157,0.35498839907192575,0.1384780399683866
0,Ubxn4,26.869408,1.020712,5.004596186940737e-159,3.400557416236187e-157,0.43729974588443266,0.20255165405893644
0,Pex1,26.854568,1.5342854,7.45956177151319e-159,5.062632977732212e-157,0.31156778256546236,0.0995257988032065
0,Srsf6,26.817335,1.0462047,2.028898525093571e-158,1.3720606997310336e-156,0.42282620704894486,0.1910917918030936
0,Bckdha,26.808311,1.5227143,2.5851102094962238e-158,1.7440611426412853e-156,0.3112363274776268,0.09935644123292312
0,9330159F19Rik,26.733456,2.3567827,1.9230406607347412e-157,1.289750980717278e-155,0.2525687769307259,0.05046855594445072
0,Mtif2,26.723747,1.3344314,2.4937179260539108e-157,1.670526969734538e-155,0.3383051596508673,0.12159873546347522
0,Abhd5,26.69866,1.000165,4.878553472987995e-157,3.2604426444296883e-155,0.44271351231908074,0.20633397312859886
0,Sel1l,26.661764,1.0819147,1.307385758903423e-156,8.706883333066644e-155,0.40227599160313776,0.17421248729818223
0,Hdlbp,26.620977,1.0002166,3.8811578545323307e-156,2.5787282309792933e-154,0.440282841674953,0.20610816303488766
0,Ppfia1,26.618181,1.1108763,4.1816659063207324e-156,2.7751542933777253e-154,0.3908960335874489,0.16546234616687366
0,Plekhm1,26.575266,1.7658538,1.3114157311745405e-155,8.682944552187153e-154,0.2836150701579936,0.07779157728350457
0,Cry2,26.542263,1.4589415,3.154738921440145e-155,2.0863413347935343e-153,0.3183073693514529,0.10827593993451508
0,Smarcb1,26.531044,1.579009,4.250322258441327e-155,2.8076287670290903e-153,0.3020660700475086,0.09404990403071017
0,Cipc,26.519218,1.7775172,5.818969497736381e-155,3.8393736056849044e-153,0.28306264501160094,0.07807383990064355
0,Cox8a,26.454607,1.7134385,3.2296139843841285e-154,2.1210778533427527e-152,0.2852723455971716,0.07852546008806593
0,Setd7,26.449587,1.1612178,3.6888656827454886e-154,2.417119687470781e-152,0.3765329797812396,0.15609122727785932
0,Eif4ebp1,26.448833,1.4979326,3.7632939400030884e-154,2.4630542556059293e-152,0.31245166279969067,0.10302585525572994
0,Pigk,26.445667,1.4384644,4.092405157979415e-154,2.675380506320389e-152,0.33476963871395427,0.12639719995483797
0,Ube4a,26.384903,1.1692009,2.0420282493964066e-153,1.3273416729324291e-151,0.3721135786100983,0.15321214858304166
0,Alas1,26.34802,1.380365,5.407671277234988e-153,3.5110400250517386e-151,0.33410672853828305,0.12374393135373152
0,Mettl16,26.339699,1.2395229,6.735144847823732e-153,4.3679485510242724e-151,0.3518948182521268,0.13661510669526927
0,Lman2,26.332472,1.4432007,8.149464095702214e-153,5.2671808748397246e-151,0.316871063970832,0.10759850965338151
0,Pdhb,26.321156,2.0604627,1.098237720159947e-152,7.090108165944167e-151,0.2589769086288808,0.057129953708930786
0,Net1,26.292803,1.4234217,2.3179193236180827e-152,1.4930389616078873e-150,0.33244945309910506,0.12464717172857627
0,Ddx24,26.222004,1.5714839,1.4914875849302352e-151,9.585416994753106e-150,0.2987515191691526,0.09286440103872644
0,Ubc,26.209846,1.3838761,2.052218998877705e-151,1.3174227961115604e-149,0.32206386034692297,0.11121147115276053
0,Per3,26.158773,1.3680279,7.831818759087269e-151,5.016328368517303e-149,0.3307921776599271,0.12131647284633623
0,Gm46218,26.05027,1.460148,1.3359194515908718e-149,8.52786877724617e-148,0.31145729753618384,0.10494524105227504
0,Slc9a6,26.034458,1.7601058,2.0177352271419876e-149,1.2865829962899433e-147,0.2812948845431444,0.08010613074404425
0,Ubqln1,26.006617,1.1703817,4.168243728420195e-149,2.6518878898321155e-147,0.36283283615070155,0.14762334876368974
0,2610020C07Rik,25.967525,2.03953,1.1529246564110413e-148,7.326861926417534e-147,0.2573196331897028,0.05825900417748674
0,Gm26671,25.958195,2.1510394,1.4694309973816253e-148,9.327856234326324e-147,0.25190586675505466,0.05419442249068533
0,Ubb,25.949728,1.6780893,1.8311781844562403e-148,1.1611260245113895e-146,0.28162633963098,0.07841255504121034
0,Rmdn1,25.949644,1.2727599,1.835161452174348e-148,1.1623573776224645e-146,0.34117777041210917,0.13023597154792818
0,Psmb2,25.937212,1.1819186,2.5348671228058475e-148,1.6001981024355627e-146,0.3577505248038891,0.14372812464717172
0,Flacc1,25.880215,2.0395136,1.1123805781606465e-147,7.014403377745888e-146,0.2572091481604243,0.05944450716947047
0,Esyt1,25.842417,1.4364763,2.9607483799946906e-147,1.864911211341567e-145,0.31112584244834823,0.10607429152083098
0,Trp53inp2,25.83097,1.6966448,3.981341187738854e-147,2.502224597914328e-145,0.28295215998232237,0.08236423168115614
0,Gm37310,25.792025,2.0175204,1.089577602214908e-146,6.832779542700338e-145,0.2556623577505248,0.05814609913063114
0,Dlst,25.78922,1.2514447,1.17142774385633e-146,7.337983186240185e-145,0.3416197105292233,0.13226826239132888
0,Psmd7,25.772238,1.8594298,1.8161425540963826e-146,1.1359430628874102e-144,0.26836813611755606,0.06966241390990177
0,H6pd,25.772211,1.1754891,1.8173971835591766e-146,1.1359430628874102e-144,0.3588553750966744,0.14519589025629445
0,Tdrp,25.75343,2.0159223,2.9505003953417043e-146,1.8401362870881924e-144,0.25809302839465253,0.061476798012871176
0,Cav2,25.748451,1.849679,3.354693796131745e-146,2.0899301908702152e-144,0.2654955253563142,0.0670655978322231
0,Chst11,25.745712,1.4305807,3.6003578316345967e-146,2.2405243201213723e-144,0.30781129156999226,0.10308230777915772
0,Stk11,25.706001,1.383908,1.001564784012874e-145,6.205669245536134e-144,0.31388796818031156,0.10827593993451508
0,Trmt9b,25.651709,1.9416412,4.046382997707101e-145,2.4962632098855907e-143,0.2586454535410452,0.06164615558315457
0,Tcaf1,25.651642,1.0126969,4.053342300510063e-145,2.497850259018869e-143,0.4135454645895481,0.19030145647510444
0,Ptges,25.590567,1.5885369,1.9429150370409065e-144,1.1921500552170932e-142,0.2883659264169705,0.08795303150050807
0,Sorl1,25.572803,1.762946,3.062553866627281e-144,1.87108240042515e-142,0.27234559717158324,0.07434797335440894
0,Cebpg,25.521816,1.2653602,1.1289048538367309e-143,6.852982013040222e-142,0.33476963871395427,0.1277520605171051
0,Aldh1l1,25.511745,1.8763494,1.4602664419005687e-143,8.855061924202372e-142,0.26428019003425035,0.06842045839449024
0,Sucla2,25.480288,1.4207891,3.260618485157705e-143,1.975136991099626e-141,0.3062645011600928,0.10387264310714689
0,Bcap31,25.471989,1.068721,4.0296252688759294e-143,2.4383729270463795e-141,0.3869185725334217,0.17184148131421476
0,Dhx32,25.443449,1.3918155,8.342365189858645e-143,5.037355421800012e-141,0.3127831178875262,0.11030823077791577
0,Naa20,25.42225,1.4129764,1.4314875111831142e-142,8.625431785637852e-141,0.308584686774942,0.10613074404425878
0,Zfp438,25.378126,1.2245882,4.398228173720868e-142,2.641766987762025e-140,0.3429455308805657,0.13588122389070792
0,Mcur1,25.36611,1.5826129,5.968878425440603e-142,3.581389951770426e-140,0.2862667108606784,0.0873885062662301
0,Ehd2,25.30571,1.0581621,2.7639212013268273e-141,1.6514211660519503e-139,0.37553861451773285,0.15947837868352716
0,Rars2,25.282255,1.1543317,5.006977418358186e-141,2.9884937230475208e-139,0.35333112363274777,0.14361521960031615
0,Ube2q2,25.24694,1.0170054,1.223667041605789e-140,7.288370817581092e-139,0.3928847641144625,0.17528508524331038
0,Srsf7,25.239838,1.0588744,1.464376777451652e-140,8.712965317123775e-139,0.37587006960556846,0.1604945241052275
0,Mapk1ip1,25.21334,1.8084128,2.860186980259852e-140,1.6964781962810023e-138,0.2653850403270357,0.07090436942531331
0,Nmnat3,25.213047,1.0778093,2.8815842934283096e-140,1.7073911680759768e-138,0.3827201414208375,0.1703172631816642
0,Hspa9,25.190424,1.3402318,5.100625096558014e-140,3.015936590063446e-138,0.3145508783559828,0.11211471152760528
0,Vcp,25.179962,1.078872,6.640910528960996e-140,3.9185501184411194e-138,0.3750966744006187,0.16280907756576718
0,Tecr,25.17022,1.4759847,8.490262655666782e-140,5.004596748202094e-138,0.29488454314440393,0.09574347973354409
0,Gm12811,25.16899,1.4022923,8.75762818325341e-140,5.156857356593924e-138,0.30339189039885095,0.10296940273230214
0,Pxmp4,25.072147,1.492587,1.0013295985498337e-138,5.859887838748827e-137,0.29112805214893384,0.09365473636671559
0,Afg1l,25.044144,1.0035578,2.0221574885442245e-138,1.1809607133866326e-136,0.4032703568666446,0.1871401151631478
0,Rad51d,24.982368,1.5618128,9.505222934443811e-138,5.539784023645497e-136,0.2840570102751077,0.08857400925821385
0,Akap8,24.98142,1.2114711,9.733016910920082e-138,5.66095726174362e-136,0.3342172135675616,0.130010161454217
0,Yaf2,24.95743,1.2001054,1.7735193610621658e-137,1.0283703252366678e-135,0.33907855485581706,0.13469572089872417
0,Psmd4,24.933186,1.4914256,3.2501569558322205e-137,1.8807640977849844e-135,0.29112805214893384,0.09461442926498814
0,Acly,24.924335,1.3280625,4.053824871146834e-137,2.3434400201824558e-135,0.31985415976135234,0.1199616122840691
0,Plgrkt,24.89949,1.2535453,7.535392460268143e-137,4.347241966364016e-135,0.3244945309910507,0.12176809303375861
0,Rab3gap2,24.893736,1.0078259,8.698049003762962e-137,5.01291101541768e-135,0.39177991382167715,0.17765609122727785
0,Gsta3,24.833359,1.4576892,3.9122828552173745e-136,2.2456582465618198e-134,0.2945530880565683,0.09794512814722818
0,Ccdc69,24.81511,1.7801427,6.15871726848182e-136,3.531556092493689e-134,0.26416970500497183,0.07282375522185841
0,Itgb5,24.788391,1.2204983,1.1960776601258787e-135,6.844809853791724e-134,0.3297978123964203,0.1281472281810997
0,Zbed5-ps,24.748951,1.0500551,3.1820071712471234e-135,1.8154976987773794e-133,0.36979339299524916,0.15942192616009937
0,Cmklr1,24.736355,1.0291483,4.3477412899407733e-135,2.4781254933985745e-133,0.3747652193127831,0.16309134018290616
0,Cdkn2c,24.723045,1.6910112,6.045687833121286e-135,3.4390360729846068e-133,0.26847862114683463,0.07654962176809303
0,Immp1l,24.691336,1.1008767,1.3251292624105083e-134,7.515357104672983e-133,0.3559827643354325,0.14954273456023484
0,Hadhb,24.630966,1.3804264,5.886787960713292e-134,3.325392790386662e-132,0.300298309579052,0.10387264310714689
0,Kif1c,24.627321,1.1692343,6.44059699852995e-134,3.634628678823527e-132,0.3409568003535521,0.13943773286665914
0,Echs1,24.563242,1.7828304,3.122648472565535e-133,1.7500662074444304e-131,0.257982543365374,0.06813819577735125
0,Pex5,24.561796,1.5304726,3.2357103895350416e-133,1.8116478396314142e-131,0.28041100430891613,0.08806593654736367
0,Ssbp1,24.51855,1.4558779,9.367524803541931e-133,5.229374802338049e-131,0.28891835156336315,0.0955176696398329
0,Gm44005,24.505848,1.7460744,1.2796139979746146e-132,7.136385960692707e-131,0.26008175892166613,0.07073501185502992
0,Rgma,24.445518,1.0839432,5.6162180031636863e-132,3.1199323835916435e-130,0.35476742901336866,0.14976854465394604
0,Drg1,24.428822,1.1902084,8.451363307884053e-132,4.690341891951519e-130,0.3292453872500276,0.1297843513605058
0,Tomm70a,24.40689,1.2369401,1.4450566212398534e-131,8.011973619281255e-130,0.32228483040548006,0.12470362425200407
0,Kcnb1,24.398697,1.4259044,1.7655039281867575e-131,9.77913999755663e-130,0.2922329024417191,0.0995822513266343
0,Agl,24.393654,1.3252056,1.997112450474846e-131,1.1051271141155318e-129,0.3061540161308143,0.11081630348876595
0,Dguok,24.37842,1.4694864,2.897356065631998e-131,1.6001779993516157e-129,0.28549331565572866,0.09314666365586542
0,Polr2a,24.364313,1.0155599,4.088498481747572e-131,2.253661104057972e-129,0.37896365042536734,0.17144631365022017
0,Slc3a2,24.275818,1.5484198,3.530543057182072e-130,1.9404696160135558e-128,0.2745552977571539,0.08434007000112904
0,Eif5,24.25454,1.0687203,5.92169314280188e-130,3.2390694451900275e-128,0.35487791404264724,0.15112340521621317
0,Fbh1,24.119442,1.2754107,1.5630519154750223e-128,8.492532358689241e-127,0.3086951718042205,0.1138082872304392
0,Btbd1,24.098976,1.0254489,2.562211935379866e-128,1.3907999028833646e-126,0.3652635067948293,0.16038161905837192
0,Iqsec1,24.033495,1.0986412,1.242231964190568e-127,6.717372295629168e-126,0.3436084410562369,0.14451845997516088
0,Bche,24.02186,1.3886684,1.6437183799398307e-127,8.871560973663878e-126,0.29289581261739034,0.10206616235745739
0,Pdhx,24.001648,1.5303317,2.6727475641543583e-127,1.4357445193444654e-125,0.2741133576400398,0.08642881336795755
0,Fam168b,23.966417,1.1222538,6.231107786700723e-127,3.337775244426396e-125,0.33642691415313225,0.13791351473410862
0,Dhrs7b,23.917894,1.5275877,1.995124108681569e-126,1.0657069594037264e-124,0.2717931720251906,0.08422716495427346
0,Gm48678,23.881542,1.6724272,4.76373334425651e-126,2.535062993974859e-124,0.25886642359960227,0.07338828045613639
0,Exoc3,23.8367,1.2336602,1.391265068821646e-125,7.369304584537055e-124,0.3105734173019556,0.11759060630010161
0,Ptpn11,23.81595,1.0896192,2.2830448411941348e-125,1.2081678095021862e-123,0.34250359076345155,0.14480072259229987
0,Dnajb4,23.776913,1.4648068,5.789621933462942e-125,3.0524709491973464e-123,0.279969064191802,0.09354183131985999
0,Sod1,23.72116,1.6794689,2.1811879843877003e-124,1.1457474632750927e-122,0.2559938128383604,0.07248504008129164
0,Lman2l,23.718185,1.4729636,2.3409983961286948e-124,1.2285602734927558e-122,0.2738923875814827,0.08710624364909111
0,Septin10,23.70184,1.3243221,3.4515595460957216e-124,1.8080519973710807e-122,0.29389017788089716,0.10477588348199164
0,Rnf10,23.60774,1.2298722,3.209499445314873e-123,1.6674462401065161e-121,0.30604353110153576,0.11510669526927854
0,Jade1,23.600512,1.4855533,3.80773429338783e-123,1.976446658156759e-121,0.27245608220086176,0.08727560121937451
0,Cmc1,23.584297,1.0369122,5.58609936047026e-123,2.894250079022175e-121,0.35333112363274777,0.15518798690301455
0,Hadh,23.575785,1.4192053,6.830133925065622e-123,3.535587780246923e-121,0.2798585791625235,0.09365473636671559
0,Zcchc14,23.558903,1.0780787,1.0174844920377045e-122,5.262178425169748e-121,0.3358744890067396,0.13943773286665914
0,Vdac1,23.535784,1.3121518,1.7554541105807742e-122,9.062313010931991e-121,0.29289581261739034,0.10466297843513606
0,E130102H24Rik,23.516064,1.0542051,2.7939739943162396e-122,1.4397436489625429e-120,0.3499060877251132,0.1524782657784803
0,Mfn2,23.504633,1.318306,3.6572170391703885e-122,1.8794728829187823e-120,0.29145950723676944,0.10375973806029129
0,Pdpr,23.475155,1.2938166,7.318485220663313e-122,3.754251053601709e-120,0.29488454314440393,0.10703398441910353
0,Pdha1,23.473675,1.6681714,7.577524513267028e-122,3.883634773266767e-120,0.25621478289691746,0.07457378344812013
0,Nmt2,23.456724,1.076398,1.1287216835814713e-121,5.7797249446773876e-120,0.3376422494751961,0.14259907417861578
0,Nap1l4,23.41598,1.135049,2.9379656352855614e-121,1.5017118603123444e-119,0.3210694950834162,0.12882465846223326
0,Mgat4b,23.39782,1.6672274,4.49769864399059e-121,2.2948338574145894e-119,0.25345265716495413,0.07197696737044146
0,Gramd1a,23.36481,1.451221,9.744857942548424e-121,4.967609275798118e-119,0.2732294774058115,0.08919498701591962
0,Dctn4,23.359053,1.1081771,1.1150783488909713e-120,5.679219701627978e-119,0.3274776267815711,0.13446991080501297
0,Nmt1,23.340193,1.2685971,1.7334355756128794e-120,8.820693039407772e-119,0.2960998784664678,0.10827593993451508
0,Herc3,23.334227,1.1645411,1.992958576525285e-120,1.0123198421581288e-118,0.31377748315103304,0.12357457378344812
0,Rnf125,23.29728,1.5749576,4.723928784700878e-120,2.390979812708024e-118,0.26052369903878025,0.07954160550976629
0,Hebp1,23.284063,1.5187721,6.430318118117813e-120,3.2488797157386547e-118,0.2658269804441498,0.08360618719656769
0,Eif1,23.283329,1.2847797,6.5413793150003e-120,3.302062762193547e-118,0.29101756711965526,0.10409845320085807
0,Cul5,23.263847,1.0089966,1.0302252830250745e-119,5.186742514653472e-118,0.3555408242183184,0.15885740092582137
0,Rnpc3,23.248035,1.0990583,1.4891542290710947e-119,7.477418955691112e-118,0.3292453872500276,0.13751834707011404
0,Elmod3,23.24561,1.6245737,1.5757290544282402e-119,7.905161946096778e-118,0.2531212020771185,0.07271085017500283
0,Scaf1,23.236471,1.4685647,1.9493232937590606e-119,9.762217912923013e-118,0.26869959120539166,0.08625945579767416
0,Ipo9,23.220354,1.2139649,2.83636169053502e-119,1.4192027330470524e-117,0.3048281957794719,0.11696962854239584
0,Gnptab,23.169481,1.1725336,9.250725362616592e-119,4.6124829498489606e-117,0.3163186388244393,0.1280343231342441
0,Hbp1,23.164865,1.0760794,1.0297107881334956e-118,5.129725458189796e-117,0.3315655728648768,0.13926837529637576
0,Uqcc1,23.124294,1.0623342,2.6379214372534444e-118,1.308413628559655e-116,0.3351010938017899,0.1426555267020436
0,Ccdc62,23.116953,1.6530913,3.1270043108131646e-118,1.5496497168147294e-116,0.2535631421942327,0.07485604606525911
0,Elmod2,23.082504,1.5322952,6.939934720049163e-118,3.433247809681315e-116,0.261518064302287,0.08146099130631139
0,Kdsr,23.02894,1.5237693,2.3916609733856054e-117,1.1790785063683961e-115,0.2616285493315656,0.08163034887659479
0,Usp50,23.016813,1.5380454,3.1635953968588127e-117,1.558289666890464e-115,0.2594188487459949,0.07982386812690527
0,Oaz1,22.98574,1.4327124,6.473884219605526e-117,3.177840011625502e-115,0.27035686664456965,0.08885627187535283
0,Mff,22.973372,1.1325833,8.606823911139833e-117,4.213939469683691e-115,0.31819688432217436,0.1304053291182116
0,Ide,22.940016,1.0041201,1.8536451153109498e-116,9.028948375613413e-115,0.34824881228593524,0.15372022129389185
0,Zfta,22.914684,1.4520599,3.316868244222564e-116,1.6128590494814433e-114,0.2650535852392001,0.08445297504798464
0,Usp19,22.897512,1.5576491,4.919122600623064e-116,2.387892242131951e-114,0.2566567230140316,0.07813029242407135
0,Chfr,22.771566,1.0241773,8.775172939959562e-115,4.209495554964089e-113,0.3394100099436526,0.14886530427910127
0,Naa50,22.768461,1.1860416,9.419388401744385e-115,4.514725547001069e-113,0.3001878245497735,0.1157841255504121
0,Rab11b,22.746159,1.2147555,1.566308639109356e-114,7.501024408706967e-113,0.29731521378853165,0.1137518347070114
0,Pcsk6,22.692028,1.2728873,5.370435669122325e-114,2.5589788906735925e-112,0.2793061540161308,0.0976064130066614
0,Camsap2,22.630194,1.0330136,2.186404103165745e-113,1.0348797675674206e-111,0.3331123632747763,0.14463136502201648
0,Hmces,22.619284,1.5722101,2.799844674985528e-113,1.3241358441723501e-111,0.2510219865208264,0.0751383086823981
0,Kansl3,22.617191,1.045806,2.935888125908894e-113,1.386172518883734e-111,0.32460501602032926,0.1359376764141357
0,Eprs,22.60027,1.07965,4.307343074711104e-113,2.030334619347061e-111,0.32217434537620154,0.13542960370328555
0,Tor1aip2,22.58801,1.1001283,5.684963235777017e-113,2.6730593857009007e-111,0.3153242735609325,0.12933273117308344
0,Cul4a,22.579523,1.0359483,6.888778846370753e-113,3.233750670166505e-111,0.33476963871395427,0.14683301343570057
0,Nbr1,22.551188,1.0742592,1.3072761409438907e-112,6.121514041240632e-111,0.31963318970279525,0.13322795528960144
0,Tmem184b,22.515139,1.3315617,2.950192010520914e-112,1.3780712327405363e-110,0.27444481272787535,0.09585638478039968
0,Ndufa4,22.478983,1.3497953,6.664878432300094e-112,3.1081477707911525e-110,0.269804441498177,0.09071920514847014
0,Epm2aip1,22.438034,1.5649682,1.674847840609065e-111,7.76608394886977e-110,0.25035907634515525,0.07570283391667608
0,Sctr,22.42293,1.2201635,2.3518200429364285e-111,1.0887397159743347e-109,0.2904651419732626,0.10957434797335441
0,Dctn2,22.407333,1.4667314,3.338380852387747e-111,1.5429443515893726e-109,0.257982543365374,0.08247713672801174
0,Uba3,22.35929,1.3993794,9.806407399186308e-111,4.503118094492481e-109,0.2657164954148713,0.0894207971096308
0,Cdadc1,22.353249,1.3803374,1.1227183208821417e-110,5.151386294065272e-109,0.2661584355319854,0.0894207971096308
0,Phaf1,22.329363,1.381119,1.9164231949735213e-110,8.78607513244664e-109,0.26836813611755606,0.09218697075759287
0,Hmgcl,22.283537,1.3281171,5.337239832530421e-110,2.433208753435666e-108,0.2732294774058115,0.09613864739753868
0,Trmt1l,22.259993,1.0341681,9.026328832682171e-110,4.098629904798688e-108,0.3228372555518727,0.1378570622106808
0,Ccdc47,22.25957,1.4933602,9.11173799201535e-110,4.134115322735825e-108,0.2525687769307259,0.07829964999435475
0,Nfe2l1,22.233389,1.0673265,1.6333044312624135e-109,7.392844802902472e-108,0.316871063970832,0.13362312295359602
0,Fbxo28,22.196037,1.2569522,3.7508942086169466e-109,1.6923903893253372e-107,0.28107391448458735,0.1034774754431523
0,Lrp12,22.17886,1.2541784,5.49542703222522e-109,2.469732522825069e-107,0.28052148933819465,0.10280004516201874
0,Epas1,22.176058,1.2934028,5.848571525983166e-109,2.6263683853391755e-107,0.26903104629322727,0.09252568589815965
0,Rpe,22.119995,1.3379726,2.0295072589762233e-108,9.077939735535359e-107,0.26903104629322727,0.09393699898385457
0,Kctd20,22.108475,1.0677333,2.6197634043828917e-108,1.169059153675284e-106,0.3109048723897912,0.1283730382748109
0,Rbm15,21.940933,1.4027817,1.0571199032469607e-106,4.644557439103795e-105,0.25853496851176666,0.08592074065710738
0,Raver2,21.93365,1.2388364,1.2406519980654826e-106,5.446720541391414e-105,0.2823997348359297,0.10720334198938693
0,Prr14,21.79081,1.3774369,2.8359413447265108e-105,1.2336236524833633e-103,0.25842448348248814,0.08659817093824095
0,Ccl25,21.76018,1.1429416,5.5330504192880866e-105,2.397697290142184e-103,0.29389017788089716,0.11747770125324603
0,Slc25a17,21.726633,1.0827557,1.1492829328647821e-104,4.96143438061058e-103,0.30549110595514306,0.12746979789996613
0,Cfl2,21.726244,1.2295499,1.1590316268014991e-104,4.99972877740183e-103,0.2776488785769528,0.1034210229197245
0,Arel1,21.722614,1.1931185,1.2543292877018965e-104,5.406719452765609e-103,0.2822892498066512,0.1078243197470927
0,Scd2,21.716475,1.2862887,1.4336598279160503e-104,6.175039656684404e-103,0.2671528007954922,0.09359828384328779
0,Cebpb,21.705584,1.3139137,1.81700202575854e-104,7.820250366494106e-103,0.26461164512208596,0.09235632832787626
0,Micos10,21.61497,1.1784017,1.2988683723859556e-103,5.552467266668822e-102,0.2837255551872721,0.10917918030935983
0,Etv3,21.612387,1.3813537,1.3736246140488931e-103,5.8676338446030026e-102,0.2559938128383604,0.08603364570396296
0,Rcl1,21.609669,1.4439745,1.4569147258569291e-103,6.2187542282623235e-102,0.2512429565793835,0.08208196906401716
0,Atg2b,21.581343,1.2103231,2.6894428221772674e-103,1.1436860622673322e-101,0.2777593636062314,0.10449362086485266
0,Afg3l2,21.578636,1.2865238,2.851504293618614e-103,1.2116978058428171e-101,0.26836813611755606,0.09664672010838884
0,Sumo2,21.557697,1.0870123,4.483741088930265e-103,1.901032772485318e-101,0.300077339520495,0.12312295359602574
0,Uqcrc2,21.49664,1.2054124,1.6737963067190665e-102,7.065058228383274e-101,0.2776488785769528,0.10517105114598622
0,Asap2,21.480913,1.0375775,2.348425360531214e-102,9.897978419985778e-101,0.3088056568334991,0.13136502201648415
0,Irs2,21.455439,1.3379108,4.062580396049907e-102,1.7072132127784337e-100,0.26648989061982103,0.09794512814722818
0,F3,21.397902,1.4086894,1.3975604259927405e-101,5.855665063756632e-100,0.25477847751629656,0.08704979112566331
0,Marchf2,21.396574,1.0169417,1.437923271641668e-101,6.020352133128546e-100,0.3136669981217545,0.13588122389070792
0,Ufd1,21.34181,1.158809,4.6460567682963616e-101,1.9352678744957067e-99,0.28416749530438623,0.11200180648074969
0,Rab5a,21.325716,1.0688097,6.554178598939123e-101,2.720127431502861e-99,0.2980886089934814,0.12267133340860337
0,Rnf2,21.29682,1.2230917,1.2149602928932813e-100,5.03134938455537e-99,0.2713512319080765,0.10059839674833465
0,Stard7,21.295975,1.1415305,1.2370788886779766e-100,5.119223037806153e-99,0.2826207048944868,0.1097437055436378
0,Kpna1,21.284225,1.1162622,1.5895033035010206e-100,6.568062961150335e-99,0.2867086509777925,0.11324376199616124
0,Mgrn1,21.25098,1.0636239,3.228527636018252e-100,1.329252293004449e-98,0.300298309579052,0.1259455797674156
0,Tbk1,21.191586,1.0291841,1.14187864125461e-99,4.6844172702938575e-98,0.30803226162854935,0.13294569267246245
0,Dhtkd1,21.091076,1.3108983,9.605247005930662e-99,3.906659784033556e-97,0.25588332780908185,0.08902562944563622
0,Lrig3,21.068008,1.0710816,1.5636861903845387e-98,6.346247709671134e-97,0.29709424372997456,0.12464717172857627
0,Tspo,21.045277,1.3442115,2.526367342336575e-98,1.0238710522418998e-96,0.25046956137443377,0.08383199729027888
0,Rbks,21.017725,1.3393815,4.51566306680719e-98,1.8274795358000583e-96,0.2529002320185615,0.08699333860223551
0,Lars,20.99936,1.002789,6.647654223603669e-98,2.684567937207209e-96,0.3068169263064855,0.13260697753189568
0,Lactb2,20.968277,1.0541859,1.2781056794608573e-97,5.14322370983609e-96,0.29488454314440393,0.12255842836174777
0,Dok6,20.966312,1.3135054,1.331961172385498e-97,5.35237834275248e-96,0.2636172798585792,0.09862255842836175
0,Atp5pb,20.96585,1.2093807,1.3449655684230506e-97,5.400824007868613e-96,0.26792619600044193,0.10042903917805125
0,Ttc13,20.937965,1.1530615,2.4155764195173096e-97,9.645535547246503e-96,0.2759916031377748,0.10720334198938693
0,Bnip3l,20.794254,1.2770588,4.8787155079945455e-96,1.9238153721656332e-94,0.26008175892166613,0.0955176696398329
0,A930015D03Rik,20.71808,1.0425175,2.379813407745449e-95,9.31333025776176e-94,0.2941111479394542,0.12340521621316473
0,Chchd2,20.67332,1.1272751,6.022596809404847e-95,2.3456407997559604e-93,0.27234559717158324,0.10460652591170826
0,6030443J06Rik,20.542107,1.062181,9.055033943185054e-94,3.493243141997969e-92,0.2879239862998564,0.1198487072372135
0,Zfyve26,20.486311,1.2501092,2.8519954323044798e-93,1.094309109911384e-91,0.2559938128383604,0.09331602122614881
0,Dcun1d5,20.480913,1.1220295,3.1862667158234583e-93,1.2217455425299902e-91,0.27245608220086176,0.10641300666139776
0,Maob,20.432966,1.1086335,8.516798915353508e-93,3.248191875680804e-91,0.27444481272787535,0.10895337021564865
0,Tob2,20.405668,1.2030141,1.4891077850741257e-92,5.66029949198303e-91,0.26461164512208596,0.10184035226374619
0,Lasp1,20.405163,1.0488198,1.5045950513242066e-92,5.7153533567346e-91,0.2881449563584134,0.12131647284633623
0,Aldh2,20.178905,1.1557534,1.500288783624575e-90,5.583525727344243e-89,0.26461164512208596,0.10251778254487975
0,Usp38,20.167599,1.228602,1.885780543422048e-90,7.009022840926555e-89,0.25411556734062535,0.09393699898385457
0,Stx17,20.160656,1.0800669,2.1698713844892338e-90,8.059663829367349e-89,0.2772069384598387,0.11392119227729479
0,Farsb,20.147646,1.0403347,2.8221404405763298e-90,1.0468762138557446e-88,0.2838360402165507,0.11905837190922434
0,Sepsecs,20.134233,1.2329211,3.699899175511841e-90,1.3698046745957072e-88,0.25400508231134683,0.09393699898385457
0,Pts,20.116419,1.2408794,5.300059914374641e-90,1.9571382074215723e-88,0.251132471550105,0.0913966354296037
0,Elovl5,20.095016,1.2040454,8.158773357699924e-90,3.001089882175655e-88,0.269804441498177,0.11047758834819917
0,Eif4h,19.99006,1.0350672,6.72142298157961e-89,2.443962618097858e-87,0.2791956689868523,0.11561476798012871
0,Nek9,19.952703,1.0174155,1.4199943983149508e-88,5.1435051548633345e-87,0.2837255551872721,0.12018742237778028
0,Bfar,19.94064,1.06872,1.8073806787975968e-88,6.525939329829673e-87,0.27256656723014033,0.11075985096533815
0,Ncoa4,19.88188,1.2139453,5.840309144542092e-88,2.094162739290751e-86,0.2505800464037123,0.09218697075759287
0,Xpot,19.832325,1.2213972,1.5663100307696577e-87,5.581180191617965e-86,0.2502485913158767,0.09263859094501524
0,Ppil4,19.759764,1.1909561,6.611337260722864e-87,2.3353359489008725e-85,0.2549994475748536,0.09732415038952241
0,Grk3,19.757746,1.1801726,6.881027182312875e-87,2.4290921809552225e-85,0.2532316871063971,0.09619509992096646
0,2700097O09Rik,19.701456,1.187076,2.095034586556519e-86,7.341130116499369e-85,0.2505800464037123,0.0934853787964322
0,Arl8b,19.628412,1.0094898,8.843551189803375e-86,3.0667518166784046e-84,0.28041100430891613,0.11934063452636333
0,Cd99l2,19.626337,1.0964146,9.212164288066872e-86,3.190692498338295e-84,0.2653850403270357,0.10646945918482556
0,Esrra,19.62602,1.1088434,9.269631864938143e-86,3.206695674492362e-84,0.25986078886310904,0.1015016371231794
0,Srr,19.483284,1.1357119,1.521947808495059e-84,5.208006620403675e-83,0.2572091481604243,0.10076775431861804
0,Ppia,19.477154,1.0406882,1.7155340733907888e-84,5.866920460837532e-83,0.2688100762346702,0.10968725302021
0,Rab5b,19.46344,1.1546576,2.242155496726323e-84,7.654111279322155e-83,0.25278974698928297,0.09687253020210003
0,Rbmx,19.424791,1.1306133,4.763164589678605e-84,1.6201873052621832e-82,0.2559938128383604,0.10014677656091227
0,Kctd3,19.408527,1.100633,6.537386555472152e-84,2.218386935966268e-82,0.26184951939012263,0.10550976628655301
0,Zfp280c,19.363255,1.0042313,1.5760849883192688e-83,5.33237405346925e-82,0.2737819025522042,0.11516314779270634
0,Eci2,19.310612,1.0517055,4.37361676644674e-83,1.474470765531343e-81,0.2637277648878577,0.10680817432539234
0,Sec16a,19.236229,1.0868052,1.8412343788012927e-82,6.174424426579765e-81,0.26008175892166613,0.10488878852884724
0,Sin3a,19.155378,1.0268093,8.728744296200516e-82,2.9099732375290023e-80,0.2691415313225058,0.11296149937902224
0,Purb,19.152674,1.0213969,9.194321020918922e-82,3.061601364047628e-80,0.26836813611755606,0.11200180648074969
0,Dnaja1,19.139566,1.1347629,1.1824950701881039e-81,3.932970314928786e-80,0.25245829190144736,0.09918708366263972
0,Cops3,19.138659,1.0827222,1.2033008273245044e-81,3.9998337658309754e-80,0.2568776930725887,0.10217906740431297
0,Hps5,19.07723,1.059382,3.9040433590732254e-81,1.2879497851042209e-79,0.2614075792730085,0.10720334198938693
0,Dusp22,19.042322,1.0805852,7.607841266582502e-81,2.4997004590910228e-79,0.25853496851176666,0.10466297843513606
0,Trim14,19.013279,1.0568244,1.3241061178333731e-80,4.343083321172241e-79,0.2661584355319854,0.11239697414474427
0,Chordc1,18.859804,1.0108986,2.4412651818057934e-79,7.91617771738062e-78,0.26439067506352887,0.11070339844191035
0,Rnf11,18.814375,1.0038006,5.758438589389881e-79,1.8545885278192827e-77,0.2701358965860126,0.11668736592525686
0,Zbtb11,18.811346,1.0009867,6.096916801425292e-79,1.96249033120383e-77,0.2660479505027069,0.11239697414474427
0,Eif4a1,18.739202,1.0702115,2.371527659930684e-78,7.560871023746533e-77,0.25201635178433324,0.10065484927176245
0,Eif2b3,18.577034,1.0698415,4.9301776828402154e-77,1.5518476917556922e-75,0.251353441608662,0.1014451845997516
1,Mageb18,45.609467,3.391324,0.0,0.0,0.4845163535142658,0.12437550554313175
1,Gm54318,44.627865,3.0254688,0.0,0.0,0.48295059151009045,0.1268972736356283
1,Nnat,38.57355,2.2229202,0.0,0.0,0.5073068893528184,0.2215825284293667
1,Gm54867,31.94556,3.369613,6.226565713281772e-224,3.3135222269156763e-221,0.31837160751565763,0.04857972117809392
1,Scara5,28.644491,1.8743201,1.8774462135058827e-180,8.160585102537288e-178,0.4069241475295755,0.18546890612361422
1,Snta1,23.111418,1.5759861,3.5546727781774324e-118,9.458253395429962e-116,0.36238691718858734,0.19769710234572013
1,Gm34907,23.047857,2.6145606,1.5454882823753905e-117,4.074150383645237e-115,0.25835073068893527,0.07037160393966789
1,2310014F06Rik,22.576372,2.4115896,7.397669621267987e-113,1.807857106886783e-110,0.26583159359777314,0.08378931341295143
1,Emp1,22.276924,1.9388027,6.18642378924113e-110,1.4378006407476703e-107,0.296276965901183,0.11852310034733787
1,Plagl1,18.40907,1.5041903,1.1111781024709064e-75,1.6140712329794868e-73,0.2971468336812804,0.16172622163010897
1,Dock10,18.19587,1.0678704,5.564922262118596e-74,7.921805963182373e-72,0.3747390396659708,0.24018651567778465
1,Gm30173,17.952374,1.505094,4.598193727810101e-72,6.27879494137254e-70,0.29575504523312457,0.16853023742684495
1,Fbxo45,16.917625,1.162638,3.336072435184967e-64,3.8688248580828346e-62,0.3395963813500348,0.23580910691345103
1,Il1r1,16.848227,1.0885819,1.0810854683791789e-63,1.238593312977441e-61,0.3585594989561587,0.24941713850692296
1,Amotl2,16.59508,1.0806434,7.5644366149633546e-62,8.267304900050449e-60,0.35142658315935976,0.2487034305562164
1,Slc2a3,16.104559,1.2960626,2.369833800402814e-58,2.444578015013345e-56,0.30288796102992344,0.1934624351715278
1,Sybu,15.601983,1.480284,7.056716139354117e-55,6.652590624022563e-53,0.2555671537926235,0.13812627872674502
1,1700087I21Rik,14.599987,1.3996335,2.808991170498475e-48,2.2061622929566026e-46,0.2543493389004871,0.14978350858828568
1,Rxra,14.569854,1.3624617,4.3682610522660456e-48,3.402642306116018e-46,0.2599164926931106,0.15749155445591664
1,Palm,14.131367,1.2231711,2.4337593136721567e-45,1.7366001137820335e-43,0.26356993736951984,0.15853832611695295
1,Rasgrf2,14.077696,1.1125032,5.2080384544810345e-45,3.665647931231206e-43,0.2907098121085595,0.19584146167388305
1,Podn,13.151737,1.1758907,1.663100558395773e-39,9.803168622734339e-38,0.2665274878218511,0.17652376647475854
1,Gfod2,12.57312,1.1372355,2.9677509077829007e-36,1.5574811469130523e-34,0.2719206680584551,0.1902745396583718
1,Slc5a3,10.920043,1.0283654,9.245250983996682e-28,3.4794040732303705e-26,0.2524356297842728,0.1804729504686682
2,Dcdc2a,83.173256,7.4379096,0.0,0.0,0.9572357167293876,0.06727623521516651
2,Ank3,81.794785,6.984416,0.0,0.0,0.9452617174136162,0.06811509101585438
2,Glis3,77.92609,5.683963,0.0,0.0,0.9261033185083818,0.1590051170203842
2,Pkhd1,76.77737,7.0580816,0.0,0.0,0.8864180636332535,0.05108631826189078
2,Adcy8,74.54747,6.760984,0.0,0.0,0.8641806363325351,0.05293180102340408
2,Esrrg,74.00313,5.698793,0.0,0.0,0.8778652069791311,0.11140005033134805
2,Slc25a21,67.646324,6.1668673,0.0,0.0,0.793020868970236,0.05129603221206275
2,Bmpr1b,66.30455,5.3605313,0.0,0.0,0.7974683544303798,0.09026088415401393
2,Rmst,63.085854,6.0302234,0.0,0.0,0.7451248717071501,0.04999580572099656
2,Etl4,62.6492,5.0014615,0.0,0.0,0.7704413274033527,0.09617481754886335
2,Acsbg1,62.597713,6.856305,0.0,0.0,0.722203215874102,0.023026591728881805
2,Ppp2r2b,62.469013,5.614369,0.0,0.0,0.7451248717071501,0.06715040684506333
2,Lrp2,61.303238,5.71525,0.0,0.0,0.7249401300034212,0.05444174146464223
2,Gk,60.87812,5.1440654,0.0,0.0,0.7307560725282244,0.09143528227497694
2,Grip1,60.561447,6.2532525,0.0,0.0,0.7074923024290113,0.03368006039761765
2,Gramd1b,60.16652,4.020202,0.0,0.0,0.7711255559356825,0.19121717976679808
2,Wwc1,58.177998,5.5961595,0.0,0.0,0.6893602463222717,0.045885412297626035
2,Nav2,55.383,4.9332156,0.0,0.0,0.6736229900786863,0.06241087157117692
2,Iqgap2,52.646824,3.6626155,0.0,0.0,0.7126240164214848,0.14885496183206107
2,Mylk,52.140316,3.881122,0.0,0.0,0.6760177899418406,0.15560775102759836
2,Cdk6,51.0225,4.172109,0.0,0.0,0.6476223058501539,0.10213069373374717
2,Sorcs2,50.906425,5.901135,0.0,0.0,0.596647280191584,0.02650784330173643
2,Enah,50.333134,5.1211824,0.0,0.0,0.603489565514882,0.04232027514470262
2,Cacna2d3,49.19029,5.412164,0.0,0.0,0.5839890523434828,0.041733076084221124
2,Dab2,49.169075,3.3992994,0.0,0.0,0.6920971604515909,0.15904705981041858
2,Patj,48.90517,4.4023213,0.0,0.0,0.6052001368457065,0.07751027598355843
2,Sestd1,46.442303,3.073487,0.0,0.0,0.6544645911734519,0.21197886083382267
2,Phactr2,46.3924,3.073377,0.0,0.0,0.6657543619568936,0.21562788356681487
2,Trpm3,46.036995,4.314536,0.0,0.0,0.5744098528908655,0.07067360120795235
2,Farp1,45.260677,3.0829113,0.0,0.0,0.6400957919945262,0.19855716802281687
2,Il34,44.764584,4.7980304,0.0,0.0,0.5429353404036948,0.05200905964264743
2,Fgf13,44.31602,5.165937,0.0,0.0,0.5340403694834075,0.0467242680983139
2,Sorbs2,44.021088,4.2407374,0.0,0.0,0.5497776257269928,0.06186561530072981
2,Pax8,44.01081,5.495349,0.0,0.0,0.518645227505987,0.02227162150826273
2,Itpr2,43.898735,2.871661,0.0,0.0,0.64385904892234,0.23076923076923078
2,Hunk,43.874348,5.4909763,0.0,0.0,0.5165925419089976,0.027472527472527472
2,Myo5b,43.837326,4.3708963,0.0,0.0,0.5432774546698598,0.05305762939350726
2,Greb1,43.46477,5.864953,0.0,0.0,0.5073554567225453,0.01904202667561446
2,Prom1,42.665565,5.5255938,0.0,0.0,0.5018816284639069,0.022481335458434695
2,Pip5k1b,42.32809,4.846621,0.0,0.0,0.5100923708518645,0.03871319520174482
2,Tbc1d1,42.324593,3.7011456,0.0,0.0,0.552514539856312,0.09365825014679977
2,Rdh16,42.06475,6.6405954,0.0,0.0,0.4844338008894971,0.010443754718563878
2,Atp6v0a4,41.87864,5.8453865,0.0,0.0,0.4888812863496408,0.018832312725442498
2,Gja1,41.655476,4.274334,0.0,0.0,0.5179609989736572,0.06408858317255264
2,Dnah5,41.375328,5.477173,0.0,0.0,0.48717071501881626,0.0206358526969214
2,Ppm1h,41.25995,2.8015532,0.0,0.0,0.620253164556962,0.2008220786846741
2,Tsc22d1,41.167717,2.8177078,0.0,0.0,0.6130687649674992,0.20061236473450214
2,Nos1ap,41.117615,3.0525978,0.0,0.0,0.5856996236743072,0.17825685764617064
2,Trim2,40.57738,4.1477075,0.0,0.0,0.5087239137872049,0.06283029947152084
2,Sgip1,40.24286,5.186087,0.0,0.0,0.4786178583646938,0.02646590051170204
2,Atp11a,39.790905,3.0349576,0.0,0.0,0.5596989394457749,0.16546430668568074
2,Cacnb4,39.789776,4.2010145,0.0,0.0,0.49948682860075266,0.06173978693062662
2,Kifc3,39.289528,3.9638424,0.0,0.0,0.49880260006842286,0.06501132455330928
2,Dach1,38.744545,4.41349,0.0,0.0,0.47588094423537464,0.03896485194195118
2,Ptprt,38.703552,6.0375667,0.0,0.0,0.4505644885391721,0.01589631742303498
2,Rnf43,38.556866,5.5016155,0.0,0.0,0.4526171741361615,0.01887425551547689
2,Pawr,38.533485,3.5945897,0.0,0.0,0.5066712281902155,0.0740290244107038
2,Rnf180,38.477726,4.164437,0.0,0.0,0.4799863154293534,0.049786091770824596
2,Plekhg1,38.141182,3.5036788,0.0,0.0,0.5063291139240507,0.07973324385538126
2,Plekha7,38.00251,4.175436,0.0,0.0,0.4734861443722203,0.05351900008388558
2,Igfbp7,36.987072,2.532234,1.8481265756278771e-299,7.570803981498342e-297,0.5843311666096476,0.2178508514386377
2,Wnk2,36.622368,5.745841,1.2603353820016316e-293,5.1260540704682075e-291,0.4273007184399589,0.015015518832312726
2,Tmem132b,36.51624,5.6089115,6.126549887206884e-292,2.4741267881379234e-289,0.42764283270612385,0.016399630903447697
2,Tacc2,36.445263,2.5110834,8.177295723965354e-291,3.2561076630651132e-288,0.5658569962367431,0.22246455834242093
2,Map7,36.234375,3.6376722,1.751375344663569e-287,6.877590586240572e-285,0.47109134450906603,0.08115929871655063
2,Col4a4,36.050865,4.040134,1.3367168851502826e-284,5.177822867846411e-282,0.45159083133766675,0.04898917876017113
2,Phldb2,36.02621,3.6701314,3.252497221750129e-284,1.2513543534032034e-281,0.46664385904892236,0.06438218270279339
2,Plekha6,35.96308,5.3588142,3.1608836025467515e-283,1.2079454578027824e-280,0.42353746151214505,0.019880882476302323
2,Lpar1,35.88529,3.1636653,5.1816731279935715e-282,1.9539711892786885e-279,0.495039343140609,0.0971395017196544
2,Lnx1,35.366196,4.807677,5.652051270976022e-274,2.0898276066275694e-271,0.42627437564146425,0.03028269440483181
2,Ap1s2,35.30591,3.6994808,4.766121876654574e-273,1.750888682442504e-270,0.45706465959630516,0.0661857226742723
2,Eps8l2,34.136612,5.8161974,2.1129712044278653e-255,6.95460655209983e-253,0.39753677728361275,0.01317003607079943
2,Rapgef4,33.982,5.0296645,4.1098992904997705e-253,1.337267288573414e-250,0.4036948340745809,0.020761681067024577
2,Ptprk,33.96226,2.427006,8.041096295615317e-253,2.6015230918672263e-250,0.5408826548067054,0.19331431926851775
2,Kcnj16,33.827972,6.168833,7.65243515432817e-251,2.434286648729611e-248,0.39137872049264455,0.010275983558426306
2,Kcnc2,33.588722,4.75454,2.4510701365875497e-247,7.668482672935807e-245,0.4043790626069107,0.026130358191426895
2,Pde4b,33.30012,4.385526,3.8454818070226123e-243,1.1900303237699704e-240,0.4125898049948683,0.043704387215837595
2,Dnaja4,32.871384,4.658888,5.637341663203115e-237,1.663191044789889e-234,0.39685254875128295,0.03082795067527892
2,Susd4,32.702755,5.1054387,1.427060079600683e-234,4.167088615002179e-232,0.38727334929866575,0.018706484355339316
2,Dao,32.312893,6.5288825,4.609821878251975e-229,1.3190345103997273e-226,0.37187820732124527,0.007423873836087577
2,Col4a3,32.300888,4.3784904,6.797236683925503e-229,1.9352072700970104e-226,0.3944577488881286,0.03250566227665464
2,Pkp4,32.08405,2.9665442,7.359289046565787e-226,2.0642624512340023e-223,0.4464591173451933,0.09109973995470179
2,Unc5cl,31.887693,5.1708603,3.955032923353357e-223,1.0932210179061336e-220,0.376325692781389,0.015518832312725443
2,Ddah1,31.607302,5.878757,2.930505337996227e-219,8.022399252444382e-217,0.3674307218611016,0.0115342672594581
2,Prickle2,31.594866,2.7667701,4.3429487966972445e-219,1.1832145810178842e-216,0.46869654464591176,0.14264742890697088
2,Slc12a2,31.509773,2.9665585,6.382338864213898e-218,1.7223542998445665e-215,0.4488539172083476,0.12599614126331685
2,Cd200l1,30.914352,5.2938952,7.661562803076415e-210,2.0104011408754572e-207,0.3636674649332877,0.014512205351900008
2,Ddo,30.785404,2.8928688,4.1092692134004785e-208,1.068428759270487e-205,0.43824837495723573,0.11400050331348041
2,Shroom4,30.519548,4.189764,1.4343522195399436e-204,3.5979493274371773e-202,0.37666780704755387,0.03502222967871823
2,Fhod3,30.305836,4.5117173,9.603799536989882e-202,2.377608475807569e-199,0.3684570646595963,0.03070212230517574
2,Itga9,29.931889,3.3126512,7.572026251083904e-197,1.81923521840915e-194,0.39822100581594255,0.06383692643234629
2,Frk,29.728895,3.5298967,3.2507059717350847e-194,7.777245745233926e-192,0.38795757783099555,0.06173978693062662
2,Lpin2,29.63707,3.0177736,4.977825655670597e-193,1.1810098777480811e-190,0.4139582620595279,0.1001593826021307
2,Pik3c2a,29.602613,2.122677,1.3828805045530738e-192,3.267327751442181e-190,0.5029079712624016,0.22296787182283365
2,Lmo7,29.507586,3.5927,2.3010919266303294e-191,5.414317165051967e-189,0.3790626069107082,0.046514554148141936
2,Camta1,29.219477,2.2708747,1.097170489697869e-187,2.539592880239283e-185,0.4851180294218269,0.21290160221457932
2,Rnf128,29.065096,4.5040073,9.91873190953108e-186,2.268202866106864e-183,0.35169346561751624,0.02390739031960406
2,Atp1b1,28.911463,3.7781453,8.568282496910767e-184,1.9208132821125826e-181,0.3664043790626069,0.04353661605570003
2,Map2k6,28.84032,3.3731196,6.701199072776439e-183,1.4905194390740752e-180,0.3807731782415327,0.0613203590302827
2,Gpc4,28.680567,2.2234895,6.667209558400762e-181,1.4771890251552443e-178,0.4769072870338693,0.20132539216508683
2,Mapk4,28.486923,3.817033,1.7011231400473473e-178,3.7255251045167695e-176,0.3602463222716387,0.042194446774599444
2,Atp10a,28.22526,2.6783862,2.8646932440768405e-175,6.1322743613150144e-173,0.41806363325350665,0.12020803623857058
2,Carmil1,28.076056,2.3329124,1.9208889809128858e-173,4.066072098965079e-171,0.4478275744098529,0.1655901350557839
2,Tinag,27.95241,5.9196124,6.162260142518997e-172,1.2900193190263758e-169,0.32432432432432434,0.00897575706736012
2,Mmp7,27.93952,5.4543567,8.838864427092512e-172,1.84356695730064e-169,0.3274033527198084,0.013002264910661858
2,0610040J01Rik,27.923954,5.3112497,1.366027384326077e-171,2.838794353682889e-169,0.3280875812521382,0.013379750020971396
2,Fnbp1l,27.828175,3.3255613,1.979168870170206e-170,4.0684424056448265e-168,0.3684570646595963,0.06031373206945726
2,Cftr,27.664238,4.322356,1.8814365197558226e-168,3.7722139743456437e-166,0.33766678070475536,0.026130358191426895
2,Maml3,27.536552,1.9242164,6.41228903312256e-167,1.2811303502983568e-164,0.5056448853917208,0.22535861085479406
2,Klhl14,27.416246,5.6408544,1.7559378156562533e-165,3.483792862762464e-163,0.3198768388641806,0.010821239828873416
2,Shank2,26.765625,3.8269827,8.123866825536483e-158,1.5734051051458262e-155,0.3352719808416011,0.03263149064675782
2,Fermt1,26.733925,5.1091385,1.899126012764841e-157,3.6533153477311764e-155,0.31611358193636674,0.015938260213069374
2,Tjp2,26.713129,2.8692307,3.313055665052823e-157,6.330493376636671e-155,0.37735203557988367,0.08686351816122809
2,Creb3l2,26.576775,1.8552525,1.2598009179466287e-155,2.3753087439999664e-153,0.49127608621279506,0.24406509521013336
2,Ano5,26.488419,5.847989,1.3178906734803156e-154,2.452353360739956e-152,0.3079028395484092,0.009269356597600873
2,Ndrg1,26.430706,3.5381618,6.081543082204043e-154,1.1279776698494477e-151,0.3434827232295587,0.05133797500209714
2,Slc9a3,26.402742,6.3968034,1.2743462726673735e-153,2.3559269841543153e-151,0.30413958262059526,0.006039761764952605
2,Ccl28,26.395512,5.2039294,1.5428075068066515e-153,2.8338387820992758e-151,0.31166609647622306,0.015434946732656656
2,Celsr1,26.248886,5.4299498,7.3600782164228834e-152,1.3432378644914595e-149,0.3072186110160794,0.011198724939182954
2,Trank1,26.116205,5.2199097,2.386574185577071e-150,4.341658808336869e-148,0.3072186110160794,0.012750608170455499
2,Myof,25.988422,2.2149262,6.693879427945468e-149,1.2061904699577306e-146,0.42011631885049605,0.1304420770069625
2,Slco3a1,25.58528,2.3257399,2.2247958868787374e-144,3.897910849069606e-142,0.4081423195347246,0.13673349551212147
2,Bcl2l1,25.445166,2.3137233,7.985303643946178e-143,1.3904928892658695e-140,0.40540540540540543,0.14474456840869054
2,Gkap1,25.441296,1.9207499,8.812756788383205e-143,1.5298999520955125e-140,0.46185425932261376,0.23194362889019376
2,Chka,25.261168,2.405843,8.538486919765068e-141,1.4513133841741572e-138,0.3944577488881286,0.13358778625954199
2,B4galnt2,25.20281,5.9150953,3.731447774915236e-140,6.323582373555014e-138,0.2921655833048238,0.007801358946397115
2,Dnajc6,24.938166,2.8767405,2.8700095819653e-137,4.8206848261559335e-135,0.34758809442353744,0.06765372032547605
2,Scp2,24.875656,1.8047585,1.365017885472968e-136,2.279339689639774e-134,0.46698597331508723,0.24763023236305678
2,Gm53,24.86835,5.6282,1.637508284095603e-136,2.726355532300811e-134,0.2897707834416695,0.009437127757738445
2,Arhgap42,24.845667,1.7624688,2.880258202031362e-136,4.767580880286855e-134,0.47656517276770444,0.2470430333025753
2,Osbpl6,24.802458,3.7217622,8.434121848779465e-136,1.3920212527285551e-133,0.31406089633937734,0.03623857058971563
2,2610035D17Rik,24.711353,1.7332125,8.075137100651815e-135,1.3174967955536246e-132,0.4858022579541567,0.24540726449123396
2,Adamts6,24.518261,2.382305,9.434574898454884e-133,1.513279237444844e-130,0.3855627779678413,0.13014847747672176
2,Igsf11,24.385164,5.7297726,2.4573061647637085e-131,3.897533992418115e-129,0.2836127266507013,0.008472443586947404
2,Fhl1,24.013067,3.0043018,2.030895964733495e-127,3.13390913625718e-125,0.3294560383167978,0.06438218270279339
2,Gipc2,23.811556,5.6729417,2.535345435163325e-125,3.860029530043713e-123,0.27711255559356823,0.00843050079691301
2,Eva1a,23.756987,5.368765,9.304473294333754e-125,1.401603211250419e-122,0.27813889839206296,0.010066269608254342
2,Cobl,23.745874,2.7314322,1.2120691031467104e-124,1.8210138997962225e-122,0.335614095107766,0.0661437798842379
2,Dpp4,23.639227,2.1961906,1.523432086465493e-123,2.2767912450244526e-121,0.37324666438590487,0.10091435282274977
2,Cadm1,23.620733,2.3262594,2.3601557339877137e-123,3.5180530798166073e-121,0.37187820732124527,0.1177334116265414
2,Svopl,23.567554,5.3737574,8.295252350385806e-123,1.2300519898003077e-120,0.27608621279507356,0.0103179263484607
2,Zfp827,23.543896,3.4076402,1.4497784608454037e-122,2.1442035152986526e-120,0.30516592541909,0.04034896401308615
2,Phactr4,23.318632,2.154211,2.86923083349064e-120,4.136123364298495e-118,0.38590489223400615,0.14759667813102928
2,Mlph,23.284784,6.05274,6.32288472110868e-120,9.091701487491145e-118,0.26924392747177556,0.0064591896652965355
2,Fam171a1,23.271294,2.9773266,8.660962417544586e-120,1.242226350169789e-117,0.3212452959288402,0.06568240919385958
2,Osbpl10,23.207031,4.3763185,3.866618610382388e-119,5.5318876958237076e-117,0.28156004105371196,0.020803623857058973
2,Klf12,23.13826,2.4015408,1.9085870940772639e-118,2.716921443096337e-116,0.35100923708518644,0.09189665296535525
2,Tns3,23.103052,2.0945268,4.3141418509211905e-118,6.125973843723279e-116,0.3814574067738625,0.12633168358359198
2,Tpd52,22.90033,2.603133,4.6112097985680867e-116,6.483133262722603e-114,0.3318508381799521,0.07600033554232027
2,Parp8,22.866823,2.096189,9.941066357679123e-116,1.3907967063209017e-113,0.3756414642490592,0.11874003858736683
2,Kcnh8,22.847254,5.088656,1.556234906838611e-115,2.1665909982957788e-113,0.2695860417379405,0.011743981209630064
2,Ptprj,22.743753,1.494812,1.654590450429365e-114,2.2812114972856775e-112,0.4902497434143004,0.23144031540978105
2,Hoxb6,22.71999,3.0118537,2.84268723868906e-114,3.9003723869444283e-112,0.31132398221005814,0.06111064508011073
2,Sh3gl2,22.430382,4.393848,1.989254627058427e-111,2.677781269960612e-109,0.27129661306876496,0.01849677040516735
2,Stx7,22.246515,1.980259,1.2190673932302005e-109,1.6031158530697654e-107,0.39001026342798495,0.1662612196963342
2,Zfp704,22.115492,1.7671161,2.242517271767082e-108,2.9421929947393876e-106,0.41806363325350665,0.20010905125408943
2,AI314278,21.923195,4.5140657,1.5610624564752287e-106,2.0247940167233712e-104,0.2651385562777968,0.01954534015602718
2,Rin3,21.914997,2.9318254,1.8690868822764118e-106,2.4188108219022992e-104,0.298323640095792,0.05070883315158124
2,Itgav,21.901691,2.0036862,2.5031134662633767e-106,3.23196788849213e-104,0.37940472117687307,0.15799849005955877
2,Hnf1b,21.89207,5.4443326,3.0914215265726813e-106,3.973558310261288e-104,0.25590147109134453,0.009017699857394514
2,Epb41l4a,21.83293,3.1166337,1.1294482961582602e-105,1.4387453116677294e-103,0.2904550119739993,0.043830215585940774
2,Abr,21.77149,2.9162798,4.323356503748017e-105,5.495005416962407e-103,0.3007184399589463,0.05859407767804714
2,Hoxb3,21.716143,2.688884,1.4440830183084557e-104,1.823226854667445e-102,0.31542935340403694,0.08107541313648184
2,Ntn1,21.714008,2.4761355,1.512694586989188e-104,1.9056270459679505e-102,0.32364009579199454,0.08141095545675699
2,Slc35a3,21.58075,2.4198368,2.7241659064829935e-103,3.409158920462596e-101,0.3332192952446117,0.1061991443670833
2,Pitpnc1,21.55516,1.547523,4.736299771477594e-103,5.914246607186528e-101,0.4385904892234006,0.18261890780974752
2,Galnt18,21.484028,2.2594113,2.1961520230579284e-102,2.718502007498728e-100,0.34553540882654804,0.11555238654475296
2,Cndp1,21.467815,4.578172,3.113155143948951e-102,3.8452530813795497e-100,0.2579541566883339,0.01669323043368845
2,Eps8,21.457695,1.6075859,3.870222745990314e-102,4.770007648905509e-100,0.42285323297981525,0.17343343679221543
2,Rab11fip3,21.41792,2.0311081,9.096201167559042e-102,1.1138640659827514e-99,0.3667464933287718,0.14977770321281772
2,Fzd6,21.263245,4.000678,2.486172243860045e-100,3.0248960200349325e-98,0.2620595278823127,0.022313564298297124
2,Arhgef38,21.203087,4.5218606,8.943529993602085e-100,1.085828446408734e-97,0.25453301402668493,0.015099404412381511
2,Mfhas1,21.113369,2.240144,5.994310880400931e-99,7.262171400870412e-97,0.3315087239137872,0.09579733243855382
2,Map3k1,21.002241,1.6644077,6.256233327795354e-98,7.547376735550746e-96,0.4146424905918577,0.20983977854206862
2,Espn,20.938084,4.457887,2.4095981342814736e-97,2.876413571574872e-95,0.25248032842969553,0.016777116013757237
2,Ankrd28,20.921766,1.6978215,3.393082885533177e-97,4.041956748643194e-95,0.4084844338008895,0.20916869390151832
2,Dlg5,20.880758,2.2848125,8.010976626989199e-97,9.503187919112333e-95,0.3332192952446117,0.11660095629561279
2,Pde4dip,20.819777,1.9026042,2.865177912034348e-96,3.3847737653350166e-94,0.37187820732124527,0.16374465229427063
2,Rims2,20.690956,4.2208304,4.178503029062611e-95,4.9158706813606235e-93,0.2521382141635306,0.018832312725442498
2,Dgkh,20.606768,2.3943577,2.3864912442348906e-94,2.790332606529341e-92,0.31166609647622306,0.08405335122892375
2,Syt2,20.517801,3.3032136,1.4931470964260424e-93,1.714138887451518e-91,0.27061238453643516,0.042488046304840196
2,Map1b,20.119959,2.4745677,4.93492577022441e-90,5.542398585450653e-88,0.30277112555593566,0.08048821407600033
2,Mapkbp1,20.08941,2.1419392,9.133815994259942e-90,1.0197816010375595e-87,0.33698255217242556,0.13253921650868217
2,Manba,20.017323,2.7499793,3.8907376186303165e-89,4.318567071002512e-87,0.28669175504618544,0.0691217179766798
2,Tox,19.987198,2.8786817,7.118204648997368e-89,7.87024642560309e-87,0.27540198426274376,0.051547688952269105
2,Limch1,19.936556,2.34244,1.9611166912992569e-88,2.151598179562061e-86,0.30345535408826546,0.08187232614713531
2,Chdh,19.762396,1.8929554,6.275448228133248e-87,6.793351664603333e-85,0.35443037974683544,0.15858568912004026
2,Hoga1,19.606739,3.3616135,1.3544047174684776e-85,1.4442164609994864e-83,0.257612042422169,0.041103934233705224
2,Nhs,19.370516,3.18845,1.3687919883019798e-83,1.4406725435471909e-81,0.25590147109134453,0.037580739870816206
2,Lrrk2,19.169296,1.8687437,6.680603554049901e-82,6.967037490314202e-80,0.34587752309271297,0.15141347202415906
2,Fam107b,19.11055,2.0526366,2.0628198101786355e-81,2.1317427007510288e-79,0.3226137529934998,0.12083717808908649
2,Mcc,18.783627,1.8817766,1.0281354146124448e-78,1.045411761490129e-76,0.32227163872733494,0.10959651035986914
2,Myo1e,18.428297,2.271636,7.789583128009583e-76,7.700462723819334e-74,0.27882312692439276,0.06991863098733328
2,Dtnb,17.99215,2.125275,2.2447987985387962e-72,2.162793373732616e-70,0.2884023263770099,0.08963174230349803
2,Pde7b,17.935093,2.2648964,6.275936583149463e-72,6.036454476032325e-70,0.2849811837153609,0.091015854374633
2,Nedd9,17.855354,1.5556597,2.626111642661374e-71,2.5089500510869343e-69,0.3609305508039685,0.1723009814612868
2,Tec,17.823343,2.3823411,4.65680873530975e-71,4.441597088731532e-69,0.2641122134793021,0.06295612784162402
2,Ireb2,17.68851,1.4546065,5.141601131041009e-70,4.823194563469623e-68,0.38727334929866575,0.22418421273383105
2,Crim1,17.531034,1.3209021,8.304525686087432e-69,7.676428524212734e-67,0.403352719808416,0.22321952856304
2,Zfp185,17.393957,1.8519902,9.168021397701274e-68,8.325937901220227e-66,0.31063975367772834,0.12851270866538042
2,Pls3,16.575014,1.9234772,1.0563787915409145e-61,8.964420979006143e-60,0.2884023263770099,0.1134971898330677
2,Rnf149,16.280712,2.1034899,1.352873081242468e-59,1.1278762242902982e-57,0.2702702702702703,0.098271957050583
2,Snx24,15.705922,1.3208987,1.3775975764987694e-55,1.095555636919224e-53,0.3568251796099897,0.1942790034393088
2,Unc13b,15.426484,2.0606236,1.0862975590855533e-53,8.438590629180148e-52,0.25419089976052,0.08724100327153762
2,AU040320,15.034586,1.4584249,4.3576344758203594e-51,3.2777815678690497e-49,0.3239822100581594,0.17871822833654893
2,Elovl6,15.015105,1.6920081,5.846878285332664e-51,4.392178053365794e-49,0.28737598357851524,0.1316584179179599
2,Adgrl2,14.833303,1.6569537,8.923159490023555e-50,6.556046768018468e-48,0.28292849811837156,0.12675111148393592
2,Creb5,14.689922,1.4755511,7.479966578749968e-49,5.439550152753537e-47,0.27334929866575436,0.1019209797835752
2,Dmd,14.675786,1.4518962,9.214203793179267e-49,6.692168089125263e-47,0.308587068080739,0.15627883566814865
2,Rufy3,14.3095875,1.1656694,1.906395069526439e-46,1.3335631652813876e-44,0.3667464933287718,0.23701870648435533
2,Ror1,14.307572,1.1639135,1.9624377791508892e-46,1.3710818353697029e-44,0.3274033527198084,0.15581746497777033
2,Errfi1,14.133825,1.4885584,2.350243760238544e-45,1.632014999411499e-43,0.2931919261033185,0.14558342420937842
2,Prrg1,13.5737505,1.5364498,5.7312645704160304e-42,3.803542376504186e-40,0.2736914129319193,0.13069373374716886
2,Phc2,13.540198,1.5656564,9.054429402746679e-42,6.0019588430942795e-40,0.2723229558672597,0.13388138578978273
2,Fgd4,13.450034,1.1544744,3.077310364194041e-41,2.018722689488167e-39,0.3427984946972289,0.2105528059726533
2,Spred2,13.29324,1.3139553,2.5336782048395945e-40,1.630171419907021e-38,0.2969551830311324,0.1564466068282862
2,Gm48742,13.280357,1.6223137,3.0095623100461746e-40,1.931989712472821e-38,0.28087581252138216,0.15611106450801107
2,Ppara,12.88644,1.469602,5.366410977923896e-38,3.317793783864979e-36,0.28053369825521723,0.15485278080697928
2,Cep112,12.883583,1.1809553,5.568879466119862e-38,3.4392360702855864e-36,0.31440301060554227,0.18031205435785588
2,Tpk1,12.740748,1.1440234,3.510104215541922e-37,2.1399233847663016e-35,0.3352719808416011,0.21638285378743394
2,Net1,12.638373,1.2380015,1.2971024547486221e-36,7.782751409466944e-35,0.30550803968525486,0.1813606241087157
2,Myo1d,12.283387,1.0810332,1.1124126047069354e-34,6.41761764180523e-33,0.31782415326719127,0.18920392584514723
2,Evi5,11.952681,1.0188582,6.286398650012661e-33,3.4820411043810405e-31,0.34621963735887784,0.24079355758745072
2,Ern1,11.522579,1.263888,1.0152556661013103e-30,5.332995653457076e-29,0.27677044132740336,0.16269608254341078
2,Dync2h1,11.215931,1.1100147,3.4058504967807624e-29,1.7192600455424946e-27,0.2969551830311324,0.19109135139669492
2,Xpr1,11.20481,1.0666465,3.8618215380296623e-29,1.9425439946726767e-27,0.3072186110160794,0.20166093448536196
2,Tgfbr1,10.652168,1.0130014,1.703500230442868e-26,7.990033494369634e-25,0.31200821074238794,0.218521936079188
2,Cpd,10.401278,1.0866078,2.446300060895114e-25,1.1063921506547156e-23,0.28463906944919604,0.1874842714537371
2,Fgf1,10.223668,1.0263343,1.5534816095962473e-24,6.867763690374218e-23,0.2613752993499829,0.15011324553309285
2,Lclat1,10.210838,1.1133932,1.7732627650035287e-24,7.821173904110451e-23,0.26787547040711596,0.16772921734753796
2,Exoc6,9.923147,1.0100912,3.3017652234856414e-23,1.4072291436414364e-21,0.27813889839206296,0.18064759667813102
2,Prkacb,9.323377,1.0003511,1.1269563816706814e-20,4.443907432736169e-19,0.27403352719808416,0.18744232866370272
3,Dock2,69.200584,6.2665977,0.0,0.0,0.8272599859845831,0.053908243068043996
3,Mctp1,68.50911,7.31881,0.0,0.0,0.7985283812193412,0.03709589728576806
3,Arhgap15,66.97325,5.5954857,0.0,0.0,0.8167484232655922,0.07757935678139768
3,Ptprj,65.46143,4.4157124,0.0,0.0,0.8367203924316748,0.19083267115553512
3,Slc9a9,63.921688,6.374314,0.0,0.0,0.7564821303433777,0.05089707665927816
3,F13a1,62.562607,7.101911,0.0,0.0,0.7319551506657324,0.04253272552381749
3,Mrc1,61.00549,6.5738935,0.0,0.0,0.716187806587246,0.04177993392162603
3,Pip4k2a,60.56425,4.746963,0.0,0.0,0.751927119831815,0.11898289490192798
3,Hdac9,60.425587,5.5047965,0.0,0.0,0.7281009110021023,0.08192881937183723
3,Runx1,58.637947,4.9971027,0.0,0.0,0.7238962859145059,0.08573459913847184
3,Vav3,55.415565,4.6531262,0.0,0.0,0.6951646811492642,0.08753293463259587
3,Lyn,55.125984,4.5862317,0.0,0.0,0.6913104414856343,0.09957760026765923
3,Nav1,53.114468,3.6712873,0.0,0.0,0.7309039943938332,0.17159466354397557
3,Tbxas1,53.076878,6.2162056,0.0,0.0,0.6236860546601262,0.03149178202500941
3,Fli1,52.33965,4.857049,0.0,0.0,0.6471618780658724,0.05319727322152984
3,Ptprc,51.493507,4.920023,0.0,0.0,0.6338472319551507,0.05307180795449793
3,Elmo1,49.68388,3.7230992,0.0,0.0,0.6723896285914506,0.13182217389486012
3,Frmd4b,48.979702,3.7007763,0.0,0.0,0.6734407848633497,0.18727782192296433
3,Nrros,47.770958,6.120252,0.0,0.0,0.5613174491941135,0.019154364100204928
3,Wipf1,47.147205,4.0336947,0.0,0.0,0.6124737210932025,0.09066956630839362
3,Gas7,46.53774,4.1052895,0.0,0.0,0.6040644709180099,0.08523273807034419
3,Inpp5d,46.27367,5.472083,0.0,0.0,0.5525578135949545,0.026013132031282672
3,Dock8,46.092747,4.660433,0.0,0.0,0.5690259285213735,0.05507925222700849
3,Eps8,46.058292,3.4070399,0.0,0.0,0.641906096706377,0.14800719334197648
3,Marchf1,45.832527,5.851098,0.0,0.0,0.5416958654519972,0.02208188699761616
3,Syk,45.785606,6.0133343,0.0,0.0,0.5388927820602663,0.017983354941240433
3,Apba1,45.463367,4.1788754,0.0,0.0,0.5809390329362298,0.08991677470620217
3,Trerf1,45.147335,3.6475718,0.0,0.0,0.6215837421163279,0.15407134791518548
3,Gm26740,44.804253,5.498285,0.0,0.0,0.5343377715487035,0.023796578980385598
3,Plcl2,43.988873,3.363197,0.0,0.0,0.606166783461808,0.15708251432395132
3,Myo5a,43.649822,3.3281658,0.0,0.0,0.6072179397337071,0.18146459788381916
3,Abca9,43.43874,4.7917376,0.0,0.0,0.53083391730904,0.04341098239304086
3,Mef2c,42.121807,4.429037,0.0,0.0,0.5276804484933427,0.05675212245410062
3,Rab8b,41.549137,3.2740674,0.0,0.0,0.5756832515767344,0.1430304044163774
3,Fyb,41.17943,5.6111503,0.0,0.0,0.48878766643307636,0.02082723432729706
3,Acer3,40.459656,3.983339,0.0,0.0,0.5210231254379818,0.07845761365062105
3,Rnf150,39.625114,2.8862376,0.0,0.0,0.5956552207428171,0.23637656308811844
3,Zdhhc14,39.593437,3.4500499,0.0,0.0,0.5448493342676944,0.1441595918196646
3,Iqgap2,39.20274,2.8133922,0.0,0.0,0.5988086895585144,0.16406674752206096
3,Slc8a1,38.526936,2.9244342,0.0,0.0,0.5865451997196917,0.2007862490067333
3,Ctsc,38.346256,2.9598904,0.0,0.0,0.5686755430974072,0.20308644556898497
3,Iqgap1,38.21902,2.7486227,0.0,0.0,0.578135949544499,0.20216636694408432
3,Adgre1,37.665398,6.5341086,1.83139645396335e-310,8.409802055252178e-308,0.4386825508058865,0.00978629082848898
3,Dab2,37.626698,2.8947577,7.8698714820725e-310,3.5564948576245297e-307,0.5704274702172389,0.17510769102086907
3,Arhgap18,37.438717,2.5224955,9.167595603584376e-307,4.078219228622641e-304,0.6079187105816398,0.2193132867717787
3,Aff3,37.303223,3.8468184,1.4551225509632867e-304,6.422956060031047e-302,0.4898388227049755,0.07849943540629836
3,Epsti1,37.02892,4.99741,3.922858188355894e-300,1.642437265464507e-297,0.44639103013314646,0.024382083559867842
3,Pitpnc1,36.892803,2.864151,6.0274938456064564e-298,2.487040051178821e-295,0.5630693763139454,0.16849985362385514
3,Cd74,36.73898,3.9443095,1.7435712157764931e-295,7.142495582556064e-293,0.4849334267694464,0.09522813767721969
3,Ccnd3,36.212955,2.887237,3.807155032434515e-287,1.4950566531162327e-284,0.5413454800280308,0.1542386349378947
3,Rap1b,36.195778,2.8385992,7.094228152271187e-287,2.7667975699895457e-284,0.5322354590049054,0.1642758563004475
3,Lifr,36.021187,2.7395356,3.898072339064611e-284,1.509932905161075e-281,0.5459004905395936,0.1994479528250596
3,Unc93b1,35.933746,3.6493323,9.082045848479732e-283,3.470743440659627e-280,0.4716187806587246,0.08243068043996488
3,Taok3,35.929043,2.9591277,1.0756119865930569e-282,4.083094808573017e-280,0.5185704274702172,0.13700807159884573
3,Zfp710,35.678787,3.33678,8.43285373822961e-279,3.159046873082449e-276,0.4877365101611773,0.10388524110242148
3,Hpcal1,35.522297,3.1216083,2.2254310091060847e-276,8.17537207029094e-274,0.5007007708479327,0.11747731169754506
3,Lcp1,35.2036,4.312789,1.7612361331600837e-271,6.307329978507442e-269,0.43798177995795373,0.03876876751286019
3,Ikzf1,35.11436,3.686217,4.0699564688114015e-270,1.4484211955661876e-267,0.45970567624386827,0.06992597549245118
3,Cfh,34.974842,3.3998868,5.429496160960256e-268,1.89669288896465e-265,0.4838822704975473,0.12308142695830371
3,Myo1f,34.677593,5.630138,1.7150791133026314e-263,5.918686047913039e-261,0.4096005606166783,0.0138011793735101
3,Dip2b,34.65305,2.444186,4.018569420314525e-263,1.3784419359164418e-260,0.5546601261387526,0.2294341516456861
3,Bank1,34.505955,5.3422856,6.530151648662469e-261,2.2001974261922466e-258,0.4099509460406447,0.01530676257789302
3,Rab31,33.867256,3.8580432,2.022236442732319e-251,6.468998049753987e-249,0.4355290819901892,0.06030697168667141
3,Rassf4,33.45689,6.035191,2.0434232099079974e-245,6.25562155889093e-243,0.3920812894183602,0.011208230521517292
3,H2-Aa,33.2187,3.7178502,5.781737534948214e-242,1.7418937406216203e-239,0.4439383321653819,0.0902513487516206
3,Man1c1,33.206882,3.83248,8.564194488531192e-242,2.5665989387971295e-239,0.4288717589348283,0.0589268537493204
3,St6gal1,33.15935,4.2326884,4.152288947156693e-241,1.2314348173960899e-238,0.4138051857042747,0.0388942327798921
3,Actr3,32.99934,2.3440363,8.301275105463121e-239,2.3994056130973377e-236,0.5392431674842326,0.22675755928233868
3,Prkcb,32.781567,3.6653085,1.0782652358571856e-235,3.0853015474846235e-233,0.43132445690259286,0.07264438961147589
3,Rftn1,32.779877,3.3652353,1.139711579322882e-235,3.2286724894638915e-233,0.4400840925017519,0.06691480908368533
3,Lgmn,32.74977,4.462239,3.059136983794232e-235,8.580803891341249e-233,0.4050455501051156,0.03876876751286019
3,H2-Eb1,32.54149,4.0232215,2.7629441093685834e-232,7.674380513734464e-230,0.41976173791170285,0.06369453389653297
3,Itga4,32.510612,4.7661734,7.549376664040175e-232,2.0766621093097177e-229,0.39383321653819203,0.02296014386683953
3,Pitpna,32.43096,2.5021307,1.005044502546601e-230,2.751357645168558e-228,0.5070077084793273,0.18129731086110995
3,Pepd,32.289097,3.023471,9.950848314191017e-229,2.698148827896908e-226,0.4576033637000701,0.12082305215172932
3,Tm6sf1,32.135334,5.1926603,1.4157106551105898e-226,3.784600019373338e-224,0.38332165381920114,0.017439672117435488
3,Snx5,31.952656,2.8131828,4.96255389660395e-224,1.3082073214190995e-221,0.4688156972669937,0.13525155786039897
3,Ubash3b,31.891571,4.389834,3.494543703134411e-223,9.16971488480076e-221,0.39558514365802383,0.03554849232570784
3,Notch2,31.698135,2.14347,1.6484066258900732e-220,4.228014490306606e-218,0.54239663629993,0.24779390238802224
3,Maf,31.618322,2.41764,2.0677505581417964e-219,5.279810965522512e-217,0.5185704274702172,0.2245828279871189
3,Samhd1,31.037325,3.1844702,1.6915687114499668e-211,4.116222820456092e-209,0.42676944639103015,0.08443812471247543
3,Stard8,30.86161,4.6624355,3.9135293671245394e-209,9.36303679384195e-207,0.37631394533987383,0.026765923633474135
3,Ptafr,30.697159,6.289855,6.210937348894356e-207,1.4797363329849102e-204,0.358093903293623,0.008238885868428757
3,Lyz2,30.463844,3.7067204,7.854057986368975e-204,1.855675999177742e-201,0.40854940434477927,0.08347622433189746
3,Snx2,30.430431,2.3641007,2.1746658484594647e-203,5.1168449618648925e-201,0.49754730203223546,0.20994521350006273
3,Nedd9,30.255873,2.470326,4.3671831861378645e-201,1.0108608853734802e-198,0.47862648913805184,0.15879720630672076
3,Tsc22d1,30.179235,2.1800275,4.436377998046985e-200,1.0185959660757797e-197,0.5234758234057463,0.21249634059637823
3,Kcnk13,30.178411,6.812334,4.548389102196902e-200,1.0401197745710594e-197,0.35003503854239665,0.005729580527790557
3,Wdfy4,30.133213,5.424617,1.7800507645672252e-199,4.054314823408894e-197,0.35739313244569026,0.013592070595123584
3,Ppm1h,29.952457,2.1049984,4.087448426230879e-197,9.199343906640808e-195,0.5287316047652417,0.21295637990882857
3,Arhgap45,29.791067,4.660589,5.0994603857566004e-195,1.1254588132766146e-192,0.3608969866853539,0.020032620969428296
3,Serinc3,29.735048,2.370782,2.706667703776679e-194,5.950593271071348e-192,0.48283111422564823,0.1905817406214713
3,Dse,29.671762,2.855212,1.777216142012039e-193,3.8772591702033527e-191,0.4348283111422565,0.12726360252603405
3,Shtn1,29.568548,4.0401163,3.7931302382538785e-192,8.243688125817332e-190,0.3717589348283111,0.03713771904144536
3,St8sia4,29.532118,4.5504317,1.114442384236508e-191,2.412831323224753e-189,0.36054660126138754,0.0238384007360629
3,Ptpro,29.498388,6.5939956,3.0192154016559805e-191,6.487439403233706e-189,0.34267694463910303,0.006189619840240894
3,Apbb1ip,29.4753,3.1992335,5.969088070278046e-191,1.2777663301116625e-188,0.40294323756131745,0.07251892434444399
3,Selenop,29.44674,2.7335157,1.385991667652911e-190,2.9447668487994184e-188,0.4548002803083392,0.166826983396763
3,Stxbp6,29.437624,3.0578406,1.8131700400587217e-190,3.83805632903285e-188,0.4176594253679047,0.09882480866546778
3,Mir142hg,29.357008,4.306196,1.944800987952258e-189,4.0863067547966614e-187,0.3608969866853539,0.023754757224708295
3,Pik3ap1,29.346048,4.9171424,2.6837768241175512e-189,5.618269711105789e-187,0.35283812193412756,0.018610681276399983
3,Raph1,29.290314,2.7669976,1.3779053671195713e-188,2.863478449239252e-186,0.43307638402242465,0.12345782275939944
3,Csf1r,29.196472,4.9813056,2.1498477594648415e-187,4.4192953527685035e-185,0.350385423966363,0.018652503032077286
3,Pstpip2,29.112816,5.3456216,2.4711162513446193e-186,4.989639378291276e-184,0.3461807988787666,0.015348584333570323
3,Retnla,29.081936,3.0926147,6.0753556671075635e-186,1.2223916149850592e-183,0.43587946741415556,0.14754715402952617
3,Arhgap31,29.008165,3.0053768,5.190543492340085e-185,1.0406856936525941e-182,0.4081990189208129,0.08339258082054285
3,Ehd4,28.95483,4.853707,2.439572621215985e-184,4.840129080998586e-182,0.3496846531184303,0.02170549119652043
3,Cd44,28.929522,4.248804,5.079322559693624e-184,1.0042420342760925e-181,0.3608969866853539,0.033666513320229186
3,Pbx3,28.805214,2.7485478,1.8455311264282015e-182,3.623668547239594e-180,0.4271198318149965,0.1165990548283217
3,Plekhm3,28.675886,2.2378519,7.626341758393421e-181,1.467065966434729e-178,0.47862648913805184,0.20622307724478273
3,Parp8,28.339504,2.598749,1.1274144560343446e-176,2.097911978465739e-174,0.42957252978276106,0.11304420559575092
3,Ly86,28.285267,5.5266256,5.2458032787061964e-176,9.729683533967737e-174,0.3342676944639103,0.012002843879386056
3,Plekhg5,28.252993,3.210359,1.3078328564723314e-175,2.4100100543815864e-173,0.3973370707778556,0.1004140353812053
3,Inpp4a,28.140049,2.8380735,3.1721205203544213e-174,5.770725704456905e-172,0.4064470918009811,0.10467985446029024
3,Ccl6,28.118887,4.745106,5.756947045251235e-174,1.043969177400161e-171,0.34267694463910303,0.02597131027560537
3,Slc43a2,28.022774,3.5723183,8.57801967515047e-173,1.5456994250719711e-170,0.36825508058864753,0.05704487474384175
3,Mcub,28.00495,5.687297,1.4142150502439257e-172,2.5402782074428824e-170,0.33006306937631397,0.011124587010162687
3,Spi1,27.984413,6.546281,2.5149138752093566e-172,4.489081848535924e-170,0.3251576734407849,0.005855045794822466
3,Tmsb4x,27.982128,2.351638,2.6811960584972255e-172,4.770937023965329e-170,0.4831814996496146,0.22700848981640248
3,Akt3,27.933645,2.173071,1.0417044631554078e-171,1.8478409294869807e-169,0.47967764540995095,0.17803521391828028
3,Clec10a,27.649439,5.575205,2.8344322412764977e-168,4.950779332838192e-166,0.32725998598458306,0.013382961816737067
3,Spred1,27.62938,2.5214026,4.938316476089052e-168,8.599164479051581e-166,0.43027330063069374,0.14131571243360797
3,Gng2,27.569195,3.9041,2.605651188973561e-167,4.49601164701041e-165,0.3514365802382621,0.04223997323407637
3,Plcg2,27.516975,5.3421474,1.0999437275932135e-166,1.892202289815262e-164,0.32620882971268395,0.01204466563506336
3,Sirpa,27.47278,3.2066288,3.7135884900119206e-166,6.3691398255954444e-164,0.37456201822004204,0.07134791518547949
3,Pltp,27.420301,4.390561,1.570965141558876e-165,2.6862560398049236e-163,0.338822704975473,0.030320772866044916
3,Arhgef3,27.214382,2.0987506,4.38944092189064e-163,7.394649571993342e-161,0.4863349684653118,0.22132073104428923
3,Cd163,27.147743,6.42004,2.692178838746871e-162,4.482320329154549e-160,0.31674842326559216,0.007695203044623814
3,Apobec1,26.929432,3.3919373,9.93515935240212e-160,1.6397620541597945e-157,0.36229852838121934,0.06825310526535903
3,Prcp,26.612825,4.255598,4.82317594025441e-156,7.802172193580294e-154,0.32901191310441485,0.02747689347998829
3,Cdc42se2,26.500795,2.37875,9.490062137955074e-155,1.526479175698587e-152,0.42081289418360196,0.14131571243360797
3,Pik3cd,26.399773,4.633027,1.378445972908635e-153,2.198602020823266e-151,0.31955150665732307,0.01777424616285392
3,Ccdc88a,26.270506,2.2343795,4.168398144430679e-152,6.62996532798959e-150,0.44183601962158375,0.1783279662080214
3,Cd200r1,26.22858,5.4008317,1.2548635951125099e-151,1.9793126861302337e-149,0.3104414856341976,0.010957299987453473
3,H2-Ab1,26.067438,3.821199,8.534960933922408e-150,1.3388132521721098e-147,0.33847231955150664,0.05010246330140939
3,Cyth4,26.046309,6.0834637,1.4813548937210408e-149,2.317302994598071e-147,0.3041345480028031,0.006816946175400443
3,Arpc2,26.039557,2.2488837,1.7666290749717748e-149,2.7559897577525435e-147,0.4264190609670638,0.15666429676717827
3,Cd84,25.965302,5.354862,1.2215581401497729e-148,1.8799119475207627e-146,0.3076384022424667,0.011333695788549203
3,P3h2,25.952139,4.586051,1.720006575772348e-148,2.6398623835863414e-146,0.3174491941135249,0.02358747020199908
3,Slc6a6,25.785599,2.3167799,1.2863201652455196e-146,1.9428211280966877e-144,0.4141555711282411,0.1430722261720547
3,Il6ra,25.740227,2.0422723,4.147240957053968e-146,6.230819190913192e-144,0.4498948843728101,0.1892852661954749
3,C1qa,25.720861,4.4738407,6.831109772518098e-146,1.0209192166849161e-143,0.31955150665732307,0.031784534314750534
3,Fgd4,25.561443,2.0394747,4.096606836963252e-144,6.0275165349747945e-142,0.4516468114926419,0.19794236962067668
3,Prex1,25.558805,4.4400635,4.3828925571992155e-144,6.432120749986611e-142,0.3114926419060967,0.019154364100204928
3,Rcsd1,25.480154,3.7391844,3.271793019753453e-143,4.789181653927542e-141,0.32445690259285215,0.033457404541842664
3,Septin11,25.453049,3.155161,6.531768988957472e-143,9.439732436553994e-141,0.34898388227049754,0.06419639496466062
3,Gfra2,25.306332,6.222922,2.7206436004456355e-141,3.902170459772668e-139,0.295374912403644,0.006816946175400443
3,Itpkb,25.28266,3.0107474,4.9558597279164946e-141,7.07247139767652e-139,0.3510861948142957,0.06603655221446196
3,Arhgap17,25.233572,1.9100143,1.7156547603437069e-140,2.4240967173382388e-138,0.460406447091801,0.21362552799966542
3,Ifi207,25.110027,3.4603736,3.8649476726401136e-139,5.393970231073546e-137,0.3293622985283812,0.04479110033039187
3,Arhgap30,25.09062,5.036244,6.295512026884555e-139,8.721964728049476e-137,0.299229152067274,0.012546526703191
3,Chn2,25.022755,4.173431,3.457246101177912e-138,4.778132287552706e-136,0.314646110721794,0.03278825645100581
3,Entpd1,24.92669,4.1755285,3.8225859025588065e-137,5.232256343211562e-135,0.30833917309039943,0.023629291957676383
3,Alpk1,24.904537,3.5503912,6.643981344483243e-137,9.072300761060439e-135,0.3241065171688858,0.04328551712600895
3,C1qc,24.860628,4.7697277,1.9846849198261132e-136,2.6971347021436447e-134,0.303083391730904,0.022876500355484924
3,Mafb,24.818193,4.9841504,5.704376935406116e-136,7.733641120927611e-134,0.2985283812193413,0.017356028606080882
3,Clcn5,24.796835,2.9148083,9.697963228558144e-136,1.3054650690244193e-133,0.35353889278206024,0.08213792815022375
3,Lcp2,24.779924,4.877621,1.4757861195485496e-135,1.9772408807815048e-133,0.2967764540995095,0.013382961816737067
3,Nckap1l,24.679214,5.291765,1.7881940451936493e-134,2.3845797922101074e-132,0.2922214435879467,0.010204508385262013
3,Atp8b4,24.629013,4.9232926,6.177509640677822e-134,8.199384066429741e-132,0.2950245269796776,0.013592070595123584
3,Dclre1c,24.5466,3.3128543,4.7020035533476465e-133,6.169050330211252e-131,0.33181499649614576,0.06235623771485927
3,Cd86,24.439146,6.388074,6.564330372606988e-132,8.553307454155938e-130,0.28451296426068673,0.005562293505081343
3,Fcgr2b,24.260485,4.767152,5.125177915418949e-130,6.543335329189919e-128,0.2925718290119131,0.016603237003889423
3,Cerk,24.23758,3.863845,8.94007314736584e-130,1.1388293178616517e-127,0.30623686054660126,0.030948099201204466
3,Crlf3,24.064455,2.5332782,5.892213874043416e-128,7.470501454570041e-126,0.3661527680448493,0.10718915980092844
3,Ciita,24.064373,5.183748,5.90387533509513e-128,7.470501454570041e-126,0.2869656622284513,0.013341140061059763
3,Ncoa3,24.051186,1.7628598,8.112566298643137e-128,1.0242519680954298e-125,0.464260686755431,0.23524737568483126
3,Cmah,23.95729,3.5155442,7.757197644523344e-127,9.707749254435246e-125,0.3132445690259285,0.04207268621136715
3,Synj1,23.885029,1.9885371,4.3826543705938494e-126,5.460672265120008e-124,0.4222144358794674,0.18376479444607086
3,Nfatc2,23.83636,3.8114884,1.4026272943104253e-125,1.7438209774089504e-123,0.30063069376313944,0.028020576303793232
3,Phactr2,23.753319,1.7296386,1.0152966951418197e-124,1.2540565969212658e-122,0.4775753328661528,0.23938772949688428
3,Abhd12,23.644978,1.9145539,1.3294342383108e-123,1.6279422572829091e-121,0.43307638402242465,0.204466563506336
3,Aoah,23.566353,4.547965,8.533970900216808e-123,1.0361041301263225e-120,0.2869656622284513,0.018652503032077286
3,Nfam1,23.411983,5.776129,3.226723516616314e-121,3.8762207544229865e-119,0.2747021723896286,0.007611559533269207
3,Blnk,23.201889,3.5064175,4.3575418983116026e-119,5.1692248589950204e-117,0.30063069376313944,0.03625946217222199
3,F630028O10Rik,23.110628,7.0281467,3.620119680676217e-118,4.276623127331628e-116,0.26734407848633496,0.00351302747689348
3,Snx8,22.98885,2.8426135,6.026435903136704e-117,7.06072606503101e-115,0.3286615276804485,0.07578102128727364
3,Tpd52,22.816656,2.681566,3.1336730630562948e-115,3.626717030152205e-113,0.3325157673440785,0.07665927815649701
3,C1qb,22.71281,4.576246,3.3473111237709965e-114,3.8504897514877637e-112,0.27925718290119134,0.023545648446321777
3,Capzb,22.624847,1.937955,2.4682044447825434e-113,2.805230125556144e-111,0.40574632095304836,0.1779515704069257
3,Ednrb,22.586683,5.282374,5.858353320269455e-113,6.605554384345803e-111,0.2690960056061668,0.012337417924804483
3,Ctsh,22.5645,3.6998603,9.676155009191642e-113,1.0867257246121918e-110,0.28836720392431675,0.0326627911839739
3,Tnfrsf11a,22.49458,5.0484467,4.690018525510996e-112,5.236359703159248e-110,0.2690960056061668,0.013341140061059763
3,Adam19,22.336811,3.1153111,1.6221539537271346e-110,1.793535306391782e-108,0.30518570427470215,0.053740956045334784
3,Rassf2,22.177391,2.890044,5.677759872319613e-109,6.217256247879829e-107,0.3132445690259285,0.06515829534523859
3,Arhgap39,21.996044,2.1940851,3.142153307907839e-107,3.4014705609425905e-105,0.36685353889278205,0.13897369411567898
3,Tgfbi,21.985617,4.51501,3.95379581285871e-107,4.271975092599389e-105,0.2680448493342677,0.01831792898665886
3,Stab1,21.966002,5.164501,6.089931591561011e-107,6.555137897071371e-105,0.2613875262789068,0.01091547823177617
3,Fcer1g,21.959278,4.104028,7.061288430278334e-107,7.586355179405257e-105,0.27505255781359494,0.027560536991342897
3,Nrg2,21.775574,5.1016245,3.954829201404174e-105,4.2091949449935527e-103,0.2603363700070077,0.012630170214545607
3,Cd48,21.684366,5.1527257,2.88199747702742e-104,3.0389595988781174e-102,0.25718290119131043,0.00928442976036134
3,Tec,21.64015,2.8551183,7.525702237725382e-104,7.891731328145875e-102,0.3037841625788367,0.05880138848228848
3,Rell1,21.458284,3.5421395,3.8214913893852575e-102,3.9853395824722703e-100,0.2785564120532586,0.036092175149512774
3,Laptm5,21.421064,4.172316,8.502340339527534e-102,8.850672052523534e-100,0.2648913805185704,0.021412738906779305
3,Tle4,21.390203,1.9392502,1.64839593486497e-101,1.7127976811523038e-99,0.3805185704274702,0.15595332692066413
3,Adcy7,21.387833,3.7758994,1.7343356376482397e-101,1.7988124871280224e-99,0.27014716187806587,0.02609677554263728
3,Vrk2,21.372692,1.7930691,2.3988986957855344e-101,2.483558011576802e-99,0.4078486334968465,0.20120446656350632
3,Cacna1d,21.337175,3.0606284,5.1301729356167554e-101,5.282408266310192e-99,0.2950245269796776,0.0564175484086822
3,B4galt6,21.273302,3.0718193,2.0064771257675048e-100,2.0548707557253144e-98,0.2918710581639804,0.054033708335075904
3,Kctd12,21.043417,4.465976,2.6275043520102078e-98,2.6480128373064287e-96,0.2564821303433777,0.017230563339048974
3,Slco2b1,20.91849,2.4029677,3.634425664200731e-97,3.617969086455487e-95,0.33216538192011213,0.11195683994814103
3,Snx30,20.75635,2.1891773,1.0742465733979884e-95,1.0564537847297903e-93,0.3437281009110021,0.1265108109238426
3,Ap1b1,20.700851,2.5513644,3.403021754642602e-95,3.3236957415283777e-93,0.31254379817799577,0.0879093304336916
3,Ccr2,20.692728,4.3365026,4.027689333150289e-95,3.927066067104634e-93,0.2561317449194114,0.022165530508970768
3,Ctss,20.645552,4.425797,1.0703288461303936e-94,1.0400272154865315e-92,0.2526278906797477,0.018276107230981557
3,Actr2,20.582676,1.6544945,3.924027604784822e-94,3.8064404743450176e-92,0.41065171688857743,0.20910877838651667
3,Nrp2,20.568571,3.28161,5.249044884307099e-94,5.065862114531025e-92,0.271198318149965,0.03701225377441345
3,Dock10,20.48065,1.5399746,3.203493596993706e-93,3.050336603786265e-91,0.4456902592852137,0.24800301116640877
3,Pacsin2,20.448008,1.6120738,6.25790249621105e-93,5.928972147034167e-91,0.41625788367203925,0.21350006273263353
3,Niban1,20.080587,2.4214435,1.0909663239431648e-89,1.0117380040984975e-87,0.3041345480028031,0.07607377357701477
3,Pros1,19.986795,2.6592999,7.176022381269004e-89,6.6011290858132205e-87,0.29292221443587946,0.07176613274225252
3,Stk10,19.965752,3.415941,1.0936838464882e-88,1.004442772627171e-86,0.2613875262789068,0.03479570072351637
3,Tns3,19.940445,1.9106292,1.8144290627730043e-88,1.6636941266241166e-86,0.35178696566222845,0.1306093429802183
3,Cyfip1,19.927702,1.6455362,2.3406303255734922e-88,2.135862682187183e-86,0.3987386124737211,0.2019990799213751
3,Mfhas1,19.888718,2.1478672,5.096087970968337e-88,4.613296425356249e-86,0.3220042046250876,0.09761197775082597
3,Marcks,19.833124,2.1238987,1.5416190027639496e-87,1.386750831538421e-85,0.33356692361597756,0.12592530634436033
3,Rab11fip5,19.80099,3.536295,2.9190277218219113e-87,2.6092991759538687e-85,0.2564821303433777,0.03249550416126469
3,Plxna4,19.800238,2.0505135,2.9629460232513187e-87,2.6444061051716823e-85,0.32165381920112124,0.08962402241646104
3,Tpm3,19.72788,1.9201342,1.2427424151314028e-86,1.103946893291688e-84,0.3514365802382621,0.14612521433649783
3,Tbc1d22a,19.660034,1.6555326,4.7441516377516335e-86,4.181683257046683e-84,0.38962859145059564,0.19409476809836476
3,Wsb1,19.639463,1.8317506,7.11467489167591e-86,6.251800972328982e-84,0.3570427470217239,0.14407594830830997
3,Reps2,19.46167,2.930371,2.3210169349243334e-84,2.0239054409115846e-82,0.27224947442186404,0.0539500648237213
3,Rnf130,19.305777,1.6916302,4.802719218933292e-83,4.1435096218981906e-81,0.3759635599159075,0.18012630170214547
3,Capza2,19.225246,2.0185685,2.275578162926372e-82,1.939725990646565e-80,0.33181499649614576,0.13123666931537786
3,Tgfbr2,19.184492,1.6937971,4.9879247690528455e-82,4.2264497659916385e-80,0.3752627890679748,0.17728242231608882
3,Zfp36l2,19.152607,1.7165363,9.206165934733611e-82,7.777571134861521e-80,0.3717589348283111,0.17903893605453558
3,Ppp1r21,19.104053,1.77563,2.3362872483788393e-81,1.967907281212123e-79,0.3608969866853539,0.1670360921751495
3,Diaph1,19.0947,1.5342776,2.794588524272197e-81,2.350467727630475e-79,0.4064470918009811,0.21793316883442768
3,Fchsd2,19.09286,1.5308187,2.894810752993155e-81,2.431171372952555e-79,0.4176594253679047,0.24356990506461462
3,Prkcd,18.976105,2.9247398,2.688026385720117e-80,2.240979654894424e-78,0.26734407848633496,0.057295805277905565
3,Tent5a,18.941044,2.424258,5.234952265027582e-80,4.35158272880198e-78,0.2925718290119131,0.0866546777633725
3,Dapp1,18.715733,3.1363125,3.6851950693132095e-78,3.031035923400361e-76,0.2512263489838823,0.038936054535569406
3,Ptpre,18.71568,3.105692,3.6889199257414697e-78,3.031035923400361e-76,0.2529782761037141,0.04127807285349839
3,Elf4,18.521803,2.9953668,1.3774372045637827e-76,1.1141001685378744e-74,0.2512263489838823,0.0401488854502112
3,Adap2,18.458261,2.1983507,4.475097514007368e-76,3.604194166125793e-74,0.3027330063069376,0.10447074568190373
3,Ptpn12,18.254293,1.4347667,1.9126870769030416e-74,1.5105452821905145e-72,0.40889978976874564,0.2395550165195935
3,5031439G07Rik,18.088758,2.4599707,3.907857962506505e-73,3.04818274305593e-71,0.2764540995094604,0.07971226632094015
3,Tbc1d14,17.994722,2.056857,2.1429202616231409e-72,1.655631243108321e-70,0.306937631394534,0.11731002467483585
3,Far1,17.993866,1.6457609,2.1763402090578606e-72,1.6791732770184776e-70,0.3570427470217239,0.17126008949855714
3,Gm4258,17.96187,2.197129,3.8752315711902427e-72,2.9778618204472824e-70,0.29572529782761037,0.10334155827861653
3,Lrch1,17.923862,1.3629162,7.680431500621782e-72,5.886022208302893e-70,0.41485634197617377,0.24248253941700473
3,Dennd5a,17.815554,1.34127,5.3525525383337156e-71,4.0745948407120334e-69,0.4127540294323756,0.24440634017816068
3,Heatr5a,17.758764,2.0252972,1.4744376629263402e-70,1.1179221699692242e-68,0.30168185003503856,0.11045125674375811
3,Kitl,17.496181,1.8786377,1.5320376260966898e-68,1.1418292469577435e-66,0.306937631394534,0.11254234452762327
3,Lpar1,17.463652,1.6979853,2.710333868481378e-68,2.0068806346579735e-66,0.32130343377715487,0.11902471665760529
3,Myof,17.452612,1.6153107,3.288416081215016e-68,2.4317623387073273e-66,0.33847231955150664,0.14102296014386684
3,Cst3,17.44662,1.8916326,3.652069158425328e-68,2.69717859857194e-66,0.33391730903994393,0.16481953912425243
3,Arhgef6,17.406933,2.1692908,7.309742563691e-68,5.370632920246829e-66,0.28661527680448495,0.09987035255740036
3,Tiam1,17.202162,2.2005887,2.5580894766778544e-66,1.8602831786911075e-64,0.29327259985984583,0.11567897620342102
3,Stxbp3,16.967485,1.4367455,1.4292020498771584e-64,1.0210814795740938e-62,0.3777154870357393,0.21408556731211575
3,Myo9b,16.881105,1.7733588,6.19730616205274e-64,4.3945306372782704e-62,0.3114926419060967,0.1330350048095019
3,Snx24,16.87985,1.5582141,6.330427479604917e-64,4.483344168111736e-62,0.3608969866853539,0.19426205512107397
3,Sgk3,16.83127,1.3385702,1.439790135479525e-63,1.015899505629983e-61,0.3927820602662929,0.2384258291163063
3,Ptpn1,16.586622,1.6805524,8.708207459832802e-62,6.061785341935692e-60,0.3269096005606167,0.15963364142026681
3,Mcl1,16.448841,1.9474261,8.548922984567998e-61,5.9075755299063885e-59,0.28731604765241764,0.11241687926059137
3,Pals2,16.306797,1.3321732,8.830448924223744e-60,6.036189582163556e-58,0.3598458304134548,0.17502404750951445
3,Evi5,16.113434,1.301308,2.0529966941433977e-58,1.378534018410604e-56,0.3871758934828311,0.23620927606540923
3,Gna12,16.07873,1.9402672,3.5967608451033175e-58,2.4066176178734194e-56,0.2831114225648213,0.11258416628330058
3,Ddx60,16.041332,2.3769019,6.572869358249075e-58,4.382502975738414e-56,0.2501751927119832,0.07377357701476309
3,Ank,16.019644,1.8845525,9.318139775881348e-58,6.176765971809777e-56,0.30063069376313944,0.13851365480322864
3,Fn1,15.938443,2.4925718,3.4278936388970994e-57,2.2591168019958302e-55,0.2690960056061668,0.10447074568190373
3,Hps3,15.793742,1.968483,3.4358000028257404e-56,2.2307626905461857e-54,0.2754029432375613,0.10727280331228305
3,Stk4,15.660589,1.7303174,2.8127982035557894e-55,1.8077149267344266e-53,0.29747722494744216,0.13458240976956212
3,Hexa,15.559476,2.2266586,1.3721854309314885e-54,8.779057373333695e-53,0.2508759635599159,0.08213792815022375
3,Timp2,15.465784,1.4942518,5.905019854655864e-54,3.731828363417975e-52,0.31114225648213034,0.1367989628204592
3,P2rx4,15.173417,1.8477968,5.304171524449757e-52,3.268666999715299e-50,0.27189908899789766,0.10764919911337878
3,Atp8a1,15.073164,1.6522843,2.431830502284949e-51,1.490536712923652e-49,0.29327259985984583,0.13357868763330685
3,Fbxw7,14.968204,1.2237722,1.184793604073623e-50,7.215329690861622e-49,0.3766643307638402,0.24047509514449417
3,Galnt10,14.861898,1.8741254,5.825119841813804e-50,3.5136456452618616e-48,0.26594253679046953,0.10631090293170507
3,Slc16a7,14.842107,1.5185684,7.825917793601834e-50,4.7105241552376535e-48,0.31850035038542396,0.17406214712893647
3,Lrrk1,14.78857,1.7701204,1.736023364461745e-49,1.0427310801246437e-47,0.2606867554309741,0.09263518882522688
3,Arhgap6,14.684827,1.2759299,8.063975367814308e-49,4.808071428468215e-47,0.3391730903994394,0.1695453975157877
3,Tep1,14.587693,1.5879018,3.3638254602777906e-48,1.9828114444480092e-46,0.29467414155571126,0.14470327464346952
3,Fam117b,14.548281,1.6203678,5.98894663838734e-48,3.519263266629654e-46,0.2869656622284513,0.1332022918322111
3,Tut7,14.487953,1.2134683,1.4438138414896845e-47,8.458045673689725e-46,0.37281009110021024,0.24394630086571034
3,Ostf1,14.483153,1.6725163,1.5482721838245228e-47,9.05135178841398e-46,0.27960756832515765,0.12701267199197022
3,Bach2,14.28121,1.5822769,2.865820409760186e-46,1.6334602597813289e-44,0.28451296426068673,0.1306511647358956
3,Snx6,14.197536,1.3312981,9.48903920360411e-46,5.349657240519026e-44,0.3342676944639103,0.19677136046171217
3,Pacs2,14.083346,1.7599229,4.8077862182159016e-45,2.678670793066846e-43,0.2648913805185704,0.11676634185103091
3,Stim2,13.99791,1.336258,1.6052340528607322e-44,8.882763090762192e-43,0.3177995795374912,0.1716364852996529
3,Fam219a,13.793395,1.7373701,2.7930022131576703e-43,1.520423891198957e-41,0.2575332866152768,0.10940571285182552
3,Irf2bp2,13.726543,1.6370915,7.04139239542958e-43,3.8040220530185553e-41,0.2666433076384022,0.11948475597005562
3,Pvt1,13.489262,1.482057,1.8090414810765756e-41,9.60005880465809e-40,0.3086895585143658,0.18113002383840074
3,Msn,13.477979,1.4474528,2.1080431810473459e-41,1.116596156018762e-39,0.29152067274001403,0.15281669524486638
3,Stx7,13.426124,1.2716004,4.250893210923027e-41,2.2391314553484557e-39,0.3142957252978276,0.17594412613441512
3,Ppp4r1,13.371473,1.1932863,8.876514883494406e-41,4.645566488796461e-39,0.3405746320953048,0.21517293295972564
3,Adam10,13.355311,1.1408554,1.1029606204864536e-40,5.761805567992583e-39,0.3608969866853539,0.2411860649910083
3,Arid4a,13.181563,1.1287352,1.120444794910496e-39,5.742506486678537e-38,0.3510861948142957,0.22667391577098406
3,Actg1,12.987288,1.4193847,1.4445448112870676e-38,7.227928479744896e-37,0.29011913104414855,0.15896449332942997
3,Map3k14,12.869371,1.4990652,6.694490173941742e-38,3.297499697183536e-36,0.26559215136650316,0.12835096817364394
3,Klf3,12.834084,1.2163285,1.0564625434781471e-37,5.181398250490023e-36,0.3163980378416258,0.1882397223035423
3,Tbc1d1,12.812103,1.275317,1.4028062195962144e-37,6.844660578408573e-36,0.27610371408549406,0.1279745723725482
3,Slc23a2,12.799293,1.3334019,1.6545214446739733e-37,8.052145776169291e-36,0.306937631394534,0.18522855589477646
3,St3gal1,12.789711,1.3463002,1.8716797879683524e-37,9.093457236067061e-36,0.29607568325157674,0.16862531889088703
3,Myh9,12.78642,1.1567377,1.9526298797354802e-37,9.478661379541174e-36,0.33181499649614576,0.20471749404039982
3,Hlcs,12.638214,1.1090645,1.2997264462340208e-36,6.245377516878598e-35,0.3510861948142957,0.23993141232068924
3,Crybg3,12.601733,1.4652587,2.065560304097528e-36,9.891931814601963e-35,0.2631394533987386,0.12835096817364394
3,Cyria,12.576499,1.293294,2.843560949796341e-36,1.3594895385588033e-34,0.30238262088297124,0.1757768391117059
3,Micu1,12.553167,1.484421,3.819202122517476e-36,1.8167851968109243e-34,0.26278906797477225,0.13019112542344527
3,Rap1gap2,12.5475855,1.728249,4.098182950239387e-36,1.9478684087611094e-34,0.25052557813594956,0.12086487390740663
3,Asah1,12.547105,1.5119947,4.123126131557501e-36,1.958089450016811e-34,0.26103714085494045,0.1304838777131864
3,Tpt1,12.522135,1.2654818,5.649519439438701e-36,2.66740701825107e-34,0.3181499649614576,0.20036803144996027
3,Hycc1,12.458612,1.0697349,1.2553650578854458e-35,5.892971291101003e-34,0.3510861948142957,0.2408096691899126
3,Vav2,12.433719,1.3872099,1.7146809735547432e-35,8.016063162165898e-34,0.27224947442186404,0.1418593952574129
3,Cdk17,12.432067,1.1671424,1.7504916959658886e-35,8.17676354880998e-34,0.3177995795374912,0.19442934214378318
3,Sptlc2,12.429038,1.2782803,1.8180807423852178e-35,8.46470446051976e-34,0.2922214435879467,0.1634394211869014
3,Zdhhc20,12.331778,1.0139322,6.108430524788862e-35,2.8095326535702956e-33,0.35564120532585847,0.24060056041152608
3,Zfp36l1,12.231975,1.1415957,2.097754541934287e-34,9.532980157404648e-33,0.32725998598458306,0.20793776922755217
3,Ankfy1,12.183678,1.0923585,3.7976320695591136e-34,1.7134783492295204e-32,0.33356692361597756,0.21994061310693824
3,Klf7,12.175997,1.3580421,4.172631384975184e-34,1.8782118868922686e-32,0.26173791170287314,0.12826732466228932
3,Map3k1,12.165523,1.04243,4.743979222324616e-34,2.1303384928894792e-32,0.3398738612473721,0.219355108527456
3,Casp8,12.069504,1.3654001,1.5305467578054706e-33,6.782168321883369e-32,0.2697967764540995,0.1453724227343064
3,Sdcbp,12.006393,1.3217053,3.288756038538683e-33,1.449419950390334e-31,0.27224947442186404,0.14737986700681693
3,Fkbp15,11.848691,1.2883657,2.1857754444056605e-32,9.508039692887908e-31,0.28065872459705676,0.16164108569277738
3,Nhsl2,11.50665,1.1525924,1.2213099837021004e-30,5.102172544532745e-29,0.2904695164681149,0.1720547028564259
3,Washc4,11.493603,1.1423991,1.4206181492372016e-30,5.921772916231003e-29,0.29782761037140854,0.18476851658232613
3,Gas6,11.463333,1.1313635,2.016044612459075e-30,8.391490955996506e-29,0.30483531885073584,0.19024716657605287
3,H2-D1,11.450191,1.1523011,2.3462973956756878e-30,9.751862774245938e-29,0.3037841625788367,0.19505666847894274
3,Morc3,11.385554,1.1109354,4.935344038511353e-30,2.033454594043958e-28,0.30168185003503856,0.18957801848521602
3,Spata6,11.354453,1.2087003,7.047956008610839e-30,2.8851018194558575e-28,0.27680448493342674,0.15908995859646188
3,Tpk1,11.193605,1.0437417,4.3824314197856034e-29,1.7735609628572285e-27,0.3227049754730203,0.2182259211241688
3,Rhobtb1,11.17223,1.1175951,5.576293912236886e-29,2.2503171626979484e-27,0.3009810791871058,0.19263100664965915
3,Nsf,10.918431,1.1423272,9.410692054210311e-28,3.7109017746453557e-26,0.2859145059565522,0.177993392162603
3,Arrb1,10.896208,1.3101225,1.2016161767408276e-27,4.728488370407703e-26,0.2515767344078486,0.1381790807578102
3,Rplp1,10.770093,1.219684,4.765177358643462e-27,1.8584518080720367e-25,0.26594253679046953,0.15653883150014639
3,Snap23,10.693473,1.1872451,1.0920321197332636e-26,4.215688198625882e-25,0.2666433076384022,0.1581280582158839
3,Plin2,10.599769,1.0367401,2.987184549985037e-26,1.139271771337562e-24,0.30448493342676947,0.20639036426749194
3,Foxn2,10.470642,1.2515417,1.1784042905719342e-25,4.408641176705421e-24,0.25683251576734406,0.1518966166199657
3,Dipk1a,10.397253,1.2232332,2.5518297408405886e-25,9.441438419311498e-24,0.2648913805185704,0.16277027309606457
3,Rps6kc1,10.360843,1.0875821,3.736559662780996e-25,1.3762189117620484e-23,0.2887175893482831,0.18991259253063444
3,Ccm2,10.354187,1.0123575,4.005737773697295e-25,1.473454228501923e-23,0.3072880168185004,0.21099075739199533
3,Samd4,10.223075,1.1578977,1.5630271527295068e-24,5.66159854348415e-23,0.2859145059565522,0.19120906695663084
3,Ern1,9.8744335,1.0957828,5.373578149817166e-23,1.8679909244733773e-21,0.26454099509460405,0.164484965078834
3,Mlxip,9.424114,1.1140519,4.337494786141419e-21,1.4251661316657736e-19,0.2526278906797477,0.15766801890343357
3,Snx3,8.7517395,1.0321597,2.10089676888636e-18,6.302800996689053e-17,0.25402943237561315,0.17021454560662458
4,Lama2,58.329323,6.249348,0.0,0.0,0.7900473933649289,0.054106672074629894
4,Gpc6,52.025562,5.9070415,0.0,0.0,0.7127962085308057,0.05548570269722166
4,Thsd7a,51.04797,6.440821,0.0,0.0,0.6895734597156398,0.034881362806732916
4,Fbn1,50.158,5.1227303,0.0,0.0,0.7113744075829384,0.09482863516528088
4,Arhgap6,47.509052,4.156615,0.0,0.0,0.714218009478673,0.1425674305414723
4,Ddr2,47.19692,4.608331,0.0,0.0,0.6720379146919432,0.10180490772662745
4,Nav1,46.348915,3.604647,0.0,0.0,0.7402843601895734,0.18766984384506186
4,Ltbp1,43.873802,4.4275417,0.0,0.0,0.6327014218009479,0.09417967957817887
4,Col5a2,43.204144,3.6143663,0.0,0.0,0.6696682464454976,0.1761914418981951
4,Nova1,41.355946,5.178217,0.0,0.0,0.5734597156398105,0.052200365037517744
4,Ror1,40.636745,3.6443565,0.0,0.0,0.6388625592417062,0.1348205232204421
4,Meg3,39.851757,4.5892763,0.0,0.0,0.5710900473933649,0.06250253498276212
4,Tnxb,39.604225,5.129511,0.0,0.0,0.54739336492891,0.03909957412289596
4,Scara5,38.998547,3.1730266,0.0,0.0,0.6488151658767772,0.19744473737578586
4,Magi2,38.467716,3.6360347,0.0,0.0,0.6018957345971564,0.13011559521395255
4,Gli3,38.41313,4.643139,0.0,0.0,0.5421800947867299,0.04968566213749746
4,Abca8a,38.339924,4.5138364,0.0,0.0,0.5526066350710901,0.08412086797809774
4,Pde3a,38.12319,4.1353927,0.0,0.0,0.5592417061611374,0.07020888257959845
4,Sdk1,38.059868,3.208806,0.0,0.0,0.6317535545023697,0.21403366457108092
4,Frmd6,36.762737,4.0276423,7.277032132647309e-296,7.818141257831517e-293,0.543127962085308,0.07617116203609815
4,Rhoj,36.028522,4.2087054,2.992509246152462e-284,2.989411736581883e-281,0.5232227488151658,0.060515108497262216
4,Col1a2,35.939686,3.6943355,7.335105421183719e-283,7.201176513579692e-280,0.5440758293838862,0.09515311295883187
4,Zfp521,35.668293,3.0942137,1.2266711945327786e-278,1.1641314081315158e-275,0.5853080568720379,0.17546136686270533
4,Creb5,34.97695,4.0846424,5.04260707314736e-268,4.557636338921965e-265,0.5208530805687204,0.08639221253295477
4,Dclk1,34.61195,4.9127984,1.670168640757863e-262,1.4630934242060533e-259,0.4819905213270142,0.038572297708375586
4,C7,34.519894,4.9957247,4.0348068138158997e-261,3.480999011901381e-258,0.4919431279620853,0.06221861691340499
4,Plac9,34.4608,3.9168937,3.1028873727678188e-260,2.637037461086155e-257,0.5085308056872038,0.07414317582640438
4,Pdgfra,34.00724,5.833576,1.7411682372695132e-253,1.3397818999778833e-250,0.45924170616113746,0.018170756438856215
4,Fstl1,33.624577,4.5180564,7.337997672104767e-248,5.4264016291859424e-245,0.4767772511848341,0.0483066315149057
4,4930578G10Rik,33.29414,4.165186,4.693481124337652e-243,3.340643858761378e-240,0.4838862559241706,0.05394443317785439
4,Eya2,32.15175,4.046242,8.349235472048815e-227,5.402429738794678e-224,0.46824644549763034,0.055161224903670654
4,Kazn,32.024693,3.7740796,4.942540422294587e-225,3.092672463581056e-222,0.48578199052132703,0.08278239707969985
4,Tmeff2,31.905687,4.0803022,2.2265701354164597e-223,1.3780775008777024e-220,0.46919431279620855,0.06290813222470087
4,Enox1,30.887257,3.1436782,1.7713977274662548e-209,1.0086515799965601e-206,0.4976303317535545,0.12419387548164673
4,Antxr1,29.827015,4.3581095,1.74433130236539e-195,9.196663767406268e-193,0.42369668246445497,0.037963901845467454
4,Clec3b,29.747782,4.2627764,1.8525293051838155e-194,9.677511116190058e-192,0.42748815165876775,0.04952342324072196
4,Adgrd1,29.373274,3.1804073,1.2055668164215037e-189,6.129123222665789e-187,0.4706161137440758,0.0865138917055364
4,Adamtsl1,29.035086,2.4923732,2.3741824638604716e-185,1.1654165834024062e-182,0.5327014218009478,0.14264854998986007
4,Col6a6,28.613941,4.302163,4.50684610431747e-180,2.138536033549509e-177,0.4090047393364929,0.03918069357128372
4,Slc43a3,27.513956,3.5348606,1.1953205360753331e-166,5.079309451094444e-164,0.41800947867298577,0.07329142161833299
4,Lhfp,27.500095,3.2035449,1.7509939230282595e-166,7.385432960826083e-164,0.43601895734597157,0.08371527073615899
4,Tenm3,27.2191,3.1591036,3.859683281897124e-163,1.581109537802188e-160,0.43459715639810426,0.08359359156357737
4,Trerf1,27.061909,2.262205,2.7662110791004715e-161,1.0938251739934718e-158,0.5208530805687204,0.17679983776110322
4,Htra3,26.562796,2.6525645,1.8274515800757835e-155,6.891186782853986e-153,0.4611374407582938,0.16069762725613465
4,C1qtnf7,26.106714,5.6859403,3.0588424820330395e-150,1.1237003210931827e-147,0.35308056872037913,0.013263029811397282
4,Prkg1,25.907576,2.7962291,5.4713837461153244e-148,1.97181051827565e-145,0.44691943127962086,0.114986818089637
4,Dpep1,25.887985,5.7106647,9.09433599062307e-148,3.256859029195397e-145,0.34976303317535545,0.013060231190427905
4,Fyn,25.69541,3.512279,1.315484631158936e-145,4.68156314892631e-143,0.3876777251184834,0.05463394848915027
4,Tcf7l1,25.522125,2.0429165,1.1200173335740738e-143,3.936722653767984e-141,0.5232227488151658,0.2403569255729061
4,Opcml,25.473408,4.5504117,3.8863348718968526e-143,1.3493402069553578e-140,0.36208530805687206,0.03467856418576354
4,Kcnt2,25.355358,4.360329,7.843180033632128e-142,2.674242600569144e-139,0.35924170616113743,0.03078483066315149
4,Slit2,25.116346,3.653198,3.2969900585032327e-139,1.0978591281943426e-136,0.3796208530805687,0.061610221050496856
4,Tmtc1,25.0299,3.229128,2.8902398485098815e-138,9.51289868289024e-136,0.3914691943127962,0.06773473940377206
4,Chrm3,24.873074,5.3833933,1.4557263064932395e-136,4.763822506783423e-134,0.33981042654028437,0.016670046643682823
4,Col6a3,24.862295,3.8122885,1.9040198693194414e-136,6.195245450223903e-134,0.36540284360189573,0.04704928006489556
4,Timp2,24.606472,2.5263839,1.0769334741793051e-133,3.464501070804735e-131,0.4369668246445498,0.13129182721557495
4,Errfi1,24.439291,2.7086983,6.54101516145678e-132,2.0464392544423657e-129,0.4270142180094787,0.13899817481241128
4,Cdon,24.100258,2.1570442,2.4841487442161045e-128,7.484122415048106e-126,0.4767772511848341,0.18191036300953153
4,Sult1e1,23.749773,5.1002955,1.1047105490990132e-124,3.259239553173415e-122,0.32748815165876777,0.019955384303386735
4,Slc8a1,23.684679,2.03445,5.186852045694123e-124,1.514587396583944e-121,0.5023696682464455,0.21963090650983574
4,Cyth3,23.679173,2.427449,5.910804514201591e-124,1.7171791828732286e-121,0.4312796208530806,0.15704725207868586
4,Aff2,23.675592,4.2203207,6.4346561986049124e-124,1.8504836293169815e-121,0.3407582938388626,0.036787669843845065
4,Prrx1,23.572472,3.7105343,7.386039556691085e-123,2.0923804895400354e-120,0.35023696682464456,0.050780774690732104
4,Gask1b,23.498116,4.9387493,4.2637084283761433e-122,1.1959597124146108e-119,0.3241706161137441,0.019103630095315353
4,Galnt17,23.29656,5.9258027,4.8039213080607855e-120,1.3150965538571595e-117,0.3132701421800948,0.009450415737172988
4,Mid1,23.168356,1.9604623,9.495490558931776e-119,2.5746796567434965e-116,0.4886255924170616,0.23901845467450822
4,Dennd2b,23.062643,2.2120242,1.0983897316599566e-117,2.9501608353985652e-115,0.44360189573459713,0.1743662543094707
4,Niban1,23.0567,2.9586885,1.2600495575720098e-117,3.3684733266529487e-115,0.37251184834123224,0.07710403569255729
4,Vcan,22.73825,4.6540604,1.875566971477562e-114,4.876559768169126e-112,0.3170616113744076,0.022105049685662136
4,Fap,22.699123,4.7998576,4.570218211149885e-114,1.1775239600049123e-111,0.31516587677725116,0.020969377408233625
4,Adamts2,22.594627,2.034531,4.8943585682942963e-113,1.255358879447052e-110,0.46161137440758293,0.21808963699046846
4,Gas7,22.557076,2.477892,1.144434698415873e-112,2.896233607222143e-110,0.4075829383886256,0.11770431961062665
4,Fn1,22.345472,2.707093,1.3362909278089695e-110,3.2797302465676953e-108,0.3805687203791469,0.09989860068951531
4,Fbxl7,22.178679,2.0682461,5.517632393093904e-109,1.325651924452152e-106,0.44976303317535543,0.19079294260799026
4,Sulf1,22.133188,2.3933358,1.5147796772639868e-108,3.6240785547516246e-106,0.3985781990521327,0.11831271547353478
4,Mcc,22.03133,2.4546657,1.442739417233734e-107,3.3807006237327595e-105,0.3924170616113744,0.11060636787669843
4,Gpc3,21.70552,3.6539125,1.8195033583546966e-104,4.160816896709831e-102,0.3222748815165877,0.04137091867775299
4,Nckap5,21.585005,2.174432,2.484629597802852e-103,5.6141783304957226e-101,0.42322274881516586,0.17602920300141958
4,Wipf1,21.513554,2.174636,1.1624805435867138e-102,2.6163163886312673e-100,0.4071090047393365,0.12399107686067734
4,Cacna1a,21.279665,2.778412,1.7518678532345027e-100,3.8814438689115103e-98,0.35355450236966823,0.08655445142973028
4,Arhgap20,21.261816,3.684416,2.562991098330789e-100,5.656561090312149e-98,0.31563981042654027,0.043642263232610015
4,Lpar1,21.174023,2.2433505,1.6578302984639418e-99,3.602996756673104e-97,0.3924170616113744,0.11904279050902454
4,Gfpt2,20.962809,4.818614,1.433725918168659e-97,3.069089755881264e-95,0.2909952606635071,0.018819712025958224
4,Col1a1,20.826702,3.1107745,2.479617524838897e-96,5.229329684513023e-94,0.3303317535545024,0.06631514905698642
4,Tgfbr2,20.797691,1.9949175,4.541497673148633e-96,9.542340184751155e-94,0.42369668246445497,0.17911174204015412
4,Arhgap28,20.646694,2.3521862,1.0453245142591334e-94,2.1723293126434056e-92,0.37772511848341234,0.12403163658487122
4,Serping1,20.619867,2.9089184,1.8205901556748485e-94,3.756022610662375e-92,0.33270142180094786,0.07000608395862908
4,Akt3,20.586407,1.8255231,3.6332964687668145e-94,7.468719647222064e-92,0.44644549763033176,0.18998174812411275
4,Hdac7,20.568436,3.34745,5.263671830883068e-94,1.0781249558356574e-91,0.3123222748815166,0.04680592171973231
4,Col14a1,20.200817,4.494137,9.629178497276356e-91,1.9038022667132397e-88,0.2838862559241706,0.02190225106469276
4,Axl,20.127678,3.9999921,4.223287536337816e-90,8.263856206412769e-88,0.2895734597156398,0.02887852362603934
4,Sntb2,19.962675,1.9099816,1.1631687028131764e-88,2.2527887451321454e-86,0.41800947867298577,0.18738592577570473
4,Mfap5,19.905375,4.145092,3.655559106119304e-88,7.00845761149964e-86,0.2848341232227488,0.02790509024538633
4,Col4a5,19.804688,2.8154817,2.7123800011969955e-87,5.1140936969588785e-85,0.3251184834123223,0.07154735347799634
4,Dchs2,19.485909,5.0997896,1.4459149265270438e-84,2.647326103902778e-82,0.266824644549763,0.012979111742040155
4,Sdc2,19.445238,2.3893435,3.197908002357152e-84,5.83628460135316e-82,0.35971563981042654,0.13125126749138105
4,Cadps,18.892414,5.2007494,1.316844348213264e-79,2.2930407960737453e-77,0.25829383886255924,0.012451835327519773
4,Pde11a,18.770052,4.455397,1.3275362021292927e-78,2.283723229167494e-76,0.2672985781990521,0.025998783208274184
4,Steap3,18.75109,3.0789895,1.8966404382748608e-78,3.252909734813519e-76,0.2971563981042654,0.060190630703711216
4,Flrt2,18.69775,1.8277017,5.163765768533961e-78,8.724925419171878e-76,0.38436018957345974,0.13413100790914623
4,Klf12,18.69488,2.3149729,5.449355080346355e-78,9.180228628106563e-76,0.33838862559241706,0.10152098965727033
4,Abca6,18.648365,3.8075993,1.30197338368291e-77,2.1804607776555463e-75,0.27109004739336495,0.02891908335023322
4,Smoc2,18.616081,3.9763017,2.380101219913046e-77,3.974350251116386e-75,0.2682464454976303,0.027053336037314947
4,Sec24d,18.469366,1.736014,3.6433311493388753e-76,5.995806906777598e-74,0.41184834123222747,0.20758466842425471
4,Dpysl3,18.426426,3.266838,8.063617586202147e-76,1.3232001411410273e-73,0.2824644549763033,0.04477793551003853
4,Abca8b,18.371124,3.967868,2.2373217402069565e-75,3.650296195103848e-73,0.2663507109004739,0.029689718109916854
4,Hecw2,18.098593,4.353287,3.269101916954029e-73,5.214171771800542e-71,0.25355450236966826,0.016953964713039952
4,Fndc1,18.086813,4.1423388,4.048347630397207e-73,6.439021296716407e-71,0.25781990521327014,0.02251064692760089
4,Asap3,17.978523,4.208443,2.870345070163758e-72,4.514925929287142e-70,0.2554502369668246,0.02263232610018252
4,Col5a1,17.811432,1.6019005,5.761678143635262e-71,8.963817354555613e-69,0.42227488151658765,0.2342324072196309
4,Vit,17.775936,3.84979,1.0856872539763561e-70,1.6798945089311873e-68,0.25876777251184835,0.02887852362603934
4,Ifi207,17.598886,2.7646253,2.512169971243531e-69,3.8247451960582325e-67,0.285781990521327,0.05710809166497668
4,Adam19,17.59818,2.653298,2.543613907941149e-69,3.862291187522053e-67,0.2909952606635071,0.06254309470695599
4,Col6a5,17.585066,3.4970994,3.2061391352173236e-69,4.85533958772366e-67,0.266824644549763,0.040924761711620364
4,Gabra3,17.456116,3.334379,3.092803322091558e-68,4.646630975282728e-66,0.26587677725118486,0.039140133847089836
4,Mcu,17.406736,1.6978111,7.334700205805474e-68,1.0904573483518784e-65,0.3938388625592417,0.1923747718515514
4,Gria3,17.19066,2.5529184,3.1195517209292777e-66,4.5313876158529084e-64,0.2914691943127962,0.06943824781991483
4,Ifi204,17.157223,3.377052,5.550543006569634e-66,8.00135365410333e-64,0.25829383886255924,0.03617927398093693
4,Runx1t1,17.110373,2.8339539,1.2420303387123138e-65,1.7769459677542177e-63,0.2772511848341232,0.0569052930440073
4,Boc,17.0316,1.6809158,4.787599317400188e-65,6.781360515723485e-63,0.3971563981042654,0.2135875076049483
4,Ntrk3,17.019478,3.6447475,5.8892777725095736e-65,8.259639547893291e-63,0.25450236966824646,0.03662543094706956
4,Rftn1,17.011223,2.2169256,6.780684462816433e-65,9.48646078617274e-63,0.30995260663507107,0.08931251267491382
4,Pdgfd,16.625238,2.0343487,4.575382493049947e-62,6.308156284182979e-60,0.32132701421800947,0.10874062056378017
4,Reps2,16.619617,2.6421747,5.025242707466904e-62,6.911650845552487e-60,0.27535545023696684,0.060271750152098964
4,Hspg2,16.382288,1.7612746,2.55929669762725e-60,3.4614943767124286e-58,0.36161137440758295,0.1746907321030217
4,Prdm5,16.34891,2.589969,4.428402135123525e-60,5.93312108178985e-58,0.27535545023696684,0.0671669032650578
4,Garnl3,16.25753,2.392243,1.9754090873426664e-59,2.615855089357646e-57,0.3042654028436019,0.11174204015412695
4,Csgalnact1,15.889712,2.6569386,7.466996264059657e-57,9.448405206040466e-55,0.2682464454976303,0.06769417967957818
4,Maml3,15.863532,1.3789902,1.1333713383726452e-56,1.4309378576114586e-54,0.4218009478672986,0.24177651591969174
4,Zfp385b,15.775315,1.6176144,4.600950948024441e-56,5.720147334748028e-54,0.385781990521327,0.22409247617116204
4,Plekhh2,15.675206,2.6097589,2.2349762910894666e-55,2.736812580450007e-53,0.26018957345971566,0.05763536807949706
4,Or5m3b,15.672924,1.9090428,2.3167160834488926e-55,2.830818251237412e-53,0.3194312796208531,0.12646522003650376
4,Wt1,15.598229,2.1438322,7.484141910238545e-55,9.067117542784957e-53,0.28199052132701424,0.07584668424254715
4,Aff3,15.293477,1.848542,8.451452963955219e-53,9.901937926349261e-51,0.3075829383886256,0.10650983573311701
4,Arhgef3,15.29294,1.3520267,8.521472067023955e-53,9.963473120501253e-51,0.4104265402843602,0.23581423646319205
4,Ccbe1,15.234881,1.5487651,2.075028638959937e-52,2.411310321041179e-50,0.36824644549763036,0.18434394646116406
4,Efemp1,15.101239,1.3438566,1.589195299100486e-51,1.8098073905216152e-49,0.41232227488151657,0.2428310687487325
4,C3,14.95633,1.7497859,1.4162295698873571e-50,1.5905626812417358e-48,0.33744075829383885,0.16519975664165484
4,Apbb1ip,14.880326,2.0860617,4.423373369895963e-50,4.9289883181065765e-48,0.28199052132701424,0.09284120867978098
4,Map1b,14.485935,2.0408165,1.4868438220770725e-47,1.5884122715364088e-45,0.27630331753554505,0.09008314743459744
4,Mill2,14.423467,2.2866237,3.6836785786621936e-47,3.9132899617090296e-45,0.25876777251184835,0.07540052727641453
4,Ntn1,14.315683,2.0193803,1.7463831316815706e-46,1.8279559172992703e-44,0.27582938388625594,0.09349016426688299
4,Ksr1,14.3083515,1.64133,1.9405804473047413e-46,2.027497087155583e-44,0.3289099526066351,0.16232001622388967
4,Klf7,13.970135,1.7159444,2.371769476462087e-44,2.3860587589969556e-42,0.3014218009478673,0.1288988034881363
4,Gm54318,13.962585,1.4793266,2.636900052615386e-44,2.6481080404933455e-42,0.35402843601895734,0.19046846481443927
4,Gli2,13.680835,2.1476834,1.3216652434757184e-42,1.2908566145583343e-40,0.26350710900473934,0.09758669641046441
4,Eeig2,13.573369,1.8376886,5.761167066130803e-42,5.522670267888116e-40,0.2834123222748815,0.11912390995741229
4,Tmtc2,12.946971,1.9923273,2.4440958937858316e-38,2.1985665764306322e-36,0.2682464454976303,0.11259379436219834
4,Lima1,12.910385,1.2227466,3.933288286452391e-38,3.5049353414536094e-36,0.3753554502369668,0.23747718515514094
4,Myof,12.898114,1.3922187,4.6124732723329325e-38,4.103731884373586e-36,0.31516587677725116,0.14897586696410464
4,Frmd4b,12.81648,1.0301611,1.3258525225734038e-37,1.1632568334029611e-35,0.4014218009478673,0.22522814844859054
4,Ampd3,12.816238,1.851007,1.3299740473758682e-37,1.1632880527132e-35,0.26919431279620853,0.11636584871222876
4,Maf,12.777503,1.1630898,2.1898868140295362e-37,1.9124899551787702e-35,0.38388625592417064,0.2449807341310079
4,Lrrk1,12.5833645,1.7510526,2.606850065420872e-36,2.2321300687989456e-34,0.25924170616113745,0.09783005475562766
4,Adam23,12.579209,1.8814672,2.747659350788455e-36,2.3491662326313124e-34,0.2682464454976303,0.11839383492192253
4,Pld1,12.001519,1.6221666,3.4883365217860425e-33,2.7397154467175043e-31,0.2677725118483412,0.1197728655445143
4,Cald1,11.882302,1.1428863,1.4628203731170464e-32,1.136349998167227e-30,0.35355450236966823,0.2196714662340296
4,Igf2r,11.8359,1.5906972,2.5459826404346086e-32,1.961715798768431e-30,0.2829383886255924,0.1490164266882985
4,Eps8,11.504336,1.090031,1.2545027391209173e-30,9.181573324972257e-29,0.3407582938388626,0.18868383694990873
4,Cep112,11.407517,1.265874,3.83520394552705e-30,2.771324211449946e-28,0.3161137440758294,0.18458730480632732
4,Pam,11.318094,1.100274,1.0676780790861733e-29,7.618378132988195e-28,0.36208530805687206,0.24656256337456905
4,Tmem65,11.260912,1.2312118,2.0462997366775241e-29,1.4420588280464716e-27,0.323696682464455,0.20292030014195903
4,Rab30,11.024928,1.5677933,2.8975086857740477e-28,1.973529211443302e-26,0.26018957345971566,0.13015615493814642
4,Spred1,10.872956,1.2401342,1.5509255241211207e-27,1.0268750031276829e-25,0.2938388625592417,0.16171162036098155
4,Slco3a1,10.611338,1.3123391,2.6394215820562633e-26,1.6905658526869032e-24,0.2829383886255924,0.15639829649158385
4,Ptpn13,9.814679,1.0628093,9.734760659281972e-23,5.491224031550232e-21,0.2914691943127962,0.167755019265869
4,Dmd,9.645516,1.1924815,5.13523101326786e-22,2.833383615566717e-20,0.27677725118483415,0.16402352464003245
4,Serpinh1,9.448483,1.3128674,3.4377498502482146e-21,1.846687870028147e-19,0.25450236966824646,0.14548773068343135
4,Dennd2a,9.160915,1.2084681,5.145889692683737e-20,2.649295705163695e-18,0.25165876777251184,0.1409450415737173
4,Cacna2d1,8.839246,1.0039136,9.63672745309763e-19,4.706045436593758e-17,0.3066350710900474,0.21634556885013181
4,Kif2a,8.632833,1.1829369,5.985128140494836e-18,2.8188517903053473e-16,0.25876777251184835,0.16353680794970593
5,Adamtsl1,68.12481,6.530551,0.0,0.0,0.9224548049476688,0.10955682601467785
5,Flrt2,62.762573,6.200427,0.0,0.0,0.8568030447193149,0.09394639743745692
5,Il1rapl1,59.482456,6.648812,0.0,0.0,0.8001902949571836,0.05189960669829299
5,Cdon,56.95798,4.847226,0.0,0.0,0.8097050428163654,0.15363094514049386
5,Rbfox1,56.519722,7.3107657,0.0,0.0,0.7559467174119886,0.038113773669058916
5,Gpm6a,53.947933,6.2471237,0.0,0.0,0.730732635585157,0.044682317641811624
5,Adgrd1,52.57066,5.265547,0.0,0.0,0.736441484300666,0.06398248388273933
5,Bicd1,52.42046,5.494155,0.0,0.0,0.7240723120837298,0.06584762599845922
5,Cdh11,52.314568,6.625303,0.0,0.0,0.7021883920076119,0.030774844909378422
5,Pals2,50.6718,4.298572,0.0,0.0,0.7421503330161751,0.14807606536106718
5,Ccbe1,48.571457,4.082511,0.0,0.0,0.7274024738344433,0.15379313141142603
5,Pkhd1l1,47.745876,6.560831,0.0,0.0,0.6408182683158896,0.02319263674329968
5,Plxna4,47.464214,4.97998,0.0,0.0,0.6717411988582302,0.06686129019178527
5,Wt1,47.263786,5.4146442,0.0,0.0,0.6517602283539486,0.04439849166768033
5,Efemp1,46.230274,3.5529492,0.0,0.0,0.725499524262607,0.21619429915257674
5,Nlgn1,45.45775,5.7698483,0.0,0.0,0.6232159847764034,0.03750557515306329
5,Fgf1,44.353134,4.2202716,0.0,0.0,0.6493815413891532,0.12074767870899729
5,Kcnab1,43.894478,5.2596292,0.0,0.0,0.6075166508087536,0.05364310911081377
5,Ano1,42.983223,5.0065804,0.0,0.0,0.6003805899143673,0.04646636662206544
5,Dpp4,42.869026,4.218287,0.0,0.0,0.6279733587059942,0.08826987795483113
5,Tenm3,42.562214,4.487264,0.0,0.0,0.6146527117031398,0.0683615131979078
5,Ror1,42.392082,3.722592,0.0,0.0,0.6636536631779257,0.13287110246117667
5,Ptpn13,42.182884,3.6899273,0.0,0.0,0.6446241674595623,0.1376961440214086
5,Wdr17,41.335236,6.2401857,0.0,0.0,0.5589914367269267,0.02696346754247253
5,Muc16,40.592606,7.0653534,0.0,0.0,0.5404376784015223,0.01188014434578113
5,Fras1,40.261013,6.565723,0.0,0.0,0.5394862036156042,0.01686737217694522
5,Prkg1,38.69045,3.923866,0.0,0.0,0.5913415794481446,0.10278554920325994
5,Gas1,38.486526,4.4943876,0.0,0.0,0.5499524262607041,0.06114422414142643
5,Gm56730,37.90033,4.3783207,0.0,0.0,0.544243577545195,0.07067266755869116
5,Myo1d,37.459328,3.1134453,4.23430168734848e-307,4.920517803659384e-304,0.6113225499524263,0.16847098893078702
5,Sulf1,36.900608,3.8664625,4.51826678268838e-298,5.14549257746118e-295,0.5575642245480494,0.10485342415764505
5,Cobl,36.818268,4.2472787,9.420437388502548e-297,1.031556010266776e-293,0.5323501427212178,0.05834651096784657
5,Cald1,36.52852,3.0857987,3.9112537155170647e-292,4.202088638023721e-289,0.6032350142721218,0.1984349024855046
5,Rapgef5,36.391285,4.809912,5.847532929845491e-290,6.166006899228373e-287,0.5099904852521409,0.03600535214694076
5,Gata6os,35.75392,4.9334254,5.749363545636006e-280,5.456241827534331e-277,0.4971455756422455,0.040708754003973564
5,Upk1b,35.352737,6.560396,9.100570960476812e-274,8.495010017385412e-271,0.47240723120837297,0.011717958074848964
5,Gas6,35.201748,3.0237038,1.880202185193074e-271,1.7267837520496586e-268,0.582778306374881,0.17005230507237562
5,Il16,35.120464,4.570311,3.2840863749664593e-270,2.9682406710629387e-267,0.4961941008563273,0.04034383489437619
5,Arhgap18,34.149513,2.5976374,1.3595017854947302e-255,1.0903012840543018e-252,0.6294005708848716,0.22933138709808215
5,Gcnt2,34.14246,3.7344685,1.730084519378787e-255,1.368232536360382e-252,0.5142721217887726,0.0907026720188136
5,Lhfp,33.757153,3.7533076,8.395365813823102e-250,6.128724676985913e-247,0.5099904852521409,0.07752503750557516
5,Sntg1,33.26717,5.4832478,1.1525798183822458e-242,7.721064404529818e-240,0.4586108468125595,0.029761180716052386
5,Lrrc1,32.442093,3.514749,7.002341980005231e-231,4.2873156417578265e-228,0.49809705042816366,0.09751449539796456
5,Gpr39,32.24171,5.2258105,4.597008184714754e-228,2.7266483650608624e-225,0.4429115128449096,0.02343591614969793
5,Crim1,32.183792,2.6173017,2.975231851155067e-227,1.7287007840471498e-224,0.5808753568030447,0.21408587763045858
5,Frmd4b,32.106754,2.428335,3.5488326490510045e-226,2.041152321915285e-223,0.6222645099904852,0.2064631228966468
5,Ap4e1,32.023952,3.054865,5.0615381090868905e-225,2.882090414695166e-222,0.521883920076118,0.1496573815026558
5,Col4a6,31.941175,4.86496,7.16369889137681e-224,3.9990997899400675e-221,0.44386298763082777,0.026841827839273406
5,Kcnd3,31.503716,5.528586,7.725940922676571e-218,4.189740972172635e-215,0.4291151284490961,0.01885415399586425
5,Colec12,31.469172,3.0703976,2.2951450417357383e-217,1.221381811415651e-214,0.5161750713606089,0.13595264160888781
5,Nxph1,31.36925,6.228966,5.316569146772228e-216,2.7520978526032494e-213,0.4257849666983825,0.021084215221181528
5,Meg3,30.721813,3.4533942,2.9106516540537e-207,1.4165420156706986e-204,0.4743101807802093,0.0709159469650894
5,Mark1,30.569067,4.733923,3.155507865528442e-205,1.5226929946699578e-202,0.42768791627021885,0.0330049061346957
5,Pawr,30.442686,3.2151465,1.497070291986033e-203,7.103723291331392e-201,0.4838249286393911,0.09037829947694928
5,Greb1l,30.362665,3.935855,1.7097714464044633e-202,8.045958341298889e-200,0.4467174119885823,0.05713011393585533
5,Timp2,30.235357,2.8704274,8.127774692912075e-201,3.762631047065906e-198,0.5066603235014272,0.12545108056603008
5,Arhgap28,30.143267,3.1174755,1.3143415907068545e-199,6.03547778358379e-197,0.4871550903901047,0.11478733325224019
5,Npas3,29.756958,4.4758735,1.4095406212414223e-194,6.319736418433687e-192,0.42150333016175073,0.035559339901877304
5,Thsd4,29.630348,4.4517665,6.076608121301137e-193,2.703188617461e-190,0.42102759276879165,0.034586222276284315
5,Tmtc1,29.483414,3.6492682,4.697992758956361e-191,2.073708571222745e-188,0.44481446241674594,0.06329319223127762
5,Nxn,29.480568,3.647784,5.109560322421405e-191,2.2209425520534142e-188,0.4424357754519505,0.05858979037424482
5,Pdgfd,29.4499,3.1956398,1.2626863613085575e-190,5.446865462065952e-188,0.46955280685061845,0.0961764586627742
5,Arhgap6,29.399525,2.5428956,5.56905762008129e-190,2.384268495827434e-187,0.538534728829686,0.15772614848153105
5,C3,29.287329,2.8098204,1.5039301506482032e-188,6.2507508546028716e-186,0.5,0.1514008839151766
5,Pam,28.579208,2.2639227,1.218314002600712e-179,4.78427707738532e-177,0.5485252140818269,0.23070997040100555
5,Fbn1,28.4905,2.6021578,1.536112036148739e-178,5.990942154133243e-176,0.4928639391056137,0.11365202935571504
5,Gria3,28.3517,3.6272178,7.975501586350143e-177,3.0893403797847857e-174,0.4257849666983825,0.05806268499371528
5,Col4a5,28.106524,3.5177546,8.153221391421167e-174,3.0950171949927512e-171,0.4257849666983825,0.06304991282487937
5,Ildr2,27.968056,4.365455,3.976543190645938e-172,1.4703139338868205e-169,0.39581351094196005,0.03174796253497141
5,2610307P16Rik,27.811079,3.8645506,3.1864229842148285e-170,1.1630648150267726e-167,0.4077069457659372,0.04516887645460812
5,Upk3b,27.656616,5.0010877,2.323577416241699e-168,8.321183752089219e-166,0.3815413891531874,0.022787171065969267
5,Wt1os,27.542587,4.6856756,5.429303287731561e-167,1.908333077201993e-164,0.384395813510942,0.02611198962007866
5,Ptgis,27.30284,4.2525315,3.924844558626965e-164,1.371071006213362e-161,0.38962892483349193,0.036126991850139886
5,Dnajc6,27.02493,3.350964,7.529791959723676e-161,2.5985083877492476e-158,0.41817316841103713,0.07095649353282245
5,Rspo1,26.598448,4.365614,7.074622697089327e-156,2.39783387497002e-153,0.3758325404376784,0.02895024936139156
5,Cxadr,26.31928,4.510936,1.1539122032336612e-152,3.8200531839725526e-150,0.37012369172216936,0.028828609658192433
5,Igfbp5,26.212,3.4818053,1.9395070688542972e-151,6.38366890217529e-149,0.40865842055185536,0.08721566719377205
5,Eln,26.196732,3.8488343,2.8952621663137265e-151,9.474662242072983e-149,0.3834443387250238,0.041884604468231765
5,Frmd6,25.868258,2.9044209,1.5164227012531296e-147,4.850933990564857e-145,0.4234062797335871,0.08652637554231034
5,Lvrn,25.728876,4.6843348,5.556699657205292e-146,1.7480885921598152e-143,0.3582302568981922,0.02226006568543973
5,4930578G10Rik,25.60242,3.3342593,1.4337222018363015e-144,4.485581093118728e-142,0.39533777354900096,0.061630782954222925
5,Sntb2,25.560373,2.3259444,4.2102976169518917e-144,1.3100467574145227e-141,0.4809705042816365,0.18209463568908893
5,Klhl29,25.387915,2.8551948,3.429340805434648e-142,1.0442251058944079e-139,0.42055185537583256,0.099906742894214
5,Kazn,25.169617,2.9337766,8.620008880570016e-140,2.569800657950457e-137,0.4148430066603235,0.08895916960629283
5,Zfp36l1,25.047697,2.194101,1.849708701947176e-138,5.429085731833719e-136,0.48858230256898194,0.197826703969509
5,Col1a2,25.000685,2.6586766,6.009327301974339e-138,1.754754389239594e-135,0.4262607040913416,0.10533998297044155
5,Nid2,24.688313,2.7356334,1.4279874791524715e-134,4.08598166082517e-132,0.41817316841103713,0.11717958074848964
5,Magi2,24.574636,2.439456,2.35915128725674e-133,6.683205644163484e-131,0.45337773549000954,0.14292665125897092
5,Plpp1,24.400312,3.3220358,1.697196194739078e-131,4.714148708518919e-129,0.37440532825880113,0.05952236143210477
5,Pak3,24.266771,4.3716445,4.398928703857281e-130,1.2100454073736106e-127,0.3458610846812559,0.03422130316668694
5,Megf6,24.226006,5.985966,1.1839861105127013e-129,3.2257106755360634e-127,0.32540437678401524,0.008352592953006529
5,Thbd,24.111273,3.2631884,1.9040656070185575e-128,5.090112663344774e-126,0.3758325404376784,0.07148359891335199
5,Plekhh2,24.056343,3.6305292,7.164680313306412e-128,1.906374120186824e-125,0.3587059942911513,0.04930462636337834
5,Igfbp6,23.935484,3.8269143,1.3088424879819485e-126,3.4503148198231542e-124,0.3510941960038059,0.0428982686615578
5,Pde3a,23.919815,2.7574575,1.9054209368678017e-126,4.999842099824401e-124,0.3981921979067555,0.08409358147832786
5,Sh3tc2,23.791523,5.0867877,4.087654982028156e-125,1.0628089604185627e-122,0.3258801141769743,0.014799497222560111
5,Boc,23.691326,2.0996478,4.4301126210854266e-124,1.1414255328381235e-121,0.4743101807802093,0.20707132141264242
5,Runx1t1,23.633202,3.450544,1.75704933073945e-123,4.466435086680135e-121,0.35680304471931495,0.05019665085350525
5,Smpd3,23.552225,3.8076637,1.1911657727250417e-122,2.9879370160676916e-120,0.3434823977164605,0.03564043303734339
5,Cacna1a,23.45545,2.9051669,1.1630231724121175e-121,2.8668269463341293e-119,0.3820171265461465,0.08421522118152698
5,Tns3,23.215332,2.3282554,3.187937854888206e-119,7.72444125085912e-117,0.42483349191246433,0.13112760004865587
5,Csrp2,23.204254,4.256428,4.1244391695505433e-119,9.951258082770231e-117,0.3301617507136061,0.029963913554717593
5,Cd200,23.058325,3.8156757,1.2135852398829133e-117,2.8792815476738734e-115,0.3363463368220742,0.03608644528240684
5,Arhgap44,23.036636,4.78653,2.0025204735902495e-117,4.731349306502174e-115,0.3192197906755471,0.019056886834529458
5,Rbbp8,22.990503,2.797581,5.801361818301521e-117,1.3594047049214275e-114,0.384395813510942,0.09731176255929935
5,Lrrk1,22.79776,2.720878,4.825912198038556e-115,1.117041733611843e-112,0.38058991436726924,0.08754003973563639
5,Tmeff2,22.747398,2.9809227,1.5227075070340781e-114,3.510303164292609e-112,0.36726926736441484,0.07172687831975023
5,Osr1,22.55906,4.7451143,1.0942467113789134e-112,2.4725199203423295e-110,0.31303520456707895,0.01917852653772858
5,Tango6,22.553598,2.3711772,1.2379877376525775e-112,2.7862553268646405e-110,0.422930542340628,0.1654299963508089
5,Me3,22.407476,5.5388923,3.327684350294694e-111,7.430653905495301e-109,0.30352045670789723,0.010663747313789888
5,Hjurp,22.387947,2.5605862,5.1580738970366806e-111,1.1472886162936158e-108,0.3905803996194101,0.1176255929935531
5,Dock5,22.108662,2.5443547,2.608925743770297e-108,5.670032090687957e-106,0.3877259752616556,0.11973401451567124
5,Myof,21.77484,2.0965364,4.018748380294833e-105,8.506749127225579e-103,0.42102759276879165,0.14000729838219195
5,Zfhx4,21.429548,2.421976,7.086576734315311e-102,1.4835175214288535e-99,0.38534728829686016,0.1230182865020476
5,Tmtc2,21.39469,2.5742877,1.49720003974607e-101,3.1113893234737584e-99,0.3725023786869648,0.10375866682885294
5,Asic2,21.28759,5.2333913,1.479443446819632e-100,3.008606760905595e-98,0.291151284490961,0.013461460487369745
5,Bnc1,21.280113,6.6795664,1.7352518736607203e-100,3.516262524488081e-98,0.2830637488106565,0.00433848274743543
5,Nkain4,21.275072,5.195506,1.9321576639624003e-100,3.901382607932023e-98,0.2906755470980019,0.013258727648704538
5,Gabra3,21.080906,3.7302327,1.1908336080552299e-98,2.3626221768736184e-96,0.31018078020932444,0.03543770019867818
5,Pla2g4a,21.06644,3.6670763,1.6163656941644162e-98,3.1846878543742567e-96,0.3106565176022835,0.036937923204800716
5,Fmo2,21.014183,3.6052382,4.8654673247659874e-98,9.55326120481035e-96,0.31588962892483347,0.04569598183513766
5,Gli3,20.951159,2.691085,1.8311928954615345e-97,3.583159953968221e-95,0.34443387250237867,0.0666991039208531
5,Baiap2l1,20.898825,3.3532445,5.487874120689753e-97,1.0701542476239563e-94,0.3173168411037108,0.04610144751246807
5,Stk26,20.837671,5.7719736,1.9720268867201376e-96,3.8064129815841135e-94,0.28068506184586106,0.008068766978875238
5,Pitpnc1,20.798676,1.7226076,4.4491819195991635e-96,8.501371398788455e-94,0.4686013320647003,0.18858208652637554
5,Spock3,20.752087,6.360218,1.1738653557891821e-95,2.2280355741330604e-93,0.27735490009514746,0.0057576126180918785
5,Nckap5,20.60715,1.9848872,2.3677292171324438e-94,4.44953364200457e-92,0.42150333016175073,0.17625592993553096
5,Fbln1,20.542395,4.3752203,9.001255191899712e-94,1.6859883943485577e-91,0.28924833491912466,0.021570774033978023
5,Gabrb1,20.474636,4.3115454,3.6243841331831002e-93,6.744315585868591e-91,0.29019980970504283,0.02347646271743097
5,Ezr,20.45904,3.188548,4.991219882331207e-93,9.25749352833294e-91,0.31636536631779255,0.05133195475003041
5,Eya2,20.419916,2.7024524,1.1125355598436398e-92,2.043512493969571e-90,0.33539486203615604,0.06661801078538701
5,Pkia,20.380054,3.643466,2.5137375353742538e-92,4.587651570568762e-90,0.3011417697431018,0.03649191095973726
5,Gm56555,20.37433,3.8583848,2.8255221694386315e-92,5.14019354153371e-90,0.2973358705994291,0.03470786197948344
5,Nfkbiz,20.29366,2.8769145,1.4628969464428728e-91,2.6194595920567176e-89,0.3334919124643197,0.07939017962129506
5,Sema3a,20.062075,3.690951,1.5833746267309854e-89,2.799966913685995e-87,0.29638439581351095,0.037627214856262414
5,Mras,20.016073,3.1039991,3.989464004906441e-89,7.032943340661846e-87,0.3149381541389153,0.05931962859343957
5,Prss23,19.9709,3.89203,9.866060514866506e-89,1.733899233879672e-86,0.2887725975261656,0.028869156225925476
5,Anxa3,19.92811,2.9684944,2.3216535803952624e-88,4.055131181634559e-86,0.3168411037107517,0.05858979037424482
5,Mdfic2,19.88855,6.314006,5.11328398943835e-88,8.84971135691821e-86,0.2659372026641294,0.005717066050358837
5,Pcnx2,19.88787,6.072552,5.182859325101832e-88,8.942945237291618e-86,0.2664129400570885,0.005919798889024044
5,Adgrf5,19.872185,3.535128,7.085003647557233e-88,1.2188132709835541e-85,0.29257849666983826,0.030896484612577546
5,Spock2,19.770975,5.3164935,5.294301484170931e-87,9.080205446089668e-85,0.2687916270218839,0.010298828204192515
5,Kifc3,19.742495,2.3141723,9.306684852668574e-87,1.5913872138012052e-84,0.351569933396765,0.09200016218627093
5,Rras2,19.713915,1.8284861,1.6379031517507676e-86,2.792330639635942e-84,0.4257849666983825,0.19701577261484815
5,Ablim3,19.56738,3.687217,2.933717583294106e-85,4.927693596175507e-83,0.2830637488106565,0.024773952884888293
5,Serping1,19.559801,2.7082849,3.404074121216682e-85,5.700923074594091e-83,0.3230256898192198,0.0709159469650894
5,Pld1,19.359634,2.2692277,1.690804969821115e-83,2.7429095665693476e-81,0.3549000951474786,0.11239508575599076
5,Plcxd3,19.271511,3.8034403,9.317417720608443e-83,1.5029549077313466e-80,0.28068506184586106,0.028788063090459393
5,Col6a6,19.193918,3.0088,4.160542782404978e-82,6.673393424589349e-80,0.3006660323501427,0.04853424157645055
5,Ppm1l,19.182732,2.4934962,5.159700342796933e-82,8.25276677582023e-80,0.34443387250237867,0.11385476219438025
5,Sdk1,19.140728,1.7631806,1.15644382439282e-81,1.8445117032143294e-79,0.4462416745956232,0.22998013218181082
5,Col1a1,19.08441,2.6668513,3.402952056294069e-81,5.4124998055151e-79,0.3154138915318744,0.06767222154644609
5,Filip1,18.993183,3.6359503,1.9419099796081724e-80,3.0800639595785223e-78,0.2787821122740247,0.030653205206179295
5,Ptprq,18.96809,6.443732,3.1307654744312795e-80,4.95191435776643e-78,0.2530922930542341,0.004703401857032802
5,Itgbl1,18.801235,3.6496627,7.377733398867914e-79,1.1415639061547224e-76,0.27497621313035203,0.027977131735798563
5,Antxr1,18.783186,2.8997521,1.0367005913965248e-78,1.5997498204528325e-76,0.29638439581351095,0.04893970725378097
5,Gata6,18.720497,2.3465333,3.3699107646329327e-78,5.172131774904685e-76,0.3401522359657469,0.11328711024611766
5,Tpm1,18.69105,2.9928234,5.854942368144079e-78,8.961996596357312e-76,0.2982873453853473,0.058833069780643066
5,Col6a5,18.670889,3.2277544,8.541825102119454e-78,1.3039679976937905e-75,0.2844909609895338,0.03949235697198232
5,Col5a2,18.645477,1.7063196,1.374233911151648e-77,2.086673416930293e-75,0.42102759276879165,0.1975428779953777
5,Rhoj,18.401775,2.280237,1.2712863457773457e-75,1.8802159951924116e-73,0.3235014272121789,0.07768722377650732
5,Rab6b,18.34167,3.141627,3.847933143535072e-75,5.676299511037061e-73,0.2830637488106565,0.04464177107407858
5,F11r,18.338602,2.6400337,4.0712721455294956e-75,5.990240497121318e-73,0.307802093244529,0.07363256700320318
5,Ptk2b,18.280512,1.6007757,1.183092986625274e-74,1.7317865745868825e-72,0.43054234062797336,0.2260471151117058
5,Eml1,18.263779,3.501424,1.6077182048500627e-74,2.3473098026248055e-72,0.27117031398667935,0.03272108016056441
5,C330020E22Rik,18.217693,4.639501,3.735737777333097e-74,5.440323395885522e-72,0.2521408182683159,0.013461460487369745
5,Gpc3,18.159113,3.0936298,1.0876695107234959e-73,1.5759030435141625e-71,0.2821122740247383,0.04488505048047683
5,Rtn1,17.907501,3.3460457,1.0306071493123192e-71,1.4781814027454098e-69,0.2687916270218839,0.03401857032802173
5,Usp53,17.874805,1.830199,1.8532153600092977e-71,2.651355171213302e-69,0.3820171265461465,0.17435024125207801
5,Mctp2,17.874279,3.2217267,1.870789471213411e-71,2.6697900571519507e-69,0.27069457659372026,0.03632972468880509
5,Mbp,17.847559,2.1490815,3.019485566798333e-71,4.2983131914765966e-69,0.33777354900095147,0.1171390341807566
5,Plac9,17.476816,2.1669476,2.1518416391986825e-68,2.9812169045647733e-66,0.31874405328258804,0.09045939261241535
5,Xkr4,17.474829,2.8989356,2.228164604080377e-68,3.079464095168465e-66,0.2821122740247383,0.057657219316384865
5,Myo5b,17.290802,2.1384535,5.5180032555196675e-67,7.445512402193018e-65,0.31826831588962895,0.08855370392896242
5,Aebp1,17.179434,3.719435,3.7858330182226545e-66,5.060307931704605e-64,0.25118934348239774,0.028017678303531607
5,Igfbp4,17.146326,1.682865,6.695396223938636e-66,8.907536364189016e-64,0.38534728829686016,0.18752787576531646
5,Hmgcs2,17.008024,3.2960248,7.161322310441595e-65,9.43918642775127e-63,0.25737392959086586,0.036045898714673806
5,Pde4dip,16.928228,1.7959555,2.7863836971616116e-64,3.6223624223762405e-62,0.36726926736441484,0.17106596926570167
5,Rarres2,16.859451,2.6923773,8.941431963482669e-64,1.15449904179743e-61,0.2821122740247383,0.06888861857843734
5,S100a6,16.784348,2.052971,3.1770002845122153e-63,4.0927957737649334e-61,0.3268315889628925,0.11924745570287475
5,Slpi,16.746716,3.677537,5.984076758992228e-63,7.674308890400371e-61,0.25071360608943866,0.036045898714673806
5,Trerf1,16.735056,1.4007745,7.278826176394392e-63,9.313789692361193e-61,0.4110371075166508,0.18627093216559218
5,Gsdme,16.456978,2.45164,7.47397987362143e-61,9.353316219425888e-59,0.2940057088487155,0.09183797591533877
5,Fbxl7,16.391811,1.5390836,2.1882756206926238e-60,2.7087522199534496e-58,0.3943862987630828,0.1955966427441917
5,Tfdp2,16.348854,1.5528978,4.4324015335256465e-60,5.462886920356793e-58,0.3934348239771646,0.21112597818594656
5,C1s1,15.871905,2.2995331,9.918412082994708e-57,1.1549372237582855e-54,0.2844909609895338,0.08368811580099744
5,Laptm4a,15.835801,1.4557043,1.7620011452428527e-56,2.039229821367343e-54,0.39866793529971456,0.23208855370392897
5,St3gal6,15.586666,1.8848245,8.969406989837092e-55,1.0073510915351359e-52,0.32112274024738346,0.13287110246117667
5,Usp54,15.375141,2.156382,2.40317590266442e-53,2.6467937925263973e-51,0.28972407231208375,0.09864979929448972
5,Dab2,15.20361,1.2110891,3.346590610025181e-52,3.6348177820036405e-50,0.4167459562321599,0.20025949803349147
5,Fmn1,15.177135,2.4107213,5.011939576589266e-52,5.425567517691434e-50,0.2592768791627022,0.06118477070915947
5,Ntn1,15.129472,1.9622974,1.0352274176728129e-51,1.1059452981183424e-49,0.29019980970504283,0.09232453472813526
5,Ccdc85a,15.089314,2.3264978,1.904105429639247e-51,2.02657321998296e-49,0.26784015223596574,0.07407857924826663
5,Ccdc171,15.011562,2.0273478,6.167779148734607e-51,6.4796958027324215e-49,0.29638439581351095,0.11101650245306735
5,Epb41l4a,15.003904,2.513768,6.92245138502289e-51,7.259140042625938e-49,0.25166508087535683,0.05534606495560151
5,Rprd1a,14.750146,1.6449951,3.0699869035390393e-49,3.1496959328723684e-47,0.3439581351094196,0.17674248874832746
5,Prdm5,14.746905,2.376313,3.2209838543499066e-49,3.2986698138585976e-47,0.25784966698382494,0.06872643230750516
5,Bcr,14.557828,1.8375973,5.208664484074276e-48,5.221594443444953e-46,0.30589914367269266,0.1318168917001176
5,Dpysl2,14.497547,2.0137677,1.255577143355055e-47,1.2520808777544691e-45,0.27450047573739295,0.08628309613591209
5,Ddr2,14.48862,1.5283004,1.429865826057868e-47,1.4209073298701756e-45,0.32159847764034255,0.13185743826785062
5,Mid1,14.421929,1.246985,3.7666324579877357e-47,3.717085247665159e-45,0.4100856327307326,0.24579329359769694
5,Rnf213,14.399893,1.6399319,5.182374760056096e-47,5.1053564223590685e-45,0.3339676498572788,0.16899809431131654
5,Syn3,14.265221,2.3640141,3.604492025135852e-46,3.514441445261311e-44,0.26070409134157946,0.08340428982686615
5,Enox1,14.261706,1.6853517,3.790696013045098e-46,3.689675584253007e-44,0.31588962892483347,0.13980456554352674
5,Gm20186,14.216214,2.420722,7.267946653723521e-46,7.038165823293724e-44,0.2530922930542341,0.07574098852532134
5,Slc8a1,13.974738,1.1652967,2.223289421941054e-44,2.0890482339066922e-42,0.4077069457659372,0.22779061752422658
5,Akt3,13.949602,1.2232192,3.1636463239590825e-44,2.957983338793992e-42,0.3820171265461465,0.19555609617645867
5,Prlr,13.903002,1.3490118,6.073979611199261e-44,5.660531473670985e-42,0.3877259752616556,0.2463203989782265
5,Ubtd2,13.821655,2.1436603,1.8867960267606026e-43,1.7526272848250485e-41,0.25689819219790677,0.08101204233061671
5,Mcu,13.766262,1.3630959,4.0671894472841615e-43,3.771821405827483e-41,0.3587059942911513,0.19543445647325955
5,Eps8,13.471273,1.1548773,2.308513493897238e-41,2.057105897590026e-39,0.37392959086584204,0.1859060130559948
5,Kiz,13.471016,1.5044761,2.316573263779843e-41,2.0578470860044935e-39,0.3458610846812559,0.1980294368081742
5,Dtnb,13.413805,1.8245809,5.01961451657613e-41,4.4188753987591944e-39,0.2702188392007612,0.09779832137209585
5,Slc16a1,13.413784,2.1660025,5.02100838235577e-41,4.4188753987591944e-39,0.252616555661275,0.08583708389084864
5,Smo,13.137813,1.4272676,1.9992208342963905e-39,1.7170080471443556e-37,0.3325404376784015,0.18185135628269067
5,Zfp521,12.998505,1.2631665,1.247589298394137e-38,1.0618681949157032e-36,0.3525214081826832,0.19543445647325955
5,Phldb2,12.99048,1.694294,1.3855394253995277e-38,1.1775223943533508e-36,0.2668886774500476,0.09479787535985079
5,Serpinh1,12.919445,1.600941,3.4965332428811086e-38,2.9408581888167383e-36,0.29686013320647003,0.1419129870656449
5,Map1b,12.770359,1.74136,2.4004474933962156e-37,1.9953851200215172e-35,0.2592768791627022,0.09159469650894052
5,Hpcal1,12.717235,1.3354063,4.743551193239821e-37,3.92021115376297e-35,0.3120837297811608,0.1452378056197543
5,Ptprk,12.437458,1.1032915,1.6362956398491178e-35,1.2976644850786715e-33,0.37345385347288296,0.21915419859708876
5,Dcbld2,12.416763,1.853899,2.119642597561832e-35,1.6786449116518537e-33,0.252616555661275,0.09763613510116369
5,Dtna,12.2530575,1.6722887,1.6177996755845785e-34,1.2619059085953626e-32,0.269267364414843,0.11839597778048089
5,Sec24d,12.213392,1.1787848,2.636620409678654e-34,2.048182847851463e-32,0.3525214081826832,0.21270729432753518
5,Cacna1c,12.151438,1.7460992,5.636549840017517e-34,4.366677339325679e-32,0.2730732635585157,0.12727567611401694
5,Crybg3,12.105134,1.5436202,9.920712146678165e-34,7.654407457235791e-32,0.2797335870599429,0.1310465069131898
5,Ankrd28,12.085041,1.1792698,1.2670639306882113e-33,9.749714496934789e-32,0.3553758325404377,0.22033004906134696
5,Ksr1,11.5453415,1.3483878,7.793148804865722e-31,5.624203879567288e-29,0.3016175071360609,0.16470015813161415
5,Zfp516,11.542145,1.4202063,8.088300969664985e-31,5.82982209511005e-29,0.2887725975261656,0.15213072213437132
5,Mfhas1,11.4371195,1.4296176,2.7279152525691965e-30,1.9513847034741536e-28,0.26117982873453854,0.10963791915014394
5,Zfp185,11.231745,1.4380326,2.8479904316005036e-29,1.9922287858202e-27,0.27402473834443386,0.1376961440214086
5,Hspa5,11.201483,1.1454107,4.009659174646563e-29,2.801398810595705e-27,0.3430066603235014,0.22187081863520253
5,Ryk,10.960092,1.2564261,5.943900668421267e-28,4.0100906156466276e-26,0.3049476688867745,0.1805133195475003
5,Cstpp1,10.958737,1.5184207,6.033508270731261e-28,4.065727744895962e-26,0.25118934348239774,0.11320601711065158
5,Bmpr1b,10.837637,1.0113372,2.2829120478915642e-27,1.5221463105268567e-25,0.3087535680304472,0.15545554068848072
5,Cfh,10.826355,1.1545929,2.5823126891472666e-27,1.719759845996895e-25,0.291151284490961,0.15050885942504966
5,Plscr4,10.7131605,1.3637305,8.829485691917466e-27,5.805539778100143e-25,0.2687916270218839,0.1380205165632729
5,Gm20528,10.638684,1.2808057,1.9688955431186136e-26,1.285675242210057e-24,0.2987630827783064,0.1804322264120342
5,Myh9,10.621711,1.0845182,2.3619324483496276e-26,1.5370376633311558e-24,0.329686013320647,0.20877427725743017
5,Ppp2r2b,10.543601,1.0589956,5.437617331465859e-26,3.502526792658342e-24,0.27830637488106563,0.12950573733933424
5,Or5m3b,10.422214,1.3024329,1.9632961111231768e-25,1.2449002657401427e-23,0.263558515699334,0.13128978631958804
5,Shroom3,10.367549,1.0024444,3.4834372124769585e-25,2.1917171084602266e-23,0.35299714557564227,0.239954587844139
5,Zfp36l2,10.329309,1.1568185,5.19332683434785e-25,3.2567535602929615e-23,0.3073263558515699,0.1904066820743624
5,Tgfbr2,10.238317,1.0218613,1.3354023363192612e-24,8.2651243948212e-23,0.31588962892483347,0.18837935368771033
5,Pced1b,10.149012,1.1234032,3.347378790012274e-24,2.032015945438048e-22,0.3039961941008563,0.1859871061914609
5,Ddo,9.973561,1.2550772,1.9896456322706008e-23,1.178901268960669e-21,0.2630827783063749,0.13972347240806066
5,P4ha1,9.92066,1.2784848,3.3851145986997215e-23,1.9912377103776948e-21,0.2721217887725975,0.1566313911527389
5,Atg3,9.894043,1.0152137,4.418164598365261e-23,2.5962302414397965e-21,0.3368220742150333,0.2366297692900296
5,Arap2,9.719594,1.0789467,2.4877136974105045e-22,1.4250795336443816e-20,0.3006660323501427,0.1894335644487694
5,Klf7,9.602893,1.228685,7.773150045732251e-22,4.3736258572533604e-20,0.25404376784015226,0.1329927421643758
5,Cep112,9.530151,1.0027448,1.5705351306092073e-21,8.733187585158094e-20,0.30304471931493815,0.18574382678506265
5,Ppp1r13b,9.03882,1.1696001,1.583723190655318e-19,8.26569955995458e-18,0.26117982873453854,0.15468515590155293
5,Igf2r,8.640528,1.1145842,5.59539586048751e-18,2.7161759223531055e-16,0.25451950523311134,0.15148197705064267
5,Pdia3,7.800119,1.011598,6.184891697262077e-15,2.581833059973971e-13,0.25118934348239774,0.15999675627458135
6,Cdh13,28.439013,6.5129237,6.663618836076501e-178,1.8971656007251603e-173,0.6303763440860215,0.03458744859920833
6,Mecom,27.734476,7.9290648,2.681964518539671e-169,5.090458055005581e-165,0.6021505376344086,0.012912647477037777
6,Ldb2,23.96793,5.2555647,6.008883975462743e-127,4.276898280585301e-123,0.5443548387096774,0.03919910841243611
6,Etl4,23.699688,3.6915905,3.632439224475991e-124,2.068347218808874e-120,0.6196236559139785,0.1569501556435187
6,Adgrf5,23.491238,5.207993,5.012991423123637e-122,2.3787062052006917e-118,0.532258064516129,0.03770031897313708
6,Ptprb,22.648024,7.4505672,1.4591030311082867e-113,5.538852379622464e-110,0.49193548387096775,0.0077245301871565275
6,Fbxl7,22.442347,3.197383,1.5200706338982742e-111,5.409646372800102e-108,0.6129032258064516,0.19972330041120634
6,Adgrl4,22.35175,7.958371,1.161062068584718e-110,3.888943249840143e-107,0.4838709677419355,0.005572422274316898
6,Prex2,22.056784,4.473851,8.222704057142467e-108,2.6011610650986067e-104,0.521505376344086,0.07071211713615926
6,Cyyr1,21.939339,7.7336674,1.0948054840389485e-106,3.2810167929821985e-103,0.47580645161290325,0.006648476230736712
6,Flt1,21.812925,8.108877,1.749251646908833e-105,4.980206901331793e-102,0.4717741935483871,0.004880673302332731
6,Arhgap31,21.440239,3.7142112,5.632374628511523e-102,1.5272049701051175e-98,0.5376344086021505,0.10602974520579532
6,Pkp4,21.259901,3.8662608,2.6697673914934367e-100,6.909964774501264e-97,0.532258064516129,0.11840436570462319
6,Ablim3,20.41034,5.2066293,1.3534006399720957e-92,2.9639994554096575e-89,0.46236559139784944,0.03312708965835287
6,Shank3,19.352547,6.381181,1.9401488287394342e-83,3.0687226238125592e-80,0.42473118279569894,0.011721302025287268
6,Ccdc85a,19.248411,4.2374225,1.455582501541589e-82,2.2400627897372872e-79,0.46639784946236557,0.07851350832020292
6,Pecam1,18.99545,5.4987884,1.859887906564742e-80,2.6475969321925742e-77,0.42473118279569894,0.020329733676645787
6,Fli1,18.941475,3.3421476,5.192207231703768e-80,7.210962731230347e-77,0.4959677419354839,0.10568387071980323
6,Sema6a,18.543966,4.542917,9.123758496532751e-77,1.1544798501134919e-73,0.4314516129032258,0.04177395180815495
6,Prkch,18.10289,4.07601,3.0237642656159097e-73,3.513799205070113e-70,0.43413978494623656,0.05522462626340264
6,Rasal2,18.013544,2.7345955,1.5254425693040494e-72,1.7372045067748374e-69,0.5228494623655914,0.21071442296606588
6,Dach1,17.843529,3.8749943,3.2454341009468394e-71,3.553812752731038e-68,0.44086021505376344,0.0765535528995811
6,Kalrn,17.62665,4.1728945,1.538130492379409e-69,1.592412515755926e-66,0.4206989247311828,0.0531878098458937
6,Itpkb,17.588211,3.3842967,3.0330679389725495e-69,3.0840343127327846e-66,0.45026881720430106,0.08631489950424658
6,Ets1,17.5162,4.288495,1.0779011126239373e-68,1.0229461208986603e-65,0.4112903225806452,0.0407363283501787
6,Dgkh,17.018406,3.289677,5.998179609874149e-65,5.09764694277379e-62,0.4422043010752688,0.09938126897505861
6,Dysf,16.937319,4.5881586,2.3876161768641127e-64,1.9993125401002857e-61,0.3951612903225806,0.04334960224434111
6,Gfod1,16.75909,4.0673437,4.8599474354903265e-63,3.897609393299361e-60,0.40456989247311825,0.061411936512816574
6,Rapgef5,16.40485,3.6256106,1.7656173360932912e-60,1.2567002091811012e-57,0.40725806451612906,0.0636793359209869
6,Galnt18,16.261278,2.960582,1.8582005946846917e-59,1.25961666740406e-56,0.45161290322580644,0.13177817916298373
6,Myo10,16.130133,3.5379004,1.5668558152430854e-58,1.0374225229739132e-55,0.41263440860215056,0.09415472118673379
6,Plekhg1,15.631451,2.8396454,4.4456847576876245e-55,2.751540606385772e-52,0.43413978494623656,0.1175204642404212
6,Rnf220,15.259397,3.6013396,1.4256086628881437e-52,7.95839047779547e-50,0.3911290322580645,0.08739095346066639
6,Epas1,14.740385,2.7552474,3.547546510548038e-49,1.8878583724964095e-46,0.41935483870967744,0.14457553514469082
6,Itga1,14.619759,3.196338,2.1014447657781696e-48,1.0780033009745473e-45,0.38306451612903225,0.09200261327389417
6,Mcc,14.594179,2.6943765,3.058734743724279e-48,1.5550662057357514e-45,0.41801075268817206,0.12466853695092425
6,Nxn,14.486028,3.1419165,1.4848493525456957e-47,7.482195308257032e-45,0.3803763440860215,0.08039660274393759
6,Bmp6,14.416856,4.407537,4.0539226471535123e-47,2.0072557343614618e-44,0.33736559139784944,0.03354982514123208
6,Pitpnc1,14.27416,2.0418782,3.1708477798572298e-46,1.4799282248594303e-43,0.4905913978494624,0.20256715729603014
6,Timp3,13.937214,3.0730345,3.76344880459313e-44,1.661197971956104e-41,0.3696236559139785,0.08416279159140694
6,Cdh5,13.753795,6.3286047,4.832694423829721e-43,2.0690109262202116e-40,0.3010752688172043,0.006571615233849583
6,St6galnac3,13.646425,4.6160398,2.1202688748561672e-42,8.748567391535146e-40,0.31451612903225806,0.023288882056800277
6,Elmo1,13.112776,2.1077743,2.7822725932900553e-39,1.0561692248968603e-36,0.4381720430107527,0.18235271511471504
6,Btnl9,12.806322,7.082075,1.5112896517472245e-37,5.34499031429433e-35,0.2782258064516129,0.0038046193459129163
6,Kitl,12.73838,2.4904249,3.6182842551240387e-37,1.2639799004356925e-34,0.37768817204301075,0.12628261788555398
6,Pdgfd,12.690046,2.5731757,6.714644694643176e-37,2.3172035367131943e-34,0.37231182795698925,0.11844279620306675
6,Eng,12.655164,5.1800685,1.047564608848748e-36,3.571818945656081e-34,0.28360215053763443,0.01356596595057838
6,Myo1b,12.581544,2.337276,2.66766085226266e-36,8.935251564040478e-34,0.4018817204301075,0.17470504592444563
6,Lnx1,11.851049,2.9105172,2.1251168976056173e-32,6.2697555060394536e-30,0.31586021505376344,0.06660005380269782
6,Mef2c,11.727143,2.3388052,9.252892763440328e-32,2.647582747955054e-29,0.3467741935483871,0.10011144844548633
6,Crim1,11.632002,1.7471927,2.833716281094481e-31,7.948504372502505e-29,0.4422043010752688,0.23719303639368203
6,Elk3,11.605932,3.169476,3.8447670267145425e-31,1.0679262403324525e-28,0.2956989247311828,0.05076668844394912
6,Egfl7,11.574833,5.071985,5.527915233859348e-31,1.513293371784544e-28,0.2620967741935484,0.016409822835402176
6,Mcf2l,11.488368,4.460463,1.509365858319874e-30,4.073213333582557e-28,0.2647849462365591,0.020637177664194303
6,Myo1d,11.322587,1.8997273,1.0143316698562268e-29,2.698928019312309e-27,0.40591397849462363,0.197455901003036
6,Gm12002,11.217242,5.437682,3.3557345731606236e-29,8.64610327286602e-27,0.25,0.010568387071980323
6,Hecw2,11.126468,3.7499404,9.325792998389102e-29,2.3600887960945506e-26,0.2661290322580645,0.029015026324891433
6,Klf7,11.043314,2.1217265,2.361584569152706e-28,5.89785030491773e-26,0.3548387096774194,0.13642826947465508
6,Limch1,11.031806,2.489164,2.684207187996282e-28,6.674298755095908e-26,0.3239247311827957,0.09984243495638138
6,Rhoj,10.947069,2.3939211,6.863275517817649e-28,1.6489526213504421e-25,0.31989247311827956,0.09061911532992582
6,Lims2,10.893315,1.8600576,1.2404039472585566e-27,2.955223479533451e-25,0.3978494623655914,0.2078321355827985
6,Myh9,10.837154,1.8025111,2.2949969557437483e-27,5.377753977654518e-25,0.40053763440860213,0.21305868337112333
6,Kdr,10.817657,3.6956697,2.8394316803692133e-27,6.545752198862485e-25,0.2620967741935484,0.0338572691287806
6,Plpp1,10.720848,2.649149,8.125442313200096e-27,1.84331000301166e-24,0.29973118279569894,0.0780907728373237
6,Cdk17,10.570217,1.8474729,4.095453305682247e-26,8.900733079345528e-24,0.38844086021505375,0.20241343530225586
6,Ptprk,10.478238,1.6779398,1.0875128569735907e-25,2.3020100218934284e-23,0.4099462365591398,0.22616348334037892
6,Adgrl2,10.34391,2.1641417,4.459608199480526e-25,9.233983654058932e-23,0.3346774193548387,0.13834979439683331
6,Zbtb46,10.261541,2.5506208,1.0501731920549028e-24,2.151004019021519e-22,0.3010752688172043,0.09684485607778333
6,Ccser1,10.164485,3.114132,2.856286119456508e-24,5.726753096055387e-22,0.26344086021505375,0.05065139694861842
6,Tjp1,10.1531515,1.7785164,3.2083157119927165e-24,6.387577096383821e-22,0.3870967741935484,0.21628684524038277
6,Prkg1,10.140486,2.548168,3.6527849724334e-24,7.210483208360388e-22,0.32526881720430106,0.13589024249644518
6,Slfn5,10.034178,3.0905194,1.0785415460373339e-23,2.0471078057637276e-21,0.25806451612903225,0.04673148610737481
6,Lmo7,9.903741,2.5010183,4.009880629003618e-23,7.437348954270196e-21,0.28225806451612906,0.07713001037623458
6,Akt3,9.768959,1.5215368,1.5301629760312612e-22,2.783674441475912e-20,0.3951612903225806,0.2049114177010876
6,Vav3,9.047339,1.588394,1.4649459180699466e-19,2.2303605754230165e-17,0.3387096774193548,0.1469966565466354
6,Wipf1,8.686082,1.641755,3.751555419554282e-18,5.122717437526147e-16,0.31989247311827956,0.14134737327543137
6,Lrrc8c,8.358974,2.2642188,6.326582973175957e-17,7.900043006044128e-15,0.25,0.07724530187156528
6,Exoc6,8.356292,1.6721531,6.472062943995545e-17,8.04641345183516e-15,0.3346774193548387,0.18719495791860422
6,Sp100,8.273092,2.1609511,1.3052873751553425e-16,1.5847413311027795e-14,0.25268817204301075,0.08108835171592176
6,Raph1,7.7322335,1.5835785,1.0567600146646473e-14,1.1000543326329008e-12,0.3010752688172043,0.1523384958302909
6,Cald1,7.2212925,1.2753712,5.149576202567937e-13,4.706780047905538e-11,0.34946236559139787,0.22681680181391953
6,Spred2,7.131457,1.4109155,9.931203266408908e-13,8.835822581134213e-11,0.3024193548387097,0.16805656969370894
6,Nav1,7.0316696,1.0621206,2.0407660713896306e-12,1.7579918437367163e-10,0.3696236559139785,0.2272779677952423
6,Ppp1r2,6.7981973,1.7193677,1.059363373913538e-11,8.519944897459147e-10,0.25806451612903225,0.12785826832174013
6,Cacna1c,6.645809,2.0724192,3.015553543139754e-11,2.304813883220412e-09,0.2540322580645161,0.1354290765151224
6,Prickle2,6.496338,1.2637064,8.229880935420169e-11,6.031115191039381e-09,0.29973118279569894,0.17478190692133277
6,Yes1,6.3592286,1.4282751,2.0276922579632946e-10,1.4219067101069946e-08,0.2862903225806452,0.17581953037930903
6,Lyn,6.293522,1.202555,3.1034256005486696e-10,2.1213944432273927e-08,0.28763440860215056,0.15910226355635831
6,Rnf144a,5.953347,1.3206508,2.6271334224904003e-09,1.6189567555197608e-07,0.2903225806451613,0.19099957726451713
6,Ebf3,5.9452095,1.3685296,2.7610347644613627e-09,1.6904954894967147e-07,0.27956989247311825,0.17681872333884172
6,Hspg2,5.916379,1.2843192,3.291060306335664e-09,1.9935772862027555e-07,0.28763440860215056,0.18661850044195072
6,Chst11,5.5553384,1.3760751,2.770746838403104e-08,1.503995192807542e-06,0.26344086021505375,0.1697090811267822
6,Rasgrf2,5.3018517,1.1706523,1.1463396614913484e-07,5.77132861759318e-06,0.29435483870967744,0.21398101533376887
6,Scarb1,5.052345,1.163356,4.364188428744126e-07,2.0072799137408666e-05,0.2768817204301075,0.19614926405595481
6,Tmod3,4.897748,1.1023356,9.694119302843166e-07,4.1628419850919515e-05,0.2728494623655914,0.19303639368202605
7,Arhgap15,30.870247,5.2892647,2.996904834994624e-209,1.7064675820942893e-204,0.8862275449101796,0.14247639354249161
7,Skap1,30.838856,7.9548974,7.902542285878846e-209,2.249893301501137e-204,0.812375249500998,0.02273073408467865
7,Ptprc,28.262745,5.17261,9.924810916635402e-176,1.8837621946804548e-171,0.7984031936127745,0.10196466646360036
7,Dock2,27.658041,4.8139215,2.233747780088539e-168,3.179795808650538e-164,0.8183632734530938,0.1233627779469997
7,Pitpnc1,23.216022,3.5995865,3.137035241284567e-119,2.977098727899742e-115,0.7465069860279441,0.20035028936947913
7,Runx1,23.10079,3.9161239,4.5461505834558605e-118,3.698033719608002e-114,0.7125748502994012,0.14312366737739873
7,Inpp4b,22.477701,5.744789,6.859997990123371e-112,4.882689319445186e-108,0.6227544910179641,0.06784952787084983
7,Ikzf1,22.066711,4.3478427,6.602130714828836e-108,4.1770213892563196e-104,0.6407185628742516,0.10139354249162351
7,Mir142hg,21.961025,5.180289,6.794892738439856e-107,3.869079874195038e-103,0.6067864271457086,0.04926896131586963
7,Elmo1,21.869581,3.4938738,5.062072949687092e-106,2.4019957985677724e-102,0.7045908183632734,0.17963752665245203
7,Gm2682,21.833128,9.452212,1.1245662587063681e-105,4.925686718230716e-102,0.5708582834331337,0.0044166920499543105
7,Kcnq5,21.812023,6.0384965,1.7840882050745658e-105,7.256269034653632e-102,0.592814371257485,0.0366661590009138
7,Ets1,21.185316,5.2750854,1.304455524736554e-99,4.12650011300134e-96,0.5828343313373253,0.040892476393542494
7,St6galnac3,20.512096,6.3380046,1.6789791790224507e-93,4.156641453596407e-90,0.5508982035928144,0.021474261346329578
7,Ripor2,20.503633,4.8563557,1.9980507801146434e-93,4.74045872793783e-90,0.5748502994011976,0.05890191897654584
7,Ccnd3,20.114346,3.2779,5.526321948488401e-90,1.210285761803377e-86,0.6626746506986028,0.1866052391105696
7,Prkcq,19.477581,8.031021,1.701274386600873e-84,3.3404229257738036e-81,0.5109780439121756,0.005406640268047517
7,Tnik,18.240244,5.402838,2.473524792817769e-74,3.706446716522016e-71,0.49700598802395207,0.02988882120012184
7,Ikzf3,17.27766,6.8723693,6.930348656619607e-67,9.395737687061358e-64,0.45708582834331335,0.007424611635699056
7,Cd226,17.055569,5.0196223,3.1776620010019883e-65,4.112255727251232e-62,0.47105788423153694,0.029964971063052088
7,Fli1,16.114714,3.1370902,2.0109494600544228e-58,2.1204717260177573e-55,0.5229540918163673,0.10878007919585744
7,Fyn,15.526198,3.7424567,2.3065295219445107e-54,2.15305077883676e-51,0.46506986027944114,0.07356076759061833
7,Gimap3,15.445475,7.8682375,8.093025781919338e-54,7.432660984649501e-51,0.405189620758483,0.003693268352116966
7,Arhgap45,15.209479,4.1693435,3.0596897115550173e-52,2.5620851744949154e-49,0.437125748502994,0.04911666159000914
7,Slc9a9,15.153019,2.8756697,7.236439133697847e-52,5.8864297244555584e-49,0.5169660678642715,0.11867956137678952
7,Prex1,15.095071,4.3214865,1.7449975446078195e-51,1.3611219888700526e-48,0.4291417165668663,0.043100822418519646
7,Camk4,14.925534,8.126678,2.2482689939286237e-50,1.684456378727497e-47,0.3912175648702595,0.0034267438318611025
7,Bcl11b,14.922412,6.0611205,2.356019559688638e-50,1.742261165561438e-47,0.3992015968063872,0.013897349984770027
7,Itk,14.912927,9.549302,2.715844628822708e-50,1.982601397561459e-47,0.38922155688622756,0.001142247943953701
7,Ppm1h,14.501148,2.289927,1.1913939837554617e-47,7.888274980118576e-45,0.5668662674650699,0.24051934206518427
7,Itga4,14.261047,3.9962528,3.826702399504244e-46,2.368437623154034e-43,0.4171656686626746,0.0557416996649406
7,Epsti1,14.186723,3.8353598,1.1071313619263503e-45,6.778620094564335e-43,0.42115768463073855,0.06267133719159305
7,Stat4,13.922899,7.8439345,4.598670540402469e-44,2.699514425165536e-41,0.3652694610778443,0.0032744441060006094
7,Bach2,13.537269,2.9521544,9.422776450771603e-42,4.9679843878091284e-39,0.45708582834331335,0.1411437709412123
7,Gimap8,13.128693,6.610608,2.255159546103934e-39,1.0700919976225343e-36,0.3473053892215569,0.005901614377094121
7,Grap2,13.032228,6.1879487,8.022990417943927e-39,3.6841701402269774e-36,0.3473053892215569,0.00917605848309473
7,Cd247,12.962833,6.6582947,1.9876723459225286e-38,8.842191488216775e-36,0.34331337325349304,0.007043862321047822
7,Gimap4,12.867592,7.067108,6.850475554259816e-38,2.977655943016093e-35,0.3393213572854291,0.005140115747791654
7,Sp100,12.788466,3.1658978,1.9018925606889095e-37,8.08176599240203e-35,0.40119760479041916,0.07984313128236369
7,Ptpn22,12.561446,4.3066654,3.439880911794421e-36,1.4193497028875807e-33,0.35528942115768464,0.032477916539750226
7,Prkch,12.536052,3.5167513,4.7403175682695594e-36,1.914315054289624e-33,0.37924151696606784,0.05977764240024368
7,Coro2a,12.522311,4.0846457,5.636965445414667e-36,2.2603834466715247e-33,0.36127744510978044,0.04371002132196162
7,Rcsd1,12.427986,3.4619555,1.8421768194266954e-35,7.284402102428851e-33,0.37524950099800397,0.05855924459335973
7,Pik3cd,12.375668,3.8274832,3.5393917922709077e-35,1.38038704139519e-32,0.36127744510978044,0.04401462077368261
7,Apbb1ip,12.363196,2.8558626,4.133853256643932e-35,1.6012635257589263e-32,0.4091816367265469,0.10200274139506549
7,Gm26740,12.303903,3.1496,8.630105915137813e-35,3.298032623582967e-32,0.3872255489021956,0.07234236978373439
7,Tox,12.176701,3.5026386,4.136831871266976e-34,1.502393542636624e-31,0.37325349301397204,0.07032439841608285
7,Osbpl3,12.114357,4.1034517,8.865706992835872e-34,3.174982527541304e-31,0.3473053892215569,0.037389582698751145
7,Ccdc88c,11.778756,3.3589756,5.022859136769881e-32,1.6532174688255131e-29,0.3592814371257485,0.06053914102954615
7,Lcp2,11.684904,3.9343648,1.5225119934359415e-31,4.9257588305815884e-29,0.3373253493013972,0.03799878160219312
7,St8sia4,11.666905,3.408291,1.8814327238959499e-31,6.052579702336682e-29,0.3532934131736527,0.05414255254340542
7,Il18rap,11.650182,8.017633,2.289693491889632e-31,7.28365570512221e-29,0.30538922155688625,0.0024367956137678953
7,H2-Q7,11.470895,4.796053,1.8473983268928817e-30,5.686092331438248e-28,0.31736526946107785,0.022692659153213526
7,Ms4a4b,11.459442,7.456408,2.1086900022121878e-30,6.455425667524957e-28,0.3013972055888224,0.0037694182150472128
7,Txk,11.346208,7.936087,7.744971787517691e-30,2.296908534130442e-27,0.29740518962075846,0.0022464209564422785
7,Il18r1,11.334084,5.3520937,8.89582195342388e-30,2.6245440303104104e-27,0.3073852295409182,0.014240024367956138
7,Fyb,11.271197,3.042125,1.820768129805874e-29,5.344142169034859e-27,0.35528942115768464,0.06529850746268656
7,Fam107b,11.247376,2.5229087,2.385844926129612e-29,6.931244690752359e-27,0.4031936127744511,0.13790740176667682
7,Apobec3,11.059785,3.2222161,1.965677860300354e-28,5.355390576237438e-26,0.3413173652694611,0.06015839171489491
7,Inpp5d,10.881107,2.7711196,1.4182902372529845e-27,3.7562262511359157e-25,0.35728542914171657,0.0769113615595492
7,Tmsb4x,10.754839,1.8221868,5.6232289374200666e-27,1.4620652005736805e-24,0.48303393213572854,0.24996192506853487
7,Il7r,10.717125,7.6628,8.459196452961859e-27,2.1503352911968803e-24,0.281437125748503,0.002855619859884252
7,Atp8b4,10.456182,3.71411,1.3727653099960863e-25,3.340454252841331e-23,0.3073852295409182,0.03856990557416996
7,Prkcb,10.437952,2.6526945,1.663601647187481e-25,4.0138619234111167e-23,0.36127744510978044,0.10611483399329881
7,Emb,10.434772,4.2866545,1.7202763224847415e-25,4.115724961285868e-23,0.2954091816367265,0.027680475175144686
7,Itgal,10.374159,5.438849,3.25063790907812e-25,7.617060624724988e-23,0.27944111776447106,0.010013706975327444
7,Plcl2,10.246018,1.932148,1.233187892892724e-24,2.786466341635103e-22,0.4351297405189621,0.2005787389582699
7,Bbs9,10.225393,2.362739,1.5260726750842197e-24,3.4076903604694334e-22,0.38323353293413176,0.14609351203167834
7,Zc3hav1,10.221512,2.3539684,1.5884435052869562e-24,3.5331078763493975e-22,0.3772455089820359,0.13908772464209565
7,Arhgef18,10.176476,2.3087633,2.525439830817307e-24,5.488590435365202e-22,0.38922155688622756,0.16197075845263478
7,Lef1,10.156092,3.8336024,3.113057203575472e-24,6.663931963488381e-22,0.2954091816367265,0.033924763935424915
7,Sema4d,10.13896,4.331745,3.7102880699480766e-24,7.883116156377367e-22,0.28542914171656686,0.02436795613767895
7,Tasp1,10.07244,2.176931,7.314069179218314e-24,1.531141224756875e-21,0.405189620758483,0.19292567773378008
7,Lcp1,10.070566,2.7205427,7.454765513035074e-24,1.5548783995521252e-21,0.3333333333333333,0.07653061224489796
7,Ppp3cc,10.021062,2.5657501,1.2317284304681074e-23,2.5319800923929424e-21,0.35728542914171657,0.12351507767286019
7,Cdk17,10.00798,1.9530462,1.405931227127699e-23,2.8796809353913056e-21,0.42115768463073855,0.20351050868108436
7,Il2rb,9.922326,7.2230554,3.329048219608596e-23,6.721962222437343e-21,0.26147704590818366,0.0037694182150472128
7,Nedd9,9.870819,1.9468671,5.570758141920637e-23,1.1091067809758845e-20,0.41317365269461076,0.1886993603411514
7,Adcy7,9.812436,3.3406043,9.953563445154237e-23,1.9611275298634166e-20,0.29740518962075846,0.04744136460554371
7,Septin11,9.74446,2.5383425,1.94811438121964e-22,3.79888975962423e-20,0.33532934131736525,0.0899710630520865
7,Stk10,9.725968,3.0902863,2.336717682612601e-22,4.495102755596085e-20,0.3033932135728543,0.05429485226926591
7,Cd44,9.66753,2.8562558,4.1425645374801477e-22,7.862725577621903e-20,0.31137724550898205,0.06392780992994213
7,Stk4,9.402857,2.136758,5.31014357247871e-21,9.56850902406678e-19,0.3652694610778443,0.14788303381053913
7,Ccr2,9.24111,3.2347002,2.4395401326138854e-20,4.2221840331661775e-18,0.281437125748503,0.042643923240938165
7,H2-D1,9.11607,1.8465941,7.789831207617477e-20,1.3280262838112177e-17,0.40119760479041916,0.20293938470910752
7,Adgre5,9.109293,2.530917,8.292087808038488e-20,1.4052374163021417e-17,0.32335329341317365,0.10504873591227536
7,AU020206,9.106739,3.6353295,8.48954442891995e-20,1.433922295350323e-17,0.2714570858283433,0.040245202558635396
7,Dock8,9.012262,2.1689272,2.0184958016912645e-19,3.3218257064769445e-17,0.33532934131736525,0.10558178495278708
7,Gng2,8.912631,2.7627714,4.983570686223353e-19,8.038795989921924e-17,0.2954091816367265,0.07100974718245508
7,Myo1f,8.86038,3.0737553,7.974235994520403e-19,1.2718794727282527e-16,0.2774451097804391,0.05178190679256777
7,Chn2,8.6317215,2.7512867,6.0435283366568596e-18,9.079803351387288e-16,0.281437125748503,0.058673469387755105
7,Iqgap2,8.608259,1.4864478,7.417828629561084e-18,1.0999442187391606e-15,0.4251497005988024,0.20632805360950351
7,Eml4,8.527313,1.6191924,1.4978630638844532e-17,2.1757607326695064e-15,0.4031936127744511,0.2187024063356686
7,Pim1,8.477767,3.0470178,2.2955647365968645e-17,3.275983751041656e-15,0.2754491017964072,0.06685957965275663
7,Vav3,8.431137,1.7952778,3.423215753710726e-17,4.81287230202574e-15,0.36127744510978044,0.14833993298812062
7,Arhgap30,8.311205,3.1644056,9.473531777731014e-17,1.2998370432669439e-14,0.25349301397205587,0.0391029546146817
7,Arhgef3,8.297543,1.4609754,1.062867048697797e-16,1.4513360340503896e-14,0.42714570858283435,0.24619250685348767
7,Dennd4a,8.271366,1.7421435,1.3243248577467246e-16,1.7827040596916372e-14,0.3932135728542914,0.22711696618946087
7,Spata13,8.269937,3.0126925,1.3403071681552267e-16,1.7999629825926124e-14,0.25948103792415167,0.048088638440450804
7,Elf4,8.194147,2.7596438,2.5237675850778604e-16,3.3342424608333746e-14,0.26746506986027946,0.05874961925068535
7,Itpkb,8.060771,2.2302506,7.581455473221043e-16,9.701025979790548e-14,0.2954091816367265,0.09263630825464514
7,Smad3,8.053641,1.5706906,8.03665619682814e-16,1.026043140142581e-13,0.40119760479041916,0.23766372220530002
7,Ugcg,7.99454,2.9005048,1.300582484722831e-15,1.6420502718980648e-13,0.2634730538922156,0.06392780992994213
7,Arsb,7.969563,2.0300791,1.5923621294751818e-15,1.9971518064856018e-13,0.3393213572854291,0.1649025281754493
7,Hsd11b1,7.7429423,2.699226,9.714211532793537e-15,1.162052350606716e-12,0.26147704590818366,0.06918215047212915
7,Crlf3,7.6037383,2.027171,2.8769657796527136e-14,3.322866297346961e-12,0.3093812375249501,0.13147273834907097
7,Serinc3,7.5758486,1.466448,3.567878258149305e-14,4.104213250450093e-12,0.3852295409181637,0.21862625647273834
7,Tle4,7.5236473,1.667155,5.326901594791761e-14,6.042213221295571e-12,0.34530938123752497,0.17674383186110265
7,Lrrfip1,7.4446793,2.1077356,9.718011490719355e-14,1.0871380988075655e-11,0.2874251497005988,0.10824703015534572
7,Chsy1,7.4259624,2.3690217,1.1196258868408007e-13,1.2476050415382003e-11,0.281437125748503,0.10516296070667072
7,Ubash3b,7.340087,2.2819328,2.13455451361217e-13,2.3464028679457643e-11,0.25948103792415167,0.0704005482790131
7,Wipf1,7.2209334,1.5633894,5.16319536457962e-13,5.4544992069485736e-11,0.3273453093812375,0.14285714285714285
7,Rftn1,7.0335846,1.8707838,2.0129363240799562e-12,2.0431124283322066e-10,0.281437125748503,0.10337343892780992
7,mt-Nd5,6.810355,1.5220147,9.735802248378272e-12,9.270339729513499e-10,0.3333333333333333,0.1781145293938471
7,Eya2,6.6711397,2.0172994,2.5382456463254443e-11,2.3386771091815066e-09,0.25349301397205587,0.08456442278403899
7,Aff3,6.6645436,1.7708683,2.6548894238617156e-11,2.4382590110340313e-09,0.28542914171656686,0.11925068534876637
7,Dtnb,6.5920234,1.8774824,4.3387295785157395e-11,3.9152393174368416e-09,0.2694610778443114,0.10832318001827597
7,Rab8b,6.4708385,1.4291507,9.746061122173066e-11,8.537699482425486e-09,0.3313373253493014,0.1864529393847091
7,Nlrc5,6.4456306,1.6480702,1.151206235517985e-10,1.0023063341992292e-08,0.3093812375249501,0.17103259214133415
7,Nck2,6.4146414,1.5558074,1.4115470478546483e-10,1.2178015219983565e-08,0.3193612774451098,0.1812366737739872
7,Pdcd4,6.382315,1.4219478,1.744302610697519e-10,1.5003373860381788e-08,0.3473053892215569,0.22087267742918062
7,Myh9,6.256481,1.3246162,3.9376008340622925e-10,3.311830562663826e-08,0.3473053892215569,0.21580871154431921
7,Ccnd2,6.2447486,1.597189,4.244818974335713e-10,3.544050399085775e-08,0.3073852295409182,0.17643923240938167
7,Tbc1d1,6.218686,1.4673339,5.013355853859729e-10,4.131193859256539e-08,0.2954091816367265,0.14087724642095645
7,Arap2,6.2157497,1.4891828,5.108011779629591e-10,4.190998540978221e-08,0.32335329341317365,0.19578129759366433
7,Iqgap1,5.882283,1.1637414,4.046451485424759e-09,2.9962157871465693e-07,0.36327345309381237,0.23994821809320743
7,Chst11,5.861798,1.5625162,4.578823912922488e-09,3.351192961770172e-07,0.2954091816367265,0.1699664940603107
7,Sorl1,5.754339,1.7172352,8.698140472594482e-09,6.179946737223478e-07,0.26746506986027946,0.13889734998477002
7,Rap1b,5.6436143,1.2416645,1.665166726440456e-08,1.1591229654064304e-06,0.3253493013972056,0.20118793786171185
7,Arpc2,5.619545,1.3301382,1.9146089069113008e-08,1.3214514638598348e-06,0.3073852295409182,0.18310234541577824
7,Tecpr1,5.360146,1.5917263,8.315479734161646e-08,5.338125496537748e-06,0.2634730538922156,0.14457051477307342
7,Pip4k2a,5.3424187,1.1509103,9.171463026837767e-08,5.84806580303661e-06,0.313373253493014,0.18405421870240635
7,Rbl2,5.320103,1.45187,1.0370846274829565e-07,6.5541216174813566e-06,0.2834331337325349,0.1672250989948218
7,Rap1gap2,5.305195,1.6575083,1.1255257245046101e-07,7.089442508740819e-06,0.25349301397205587,0.13242461163569905
7,Ptk2b,5.145684,1.0800654,2.665481726526671e-07,1.604388953384304e-05,0.3413173652694611,0.2402147426134633
7,Cyld,5.1419597,1.2081017,2.7188753325099284e-07,1.6347991584841375e-05,0.3193612774451098,0.221291501675297
7,Akt3,5.107877,1.0377597,3.2579926354898243e-07,1.9384885962113487e-05,0.3273453093812375,0.2079652756625038
7,Msn,5.0937157,1.3478391,3.51113095630118e-07,2.0782464426480822e-05,0.2774451097804391,0.16551172707889125
7,Malt1,4.9246345,1.3424792,8.451821284305562e-07,4.7367633439925495e-05,0.27944111776447106,0.17773378007919585
7,Stim2,4.8104105,1.2597882,1.5062064721794397e-06,8.16031424665742e-05,0.28542914171656686,0.18534876637222053
7,Arhgef1,4.7166514,1.1804662,2.397578080774768e-06,0.00012664238728886463,0.2994011976047904,0.2045004568991776
7,Atp8a1,4.623012,1.3196769,3.7820737949690927e-06,0.00019401357113453614,0.25349301397205587,0.1486445324398416
7,Ccm2,4.611863,1.1149489,3.990753711357865e-06,0.00020416667302644042,0.3093812375249501,0.21957812975936644
7,Cdc42se2,4.3415837,1.1899719,1.4145940982585101e-05,0.0006651395751357376,0.2634730538922156,0.16935729515686873
7,Traf3,4.2953067,1.1709452,1.7445187059713808e-05,0.0008102336022570669,0.2714570858283433,0.18085592445933596
7,Hnrnpf,4.260573,1.0870827,2.0390347909704226e-05,0.00093632806477941,0.2954091816367265,0.21752208346024976
7,Pvt1,4.256414,1.1587642,2.0773186113224176e-05,0.0009523719730057148,0.27944111776447106,0.19311605239110569
7,Nsmaf,4.0636573,1.0883815,4.8309738321887346e-05,0.0020807903251033187,0.2654690618762475,0.1763250076149863
7,Zfp652,3.875474,1.0418984,0.00010641735349127437,0.004294479465022434,0.27944111776447106,0.20545233018580566
7,H3f3b,3.5630677,1.0008595,0.0003665461006879086,0.013046403943242604,0.2554890219560878,0.1813889734998477
8,Agbl4,24.882832,8.710539,1.1415211857899747e-136,6.499935784006696e-132,0.926530612244898,0.027978883861236804
8,Ccdc162,24.432922,8.395416,7.644496074000799e-132,2.176426254748398e-127,0.9102040816326531,0.028054298642533938
8,Dnah12,24.291027,10.122027,2.4387090964838786e-130,4.628751155429618e-126,0.9020408163265307,0.011425339366515836
8,Dnah11,24.231659,7.9872713,1.0321783247444927e-129,1.469331649731904e-125,0.9061224489795918,0.029260935143288085
8,Cfap44,23.685692,7.7598977,5.063709462922236e-124,5.7666536105651003e-120,0.8857142857142857,0.03273001508295626
8,Cfap54,23.583479,9.0535,5.695127205025823e-123,5.404770636356256e-119,0.8775510204081632,0.011274509803921568
8,Dcdc5,23.243858,8.877012,1.6412703166361992e-119,1.3350796157083116e-115,0.8653061224489796,0.014894419306184013
8,Rgs22,22.858692,9.961347,1.1976183414056976e-115,8.524198247247728e-112,0.8489795918367347,0.00667420814479638
8,Ccdc30,22.692558,7.6755853,5.305940465091584e-114,3.356950622475332e-110,0.8489795918367347,0.02251131221719457
8,Rp1,22.39578,9.4596815,4.326672128125291e-111,2.463650376475822e-107,0.8326530612244898,0.006372549019607843
8,Cadm1,22.341621,5.3435235,1.4566052689383706e-110,7.540050965329069e-107,0.8775510204081632,0.13872549019607844
8,Cfap299,22.270105,9.344392,7.203319965744e-110,3.4180353514119097e-106,0.8285714285714286,0.01021870286576169
8,Dnah9,22.198368,8.22494,3.561501874170415e-109,1.5599652170549045e-105,0.8285714285714286,0.01425339366515837
8,Hydin,21.963297,9.478062,6.463633149848178e-107,2.6288981084678934e-103,0.8163265306122449,0.006221719457013574
8,C230072F16Rik,21.890173,10.778511,3.2229516566655533e-106,1.223453935214622e-102,0.8122448979591836,0.0018476621417797888
8,Lrriq1,21.886463,7.661362,3.4961030951098277e-106,1.2441975396165544e-102,0.8204081632653061,0.0166289592760181
8,Cfap61,21.752172,9.719017,6.588453888910614e-105,2.2067832522850544e-101,0.8081632653061225,0.005015082956259427
8,3300002A11Rik,21.681387,8.344481,3.074725051091277e-104,9.726551063010468e-101,0.8081632653061225,0.016402714932126698
8,Magi2,21.486807,4.841284,2.068590300071873e-102,5.8893800138196255e-99,0.8857142857142857,0.1606711915535445
8,Esrrg,21.457687,4.6559224,3.870840908465109e-102,1.0495692960424371e-98,0.9061224489795918,0.1885369532428356
8,Spef2,21.43567,8.20222,6.213250048044196e-102,1.608130322662203e-98,0.8,0.012254901960784314
8,Dnah6,21.403,9.433478,1.2528158247357643e-101,3.1015906902730066e-98,0.7959183673469388,0.004939668174962292
8,Shank2,21.045729,5.750257,2.502427113967063e-98,5.699628091855941e-95,0.8163265306122449,0.05874811463046757
8,Ankfn1,20.987732,9.874667,8.490306947974115e-98,1.859409876633054e-94,0.7795918367346939,0.004260935143288084
8,Ccdc170,20.798716,7.561753,4.445509157674688e-96,9.040419176684085e-93,0.7795918367346939,0.01779788838612368
8,Tmem212,20.74824,9.307671,1.2716107694813892e-95,2.496785821553096e-92,0.7714285714285715,0.005165912518853695
8,Ak9,20.591389,8.640333,3.278360190129756e-94,6.222436919539282e-91,0.7673469387755102,0.007352941176470588
8,Erbb4,20.530958,6.062302,1.1390817525006654e-93,2.0922727119077547e-90,0.7918367346938775,0.07447209653092006
8,Wdr95,20.435808,9.935395,8.035133577209585e-93,1.4297766906871595e-89,0.7591836734693878,0.0029034690799396683
8,Glis3,20.356907,4.0944395,4.032503960224969e-92,6.958024484823331e-89,0.926530612244898,0.2364630467571644
8,Cdc14a,20.354582,5.3375196,4.2284953773471375e-92,7.081610449456569e-89,0.7959183673469388,0.07420814479638009
8,Spag16,20.155859,8.734987,2.390700188319489e-90,3.889395983517143e-87,0.7510204081632653,0.007315233785822021
8,Rmst,20.14533,4.8937006,2.957271185503063e-90,4.677499404825831e-87,0.8408163265306122,0.11930618401206637
8,Cfap43,20.064606,7.6110106,1.5047747609035221e-89,2.3157670178542557e-86,0.7510204081632653,0.0193815987933635
8,Cfap65,19.99456,9.675933,6.141826032887068e-89,9.203203056279541e-86,0.7428571428571429,0.002865761689291101
8,Tmem232,19.970114,9.19763,1.00225809055764e-88,1.4633225111395533e-85,0.7428571428571429,0.004901960784313725
8,Kcnma1,19.731478,5.513332,1.1573639679186046e-86,1.6475365424313315e-83,0.7673469387755102,0.06361236802413273
8,Dcdc2a,19.695494,4.4776907,2.3568933602581464e-86,3.213463106055059e-83,0.889795918367347,0.15776772247360482
8,Galnt18,19.695208,4.5990863,2.370268355917748e-86,3.213463106055059e-83,0.8081632653061225,0.1345022624434389
8,Ddo,19.687975,4.366007,2.733979537349753e-86,3.6203611357263324e-83,0.8081632653061225,0.1433257918552036
8,Cfap69,19.679947,6.1632185,3.2033446455022992e-86,4.1454919877169644e-83,0.7510204081632653,0.03401206636500754
8,Lrrc36,19.647303,7.9185467,6.0968579119713874e-86,7.714693030345839e-83,0.7346938775510204,0.010633484162895928
8,Ccdc187,19.632126,9.053062,8.220258865603446e-86,1.0175429566659256e-82,0.7306122448979592,0.004374057315233786
8,Cacnb2,19.511549,6.2448287,8.758639757793069e-85,1.0611185243585003e-81,0.746938775510204,0.03205128205128205
8,Vwa3a,19.494541,7.046696,1.221440220025022e-84,1.448958907675933e-81,0.7346938775510204,0.018514328808446456
8,Dnai4,19.419163,5.885931,5.314970617952415e-84,6.052794839136568e-81,0.7428571428571429,0.04317496229260935
8,Spag6l,19.416397,9.043437,5.609050107501743e-84,6.262449454338367e-81,0.7224489795918367,0.00444947209653092
8,Cfap47,19.261007,6.875959,1.1413763122942662e-82,1.2498290115066887e-79,0.726530612244898,0.02239819004524887
8,Wdr66,19.225645,7.293786,2.2581338238951418e-82,2.4260452465360995e-79,0.7224489795918367,0.014328808446455505
8,Ccser1,19.172607,5.420296,6.268746402198747e-82,6.610160905325904e-79,0.7510204081632653,0.05015082956259427
8,Ptprk,19.119522,3.7675881,1.7368955064237754e-81,1.7981921278413855e-78,0.8326530612244898,0.22571644042232278
8,Unc5cl,19.006456,5.463255,1.5080302463916698e-80,1.5333705403533583e-77,0.7428571428571429,0.04856711915535445
8,Dnah7b,18.972374,5.453239,2.885778744266154e-80,2.882791710127352e-77,0.7387755102040816,0.0498868778280543
8,Dnah5,18.919107,5.0222497,7.938858496193067e-80,7.793905890202232e-77,0.7551020408163265,0.06527149321266969
8,Spata17,18.710629,6.7387347,4.0555974091292763e-78,3.7857339684136083e-75,0.7061224489795919,0.023717948717948717
8,Stk33,18.634008,8.796411,1.7028217650887097e-77,1.5390535575542255e-74,0.6938775510204082,0.00471342383107089
8,Ak7,18.544392,9.1047125,9.052015856632792e-77,8.053606795195748e-74,0.689795918367347,0.0032428355957767724
8,Cdhr3,18.389185,8.203832,1.6037477382634573e-75,1.4049076917609156e-72,0.6857142857142857,0.008220211161387632
8,Ulk4,18.376072,5.5501876,2.0423232381903965e-75,1.7619989016030205e-72,0.710204081632653,0.04890648567119155
8,Zbbx,18.354744,9.997164,3.0250583342650587e-75,2.570893233005772e-72,0.6816326530612244,0.0016214177978883862
8,2610307P16Rik,18.272442,4.8647356,1.371732588974031e-74,1.1486444904230926e-71,0.7346938775510204,0.0675339366515837
8,Gm16201,18.254765,5.8179126,1.896246923263362e-74,1.5648434211237552e-71,0.7020408163265306,0.034502262443438916
8,Tsga10,18.19916,4.9282064,5.2405251065073025e-74,4.262867715566176e-71,0.7183673469387755,0.07665912518853696
8,Enah,18.148111,4.231013,1.3289281796324204e-73,1.0657816827668964e-70,0.7673469387755102,0.097473604826546
8,Hoatz,18.145739,10.380716,1.3875495414299842e-73,1.0973397005356213e-70,0.673469387755102,0.0014328808446455504
8,Kcnk2,18.132067,6.386329,1.779440461927741e-73,1.3879879362003766e-70,0.689795918367347,0.03536953242835596
8,Wwc1,18.103575,4.004998,2.986420134203881e-73,2.2979695792122052e-70,0.7877551020408163,0.10995475113122172
8,Gm973,18.085876,8.715504,4.11763102753738e-73,3.126160377853412e-70,0.673469387755102,0.004374057315233786
8,Kif6,17.870941,6.910255,1.9861541361108962e-71,1.4687480865492278e-68,0.673469387755102,0.014177978883861237
8,2010001K21Rik,17.849596,6.805799,2.911298204896015e-71,2.1252850139100512e-68,0.673469387755102,0.015346907993966817
8,Dnah2,17.72032,8.129663,2.9224718134298883e-70,2.080105844106391e-67,0.6612244897959184,0.005656108597285068
8,Nme5,17.656271,6.8821764,9.10609239607546e-70,6.401358112653492e-67,0.6653061224489796,0.012594268476621418
8,Ccdc39,17.608341,7.1302543,2.1258488130330764e-69,1.4761946007672731e-66,0.6612244897959184,0.01334841628959276
8,Ank3,17.583384,3.7522418,3.3026641726741325e-69,2.2657469958582864e-66,0.8326530612244898,0.15773001508295625
8,Ppil6,17.52937,6.28809,8.551300164405645e-69,5.796661698350261e-66,0.6653061224489796,0.022096530920060333
8,Lekr1,17.49939,4.1988554,1.4481126718770563e-68,9.700821605806054e-66,0.7224489795918367,0.12677224736048265
8,Gria1,17.351812,7.033204,1.9111564918357365e-67,1.2653856023444032e-64,0.6530612244897959,0.012217194570135747
8,Odad2,17.344894,9.244482,2.1557669597657375e-67,1.4109370857013892e-64,0.6448979591836734,0.0034690799396681748
8,Myo1d,17.283308,3.4006977,6.283867224036169e-67,4.066019131861858e-64,0.7836734693877551,0.19788838612368023
8,Ccdc146,17.214283,7.493427,2.0750124792295257e-66,1.3275650065147014e-63,0.6448979591836734,0.008748114630467572
8,Nek11,17.145359,7.8203053,6.807809257179076e-66,4.3071496323670416e-63,0.6408163265306123,0.006975867269984917
8,Ccdc180,17.142633,9.709799,7.134475836436943e-66,4.4642218527753403e-63,0.636734693877551,0.0019230769230769232
8,Ccdc148,17.041405,5.943414,4.048947227776667e-65,2.505990261922078e-62,0.6530612244897959,0.024811463046757163
8,Cep126,16.763208,5.8605237,4.5348180700031376e-63,2.776527695957513e-60,0.6408163265306123,0.029788838612368026
8,Dync2h1,16.731098,3.4150698,7.779041045603637e-63,4.712195491252306e-60,0.7387755102040816,0.1976998491704374
8,Tmem132b,16.702606,4.6982036,1.2546256415801564e-62,7.4416290267933e-60,0.673469387755102,0.055656108597285064
8,Dnai3,16.566658,8.9134245,1.2138602118205204e-61,7.052899420537986e-59,0.6163265306122448,0.002790346907993967
8,Prickle2,16.511183,3.5768688,3.048516183527986e-61,1.7358556000626703e-58,0.7346938775510204,0.17311463046757164
8,Cfap77,16.50352,7.9424596,3.461183878146755e-61,1.951319516886677e-58,0.6163265306122448,0.005580693815987934
8,Efhb,16.365612,6.353421,3.3662999047337163e-60,1.8792204203474757e-57,0.6204081632653061,0.015874811463046756
8,Prom1,16.360977,4.252182,3.6325744427697186e-60,2.0081788480169957e-57,0.6775510204081633,0.0692684766214178
8,Aig1,16.228683,3.8898983,3.16167466284855e-59,1.702988553618195e-56,0.689795918367347,0.10448717948717949
8,Togaram2,16.228518,8.67042,3.1702426491197673e-59,1.702988553618195e-56,0.6040816326530613,0.0030165912518853697
8,Lrguk,16.176344,7.9127426,7.406493374970971e-59,3.9414312080768415e-56,0.6040816326530613,0.005165912518853695
8,Ift88,16.156628,4.285438,1.0199161978489548e-58,5.377319279788642e-56,0.6571428571428571,0.08563348416289593
8,Cd200l1,15.982871,4.876174,1.682154050607761e-57,8.707593981423322e-55,0.636734693877551,0.0472473604826546
8,Efcab1,15.943004,9.982462,3.186632663093885e-57,1.620089736332401e-54,0.5918367346938775,0.0013197586726998493
8,Plch1,15.903322,5.641402,6.009172478457013e-57,3.0280379654497414e-54,0.6122448979591837,0.02748868778280543
8,Dnah10,15.679058,8.677155,2.103519241618332e-55,1.0065251187982306e-52,0.5836734693877551,0.0036953242835595776
8,Rsph10b,15.665123,7.1457987,2.619220249275259e-55,1.242841835116521e-52,0.5877551020408164,0.009389140271493212
8,Cfap46,15.534754,7.9881325,2.0184707682475278e-54,9.268850323772781e-52,0.5795918367346938,0.005392156862745098
8,Dpp6,15.453036,8.742091,7.197185343572351e-54,3.2785194451868255e-51,0.5755102040816327,0.004298642533936652
8,Sorbs2,15.383605,3.570781,2.1087393482665593e-53,9.529660891241758e-51,0.6816326530612244,0.10991704374057315
8,Nav2,15.337511,3.390113,4.293467886478025e-53,1.924994920660986e-50,0.7020408163265306,0.12386877828054299
8,Gm42722,15.204143,7.0263343,3.31950444165559e-52,1.4766867375961794e-49,0.5714285714285714,0.00863499245852187
8,Adgb,15.191167,5.585477,4.0465021514894986e-52,1.7861385969609576e-49,0.5836734693877551,0.029110105580693817
8,Dnah3,15.166098,6.3002367,5.929936405131088e-52,2.5973577603428405e-49,0.5755102040816327,0.0193815987933635
8,Cfap74,15.061175,7.5923786,2.915569139402809e-51,1.2672933005094302e-48,0.563265306122449,0.006033182503770739
8,Astn2,14.972696,5.239221,1.107386997812617e-50,4.741031807702874e-48,0.5836734693877551,0.032918552036199096
8,Armc2,14.800519,7.198476,1.453564258552014e-49,6.176671824344047e-47,0.5551020408163265,0.006900452488687783
8,Susd4,14.767214,4.269327,2.38366491898057e-49,1.000957768530254e-46,0.6040816326530613,0.05392156862745098
8,Lca5l,14.675366,5.9224486,9.271384332985652e-49,3.797999246795223e-46,0.5591836734693878,0.021116138763197588
8,Dnaaf11,14.649765,7.8448596,1.3518286617151407e-48,5.498176844765845e-46,0.5469387755102041,0.004298642533936652
8,Trim37,14.579212,3.6634364,3.808892083993335e-48,1.538171093295493e-45,0.6204081632653061,0.09577677224736049
8,Kif9,14.561111,5.926074,4.964406877003787e-48,1.9906921970667085e-45,0.5551020408163265,0.02092760180995475
8,Ttc29,14.50794,9.651304,1.0791267492494511e-47,4.2671219603481246e-45,0.5387755102040817,0.0014328808446455504
8,Atp11a,14.49521,2.911171,1.2990423979971532e-47,5.101294702369373e-45,0.689795918367347,0.20407239819004525
8,Bbox1,14.48064,8.784191,1.605944921955692e-47,6.263295191854729e-45,0.5387755102040817,0.002564102564102564
8,Odad1,14.362743,4.3935237,8.864786208454185e-47,3.387716721446911e-44,0.5755102040816327,0.059653092006033186
8,Ildr2,14.332947,4.1719112,1.3621571349839646e-46,5.170839294874795e-44,0.5877551020408164,0.05546757164404223
8,Ptpn13,14.322584,2.9379501,1.5813187611994366e-46,5.96303785307663e-44,0.689795918367347,0.17277526395173454
8,Fbxl13,14.2416725,7.0648537,5.050356443821441e-46,1.891923330708136e-43,0.5346938775510204,0.008144796380090498
8,Fndc7,14.236435,8.202986,5.4433705313301775e-46,2.0258232772841283e-43,0.5306122448979592,0.0032428355957767724
8,Drc3,14.22996,6.8981886,5.971571370406752e-46,2.2079691259891617e-43,0.5346938775510204,0.008748114630467572
8,T2,14.185507,10.01665,1.1264882999660009e-45,4.138281954088004e-43,0.5265306122448979,0.0008672699849170437
8,Ift81,14.161314,3.738642,1.5899410674800647e-45,5.803386815601433e-43,0.5959183673469388,0.09215686274509804
8,Fam47e,14.142603,8.498501,2.074668943528325e-45,7.524441039073016e-43,0.5265306122448979,0.0024509803921568627
8,Lrrc71,14.1322155,8.239035,2.4045964695358105e-45,8.665830858977126e-43,0.5265306122448979,0.0030542986425339366
8,Cdkl4,14.0876665,6.1511607,4.522616117557147e-45,1.6196370084894432e-42,0.5346938775510204,0.014592760180995475
8,Fam227a,14.08694,5.387049,4.569395300970259e-45,1.626162111453422e-42,0.5428571428571428,0.024773755656108596
8,Nek10,14.075322,7.4984727,5.385861824433326e-45,1.9048221002798633e-42,0.5265306122448979,0.006636500754147813
8,Bmpr1b,14.0205145,3.0523605,1.1676450555899752e-44,4.104128216688197e-42,0.689795918367347,0.16266968325791856
8,Kcnc2,13.996338,4.1653633,1.6411134131500482e-44,5.7329226293360054e-42,0.5795918367346938,0.06270739064856712
8,Dmd,13.978404,3.5379238,2.1117066411311485e-44,7.331871210527361e-42,0.6285714285714286,0.1687028657616893
8,Grik4,13.961915,6.65189,2.661836780300541e-44,9.185918067096552e-42,0.5265306122448979,0.011236802413273001
8,Stpg1,13.84212,7.297108,1.4195740777391786e-43,4.840237578475842e-41,0.5183673469387755,0.006297134238310709
8,Osbpl6,13.828185,4.0723057,1.723125577062642e-43,5.805709673581297e-41,0.5714285714285714,0.06191553544494721
8,Rims2,13.794394,4.5799665,2.7545895446386167e-43,9.172461009430846e-41,0.5510204081632653,0.03963046757164404
8,Elmod1,13.789621,8.017559,2.9429992191192985e-43,9.742867356736743e-41,0.5142857142857142,0.0030920060331825036
8,Kif27,13.788168,5.7830143,3.0028988617668098e-43,9.883703126466121e-41,0.5265306122448979,0.017722473604826545
8,Cfap70,13.770575,6.7123594,3.831555029325802e-43,1.253865373131267e-40,0.5183673469387755,0.0083710407239819
8,Frmpd2,13.7410145,9.7135515,5.766186334127067e-43,1.8761852345801678e-40,0.5102040816326531,0.000980392156862745
8,Wnk2,13.689298,4.0068603,1.1764157079340938e-42,3.784535978840409e-40,0.5673469387755102,0.05535444947209653
8,Atp1a1,13.563908,3.4987388,6.554911012241365e-42,2.0621170604863844e-39,0.5877551020408164,0.09177978883861236
8,Fhad1,13.549147,7.664749,8.015683683962767e-42,2.507807937629252e-39,0.5061224489795918,0.003959276018099547
8,Clstn2,13.518059,3.50843,1.2236258455565851e-41,3.7866564821650824e-39,0.5918367346938775,0.12009803921568628
8,Cep83,13.463666,3.140961,2.558974801005844e-41,7.8339023733373e-39,0.6081632653061224,0.13536953242835595
8,Cfap221,13.418884,5.5337048,4.687140157649712e-41,1.4272216455440228e-38,0.5142857142857142,0.02251131221719457
8,Eef2k,13.399464,3.2903178,6.090170380211869e-41,1.8445765511683194e-38,0.5959183673469388,0.12130467571644042
8,Frmpd4,13.367462,6.6021194,9.368317042140422e-41,2.8224409560662316e-38,0.5061224489795918,0.01282051282051282
8,Lca5,13.306167,5.6226306,2.131395629250068e-40,6.321031173183756e-38,0.5102040816326531,0.019947209653092005
8,1700018A04Rik,13.30372,9.809664,2.202310570587449e-40,6.497500839368909e-38,0.49387755102040815,0.000942684766214178
8,Dnal1,13.281658,4.087485,2.957724272969846e-40,8.681225661194639e-38,0.5428571428571428,0.06466817496229262
8,Armc9,13.2591305,3.767748,3.9950326937350945e-40,1.166570033917795e-37,0.5551020408163265,0.07352941176470588
8,Dnajc6,13.2139,3.4078798,7.294487988455986e-40,2.0977547502559208e-37,0.5836734693877551,0.09374057315233786
8,Ppp1r36,13.159229,8.508265,1.5061415080262242e-39,4.2667265476876235e-37,0.4897959183673469,0.0024509803921568627
8,Slc25a12,13.1365185,3.8753285,2.0336951073447692e-39,5.704464685089582e-37,0.5469387755102041,0.061425339366515834
8,Bbs9,13.123232,2.9772925,2.4237261836616967e-39,6.7651663050921895e-37,0.6163265306122448,0.1462292609351433
8,Gm37381,13.078301,9.627256,4.381220890798381e-39,1.216932188990003e-36,0.4857142857142857,0.0010558069381598793
8,Ccdc57,13.019174,3.4438832,9.51949547664467e-39,2.618597062490938e-36,0.563265306122449,0.0951734539969834
8,Arhgef38,12.991429,4.533424,1.3684654998802503e-38,3.728315503764657e-36,0.5183673469387755,0.036840120663650076
8,Dnah7c,12.990537,7.513544,1.3845269954142164e-38,3.7541119831371855e-36,0.4857142857142857,0.00471342383107089
8,Dscaml1,12.977595,10.118598,1.6394842683809186e-38,4.4243542050179095e-36,0.4816326530612245,0.000942684766214178
8,Cfap107,12.9743595,9.855295,1.7102019986236676e-38,4.5934250945108614e-36,0.4816326530612245,0.0009049773755656109
8,Syt10,12.97024,9.599905,1.8046613815705707e-38,4.824376700845534e-36,0.4816326530612245,0.000980392156862745
8,Grk4,12.96452,4.2544208,1.9444352466553185e-38,5.149678482781418e-36,0.5265306122448979,0.05953996983408748
8,Sobp,12.948135,4.9717326,2.4073121272319965e-38,6.34605369614431e-36,0.5061224489795918,0.02526395173453997
8,Cacna1d,12.854161,3.5519056,8.150507048252396e-38,2.1288900084153197e-35,0.5551020408163265,0.07748868778280543
8,Rpgr,12.846685,3.7664487,8.977534994837619e-38,2.3342000919682595e-35,0.5387755102040817,0.07341628959276018
8,Cfap206,12.74762,9.42714,3.214109347052914e-37,8.206932750248429e-35,0.47346938775510206,0.0011689291101055807
8,Stox1,12.732609,8.811752,3.895984404345713e-37,9.859611020793301e-35,0.47346938775510206,0.0016591251885369532
8,Shroom3,12.716598,2.5016217,4.7823189520893705e-37,1.199603627537096e-34,0.6693877551020408,0.244947209653092
8,Pkhd1,12.68043,2.749767,7.59136888514683e-37,1.879391894300633e-34,0.6408163265306123,0.13770739064856713
8,Rpgrip1l,12.653824,3.8208613,1.0655898019762613e-36,2.626655797157156e-34,0.5265306122448979,0.06546003016591252
8,Nrxn3,12.609068,7.059579,1.8820632819728305e-36,4.579767749522006e-34,0.47346938775510206,0.007088989441930618
8,Garem1,12.589103,3.6864471,2.4241402946394927e-36,5.848854767672345e-34,0.5306122448979592,0.06817496229260935
8,Fank1,12.502746,6.9257298,7.211653832923743e-36,1.718153894981217e-33,0.46938775510204084,0.00746606334841629
8,Ccdc138,12.474054,3.8516164,1.0342655023982539e-35,2.4538379988357908e-33,0.5183673469387755,0.06293363499245852
8,Trim7,12.4381695,4.71978,1.6217793245125343e-35,3.815939525498687e-33,0.4897959183673469,0.029487179487179487
8,Acpp,12.344569,6.532787,5.211223300558503e-35,1.2111521059473541e-32,0.46530612244897956,0.007918552036199095
8,Dnai1,12.30417,9.205618,8.601628417412354e-35,1.9749408214349874e-32,0.45714285714285713,0.0012066365007541479
8,Cabcoco1,12.28403,4.855384,1.103605014486701e-34,2.515164400980943e-32,0.4816326530612245,0.026395173453996983
8,Etl4,12.28398,2.510077,1.1042853132983893e-34,2.515164400980943e-32,0.6448979591836734,0.16542232277526395
8,Cfap52,12.238256,7.5677137,1.941596238494278e-34,4.4046387018367604e-32,0.45714285714285713,0.0036199095022624436
8,Gm29538,12.208257,9.997538,2.8084333177206937e-34,6.34583339461643e-32,0.4530612244897959,0.0006787330316742081
8,Ccdc191,12.206574,2.6488204,2.8670883300690353e-34,6.452761921045886e-32,0.5959183673469388,0.1796003016591252
8,Lrrc9,12.061743,6.150261,1.681861557786787e-33,3.697562894283299e-31,0.45714285714285713,0.012405731523378581
8,Ccdc171,11.988141,2.9645436,4.1000338066749746e-33,8.944828543520295e-31,0.5551020408163265,0.12160633484162896
8,Ttc21a,11.975884,9.25397,4.7534112193460926e-33,1.0330686574075796e-30,0.4448979591836735,0.001282051282051282
8,Enkur,11.969763,6.1554613,5.11749527897482e-33,1.1037700707579742e-30,0.4530612244897959,0.00901206636500754
8,Cstpp1,11.925359,2.973764,8.730695971788251e-33,1.861927188500355e-30,0.5510204081632653,0.12009803921568628
8,Mettl24,11.920828,3.7110224,9.218821461200263e-33,1.95868997321718e-30,0.5061224489795918,0.08518099547511312
8,Arhgef33,11.904688,5.8534317,1.1188145447531825e-32,2.3682683640442738e-30,0.4530612244897959,0.012895927601809954
8,Crocc,11.88719,4.8177176,1.3797146181256734e-32,2.9097159285442213e-30,0.46530612244897956,0.02733785822021116
8,Tm4sf1,11.875195,5.009514,1.592628860219519e-32,3.3463424328324586e-30,0.46122448979591835,0.021003016591251887
8,Mok,11.834268,5.1944757,2.595999128006137e-32,5.4345142039631415e-30,0.45714285714285713,0.019419306184012067
8,Chka,11.832021,2.6488023,2.6664483834761847e-32,5.5615471576380015e-30,0.5795918367346938,0.15822021116138762
8,9230114K14Rik,11.776661,3.6055992,5.149302894496585e-32,1.0662052949655637e-29,0.49795918367346936,0.07492458521870286
8,Atp8b5,11.741004,6.9605303,7.854846797385515e-32,1.6146672616964933e-29,0.44081632653061226,0.006900452488687783
8,Erich3,11.740256,8.633405,7.92459245992523e-32,1.6231446735992896e-29,0.43673469387755104,0.0018099547511312218
8,Cfap91,11.619406,8.257669,3.284111321592496e-31,6.702529848128973e-29,0.4326530612244898,0.001998491704374057
8,Iqub,11.616752,8.140033,3.387714729430415e-31,6.889280871732045e-29,0.4326530612244898,0.00222473604826546
8,Lrrc23,11.592924,7.7110844,4.475854031587907e-31,9.005639731895654e-29,0.4326530612244898,0.0029411764705882353
8,Slf1,11.567747,2.3377528,6.003877989494518e-31,1.1953385195797458e-28,0.6081632653061224,0.22356711915535446
8,Osbpl3,11.48009,4.1739964,1.661072789119808e-30,3.2502799204560476e-28,0.46530612244897956,0.03929110105580694
8,Cfap97d2,11.45144,7.321321,2.3127056957949357e-30,4.494463311408172e-28,0.42857142857142855,0.005354449472096531
8,Fam184a,11.406887,4.366323,3.8630724173235404e-30,7.431324544419585e-28,0.45714285714285713,0.03766968325791855
8,Ift74,11.390237,3.8006892,4.6771882842781985e-30,8.967130575592084e-28,0.47346938775510206,0.06036953242835596
8,Dzip1l,11.373353,4.7878323,5.676425450729237e-30,1.0846353744629982e-27,0.4448979591836735,0.023265460030165913
8,Abr,11.36238,3.1254213,6.436687677776155e-30,1.2257907460209099e-27,0.5061224489795918,0.08114630467571644
8,Galk2,11.34673,2.561899,7.698833048118875e-30,1.4612641753097894e-27,0.563265306122449,0.16606334841628959
8,Grip1,11.319704,2.9535098,1.048250696578146e-29,1.9830047479686448e-27,0.5346938775510204,0.1033182503770739
8,Sntn,11.309641,8.918962,1.1757014261999597e-29,2.2167422155381425e-27,0.4204081632653061,0.001282051282051282
8,Ak8,11.285526,5.419854,1.54712972743359e-29,2.907429498673137e-27,0.4326530612244898,0.013650075414781297
8,Drc1,11.280663,7.969007,1.6350970781036262e-29,3.062633642246664e-27,0.4204081632653061,0.0024509803921568627
8,Ttll3,11.232766,5.2815676,2.815245889279932e-29,5.255833317425855e-27,0.4326530612244898,0.01779788838612368
8,Lrrc74b,11.174516,8.118795,5.434623802723722e-29,1.0014657409413962e-26,0.4163265306122449,0.0023378582202111613
8,Katnip,11.133069,2.5967143,8.660154073224272e-29,1.5805058752675103e-26,0.5428571428571428,0.15874811463046756
8,Adam22,11.101043,4.632114,1.2398917415089568e-28,2.2556126406792815e-26,0.43673469387755104,0.023755656108597284
8,Ccdc60,11.097699,6.948927,1.2871504213859864e-28,2.3341284122337405e-26,0.4163265306122449,0.0055052790346908
8,Rgs6,11.050526,4.191928,2.1793613931902524e-28,3.914669308821645e-26,0.4448979591836735,0.03212669683257918
8,Ppm1h,11.007567,2.0843587,3.5136409519648667e-28,6.213361162914021e-26,0.6489795918367347,0.24291101055806938
8,Plekha7,10.937973,2.9008417,7.587702287593217e-28,1.3253109078461515e-25,0.5061224489795918,0.09562594268476621
8,Fbxo36,10.896739,3.6325808,1.1946242200608244e-27,2.080217055488789e-25,0.45714285714285713,0.05923831070889894
8,Limch1,10.882601,2.9606998,1.3952412422212387e-27,2.4147851542042414e-25,0.5020408163265306,0.10241327300150829
8,Cd200,10.857668,3.518749,1.8337157432737257e-27,3.144988196920157e-25,0.46122448979591835,0.05595776772247361
8,Spag17,10.832985,6.562812,2.4019540686236124e-27,4.0949001982484168e-25,0.40816326530612246,0.007315233785822021
8,Tmc5,10.812958,4.6673207,2.988762940703278e-27,5.080094047957771e-25,0.42448979591836733,0.021794871794871794
8,Crocc2,10.770182,9.345887,4.760590978405966e-27,8.019905647970831e-25,0.4,0.0009049773755656109
8,Mapk10,10.767412,6.0879016,4.905992805160763e-27,8.240475997600561e-25,0.40816326530612246,0.009615384615384616
8,Daw1,10.761086,8.773741,5.2547125246030204e-27,8.800252525394723e-25,0.4,0.0011312217194570137
8,Cplane1,10.746271,2.2980914,6.170599880933761e-27,1.030381606510995e-24,0.5673469387755102,0.2012820512820513
8,Pax8,10.72253,2.9184253,7.978989441769035e-27,1.3207315052435194e-24,0.4857142857142857,0.07269984917043741
8,Tbc1d32,10.7160225,2.422982,8.560624482972183e-27,1.4129000541591856e-24,0.5428571428571428,0.1760558069381599
8,Patj,10.711354,2.4706986,9.00353316095292e-27,1.47743568218392e-24,0.5387755102040817,0.13141025641025642
8,Cds1,10.694333,3.595286,1.0819477037343003e-26,1.7669894803436807e-24,0.4489795918367347,0.06221719457013575
8,4930578M01Rik,10.655575,3.7318556,1.6422780504678686e-26,2.6717986991911687e-24,0.4448979591836735,0.06033182503770739
8,Nin,10.625903,2.7280965,2.2581661262206625e-26,3.65290447139576e-24,0.5061224489795918,0.12631975867269984
8,Ccdc153,10.604804,7.530154,2.8305771859157696e-26,4.540166071640277e-24,0.39591836734693875,0.0029034690799396683
8,Endog,10.578372,5.6745377,3.7542552494017825e-26,6.004804723488396e-24,0.40408163265306124,0.01466817496229261
8,Spata18,10.557107,9.812609,4.709550884565764e-26,7.490685388772603e-24,0.39183673469387753,0.0006787330316742081
8,Fmn2,10.554016,6.9705706,4.8670984788509086e-26,7.719706253043164e-24,0.39591836734693875,0.005128205128205128
8,Fam149a,10.553742,5.9546905,4.8813242033376705e-26,7.720763373951397e-24,0.4,0.00969079939668175
8,Kcnh8,10.552064,4.085281,4.969305579987822e-26,7.838150388645058e-24,0.42857142857142855,0.03631221719457014
8,Gm49948,10.5378685,5.845789,5.779408178753173e-26,9.090753621723326e-24,0.4,0.008936651583710407
8,Unc13c,10.534097,6.8226447,6.015784944356756e-26,9.43649615748259e-24,0.39591836734693875,0.006070889894419306
8,Ston2,10.530887,3.5215943,6.22455169629079e-26,9.737148300508075e-24,0.4448979591836735,0.051734539969834084
8,Lmo7,10.519477,2.9586837,7.026237031925937e-26,1.0961122269449172e-23,0.4775510204081633,0.07918552036199095
8,Cmtm8,10.44676,6.025889,1.516162262742412e-25,2.346075409391441e-23,0.39591836734693875,0.008748114630467572
8,Upf3b,10.446756,2.406023,1.5162286413235633e-25,2.346075409391441e-23,0.5306122448979592,0.16644042232277526
8,Ect2l,10.406257,7.972442,2.321721436113166e-25,3.5633730537390777e-23,0.3877551020408163,0.002187028657616893
8,Lpar1,10.39108,2.4650133,2.722516070325287e-25,4.144994319796582e-23,0.5306122448979592,0.13699095022624436
8,Nek1,10.334076,2.4181616,4.941536094299478e-25,7.483404434720921e-23,0.5224489795918368,0.16896681749622927
8,Mak,10.325125,6.6760244,5.42480569202825e-25,8.193471111665267e-23,0.3877551020408163,0.005203619909502262
8,Dtnb,10.316931,2.653749,5.908182082055352e-25,8.899941691383964e-23,0.49387755102040815,0.1078054298642534
8,Erich2,10.315124,5.8296304,6.020367104674656e-25,9.045005892012654e-23,0.39183673469387753,0.009313725490196078
8,Dynlrb2,10.290116,7.7821374,7.808188993275316e-25,1.1700160249107624e-22,0.3836734693877551,0.0022624434389140274
8,Arhgap39,10.2403965,2.4195824,1.3069945959674952e-24,1.953322291049479e-22,0.5224489795918368,0.1599547511312217
8,Gm49417,10.20793,4.2991486,1.8272158299986218e-24,2.7165403805731466e-22,0.40816326530612246,0.03431372549019608
8,Nek5,10.18531,5.6737885,2.306220579472258e-24,3.410870286122853e-22,0.3877551020408163,0.00980392156862745
8,Ddr1,10.185045,3.125531,2.3125320735589117e-24,3.4113442694434716e-22,0.4530612244897959,0.08420060331825038
8,Zfp710,10.16461,2.3889441,2.8526031162432582e-24,4.197159535969183e-22,0.5183673469387755,0.14136500754147813
8,Map7,10.163107,2.5321765,2.8969505659830244e-24,4.25142428292885e-22,0.49795918367346936,0.12028657616892911
8,Gm16083,10.063775,4.4167986,7.987532829761454e-24,1.1691982181476787e-21,0.4,0.029524886877828053
8,Gramd2,10.036484,4.697615,1.053635117621185e-23,1.5343999292191278e-21,0.39183673469387753,0.017986425339366514
8,Rph3al,10.021041,4.485302,1.2319800808992997e-23,1.7849918011828758e-21,0.39591836734693875,0.02409502262443439
8,Zfp474,9.998705,9.07765,1.544035864680353e-23,2.2257961055889617e-21,0.37142857142857144,0.0008295625942684766
8,Rnf128,9.996599,3.2605906,1.5772121918219486e-23,2.2621672396607954e-21,0.4326530612244898,0.05625942684766214
8,Morn1,9.991079,4.2691474,1.667565393997615e-23,2.3857497763723165e-21,0.4,0.03265460030165913
8,Gm29266,9.984043,5.846983,1.7901976404505352e-23,2.5547780412254116e-21,0.3795918367346939,0.009577677224736049
8,Jam3,9.982311,4.926165,1.8217299127718924e-23,2.593278074078608e-21,0.3877551020408163,0.017722473604826545
8,Nme9,9.980911,8.337078,1.8476141595279494e-23,2.6235660313636152e-21,0.37142857142857144,0.0016591251885369532
8,Epb41l4a,9.849773,2.981547,6.869857766854266e-23,9.517678129013352e-21,0.44081632653061226,0.06734539969834087
8,Vwa3b,9.849516,7.751305,6.887480862673322e-23,9.518933199065089e-21,0.3673469387755102,0.0023378582202111613
8,Rfx2,9.837027,3.6453633,7.798124478361576e-23,1.0751404501752699e-20,0.40816326530612246,0.04328808446455505
8,Casc1,9.820396,7.08609,9.198070339517435e-23,1.2650901526629522e-20,0.3673469387755102,0.003205128205128205
8,A830018L16Rik,9.763816,2.106919,1.609817678328331e-22,2.2034766447522473e-20,0.5428571428571428,0.20592006033182503
8,Kif26b,9.730128,5.5831065,2.2431085290142896e-22,3.062945869319009e-20,0.37142857142857144,0.010482654600301658
8,Kazn,9.715454,2.3144326,2.5909169005889444e-22,3.520988048602269e-20,0.4897959183673469,0.11108597285067873
8,Cep290,9.704277,3.546832,2.891177134478977e-22,3.910368579913716e-20,0.40816326530612246,0.051923076923076926
8,Foxj1,9.702504,7.0778728,2.941888159660084e-22,3.9695273388437166e-20,0.363265306122449,0.003733031674208145
8,Gm3294,9.676462,9.577964,3.796250377386616e-22,5.0981672815747944e-20,0.35918367346938773,0.0006033182503770739
8,Cdkl3,9.67606,3.2018454,3.8112337480119886e-22,5.106246137542368e-20,0.42448979591836733,0.0773001508295626
8,Ankrd42,9.675494,3.9277215,3.832339959254709e-22,5.122471117838554e-20,0.39591836734693875,0.04147812971342383
8,Rnf180,9.632105,2.6142375,5.851850280254646e-22,7.78528520579392e-20,0.46122448979591835,0.09340120663650076
8,Map3k19,9.620725,6.2738624,6.536921297145969e-22,8.676429733817916e-20,0.363265306122449,0.007805429864253394
8,Cep112,9.611919,2.1301932,7.120912946094713e-22,9.42957916426928e-20,0.5346938775510204,0.19181749622926095
8,Spata13,9.609403,3.4028652,7.29713522320545e-22,9.640514541636694e-20,0.40816326530612246,0.048755656108597285
8,Bcl7a,9.59082,2.8140721,8.738756464519858e-22,1.1491767479127603e-19,0.44081632653061226,0.08981900452488688
8,Uox,9.572068,6.765619,1.0478857284484661e-21,1.371111231869584e-19,0.35918367346938773,0.004411764705882353
8,Cracdl,9.5591345,3.721509,1.1874590108813542e-21,1.5472563738808967e-19,0.39591836734693875,0.03989441930618401
8,Sh3rf3,9.55035,4.4265447,1.2925902561827066e-21,1.680396844230582e-19,0.3795918367346939,0.025980392156862746
8,Dync2i1,9.548992,2.639242,1.3096465255531237e-21,1.6986920913785971e-19,0.45714285714285713,0.12368024132730016
8,Pdxk,9.521069,3.8345664,1.714071141329967e-21,2.213172899285026e-19,0.39183673469387753,0.043250377073906485
8,Niban1,9.453747,2.6417072,3.2691384082107283e-21,4.1643850134659306e-19,0.4530612244897959,0.0971342383107089
8,Map3k21,9.449618,4.5312214,3.4006774011197374e-21,4.3222761584187267e-19,0.37142857142857144,0.020022624434389142
8,Pakap,9.441881,4.070161,3.661470329853491e-21,4.635450303913245e-19,0.3836734693877551,0.04147812971342383
8,Wdr35,9.441827,3.4471507,3.663357926206003e-21,4.635450303913245e-19,0.4,0.051809954751131225
8,ENSMUSG00000121456,9.424034,3.812555,4.340832490969263e-21,5.480517580227955e-19,0.3877551020408163,0.04076168929110106
8,Sclt1,9.417601,2.1461964,4.615147098479276e-21,5.813962188816559e-19,0.5142857142857142,0.19106334841628958
8,Tsnaxip1,9.408164,7.6583624,5.048790623463999e-21,6.318311799794803e-19,0.3510204081632653,0.0024509803921568627
8,Usp43,9.387218,5.333541,6.160560788415852e-21,7.675896977093807e-19,0.35918367346938773,0.010520361990950227
8,Dnah7a,9.324815,8.461908,1.1117804269551368e-20,1.3702573439665033e-18,0.3469387755102041,0.0014705882352941176
8,Gm47682,9.267174,7.0117593,1.9114287809486276e-20,2.3355936956222275e-18,0.3469387755102041,0.003393665158371041
8,Mapk15,9.236356,6.591785,2.5503442462195445e-20,3.096357179615929e-18,0.3469387755102041,0.004223227752639517
8,Ap1s2,9.230724,2.3602753,2.6880811019818875e-20,3.2566388516585246e-18,0.46122448979591835,0.1056184012066365
8,Eps8,9.219469,1.8763419,2.985760563497318e-20,3.60960068463059e-18,0.563265306122449,0.19732277526395173
8,Lrp5,9.21441,2.1743932,3.1299520252811574e-20,3.775902505752847e-18,0.4897959183673469,0.1644419306184012
8,Ttc12,9.208126,3.9395726,3.3186847097821274e-20,3.995121058344696e-18,0.37551020408163266,0.03627450980392157
8,Ppm1e,9.182616,5.560763,4.207437411023974e-20,5.043698813076129e-18,0.3510204081632653,0.012104072398190046
8,E130308A19Rik,9.162626,2.306753,5.064957400925322e-20,6.058902087522873e-18,0.46938775510204084,0.14638009049773756
8,Ccdc40,9.104691,8.401391,8.651260202892176e-20,1.0327283170081412e-17,0.33877551020408164,0.0014328808446455504
8,Adcy8,9.0985565,2.0911427,9.154060878852379e-20,1.0904631391270572e-17,0.5020408163265306,0.1381975867269985
8,Plekha6,9.084805,2.9693246,1.0388528797815852e-19,1.2272473408224739e-17,0.40408163265306124,0.06082202111613876
8,Ttll4,9.080784,2.5212898,1.0779558507698047e-19,1.27080505380297e-17,0.44081632653061226,0.10980392156862745
8,Zmynd12,9.076066,4.6946697,1.125703592379314e-19,1.3243530630923662e-17,0.3551020408163265,0.020512820512820513
8,Ptk7,9.057064,4.092217,1.340087822991893e-19,1.5700810849584648e-17,0.363265306122449,0.025904977375565613
8,Asb14,9.054078,7.2986155,1.377264990923269e-19,1.6103253767589705e-17,0.33877551020408164,0.004034690799396682
8,Tsc22d1,9.044525,1.7194631,1.5031702176927808e-19,1.753934741099275e-17,0.5836734693877551,0.2425339366515837
8,9530077C05Rik,8.986282,4.7071223,2.557336786615946e-19,2.9597015033881826e-17,0.3510204081632653,0.01821266968325792
8,Gm12296,8.9745865,5.5903535,2.8441723604391786e-19,3.284990230745787e-17,0.34285714285714286,0.011463046757164403
8,Ube2u,8.973619,7.6245484,2.869282361970408e-19,3.3072835419626924e-17,0.3346938775510204,0.0020739064856711916
8,2900026A02Rik,8.973332,3.2347121,2.8767603174688316e-19,3.3092042270099543e-17,0.3877551020408163,0.052941176470588235
8,Ccdc150,8.943624,7.1690874,3.7661382136604573e-19,4.28039273501078e-17,0.3346938775510204,0.003506787330316742
8,Zfand4,8.898314,4.5094843,5.670110201658583e-19,6.405987003822249e-17,0.3510204081632653,0.02277526395173454
8,Iqck,8.885365,3.9972126,6.371156575893815e-19,7.183762902732074e-17,0.35918367346938773,0.031975867269984914
8,Odf2l,8.879869,2.3952303,6.693881202655997e-19,7.532732995265515e-17,0.44081632653061226,0.12360482654600302
8,Greb1,8.877606,2.7205436,6.831473766105505e-19,7.65730212039003e-17,0.40816326530612246,0.0692684766214178
8,1700088E04Rik,8.862438,5.4261923,7.828340094871106e-19,8.706123307462025e-17,0.33877551020408164,0.010746606334841629
8,Bphl,8.853945,2.917405,8.447954655997556e-19,9.376900313199938e-17,0.4,0.08107088989441931
8,Pip5k1b,8.837135,2.5145197,9.82038441444023e-19,1.0857912795002741e-16,0.42448979591836733,0.08710407239819004
8,Fsip1,8.831379,6.955577,1.0339288062147487e-18,1.1387415890652613e-16,0.3306122448979592,0.003167420814479638
8,Stk36,8.821365,5.868829,1.1307238754444374e-18,1.2429449457853612e-16,0.3346938775510204,0.008107088989441931
8,Odad4,8.800536,5.7426724,1.3616384070623298e-18,1.4938931124573433e-16,0.3346938775510204,0.009389140271493212
8,Gm53,8.77903,3.433147,1.6489018821027534e-18,1.7952222192889653e-16,0.3673469387755102,0.03702865761689291
8,Odf2,8.777282,2.1223812,1.6747317897058528e-18,1.8198645579702475e-16,0.47346938775510206,0.1629713423831071
8,D630024D03Rik,8.709184,5.318631,3.060720758116875e-18,3.2945274232123436e-16,0.3346938775510204,0.013951734539969835
8,Sorl1,8.69218,2.3211756,3.555519513198148e-18,3.8127087872131023e-16,0.4448979591836735,0.13849924585218704
8,Ppp1r14c,8.687669,6.58163,3.699521959190127e-18,3.959670674403102e-16,0.32653061224489793,0.0047888386123680245
8,Ccdc88c,8.6854925,2.804822,3.771048297114549e-18,4.028654054146333e-16,0.39183673469387753,0.06312217194570136
8,Dnaja4,8.681987,2.8905804,3.889135526746311e-18,4.147027453716511e-16,0.39183673469387753,0.06783559577677224
8,Ccdc3,8.673086,3.3494937,4.205623912691809e-18,4.467769239040753e-16,0.3795918367346939,0.06855203619909503
8,Lrrc51,8.660348,3.5749776,4.703257227683081e-18,4.968611684628985e-16,0.363265306122449,0.04792609351432881
8,Kiz,8.612464,1.8414761,7.15067048379848e-18,7.512293874870281e-16,0.5102040816326531,0.2068627450980392
8,B4galnt3,8.591174,4.672724,8.608516442372451e-18,9.004494469080163e-16,0.3346938775510204,0.014969834087481147
8,Fam216b,8.584827,10.560651,9.09727058586299e-18,9.487320227648801e-16,0.3183673469387755,0.00022624434389140272
8,Ccdc173,8.583042,3.8692064,9.239683274588198e-18,9.618223132327724e-16,0.3510204081632653,0.03499245852187029
8,Fzd6,8.576849,3.2467654,9.750744035757664e-18,1.0131699199636444e-15,0.3673469387755102,0.04555052790346908
8,Bbof1,8.566213,2.9465156,1.0694461755031812e-17,1.1092046389676985e-15,0.3877551020408163,0.0834841628959276
8,Fsd1l,8.550591,2.1665373,1.224592581292284e-17,1.2678095667520716e-15,0.4530612244897959,0.14868024132730015
8,Gm35438-1,8.536162,6.2763553,1.3875283520897876e-17,1.4338884191714083e-15,0.3224489795918367,0.007013574660633484
8,Styxl1,8.49781,3.7173448,1.9319982538967034e-17,1.9857384941359603e-15,0.3510204081632653,0.04038461538461539
8,Ctnnd2,8.489869,5.3214307,2.0686927767716075e-17,2.1185869676646062e-15,0.32653061224489793,0.012594268476621418
8,4930567H12Rik,8.473355,10.372384,2.3842302986830033e-17,2.4329831081955e-15,0.3142857142857143,0.0002639517345399698
8,Rhpn2,8.429072,3.693752,3.484151550044709e-17,3.5490353025240747e-15,0.3469387755102041,0.0333710407239819
8,Zfp827,8.420438,2.7755423,3.7507985036395427e-17,3.813825314209628e-15,0.3836734693877551,0.06636500754147813
8,Ttll5,8.376719,2.0943542,5.4423284195505454e-17,5.504291696938323e-15,0.45714285714285713,0.1668552036199095
8,Tex9,8.374398,3.919968,5.5506916813943443e-17,5.603935018267294e-15,0.33877551020408164,0.027752639517345398
8,Fgd4,8.373298,1.7484882,5.602803307518744e-17,5.646534922715483e-15,0.5183673469387755,0.22228506787330315
8,Celsr1,8.370103,3.294473,5.756772698475558e-17,5.791455728337398e-15,0.3551020408163265,0.040648567119155356
8,Gm35041,8.362382,4.6825647,6.146431927564427e-17,6.156061493049406e-15,0.32653061224489793,0.016101055806938158
8,Mns1,8.362283,6.4690695,6.151628860654207e-17,6.156061493049406e-15,0.3142857142857143,0.004223227752639517
8,Zdhhc1,8.334127,2.4723322,7.807210610272385e-17,7.799129462447718e-15,0.40816326530612246,0.10335595776772247
8,Folr1,8.322203,6.1330953,8.634349287209425e-17,8.610306177985846e-15,0.3142857142857143,0.0058069381598793365
8,Rsph1,8.314935,7.576866,9.180309808241337e-17,9.138741622221504e-15,0.31020408163265306,0.0020739064856711916
8,Mkrn1,8.309274,3.07797,9.628992514693974e-17,9.568664271888126e-15,0.3673469387755102,0.06395173453996983
8,C330002G04Rik,8.290318,5.2547417,1.1294668002439505e-16,1.1184864186554919e-14,0.3183673469387755,0.011538461538461539
8,Agbl3,8.283332,2.6594503,1.197764659365839e-16,1.184061067169275e-14,0.39183673469387753,0.09362745098039216
8,Riiad1,8.236872,4.58814,1.76771421047363e-16,1.7384354897854746e-14,0.3224489795918367,0.017194570135746608
8,Myb,8.194661,5.1923814,2.512994467720124e-16,2.462864337116206e-14,0.3142857142857143,0.009879336349924585
8,Hsph1,8.188988,3.443651,2.6343186322233373e-16,2.5773322549386437e-14,0.3469387755102041,0.04777526395173454
8,Spint2,8.152547,3.7036624,3.563400629863248e-16,3.4743766312507395e-14,0.3346938775510204,0.030957767722473606
8,Gclc,8.142557,2.5872486,3.870142440398109e-16,3.760576462435303e-14,0.39591836734693875,0.10588235294117647
8,Frmd4a,8.100953,3.0374796,5.453011358266219e-16,5.271645496622017e-14,0.3551020408163265,0.05237556561085973
8,Hoxb3,8.093639,2.4222758,5.790795723973806e-16,5.579250411485491e-14,0.4,0.10395927601809955
8,Cpd,8.070925,1.810177,6.976774101757182e-16,6.687954446601947e-14,0.4816326530612245,0.19547511312217195
8,Ift80,8.070156,3.2239225,7.020821960380811e-16,6.718867617580567e-14,0.3469387755102041,0.047812971342383104
8,Rab28,8.051171,1.7362583,8.20053740049783e-16,7.821554440900283e-14,0.49387755102040815,0.20810708898944194
8,Cfap95,8.019672,8.859022,1.0602765708464426e-15,1.0078999702932769e-13,0.2979591836734694,0.0007164404223227752
8,Klhl3,8.007009,3.237943,1.1753217156347153e-15,1.1153998968326054e-13,0.34285714285714286,0.044457013574660635
8,Cfap418,7.9750113,3.2632504,1.5236693148244424e-15,1.4435816049154507e-13,0.34285714285714286,0.05203619909502263
8,Parp8,7.9637804,1.8517554,1.6686102821836992e-15,1.5745318036006266e-13,0.45714285714285713,0.14392911010558068
8,Phtf1,7.963664,2.3522596,1.6701800273524848e-15,1.5745318036006266e-13,0.39591836734693875,0.11006787330316742
8,Gm26644,7.9188495,4.217502,2.3971812241606163e-15,2.2524405294542847e-13,0.3142857142857143,0.019230769230769232
8,Kif24,7.9162703,3.7574558,2.447411428382644e-15,2.2958493269116333e-13,0.32653061224489793,0.036500754147812974
8,Ttc8,7.915427,2.0222929,2.4640549836969226e-15,2.307660441228396e-13,0.42857142857142855,0.14268476621417797
8,Cfap92,7.910929,8.808644,2.5547492391534624e-15,2.384753711912087e-13,0.2938775510204082,0.000641025641025641
8,Spata6,7.875472,1.8952503,3.3945904453681284e-15,3.158355793295859e-13,0.4530612244897959,0.1690422322775264
8,Kifc3,7.8605905,2.1204715,3.823268590454687e-15,3.5513986428887497e-13,0.4122448979591837,0.10961538461538461
8,Saxo2,7.83457,5.684784,4.704510431926262e-15,4.3276175848838983e-13,0.2979591836734694,0.008182503770739065
8,Slc6a17,7.8332405,6.6737013,4.754531119235676e-15,4.3665767171032037e-13,0.2938775510204082,0.003431372549019608
8,Dgkg,7.8282027,4.068286,4.948939589904294e-15,4.537803046517559e-13,0.3142857142857143,0.02379336349924585
8,Myo1e,7.8264832,2.3141117,5.017066448889339e-15,4.592874287238069e-13,0.3877551020408163,0.09000754147812971
8,Scml4,7.816457,3.917882,5.433090094083751e-15,4.965739695782069e-13,0.3142857142857143,0.022473604826546003
8,Drc7,7.799196,8.805351,6.230304444374297e-15,5.667088903628065e-13,0.2897959183673469,0.0007541478129713424
8,BC051019,7.793115,8.498365,6.537703637283536e-15,5.927760872779647e-13,0.2897959183673469,0.0010180995475113123
8,Khdrbs3,7.7687554,3.5429816,7.926091149644101e-15,7.141132217593114e-13,0.3224489795918367,0.033295625942684766
8,Ppp1cb,7.760619,1.7046423,8.451572065929652e-15,7.602542891091631e-13,0.4775510204081633,0.20742835595776773
8,Rasal2,7.747827,1.6118343,9.347846629556639e-15,8.395516323873573e-13,0.49795918367346936,0.21681749622926094
8,Rassf9,7.7346234,5.589593,1.0370967683060386e-14,9.299736548679393e-13,0.2938775510204082,0.00667420814479638
8,Pced1b,7.70219,1.7071383,1.3375401064726976e-14,1.1900136125415918e-12,0.47346938775510206,0.192684766214178
8,Clic6,7.6872835,4.1760325,1.502919665654213e-14,1.3329867395952732e-12,0.30612244897959184,0.020248868778280544
8,Ezr,7.6737146,2.5490339,1.670858813672643e-14,1.4796325304717568e-12,0.35918367346938773,0.0694947209653092
8,Usp54,7.668066,2.249266,1.7460926024509444e-14,1.5438549514931557e-12,0.39183673469387753,0.11108597285067873
8,Cldn2,7.661146,4.6828613,1.842807159472504e-14,1.624323258011205e-12,0.2979591836734694,0.013386123680241327
8,Nxn,7.6606436,2.440548,1.8500332322445848e-14,1.628172214485918e-12,0.37551020408163266,0.08608597285067873
8,Cfap45,7.649824,7.369505,2.0125410207237652e-14,1.7657334092608923e-12,0.2857142857142857,0.0022624434389140274
8,C2cd3,7.625062,2.1133199,2.4391713025867656e-14,2.1269349638681932e-12,0.4,0.12560331825037707
8,Mdm2,7.6133537,1.7854565,2.6707362666427455e-14,2.318654434293596e-12,0.45714285714285713,0.19196832579185522
8,Ubxn11,7.6062846,4.955277,2.8208757857103322e-14,2.444801949986789e-12,0.2938775510204082,0.012217194570135747
8,Efhc1,7.6039753,5.4989343,2.871698359090099e-14,2.485066508585856e-12,0.2897959183673469,0.008220211161387632
8,mt-Nd5,7.603095,2.1548626,2.8913129919580103e-14,2.494458379925471e-12,0.42857142857142855,0.17873303167420815
8,Gtf2f2,7.5823574,1.981665,3.393324898354638e-14,2.9231363545720336e-12,0.42448979591836733,0.15965309200603317
8,Ccnd3,7.5781,1.5635056,3.5065206777525694e-14,3.0115353531208002e-12,0.49387755102040815,0.19276018099547512
8,Tusc3,7.566325,2.1800919,3.8393007431274683e-14,3.2923738496147764e-12,0.3877551020408163,0.1052790346907994
8,Efcab7,7.565071,2.965475,3.876530118306846e-14,3.319300773932483e-12,0.3346938775510204,0.054901960784313725
8,6820408C15Rik,7.5615325,5.97949,3.983485469646747e-14,3.404457722970359e-12,0.2857142857142857,0.005316742081447964
8,Ints6l,7.560847,2.102698,4.0045315326660095e-14,3.413503443136755e-12,0.4,0.12096530920060332
8,Ccdc17,7.5570674,5.3402443,4.122583186838194e-14,3.50887906190962e-12,0.2897959183673469,0.010671191553544495
8,Cep43,7.5449686,2.776906,4.5239616373570924e-14,3.844759695414182e-12,0.3469387755102041,0.07277526395173455
8,Armc3,7.526079,7.0254116,5.228661895707442e-14,4.4304350744565095e-12,0.2816326530612245,0.0026772247360482655
8,Rnf32,7.517905,5.0295215,5.56607387436656e-14,4.70234143145855e-12,0.2897959183673469,0.011236802413273001
8,Gm14280,7.470927,8.801819,7.963192910374132e-14,6.6779406113345135e-12,0.27755102040816326,0.000641025641025641
8,Epb41l5,7.4437265,2.0159369,9.788404590059561e-14,8.1724566827358e-12,0.4122448979591837,0.14890648567119155
8,Pls3,7.4204593,2.06475,1.1671477687437632e-13,9.716163903514418e-12,0.4,0.13012820512820514
8,Tekt1,7.3922334,6.6666822,1.4438300483994254e-13,1.194958238167321e-11,0.27755102040816326,0.0038461538461538464
8,Snx24,7.3895874,1.5721897,1.472849995319779e-13,1.217206844463041e-11,0.4857142857142857,0.20950226244343892
8,Gcnt2,7.3879094,1.9813107,1.4915513278552538e-13,1.230669068260817e-11,0.4,0.12141779788838612
8,Iqcd,7.385413,6.460342,1.5198043674049818e-13,1.2505661919712004e-11,0.27755102040816326,0.0038838612368024134
8,Eno4,7.3416286,7.869226,2.1101007341832646e-13,1.7287949051097736e-11,0.27346938775510204,0.0013951734539969834
8,Clip4,7.3327823,4.211044,2.254233391852986e-13,1.844228499504323e-11,0.2897959183673469,0.016289592760180997
8,Kifap3,7.3322544,1.9031417,2.263126274127488e-13,1.848847534793304e-11,0.4122448979591837,0.1509049773755656
8,Trp73,7.329098,7.428919,2.3170682388131674e-13,1.8902031889149078e-11,0.27346938775510204,0.0017722473604826546
8,Adamts20,7.3247995,8.016907,2.39256462807844e-13,1.9489988910931966e-11,0.27346938775510204,0.002601809954751131
8,Ttc16,7.3205504,5.141376,2.4695585674102037e-13,2.0088447769557774e-11,0.2816326530612245,0.011048265460030167
8,Cfap300,7.267645,4.128746,3.6580858208208016e-13,2.9629454441444845e-11,0.2897959183673469,0.02066365007541478
8,4833428L15Rik,7.2638116,10.507334,3.7633247928622016e-13,3.0438562078177076e-11,0.2693877551020408,0.00022624434389140272
8,Gm13830,7.2573156,5.314943,3.9484768717381685e-13,3.189081156789263e-11,0.27755102040816326,0.008597285067873304
8,Efcab6,7.2529755,9.084461,4.0771429900500956e-13,3.288337096266891e-11,0.2693877551020408,0.000641025641025641
8,Rnf43,7.2493663,2.5712767,4.187267189679905e-13,3.3723787984096674e-11,0.33877551020408164,0.06372549019607843
8,Gm17135,7.2303767,6.0060525,4.816552467908581e-13,3.8682554876612483e-11,0.27346938775510204,0.0058823529411764705
8,Map1b,7.228255,2.0505648,4.892409628216517e-13,3.9236436146517845e-11,0.3795918367346939,0.10222473604826546
8,Wdr27,7.184831,4.9998817,6.72902453568054e-13,5.3738763826954505e-11,0.27755102040816326,0.012141779788838613
8,Ttc39a,7.139194,4.3666945,9.38796339859288e-13,7.465922121218956e-11,0.2816326530612245,0.01753393665158371
8,Gm26542,7.1235943,1.7290833,1.051483428205579e-12,8.315627484090815e-11,0.43673469387755104,0.1902337858220211
8,Atr,7.1195946,2.0924613,1.0824505045017796e-12,8.536816367982803e-11,0.3795918367346939,0.12390648567119156
8,Mindy4,7.114951,2.277497,1.1195256347709586e-12,8.804821708493529e-11,0.3510204081632653,0.08495475113122172
8,Ankrd45,7.1082516,7.340322,1.1752210475754594e-12,9.217391414599756e-11,0.2653061224489796,0.0018099547511312218
8,Cd24a,7.101648,5.676429,1.2327802833047737e-12,9.655535366115147e-11,0.2693877551020408,0.006033182503770739
8,Dkk3,7.083967,4.51623,1.4008526246808936e-12,1.092684237013079e-10,0.27755102040816326,0.014592760180995475
8,Gm9929,7.0540295,3.9270108,1.7380933999316381e-12,1.350187943867768e-10,0.2857142857142857,0.026282051282051282
8,Ccdc192,7.0351777,6.2346625,1.990074248080889e-12,1.5417254117003252e-10,0.2653061224489796,0.004638009049773756
8,Coq8b,7.0256953,2.4334512,2.1300262326137486e-12,1.6434393456810225e-10,0.3469387755102041,0.09558823529411764
8,Jhy,7.024632,8.377439,2.146309001615439e-12,1.6537615813394414e-10,0.2612244897959184,0.0008672699849170437
8,Ttll6,7.023872,8.376076,2.158023405458067e-12,1.6582997399485533e-10,0.2612244897959184,0.0009049773755656109
8,Hunk,7.0174055,2.234226,2.2602617928208907e-12,1.734522462870813e-10,0.3469387755102041,0.0784313725490196
8,Ppp2r2b,7.0166993,1.7254786,2.2717082342339872e-12,1.7409601422007736e-10,0.4163265306122449,0.1386500754147813
8,Lztfl1,7.015196,2.140689,2.296272185674252e-12,1.757419818877387e-10,0.363265306122449,0.10878582202111614
8,Ckb,7.010328,2.9428818,2.377600225868581e-12,1.814784644251781e-10,0.31020408163265306,0.0498868778280543
8,Trpm3,7.005946,1.8051287,2.4532211115547444e-12,1.8699981701879346e-10,0.39591836734693875,0.12319004524886878
8,Stxbp4,6.9986115,2.508943,2.5851175011512524e-12,1.9679034175541906e-10,0.3346938775510204,0.08167420814479638
8,Slc4a8,6.990691,5.5816617,2.735356937268963e-12,2.0739541859524902e-10,0.2653061224489796,0.0057692307692307696
8,1700029J07Rik,6.9902673,3.441487,2.743629669719853e-12,2.0774603327595499e-10,0.2938775510204082,0.03665158371040724
8,Cacna2d3,6.9653845,1.9836177,3.2750786145068438e-12,2.4732924587352016e-10,0.3673469387755102,0.09849170437405731
8,Nipal2,6.944705,4.368795,3.7925194957145245e-12,2.8523810522569884e-10,0.27346938775510204,0.015648567119155354
8,Fads2,6.944535,2.9656532,3.7970967099467824e-12,2.8523810522569884e-10,0.30612244897959184,0.04905731523378582
8,Pde6h,6.9442024,6.345559,3.806043459550822e-12,2.8553349226651296e-10,0.2612244897959184,0.0038838612368024134
8,Banp,6.9439864,1.6038556,3.811869926560343e-12,2.8559432301088486e-10,0.44081632653061226,0.19852941176470587
8,Ppargc1a,6.8871603,2.0284934,5.69170856932201e-12,4.2475960372970456e-10,0.37142857142857144,0.1248868778280543
8,Ttc26,6.88564,4.47872,5.752824641499457e-12,4.287586229209693e-10,0.2693877551020408,0.013461538461538462
8,Dzank1,6.8431473,4.4494815,7.747198860727249e-12,5.729003251021692e-10,0.2693877551020408,0.01647812971342383
8,Pawr,6.84171,1.8037043,7.825332360008674e-12,5.779276911948819e-10,0.3877551020408163,0.11881598793363499
8,Scd2,6.835937,1.860602,8.14707757930704e-12,6.001329164855397e-10,0.39183673469387753,0.15007541478129713
8,Cntrl,6.8337355,2.2432108,8.273140807294684e-12,6.086316675816106e-10,0.3469387755102041,0.09800150829562594
8,Fbxl2,6.8240542,2.976886,8.850646835572106e-12,6.494390225055558e-10,0.3020408163265306,0.05222473604826546
8,Mcc,6.8217406,1.7656946,8.994386153088363e-12,6.591368622175089e-10,0.39591836734693875,0.1303921568627451
8,5330413P13Rik,6.8199463,9.818778,9.107440500327748e-12,6.665639711171753e-10,0.2530612244897959,0.00033936651583710406
8,Lmln,6.8182726,2.8005657,9.214160101661078e-12,6.735089734899658e-10,0.31020408163265306,0.06210407239819005
8,Kndc1,6.7839575,7.465336,1.1692757622326171e-11,8.470703712123085e-10,0.2530612244897959,0.001583710407239819
8,Dnali1,6.78343,7.420923,1.1735548576173323e-11,8.490900527012519e-10,0.2530612244897959,0.0016214177978883862
8,D630045J12Rik,6.780066,2.7745302,1.2012098874566648e-11,8.679960939298216e-10,0.3020408163265306,0.04792609351432881
8,Mycbpap,6.7658033,7.0410533,1.3257147858976158e-11,9.567493741926e-10,0.2530612244897959,0.0023378582202111613
8,Jag1,6.764732,1.7885991,1.3355635381789834e-11,9.626370054107532e-10,0.40408163265306124,0.17024886877828055
8,Rgs12,6.7512875,3.116429,1.4653898639658377e-11,1.0548769183827909e-09,0.2897959183673469,0.0385369532428356
8,Mlf1,6.746586,6.669945,1.5136456397489163e-11,1.0868662846524974e-09,0.2530612244897959,0.003167420814479638
8,Tulp3,6.738379,2.4250484,1.601635960648666e-11,1.1442754483725932e-09,0.32653061224489793,0.08009049773755657
8,Lama5,6.723211,3.6471887,1.7776320571930858e-11,1.2652518371078938e-09,0.27346938775510204,0.022360482654600302
8,Hnf1b,6.713774,3.1329694,1.8965358399245042e-11,1.3465167987673467e-09,0.2857142857142857,0.033672699849170436
8,Pdgfa,6.7130103,3.562273,1.9064993095575052e-11,1.351905070803411e-09,0.27755102040816326,0.029147812971342384
8,Tjp2,6.698706,1.9306515,2.1027325171527187e-11,1.4836640924311395e-09,0.3673469387755102,0.116289592760181
8,Tmem67,6.665757,3.6246567,2.6330396031601095e-11,1.844131710252642e-09,0.27346938775510204,0.02616892911010558
8,Sgms2,6.651005,2.385438,2.910990972116816e-11,2.0352359462224163e-09,0.3183673469387755,0.0685897435897436
8,Ralgps1,6.6151614,1.5161377,3.711471126401214e-11,2.5835559585380384e-09,0.4326530612244898,0.1972473604826546
8,Fat1,6.6139026,1.9181187,3.7431777326169974e-11,2.602445461208113e-09,0.3673469387755102,0.12745098039215685
8,Lyrm1,6.5706,2.5332026,5.0112969684364994e-11,3.4629643286376545e-09,0.31020408163265306,0.06975867269984917
8,Nme7,6.5591283,1.7572032,5.412323280489632e-11,3.726518741407015e-09,0.3836734693877551,0.14536199095022626
8,Dync2i2,6.554954,2.7510877,5.5658975840183324e-11,3.827630124777631e-09,0.2979591836734694,0.057352941176470586
8,Dixdc1,6.5408745,2.1169593,6.116023244082157e-11,4.200874300859857e-09,0.33877551020408164,0.1026395173453997
8,Akt3,6.520988,1.3375326,6.984576961136358e-11,4.7744153270596085e-09,0.47346938775510206,0.20776772247360484
8,Efcab11,6.5206227,4.7958384,7.001619156292682e-11,4.780326095665007e-09,0.2530612244897959,0.011425339366515836
8,Myo5b,6.519501,1.8259937,7.054161902175713e-11,4.809735225523204e-09,0.35918367346938773,0.10426093514328809
8,Usp6nl,6.517175,1.6239882,7.16437170161643e-11,4.873912653067397e-09,0.40816326530612246,0.17209653092006033
8,Dsp,6.5033984,3.8988144,7.852538685356012e-11,5.329337369283155e-09,0.2612244897959184,0.019004524886877826
8,Bcl2l1,6.4826818,1.6463124,9.010651889162103e-11,6.079093948113498e-09,0.40408163265306124,0.17107843137254902
8,Csrp2,6.4727345,2.6592553,9.624509518641479e-11,6.4702384474730154e-09,0.2938775510204082,0.05131975867269985
8,Sipa1l2,6.4533134,2.1594877,1.0943084256293922e-10,7.3049256815666144e-09,0.32653061224489793,0.08868778280542987
8,Cdc14b,6.432318,1.8654895,1.256724471804592e-10,8.340227056995954e-09,0.3673469387755102,0.13834841628959277
8,Mcu,6.4244018,1.353447,1.3238915243440822e-10,8.765547359032137e-09,0.4530612244897959,0.20599547511312216
8,Ptprt,6.421274,2.3096535,1.3513830698493926e-10,8.926810136925088e-09,0.30612244897959184,0.0611236802413273
8,Ralgps2,6.409184,2.5456018,1.463007002770366e-10,9.61952445089462e-09,0.2938775510204082,0.052677224736048266
8,Iqcb1,6.3862987,1.9520643,1.699487272202842e-10,1.1072140133467052e-08,0.3469387755102041,0.11436651583710407
8,Hnf4a,6.3787565,3.8053346,1.785318017481037e-10,1.1618033512387168e-08,0.2571428571428571,0.019343891402714933
8,Cfap20,6.377448,2.4988508,1.8006310221497707e-10,1.1704307195460056e-08,0.3020408163265306,0.06757164404223227
8,Sacs,6.3645434,3.7801995,1.958713135262929e-10,1.2702857019932396e-08,0.2612244897959184,0.027564102564102563
8,Fgf13,6.3631644,2.1530921,1.9763861576254752e-10,1.2802890125296039e-08,0.3346938775510204,0.09777526395173454
8,Zfp704,6.3623047,1.3669268,1.987483923875938e-10,1.2860150239706794e-08,0.4530612244897959,0.22179487179487178
8,Pdcd4,6.337397,1.3748897,2.3367895551682215e-10,1.501796095494737e-08,0.4489795918367347,0.22115384615384615
8,Elovl7,6.337397,4.00066,2.3367895551682215e-10,1.501796095494737e-08,0.2530612244897959,0.017383107088989443
8,Syt2,6.316049,2.3967786,2.683350070711612e-10,1.716771195240336e-08,0.3020408163265306,0.06523378582202112
8,Gm14964,6.3051257,3.8809838,2.8796015132248535e-10,1.8381994368221567e-08,0.2530612244897959,0.01832579185520362
8,Ankrd6,6.3047686,3.0620968,2.886250001501708e-10,1.8403803061087206e-08,0.2693877551020408,0.03284313725490196
8,Acsbg1,6.27719,1.7090577,3.447462523281324e-10,2.1884276871589952e-08,0.3469387755102041,0.09709653092006033
8,Tpk1,6.270599,1.3617873,3.596621812189148e-10,2.2780338443588688e-08,0.4489795918367347,0.22733785822021116
8,Trp53bp1,6.269419,1.6317941,3.6239711010058197e-10,2.292805982915249e-08,0.3877551020408163,0.16323529411764706
8,Acer3,6.2665744,1.7008907,3.69077496587251e-10,2.3324796596198288e-08,0.363265306122449,0.12345399698340875
8,Hspa4l,6.265673,2.5585384,3.712187298785424e-10,2.3434108312654192e-08,0.2938775510204082,0.06429110105580693
8,Zc3h12b,6.232147,2.7131803,4.600852393403378e-10,2.8915798690152513e-08,0.2857142857142857,0.055165912518853694
8,Rgs3,6.226868,2.7060757,4.758512497491636e-10,2.984079957265102e-08,0.2816326530612245,0.05075414781297134
8,Gm56906,6.213831,2.8192382,5.17082172315588e-10,3.235513843277131e-08,0.2816326530612245,0.05429864253393665
8,Gm16759,6.207879,1.8150781,5.370447098174245e-10,3.353055133959865e-08,0.3551020408163265,0.13367269984917043
8,Pkp4,6.1962748,1.5469267,5.781524872465231e-10,3.6018140893111894e-08,0.37142857142857144,0.12767722473604826
8,Slc6a6,6.190003,1.5123394,6.016308222350238e-10,3.739897450751582e-08,0.4,0.16987179487179488
8,Farp1,6.1617475,1.1944906,7.1946422782376e-10,4.4626375377464837e-08,0.4857142857142857,0.24457013574660633
8,Prkcz,6.117664,3.0412538,9.495702995669248e-10,5.845349451636786e-08,0.2653061224489796,0.03804675716440422
8,Hnf1aos1,6.1122565,3.2638195,9.823224333545036e-10,6.040434306440474e-08,0.2571428571428571,0.02892156862745098
8,Nrg1,6.1115546,3.4789224,9.866536205369334e-10,6.06052252502627e-08,0.2530612244897959,0.025490196078431372
8,Mipep,6.1028366,2.2410374,1.0420242269802648e-09,6.373136574487998e-08,0.30612244897959184,0.08401206636500755
8,Pcnx4,6.094696,2.5700994,1.0964566925890628e-09,6.69167637006579e-08,0.2857142857142857,0.06315987933634992
8,Chchd6,6.0814676,1.2741709,1.1908751727289147e-09,7.252366118754773e-08,0.45714285714285713,0.24543740573152337
8,Ccdc157,6.0777917,3.246592,1.218488414173028e-09,7.412601366605383e-08,0.2571428571428571,0.03193815987933635
8,Ift43,6.0509567,1.7157308,1.4398793677816897e-09,8.65767382057626e-08,0.3551020408163265,0.13570889894419305
8,Pltp,6.043867,2.264222,1.5046340948465402e-09,9.018459999437564e-08,0.2897959183673469,0.0611236802413273
8,Ptges3,6.0315356,1.6044672,1.6240868685977616e-09,9.703791226109669e-08,0.37142857142857144,0.15441176470588236
8,Azin2,6.0283213,2.1109126,1.65671595040721e-09,9.87801706095675e-08,0.3183673469387755,0.10369532428355958
8,Atp6v1c1,6.00782,1.807441,1.8803420889136945e-09,1.117625875624579e-07,0.3469387755102041,0.13322021116138763
8,Sorcs2,6.0060964,1.9053298,1.9004305218345307e-09,1.1283880536369136e-07,0.3183673469387755,0.08665158371040724
8,Agpat4,5.9928474,2.8140452,2.0619839721425132e-09,1.2217630526302482e-07,0.2653061224489796,0.041402714932126695
8,Mapkbp1,5.9660583,1.6501452,2.4305361805163064e-09,1.4326828225132402e-07,0.3673469387755102,0.15290346907993968
8,Polk,5.9637365,2.1048934,2.465342286738032e-09,1.4516965372197548e-07,0.31020408163265306,0.09204374057315234
8,Togaram1,5.9622245,1.4800693,2.4882672009588836e-09,1.4636820525805765e-07,0.3877551020408163,0.17447209653092005
8,Sfxn2,5.959438,2.3729284,2.531072492112033e-09,1.487325064740467e-07,0.2897959183673469,0.07149321266968325
8,Hsp90aa1,5.9427247,2.6388996,2.8032308822790603e-09,1.6404806749008426e-07,0.27346938775510204,0.05433634992458522
8,Cep89,5.9306965,2.5243714,3.0165227656755705e-09,1.7598752336099657e-07,0.27755102040816326,0.0585972850678733
8,Iqgap2,5.8863883,1.1644747,3.94725744608047e-09,2.2864779881715974e-07,0.46122448979591835,0.20810708898944194
8,Trerf1,5.886189,1.1214405,3.952019306944843e-09,2.2869098715116494e-07,0.4489795918367347,0.20165912518853696
8,Aebp2,5.8718185,1.3895319,4.310403330385367e-09,2.484197125865113e-07,0.42448979591836733,0.23159879336349926
8,Ift57,5.8657837,2.8640227,4.470161084915192e-09,2.565881475162862e-07,0.2612244897959184,0.04539969834087481
8,Tox,5.8647165,2.0019207,4.499011789011274e-09,2.577245777445583e-07,0.2979591836734694,0.07394419306184012
8,Spata7,5.809813,2.381066,6.2542614031434715e-09,3.564803789353278e-07,0.2857142857142857,0.0768476621417798
8,Cbx6,5.8093314,2.5590096,6.272284633012222e-09,3.571501592883489e-07,0.2693877551020408,0.05411010558069382
8,Anxa11,5.748331,1.9065055,9.012866463578063e-09,5.066156261624861e-07,0.3142857142857143,0.10418552036199095
8,Nt5e,5.736274,2.4408092,9.678214895350052e-09,5.429430880355934e-07,0.27346938775510204,0.062141779788838614
8,Eva1c,5.721413,2.3931322,1.0564168021919328e-08,5.914791458565473e-07,0.27346938775510204,0.06202865761689291
8,Tecpr2,5.715403,1.7673428,1.0944420414282564e-08,6.121672326224593e-07,0.3224489795918367,0.11266968325791855
8,Pou6f1,5.701373,2.1641507,1.1884614196411258e-08,6.628029549048516e-07,0.2897959183673469,0.08114630467571644
8,Katnal2,5.6920614,2.839798,1.2551473568583778e-08,6.979428285827432e-07,0.2571428571428571,0.049773755656108594
8,Chuk,5.6855655,1.2301683,1.303804985280737e-08,7.242922894328824e-07,0.43673469387755104,0.23672699849170437
8,Ahi1,5.6653304,2.4340458,1.4674154298820509e-08,8.120126529923602e-07,0.2653061224489796,0.05373303167420815
8,Lrrc8b,5.656496,2.441358,1.544944264406441e-08,8.532557842829017e-07,0.2693877551020408,0.060784313725490195
8,Ndufaf2,5.6467443,1.9402832,1.635149491776856e-08,8.995849972102992e-07,0.31020408163265306,0.1079185520361991
8,Atg4a,5.61706,1.7470291,1.9423392338863747e-08,1.0603905878880542e-06,0.3306122448979592,0.1259049773755656
8,Dach1,5.6096797,1.7753824,2.0270160153341422e-08,1.1028935895358993e-06,0.3020408163265306,0.08469079939668175
8,Daam1,5.6096005,1.2865641,2.027940479169819e-08,1.1028935895358993e-06,0.4204081632653061,0.22665912518853695
8,Fhod3,5.586832,2.340868,2.31249315194372e-08,1.2492948061179066e-06,0.27346938775510204,0.06568627450980392
8,Alms1,5.5592203,2.092419,2.7098227565263356e-08,1.4529191862463848e-06,0.2857142857142857,0.0801659125188537
8,Mme,5.539293,2.542258,3.036958098769953e-08,1.620688201518837e-06,0.27346938775510204,0.07639517345399699
8,S100pbp,5.5384455,1.3429333,3.0516844231119866e-08,1.6270221230001837e-06,0.3836734693877551,0.17975113122171946
8,Hnrnpll,5.524532,1.1530654,3.303657587471515e-08,1.753155327942363e-06,0.4448979591836735,0.24588989441930617
8,Map2k6,5.523697,1.858907,3.3194012447393105e-08,1.7598698908445163e-06,0.3020408163265306,0.09430618401206636
8,Eya2,5.517363,1.6834058,3.4412431903590044e-08,1.8210764730690712e-06,0.3020408163265306,0.08574660633484163
8,Gfod2,5.5116396,1.3971024,3.555063067763156e-08,1.8795621740158018e-06,0.39183673469387753,0.20610859728506786
8,2810403D21Rik,5.4985895,1.644903,3.8284066683575165e-08,2.018456519471716e-06,0.3306122448979592,0.12824283559577676
8,Hspa12a,5.4801073,1.4175091,4.2506792163070854e-08,2.2266598459589854e-06,0.3836734693877551,0.20003770739064858
8,Tpm1,5.469869,2.0042694,4.503675745100751e-08,2.3548558365636534e-06,0.2816326530612245,0.07575414781297134
8,Phc2,5.4601755,1.5062646,4.756644989617777e-08,2.4848451592094115e-06,0.3469387755102041,0.14717194570135747
8,N4bp2,5.456753,1.8146073,4.849201518867909e-08,2.530874277597228e-06,0.3020408163265306,0.09947209653092005
8,Wdr93,5.4307613,2.0712147,5.611414826094293e-08,2.9126670156119885e-06,0.2816326530612245,0.08472850678733032
8,Tpd52,5.4177656,1.5578197,6.034850990965992e-08,3.129370856988138e-06,0.3142857142857143,0.10199849170437406
8,Coro7,5.417616,1.9745626,6.03989844194862e-08,3.129370856988138e-06,0.2857142857142857,0.08408748114630468
8,Eml4,5.390868,1.227183,7.011803947273932e-08,3.6230410940265423e-06,0.4122448979591837,0.2203996983408748
8,Cc2d2a,5.353239,1.4318032,8.639365073502978e-08,4.427849564809478e-06,0.3469387755102041,0.15098039215686274
8,Gas6,5.3382206,1.17429,9.386331847179194e-08,4.7977299973988374e-06,0.40408163265306124,0.20060331825037708
8,Fnbp1l,5.3290663,1.6664035,9.871890306024e-08,5.023371813362936e-06,0.2979591836734694,0.09208144796380091
8,Nhsl1,5.322778,2.1912012,1.0219431057385821e-07,5.1909422287119185e-06,0.2612244897959184,0.061048265460030164
8,Ptma,5.322778,1.5628061,1.0219431057385821e-07,5.1909422287119185e-06,0.32653061224489793,0.12869532428355956
8,Rapgef4,5.3193808,1.9813756,1.0412101773474849e-07,5.284095250297963e-06,0.2653061224489796,0.06070889894419306
8,Nup153,5.2940454,1.2610565,1.1963977052574138e-07,6.044727749340053e-06,0.3795918367346939,0.18774509803921569
8,Ift172,5.28973,2.4165676,1.2249707302419106e-07,6.18360446371495e-06,0.2530612244897959,0.05874811463046757
8,Hoxb6,5.2165647,1.7308754,1.8227215933634225e-07,9.096195464303825e-06,0.2857142857142857,0.08661387631975867
8,Slc12a7,5.1700177,1.866433,2.3407168500221732e-07,1.1589805057140223e-05,0.2857142857142857,0.1
8,Ptprf,5.144263,2.0162578,2.6857327465893763e-07,1.3252019785402572e-05,0.2693877551020408,0.07997737556561085
8,Ckap5,5.1298923,1.2049586,2.899080823237733e-07,1.4255316162001708e-05,0.39591836734693875,0.21481900452488686
8,Arl3,5.114317,1.9153533,3.1487791318557054e-07,1.544443460784461e-05,0.27755102040816326,0.08989441930618401
8,Tasp1,5.110035,1.202239,3.220990461328408e-07,1.575656510811863e-05,0.3836734693877551,0.1951734539969834
8,Nubpl,5.083391,1.8021774,3.7075483626171706e-07,1.8043718915879e-05,0.2897959183673469,0.10806938159879337
8,Wwp2,5.074873,1.4952384,3.8775541152046077e-07,1.8822831106041393e-05,0.3142857142857143,0.12435897435897436
8,Cep164,5.06098,2.071437,4.171074688092483e-07,2.016172867696724e-05,0.2612244897959184,0.07673453996983409
8,Cdk9,5.036471,1.7074866,4.741933509235766e-07,2.2804935468698798e-05,0.2897959183673469,0.1051659125188537
8,Marchf8,4.9895835,1.3501531,6.05095850237698e-07,2.880833010734512e-05,0.3510204081632653,0.17443438914027148
8,Shroom4,4.983856,1.8711938,6.232943559466673e-07,2.960050368803935e-05,0.2612244897959184,0.07058823529411765
8,Mfhas1,4.9581842,1.3128457,7.115507389988008e-07,3.3735562555645894e-05,0.3183673469387755,0.11972096530920061
8,Sox13,4.943394,2.0030859,7.677405058518763e-07,3.624868336957852e-05,0.2571428571428571,0.07394419306184012
8,Pkig,4.9195995,1.455943,8.672144974668741e-07,4.0575234757815343e-05,0.30612244897959184,0.11862745098039215
8,Casd1,4.9187937,1.614907,8.707913786334829e-07,4.07091394833901e-05,0.3020408163265306,0.12680995475113122
8,Slco3a1,4.900548,1.1404098,9.556964717580598e-07,4.445940588102588e-05,0.35918367346938773,0.16459276018099547
8,5730480H06Rik,4.865228,1.8373456,1.1432494788533205e-06,5.3005911426246085e-05,0.2653061224489796,0.08521870286576169
8,Rbbp8,4.803721,1.4302402,1.5574385312912608e-06,7.105938093770487e-05,0.3020408163265306,0.11817496229260935
8,Tns3,4.80299,1.2073314,1.5631373172069325e-06,7.126229141639707e-05,0.34285714285714286,0.15245098039215688
8,Tbc1d1,4.8023796,1.1871334,1.5679124572636537e-06,7.142280258323976e-05,0.3346938775510204,0.14200603318250377
8,Rnf41,4.7934084,1.7071178,1.6397153957169755e-06,7.439604330479706e-05,0.27755102040816326,0.10271493212669683
8,Fbrsl1,4.7895412,1.1262851,1.671629183825257e-06,7.572333918551628e-05,0.3836734693877551,0.2141025641025641
8,Phactr4,4.770187,1.2487416,1.8405519962602728e-06,8.311092087157509e-05,0.3469387755102041,0.1720211161387632
8,Arap1,4.755135,1.811745,1.9831385906214424e-06,8.926631975381468e-05,0.2571428571428571,0.07873303167420814
8,Myof,4.719358,1.1245409,2.365901422908444e-06,0.00010566022974261153,0.3510204081632653,0.1603318250377074
8,Unc13b,4.6926727,1.6350929,2.6965875035899456e-06,0.0001196776220124046,0.27755102040816326,0.10388386123680242
8,Prex2,4.67289,1.5569266,2.9699048470147257e-06,0.0001309909774545821,0.2612244897959184,0.08159879336349925
8,Ddx46,4.6710463,1.2364763,2.9966958067287133e-06,0.0001318518674693598,0.33877551020408164,0.16659125188536952
8,Dph6,4.670884,1.4177842,2.9990601121970033e-06,0.0001318518674693598,0.30612244897959184,0.13469079939668174
8,Itgb3bp,4.670751,1.8321593,3.0010013916209813e-06,0.0001318518674693598,0.2571428571428571,0.08597285067873303
8,Dennd2b,4.650969,1.0973334,3.3037924849402895e-06,0.0001443083537589792,0.37142857142857144,0.19396681749622927
8,Slc25a21,4.641146,1.210949,3.464819374966619e-06,0.00015094895182094436,0.3183673469387755,0.13058069381598794
8,5930430L01Rik,4.637998,1.8584502,3.518003395380844e-06,0.0001530318039238966,0.2571428571428571,0.09027149321266968
8,Katnal1,4.6243124,1.6436539,3.758426892111651e-06,0.00016299206828920755,0.27755102040816326,0.11067119155354449
8,Ascc1,4.6118693,1.7554386,3.990641793630554e-06,0.00017266803523641137,0.2693877551020408,0.10512820512820513
8,1110019D14Rik,4.561497,1.1619809,5.079013908581605e-06,0.0002167947008759709,0.35918367346938773,0.19879336349924584
8,Dpysl2,4.550931,1.392855,5.340903079990656e-06,0.0002278025185601108,0.27755102040816326,0.09943438914027149
8,Man1a2,4.5480943,1.1369762,5.413385841921919e-06,0.0002303763850709088,0.3551020408163265,0.1888763197586727
8,Nudt4,4.5454154,1.1410214,5.482699811906835e-06,0.00023315191186690598,0.363265306122449,0.2082579185520362
8,Tbcel,4.537109,1.6807452,5.703069940668988e-06,0.00024198100260181283,0.2653061224489796,0.09939668174962292
8,Mettl15,4.529529,1.4941128,5.9115352723847996e-06,0.00025008078004818936,0.2857142857142857,0.12039969834087481
8,Lclat1,4.4855447,1.1794955,7.27278451964026e-06,0.0003049481762392018,0.33877551020408164,0.1771870286576169
8,Rmdn1,4.4772425,1.1501292,7.561341743826229e-06,0.00031658114723177156,0.3551020408163265,0.20015082956259428
8,Grk3,4.443924,1.3794059,8.833278692782239e-06,0.00036767231143692506,0.30612244897959184,0.14785067873303168
8,Tbc1d19,4.4323072,1.3403431,9.323008188870684e-06,0.00038608102493271684,0.2979591836734694,0.13408748114630467
8,Traf3,4.4257116,1.0815142,9.61248720087068e-06,0.0003974906562852414,0.3469387755102041,0.18103318250377073
8,Calm2,4.4246025,1.1254778,9.661994603070764e-06,0.00039924792067739644,0.3510204081632653,0.19728506787330316
8,Cacna1a,4.396414,1.4210864,1.1005401391652855e-05,0.0004524610546152384,0.27346938775510204,0.1060708898944193
8,Cobl,4.3473296,1.3459172,1.3780512366427982e-05,0.0005612848030449039,0.2653061224489796,0.09400452488687783
8,Klf12,4.3457346,1.1558261,1.388103214162524e-05,0.0005641683448795738,0.2938775510204082,0.11858974358974358
8,Gm49797,4.343388,1.0587847,1.4030204726044942e-05,0.0005698244559955242,0.35918367346938773,0.20154600301659126
8,Exoc6,4.308313,1.0059537,1.645045717881639e-05,0.0006624508360813183,0.3551020408163265,0.1897812971342383
8,St3gal2,4.273973,1.52716,1.920203587965072e-05,0.0007689051512118085,0.2612244897959184,0.10282805429864253
8,G3bp1,4.219614,1.0720214,2.4472115442029656e-05,0.0009676852259615351,0.3510204081632653,0.20282805429864253
8,Adcy6,4.202431,1.1495646,2.6406330314730694e-05,0.0010391173838639118,0.30612244897959184,0.14852941176470588
8,Wars2,4.1892734,1.5850064,2.798488824876533e-05,0.001095933646336277,0.2571428571428571,0.10569381598793363
8,Tle4,4.1207266,1.043997,3.776794320432863e-05,0.0014550368430295512,0.3346938775510204,0.17846907993966818
8,Ctsl,4.1144924,1.2062413,3.8803235608020074e-05,0.0014929020532136966,0.30612244897959184,0.1589366515837104
8,Usp37,4.106979,1.1231598,4.008677078272021e-05,0.0015391644067018688,0.3306122448979592,0.19264705882352942
8,Ccdc6,4.1025763,1.098247,4.085748487559678e-05,0.0015676994921168168,0.3306122448979592,0.1853318250377074
8,Abhd2,4.079941,1.2948031,4.504720476575398e-05,0.0017134488220219087,0.2693877551020408,0.11534690799396682
8,Irf2bp2,4.0572634,1.2391466,4.965109427308084e-05,0.0018810265861633373,0.2857142857142857,0.13378582202111614
8,Srebf2,4.0318446,1.3875824,5.534073590175153e-05,0.002081345338825386,0.2571428571428571,0.10667420814479638
8,Cabin1,4.0201406,1.127953,5.8163413881821046e-05,0.0021831792681903574,0.3142857142857143,0.17205882352941176
8,Swt1,3.992658,1.0058284,6.533680650110442e-05,0.002434779515038866,0.35918367346938773,0.22149321266968325
8,Ccl25,3.9669154,1.0614995,7.280883127457175e-05,0.002692082897146357,0.3183673469387755,0.1758295625942685
8,Inpp4a,3.9470167,1.2434402,7.913105767064754e-05,0.0029069687450479624,0.2816326530612245,0.13552036199095022
8,Spin1,3.895677,1.1883515,9.79248106528613e-05,0.003529073824926947,0.27346938775510204,0.12609351432880844
8,Chst11,3.8659556,1.1641463,0.00011065506556110119,0.0039602828963637106,0.30612244897959184,0.17107843137254902
8,Zfp185,3.8260293,1.1094878,0.0001302267417947361,0.004571665169256515,0.2897959183673469,0.14709653092006034
8,Cnot10,3.8139265,1.0371037,0.00013677614732263195,0.004772163360721805,0.2979591836734694,0.15256410256410258
8,Arl13b,3.802916,1.2736775,0.0001430028651841324,0.004974176021044401,0.2530612244897959,0.10987933634992458
8,Zc2hc1a,3.7978365,1.0581865,0.00014596459089963402,0.00506482009166122,0.30612244897959184,0.16855203619909503
8,Ahdc1,3.7849154,1.0402061,0.00015376091348495198,0.005305508904848461,0.2938775510204082,0.14905731523378582
8,St3gal6,3.7718613,1.0472041,0.00016203429438647863,0.005561419383158819,0.2897959183673469,0.146342383107089
8,Ip6k2,3.7409935,1.1627827,0.00018329418419285403,0.006257166751873681,0.2653061224489796,0.12541478129713424
8,Strada,3.6544003,1.2796432,0.0002577838081677747,0.008529034178315666,0.2530612244897959,0.1221342383107089
8,Ppcdc,3.5800261,1.2658776,0.000343559802063821,0.011153157747614615,0.2571428571428571,0.1305052790346908
8,Slc39a11,3.541292,1.2254189,0.0003981726973013401,0.012751603800357485,0.2571428571428571,0.13031674208144797
8,Snx12,3.5266056,1.053722,0.0004209230950258828,0.013397306849563325,0.2938775510204082,0.17047511312217195
8,Morf4l2,3.4262898,1.035609,0.0006118873400923335,0.0188848469745182,0.27346938775510204,0.14856711915535445
8,Txnrd1,3.4059591,1.1079407,0.0006593206906084947,0.020216682522314646,0.2571428571428571,0.13205128205128205
8,Plekhg3,3.325085,1.0245264,0.0008839161118295856,0.026420507781463744,0.2530612244897959,0.12643288084464555
8,Gcc2,3.2485013,1.004127,0.0011601472333137171,0.03387689416005967,0.2653061224489796,0.14773755656108598
9,Reln,18.090185,10.95959,3.8080338684872156e-73,2.1683325650553055e-68,0.8095238095238095,0.004135804790013911
9,Galnt18,17.612024,5.436389,1.9919078212961092e-69,5.6710611626210886e-65,0.8392857142857143,0.1362559687182765
9,Elmo1,16.722986,4.557677,8.913913657340902e-63,1.2689178939066208e-58,0.8333333333333334,0.18539684926871453
9,Ldb2,15.974112,6.128141,1.9359264809275865e-57,2.204671795009954e-53,0.7440476190476191,0.04887769297289168
9,Mmrn1,15.947222,9.929892,2.978562058597849e-57,2.826705036310335e-53,0.7142857142857143,0.004211001240741437
9,Sema6a,15.633757,6.0582194,4.287618606631595e-55,3.051766138502621e-51,0.7261904761904762,0.048351317817799
9,Elk3,15.007593,5.5910573,6.548102939403838e-51,3.814536213763396e-47,0.7023809523809523,0.05350227469263451
9,Nxn,15.006081,5.1997304,6.699102955275454e-51,3.814536213763396e-47,0.7202380952380952,0.08474639996992142
9,Zfp521,14.504651,4.163934,1.1321213474241774e-47,5.860374694880008e-44,0.7380952380952381,0.2044215513027785
9,Prex2,14.407643,4.8636813,4.632492203653055e-47,2.0290672197554508e-43,0.6964285714285714,0.07936985374290334
9,Ntn1,13.818086,4.663252,1.98271727733189e-43,8.064136034896796e-40,0.6785714285714286,0.10425987893371433
9,Dennd4a,13.1013155,3.7095013,3.23599094591262e-39,1.1516285028200657e-35,0.6845238095238095,0.22735646877467383
9,Kalrn,12.951304,5.059562,2.3099526780275963e-38,7.737118555268786e-35,0.6190476190476191,0.05989397300447419
9,Flt4,12.47725,9.191787,9.935866970836328e-36,2.9776747430862705e-32,0.5595238095238095,0.0027822686769184493
9,Rhoj,12.261935,4.2121615,1.449956988729408e-34,3.9315238521543437e-31,0.6190476190476191,0.09369477760649697
9,Stxbp6,11.919977,3.972022,9.313393757584091e-33,2.30571284326346e-29,0.6130952380952381,0.1297890739557093
9,Vav3,11.625805,3.3320525,3.0470873175868274e-31,6.673238421181213e-28,0.6488095238095238,0.1491897582434109
9,Prkg1,11.543547,3.5937333,7.957493849324103e-31,1.6182416331227273e-27,0.6309523809523809,0.1380606835357371
9,Prkch,11.531291,4.4474545,9.175694411679249e-31,1.8016317775704415e-27,0.5654761904761905,0.0626010452306651
9,Prox1,11.437965,10.283686,2.701475742978671e-30,4.9620880735789845e-27,0.5119047619047619,0.001127946760912885
9,Shank3,11.327485,5.8092957,9.591943659459568e-30,1.706796449729023e-26,0.5238095238095238,0.020039854118885588
9,Timp3,10.995124,4.0441585,4.0336126408911796e-28,6.044156246973281e-25,0.5535714285714286,0.08918299056284544
9,Pitpnc1,10.835827,2.9547377,2.32852701907548e-27,3.1568727855518314e-24,0.6488095238095238,0.20780539158551717
9,Ptprk,10.828414,2.9859884,2.52489921304556e-27,3.3434950253494706e-24,0.625,0.22878520133849684
9,Apba2,10.770066,9.989822,4.766566246690677e-27,6.031401081173641e-24,0.48214285714285715,0.0012407414370041734
9,Piezo2,10.682891,5.911817,1.224000049461299e-26,1.5151258003559963e-23,0.49404761904761907,0.024213257134263262
9,Sema3d,10.473074,5.9689693,1.148514301894909e-25,1.3624490180041254e-22,0.48214285714285715,0.018723916231153888
9,Tc2n,10.143362,6.347155,3.5467841674300845e-24,3.606382808529222e-21,0.4642857142857143,0.01579125465278039
9,Plxna4,10.089031,3.4719577,6.177630626270502e-24,6.064835611904631e-21,0.5476190476190477,0.11162913110501184
9,Tspan9,10.08241,3.4190855,6.60850473635129e-24,6.377879121908114e-21,0.5416666666666666,0.13963980900101516
9,Chrm3,9.463493,4.5906224,2.9782321188929164e-21,2.3885002124208666e-18,0.4583333333333333,0.03951573485731474
9,Tmtc1,9.4375,3.6198373,3.817797732990649e-21,2.9779345303317883e-18,0.49404761904761907,0.09072451780275971
9,Pard6g,9.399311,4.0260053,5.492155877236459e-21,4.226065510888125e-18,0.47619047619047616,0.09204045569049141
9,Thsd7a,9.299403,3.57086,1.412356325451387e-20,1.0310382247118901e-17,0.49404761904761907,0.08391923901191864
9,Gpm6a,9.284053,3.4243839,1.6315164578482367e-20,1.175951628181474e-17,0.5,0.09602586757905027
9,Pecam1,9.278278,4.907206,1.7223921685509375e-20,1.2259341558682366e-17,0.44047619047619047,0.02898823175546114
9,Plpp1,9.259712,3.7733343,2.0498406304640985e-20,1.440987349867361e-17,0.47619047619047616,0.08177614016618416
9,St6galnac3,9.188197,4.6418657,3.994793214995333e-20,2.7079466720839198e-17,0.44047619047619047,0.028800240628642327
9,Hmcn1,9.185267,4.964336,4.1050579852224665e-20,2.749954196900617e-17,0.43452380952380953,0.02684513290972666
9,Plekhg1,9.183049,3.1276717,4.190554521154241e-20,2.7745856394074842e-17,0.5119047619047619,0.12388615257359853
9,Pde7b,9.119613,3.4735537,7.539339150877616e-20,4.769972339890248e-17,0.4880952380952381,0.10982441628755123
9,Limch1,8.994098,3.405424,2.3818135507394756e-19,1.4583101655124353e-16,0.48214285714285715,0.10369590555325789
9,Ece1,8.922728,3.043347,4.549418485873925e-19,2.6706024536510016e-16,0.5059523809523809,0.16347708388164078
9,Nrp2,8.665261,4.0061846,4.504772724051709e-18,2.3750579970391517e-15,0.43452380952380953,0.059630785426927846
9,Ppp1r2,8.634645,3.3002493,5.890950779337379e-18,3.0774002598738503e-15,0.47023809523809523,0.12933789525134415
9,Calcrl,8.445643,4.7056017,3.0237425837211953e-17,1.4591095462683777e-14,0.40476190476190477,0.034703162010753096
9,Cdh13,8.232652,3.7686017,1.8311334924257106e-16,8.082680014900184e-14,0.4166666666666667,0.048840094747527915
9,Fli1,8.175442,2.7944713,2.947848356994401e-16,1.281323918287162e-13,0.47619047619047616,0.11426100688047525
9,Rapgef5,8.088426,3.5897448,6.044088215040239e-16,2.5876423086662124e-13,0.4226190476190476,0.07102304771214799
9,Ston2,8.086442,3.9240654,6.143280443278377e-16,2.6104815800053287e-13,0.40476190476190477,0.05312629243899688
9,Ptprb,8.085381,4.8809457,6.197040812291979e-16,2.610965626675173e-13,0.38095238095238093,0.018911907357972702
9,1700025G04Rik,8.053778,3.541044,8.027703803380012e-16,3.3365363669216153e-13,0.4166666666666667,0.06527051923149227
9,Ets1,8.043926,3.8627403,8.700500794909123e-16,3.589965331615365e-13,0.40476190476190477,0.04880249652216415
9,Smad1,8.030173,3.0265594,9.733526817447858e-16,3.9307570958319044e-13,0.4583333333333333,0.14629469489040117
9,Sema3a,7.9628353,4.0490365,1.6814122036289286e-15,6.557622759372248e-13,0.39880952380952384,0.05579576643982404
9,Wipf3,7.9295697,4.9244533,2.1990672620891275e-15,8.347805931374467e-13,0.375,0.025303605669812386
9,Sned1,7.6387377,3.3583622,2.193619760135116e-14,7.663000169438873e-12,0.4166666666666667,0.10989961273827875
9,Lyn,7.636188,2.4557693,2.2374709793849048e-14,7.768526526655845e-12,0.48214285714285715,0.16065721697935859
9,Glis3,7.5845466,2.0841274,3.336512987483744e-14,1.1308594405970946e-11,0.5595238095238095,0.24077903522953717
9,Sncaip,7.4810185,5.6667137,7.37488549671791e-14,2.4134100866012325e-11,0.34523809523809523,0.012369816144677971
9,Sh3gl3,7.4477324,9.989076,9.495800134801627e-14,3.037642446492918e-11,0.3333333333333333,0.0006391698311839681
9,Arhgef3,7.381306,2.0764081,1.5674380745728376e-13,4.9310216245443065e-11,0.5178571428571429,0.24788509982328835
9,Tgfbr2,7.3772945,2.3012164,1.61538199923217e-13,5.053926726279066e-11,0.48214285714285715,0.19660112042711583
9,Foxp2,7.3335614,3.2301795,2.2411565027945002e-13,6.89803742841198e-11,0.40476190476190477,0.10971162161145993
9,Srgap3,7.200779,3.3761704,5.986948298571781e-13,1.7848315343925433e-10,0.38095238095238093,0.07245178027597098
9,Crim1,7.017412,2.0878994,2.260154237352655e-12,6.371061506390967e-10,0.5,0.24126781215926607
9,Map3k1,6.9634113,2.166861,3.321296930929159e-12,8.96293689782167e-10,0.47619047619047616,0.23066511260668496
9,Kdr,6.9459925,3.8733907,3.7580902725667395e-12,9.999505523842183e-10,0.34523809523809523,0.038274993420310564
9,Dysf,6.9401774,3.8328826,3.916071651352396e-12,1.0323381291650777e-09,0.35119047619047616,0.051246381170808736
9,Pkhd1l1,6.928513,3.1644013,4.2528674209579076e-12,1.1159563309528305e-09,0.375,0.06978230627514381
9,Cyyr1,6.9180455,4.6831183,4.579169504385638e-12,1.1960664713267092e-09,0.3273809523809524,0.017746362371696058
9,Unc13b,6.803519,2.8876472,1.0209416631991991e-11,2.549800933093651e-09,0.3869047619047619,0.10369590555325789
9,Fndc1,6.803514,3.907596,1.0209771741721297e-11,2.549800933093651e-09,0.3392857142857143,0.03917735082904087
9,Itga9,6.78933,2.8371146,1.1265546734695726e-11,2.801185574761176e-09,0.3869047619047619,0.09854494867842238
9,Abhd17b,6.7031455,2.1078339,2.0397989720219213e-11,4.963598002816249e-09,0.47023809523809523,0.24668195661164793
9,Myzap,6.6670103,4.383719,2.6106698937658598e-11,6.298904848344144e-09,0.32142857142857145,0.027183516938000526
9,Egfl7,6.661691,4.9014196,2.7069419849284004e-11,6.476301830412102e-09,0.31547619047619047,0.02139339023198105
9,Dapk2,6.637185,4.6831145,3.197297582473517e-11,7.523029819984485e-09,0.31547619047619047,0.02128059555588976
9,Ugcg,6.5531545,3.426083,5.633417517147579e-11,1.283089707375601e-08,0.34523809523809523,0.06590968906267625
9,Mical2,6.552208,3.267309,5.669252923998787e-11,1.286107293806434e-08,0.35119047619047616,0.07361732526224762
9,Slco3a1,6.5435834,2.3171964,6.006193236761177e-11,1.3571374964064214e-08,0.4226190476190476,0.1647554235440087
9,Tll1,6.4548097,4.647966,1.0835489435167118e-10,2.4195435448151013e-08,0.30952380952380953,0.025228409219084858
9,Fgd5,6.402878,5.190519,1.5247518832449808e-10,3.33926526860971e-08,0.2976190476190476,0.011918637440312817
9,Klhl4,6.348782,7.8368754,2.1702596496399675e-10,4.663273762647147e-08,0.2857142857142857,0.002293491747189533
9,Arhgap31,6.2461553,2.49973,4.2067870440756333e-10,8.774309929549841e-08,0.38095238095238093,0.11636650750084596
9,Abcg2,6.174285,4.029041,6.646354833589879e-10,1.3613312610771268e-07,0.30357142857142855,0.030642553671466708
9,Adamtsl1,6.057695,1.9405558,1.3808609928530524e-09,2.7236439240400717e-07,0.44047619047619047,0.17171109523630484
9,Csgalnact1,6.032337,2.8686604,1.6160501907255747e-09,3.173086686555343e-07,0.3392857142857143,0.08188893484227544
9,Pgm5,6.030975,6.5814624,1.629733817614552e-09,3.1889578456628937e-07,0.27380952380952384,0.004850171071925405
9,Stab1,5.9253483,3.726424,3.1163648386573513e-09,5.897649650261777e-07,0.2976190476190476,0.03598150167312103
9,Cd9,5.9112244,3.519069,3.3957389550037443e-09,6.402542113803583e-07,0.30357142857142855,0.045230665112606684
9,Afap1l1,5.9005866,4.626698,3.622113081430382e-09,6.762188228515652e-07,0.27976190476190477,0.01737038011805843
9,Fgl2,5.83985,5.097057,5.224786016560928e-09,9.566062397716906e-07,0.27380952380952384,0.015001691920141369
9,Rai14,5.7597356,2.9225905,8.424570616614716e-09,1.5085014952221967e-06,0.32142857142857145,0.07865548746099184
9,Eln,5.642795,2.7709088,1.6731157946660605e-08,2.869544773014462e-06,0.31547619047619047,0.06715043049968042
9,Klf7,5.529881,2.205085,3.204483841107877e-08,5.2888844752615545e-06,0.3630952380952381,0.1411061397902019
9,Sntb2,5.4871745,1.8387724,4.0841405168596656e-08,6.6444298620144635e-06,0.4107142857142857,0.20427115840132345
9,F11r,5.4801574,2.634045,4.249472124661961e-08,6.893709180922413e-06,0.32142857142857145,0.09057412490130466
9,Lrrc1,5.452922,2.268601,4.9548818151607453e-08,7.92516644486146e-06,0.35119047619047616,0.1275707786592473
9,Yes1,5.407551,2.0889437,6.389236122130612e-08,1.0049986022934785e-05,0.375,0.17765161484377937
9,Pald1,5.4065495,3.5528653,6.425054856791799e-08,1.007848618734385e-05,0.27976190476190477,0.047072978155431065
9,Galnt1,5.4042807,1.6712998,6.506905092325051e-08,1.0178837441265955e-05,0.42857142857142855,0.24698274241455803
9,Eng,5.3249125,4.320383,1.0100160119224014e-07,1.546003272442835e-05,0.25595238095238093,0.019588675414520435
9,Fbn1,5.3092813,1.838881,1.1005829448938729e-07,1.658757099172888e-05,0.375,0.14197089897356846
9,Pkp4,5.256007,2.210509,1.4721653905289912e-07,2.188683276817527e-05,0.34523809523809523,0.12854833251870512
9,Nfatc1,5.20401,2.6095943,1.95033390717521e-07,2.8330092604199907e-05,0.30952380952380953,0.09207805391585518
9,Pcsk6,5.109632,2.147283,3.227868151959967e-07,4.471971786879622e-05,0.35119047619047616,0.15783735007707636
9,Wdr17,5.0926485,2.6855102,3.5309574611250586e-07,4.8214927768326604e-05,0.2916666666666667,0.06733842162649922
9,Fgd6,5.075515,3.000492,3.8644803263128733e-07,5.25172730932175e-05,0.27976190476190477,0.06308982216039404
9,Nr2f2,4.971521,2.296799,6.642974922769419e-07,8.8171942908488e-05,0.3273809523809524,0.13163138699853366
9,Prkcz,4.9695525,3.4897077,6.710761171786414e-07,8.886452369364888e-05,0.25595238095238093,0.03876377035003948
9,Susd4,4.944811,2.8060846,7.621776181097728e-07,0.00010022899711960409,0.27380952380952384,0.057600481257284654
9,Fzd6,4.9436793,3.254529,7.666184177876548e-07,0.00010034946971780885,0.2619047619047619,0.04714817460615859
9,Inpp4b,4.8954835,2.3760526,9.806435930853212e-07,0.0001257631234997101,0.2916666666666667,0.07688837086889498
9,Fyn,4.864171,2.4139237,1.1493752472748747e-06,0.00014447367760503013,0.2916666666666667,0.07955784486972214
9,Fbxl7,4.8447533,1.751455,1.2676898980341155e-06,0.00015726259364697291,0.3869047619047619,0.2100988833327067
9,Pxn,4.8398204,2.356041,1.2995664741112044e-06,0.00016086655348340452,0.2976190476190476,0.09192766101440011
9,Adgrf5,4.7845626,2.8666358,1.7136003170159363e-06,0.000208938149146048,0.2619047619047619,0.05011843440989585
9,Farp1,4.7834206,1.4882009,1.7233685581595848e-06,0.00020968019032086523,0.4166666666666667,0.2457044027521901
9,Ablim3,4.76209,2.9238074,1.9159816459650587e-06,0.00023065097442472813,0.25595238095238093,0.04372673609805617
9,Thsd4,4.7499294,2.5588915,2.0348741145985458e-06,0.00024341967848604158,0.27380952380952384,0.0636161973154867
9,Etl4,4.748993,1.7575805,2.044319210357664e-06,0.00024403685567500158,0.36904761904761907,0.16855284430574877
9,Mtmr12,4.6828876,2.235163,2.8286192754387864e-06,0.00033277770694785115,0.30357142857142855,0.11290747076737978
9,Ptpn3,4.6799374,2.3885214,2.8696245449752277e-06,0.00033690575508336994,0.2857142857142857,0.08579915028010678
9,Osmr,4.647368,2.7013638,3.361972441065174e-06,0.00038909364383474,0.26785714285714285,0.06846636838741212
9,Nhsl2,4.5922356,1.6970375,4.385229560392065e-06,0.0004934769889294161,0.35714285714285715,0.1835921344512539
9,Rcsd1,4.556401,2.609457,5.203765666549566e-06,0.0005775977014015572,0.2619047619047619,0.06324021506184908
9,Wipf1,4.545327,1.641695,5.485002798602257e-06,0.0006022909800513853,0.34523809523809523,0.145053953453397
9,Agfg1,4.5236306,1.6092879,6.078775717883204e-06,0.0006630872953103208,0.38095238095238093,0.22622852201376095
9,Sptlc2,4.482412,1.8598778,7.380420011811298e-06,0.0007884587164963361,0.3392857142857143,0.17614768582922885
9,Cdk17,4.474203,1.6520643,7.669688407787325e-06,0.0008147756112459293,0.3630952380952381,0.20660224837387675
9,4930578G10Rik,4.4118986,2.168944,1.0246811856368384e-05,0.001072543591752706,0.27976190476190477,0.08662631123810956
9,Fgf13,4.3825393,1.9956298,1.1730394385859863e-05,0.001212233006760883,0.2916666666666667,0.0987329398052412
9,Tnxb,4.3689165,2.330573,1.2486444513786864e-05,0.0012833766011905014,0.26785714285714285,0.0779787194044441
9,Npas3,4.3376093,2.4279428,1.4404100394837354e-05,0.0014672341334211695,0.25595238095238093,0.06466894762567207
9,Mef2c,4.3258195,1.8345559,1.5196588729766038e-05,0.0015396956563373807,0.2976190476190476,0.10576380794826484
9,Cpne8,4.3144155,1.9149299,1.600258628232902e-05,0.0016156086267767674,0.32142857142857145,0.16137158326127007
9,Spsb1,4.2549257,2.2046652,2.091184580296938e-05,0.0020672593956022212,0.27976190476190477,0.1064029777794488
9,Mill2,4.2328987,2.2206595,2.3069833418566658e-05,0.0022448924388463127,0.26785714285714285,0.08873181185848028
9,Raph1,4.210266,1.751746,2.5507031170331556e-05,0.002436905808506458,0.32142857142857145,0.15543106365379555
9,Gtdc1,4.104774,1.4048455,4.0470993553335386e-05,0.003704263377273047,0.375,0.23168026469150657
9,Myh9,3.9807415,1.4216416,6.870062455107011e-05,0.005963235156345249,0.35714285714285715,0.2173929390532767
9,Klf12,3.9506712,1.761918,7.793234337185425e-05,0.006652991849980139,0.2857142857142857,0.11914877617776441
9,Mcu,3.902796,1.398728,9.508785195068594e-05,0.007938999087865115,0.35119047619047616,0.20735421288115202
9,Aig1,3.8769977,1.8319353,0.00010575332587505502,0.008727101635726823,0.27380952380952384,0.10880926420272963
9,Rab11a,3.8418238,2.126657,0.0001221234604941462,0.00990574353845752,0.25595238095238093,0.09813136819942099
9,Apaf1,3.7274823,2.0070443,0.00019340207670357718,0.014699395068459995,0.25,0.0933563935782231
9,Eeig2,3.6864536,1.7723777,0.00022740081743618252,0.01697041932586326,0.27976190476190477,0.13114261006880476
9,Rftn1,3.6332245,1.7340518,0.0002799012514554171,0.020277171958171632,0.2619047619047619,0.10572620972290107
9,Gas7,3.5769703,1.5140358,0.00034759962390738157,0.02449587894172056,0.2916666666666667,0.13960221077565138
9,Pde8a,3.5424376,1.4781936,0.00039644737476777955,0.02736255753533592,0.30357142857142855,0.16746249577019964
9,Pacsin2,3.4886074,1.2996008,0.00048554383087595003,0.032576810760476575,0.35119047619047616,0.23438733691769748
9,Cdc42bpb,3.4510293,1.3852279,0.0005584527162065216,0.03667688133046776,0.32142857142857145,0.2088957401210663
9,Tspan18,3.423939,1.5508671,0.0006172046451942747,0.03992441210225496,0.32142857142857145,0.21810730533518818
9,Tjp1,3.367179,1.2908076,0.0007594138315588827,0.04762310901188804,0.3333333333333333,0.2203256006316502
10,A330093E20Rik,21.696222,10.709532,2.227261760695202e-104,1.268225119157455e-99,0.99375,0.02281526028941928
10,Zfp804b,21.559048,10.915029,4.3547813282523206e-103,1.239828018060077e-98,0.9875,0.03521894380755497
10,Lcn8,21.27089,10.278232,2.1123868560432741e-100,3.682144134663061e-96,0.975,0.010148468333020109
10,Adam28,21.261387,10.226838,2.5866381936833287e-100,3.682144134663061e-96,0.975,0.019282089832738207
10,Adam7,20.999094,10.66683,6.684747145779172e-98,6.343936453796864e-94,0.9625,0.007179101672617929
10,Nav2,20.797737,6.271526,4.5371445044541e-96,3.6907077889731556e-92,0.98125,0.12403683518135689
10,Tmem150c,20.498674,8.390576,2.212360379190527e-93,1.2597401235148778e-89,0.94375,0.036496899079120466
10,Cnksr2,20.293003,9.832754,1.482593962228742e-91,7.674580254842437e-88,0.93125,0.012328509678631836
10,Lef1,20.120523,8.0031,4.87895634583797e-90,2.3151054440696652e-86,0.93125,0.033452358579214435
10,Gm4846,19.891308,10.139524,4.839542290244479e-88,1.9683455539200777e-84,0.9125,0.006878406314602519
10,Etv5,19.777214,7.9113836,4.678310922614265e-87,1.664923139028618e-83,0.9125,0.027476038338658148
10,Myo3b,19.763,9.973798,6.2006787013207495e-87,2.076899093717087e-83,0.90625,0.007818079308400677
10,Gm1110,19.622028,10.302992,1.0027107919109918e-85,3.005018694852831e-82,0.9,0.004660778049238865
10,Ros1,19.49332,10.529574,1.250952389831361e-84,3.561524001469376e-81,0.89375,0.003533170456681075
10,Abhd2,19.365906,5.8295875,1.4970146834000002e-83,4.059119670832353e-80,0.9125,0.11197143394098853
10,Runx2,19.195663,6.619329,4.023097904618815e-82,1.0412691717586362e-78,0.89375,0.07844390152227025
10,Gm20757,19.19144,9.608308,4.363727267704171e-82,1.0803260623927964e-78,0.88125,0.007141514752866003
10,Bcl2l15,18.665462,10.198573,9.455373190758639e-78,2.243326686895782e-74,0.85625,0.0033452358579214433
10,Tbc1d8,18.2675,6.4897046,1.5017711303946988e-74,3.2889365359924822e-71,0.85625,0.05389964292426236
10,Elovl6,18.106525,5.2451034,2.830614493765307e-73,5.756357853196083e-70,0.875,0.14429618492764518
10,Pax8,17.942688,5.7927303,5.47419288737927e-72,1.0748483351733207e-68,0.8625,0.07175342980642736
10,Rnf180,17.931446,5.5879374,6.70148001388238e-72,1.2719632449015886e-68,0.8625,0.09216312723172336
10,Zmat4,17.70656,10.060146,3.731888118707167e-70,6.854756173138865e-67,0.8125,0.0031573012591618117
10,Myo5b,17.612803,5.2668676,1.9647410888444256e-69,3.4960725731215764e-66,0.8625,0.10204848712647999
10,Gm32017,17.576359,10.209776,3.73821681370625e-69,6.450236472401441e-66,0.80625,0.0031573012591618117
10,Ccnd3,17.550457,4.4646306,5.900372342784648e-69,9.881561810897077e-66,0.9125,0.19120466077804923
10,Magi2,17.45423,4.8022957,3.1966236640395975e-68,5.2005413729736775e-65,0.89375,0.16293929712460065
10,Ovch2,17.439995,10.283437,4.101085876854988e-68,6.486664747611108e-65,0.8,0.0024431497838752116
10,Trpm3,17.299572,5.142712,4.73895855637807e-67,6.746025978968091e-64,0.85,0.12133057695921819
10,Gm29040,16.894127,10.206502,4.9701020980668115e-64,6.73815675157196e-61,0.775,0.002067280586355948
10,Atp10b,16.889843,10.06346,5.344501423734439e-64,7.077238501601459e-61,0.775,0.002856605901146401
10,Adgrl3,16.794268,7.374089,2.68802733018103e-63,3.47861282290541e-60,0.78125,0.014922007141514752
10,Slc1a1,16.761782,7.832534,4.644972268564189e-63,5.877541465429188e-60,0.775,0.015485810937793647
10,Ap1s2,16.703192,4.941869,1.2423685404161605e-62,1.5378631969529693e-59,0.825,0.10456681074985905
10,Garem1,16.663055,5.6749573,2.432742750138005e-62,2.947293722034216e-59,0.79375,0.06806991167073859
10,St8sia6,16.392365,8.245026,2.1684621636230802e-60,2.469488081177236e-57,0.75625,0.009171208419470025
10,Actg2,16.362957,10.879774,3.516359538910552e-60,3.925980951080505e-57,0.75,0.0014658898703251268
10,Rnf128,16.015747,5.5290117,9.920828648850803e-58,1.0863498155657952e-54,0.775,0.05540311971433941
10,C4bp,15.944827,10.281513,3.0949506902293355e-57,3.3250865519311056e-54,0.73125,0.0016538244690847586
10,Abcc4,15.567974,5.2089806,1.2015234533630032e-54,1.2669619807026438e-51,0.75625,0.07983461755309153
10,Kctd1,15.530721,6.648496,2.1494888108653862e-54,2.2253462250815628e-51,0.725,0.026273256906596505
10,Runx1,15.474236,4.2360463,5.178454368641738e-54,5.2654708965148074e-51,0.825,0.1497462882916745
10,Plekhg1,15.379969,4.316556,2.230553259993592e-53,2.189826434091295e-50,0.8,0.12227024995301634
10,Eml4,15.250214,3.637808,1.6409544502992344e-52,1.5572931225748118e-49,0.8125,0.21860552527720353
10,Slc17a9,15.088038,7.297229,1.9412681800947603e-51,1.8120942859471433e-48,0.7,0.011088141326818268
10,Sytl4,15.0555525,6.31353,3.1743549512864125e-51,2.915337827116123e-48,0.70625,0.02458184551775982
10,Frmpd4,15.040841,7.2480583,3.9647949953897416e-51,3.5834824100394806e-48,0.7,0.013230595752678069
10,Hs3st3b1,14.932771,7.0922546,2.017069147125437e-50,1.7669836047149155e-47,0.69375,0.016726179289607217
10,Carmil1,14.925951,3.760422,2.2342576535051397e-50,1.9275888643672143e-47,0.79375,0.19282089832738208
10,Emid1,14.854278,7.624519,6.526780504582405e-50,5.386107372629373e-47,0.6875,0.010900206728058635
10,Mylk,14.772248,3.6738868,2.212079632958206e-49,1.7994003768610456e-46,0.80625,0.20887051306145463
10,Atg4a,14.643771,4.3469424,1.476466693765652e-48,1.1676595834681944e-45,0.74375,0.12407442210110882
10,Sh3gl2,14.627428,5.326512,1.8775179426839782e-48,1.4644897147173752e-45,0.70625,0.04213493704190942
10,Gpc6,14.454606,4.251065,2.344683639594583e-47,1.7566925147651993e-44,0.7625,0.10336402931779741
10,Skap1,14.325349,5.675463,1.5196412413815384e-46,1.1093575887885407e-43,0.6875,0.03360270625822214
10,Cftr,14.237218,5.1730046,5.382734105587689e-46,3.831228283828357e-43,0.69375,0.056342792708137565
10,Dlgap1,14.211962,6.867436,7.723090907290376e-46,5.4291422142224855e-43,0.6625,0.018605525277203532
10,Defb48,14.158233,9.513274,1.6612052316179055e-45,1.1396468324524717e-42,0.65,0.0022176282653636535
10,D630045J12Rik,14.102373,5.208973,3.672111776462356e-45,2.4892109126612265e-42,0.68125,0.046457432813380946
10,Hoxb6,14.09777,4.4903274,3.919599954565727e-45,2.6257169530932593e-42,0.70625,0.08472091712084194
10,Gpx5,14.078723,7.9683895,5.1329086461660165e-45,3.398522688620223e-42,0.65,0.006089080999812066
10,Dpy19l4,13.98033,3.5289066,2.0553237736203136e-44,1.3299112612922077e-41,0.74375,0.1935726367224206
10,Gm43305,13.912428,6.0448093,5.324117611061268e-44,3.4062986617015694e-41,0.65625,0.028302950573200526
10,Slc7a5,13.856614,7.0444326,1.160185219335118e-43,7.259572151006699e-41,0.64375,0.011238489005825972
10,Hs3st3a1,13.836962,8.365885,1.5251819350592412e-43,9.439715713500897e-41,0.6375,0.004848712647998497
10,Itpk1,13.804142,4.1295238,2.406207134147758e-43,1.4732455959731987e-40,0.7125,0.13922195076113514
10,Tpst2,13.749391,3.9817567,5.136008094882798e-43,3.0784151255865406e-40,0.70625,0.12095470776169893
10,Slco4c1,13.622627,9.902364,2.938046026941668e-42,1.7070946818376077e-39,0.625,0.001390716030821274
10,Slc25a21,13.559092,3.6873016,6.99975817386289e-42,4.0259922240194625e-39,0.7625,0.12850967863183613
10,Lcp1,13.557408,4.3979387,7.162204684282786e-42,4.0782309692774605e-39,0.6875,0.07769216312723172
10,Iqgap2,13.552134,3.2644231,7.696024983060991e-42,4.338805530301742e-39,0.80625,0.2068408193948506
10,Ank3,13.521515,3.4309943,1.1674634111714432e-41,6.517307264265995e-39,0.81875,0.15996993046419847
10,Gopc,13.500795,3.7568722,1.546979274742338e-41,8.552091930398395e-39,0.70625,0.14880661529787634
10,Lcn9,13.479398,9.555976,2.067888196288449e-41,1.1321886710082747e-38,0.61875,0.0018417590678443901
10,Gfra1,13.35073,7.36141,1.1729365730837338e-40,6.300771830939707e-38,0.61875,0.009697425295996993
10,Crisp4,13.21121,9.70846,7.559922564952171e-40,3.985829173805014e-37,0.60625,0.0015410637098289795
10,Hoxb3,12.996414,3.9385214,1.2821594904856195e-38,6.697930600710244e-36,0.675,0.10325126855854162
10,Mpzl1,12.944336,5.437551,2.5293942010278984e-38,1.305795448192606e-35,0.61875,0.031648186431121966
10,Gtf2ird1,12.943849,3.0716343,2.5454996355768126e-38,1.305795448192606e-35,0.725,0.23638413831986468
10,Sorbs2,12.931954,3.785503,2.971668409519564e-38,1.5108015259504776e-35,0.69375,0.11167073858297312
10,Tmtc2,12.929671,3.7229323,3.0612540819821885e-38,1.5425740591340513e-35,0.69375,0.12144333771847397
10,Dtnb,12.8551035,3.839178,8.051841715898204e-38,4.021753676710172e-35,0.675,0.10794963352753242
10,Rmst,12.796761,3.5397048,1.7093487636489872e-37,8.463654604429302e-35,0.725,0.12230783687276828
10,Gcnt4,12.792296,9.201605,1.8104491212235098e-37,8.886964087205851e-35,0.5875,0.0021048675061078746
10,Tjp2,12.69007,3.695262,6.712550649048905e-37,3.26683202143157e-34,0.675,0.11524149595940612
10,Lipc,12.65644,9.209279,1.030685166763794e-36,4.931785216865311e-34,0.58125,0.002367975944371359
10,Nck2,12.646973,3.3932776,1.1626941167853634e-36,5.517080475322948e-34,0.69375,0.18075549708701372
10,Adcy8,12.614163,3.242306,1.764220154818273e-36,8.167191856545307e-34,0.75,0.13786882165006578
10,Khdrbs3,12.579152,5.513945,2.74965054174239e-36,1.2525428119788274e-33,0.6,0.032550272505168204
10,Slc7a1,12.436497,4.6525755,1.6560898456215004e-35,7.310031930196422e-33,0.6125,0.047284345047923323
10,Trp63,12.384491,5.2739663,3.1708940769378456e-35,1.3782738903428846e-32,0.59375,0.03769968051118211
10,Gria2,12.258405,9.661677,1.5145167788220194e-34,6.484067661872527e-32,0.5625,0.0014283029505732004
10,Shroom3,12.220157,2.9220486,2.426179170199547e-34,1.023326430595055e-31,0.73125,0.24593121593685396
10,Dgki,12.200611,6.632088,3.0849977617998566e-34,1.2916386584900414e-31,0.56875,0.011651945123097163
10,Etv4,12.124601,9.739445,7.82401156355536e-34,3.205086636261912e-31,0.55625,0.0011651945123097162
10,Ptpn3,12.086204,3.9064662,1.2492703079734254e-33,5.081050043308201e-31,0.625,0.08381883104679572
10,Grhl2,12.077291,8.213839,1.392322170981299e-33,5.622710406939443e-31,0.55625,0.003796278894944559
10,Galnt10,11.978852,3.5414553,4.586315277389085e-33,1.801030194550427e-30,0.64375,0.1202029693666604
10,St3gal2,11.96432,3.9070787,5.464341105788073e-33,2.1311304582512237e-30,0.61875,0.10118398797218568
10,9230020A06Rik,11.846028,9.675595,2.2563397397239329e-32,8.565216074641364e-30,0.54375,0.0018417590678443901
10,Map7,11.843642,3.3629713,2.3214801954933612e-32,8.754132702754138e-30,0.65,0.12057883856417967
10,Col6a4,11.807867,8.385243,3.5546608418543813e-32,1.3229146601047733e-29,0.54375,0.004322495771471528
10,Gm49980,11.736255,6.2320337,8.308537863253125e-32,3.0720548991655593e-29,0.55,0.014207855666228153
10,Sgms2,11.721076,4.212083,9.940146390165175e-32,3.651625003886421e-29,0.59375,0.06773162939297124
10,Prdm16,11.638934,4.800682,2.6126022933733583e-31,9.475425935475949e-29,0.56875,0.039466265739522645
10,Ipcef1,11.623735,5.7655144,3.1218270128134054e-31,1.1250629869405578e-28,0.55,0.017628265363653448
10,Mtus2,11.617701,7.396364,3.3503151346400514e-31,1.1998131703241456e-28,0.5375,0.006840819394850592
10,0610040F04Rik,11.515044,7.7773304,1.1080293711715776e-30,3.8706932775386993e-28,0.53125,0.004623191129486938
10,Tpd52l1,11.383005,5.783862,5.0817677869450994e-30,1.7643959729051276e-27,0.5375,0.018079308400676564
10,Dach1,11.331148,3.531275,9.199046695896779e-30,3.136544418629093e-27,0.6125,0.0835181356887803
10,Il34,11.276993,3.508887,1.7047415264465395e-29,5.643586468453047e-27,0.6125,0.10257470400300696
10,Rgs3,11.268962,4.53388,1.867578209370069e-29,6.146923168771162e-27,0.55625,0.04984025559105431
10,Patj,11.174516,3.0804913,5.434601942057239e-29,1.778457868865984e-26,0.64375,0.13208043600826913
10,Hectd2,11.173156,5.4750586,5.518467597479899e-29,1.795583219817731e-26,0.53125,0.024318737079496337
10,Pef1,11.151732,3.4197369,7.022538361781496e-29,2.2719906639670466e-26,0.6,0.1200526216876527
10,Myo1e,11.079074,3.5770237,1.585041881992782e-28,4.959003835305e-26,0.59375,0.08971997744784815
10,Pip5k1b,11.072084,3.4769983,1.7136700053041157e-28,5.332135725247084e-26,0.6,0.08712647998496523
10,Bach2,10.932319,3.0683973,8.075834877264491e-28,2.472290934119986e-25,0.625,0.1441834241683894
10,2810459M11Rik,10.921266,6.10657,9.121582792172667e-28,2.762723647707999e-25,0.5125,0.017665852283405375
10,Zfp185,10.890354,2.9918208,1.2814031489472085e-27,3.8402303528527892e-25,0.625,0.14553655327945875
10,Ncor2,10.863225,2.7364454,1.725449786113647e-27,5.117126889119645e-25,0.65,0.19906032700620185
10,Mboat1,10.8271675,4.6676455,2.559496030877307e-27,7.473859666368448e-25,0.53125,0.03788761510994174
10,Pbx3,10.8044,3.064286,3.280940099127883e-27,9.53163317267555e-25,0.625,0.14685209547077616
10,Ptpn5,10.766783,9.878116,4.939616663508886e-27,1.4190818144191934e-24,0.49375,0.0008644991542943055
10,Rpl3l,10.741547,8.63924,6.494687606002113e-27,1.830762410759239e-24,0.49375,0.002518323623379064
10,Shc4,10.738371,8.567569,6.722018118904447e-27,1.8809646824052404e-24,0.49375,0.0024807367036271378
10,Parp8,10.73814,3.112053,6.738848899925696e-27,1.8809646824052404e-24,0.61875,0.14395790264987784
10,2600014E21Rik,10.700738,7.8211923,1.0097106232138367e-26,2.804582077874101e-24,0.49375,0.0039090396542003384
10,Ankrd28,10.649517,2.5562773,1.752718178364375e-26,4.8213297485142934e-24,0.66875,0.22830295057320052
10,Trank1,10.629079,4.264933,2.1825673083242036e-26,5.946294981018587e-24,0.53125,0.04198458936290171
10,Gm45826,10.499124,10.327601,8.718550375540907e-26,2.2983471154336797e-23,0.48125,0.0005262168765269687
10,Asb18,10.49583,10.114314,9.028110668878172e-26,2.3450751337288504e-23,0.48125,0.0007517383950385266
10,Vps37b,10.495793,4.729458,9.031545278889572e-26,2.3450751337288504e-23,0.5125,0.043187370794963355
10,Litaf,10.472554,3.1800253,1.1548436323676307e-25,2.975472908173994e-23,0.58125,0.12824657019357263
10,Ldlrad3,10.453963,2.60521,1.405270602477584e-25,3.604392494399825e-23,0.64375,0.21868069911670737
10,Cntn5,10.424915,7.719944,1.9082971939561511e-25,4.8726614583433725e-23,0.48125,0.004999060327006202
10,Spred2,10.417906,2.9140377,2.0542676572712095e-25,5.2219667264589255e-23,0.6125,0.1691411388836685
10,Gm13575,10.342142,9.070486,4.542679428059686e-25,1.1445341120050734e-22,0.475,0.0017665852283405374
10,Gm3428,10.224307,10.114626,1.5432784627319894e-24,3.8542025853693953e-22,0.46875,0.0006013907160308213
10,Tbc1d22a,10.216707,2.5750883,1.669141194008315e-24,4.150330512140937e-22,0.63125,0.2124412704378876
10,Prrg1,10.139626,3.1130185,3.685108925147855e-24,9.123208143775825e-22,0.575,0.14373238113136627
10,Ezr,10.127161,3.67485,4.1862654783658084e-24,1.0319053792364827e-21,0.53125,0.06938545386205601
10,Adamtsl3,10.093751,5.3423905,5.887556175089817e-24,1.4450143800249539e-21,0.48125,0.018380003758691976
10,Septin9,10.039765,3.5016892,1.0191670981530627e-23,2.4486242082672382e-21,0.53125,0.0747979703063334
10,Greb1,10.0320015,3.4640925,1.1025876113893369e-23,2.637917696643707e-21,0.5375,0.06957338846081564
10,Cttnbp2,10.003425,5.4658012,1.4721535573887868e-23,3.492745654636455e-21,0.475,0.017628265363653448
10,Gk,9.99621,2.7238958,1.583406898708654e-23,3.741110880471762e-21,0.6125,0.15854162751362527
10,Junos,9.9576435,4.619933,2.335319936305261e-23,5.449813626768765e-21,0.4875,0.03984213493704191
10,Prrx1,9.953457,3.5211303,2.435730402496354e-23,5.660935708103874e-21,0.525,0.07167825596692351
10,Wipf3,9.853453,4.9947553,6.622893160877966e-23,1.5145146966809327e-20,0.475,0.02480736703627138
10,Gm33508,9.818437,10.583675,9.378665647110179e-23,2.1361224024484026e-20,0.45,0.0005638037962788949
10,Dnajc10,9.790359,3.3542507,1.2385631948477292e-22,2.8097620270049624e-20,0.525,0.09069723736139823
10,Cdyl,9.738342,2.4205515,2.0690198596965226e-22,4.6020335871476444e-20,0.61875,0.22751362525841007
10,Rims2,9.6398115,4.299242,5.42878149529327e-22,1.1935144676582784e-19,0.48125,0.0416838940048863
10,Plch1,9.568281,4.5619617,1.0869813772017443e-21,2.3444623711835043e-19,0.46875,0.03021988348054877
10,Arap2,9.561543,2.5731173,1.1601355267118138e-21,2.4928029066602788e-19,0.5875,0.19582785190753618
10,Hip1r,9.552676,4.7989254,1.263880950303931e-21,2.6953799697099674e-19,0.4625,0.027701559857169704
10,Plcg1,9.477195,2.9285762,2.6120998996606126e-21,5.46821986715349e-19,0.5375,0.12678068032324752
10,Dlg5,9.442651,2.8365805,3.634644540192426e-21,7.553295429310108e-19,0.55,0.13779364781056191
10,Mfge8,9.42757,4.831975,4.1969810992740165e-21,8.690192755409518e-19,0.45625,0.027701559857169704
10,Slc7a8,9.390261,3.3325095,5.9851982620385255e-21,1.2347941095606366e-18,0.50625,0.08385641796654764
10,Ptpn13,9.366441,2.56974,7.501943268398848e-21,1.5365760850571899e-18,0.5875,0.1750422852847209
10,Sox13,9.359109,3.5100427,8.041229953861874e-21,1.6411314509062688e-18,0.49375,0.0731065589174967
10,Esrp1,9.316596,5.225154,1.2013298003134272e-20,2.4430328628445305e-18,0.44375,0.016500657771095658
10,Unc13b,9.311577,2.9838412,1.2594788825477199e-20,2.552170357692161e-18,0.525,0.10295057320052621
10,Cst11,9.258042,9.074891,2.0821438876123446e-20,4.15997737208893e-18,0.425,0.0010524337530539373
10,Tbc1d30,9.196739,5.3321023,3.689779169326787e-20,7.269886355731369e-18,0.4375,0.016500657771095658
10,Ptpre,9.188775,3.5923123,3.973401716793239e-20,7.774895778554083e-18,0.48125,0.06134185303514377
10,Arhgef38,9.177963,3.997179,4.3932129077394665e-20,8.5669156225888e-18,0.4625,0.03871452734448412
10,Slc9a1,9.141106,2.7332215,6.181725047304352e-20,1.189167587562693e-17,0.54375,0.16440518699492576
10,Cacna2d3,9.053407,2.9399207,1.3857657802721734e-19,2.6478821910898598e-17,0.51875,0.09844014283029506
10,Plekha3,9.037417,3.4413104,1.60417240775425e-19,3.05495588862658e-17,0.48125,0.08889306521330577
10,Gm42598,8.995935,9.791261,2.34228334645562e-19,4.4457318676843155e-17,0.4125,0.0006013907160308213
10,Gne,8.945444,3.3134055,3.704583157602536e-19,6.984856608511458e-17,0.48125,0.09539560233038902
10,Raph1,8.86731,2.5969136,7.493444354342565e-19,1.3898508631290556e-16,0.54375,0.15414395790264987
10,Lrp4,8.852377,4.686903,8.567443305888602e-19,1.5838921729889703e-16,0.43125,0.026987408381883106
10,Bmpr1b,8.84018,2.30845,9.556426671576069e-19,1.7610112980783589e-16,0.59375,0.16493140387145275
10,Fgf12,8.800485,5.3095994,1.362266506867047e-18,2.494174185450692e-16,0.41875,0.016049614734072543
10,Chsy3,8.769025,3.9470043,1.802207043603169e-18,3.2681360277008933e-16,0.45,0.056192445029129866
10,Ptpn22,8.7320795,4.100558,2.5003297036303764e-18,4.491207370801806e-16,0.4375,0.0361210298816012
10,9230110F11Rik,8.706305,8.667511,3.139421329713986e-18,5.603817866308592e-16,0.4,0.001353129111069348
10,Rprd1a,8.65767,2.4053636,4.815039675025553e-18,8.488333564570588e-16,0.55,0.1877090772411201
10,Epha4,8.609508,5.008113,7.337486463847079e-18,1.273792124200965e-15,0.4125,0.017966547641420784
10,Hoxb8,8.597973,4.9638324,8.113656024450231e-18,1.3999990536006685e-15,0.4125,0.019620372110505543
10,Plekha6,8.529644,3.124322,1.4679828424114595e-17,2.5101624933859134e-15,0.4625,0.06156737455365533
10,Teddm2,8.3278,4.9655457,8.235875727679252e-17,1.3593014487240125e-14,0.4,0.02048487126479985
10,9130230L23Rik,8.322663,4.276493,8.600858270301713e-17,1.4154377767897393e-14,0.4125,0.03510618304829919
10,Rad54l2,8.3013525,2.264868,1.0293243167753125e-16,1.6890707758358235e-14,0.5375,0.17910167261792895
10,Capn5,8.293661,6.1173453,1.098150419826855e-16,1.791684328233838e-14,0.3875,0.008043600826912235
10,Skil,8.281254,2.666849,1.218852936946035e-16,1.9829344309326908e-14,0.4875,0.13087765457620748
10,Defb20,8.276676,7.7544956,1.2666071573004044e-16,2.054754363072431e-14,0.38125,0.0021048675061078746
10,Gpr39,8.250086,3.354937,1.5828043288116305e-16,2.560410832013155e-14,0.4375,0.05408757752302199
10,Osbpl2,8.207994,2.7577736,2.2491431816261107e-16,3.5881183119957827e-14,0.475,0.11298628077429054
10,Cdh1,8.182584,4.885529,2.778212252612932e-16,4.3942828854453593e-14,0.39375,0.019018981394474724
10,Rnf43,8.170802,2.9777322,3.0634499190109054e-16,4.832019441506924e-14,0.45,0.06393535049802669
10,Defb41,8.170156,9.211145,3.0799125310272496e-16,4.84456628257521e-14,0.375,0.0009772599135500846
10,Defb47,8.160386,8.500685,3.33955944617992e-16,5.23850838636173e-14,0.375,0.0013155421913174216
10,Slc28a3,8.100196,6.9451337,5.487082344874836e-16,8.513350294264796e-14,0.375,0.004021800413456117
10,Rilpl1,8.084566,3.9887238,6.238604746660063e-16,9.626894115977525e-14,0.40625,0.04108250328885548
10,Nhsl1,7.9857163,3.1790287,1.3970844459069954e-15,2.1327449178120705e-13,0.43125,0.06066528847960909
10,Pdgfd,7.924033,2.4224145,2.2992828251121847e-15,3.491292355859011e-13,0.49375,0.12328509678631835
10,Ppm1h,7.8985305,1.8678563,2.822105074039268e-15,4.2511503973775123e-13,0.60625,0.24446532606652885
10,Arhgap31,7.855207,2.5903268,3.991122998249538e-15,5.964790935520392e-13,0.475,0.11588047359518887
10,Sec31a,7.820196,2.0076127,5.274107021313356e-15,7.841068613592788e-13,0.55,0.23905280962225145
10,Rasgrf1,7.7937493,5.3314266,6.504945383288448e-15,9.620729742073441e-13,0.36875,0.011125728246570193
10,Dgkg,7.774543,4.3404865,7.572024574344574e-15,1.1169913245796745e-12,0.38125,0.024318737079496337
10,Fam222b,7.7354784,1.9838055,1.0301494054641685e-14,1.5001978848218725e-12,0.54375,0.22912986280774292
10,Pgap1,7.7200027,3.5534258,1.1632745580345648e-14,1.6854457152429047e-12,0.4,0.04822401804172148
10,Basp1,7.7131677,4.6101832,1.2273276311498965e-14,1.7737376305915292e-12,0.375,0.02262732569065965
10,Plekha1,7.6756935,2.196888,1.64525829955092e-14,2.3717127299931374e-12,0.5,0.16790077053185493
10,Pgap2,7.663327,2.448531,1.811768779900153e-14,2.5985875591006196e-12,0.475,0.1433189250140951
10,Mup6,7.630641,9.522737,2.33589498941803e-14,3.3169126332282307e-12,0.35,0.0006389776357827476
10,Cndp1,7.5578327,3.711731,4.0984003895988915e-14,5.719779818238982e-12,0.3875,0.0409697425295997
10,Egr2,7.557489,6.836247,4.109244003101679e-14,5.7208915105284275e-12,0.35,0.003758691975192633
10,Inpp5d,7.5058937,2.5987868,6.101081503158185e-14,8.383596063811201e-12,0.4375,0.08002255215185115
10,Lipi,7.490387,9.162296,6.86707611175123e-14,9.39947550190449e-12,0.34375,0.0008269122345423793
10,Coro2a,7.4593067,3.5311792,8.69788300413465e-14,1.1876886238331681e-11,0.3875,0.04762262732569066
10,Gm47922,7.4557867,7.579201,8.933311432358076e-14,1.2169179097366058e-11,0.34375,0.002405562864123285
10,Acly,7.437119,2.119076,1.029047536484559e-13,1.3918051252961349e-11,0.5,0.18567938357451608
10,Mapk10,7.4146695,5.5913754,1.2192830668946959e-13,1.6374338941521434e-11,0.35,0.011238489005825972
10,Mfsd2a,7.355942,9.191378,1.8958535849716914e-13,2.52814517521951e-11,0.3375,0.000676564555534674
10,Cnot6,7.2983174,2.1517465,2.913883980102169e-13,3.8407284192360556e-11,0.48125,0.15929336590866378
10,Pik3c2g,7.2870955,4.0513663,3.167087766590451e-13,4.1648301274232534e-11,0.3625,0.027024995301635032
10,Susd4,7.2622805,3.0872788,3.806181730583102e-13,4.993727970533005e-11,0.39375,0.05694418342416839
10,Pdcd4,7.235033,1.886761,4.654152885429144e-13,6.02300271475502e-11,0.525,0.221424544258598
10,Cldn14,7.210675,8.644819,5.567522557633533e-13,7.156214491065711e-11,0.33125,0.0011651945123097162
10,Tpd52,7.203927,2.4364016,5.850258209647472e-13,7.502692628728304e-11,0.4375,0.1019357263672242
10,P4ha2,7.1498637,3.8426745,8.686397734371414e-13,1.0967010496515358e-10,0.3625,0.039804548017289984
10,Rasgef1b,7.140653,4.1256356,9.288842239588421e-13,1.1599034341324656e-10,0.35625,0.03161059951137005
10,Gramd3,7.1106505,2.4518304,1.1549726070576427e-12,1.4265790719841482e-10,0.43125,0.10934034955835369
10,Catspere2,7.102184,3.2100847,1.2280068855658507e-12,1.513505196342102e-10,0.38125,0.06032700620184176
10,Osbpl6,7.0963445,2.9055316,1.2809996358604984e-12,1.5754082130784587e-10,0.39375,0.06461191505356136
10,Gm36560,7.089145,9.974576,1.3494283792044386e-12,1.648879857087552e-10,0.325,0.00045104303702311595
10,Nexmif,7.0682354,5.0801706,1.5691641984342957e-12,1.8970229007016398e-10,0.3375,0.013944747227964668
10,Tox,7.062524,2.7996035,1.6350497580605231e-12,1.9724866159687338e-10,0.4,0.07404623191129486
10,Pou3f3,7.053657,4.893015,1.7427542588261317e-12,2.0891404263540794e-10,0.3375,0.013831986468708889
10,Tmem51,7.0410547,4.065573,1.907900521930085e-12,2.282305958386995e-10,0.35,0.026649126104115767
10,Eva1a,7.0318184,3.502808,2.038590493515736e-12,2.4284389391481073e-10,0.3625,0.0373989851531667
10,Cecr2,6.9389677,1.8544391,3.949758603273654e-12,4.6467604262191147e-10,0.50625,0.223980454801729
10,Atp13a4,6.9370947,8.473269,4.002457779030784e-12,4.699050482387461e-10,0.31875,0.0011276075925577898
10,Ap1s3,6.922732,3.7321277,4.43015058716591e-12,5.179819395971542e-10,0.35,0.0304078180793084
10,Syt2,6.907841,3.011191,4.920847578008976e-12,5.741761924987891e-10,0.38125,0.0655140011276076
10,Mrpl37,6.8602433,3.5975015,6.874343324173404e-12,7.95593461832841e-10,0.35625,0.048186431121969554
10,Tusc3,6.859694,2.5424912,6.900815064500226e-12,7.970371411515363e-10,0.4125,0.10603270062018418
10,Lnx1,6.857821,2.6136658,6.991869637217204e-12,8.059191275562445e-10,0.39375,0.07160308212741966
10,Arhgap39,6.840036,2.145484,7.917322143174505e-12,9.070829781780674e-10,0.45625,0.16151099417402745
10,Hoxb4,6.829004,3.350341,8.55062994303734e-12,9.776735333062033e-10,0.3625,0.05446344672054125
10,Mical2,6.8173146,2.899447,9.275791509880774e-12,1.0563456887282423e-09,0.38125,0.0735200150347679
10,Gm41331,6.7935824,8.113326,1.0938266506536044e-11,1.2382422130192224e-09,0.3125,0.001390716030821274
10,Zfp704,6.7442093,1.7125604,1.538628092734339e-11,1.7314431270432012e-09,0.525,0.22210110881413267
10,Pkp4,6.7431574,1.9995487,1.5498137113130073e-11,1.7405905825616162e-09,0.45,0.12798346175530914
10,Arhgap17,6.6985664,1.6841023,2.1047435345437914e-11,2.3407461250089458e-09,0.525,0.23822589738770908
10,Snx1,6.6813865,2.2910895,2.3669185581624544e-11,2.622076062652302e-09,0.425,0.14072542755121217
10,Cbfb,6.6759887,1.7459911,2.4557122545084985e-11,2.715159446290649e-09,0.51875,0.2251080623942868
10,Wars1,6.6356926,3.783393,3.229827326794888e-11,3.5431271595285965e-09,0.3375,0.038113136628453295
10,Myo16,6.6342454,7.5083656,3.261668263280504e-11,3.5647342145768746e-09,0.30625,0.00296936666040218
10,Myzap,6.588223,3.7816393,4.4512243281462084e-11,4.809433860891334e-09,0.33125,0.027212929900394662
10,Jmy,6.547911,2.0402107,5.834735735265151e-11,6.221642088047434e-09,0.45,0.172448787821838
10,Arfgef3,6.5171695,7.741776,7.164636348574596e-11,7.611223103063173e-09,0.3,0.0014658898703251268
10,Gm35572,6.51582,5.661567,7.229355183602189e-11,7.665674367029649e-09,0.30625,0.007742905468896824
10,C130089K02Rik,6.511679,4.2881427,7.431530245748176e-11,7.850811942915526e-09,0.31875,0.02007141514752866
10,Rem1,6.471953,4.1530857,9.674442013552106e-11,1.0126330931868942e-08,0.31875,0.021687652696861494
10,Frk,6.4390097,2.3472311,1.2025547779159476e-10,1.2541148646394134e-08,0.39375,0.09558353692914866
10,Gm44639,6.43648,5.1306067,1.2227592381600586e-10,1.2728543652663967e-08,0.30625,0.01240368351813569
10,Ahdc1,6.4234977,2.0771601,1.3317804103156294e-10,1.3812915909614255e-08,0.43125,0.14869385453862055
10,Pcbp3,6.4224563,2.2430365,1.3409285816227795e-10,1.3882511702942307e-08,0.4125,0.12997556850216124
10,Gm48697,6.4079447,9.866585,1.474942204225103e-10,1.521461667586623e-08,0.29375,0.000338282277767337
10,Cpeb2,6.402362,1.6685095,1.5299137728980125e-10,1.5696363989655088e-08,0.5125,0.23905280962225145
10,Gm43821,6.393187,8.542997,1.6246309988089368e-10,1.6578515000569835e-08,0.29375,0.0010900206728058635
10,Sema3d,6.3693166,4.2146034,1.8987249037560758e-10,1.9237596929675216e-08,0.3125,0.01988348054876903
10,Tbc1d8b,6.3531375,3.409982,2.1096701988545413e-10,2.126136828194273e-08,0.33125,0.04198458936290171
10,Atp6v0d2,6.345933,6.7127595,2.2108125933799338e-10,2.2202095216868926e-08,0.29375,0.0030069535801541063
10,Ddit4l,6.283767,4.9396677,3.304649301009114e-10,3.283944779210471e-08,0.3,0.011952640481112572
10,Abcb9,6.275501,3.2010965,3.4851040538578966e-10,3.4572353646467334e-08,0.3375,0.05852283405374929
10,Nsmf,6.236072,3.6542206,4.4869456141598434e-10,4.382352833891521e-08,0.31875,0.03491824844953956
10,Mtf2,6.229417,1.566342,4.681749001493251e-10,4.5569823913508924e-08,0.50625,0.2414207855666228
10,Susd1,6.2059155,3.5103946,5.437943144430434e-10,5.257078447996831e-08,0.31875,0.033565119338470215
10,Rbbp7,6.2055407,2.2945087,5.450912535822489e-10,5.2606849271570897e-08,0.3875,0.10975380567562489
10,Ano1,6.190855,2.2585964,5.983872599443468e-10,5.765273937138926e-08,0.38125,0.08821650065777109
10,Atp7a,6.176123,1.9467373,6.569478463753886e-10,6.308139514411635e-08,0.425,0.14940800601390716
10,Nipal2,6.1723566,4.3641787,6.727949986928951e-10,6.4494309798943e-08,0.3,0.01631272317233603
10,Smad3,6.163572,1.554403,7.112205543565e-10,6.806320938758566e-08,0.50625,0.23912798346175532
10,Lcn10,6.1385,10.411155,8.330410761729874e-10,7.892544412373723e-08,0.28125,0.00018793459875963165
10,Cntnap2,6.1317887,4.907926,8.689649496704458e-10,8.219224783917749e-08,0.29375,0.01353129111069348
10,Ppard,6.123907,1.9815797,9.13082162300471e-10,8.593687835297704e-08,0.425,0.15955647434692727
10,Tsc22d1,6.084119,1.4597607,1.1713366469868012e-09,1.0916052375789763e-07,0.53125,0.2439391091900019
10,Etl4,6.0767655,1.5275286,1.2263070554187975e-09,1.1372500006938396e-07,0.475,0.16797594437135877
10,Chka,6.0637016,1.8639737,1.330239763590793e-09,1.2296295840685607e-07,0.43125,0.1604585604209735
10,Serinc3,6.054845,1.5844941,1.4055307933105747e-09,1.297120403596393e-07,0.4875,0.22014658898703252
10,Ica1,6.01616,2.9943998,1.7860307390401428e-09,1.637655013070608e-07,0.325,0.048712647998496526
10,Arpc2,5.990555,1.7662969,2.0912639667916143e-09,1.9144479346154552e-07,0.44375,0.1838752114264236
10,Nol4l,5.96085,3.2401967,2.5092967243019574e-09,2.275188929593595e-07,0.31875,0.0502537117083255
10,Spata13,5.9226317,2.8645365,3.1682969181851883e-09,2.8545252344680824e-07,0.325,0.05040405938733321
10,Gk5,5.9036407,2.2255585,3.5556574846791585e-09,3.193417868061766e-07,0.36875,0.10110881413268183
10,Cdc14b,5.8316336,1.9346012,5.488741967338764e-09,4.837994680529977e-07,0.4,0.13888366848336778
10,Slit2,5.827451,2.336727,5.628024998849263e-09,4.953096931367479e-07,0.35625,0.08505919939860929
10,Tmem39a,5.8163624,2.0235937,6.014192944294465e-09,5.28478642655974e-07,0.39375,0.13715467017477917
10,Cds1,5.781044,2.8160667,7.423851992557255e-09,6.483459452579795e-07,0.325,0.06419845893629017
10,Usp6nl,5.777688,1.8195325,7.57340712244447e-09,6.60394142356984e-07,0.41875,0.17278707009960534
10,Tomm34,5.747567,2.0255337,9.053657128445081e-09,7.83471566186613e-07,0.38125,0.12155609847772975
10,Zfp697,5.744037,1.9140161,9.244559536036666e-09,7.975673705173694e-07,0.4,0.14692726931028002
10,Gm17416,5.7217464,9.036408,1.0543448199278407e-08,9.000816850301525e-07,0.2625,0.0004886299567750423
10,Farp1,5.6938887,1.34777,1.2417799014457206e-08,1.0522051989318568e-06,0.51875,0.2451418906220635
10,Scel,5.6771297,5.268816,1.3697340829009278e-08,1.1537578167819784e-06,0.26875,0.009020860740462319
10,Ypel2,5.622179,1.5189669,1.885638517840208e-08,1.5606125413421408e-06,0.46875,0.23330201090020672
10,Xkr6,5.601664,2.0736625,2.123038400724857e-08,1.7519989793575954e-06,0.375,0.129599699304642
10,Apobec3,5.589395,2.4681551,2.278620686224366e-08,1.8749557874899078e-06,0.325,0.06386017665852284
10,Uggt1,5.581729,1.8461337,2.3813942376605343e-08,1.9538756381358573e-06,0.39375,0.15027250516820145
10,Defb42,5.577665,8.3377695,2.4376870234485198e-08,1.9971847021896713e-06,0.25625,0.0008269122345423793
10,Hoxb5,5.576223,3.701446,2.4579683041373543e-08,2.009325394839005e-06,0.28125,0.02548393159180605
10,Rasef,5.57611,8.511625,2.4595630568532103e-08,2.009325394839005e-06,0.25625,0.0010900206728058635
10,Grik4,5.557776,4.5212054,2.732337807447954e-08,2.223123309853171e-06,0.26875,0.01443337718473971
10,Epb41l4a,5.5526295,2.5138352,2.814044713279173e-08,2.285799144348493e-06,0.325,0.0692351061830483
10,Slc37a3,5.527532,2.54491,3.247668385742256e-08,2.630518997902558e-06,0.31875,0.06483743657207292
10,Polb,5.5212054,1.9616646,3.366823140904808e-08,2.7231573361684756e-06,0.38125,0.141326818267243
10,Akr1a1,5.5193887,1.7864444,3.401809370411299e-08,2.7475521611431174e-06,0.39375,0.15136252584100732
10,Trim36,5.5143294,5.038321,3.501126099923239e-08,2.8197683345930575e-06,0.2625,0.009998120654012404
10,Cystm1,5.473402,3.190481,4.414770144998391e-08,3.5256862107482945e-06,0.2875,0.035820334523585795
10,Cdc42se2,5.467829,1.795847,4.55579956773627e-08,3.632654672590722e-06,0.40625,0.16970494267994737
10,Pafah2,5.464381,3.0183902,4.6452434856334465e-08,3.6942012474225433e-06,0.3,0.05344859988723924
10,Kif26b,5.451502,4.6069202,4.9946260733407064e-08,3.949986156140183e-06,0.2625,0.01229092275887991
10,Pgm2l1,5.444138,3.7573273,5.205678533138314e-08,4.111186426566279e-06,0.275,0.026348430746100358
10,C130073E24Rik,5.4253626,7.6985574,5.78369393048199e-08,4.536216475145661e-06,0.25,0.001691411388836685
10,Wwc1,5.4091377,1.6760713,6.332894527052947e-08,4.9465205386134684e-06,0.38125,0.11456493140387146
10,Erp44,5.3597746,1.73961,8.332587107430335e-08,6.403047806804194e-06,0.4,0.17132118022928022
10,Wbp1l,5.3510256,1.4612589,8.745710482098946e-08,6.684422826324779e-06,0.45625,0.24119526404811126
10,Srebf2,5.3317475,2.01577,9.727218367464811e-08,7.404779960719436e-06,0.35,0.10659650441646307
10,Pdia5,5.313788,4.5860486,1.0736960999509114e-07,8.140789564221684e-06,0.25625,0.013042661153918436
10,Hnf1b,5.313444,3.045295,1.075724694514287e-07,8.145324445523672e-06,0.28125,0.03450479233226837
10,St6galnac2,5.3085694,4.0478816,1.1048906061674245e-07,8.342780792083202e-06,0.2625,0.019394850591993987
10,Tmem64,5.3009543,3.011583,1.151988124730966e-07,8.665172498058908e-06,0.2875,0.04698364968990791
10,Rbm11,5.286951,5.208366,1.2437182478454925e-07,9.318231677706604e-06,0.25,0.007705318549144897
10,Trim2,5.258606,1.7960131,1.4515160834611803e-07,1.0832343028619011e-05,0.3625,0.11001691411388836
10,Lclat1,5.249985,1.6269495,1.5211135497046708e-07,1.1322055769115511e-05,0.40625,0.1772975004698365
10,Lap3,5.2397227,3.1501863,1.608180713237181e-07,1.1954493210501085e-05,0.28125,0.04427739146776922
10,Etv1,5.2270794,3.6999066,1.7220876926613628e-07,1.2734726663354632e-05,0.2625,0.022063521894380756
10,Gm31763,5.2144613,3.1932209,1.8435217013614947e-07,1.3597405336428093e-05,0.28125,0.04788573576395414
10,Rtcb,5.209371,2.7483058,1.89481827239729e-07,1.3957677522454603e-05,0.29375,0.057470400300695355
10,Rab3ip,5.1810565,2.2512486,2.20632571096066e-07,1.6085837683458507e-05,0.31875,0.08329261417026874
10,Fam3c,5.177285,2.6809123,2.251380911089151e-07,1.6393335096972804e-05,0.29375,0.058485247133997366
10,Rasal2,5.133171,1.3603303,2.8490040510411735e-07,2.0560854204098283e-05,0.45,0.2180041345611727
10,Abr,5.108623,2.215936,3.245148574360743e-07,2.3184693221163744e-05,0.31875,0.08363089644803608
10,Fam184a,5.0946145,2.9159105,3.4945120031045627e-07,2.487262599609711e-05,0.275,0.0401052433753054
10,Phlda1,5.082043,3.255621,3.7339679861057907e-07,2.6477692540080927e-05,0.26875,0.03777485435068596
10,Slc41a2,5.0723553,2.7209897,3.9292222679930934e-07,2.779302424370121e-05,0.28125,0.04713399736891562
10,Dnm1l,5.071257,1.3481847,3.9519657022347206e-07,2.791921576314482e-05,0.45625,0.2365720729186243
10,Lpin2,5.061374,1.6788601,4.1624543756616794e-07,2.936980354455411e-05,0.36875,0.1330201090020673
10,Enah,5.052348,1.648727,4.3641116079657583e-07,3.067862704557756e-05,0.35,0.10212366096598384
10,Man1a2,5.041644,1.548268,4.6154857844479884e-07,3.232599951442225e-05,0.40625,0.18909979327194137
10,Shb,5.034948,1.3385167,4.77978637179269e-07,3.3394578625306454e-05,0.44375,0.210712272129299
10,Spata5,5.034271,1.4567704,4.796715990835618e-07,3.347178985712879e-05,0.425,0.20819394850591993
10,Mapkbp1,5.0319204,1.6352897,4.855906250655747e-07,3.3843348570206717e-05,0.38125,0.15350498026686712
10,Pax2,5.026076,3.5598378,5.006176700398417e-07,3.4805458790889654e-05,0.25625,0.025446344672054127
10,Emb,5.018687,3.1889915,5.202586573382753e-07,3.595151481492565e-05,0.2625,0.031309904153354634
10,Lbh,5.0159826,2.9466043,5.276307850336191e-07,3.6416757006787034e-05,0.275,0.04566810749859049
10,Btg3,5.0151463,2.5116549,5.29931293020893e-07,3.6531256363078294e-05,0.2875,0.05585416275136253
10,Myh9,5.0146794,1.3993312,5.312198295343714e-07,3.657580207196692e-05,0.4375,0.21695170080811876
10,Fat1,4.9984746,1.8346337,5.778558581665205e-07,3.973875654572445e-05,0.35,0.1283217440330765
10,Sec24d,4.984882,1.3497394,6.199967315311141e-07,4.243177150253987e-05,0.44375,0.22236421725239616
10,Miga1,4.9813876,3.12862,6.312998812669186e-07,4.315347723795872e-05,0.2625,0.033226837060702875
10,Kcnk1,4.9782367,3.7433212,6.416610266401784e-07,4.375667127894419e-05,0.25,0.021349370419094155
10,Ptk7,4.967764,3.3740673,6.772935894877994e-07,4.596635790110225e-05,0.25625,0.02762638601766585
10,Pdzk1,4.9382176,3.3340158,7.883973539715427e-07,5.3316073316500734e-05,0.25625,0.029693666604021802
10,Aldh3a2,4.8715672,2.8614013,1.10716362212762e-06,7.373450737727346e-05,0.26875,0.04754745348618681
10,Spats2,4.8663645,1.9621513,1.1366990991714872e-06,7.561306472654632e-05,0.325,0.10712272129299004
10,Spint2,4.8619,3.1511269,1.162643186579767e-06,7.71585847168281e-05,0.25625,0.0323999248261605
10,Lcorl,4.857482,1.2397159,1.1888793051409337e-06,7.880788884054704e-05,0.45625,0.24175906784439016
10,Parp16,4.8420315,2.4241662,1.2851826846006921e-06,8.50443527709871e-05,0.29375,0.07904529223830108
10,Echdc2,4.841708,1.8920652,1.2872756977257975e-06,8.50443527709871e-05,0.3375,0.1279082879158053
10,Ern1,4.784156,1.49443,1.7170749295180278e-06,0.00011238156731228278,0.3875,0.1738770907724112
10,Zfp618,4.776546,2.7450917,1.783317301343716e-06,0.00011644939272455564,0.2625,0.04119526404811126
10,Phf6,4.772831,2.1327372,1.8165422595498036e-06,0.00011834752036730591,0.3125,0.09907912046607781
10,Gm53,4.770373,2.5833762,1.8388500439593015e-06,0.0001195273520012404,0.2625,0.03871452734448412
10,Adgrl2,4.769408,1.6670271,1.847677232317825e-06,0.00011996418390582586,0.35625,0.14252959969930465
10,Morf4l2,4.7634406,1.6845253,1.9031954642018752e-06,0.0001234280785046913,0.35625,0.148468333020109
10,Commd10,4.762353,1.4350741,1.913486951197154e-06,0.00012381347782740583,0.39375,0.17722232663033263
10,Adgrl1,4.7081046,2.995046,2.500305632328301e-06,0.0001594287827664119,0.25625,0.043300131554219135
10,Stau1,4.701516,1.391134,2.5823676641601223e-06,0.00016429340465356593,0.4125,0.21176470588235294
10,Sec16a,4.680083,1.5343362,2.867591222635524e-06,0.0001806233537700104,0.3625,0.15613606464950197
10,Hlf,4.659373,2.97254,3.1717424100133157e-06,0.0001993401595679561,0.25,0.03574516068408194
10,Acss1,4.6469088,2.9645405,3.369458315549916e-06,0.00021106746528682922,0.25,0.036835181356887806
10,Bicd1,4.640941,1.4555668,3.468257688156092e-06,0.0002165417335759825,0.34375,0.11618116895320428
10,Retreg1,4.6336446,2.0974238,3.592837322303733e-06,0.0002240742058809385,0.28125,0.062319112948693856
10,Pdxdc1,4.632921,1.2197735,3.605421350358887e-06,0.00022461301653258793,0.44375,0.23912798346175532
10,Sdk1,4.61764,1.2036934,3.881288219869818e-06,0.00024100810526456634,0.45625,0.24570569441834242
10,Reps2,4.6096454,1.9515355,4.033562796990354e-06,0.0002501907398948015,0.29375,0.07592557789889119
10,Zfp827,4.551749,2.1098602,5.320178392396311e-06,0.0003264399545705155,0.28125,0.06799473783123473
10,Cstpp1,4.524974,1.6603016,6.040296408552897e-06,0.0003678508211758401,0.33125,0.12279646682954332
10,Prex2,4.4975524,1.8340459,6.87402789574789e-06,0.00041595539044822597,0.29375,0.08197707197895132
10,Ergic1,4.495202,1.5165983,6.950390452166284e-06,0.0004190788384161781,0.35625,0.15685021612478858
10,Cpt1a,4.4915485,1.935387,7.070715909621975e-06,0.00042514639346334204,0.30625,0.10152227024995301
10,Atp8a1,4.4797416,1.5348084,7.4733495437727735e-06,0.00044840884759954217,0.35,0.14940800601390716
10,Nsd2,4.478402,1.1929078,7.520380317034963e-06,0.0004507557638234609,0.43125,0.2369855290358955
10,Fnbp1l,4.4681807,1.6821223,7.888766447229649e-06,0.00047085351181520277,0.30625,0.09268934410825033
10,Rab30,4.464153,1.636652,8.038625761212055e-06,0.00047929569577924154,0.3375,0.13922195076113514
10,Dcbld1,4.4556346,2.6610832,8.364537646036634e-06,0.0004971661149300333,0.25625,0.05450103364029318
10,Stim2,4.453782,1.363615,8.437066872956297e-06,0.0005004323175135464,0.3875,0.1860176658522834
10,Tspan15,4.414492,2.6812892,1.0124750708428355e-05,0.0005925112333901531,0.25,0.05002819018981394
10,Tbc1d14,4.387055,1.6302198,1.1489582473294083e-05,0.0006668994042934132,0.33125,0.13636534485998872
10,Trak2,4.375828,1.758282,1.2097262126925895e-05,0.0006986107533157073,0.3125,0.11633151663221199
10,Zfat,4.372872,2.2517262,1.226226601378174e-05,0.0007074221773969058,0.26875,0.06957338846081564
10,Nup153,4.3569036,1.3102206,1.3191548973206672e-05,0.0007587272627104657,0.38125,0.18834805487690284
10,Fads2,4.3492117,2.4763553,1.3662788209732301e-05,0.0007834570226086274,0.25,0.050216124788573575
10,Raver2,4.341268,1.4432606,1.4166263094150178e-05,0.0008078259158994864,0.35625,0.165307273068972
10,Dusp16,4.306165,1.5112072,1.6610913021241797e-05,0.0009411363167587355,0.35,0.158165758316106
10,Sf3b3,4.2391505,1.2082174,2.2436740528270015e-05,0.0012537492074781382,0.4125,0.23457996617177224
10,Spire1,4.223818,1.4531183,2.4019806519598815e-05,0.001337662344537178,0.3375,0.1485810937793648
10,Fyttd1,4.2188764,1.1622509,2.455226600532185e-05,0.001361276123280459,0.4125,0.2295433189250141
10,2510009E07Rik,4.2067103,1.6859617,2.5911503220889207e-05,0.0014269119002907663,0.30625,0.11877466641608721
10,Myof,4.2007475,1.1804866,2.660349684024683e-05,0.0014607808231248743,0.375,0.16079684269874084
10,Gm1976,4.1572804,1.844851,3.220585532816233e-05,0.0017431878405331665,0.2875,0.10114640105243375
10,Snx6,4.1513743,1.141127,3.304847417260476e-05,0.0017837091638505096,0.4,0.21029881601202782
10,Lnpk,4.08241,1.4625313,4.457113948837931e-05,0.002358666592572311,0.33125,0.15237737267430934
10,Lrif1,4.0819325,1.8380046,4.466277895295632e-05,0.002361321537938984,0.28125,0.09904153354632587
10,Ppara,4.0652146,1.4428983,4.798826863741863e-05,0.0025161141846070482,0.34375,0.16752490133433565
10,2810407A14Rik,4.0350223,1.9254278,5.4597153160597214e-05,0.0028391018247649006,0.26875,0.08543506859612855
10,S100pbp,4.032277,1.372036,5.5239051564146464e-05,0.0028698602510164816,0.35,0.180605149408006
10,Clcn3,4.0314713,1.1016166,5.542877446675113e-05,0.0028770919297276903,0.4125,0.23736139823341476
10,Diaph1,3.9863415,1.0355296,6.709991728868676e-05,0.0034266694083722985,0.425,0.23691035519639164
10,Stxbp5,3.9464355,1.1020432,7.932331478817008e-05,0.003997011987913121,0.4,0.22713775606089082
10,Scd2,3.945989,1.4067988,7.947127384828367e-05,0.003997503360596396,0.325,0.15124976508175156
10,Tpk1,3.9306157,1.0674223,8.47286452635126e-05,0.004228338115643884,0.40625,0.22830295057320052
10,Gatad2a,3.9249763,1.4828098,8.673827790398834e-05,0.004317276470394231,0.30625,0.12501409509490696
10,Pls3,3.8992531,1.5166905,9.64898724197405e-05,0.0047692967234830245,0.30625,0.13155421913174214
10,Papss1,3.8768704,1.6481326,0.00010580869170912164,0.005189364956596981,0.2875,0.11509114828039842
10,Coro7,3.859614,1.8008218,0.0001135663526275868,0.005550713892675897,0.2625,0.08487126479984965
10,Tsc1,3.8476067,1.374954,0.000119277391728582,0.00579997776466028,0.3375,0.17417778613042662
10,Ralgps1,3.8473399,1.1752033,0.00011940732766303104,0.005801341846809429,0.36875,0.19838376245066716
10,Camta1,3.8340497,1.0363053,0.00012605066030248738,0.00609808891103138,0.4125,0.24160872016538246
10,Spred1,3.827533,1.2078264,0.00012943406560273233,0.006251149388876321,0.35,0.17105807179101673
10,Slc25a25,3.8140376,1.5244538,0.0001367146387136187,0.006563801216688163,0.29375,0.12242059763202405
10,Ppfibp2,3.807603,1.6388491,0.00014032031274151212,0.006718447541332462,0.275,0.100507423416651
10,Nrbp2,3.8020406,1.3061864,0.00014350917245790592,0.006849585740926757,0.33125,0.16342792708137568
10,Pals1,3.7968376,1.1457765,0.00014655378007366078,0.006989044213713835,0.375,0.20981018605525278
10,Gja1,3.7888994,1.3657323,0.00015131617081798365,0.007183341374180973,0.29375,0.11257282465701936
10,Tgfbr1,3.762355,1.0509582,0.00016832076943163604,0.00795381986075252,0.39375,0.22773914677692164
10,Ryk,3.7618215,1.1794934,0.00016868039351586927,0.007964204218231435,0.35625,0.189287727870701
10,Slc5a3,3.7440262,1.1379114,0.00018109476232727539,0.00849400070978368,0.3625,0.19492576583348994
10,Pkd1,3.7429435,1.1454012,0.00018187714348690204,0.00852367607184172,0.375,0.21251644427739147
10,Ppp1r13b,3.733656,1.3382392,0.00018872033307025426,0.008829847563971526,0.325,0.16207479797030633
10,St6gal1,3.7073529,1.5161247,0.00020943707646490007,0.009719280008955073,0.25625,0.0778049238864875
10,Glrx3,3.6442122,1.0754743,0.00026821209411101297,0.01228661693545872,0.3875,0.2328509678631836
10,Phka1,3.635053,1.2019138,0.00027792369877466857,0.012680491451865707,0.325,0.15707573764330013
10,Cox10,3.6314301,1.6432482,0.00028185498838920214,0.012839283915095647,0.26875,0.10757376433001316
10,Cacna1d,3.6246054,1.7152531,0.0002894028826193577,0.013151547916383758,0.25,0.08084946438639354
10,Kif21a,3.6089191,1.2888021,0.00030747546114229295,0.013906243235030424,0.325,0.16944183424168388
10,Pepd,3.6065998,1.2486936,0.00031023561983330416,0.014017132768607424,0.31875,0.15576019545198272
10,Mast2,3.5918677,1.0310184,0.00032831639522688425,0.014755062242000011,0.38125,0.22461943243751176
10,Osbp,3.5780132,1.5470504,0.00034621584246756547,0.015522737233028067,0.26875,0.10614546137943995
10,Slc17a5,3.574134,1.5521617,0.00035138890408204247,0.015729902191301555,0.26875,0.10798722044728434
10,Araf,3.5579603,1.4165931,0.0003737459500952327,0.016665206064504813,0.29375,0.13910919000187935
10,Cdk17,3.5448496,1.0367657,0.00039283699701043393,0.017461773182491116,0.3625,0.20665288479609095
10,Prkacb,3.5344281,1.1185803,0.0004086586808470308,0.018094427640832644,0.35,0.1959781995865439
10,Rnf149,3.5253713,1.4859616,0.0004228895947721876,0.018669008781043474,0.275,0.11610599511370043
10,Nup93,3.5251968,1.527571,0.0004231682204655716,0.018669008781043474,0.275,0.12039090396542003
10,Plekha2,3.5192907,1.4876314,0.000432702271677398,0.01907004647955319,0.26875,0.10588235294117647
10,Tbcel,3.4818475,1.6525141,0.0004979669482777479,0.02164483664265896,0.25625,0.09998120654012403
10,Rabgef1,3.4496334,1.0407276,0.000561348421393688,0.02416004570111715,0.3375,0.17477917684645744
10,Tfcp2,3.4222066,1.336788,0.0006211510660508573,0.02637506551230564,0.29375,0.14376996805111822
10,Tmf1,3.3889353,1.506326,0.0007016458567616671,0.029398393473043478,0.25625,0.10058259725615486
10,Slc39a11,3.3611543,1.3179231,0.0007761743325244195,0.032166042698888626,0.28125,0.13057695921819207
10,Zwint,3.3521183,1.1363621,0.00080195786271276,0.033114055591535366,0.3375,0.1955647434692727
10,Nars2,3.328971,1.4698391,0.0008716752324494434,0.0356822857015843,0.26875,0.12411200902086074
10,Lmbrd2,3.2941036,1.4240763,0.0009873606843534353,0.0397151851376452,0.2625,0.1143394098853599
10,Pced1b,3.2905169,1.0236819,0.001000034902004867,0.04015725483431533,0.34375,0.19436196203721104
10,Dnmbp,3.2583027,1.1544862,0.001120808144032802,0.04472315103670061,0.3125,0.16910355196391655
10,Mospd2,3.2566144,1.4619238,0.0011274947622318013,0.04492943367094067,0.2625,0.11715842886675437
10,Hdac4,3.256599,1.0350621,0.001127555903756067,0.04492943367094067,0.34375,0.1990227400864499
11,Bank1,17.649996,7.0270944,1.0176420314784831e-69,5.794555491441631e-65,0.8301886792452831,0.0527700518679997
11,Aff3,16.419659,5.2382846,1.3834156514730583e-60,3.938653530526371e-56,0.8176100628930818,0.11820641960460046
11,Arhgap15,15.354712,4.6993294,3.293734495584521e-53,4.688713397826956e-49,0.8050314465408805,0.15252198752161167
11,Dock2,15.333782,4.5550027,4.547210455301429e-53,5.178454210706373e-49,0.8176100628930818,0.13230098474028415
11,Ikzf3,14.622517,7.817254,2.018020234637281e-48,1.915134836341357e-44,0.6792452830188679,0.01187702022100278
11,Ripor2,14.346563,5.4347115,1.1194835015885233e-46,9.106358580564585e-43,0.6981132075471698,0.06479741411711644
11,Gm15987,13.884922,6.625881,7.818568986298206e-44,5.564964208110078e-40,0.6540880503144654,0.02661053897617079
11,Lyn,13.195218,3.93571,9.348412976039221e-40,5.914533147429437e-36,0.710691823899371,0.1594001353078253
11,Inpp4b,12.909151,5.072236,3.996840161690287e-38,2.275840756468066e-34,0.6415094339622641,0.07487033000075172
11,Bach2,12.64583,4.371802,1.1797235155931685e-36,5.597886391782551e-33,0.6540880503144654,0.14402766293317296
11,Prkcb,12.472468,4.311936,1.0550644167463084e-35,4.621263304150119e-32,0.6415094339622641,0.1077200631436518
11,Pax5,12.448019,10.914394,1.433600607670079e-35,5.830760871524426e-32,0.5723270440251572,0.0011651507178831843
11,Cacna1e,11.919446,5.6936207,9.372945095266959e-33,2.965027037053311e-29,0.5723270440251572,0.041907840336766145
11,Elmo1,11.594903,3.289553,4.37360688462636e-31,1.131988861897771e-27,0.6729559748427673,0.18657445688942345
11,Tmem163,11.294964,8.3853,1.3896100093788715e-29,3.4402514584366224e-26,0.5220125786163522,0.004284747801247839
11,Ptprc,11.289358,3.8202393,1.4811360362882463e-29,3.5140569600953766e-26,0.610062893081761,0.11204239645192814
11,Ralgps2,11.191442,5.0868855,4.4907413260602393e-29,1.0228292073887843e-25,0.5471698113207547,0.05194317071337292
11,Syk,11.117449,4.3513694,1.0318054996593215e-28,2.0982870341464793e-25,0.5660377358490566,0.07058558219950387
11,Bcl11a,11.093884,7.4471536,1.3432569892652588e-28,2.637461938819072e-25,0.5157232704402516,0.008795008644666617
11,Mef2c,10.882109,3.896867,1.402802264371462e-27,2.6625654578525142e-24,0.5786163522012578,0.10414943997594528
11,Ighm,10.526543,4.763539,6.518506382946834e-26,1.1973234579076636e-22,0.5220125786163522,0.06637600541231302
11,Wdfy4,10.42986,4.7645516,1.811543865238792e-25,3.1257914918352135e-22,0.5157232704402516,0.047470495376982634
11,Ikzf1,10.288711,3.666137,7.923010464110003e-25,1.2531781634357991e-21,0.5534591194968553,0.1088476283545065
11,Gm26740,10.2256975,3.9289598,1.5212908271354176e-24,2.2211236150748155e-21,0.5345911949685535,0.07550928362023604
11,Myo1e,9.827702,3.8386483,8.55485648067249e-23,1.0824935174799382e-19,0.5157232704402516,0.09020521686837556
11,Ccnd3,9.7268505,2.9480731,2.316539876555768e-22,2.867523850238304e-19,0.5911949685534591,0.19315192061940917
11,Ets1,9.523444,4.4428897,1.6753226371288153e-21,1.8704812996225854e-18,0.4779874213836478,0.04848530406675186
11,Mir142hg,9.451536,4.3610806,3.3389331003894707e-21,3.587211125835412e-18,0.4779874213836478,0.057205141697361496
11,Cd37,9.420931,5.825779,4.4710814366784294e-21,4.714589779368638e-18,0.44654088050314467,0.019318950612643764
11,Pecam1,9.177149,4.9811053,4.426572472621638e-20,4.27209259599235e-17,0.44654088050314467,0.029091182440051117
11,Fli1,9.085181,3.1523943,1.0352575375169231e-19,9.210718663086113e-17,0.5220125786163522,0.11410959933849507
11,Btla,9.055224,7.114823,1.3628751815383714e-19,1.1938996263380985e-16,0.42138364779874216,0.006615049237014207
11,Kcnq5,8.9757185,4.397854,2.815075887129071e-19,2.3572534718973005e-16,0.4528301886792453,0.0446515823498459
11,Runx1,8.689106,2.7682157,3.653021932413365e-18,2.6667528442762742e-15,0.5345911949685535,0.15150717883184245
11,St6gal1,8.5778265,3.7865555,9.668271190945062e-18,6.6327834925735276e-15,0.4528301886792453,0.07663684883109073
11,Marchf1,8.428164,3.5668602,3.511332804551348e-17,2.149879583053315e-14,0.4528301886792453,0.07524618507103661
11,Nedd9,8.423381,2.6125433,3.6577165151197827e-17,2.2156812349727185e-14,0.5283018867924528,0.19089679019769976
11,Pou2f2,8.400089,5.3803535,4.461376857995478e-17,2.6462006215741723e-14,0.4025157232704403,0.0206720288656694
11,Cmah,8.377761,3.5789535,5.394419808459936e-17,3.134323044015482e-14,0.44654088050314467,0.06874389235510787
11,Ms4a1,8.324198,8.990206,8.490178259362373e-17,4.8832246491550796e-14,0.3836477987421384,0.0017665188303390212
11,Plcg2,8.098848,4.2015767,5.548187477889012e-16,2.9803711620611156e-13,0.4088050314465409,0.043373675110877245
11,Card11,8.022189,6.099252,1.0387675137066901e-15,5.476709351664134e-13,0.37735849056603776,0.01011050139066376
11,Cd74,7.9670825,2.9773095,1.6246442290737822e-15,8.487052022723874e-13,0.4716981132075472,0.13478162820416448
11,Swap70,7.9443464,3.562139,1.952169492085691e-15,1.001427775214877e-12,0.4276729559748428,0.08471773284221604
11,Rftn1,7.9368057,3.05741,2.0745440418497613e-15,1.051718404510242e-12,0.4528301886792453,0.10463805156731565
11,Blnk,7.936054,3.7328608,2.0871459881220448e-15,1.051718404510242e-12,0.41509433962264153,0.0623543561602646
11,Slc9a7,7.781434,5.5670543,7.170691352674364e-15,3.2405264786716743e-12,0.3710691823899371,0.01774035931744719
11,Arhgef18,7.7519197,2.8807948,9.051374649470514e-15,4.058223022956697e-12,0.46540880503144655,0.16443659324964294
11,Gm31243,7.5494604,6.7944927,4.370656350743836e-14,1.871199573441389e-11,0.3522012578616352,0.006765391265128167
11,BE692007,7.5463924,6.7403703,4.474801505145898e-14,1.901490093317258e-11,0.3522012578616352,0.006915733293242126
11,Gm56536,7.47521,7.8567266,7.708048441192643e-14,3.157582635179498e-11,0.34591194968553457,0.003269939111478614
11,Serinc3,7.4283133,2.2161438,1.0999132256567355e-13,4.410574576205646e-11,0.5094339622641509,0.22002555814477937
11,Ly86,6.9431324,3.7698245,3.8349910407813154e-12,1.2845189697242875e-09,0.3584905660377358,0.04450124032173194
11,Itga4,6.845936,3.2597897,7.597749046378062e-12,2.515142575183124e-09,0.3710691823899371,0.06066300834398256
11,Cd38,6.833443,3.8733363,8.290022383600587e-12,2.7128860031298906e-09,0.3522012578616352,0.04559122002555815
11,Abhd17b,6.8191495,2.091171,9.158118993973595e-12,2.9629116683855145e-09,0.48427672955974843,0.24667368262797865
11,Igkc,6.7462583,7.045101,1.517065494080141e-11,4.6947405596965925e-09,0.31446540880503143,0.0060512666315868605
11,Fam169b,6.62384,6.946091,3.4998636859255216e-11,1.0219781443091545e-08,0.3081761006289308,0.004510260843418778
11,Pkig,6.564239,2.8298938,5.2299282426709664e-11,1.4964690656579272e-08,0.389937106918239,0.11873261670299932
11,Pou2af1,6.4263372,9.897977,1.3071519426781618e-10,3.445858276298019e-08,0.29559748427672955,0.0005637826054273472
11,Malt1,6.363509,2.3528485,1.971955835590184e-10,5.080775440467903e-08,0.42138364779874216,0.1781928888220702
11,A630001G21Rik,6.321085,4.3053665,2.5973302385210505e-10,6.515179784653177e-08,0.31446540880503143,0.027550176651883033
11,Smap2,6.255616,2.9846272,3.9594895045341186e-10,9.676278621359538e-08,0.3584905660377358,0.08738630384123881
11,Sp100,6.1967516,2.8142645,5.764031821214613e-10,1.3732624934384156e-07,0.3584905660377358,0.08422912125084567
11,Baz1a,6.176286,1.9445708,6.562706115288753e-10,1.5378067856405633e-07,0.46540880503144655,0.2472750507404345
11,Arhgap25,6.0457296,4.2329483,1.4873540368078048e-09,3.2826134189873335e-07,0.3018867924528302,0.02815154476433887
11,Inpp5d,6.005318,2.7125533,1.9095724730456923e-09,4.134333315121474e-07,0.3522012578616352,0.08054574156205367
11,Slc38a1,5.9111223,3.6836433,3.3978484558905667e-09,7.219286900256148e-07,0.3081761006289308,0.043223333082763285
11,Mndal,5.904719,3.1099641,3.5324846697846904e-09,7.449748503044818e-07,0.3270440251572327,0.06393294745546117
11,Ptpn22,5.8810363,3.8986688,4.077060954792236e-09,8.503733620030209e-07,0.3018867924528302,0.03694655340900549
11,Arhgap45,5.87785,3.1716204,4.156293573681754e-09,8.637354466387328e-07,0.32075471698113206,0.05479966924753815
11,Plekhm3,5.832698,1.9412467,5.4538311834347515e-09,1.1090950050569935e-06,0.44025157232704404,0.23404495226640606
11,Ppp1r16b,5.7422285,4.902836,9.34385759479883e-09,1.8283456883348462e-06,0.27672955974842767,0.013756295572427272
11,Gm30211,5.738018,9.448563,9.579089528704722e-09,1.8679552631985464e-06,0.2641509433962264,0.0007517101405697963
11,Ighd,5.711947,7.7841377,1.116909180931807e-08,2.1631947507291845e-06,0.2641509433962264,0.0021047883935954295
11,H2-Eb1,5.7019043,2.6534753,1.1847618127453604e-08,2.272323773739694e-06,0.34591194968553457,0.10020296173795384
11,Snx2,5.6616116,1.8180618,1.4995813517156473e-08,2.808804662764496e-06,0.44654088050314467,0.23938209426445162
11,AU020206,5.648244,3.7232952,1.620951956059469e-08,3.0162949454242555e-06,0.29559748427672955,0.043072991054649325
11,Eml4,5.5640182,1.8266164,2.636322469098288e-08,4.72059238090961e-06,0.4276729559748428,0.22092761031346314
11,Xylt1,5.560405,2.5536792,2.6914946857182654e-08,4.789262465608867e-06,0.34591194968553457,0.11012553559347515
11,Ppp3cc,5.362532,2.4345047,8.206345983768151e-08,1.354427671483311e-05,0.34591194968553457,0.1265879876719537
11,Iqgap1,5.3292904,1.6635398,9.859713837521123e-08,1.5994927795506844e-05,0.44025157232704404,0.24107344208073367
11,Rcsd1,5.3134522,2.8497121,1.075676036313417e-07,1.735129438632359e-05,0.3018867924528302,0.0630684807938059
11,Lcp1,5.216271,2.7217286,1.8256098899817952e-07,2.848001445080915e-05,0.3081761006289308,0.07998195895662633
11,Dock8,5.1880636,2.35388,2.12491848647985e-07,3.2764662631490754e-05,0.3333333333333333,0.10854694429827859
11,Tbc1d1,5.183565,2.0111675,2.176842974907575e-07,3.341013903887122e-05,0.36477987421383645,0.1424490716379764
11,Pip4k2a,5.1215706,1.738507,3.0300095869547216e-07,4.4930149971559583e-05,0.4025157232704403,0.1851837931293693
11,Ero1b,5.019129,3.7284698,5.190629449825777e-07,7.382224035360816e-05,0.2641509433962264,0.040592347590769
11,Atp8a1,4.9027944,2.0532126,9.44827833097126e-07,0.00012870679819230492,0.34591194968553457,0.1494399759452755
11,Sorl1,4.868066,2.2551556,1.1269589970022537e-06,0.00014923295871698914,0.3333333333333333,0.1401563557092385
11,Pik3ap1,4.831036,2.951283,1.3582452460750312e-06,0.0001765749830062976,0.27044025157232704,0.05295797940314215
11,Cdc42se2,4.7206416,1.8666236,2.3510202955926313e-06,0.00028976070703753254,0.3584905660377358,0.16999924828985943
11,H2-Aa,4.688826,2.0135155,2.7477699944142313e-06,0.0003336050559742873,0.3270440251572327,0.12677591520709613
11,Plcl2,4.663599,1.7413872,3.107266718785247e-06,0.0003748535471066753,0.3836477987421384,0.20390137562955724
11,Apbb1ip,4.6115184,2.1287131,3.997381876720767e-06,0.00047419775300491085,0.3081761006289308,0.10655491242576863
11,Ly6e,4.566891,2.7414553,4.950106752816586e-06,0.0005717323095580715,0.2641509433962264,0.05961061414718485
11,Traf3,4.489934,1.8022009,7.124532157121332e-06,0.0008113559711172914,0.3522012578616352,0.1815379989476058
11,Crlf3,4.460177,2.1186342,8.189193165270823e-06,0.0009197255385082563,0.31446540880503143,0.13372923400736675
11,Txndc16,4.3728223,2.686411,1.2265065616460558e-05,0.0013177077382393976,0.2641509433962264,0.07584755318349244
11,Unc93b1,4.367433,1.9955224,1.2571541045573719e-05,0.0013455566140526563,0.3081761006289308,0.12282943696910471
11,Apobec3,4.2441497,2.6774402,2.1942393756331588e-05,0.0022231705389310977,0.25157232704402516,0.06430880252574607
11,Map3k1,4.2014112,1.5486346,2.6525598139364455e-05,0.002622211950787416,0.37735849056603776,0.23133879576035482
11,Mcl1,4.145522,1.9377515,3.3904052443916634e-05,0.0032832153915120016,0.3018867924528302,0.13004585431857477
11,Pitpnc1,4.1318817,1.3523617,3.598058033609593e-05,0.0034491081227569667,0.389937106918239,0.2095016161768022
11,Msn,4.117824,1.78542,3.824661753272684e-05,0.0036236283676056554,0.3270440251572327,0.16665413816432384
11,Taok3,4.070258,1.5048896,4.696111259562564e-05,0.004319891296134927,0.34591194968553457,0.17668946854093062
11,Fam107b,3.9286554,1.7965006,8.542215140142915e-05,0.007340467361651995,0.3018867924528302,0.14192287453957753
11,Snx30,3.924728,1.8502034,8.682779730760846e-05,0.007445875913392369,0.3018867924528302,0.1487634368187627
11,Nfatc1,3.903696,2.3002324,9.473474024886336e-05,0.008051180364941088,0.2578616352201258,0.09246034729008494
11,Tmod3,3.7693717,1.5125906,0.0001636589494883897,0.013293729305019111,0.3333333333333333,0.1944298278583778
11,Iqsec1,3.762531,1.5514901,0.00016820244276779224,0.013566027328103199,0.33962264150943394,0.2110802074719988
11,Myh9,3.7110374,1.4067221,0.00020641168424294278,0.01621143132755504,0.3522012578616352,0.21746974366684207
11,Gtdc1,3.6674087,1.3148077,0.00024502101622811927,0.018752340974523305,0.36477987421383645,0.23178982184469668
11,Far1,3.6151943,1.3724278,0.0003001223945500594,0.022397469551867537,0.3333333333333333,0.19022025107118695
11,Tgfbr2,3.5715966,1.3320514,0.00035481162680850464,0.026035217580029718,0.33962264150943394,0.19754942494174246
11,Hdac9,3.405673,1.4926314,0.0006600118520014448,0.04438881330681382,0.29559748427672955,0.14996617304367435
