,sample,sample_id,SampleName,type
Normal_AAACCTGAGGACCACA-1,Normal,Normal,Normal,Illumina HiSeq 4000
Normal_AAACCTGGTTTGGGCC-1,Normal,Normal,Normal,Illumina HiSeq 4000
Normal_AAACGGGAGCAATATG-1,Normal,Normal,Normal,Illumina HiSeq 4000
Normal_AAACGGGCATGTCTCC-1,Normal,Normal,Normal,Illumina HiSeq 4000
Normal_AAACGGGTCGCGCCAA-1,Normal,Normal,Normal,Illumina HiSeq 4000
Normal_AAAGATGGTAGAGTGC-1,Normal,Normal,Normal,Illumina HiSeq 4000
Normal_AAAGATGTCAGCGACC-1,Normal,Normal,Normal,Illumina HiSeq 4000
Normal_AAAGATGTCGCACTCT-1,Normal,Normal,Normal,Illumina HiSeq 4000
Normal_AACACGTCACTTCTGC-1,Normal,Normal,Normal,Illumina HiSeq 4000
Normal_AACCGCGAGGGTGTGT-1,Normal,Normal,Normal,Illumina HiSeq 4000
Normal_AACCGCGCAGCGTCCA-1,Normal,Normal,Normal,Illumina HiSeq 4000
Normal_AACCGCGCATCCCATC-1,Normal,Normal,Normal,Illumina HiSeq 4000
Normal_AACCGCGTCCCTAACC-1,Normal,Normal,Normal,Illumina HiSeq 4000
Normal_AACGTTGTCAAGATCC-1,Normal,Normal,Normal,Illumina HiSeq 4000
Normal_AACTCAGCACTCGACG-1,Normal,Normal,Normal,Illumina HiSeq 4000
Normal_AACTCCCCATTACGAC-1,Normal,Normal,Normal,Illumina HiSeq 4000
Normal_AACTCCCTCTAAGCCA-1,Normal,Normal,Normal,Illumina HiSeq 4000
Normal_AACTCTTAGGCATTGG-1,Normal,Normal,Normal,Illumina HiSeq 4000
Normal_AACTGGTGTCCGAATT-1,Normal,Normal,Normal,Illumina HiSeq 4000
Normal_AACTGGTTCCTGCTTG-1,Normal,Normal,Normal,Illumina HiSeq 4000
Normal_AACTTTCCAGATGGCA-1,Normal,Normal,Normal,Illumina HiSeq 4000
Normal_AACTTTCTCAGGCGAA-1,Normal,Normal,Normal,Illumina HiSeq 4000
Normal_AAGACCTAGGAATGGA-1,Normal,Normal,Normal,Illumina HiSeq 4000
Normal_AAGACCTCAAATACAG-1,Normal,Normal,Normal,Illumina HiSeq 4000
Normal_AAGACCTTCGGATGGA-1,Normal,Normal,Normal,Illumina HiSeq 4000
Normal_AAGCCGCAGATGGGTC-1,Normal,Normal,Normal,Illumina HiSeq 4000
Normal_AAGCCGCCACGACTCG-1,Normal,Normal,Normal,Illumina HiSeq 4000
Normal_AAGGCAGAGCTTTGGT-1,Normal,Normal,Normal,Illumina HiSeq 4000
Normal_AAGGTTCAGCATGGCA-1,Normal,Normal,Normal,Illumina HiSeq 4000
Normal_AAGTCTGCACATGGGA-1,Normal,Normal,Normal,Illumina HiSeq 4000
Normal_AATCCAGAGTATTGGA-1,Normal,Normal,Normal,Illumina HiSeq 4000
Normal_AATCGGTTCGCGATCG-1,Normal,Normal,Normal,Illumina HiSeq 4000
Normal_AATCGGTTCTCTTGAT-1,Normal,Normal,Normal,Illumina HiSeq 4000
Normal_ACACCCTCATATGAGA-1,Normal,Normal,Normal,Illumina HiSeq 4000
Normal_ACACCGGGTCTGGAGA-1,Normal,Normal,Normal,Illumina HiSeq 4000
Normal_ACACCGGGTGTGCGTC-1,Normal,Normal,Normal,Illumina HiSeq 4000
Normal_ACACCGGGTTGTACAC-1,Normal,Normal,Normal,Illumina HiSeq 4000
Normal_ACAGCCGAGACCACGA-1,Normal,Normal,Normal,Illumina HiSeq 4000
Normal_ACAGCCGAGTCGTACT-1,Normal,Normal,Normal,Illumina HiSeq 4000
Normal_ACAGCCGTCGGAGGTA-1,Normal,Normal,Normal,Illumina HiSeq 4000
Normal_ACAGCTAGTCATCCCT-1,Normal,Normal,Normal,Illumina HiSeq 4000
Normal_ACATACGCACAGGTTT-1,Normal,Normal,Normal,Illumina HiSeq 4000
Normal_ACATACGCATCCGTGG-1,Normal,Normal,Normal,Illumina HiSeq 4000
Normal_ACATCAGAGATTACCC-1,Normal,Normal,Normal,Illumina HiSeq 4000
Normal_ACATCAGAGGCAAAGA-1,Normal,Normal,Normal,Illumina HiSeq 4000
Normal_ACATGGTGTCGCGAAA-1,Normal,Normal,Normal,Illumina HiSeq 4000
Normal_ACCAGTAGTAAGTTCC-1,Normal,Normal,Normal,Illumina HiSeq 4000
Normal_ACCAGTATCTAAGCCA-1,Normal,Normal,Normal,Illumina HiSeq 4000
Normal_ACCCACTAGTCAAGGC-1,Normal,Normal,Normal,Illumina HiSeq 4000
Normal_ACCCACTAGTCCATAC-1,Normal,Normal,Normal,Illumina HiSeq 4000
Normal_ACCCACTCACGGTAGA-1,Normal,Normal,Normal,Illumina HiSeq 4000
Normal_ACCCACTTCAGCAACT-1,Normal,Normal,Normal,Illumina HiSeq 4000
Normal_ACCGTAAAGCCTATGT-1,Normal,Normal,Normal,Illumina HiSeq 4000
Normal_ACCGTAAGTCTCCACT-1,Normal,Normal,Normal,Illumina HiSeq 4000
Normal_ACGAGGAAGTGGAGTC-1,Normal,Normal,Normal,Illumina HiSeq 4000
Normal_ACGAGGAGTTGAACTC-1,Normal,Normal,Normal,Illumina HiSeq 4000
Normal_ACGATACTCTTTAGTC-1,Normal,Normal,Normal,Illumina HiSeq 4000
Normal_ACGATGTAGTAGGTGC-1,Normal,Normal,Normal,Illumina HiSeq 4000
Normal_ACGATGTCAAGCGCTC-1,Normal,Normal,Normal,Illumina HiSeq 4000
Normal_ACGATGTGTTCCACAA-1,Normal,Normal,Normal,Illumina HiSeq 4000
Normal_ACGCAGCGTACCGGCT-1,Normal,Normal,Normal,Illumina HiSeq 4000
Normal_ACGCCAGGTGTCGCTG-1,Normal,Normal,Normal,Illumina HiSeq 4000
Normal_ACGGAGACAGTCTTCC-1,Normal,Normal,Normal,Illumina HiSeq 4000
Normal_ACGGAGAGTTCGTTGA-1,Normal,Normal,Normal,Illumina HiSeq 4000
Normal_ACGGAGATCGATAGAA-1,Normal,Normal,Normal,Illumina HiSeq 4000
Normal_ACGGCCAGTGCGAAAC-1,Normal,Normal,Normal,Illumina HiSeq 4000
Normal_ACGGGCTAGCGCTCCA-1,Normal,Normal,Normal,Illumina HiSeq 4000
Normal_ACGGGCTCAGTATAAG-1,Normal,Normal,Normal,Illumina HiSeq 4000
Normal_ACGGGTCAGTCGTACT-1,Normal,Normal,Normal,Illumina HiSeq 4000
Normal_ACGGGTCAGTGGAGTC-1,Normal,Normal,Normal,Illumina HiSeq 4000
Normal_ACGGGTCCACGAGGTA-1,Normal,Normal,Normal,Illumina HiSeq 4000
Normal_ACGTCAAGTAATAGCA-1,Normal,Normal,Normal,Illumina HiSeq 4000
Normal_ACTGAACAGTGGTAGC-1,Normal,Normal,Normal,Illumina HiSeq 4000
Normal_ACTGAACGTTCGCGAC-1,Normal,Normal,Normal,Illumina HiSeq 4000
Normal_ACTTACTAGAGTAATC-1,Normal,Normal,Normal,Illumina HiSeq 4000
Normal_ACTTACTTCACCTTAT-1,Normal,Normal,Normal,Illumina HiSeq 4000
Normal_ACTTACTTCCGGGTGT-1,Normal,Normal,Normal,Illumina HiSeq 4000
Normal_ACTTGTTAGATGGCGT-1,Normal,Normal,Normal,Illumina HiSeq 4000
Normal_ACTTGTTCAGCATACT-1,Normal,Normal,Normal,Illumina HiSeq 4000
Normal_ACTTTCAAGCCAGTAG-1,Normal,Normal,Normal,Illumina HiSeq 4000
Normal_ACTTTCATCCACGCAG-1,Normal,Normal,Normal,Illumina HiSeq 4000
Normal_AGACGTTTCCGCATCT-1,Normal,Normal,Normal,Illumina HiSeq 4000
Normal_AGAGCGAAGACTGGGT-1,Normal,Normal,Normal,Illumina HiSeq 4000
Normal_AGAGCGAGTAGCTTGT-1,Normal,Normal,Normal,Illumina HiSeq 4000
Normal_AGAGCGAGTCACCCAG-1,Normal,Normal,Normal,Illumina HiSeq 4000
Normal_AGAGCTTAGCCACGCT-1,Normal,Normal,Normal,Illumina HiSeq 4000
Normal_AGATCTGGTCAACTGT-1,Normal,Normal,Normal,Illumina HiSeq 4000
Normal_AGCAGCCAGCGCTCCA-1,Normal,Normal,Normal,Illumina HiSeq 4000
Normal_AGCAGCCAGTCATGCT-1,Normal,Normal,Normal,Illumina HiSeq 4000
Normal_AGCAGCCCAGTGGGAT-1,Normal,Normal,Normal,Illumina HiSeq 4000
Normal_AGCAGCCTCTCTGAGA-1,Normal,Normal,Normal,Illumina HiSeq 4000
Normal_AGCATACCACCACCAG-1,Normal,Normal,Normal,Illumina HiSeq 4000
Normal_AGCGGTCGTCCGACGT-1,Normal,Normal,Normal,Illumina HiSeq 4000
Normal_AGCGTATAGTGGAGTC-1,Normal,Normal,Normal,Illumina HiSeq 4000
Normal_AGCGTATCAGTCAGCC-1,Normal,Normal,Normal,Illumina HiSeq 4000
Normal_AGCGTATGTCAAAGCG-1,Normal,Normal,Normal,Illumina HiSeq 4000
Normal_AGCGTCGGTTAAAGAC-1,Normal,Normal,Normal,Illumina HiSeq 4000
Normal_AGCGTCGGTTGTACAC-1,Normal,Normal,Normal,Illumina HiSeq 4000
Normal_AGCTCTCAGCGATAGC-1,Normal,Normal,Normal,Illumina HiSeq 4000
Normal_AGCTTGATCCGATATG-1,Normal,Normal,Normal,Illumina HiSeq 4000
Normal_AGGCCACGTACGCTGC-1,Normal,Normal,Normal,Illumina HiSeq 4000
Normal_AGGCCACTCGTAGGAG-1,Normal,Normal,Normal,Illumina HiSeq 4000
Normal_AGGCCGTAGTACGCCC-1,Normal,Normal,Normal,Illumina HiSeq 4000
Normal_AGGCCGTCAGTCGTGC-1,Normal,Normal,Normal,Illumina HiSeq 4000
Normal_AGGCCGTGTCAGCTAT-1,Normal,Normal,Normal,Illumina HiSeq 4000
Normal_AGGCCGTGTCGCATAT-1,Normal,Normal,Normal,Illumina HiSeq 4000
Normal_AGGCCGTTCGGACAAG-1,Normal,Normal,Normal,Illumina HiSeq 4000
Normal_AGGGAGTGTTAAAGAC-1,Normal,Normal,Normal,Illumina HiSeq 4000
Normal_AGGTCATCATTCCTGC-1,Normal,Normal,Normal,Illumina HiSeq 4000
Normal_AGGTCCGCAAGCTGTT-1,Normal,Normal,Normal,Illumina HiSeq 4000
Normal_AGGTCCGGTTAAGGGC-1,Normal,Normal,Normal,Illumina HiSeq 4000
Normal_AGTAGTCAGAGTACCG-1,Normal,Normal,Normal,Illumina HiSeq 4000
Normal_AGTAGTCAGATAGGAG-1,Normal,Normal,Normal,Illumina HiSeq 4000
Normal_AGTCTTTAGACGCACA-1,Normal,Normal,Normal,Illumina HiSeq 4000
Normal_AGTCTTTAGTGGTAAT-1,Normal,Normal,Normal,Illumina HiSeq 4000
Normal_AGTCTTTAGTTGTAGA-1,Normal,Normal,Normal,Illumina HiSeq 4000
Normal_AGTCTTTTCGCGGATC-1,Normal,Normal,Normal,Illumina HiSeq 4000
Normal_AGTCTTTTCTTCCTTC-1,Normal,Normal,Normal,Illumina HiSeq 4000
Normal_AGTGAGGCAATGCCAT-1,Normal,Normal,Normal,Illumina HiSeq 4000
Normal_AGTGTCAAGTCAAGCG-1,Normal,Normal,Normal,Illumina HiSeq 4000
Normal_AGTGTCATCTAGAGTC-1,Normal,Normal,Normal,Illumina HiSeq 4000
Normal_AGTTGGTGTACATCCA-1,Normal,Normal,Normal,Illumina HiSeq 4000
Normal_AGTTGGTGTCTGGAGA-1,Normal,Normal,Normal,Illumina HiSeq 4000
Normal_ATAACGCAGTCGCCGT-1,Normal,Normal,Normal,Illumina HiSeq 4000
Normal_ATAACGCCAGCGAACA-1,Normal,Normal,Normal,Illumina HiSeq 4000
Normal_ATAACGCTCTGCAAGT-1,Normal,Normal,Normal,Illumina HiSeq 4000
Normal_ATAAGAGTCTCGAGTA-1,Normal,Normal,Normal,Illumina HiSeq 4000
Normal_ATAGACCGTCGTCTTC-1,Normal,Normal,Normal,Illumina HiSeq 4000
Normal_ATCACGAAGTGTGGCA-1,Normal,Normal,Normal,Illumina HiSeq 4000
Normal_ATCCGAAGTGTCTGAT-1,Normal,Normal,Normal,Illumina HiSeq 4000
Normal_ATCCGAAGTTCCCGAG-1,Normal,Normal,Normal,Illumina HiSeq 4000
Normal_ATCCGAATCCGAACGC-1,Normal,Normal,Normal,Illumina HiSeq 4000
Normal_ATCGAGTGTAGGAGTC-1,Normal,Normal,Normal,Illumina HiSeq 4000
Normal_ATCGAGTTCGAGAGCA-1,Normal,Normal,Normal,Illumina HiSeq 4000
Normal_ATCTACTAGACAAGCC-1,Normal,Normal,Normal,Illumina HiSeq 4000
Normal_ATCTACTGTACCTACA-1,Normal,Normal,Normal,Illumina HiSeq 4000
Normal_ATCTACTTCTTCATGT-1,Normal,Normal,Normal,Illumina HiSeq 4000
Normal_ATCTGCCGTTGGTGGA-1,Normal,Normal,Normal,Illumina HiSeq 4000
Normal_ATCTGCCTCACGAAGG-1,Normal,Normal,Normal,Illumina HiSeq 4000
Normal_ATGAGGGTCGTTACAG-1,Normal,Normal,Normal,Illumina HiSeq 4000
Normal_ATGAGGGTCTTTCCTC-1,Normal,Normal,Normal,Illumina HiSeq 4000
Normal_ATGGGAGAGATTACCC-1,Normal,Normal,Normal,Illumina HiSeq 4000
Normal_ATGGGAGCAGGTCCAC-1,Normal,Normal,Normal,Illumina HiSeq 4000
Normal_ATGGGAGGTAGCACGA-1,Normal,Normal,Normal,Illumina HiSeq 4000
Normal_ATGGGAGGTATCACCA-1,Normal,Normal,Normal,Illumina HiSeq 4000
Normal_ATGTGTGGTGTGGCTC-1,Normal,Normal,Normal,Illumina HiSeq 4000
Normal_ATGTGTGTCACGCGGT-1,Normal,Normal,Normal,Illumina HiSeq 4000
Normal_ATTACTCCACGGTAGA-1,Normal,Normal,Normal,Illumina HiSeq 4000
Normal_ATTATCCAGCTAACTC-1,Normal,Normal,Normal,Illumina HiSeq 4000
Normal_ATTATCCTCTGTGCAA-1,Normal,Normal,Normal,Illumina HiSeq 4000
Normal_ATTCTACGTATTCGTG-1,Normal,Normal,Normal,Illumina HiSeq 4000
Normal_ATTGGACCATCCGTGG-1,Normal,Normal,Normal,Illumina HiSeq 4000
Normal_ATTGGTGAGCAGACTG-1,Normal,Normal,Normal,Illumina HiSeq 4000
Normal_ATTTCTGCAGGTTTCA-1,Normal,Normal,Normal,Illumina HiSeq 4000
Normal_CAACCAAAGGTAGCTG-1,Normal,Normal,Normal,Illumina HiSeq 4000
Normal_CAACCTCCACGCATCG-1,Normal,Normal,Normal,Illumina HiSeq 4000
Normal_CAACTAGGTCTGCCAG-1,Normal,Normal,Normal,Illumina HiSeq 4000
Normal_CAAGATCCAAGACGTG-1,Normal,Normal,Normal,Illumina HiSeq 4000
Normal_CAAGATCGTATATGAG-1,Normal,Normal,Normal,Illumina HiSeq 4000
Normal_CAAGATCGTTGTACAC-1,Normal,Normal,Normal,Illumina HiSeq 4000
Normal_CAAGATCTCACGCATA-1,Normal,Normal,Normal,Illumina HiSeq 4000
Normal_CAAGGCCAGACCGGAT-1,Normal,Normal,Normal,Illumina HiSeq 4000
Normal_CAAGGCCAGTTCGCAT-1,Normal,Normal,Normal,Illumina HiSeq 4000
Normal_CAAGGCCGTCGCGAAA-1,Normal,Normal,Normal,Illumina HiSeq 4000
Normal_CAAGTTGGTCATGCCG-1,Normal,Normal,Normal,Illumina HiSeq 4000
Normal_CACAAACAGTACATGA-1,Normal,Normal,Normal,Illumina HiSeq 4000
Normal_CACAAACCACTTCGAA-1,Normal,Normal,Normal,Illumina HiSeq 4000
Normal_CACAAACGTCCGAGTC-1,Normal,Normal,Normal,Illumina HiSeq 4000
Normal_CACACAAAGTTGTAGA-1,Normal,Normal,Normal,Illumina HiSeq 4000
Normal_CACAGGCCACAAGTAA-1,Normal,Normal,Normal,Illumina HiSeq 4000
Normal_CACAGGCTCGTGGACC-1,Normal,Normal,Normal,Illumina HiSeq 4000
Normal_CACAGTAAGAACTCGG-1,Normal,Normal,Normal,Illumina HiSeq 4000
Normal_CACAGTACAGCTCGCA-1,Normal,Normal,Normal,Illumina HiSeq 4000
Normal_CACAGTACATTCGACA-1,Normal,Normal,Normal,Illumina HiSeq 4000
Normal_CACATAGCAGCCTATA-1,Normal,Normal,Normal,Illumina HiSeq 4000
Normal_CACATAGTCCAGTATG-1,Normal,Normal,Normal,Illumina HiSeq 4000
Normal_CACATTTCAAGACACG-1,Normal,Normal,Normal,Illumina HiSeq 4000
Normal_CACATTTGTTGATTGC-1,Normal,Normal,Normal,Illumina HiSeq 4000
Normal_CACCACTCATGTAAGA-1,Normal,Normal,Normal,Illumina HiSeq 4000
Normal_CACCACTTCAATACCG-1,Normal,Normal,Normal,Illumina HiSeq 4000
Normal_CACCTTGCAATGACCT-1,Normal,Normal,Normal,Illumina HiSeq 4000
Normal_CACCTTGTCTCAAACG-1,Normal,Normal,Normal,Illumina HiSeq 4000
Normal_CACTCCAAGTACGTAA-1,Normal,Normal,Normal,Illumina HiSeq 4000
Normal_CACTCCATCTTAGCCC-1,Normal,Normal,Normal,Illumina HiSeq 4000
Normal_CAGAATCCATGACGGA-1,Normal,Normal,Normal,Illumina HiSeq 4000
Normal_CAGAATCTCCCAACGG-1,Normal,Normal,Normal,Illumina HiSeq 4000
Normal_CAGAATCTCTGGTGTA-1,Normal,Normal,Normal,Illumina HiSeq 4000
Normal_CAGAGAGGTGCATCTA-1,Normal,Normal,Normal,Illumina HiSeq 4000
Normal_CAGATCACAGGTGGAT-1,Normal,Normal,Normal,Illumina HiSeq 4000
Normal_CAGATCAGTAAGTTCC-1,Normal,Normal,Normal,Illumina HiSeq 4000
Normal_CAGCCGAAGTGAAGTT-1,Normal,Normal,Normal,Illumina HiSeq 4000
Normal_CAGCCGAGTAGGCTGA-1,Normal,Normal,Normal,Illumina HiSeq 4000
Normal_CAGCCGATCCACTGGG-1,Normal,Normal,Normal,Illumina HiSeq 4000
Normal_CAGCGACAGACATAAC-1,Normal,Normal,Normal,Illumina HiSeq 4000
Normal_CAGCGACCAAGCGCTC-1,Normal,Normal,Normal,Illumina HiSeq 4000
Normal_CAGCGACGTCACCCAG-1,Normal,Normal,Normal,Illumina HiSeq 4000
Normal_CAGCTGGCAACTGCGC-1,Normal,Normal,Normal,Illumina HiSeq 4000
Normal_CAGGTGCAGACAGAGA-1,Normal,Normal,Normal,Illumina HiSeq 4000
Normal_CAGGTGCAGGCAAAGA-1,Normal,Normal,Normal,Illumina HiSeq 4000
Normal_CAGGTGCCAGATAATG-1,Normal,Normal,Normal,Illumina HiSeq 4000
Normal_CAGTAACCACTAGTAC-1,Normal,Normal,Normal,Illumina HiSeq 4000
Normal_CAGTAACTCCGTCATC-1,Normal,Normal,Normal,Illumina HiSeq 4000
Normal_CAGTCCTAGATCCTGT-1,Normal,Normal,Normal,Illumina HiSeq 4000
Normal_CATATGGCACTGTTAG-1,Normal,Normal,Normal,Illumina HiSeq 4000
Normal_CATATGGCAGGTGCCT-1,Normal,Normal,Normal,Illumina HiSeq 4000
Normal_CATATGGTCCCGGATG-1,Normal,Normal,Normal,Illumina HiSeq 4000
Normal_CATATTCAGCTAACAA-1,Normal,Normal,Normal,Illumina HiSeq 4000
Normal_CATATTCAGTGTCCCG-1,Normal,Normal,Normal,Illumina HiSeq 4000
Normal_CATCCACGTCGAGTTT-1,Normal,Normal,Normal,Illumina HiSeq 4000
Normal_CATCCACGTTCACCTC-1,Normal,Normal,Normal,Illumina HiSeq 4000
Normal_CATCGAATCCACGACG-1,Normal,Normal,Normal,Illumina HiSeq 4000
Normal_CATCGGGAGGACGAAA-1,Normal,Normal,Normal,Illumina HiSeq 4000
Normal_CATGACAAGAGGTACC-1,Normal,Normal,Normal,Illumina HiSeq 4000
Normal_CATGACACAATGGATA-1,Normal,Normal,Normal,Illumina HiSeq 4000
Normal_CATGCCTTCTGACCTC-1,Normal,Normal,Normal,Illumina HiSeq 4000
Normal_CATTATCAGCAGACTG-1,Normal,Normal,Normal,Illumina HiSeq 4000
Normal_CATTATCCACAAGCCC-1,Normal,Normal,Normal,Illumina HiSeq 4000
Normal_CATTATCGTTCACGGC-1,Normal,Normal,Normal,Illumina HiSeq 4000
Normal_CATTCGCCATGCAACT-1,Normal,Normal,Normal,Illumina HiSeq 4000
Normal_CATTCGCGTAGAGCTG-1,Normal,Normal,Normal,Illumina HiSeq 4000
Normal_CATTCGCTCGAATGCT-1,Normal,Normal,Normal,Illumina HiSeq 4000
Normal_CATTCGCTCGTCGTTC-1,Normal,Normal,Normal,Illumina HiSeq 4000
Normal_CCAATCCCACCGAATT-1,Normal,Normal,Normal,Illumina HiSeq 4000
Normal_CCAATCCCAGCCTTGG-1,Normal,Normal,Normal,Illumina HiSeq 4000
Normal_CCAATCCGTTAAGATG-1,Normal,Normal,Normal,Illumina HiSeq 4000
Normal_CCAATCCTCCGTACAA-1,Normal,Normal,Normal,Illumina HiSeq 4000
Normal_CCACCTAAGCTCCTCT-1,Normal,Normal,Normal,Illumina HiSeq 4000
Normal_CCACCTACACCGCTAG-1,Normal,Normal,Normal,Illumina HiSeq 4000
Normal_CCACCTACATGGATGG-1,Normal,Normal,Normal,Illumina HiSeq 4000
Normal_CCACCTAGTATCAGTC-1,Normal,Normal,Normal,Illumina HiSeq 4000
Normal_CCACGGACAGCTGCTG-1,Normal,Normal,Normal,Illumina HiSeq 4000
Normal_CCACTACAGACAGGCT-1,Normal,Normal,Normal,Illumina HiSeq 4000
Normal_CCACTACGTTATCGGT-1,Normal,Normal,Normal,Illumina HiSeq 4000
Normal_CCACTACTCAAACGGG-1,Normal,Normal,Normal,Illumina HiSeq 4000
Normal_CCACTACTCTCCAGGG-1,Normal,Normal,Normal,Illumina HiSeq 4000
Normal_CCAGCGAAGTCCATAC-1,Normal,Normal,Normal,Illumina HiSeq 4000
Normal_CCATGTCAGTCCAGGA-1,Normal,Normal,Normal,Illumina HiSeq 4000
Normal_CCATGTCCAGTTCCCT-1,Normal,Normal,Normal,Illumina HiSeq 4000
Normal_CCATGTCGTTATTCTC-1,Normal,Normal,Normal,Illumina HiSeq 4000
Normal_CCATGTCTCGCTTGTC-1,Normal,Normal,Normal,Illumina HiSeq 4000
Normal_CCATTCGCACATGGGA-1,Normal,Normal,Normal,Illumina HiSeq 4000
Normal_CCATTCGCAGATCCAT-1,Normal,Normal,Normal,Illumina HiSeq 4000
Normal_CCCAATCTCATAGCAC-1,Normal,Normal,Normal,Illumina HiSeq 4000
Normal_CCCAGTTGTTAAGACA-1,Normal,Normal,Normal,Illumina HiSeq 4000
Normal_CCCATACAGGAGTCTG-1,Normal,Normal,Normal,Illumina HiSeq 4000
Normal_CCCTCCTAGCCTCGTG-1,Normal,Normal,Normal,Illumina HiSeq 4000
Normal_CCCTCCTCAATGGAGC-1,Normal,Normal,Normal,Illumina HiSeq 4000
Normal_CCGGGATTCAAGGCTT-1,Normal,Normal,Normal,Illumina HiSeq 4000
Normal_CCGGGATTCTACGAGT-1,Normal,Normal,Normal,Illumina HiSeq 4000
Normal_CCGGGATTCTCGTATT-1,Normal,Normal,Normal,Illumina HiSeq 4000
Normal_CCGGTAGAGTACATGA-1,Normal,Normal,Normal,Illumina HiSeq 4000
Normal_CCGGTAGTCTGAGTGT-1,Normal,Normal,Normal,Illumina HiSeq 4000
Normal_CCGTGGACAGAAGCAC-1,Normal,Normal,Normal,Illumina HiSeq 4000
Normal_CCGTTCACACAGCGTC-1,Normal,Normal,Normal,Illumina HiSeq 4000
Normal_CCTACACGTTTGTTGG-1,Normal,Normal,Normal,Illumina HiSeq 4000
Normal_CCTACACTCGTACGGC-1,Normal,Normal,Normal,Illumina HiSeq 4000
Normal_CCTACCAAGGATATAC-1,Normal,Normal,Normal,Illumina HiSeq 4000
Normal_CCTACCAAGGTAGCTG-1,Normal,Normal,Normal,Illumina HiSeq 4000
Normal_CCTAGCTAGTTCGCAT-1,Normal,Normal,Normal,Illumina HiSeq 4000
Normal_CCTAGCTGTAAGGGCT-1,Normal,Normal,Normal,Illumina HiSeq 4000
Normal_CCTCAGTTCCTTTCTC-1,Normal,Normal,Normal,Illumina HiSeq 4000
Normal_CCTCAGTTCTGCGTAA-1,Normal,Normal,Normal,Illumina HiSeq 4000
Normal_CCTTACGGTCGAGTTT-1,Normal,Normal,Normal,Illumina HiSeq 4000
Normal_CCTTACGTCGTGACAT-1,Normal,Normal,Normal,Illumina HiSeq 4000
Normal_CCTTCCCAGCGAAGGG-1,Normal,Normal,Normal,Illumina HiSeq 4000
Normal_CCTTTCTAGAAACGCC-1,Normal,Normal,Normal,Illumina HiSeq 4000
Normal_CCTTTCTCATGACGGA-1,Normal,Normal,Normal,Illumina HiSeq 4000
Normal_CGAACATCACCCAGTG-1,Normal,Normal,Normal,Illumina HiSeq 4000
Normal_CGAATGTCAGTCAGAG-1,Normal,Normal,Normal,Illumina HiSeq 4000
Normal_CGACCTTAGTGTACCT-1,Normal,Normal,Normal,Illumina HiSeq 4000
Normal_CGACTTCCAGCGATCC-1,Normal,Normal,Normal,Illumina HiSeq 4000
Normal_CGAGAAGAGCCAGTTT-1,Normal,Normal,Normal,Illumina HiSeq 4000
Normal_CGAGCACCAAATTGCC-1,Normal,Normal,Normal,Illumina HiSeq 4000
Normal_CGAGCCAAGGATCGCA-1,Normal,Normal,Normal,Illumina HiSeq 4000
Normal_CGATGTAAGATCGATA-1,Normal,Normal,Normal,Illumina HiSeq 4000
Normal_CGATGTAAGCGATTCT-1,Normal,Normal,Normal,Illumina HiSeq 4000
Normal_CGATGTACATTCCTGC-1,Normal,Normal,Normal,Illumina HiSeq 4000
Normal_CGCCAAGAGGGCTCTC-1,Normal,Normal,Normal,Illumina HiSeq 4000
Normal_CGCCAAGTCATAGCAC-1,Normal,Normal,Normal,Illumina HiSeq 4000
Normal_CGCCAAGTCTTCGAGA-1,Normal,Normal,Normal,Illumina HiSeq 4000
Normal_CGCGGTAAGGCCATAG-1,Normal,Normal,Normal,Illumina HiSeq 4000
Normal_CGCGGTAAGTCGTTTG-1,Normal,Normal,Normal,Illumina HiSeq 4000
Normal_CGCGTTTAGAAACCTA-1,Normal,Normal,Normal,Illumina HiSeq 4000
Normal_CGCGTTTAGACTAAGT-1,Normal,Normal,Normal,Illumina HiSeq 4000
Normal_CGCTATCCAGATGGCA-1,Normal,Normal,Normal,Illumina HiSeq 4000
Normal_CGCTGGAAGAAGGTTT-1,Normal,Normal,Normal,Illumina HiSeq 4000
Normal_CGCTGGAAGCTAGTTC-1,Normal,Normal,Normal,Illumina HiSeq 4000
Normal_CGCTGGACACCCTATC-1,Normal,Normal,Normal,Illumina HiSeq 4000
Normal_CGCTTCAGTTATGCGT-1,Normal,Normal,Normal,Illumina HiSeq 4000
Normal_CGCTTCATCGCCTGTT-1,Normal,Normal,Normal,Illumina HiSeq 4000
Normal_CGGACACCAAACCTAC-1,Normal,Normal,Normal,Illumina HiSeq 4000
Normal_CGGACACCAGCGTTCG-1,Normal,Normal,Normal,Illumina HiSeq 4000
Normal_CGGACGTTCTTAGCCC-1,Normal,Normal,Normal,Illumina HiSeq 4000
Normal_CGGACTGAGTCAAGCG-1,Normal,Normal,Normal,Illumina HiSeq 4000
Normal_CGGACTGCATAAAGGT-1,Normal,Normal,Normal,Illumina HiSeq 4000
Normal_CGGAGCTGTAGCACGA-1,Normal,Normal,Normal,Illumina HiSeq 4000
Normal_CGGAGCTTCTGCGGCA-1,Normal,Normal,Normal,Illumina HiSeq 4000
Normal_CGGAGTCAGATGTCGG-1,Normal,Normal,Normal,Illumina HiSeq 4000
Normal_CGGAGTCTCCTTGGTC-1,Normal,Normal,Normal,Illumina HiSeq 4000
Normal_CGGCTAGAGATCGGGT-1,Normal,Normal,Normal,Illumina HiSeq 4000
Normal_CGGGTCATCCGTACAA-1,Normal,Normal,Normal,Illumina HiSeq 4000
Normal_CGGGTCATCGGATGGA-1,Normal,Normal,Normal,Illumina HiSeq 4000
Normal_CGGTTAATCGTAGGAG-1,Normal,Normal,Normal,Illumina HiSeq 4000
Normal_CGTAGCGAGTTAAGTG-1,Normal,Normal,Normal,Illumina HiSeq 4000
Normal_CGTAGGCGTGAGGGAG-1,Normal,Normal,Normal,Illumina HiSeq 4000
Normal_CGTCACTAGAGCAATT-1,Normal,Normal,Normal,Illumina HiSeq 4000
Normal_CGTCACTGTCAGAGGT-1,Normal,Normal,Normal,Illumina HiSeq 4000
Normal_CGTCACTGTTTAGCTG-1,Normal,Normal,Normal,Illumina HiSeq 4000
Normal_CGTCACTTCCAGATCA-1,Normal,Normal,Normal,Illumina HiSeq 4000
Normal_CGTCTACAGTTTGCGT-1,Normal,Normal,Normal,Illumina HiSeq 4000
Normal_CGTGAGCCAATGTTGC-1,Normal,Normal,Normal,Illumina HiSeq 4000
Normal_CGTGTAATCATCGATG-1,Normal,Normal,Normal,Illumina HiSeq 4000
Normal_CGTGTCTGTACAGACG-1,Normal,Normal,Normal,Illumina HiSeq 4000
Normal_CGTTAGACAAGGGTCA-1,Normal,Normal,Normal,Illumina HiSeq 4000
Normal_CGTTAGAGTAAGGATT-1,Normal,Normal,Normal,Illumina HiSeq 4000
Normal_CGTTAGATCCACTCCA-1,Normal,Normal,Normal,Illumina HiSeq 4000
Normal_CGTTCTGAGCCCGAAA-1,Normal,Normal,Normal,Illumina HiSeq 4000
Normal_CGTTCTGGTCCTGCTT-1,Normal,Normal,Normal,Illumina HiSeq 4000
Normal_CGTTGGGCATTGGCGC-1,Normal,Normal,Normal,Illumina HiSeq 4000
Normal_CGTTGGGGTATCACCA-1,Normal,Normal,Normal,Illumina HiSeq 4000
Normal_CGTTGGGTCACCGTAA-1,Normal,Normal,Normal,Illumina HiSeq 4000
Normal_CTAACTTCAGCCACCA-1,Normal,Normal,Normal,Illumina HiSeq 4000
Normal_CTAAGACAGAAACCAT-1,Normal,Normal,Normal,Illumina HiSeq 4000
Normal_CTAAGACCAATTGCTG-1,Normal,Normal,Normal,Illumina HiSeq 4000
Normal_CTAAGACTCAAACCAC-1,Normal,Normal,Normal,Illumina HiSeq 4000
Normal_CTAAGACTCGAATGGG-1,Normal,Normal,Normal,Illumina HiSeq 4000
Normal_CTAATGGGTATAGTAG-1,Normal,Normal,Normal,Illumina HiSeq 4000
Normal_CTAATGGTCAGCGATT-1,Normal,Normal,Normal,Illumina HiSeq 4000
Normal_CTAATGGTCCTCATTA-1,Normal,Normal,Normal,Illumina HiSeq 4000
Normal_CTACACCAGTGGTAAT-1,Normal,Normal,Normal,Illumina HiSeq 4000
Normal_CTACACCAGTTGTCGT-1,Normal,Normal,Normal,Illumina HiSeq 4000
Normal_CTACACCCATCTCCCA-1,Normal,Normal,Normal,Illumina HiSeq 4000
Normal_CTACCCATCACATACG-1,Normal,Normal,Normal,Illumina HiSeq 4000
Normal_CTACGTCCATGAACCT-1,Normal,Normal,Normal,Illumina HiSeq 4000
Normal_CTACGTCGTAACGACG-1,Normal,Normal,Normal,Illumina HiSeq 4000
Normal_CTAGAGTAGTGTCTCA-1,Normal,Normal,Normal,Illumina HiSeq 4000
Normal_CTAGCCTCAATCTACG-1,Normal,Normal,Normal,Illumina HiSeq 4000
Normal_CTAGCCTTCACTCCTG-1,Normal,Normal,Normal,Illumina HiSeq 4000
Normal_CTAGTGACATCGATGT-1,Normal,Normal,Normal,Illumina HiSeq 4000
Normal_CTAGTGAGTTGTGGCC-1,Normal,Normal,Normal,Illumina HiSeq 4000
Normal_CTCACACCAAACCCAT-1,Normal,Normal,Normal,Illumina HiSeq 4000
Normal_CTCACACCAGATCTGT-1,Normal,Normal,Normal,Illumina HiSeq 4000
Normal_CTCACACTCACCCGAG-1,Normal,Normal,Normal,Illumina HiSeq 4000
Normal_CTCATTATCGGTCTAA-1,Normal,Normal,Normal,Illumina HiSeq 4000
Normal_CTCCTAGAGACCTAGG-1,Normal,Normal,Normal,Illumina HiSeq 4000
Normal_CTCGAGGAGTGAAGAG-1,Normal,Normal,Normal,Illumina HiSeq 4000
Normal_CTCGGAGAGTGTGGCA-1,Normal,Normal,Normal,Illumina HiSeq 4000
Normal_CTCGGGAAGACCTAGG-1,Normal,Normal,Normal,Illumina HiSeq 4000
Normal_CTCGGGAAGCTGATAA-1,Normal,Normal,Normal,Illumina HiSeq 4000
Normal_CTCGTACAGACCTAGG-1,Normal,Normal,Normal,Illumina HiSeq 4000
Normal_CTCGTACGTTGTCTTT-1,Normal,Normal,Normal,Illumina HiSeq 4000
Normal_CTCTGGTAGATCGGGT-1,Normal,Normal,Normal,Illumina HiSeq 4000
Normal_CTCTGGTAGTTGAGAT-1,Normal,Normal,Normal,Illumina HiSeq 4000
Normal_CTGAAACAGCCGGTAA-1,Normal,Normal,Normal,Illumina HiSeq 4000
Normal_CTGAAACCATGCCCGA-1,Normal,Normal,Normal,Illumina HiSeq 4000
Normal_CTGAAACTCAAACCAC-1,Normal,Normal,Normal,Illumina HiSeq 4000
Normal_CTGAAGTAGGATGCGT-1,Normal,Normal,Normal,Illumina HiSeq 4000
Normal_CTGAAGTCAAACTGCT-1,Normal,Normal,Normal,Illumina HiSeq 4000
Normal_CTGAAGTTCGCTGATA-1,Normal,Normal,Normal,Illumina HiSeq 4000
Normal_CTGAAGTTCTGATTCT-1,Normal,Normal,Normal,Illumina HiSeq 4000
Normal_CTGATAGAGTCGTACT-1,Normal,Normal,Normal,Illumina HiSeq 4000
Normal_CTGATCCAGGTGCACA-1,Normal,Normal,Normal,Illumina HiSeq 4000
Normal_CTGCGGAAGAACTCGG-1,Normal,Normal,Normal,Illumina HiSeq 4000
Normal_CTGGTCTGTACATGTC-1,Normal,Normal,Normal,Illumina HiSeq 4000
Normal_CTGGTCTGTGCAACGA-1,Normal,Normal,Normal,Illumina HiSeq 4000
Normal_CTGTTTACACAGCCCA-1,Normal,Normal,Normal,Illumina HiSeq 4000
Normal_CTTAGGAGTTCACCTC-1,Normal,Normal,Normal,Illumina HiSeq 4000
Normal_CTTAGGATCGTCGTTC-1,Normal,Normal,Normal,Illumina HiSeq 4000
Normal_CTTCTCTAGGTAAACT-1,Normal,Normal,Normal,Illumina HiSeq 4000
Normal_CTTCTCTGTACCGTAT-1,Normal,Normal,Normal,Illumina HiSeq 4000
Normal_CTTCTCTGTCTTCGTC-1,Normal,Normal,Normal,Illumina HiSeq 4000
Normal_CTTGGCTAGCCCAGCT-1,Normal,Normal,Normal,Illumina HiSeq 4000
Normal_CTTGGCTCACATGTGT-1,Normal,Normal,Normal,Illumina HiSeq 4000
Normal_CTTTGCGCAAGTAATG-1,Normal,Normal,Normal,Illumina HiSeq 4000
Normal_CTTTGCGTCATGCAAC-1,Normal,Normal,Normal,Illumina HiSeq 4000
Normal_CTTTGCGTCTAACGGT-1,Normal,Normal,Normal,Illumina HiSeq 4000
Normal_GAAACTCAGAGGACGG-1,Normal,Normal,Normal,Illumina HiSeq 4000
Normal_GAAACTCCATGCCCGA-1,Normal,Normal,Normal,Illumina HiSeq 4000
Normal_GAAACTCGTCGTCTTC-1,Normal,Normal,Normal,Illumina HiSeq 4000
Normal_GAACATCTCAGATAAG-1,Normal,Normal,Normal,Illumina HiSeq 4000
Normal_GAACATCTCCAAGTAC-1,Normal,Normal,Normal,Illumina HiSeq 4000
Normal_GAACCTAAGAGACTTA-1,Normal,Normal,Normal,Illumina HiSeq 4000
Normal_GAACCTAAGTAATCCC-1,Normal,Normal,Normal,Illumina HiSeq 4000
Normal_GAACCTATCAGCTTAG-1,Normal,Normal,Normal,Illumina HiSeq 4000
Normal_GAAGCAGAGTGGTCCC-1,Normal,Normal,Normal,Illumina HiSeq 4000
Normal_GAATAAGTCACTGGGC-1,Normal,Normal,Normal,Illumina HiSeq 4000
Normal_GACACGCCAAGAAGAG-1,Normal,Normal,Normal,Illumina HiSeq 4000
Normal_GACACGCTCAACTCTT-1,Normal,Normal,Normal,Illumina HiSeq 4000
Normal_GACAGAGAGACTAAGT-1,Normal,Normal,Normal,Illumina HiSeq 4000
Normal_GACAGAGAGACTTTCG-1,Normal,Normal,Normal,Illumina HiSeq 4000
Normal_GACAGAGCACTAGTAC-1,Normal,Normal,Normal,Illumina HiSeq 4000
Normal_GACAGAGGTAAGTGGC-1,Normal,Normal,Normal,Illumina HiSeq 4000
Normal_GACAGAGGTGTCAATC-1,Normal,Normal,Normal,Illumina HiSeq 4000
Normal_GACAGAGTCCTTTACA-1,Normal,Normal,Normal,Illumina HiSeq 4000
Normal_GACCAATCAGTGGAGT-1,Normal,Normal,Normal,Illumina HiSeq 4000
Normal_GACCTGGAGTGAAGTT-1,Normal,Normal,Normal,Illumina HiSeq 4000
Normal_GACCTGGGTTTAGCTG-1,Normal,Normal,Normal,Illumina HiSeq 4000
Normal_GACCTGGTCTACCTGC-1,Normal,Normal,Normal,Illumina HiSeq 4000
Normal_GACGCGTAGTTGAGAT-1,Normal,Normal,Normal,Illumina HiSeq 4000
Normal_GACGGCTTCACAATGC-1,Normal,Normal,Normal,Illumina HiSeq 4000
Normal_GACGTGCCAGTAAGAT-1,Normal,Normal,Normal,Illumina HiSeq 4000
Normal_GACGTGCGTTAAGATG-1,Normal,Normal,Normal,Illumina HiSeq 4000
Normal_GACGTGCTCCAAAGTC-1,Normal,Normal,Normal,Illumina HiSeq 4000
Normal_GACGTTAAGGATGTAT-1,Normal,Normal,Normal,Illumina HiSeq 4000
Normal_GACGTTAGTGAGGGTT-1,Normal,Normal,Normal,Illumina HiSeq 4000
Normal_GACTACAAGTCACGCC-1,Normal,Normal,Normal,Illumina HiSeq 4000
Normal_GACTACACAGGCAGTA-1,Normal,Normal,Normal,Illumina HiSeq 4000
Normal_GACTACAGTAAGGATT-1,Normal,Normal,Normal,Illumina HiSeq 4000
Normal_GACTGCGCAGGGAGAG-1,Normal,Normal,Normal,Illumina HiSeq 4000
Normal_GAGCAGAAGGCTAGGT-1,Normal,Normal,Normal,Illumina HiSeq 4000
Normal_GAGCAGACAAGGCTCC-1,Normal,Normal,Normal,Illumina HiSeq 4000
Normal_GAGGTGAGTGTAACGG-1,Normal,Normal,Normal,Illumina HiSeq 4000
Normal_GAGGTGATCTTGACGA-1,Normal,Normal,Normal,Illumina HiSeq 4000
Normal_GAGTCCGGTTCCATGA-1,Normal,Normal,Normal,Illumina HiSeq 4000
Normal_GATCAGTGTCAGAAGC-1,Normal,Normal,Normal,Illumina HiSeq 4000
Normal_GATCGCGCACGAAACG-1,Normal,Normal,Normal,Illumina HiSeq 4000
Normal_GATCGCGGTGACGCCT-1,Normal,Normal,Normal,Illumina HiSeq 4000
Normal_GATCGCGTCTATGTGG-1,Normal,Normal,Normal,Illumina HiSeq 4000
Normal_GATCGTACAACTGGCC-1,Normal,Normal,Normal,Illumina HiSeq 4000
Normal_GATCGTATCGGATGTT-1,Normal,Normal,Normal,Illumina HiSeq 4000
Normal_GATCTAGCACATGACT-1,Normal,Normal,Normal,Illumina HiSeq 4000
Normal_GATGAAACACCCATGG-1,Normal,Normal,Normal,Illumina HiSeq 4000
Normal_GATGAAAGTACTTCTT-1,Normal,Normal,Normal,Illumina HiSeq 4000
Normal_GATGAGGAGCGTCAAG-1,Normal,Normal,Normal,Illumina HiSeq 4000
Normal_GATGAGGAGTACTTGC-1,Normal,Normal,Normal,Illumina HiSeq 4000
Normal_GATGCTACAGCATACT-1,Normal,Normal,Normal,Illumina HiSeq 4000
Normal_GATTCAGCACTTAAGC-1,Normal,Normal,Normal,Illumina HiSeq 4000
Normal_GCAAACTAGGGTATCG-1,Normal,Normal,Normal,Illumina HiSeq 4000
Normal_GCAAACTTCGTCACGG-1,Normal,Normal,Normal,Illumina HiSeq 4000
Normal_GCAATCACACCTTGTC-1,Normal,Normal,Normal,Illumina HiSeq 4000
Normal_GCACATAGTACCAGTT-1,Normal,Normal,Normal,Illumina HiSeq 4000
Normal_GCACATAGTACCGAGA-1,Normal,Normal,Normal,Illumina HiSeq 4000
Normal_GCACATATCTCGCATC-1,Normal,Normal,Normal,Illumina HiSeq 4000
Normal_GCACTCTAGACGCTTT-1,Normal,Normal,Normal,Illumina HiSeq 4000
Normal_GCACTCTAGAGCTGGT-1,Normal,Normal,Normal,Illumina HiSeq 4000
Normal_GCACTCTAGTGCCAGA-1,Normal,Normal,Normal,Illumina HiSeq 4000
Normal_GCACTCTCATGCCTTC-1,Normal,Normal,Normal,Illumina HiSeq 4000
Normal_GCAGCCACATTACGAC-1,Normal,Normal,Normal,Illumina HiSeq 4000
Normal_GCAGTTAAGTGTTTGC-1,Normal,Normal,Normal,Illumina HiSeq 4000
Normal_GCATACAAGTACATGA-1,Normal,Normal,Normal,Illumina HiSeq 4000
Normal_GCATGATTCAACCAAC-1,Normal,Normal,Normal,Illumina HiSeq 4000
Normal_GCATGCGAGCGATTCT-1,Normal,Normal,Normal,Illumina HiSeq 4000
Normal_GCATGCGAGTGACATA-1,Normal,Normal,Normal,Illumina HiSeq 4000
Normal_GCATGCGGTATCACCA-1,Normal,Normal,Normal,Illumina HiSeq 4000
Normal_GCATGCGTCGCATGGC-1,Normal,Normal,Normal,Illumina HiSeq 4000
Normal_GCATGCGTCGTTACAG-1,Normal,Normal,Normal,Illumina HiSeq 4000
Normal_GCATGTAAGACCCACC-1,Normal,Normal,Normal,Illumina HiSeq 4000
Normal_GCATGTAAGCCCTAAT-1,Normal,Normal,Normal,Illumina HiSeq 4000
Normal_GCATGTAAGTGGTCCC-1,Normal,Normal,Normal,Illumina HiSeq 4000
Normal_GCATGTACACGAGAGT-1,Normal,Normal,Normal,Illumina HiSeq 4000
Normal_GCATGTAGTACAGACG-1,Normal,Normal,Normal,Illumina HiSeq 4000
Normal_GCATGTAGTTACGACT-1,Normal,Normal,Normal,Illumina HiSeq 4000
Normal_GCCAAATGTGGACGAT-1,Normal,Normal,Normal,Illumina HiSeq 4000
Normal_GCGACCAGTAAATACG-1,Normal,Normal,Normal,Illumina HiSeq 4000
Normal_GCGAGAACATGGTCAT-1,Normal,Normal,Normal,Illumina HiSeq 4000
Normal_GCGCAACAGACTGGGT-1,Normal,Normal,Normal,Illumina HiSeq 4000
Normal_GCGCAACCAATGCCAT-1,Normal,Normal,Normal,Illumina HiSeq 4000
Normal_GCGCAGTAGATCCCGC-1,Normal,Normal,Normal,Illumina HiSeq 4000
Normal_GCGCCAAAGAAGATTC-1,Normal,Normal,Normal,Illumina HiSeq 4000
Normal_GCGCCAAGTAGGAGTC-1,Normal,Normal,Normal,Illumina HiSeq 4000
Normal_GCGCCAATCTTTAGTC-1,Normal,Normal,Normal,Illumina HiSeq 4000
Normal_GCGCGATGTATAAACG-1,Normal,Normal,Normal,Illumina HiSeq 4000
Normal_GCGGGTTAGGTGCAAC-1,Normal,Normal,Normal,Illumina HiSeq 4000
Normal_GCTCCTAGTGTGGCTC-1,Normal,Normal,Normal,Illumina HiSeq 4000
Normal_GCTCTGTGTTACGGAG-1,Normal,Normal,Normal,Illumina HiSeq 4000
Normal_GGAAAGCAGAGAACAG-1,Normal,Normal,Normal,Illumina HiSeq 4000
Normal_GGAAAGCAGATGGGTC-1,Normal,Normal,Normal,Illumina HiSeq 4000
Normal_GGAACTTAGCCACCTG-1,Normal,Normal,Normal,Illumina HiSeq 4000
Normal_GGAACTTGTCAGAATA-1,Normal,Normal,Normal,Illumina HiSeq 4000
Normal_GGAACTTTCTGAGTGT-1,Normal,Normal,Normal,Illumina HiSeq 4000
Normal_GGAATAAAGGTAGCTG-1,Normal,Normal,Normal,Illumina HiSeq 4000
Normal_GGAATAAAGTTATCGC-1,Normal,Normal,Normal,Illumina HiSeq 4000
Normal_GGAATAAGTCCAGTTA-1,Normal,Normal,Normal,Illumina HiSeq 4000
Normal_GGACAAGCACCACGTG-1,Normal,Normal,Normal,Illumina HiSeq 4000
Normal_GGACAAGTCTTTAGGG-1,Normal,Normal,Normal,Illumina HiSeq 4000
Normal_GGACATTAGCCAGAAC-1,Normal,Normal,Normal,Illumina HiSeq 4000
Normal_GGACATTGTAGCTGCC-1,Normal,Normal,Normal,Illumina HiSeq 4000
Normal_GGACATTTCAGTTAGC-1,Normal,Normal,Normal,Illumina HiSeq 4000
Normal_GGACATTTCGTCACGG-1,Normal,Normal,Normal,Illumina HiSeq 4000
Normal_GGAGCAAAGACTACAA-1,Normal,Normal,Normal,Illumina HiSeq 4000
Normal_GGAGCAAGTATCTGCA-1,Normal,Normal,Normal,Illumina HiSeq 4000
Normal_GGAGCAATCTGCTGTC-1,Normal,Normal,Normal,Illumina HiSeq 4000
Normal_GGATGTTCAAGCGTAG-1,Normal,Normal,Normal,Illumina HiSeq 4000
Normal_GGATGTTCAATGGTCT-1,Normal,Normal,Normal,Illumina HiSeq 4000
Normal_GGATGTTTCTTATCTG-1,Normal,Normal,Normal,Illumina HiSeq 4000
Normal_GGCAATTGTAAATGTG-1,Normal,Normal,Normal,Illumina HiSeq 4000
Normal_GGCAATTGTTAGTGGG-1,Normal,Normal,Normal,Illumina HiSeq 4000
Normal_GGCGACTAGCTCCCAG-1,Normal,Normal,Normal,Illumina HiSeq 4000
Normal_GGCGACTAGTTCGATC-1,Normal,Normal,Normal,Illumina HiSeq 4000
Normal_GGCGACTCATGATCCA-1,Normal,Normal,Normal,Illumina HiSeq 4000
Normal_GGCGACTGTTCCACAA-1,Normal,Normal,Normal,Illumina HiSeq 4000
Normal_GGCGTGTCATATACCG-1,Normal,Normal,Normal,Illumina HiSeq 4000
Normal_GGCTCGAAGTGATCGG-1,Normal,Normal,Normal,Illumina HiSeq 4000
Normal_GGCTCGAGTGGCGAAT-1,Normal,Normal,Normal,Illumina HiSeq 4000
Normal_GGCTCGATCAAGGTAA-1,Normal,Normal,Normal,Illumina HiSeq 4000
Normal_GGCTCGATCACAAACC-1,Normal,Normal,Normal,Illumina HiSeq 4000
Normal_GGCTGGTGTGCGCTTG-1,Normal,Normal,Normal,Illumina HiSeq 4000
Normal_GGGACCTCATCGGAAG-1,Normal,Normal,Normal,Illumina HiSeq 4000
Normal_GGGACCTGTTAAAGAC-1,Normal,Normal,Normal,Illumina HiSeq 4000
Normal_GGGAGATAGTGCCAGA-1,Normal,Normal,Normal,Illumina HiSeq 4000
Normal_GGGATGAGTAAAGTCA-1,Normal,Normal,Normal,Illumina HiSeq 4000
Normal_GGGATGATCAGCCTAA-1,Normal,Normal,Normal,Illumina HiSeq 4000
Normal_GGGCACTAGTCTTGCA-1,Normal,Normal,Normal,Illumina HiSeq 4000
Normal_GGGCATCAGGAGTAGA-1,Normal,Normal,Normal,Illumina HiSeq 4000
Normal_GGGCATCAGGTGCAAC-1,Normal,Normal,Normal,Illumina HiSeq 4000
Normal_GGGCATCTCTCGAGTA-1,Normal,Normal,Normal,Illumina HiSeq 4000
Normal_GGGCATCTCTGCGGCA-1,Normal,Normal,Normal,Illumina HiSeq 4000
Normal_GGGTCTGAGCACACAG-1,Normal,Normal,Normal,Illumina HiSeq 4000
Normal_GGGTCTGAGCGATCCC-1,Normal,Normal,Normal,Illumina HiSeq 4000
Normal_GGGTCTGTCTCTGTCG-1,Normal,Normal,Normal,Illumina HiSeq 4000
Normal_GGTATTGAGGTCGGAT-1,Normal,Normal,Normal,Illumina HiSeq 4000
Normal_GGTATTGAGTGCCAGA-1,Normal,Normal,Normal,Illumina HiSeq 4000
Normal_GGTATTGCATGAAGTA-1,Normal,Normal,Normal,Illumina HiSeq 4000
Normal_GGTATTGGTAACGTTC-1,Normal,Normal,Normal,Illumina HiSeq 4000
Normal_GGTATTGGTGGCCCTA-1,Normal,Normal,Normal,Illumina HiSeq 4000
Normal_GGTATTGGTGGTCTCG-1,Normal,Normal,Normal,Illumina HiSeq 4000
Normal_GGTATTGGTTACGCGC-1,Normal,Normal,Normal,Illumina HiSeq 4000
Normal_GGTATTGGTTTAAGCC-1,Normal,Normal,Normal,Illumina HiSeq 4000
Normal_GGTGAAGAGTACGTAA-1,Normal,Normal,Normal,Illumina HiSeq 4000
Normal_GGTGAAGCAAGCTGGA-1,Normal,Normal,Normal,Illumina HiSeq 4000
Normal_GGTGTTATCGTTTATC-1,Normal,Normal,Normal,Illumina HiSeq 4000
Normal_GTAACTGTCCGCGTTT-1,Normal,Normal,Normal,Illumina HiSeq 4000
Normal_GTACGTAGTATATCCG-1,Normal,Normal,Normal,Illumina HiSeq 4000
Normal_GTACTCCAGTACGTTC-1,Normal,Normal,Normal,Illumina HiSeq 4000
Normal_GTACTCCGTGTTGGGA-1,Normal,Normal,Normal,Illumina HiSeq 4000
Normal_GTACTCCGTTCTGAAC-1,Normal,Normal,Normal,Illumina HiSeq 4000
Normal_GTACTTTTCTGAAAGA-1,Normal,Normal,Normal,Illumina HiSeq 4000
Normal_GTATCTTAGCAGGCTA-1,Normal,Normal,Normal,Illumina HiSeq 4000
Normal_GTATCTTCAAGCCTAT-1,Normal,Normal,Normal,Illumina HiSeq 4000
Normal_GTATCTTCATCCGTGG-1,Normal,Normal,Normal,Illumina HiSeq 4000
Normal_GTATTCTAGGATGTAT-1,Normal,Normal,Normal,Illumina HiSeq 4000
Normal_GTATTCTGTAACGCGA-1,Normal,Normal,Normal,Illumina HiSeq 4000
Normal_GTATTCTGTGAAAGAG-1,Normal,Normal,Normal,Illumina HiSeq 4000
Normal_GTCAAGTAGTGTACGG-1,Normal,Normal,Normal,Illumina HiSeq 4000
Normal_GTCAAGTCACCAGTTA-1,Normal,Normal,Normal,Illumina HiSeq 4000
Normal_GTCAAGTTCGGCGGTT-1,Normal,Normal,Normal,Illumina HiSeq 4000
Normal_GTCACAAAGCCAGTTT-1,Normal,Normal,Normal,Illumina HiSeq 4000
Normal_GTCACGGAGTCAATAG-1,Normal,Normal,Normal,Illumina HiSeq 4000
Normal_GTCACGGAGTTGAGAT-1,Normal,Normal,Normal,Illumina HiSeq 4000
Normal_GTCACGGTCATGGTCA-1,Normal,Normal,Normal,Illumina HiSeq 4000
Normal_GTCACGGTCGATCCCT-1,Normal,Normal,Normal,Illumina HiSeq 4000
Normal_GTCATTTGTCTCAACA-1,Normal,Normal,Normal,Illumina HiSeq 4000
Normal_GTCCTCAGTCTAGCGC-1,Normal,Normal,Normal,Illumina HiSeq 4000
Normal_GTCGGGTCAGGCAGTA-1,Normal,Normal,Normal,Illumina HiSeq 4000
Normal_GTCGGGTGTTGCGTTA-1,Normal,Normal,Normal,Illumina HiSeq 4000
Normal_GTCGTAAAGCTTTGGT-1,Normal,Normal,Normal,Illumina HiSeq 4000
Normal_GTCGTAAAGGGATACC-1,Normal,Normal,Normal,Illumina HiSeq 4000
Normal_GTCGTAAAGTGCCATT-1,Normal,Normal,Normal,Illumina HiSeq 4000
Normal_GTCGTAATCTTCTGGC-1,Normal,Normal,Normal,Illumina HiSeq 4000
Normal_GTCGTAATCTTGTCAT-1,Normal,Normal,Normal,Illumina HiSeq 4000
Normal_GTGCAGCAGATGAGAG-1,Normal,Normal,Normal,Illumina HiSeq 4000
Normal_GTGCAGCAGTGGAGTC-1,Normal,Normal,Normal,Illumina HiSeq 4000
Normal_GTGCAGCCATGTTGAC-1,Normal,Normal,Normal,Illumina HiSeq 4000
Normal_GTGCATAAGAGAGCTC-1,Normal,Normal,Normal,Illumina HiSeq 4000
Normal_GTGCATAAGCTGCAAG-1,Normal,Normal,Normal,Illumina HiSeq 4000
Normal_GTGCATACAATAGCGG-1,Normal,Normal,Normal,Illumina HiSeq 4000
Normal_GTGCGGTCACAAGACG-1,Normal,Normal,Normal,Illumina HiSeq 4000
Normal_GTGCTTCCACGGACAA-1,Normal,Normal,Normal,Illumina HiSeq 4000
Normal_GTGCTTCTCATCACCC-1,Normal,Normal,Normal,Illumina HiSeq 4000
Normal_GTGCTTCTCCCAACGG-1,Normal,Normal,Normal,Illumina HiSeq 4000
Normal_GTGGGTCCATGTAAGA-1,Normal,Normal,Normal,Illumina HiSeq 4000
Normal_GTGTGCGAGGTGCTAG-1,Normal,Normal,Normal,Illumina HiSeq 4000
Normal_GTGTGCGGTTACCAGT-1,Normal,Normal,Normal,Illumina HiSeq 4000
Normal_GTTAAGCCACAGTCGC-1,Normal,Normal,Normal,Illumina HiSeq 4000
Normal_GTTACAGAGCACGCCT-1,Normal,Normal,Normal,Illumina HiSeq 4000
Normal_GTTACAGCACTCAGGC-1,Normal,Normal,Normal,Illumina HiSeq 4000
Normal_GTTACAGGTTGGAGGT-1,Normal,Normal,Normal,Illumina HiSeq 4000
Normal_GTTACAGTCAAAGACA-1,Normal,Normal,Normal,Illumina HiSeq 4000
Normal_GTTACAGTCGTAGGAG-1,Normal,Normal,Normal,Illumina HiSeq 4000
Normal_GTTCATTAGAGTAATC-1,Normal,Normal,Normal,Illumina HiSeq 4000
Normal_GTTCGGGCACGTCTCT-1,Normal,Normal,Normal,Illumina HiSeq 4000
Normal_GTTCTCGAGATGCCTT-1,Normal,Normal,Normal,Illumina HiSeq 4000
Normal_GTTCTCGAGTGAATTG-1,Normal,Normal,Normal,Illumina HiSeq 4000
Normal_GTTCTCGGTGCTCTTC-1,Normal,Normal,Normal,Illumina HiSeq 4000
Normal_TAAGAGAAGTTTGCGT-1,Normal,Normal,Normal,Illumina HiSeq 4000
Normal_TAAGAGATCCGCGCAA-1,Normal,Normal,Normal,Illumina HiSeq 4000
Normal_TAAGCGTTCTGCAAGT-1,Normal,Normal,Normal,Illumina HiSeq 4000
Normal_TAAGTGCTCCCTTGTG-1,Normal,Normal,Normal,Illumina HiSeq 4000
Normal_TACAGTGCATCTCCCA-1,Normal,Normal,Normal,Illumina HiSeq 4000
Normal_TACCTATCAAATACAG-1,Normal,Normal,Normal,Illumina HiSeq 4000
Normal_TACCTATTCACAATGC-1,Normal,Normal,Normal,Illumina HiSeq 4000
Normal_TACCTTAGTCTCTTTA-1,Normal,Normal,Normal,Illumina HiSeq 4000
Normal_TACCTTAGTGTTTGGT-1,Normal,Normal,Normal,Illumina HiSeq 4000
Normal_TACGGGCAGTAGGCCA-1,Normal,Normal,Normal,Illumina HiSeq 4000
Normal_TACGGGCCATGGTCAT-1,Normal,Normal,Normal,Illumina HiSeq 4000
Normal_TACGGGCGTAAGGATT-1,Normal,Normal,Normal,Illumina HiSeq 4000
Normal_TACGGTAAGTGGTCCC-1,Normal,Normal,Normal,Illumina HiSeq 4000
Normal_TACGGTACAAGCCGTC-1,Normal,Normal,Normal,Illumina HiSeq 4000
Normal_TACGGTATCCGTTGCT-1,Normal,Normal,Normal,Illumina HiSeq 4000
Normal_TACGGTATCGCGTAGC-1,Normal,Normal,Normal,Illumina HiSeq 4000
Normal_TACGGTATCTATCCTA-1,Normal,Normal,Normal,Illumina HiSeq 4000
Normal_TACTCATAGATCCCAT-1,Normal,Normal,Normal,Illumina HiSeq 4000
Normal_TACTCATGTGTCAATC-1,Normal,Normal,Normal,Illumina HiSeq 4000
Normal_TACTCATGTTAGTGGG-1,Normal,Normal,Normal,Illumina HiSeq 4000
Normal_TACTTACAGCTGTTCA-1,Normal,Normal,Normal,Illumina HiSeq 4000
Normal_TACTTACAGTACTTGC-1,Normal,Normal,Normal,Illumina HiSeq 4000
Normal_TACTTACCAGACGCTC-1,Normal,Normal,Normal,Illumina HiSeq 4000
Normal_TACTTACTCATTATCC-1,Normal,Normal,Normal,Illumina HiSeq 4000
Normal_TACTTACTCGCTTAGA-1,Normal,Normal,Normal,Illumina HiSeq 4000
Normal_TACTTGTGTTAAAGAC-1,Normal,Normal,Normal,Illumina HiSeq 4000
Normal_TAGACCATCCAGATCA-1,Normal,Normal,Normal,Illumina HiSeq 4000
Normal_TAGACCATCTGGTGTA-1,Normal,Normal,Normal,Illumina HiSeq 4000
Normal_TAGGCATCAGCTGTGC-1,Normal,Normal,Normal,Illumina HiSeq 4000
Normal_TAGTTGGAGAGTAATC-1,Normal,Normal,Normal,Illumina HiSeq 4000
Normal_TAGTTGGAGCTAAGAT-1,Normal,Normal,Normal,Illumina HiSeq 4000
Normal_TAGTTGGCACCAGCAC-1,Normal,Normal,Normal,Illumina HiSeq 4000
Normal_TAGTTGGCACTGTGTA-1,Normal,Normal,Normal,Illumina HiSeq 4000
Normal_TAGTTGGGTTAAAGTG-1,Normal,Normal,Normal,Illumina HiSeq 4000
Normal_TAGTTGGTCTCTAGGA-1,Normal,Normal,Normal,Illumina HiSeq 4000
Normal_TATCAGGAGCCCTAAT-1,Normal,Normal,Normal,Illumina HiSeq 4000
Normal_TATCAGGGTCTAGTCA-1,Normal,Normal,Normal,Illumina HiSeq 4000
Normal_TATCAGGGTGCAACTT-1,Normal,Normal,Normal,Illumina HiSeq 4000
Normal_TATCAGGTCTCCTATA-1,Normal,Normal,Normal,Illumina HiSeq 4000
Normal_TATCTCACAAGTAGTA-1,Normal,Normal,Normal,Illumina HiSeq 4000
Normal_TATCTCACAGAGCCAA-1,Normal,Normal,Normal,Illumina HiSeq 4000
Normal_TATCTCAGTCTTCAAG-1,Normal,Normal,Normal,Illumina HiSeq 4000
Normal_TATGCCCGTCCTCTTG-1,Normal,Normal,Normal,Illumina HiSeq 4000
Normal_TATGCCCGTCGAACAG-1,Normal,Normal,Normal,Illumina HiSeq 4000
Normal_TATGCCCTCAGCTGGC-1,Normal,Normal,Normal,Illumina HiSeq 4000
Normal_TATTACCTCACTCTTA-1,Normal,Normal,Normal,Illumina HiSeq 4000
Normal_TATTACCTCCTAAGTG-1,Normal,Normal,Normal,Illumina HiSeq 4000
Normal_TCAATCTAGGAACTGC-1,Normal,Normal,Normal,Illumina HiSeq 4000
Normal_TCACGAAAGCAATATG-1,Normal,Normal,Normal,Illumina HiSeq 4000
Normal_TCACGAAAGCTGAACG-1,Normal,Normal,Normal,Illumina HiSeq 4000
Normal_TCACGAAGTTGGGACA-1,Normal,Normal,Normal,Illumina HiSeq 4000
Normal_TCACGAATCTCCTATA-1,Normal,Normal,Normal,Illumina HiSeq 4000
Normal_TCACGAATCTGGTTCC-1,Normal,Normal,Normal,Illumina HiSeq 4000
Normal_TCAGATGTCGGAAACG-1,Normal,Normal,Normal,Illumina HiSeq 4000
Normal_TCAGCTCGTCGTGGCT-1,Normal,Normal,Normal,Illumina HiSeq 4000
Normal_TCAGGATAGAGCAATT-1,Normal,Normal,Normal,Illumina HiSeq 4000
Normal_TCAGGATAGGACCACA-1,Normal,Normal,Normal,Illumina HiSeq 4000
Normal_TCAGGATCAAAGGAAG-1,Normal,Normal,Normal,Illumina HiSeq 4000
Normal_TCAGGATGTTCTGTTT-1,Normal,Normal,Normal,Illumina HiSeq 4000
Normal_TCAGGTACATCATCCC-1,Normal,Normal,Normal,Illumina HiSeq 4000
Normal_TCATTACAGACAATAC-1,Normal,Normal,Normal,Illumina HiSeq 4000
Normal_TCATTACCAGTGACAG-1,Normal,Normal,Normal,Illumina HiSeq 4000
Normal_TCATTACTCAAACGGG-1,Normal,Normal,Normal,Illumina HiSeq 4000
Normal_TCATTTGCAATGTAAG-1,Normal,Normal,Normal,Illumina HiSeq 4000
Normal_TCGAGGCAGATCGATA-1,Normal,Normal,Normal,Illumina HiSeq 4000
Normal_TCGAGGCTCAACGGCC-1,Normal,Normal,Normal,Illumina HiSeq 4000
Normal_TCGCGTTAGAGCTATA-1,Normal,Normal,Normal,Illumina HiSeq 4000
Normal_TCGCGTTCAAGCTGAG-1,Normal,Normal,Normal,Illumina HiSeq 4000
Normal_TCGGGACAGAATGTTG-1,Normal,Normal,Normal,Illumina HiSeq 4000
Normal_TCGGTAACATGCGCAC-1,Normal,Normal,Normal,Illumina HiSeq 4000
Normal_TCGTACCAGGATTCGG-1,Normal,Normal,Normal,Illumina HiSeq 4000
Normal_TCGTACCAGTATCTCG-1,Normal,Normal,Normal,Illumina HiSeq 4000
Normal_TCGTACCCAGTGACAG-1,Normal,Normal,Normal,Illumina HiSeq 4000
Normal_TCTATTGCAGTGGGAT-1,Normal,Normal,Normal,Illumina HiSeq 4000
Normal_TCTATTGGTTTAAGCC-1,Normal,Normal,Normal,Illumina HiSeq 4000
Normal_TCTCATAAGTGTCCCG-1,Normal,Normal,Normal,Illumina HiSeq 4000
Normal_TCTCATAGTGAGTATA-1,Normal,Normal,Normal,Illumina HiSeq 4000
Normal_TCTCATAGTTATTCTC-1,Normal,Normal,Normal,Illumina HiSeq 4000
Normal_TCTGAGATCCGTAGTA-1,Normal,Normal,Normal,Illumina HiSeq 4000
Normal_TCTGGAAAGGCCGAAT-1,Normal,Normal,Normal,Illumina HiSeq 4000
Normal_TCTGGAACAGTAGAGC-1,Normal,Normal,Normal,Illumina HiSeq 4000
Normal_TCTTCGGTCCTAGGGC-1,Normal,Normal,Normal,Illumina HiSeq 4000
Normal_TCTTTCCAGCGATTCT-1,Normal,Normal,Normal,Illumina HiSeq 4000
Normal_TCTTTCCAGCTATGCT-1,Normal,Normal,Normal,Illumina HiSeq 4000
Normal_TGAAAGACACTCTGTC-1,Normal,Normal,Normal,Illumina HiSeq 4000
Normal_TGAAAGATCACTTATC-1,Normal,Normal,Normal,Illumina HiSeq 4000
Normal_TGAAAGATCCTCGCAT-1,Normal,Normal,Normal,Illumina HiSeq 4000
Normal_TGACAACGTTCTGGTA-1,Normal,Normal,Normal,Illumina HiSeq 4000
Normal_TGACGGCAGGAATCGC-1,Normal,Normal,Normal,Illumina HiSeq 4000
Normal_TGACGGCTCACCACCT-1,Normal,Normal,Normal,Illumina HiSeq 4000
Normal_TGACTAGGTTCGGGCT-1,Normal,Normal,Normal,Illumina HiSeq 4000
Normal_TGACTTTAGGAATCGC-1,Normal,Normal,Normal,Illumina HiSeq 4000
Normal_TGACTTTGTTGCTCCT-1,Normal,Normal,Normal,Illumina HiSeq 4000
Normal_TGACTTTTCATGTAGC-1,Normal,Normal,Normal,Illumina HiSeq 4000
Normal_TGAGAGGAGTGTCCAT-1,Normal,Normal,Normal,Illumina HiSeq 4000
Normal_TGAGCCGAGGGCATGT-1,Normal,Normal,Normal,Illumina HiSeq 4000
Normal_TGAGCCGCACGGCTAC-1,Normal,Normal,Normal,Illumina HiSeq 4000
Normal_TGAGGGAAGCGTAATA-1,Normal,Normal,Normal,Illumina HiSeq 4000
Normal_TGAGGGATCGGCTTGG-1,Normal,Normal,Normal,Illumina HiSeq 4000
Normal_TGCACCTAGGCTAGGT-1,Normal,Normal,Normal,Illumina HiSeq 4000
Normal_TGCACCTCACGGACAA-1,Normal,Normal,Normal,Illumina HiSeq 4000
Normal_TGCACCTCAGGGTACA-1,Normal,Normal,Normal,Illumina HiSeq 4000
Normal_TGCACCTGTTGTGGCC-1,Normal,Normal,Normal,Illumina HiSeq 4000
Normal_TGCCAAACAAGGACTG-1,Normal,Normal,Normal,Illumina HiSeq 4000
Normal_TGCCAAATCTAACTCT-1,Normal,Normal,Normal,Illumina HiSeq 4000
Normal_TGCCAAATCTTGAGGT-1,Normal,Normal,Normal,Illumina HiSeq 4000
Normal_TGCCCATGTCATGCAT-1,Normal,Normal,Normal,Illumina HiSeq 4000
Normal_TGCCCATTCAGAAATG-1,Normal,Normal,Normal,Illumina HiSeq 4000
Normal_TGCCCTAGTGTGAATA-1,Normal,Normal,Normal,Illumina HiSeq 4000
Normal_TGCGCAGCAGTCACTA-1,Normal,Normal,Normal,Illumina HiSeq 4000
Normal_TGCGGGTCACCGAAAG-1,Normal,Normal,Normal,Illumina HiSeq 4000
Normal_TGCGGGTTCGAGGTAG-1,Normal,Normal,Normal,Illumina HiSeq 4000
Normal_TGCGTGGAGCGATTCT-1,Normal,Normal,Normal,Illumina HiSeq 4000
Normal_TGCGTGGAGTCGCCGT-1,Normal,Normal,Normal,Illumina HiSeq 4000
Normal_TGCGTGGCATGCAACT-1,Normal,Normal,Normal,Illumina HiSeq 4000
Normal_TGCGTGGTCAGGCAAG-1,Normal,Normal,Normal,Illumina HiSeq 4000
Normal_TGCTGCTCAATCACAC-1,Normal,Normal,Normal,Illumina HiSeq 4000
Normal_TGGACGCAGCGTGTCC-1,Normal,Normal,Normal,Illumina HiSeq 4000
Normal_TGGACGCCATCGGGTC-1,Normal,Normal,Normal,Illumina HiSeq 4000
Normal_TGGCCAGAGATATGCA-1,Normal,Normal,Normal,Illumina HiSeq 4000
Normal_TGGCCAGTCAAGGTAA-1,Normal,Normal,Normal,Illumina HiSeq 4000
Normal_TGGCGCATCATCGATG-1,Normal,Normal,Normal,Illumina HiSeq 4000
Normal_TGGCGCATCTACTATC-1,Normal,Normal,Normal,Illumina HiSeq 4000
Normal_TGGCTGGAGGTGTTAA-1,Normal,Normal,Normal,Illumina HiSeq 4000
Normal_TGGCTGGTCTACTATC-1,Normal,Normal,Normal,Illumina HiSeq 4000
Normal_TGGTTAGCACGTGAGA-1,Normal,Normal,Normal,Illumina HiSeq 4000
Normal_TGGTTAGCATGGTTGT-1,Normal,Normal,Normal,Illumina HiSeq 4000
Normal_TGGTTAGTCGATCCCT-1,Normal,Normal,Normal,Illumina HiSeq 4000
Normal_TGGTTCCCAGACGCTC-1,Normal,Normal,Normal,Illumina HiSeq 4000
Normal_TGTATTCTCAGCACAT-1,Normal,Normal,Normal,Illumina HiSeq 4000
Normal_TGTCCCAGTGTGCCTG-1,Normal,Normal,Normal,Illumina HiSeq 4000
Normal_TGTGGTATCGCGCCAA-1,Normal,Normal,Normal,Illumina HiSeq 4000
Normal_TGTGGTATCTTAGCCC-1,Normal,Normal,Normal,Illumina HiSeq 4000
Normal_TGTGTTTAGACAAGCC-1,Normal,Normal,Normal,Illumina HiSeq 4000
Normal_TGTGTTTGTAAGAGGA-1,Normal,Normal,Normal,Illumina HiSeq 4000
Normal_TGTGTTTTCATTGCGA-1,Normal,Normal,Normal,Illumina HiSeq 4000
Normal_TGTTCCGAGATCCTGT-1,Normal,Normal,Normal,Illumina HiSeq 4000
Normal_TGTTCCGGTCATGCCG-1,Normal,Normal,Normal,Illumina HiSeq 4000
Normal_TGTTCCGGTCTCTCGT-1,Normal,Normal,Normal,Illumina HiSeq 4000
Normal_TGTTCCGGTTGGACCC-1,Normal,Normal,Normal,Illumina HiSeq 4000
Normal_TTAACTCGTGCTCTTC-1,Normal,Normal,Normal,Illumina HiSeq 4000
Normal_TTAACTCTCAAGCCTA-1,Normal,Normal,Normal,Illumina HiSeq 4000
Normal_TTAACTCTCCAAACTG-1,Normal,Normal,Normal,Illumina HiSeq 4000
Normal_TTAGGACGTAAGTTCC-1,Normal,Normal,Normal,Illumina HiSeq 4000
Normal_TTAGGCAAGAATCTCC-1,Normal,Normal,Normal,Illumina HiSeq 4000
Normal_TTAGGCAAGCCACTAT-1,Normal,Normal,Normal,Illumina HiSeq 4000
Normal_TTAGGCATCATCATTC-1,Normal,Normal,Normal,Illumina HiSeq 4000
Normal_TTAGTTCCAACACGCC-1,Normal,Normal,Normal,Illumina HiSeq 4000
Normal_TTATGCTAGAAGCCCA-1,Normal,Normal,Normal,Illumina HiSeq 4000
Normal_TTATGCTAGGGTTTCT-1,Normal,Normal,Normal,Illumina HiSeq 4000
Normal_TTATGCTCAAGTTCTG-1,Normal,Normal,Normal,Illumina HiSeq 4000
Normal_TTATGCTCATATGCTG-1,Normal,Normal,Normal,Illumina HiSeq 4000
Normal_TTATGCTTCCTTAATC-1,Normal,Normal,Normal,Illumina HiSeq 4000
Normal_TTCGAAGCACGGCCAT-1,Normal,Normal,Normal,Illumina HiSeq 4000
Normal_TTCGGTCGTCTAGAGG-1,Normal,Normal,Normal,Illumina HiSeq 4000
Normal_TTCGGTCTCCAGGGCT-1,Normal,Normal,Normal,Illumina HiSeq 4000
Normal_TTCTACAAGCAGGCTA-1,Normal,Normal,Normal,Illumina HiSeq 4000
Normal_TTCTCAAAGACACGAC-1,Normal,Normal,Normal,Illumina HiSeq 4000
Normal_TTCTCCTAGCAGGTCA-1,Normal,Normal,Normal,Illumina HiSeq 4000
Normal_TTCTCCTGTGTTTGTG-1,Normal,Normal,Normal,Illumina HiSeq 4000
Normal_TTCTCCTTCATACGGT-1,Normal,Normal,Normal,Illumina HiSeq 4000
Normal_TTCTTAGAGGGTATCG-1,Normal,Normal,Normal,Illumina HiSeq 4000
Normal_TTCTTAGAGTTATCGC-1,Normal,Normal,Normal,Illumina HiSeq 4000
Normal_TTCTTAGTCAGTTCGA-1,Normal,Normal,Normal,Illumina HiSeq 4000
Normal_TTGAACGTCTCTAGGA-1,Normal,Normal,Normal,Illumina HiSeq 4000
Normal_TTGACTTTCCGAATGT-1,Normal,Normal,Normal,Illumina HiSeq 4000
Normal_TTGACTTTCTCAACTT-1,Normal,Normal,Normal,Illumina HiSeq 4000
Normal_TTGCCGTCATTCCTCG-1,Normal,Normal,Normal,Illumina HiSeq 4000
Normal_TTGCCGTTCAGTCAGT-1,Normal,Normal,Normal,Illumina HiSeq 4000
Normal_TTGCCGTTCCTAAGTG-1,Normal,Normal,Normal,Illumina HiSeq 4000
Normal_TTGCGTCTCAGCGATT-1,Normal,Normal,Normal,Illumina HiSeq 4000
Normal_TTGGAACCAGAAGCAC-1,Normal,Normal,Normal,Illumina HiSeq 4000
Normal_TTGGAACGTCGCATAT-1,Normal,Normal,Normal,Illumina HiSeq 4000
Normal_TTGGAACTCCGTCATC-1,Normal,Normal,Normal,Illumina HiSeq 4000
Normal_TTGTAGGCAGATGGGT-1,Normal,Normal,Normal,Illumina HiSeq 4000
Normal_TTTACTGGTAGCGTGA-1,Normal,Normal,Normal,Illumina HiSeq 4000
Normal_TTTACTGGTCCGTGAC-1,Normal,Normal,Normal,Illumina HiSeq 4000
Normal_TTTACTGTCGGCTTGG-1,Normal,Normal,Normal,Illumina HiSeq 4000
Normal_TTTATGCTCAACTCTT-1,Normal,Normal,Normal,Illumina HiSeq 4000
Normal_TTTATGCTCATGCTCC-1,Normal,Normal,Normal,Illumina HiSeq 4000
Normal_TTTCCTCTCTGCAAGT-1,Normal,Normal,Normal,Illumina HiSeq 4000
Normal_TTTGCGCTCCGTTGTC-1,Normal,Normal,Normal,Illumina HiSeq 4000
Normal_TTTGCGCTCTTCATGT-1,Normal,Normal,Normal,Illumina HiSeq 4000
Normal_TTTGGTTGTATCACCA-1,Normal,Normal,Normal,Illumina HiSeq 4000
Normal_TTTGTCACATTATCTC-1,Normal,Normal,Normal,Illumina HiSeq 4000
Normal_TTTGTCAGTCGGGTCT-1,Normal,Normal,Normal,Illumina HiSeq 4000
Leukemia_AAACCTGCAACTGCTA-1,Leukemia,Leukemia,Leukemia,Illumina HiSeq 4000
Leukemia_AAACCTGGTAGGGTAC-1,Leukemia,Leukemia,Leukemia,Illumina HiSeq 4000
Leukemia_AAACCTGTCATGCATG-1,Leukemia,Leukemia,Leukemia,Illumina HiSeq 4000
Leukemia_AAACGGGAGGTTACCT-1,Leukemia,Leukemia,Leukemia,Illumina HiSeq 4000
Leukemia_AAACGGGCAGGACCCT-1,Leukemia,Leukemia,Leukemia,Illumina HiSeq 4000
Leukemia_AAACGGGGTATTCGTG-1,Leukemia,Leukemia,Leukemia,Illumina HiSeq 4000
Leukemia_AAAGATGAGCGTGTCC-1,Leukemia,Leukemia,Leukemia,Illumina HiSeq 4000
Leukemia_AAAGATGCAAGAAGAG-1,Leukemia,Leukemia,Leukemia,Illumina HiSeq 4000
Leukemia_AAAGATGCAGTAACGG-1,Leukemia,Leukemia,Leukemia,Illumina HiSeq 4000
Leukemia_AAAGATGCAGTCCTTC-1,Leukemia,Leukemia,Leukemia,Illumina HiSeq 4000
Leukemia_AAAGCAAAGACTAGGC-1,Leukemia,Leukemia,Leukemia,Illumina HiSeq 4000
Leukemia_AAAGCAAAGATGTCGG-1,Leukemia,Leukemia,Leukemia,Illumina HiSeq 4000
Leukemia_AAAGTAGCAAGCTGTT-1,Leukemia,Leukemia,Leukemia,Illumina HiSeq 4000
Leukemia_AAAGTAGCACCCATGG-1,Leukemia,Leukemia,Leukemia,Illumina HiSeq 4000
Leukemia_AAAGTAGGTTCCATGA-1,Leukemia,Leukemia,Leukemia,Illumina HiSeq 4000
Leukemia_AAATGCCAGATCACGG-1,Leukemia,Leukemia,Leukemia,Illumina HiSeq 4000
Leukemia_AAATGCCAGCGCCTCA-1,Leukemia,Leukemia,Leukemia,Illumina HiSeq 4000
Leukemia_AAATGCCAGTAATCCC-1,Leukemia,Leukemia,Leukemia,Illumina HiSeq 4000
Leukemia_AAATGCCCATGAACCT-1,Leukemia,Leukemia,Leukemia,Illumina HiSeq 4000
Leukemia_AACACGTGTATTACCG-1,Leukemia,Leukemia,Leukemia,Illumina HiSeq 4000
Leukemia_AACACGTGTTATCACG-1,Leukemia,Leukemia,Leukemia,Illumina HiSeq 4000
Leukemia_AACCATGGTCCCGACA-1,Leukemia,Leukemia,Leukemia,Illumina HiSeq 4000
Leukemia_AACCATGTCACAAACC-1,Leukemia,Leukemia,Leukemia,Illumina HiSeq 4000
Leukemia_AACCGCGCACACCGAC-1,Leukemia,Leukemia,Leukemia,Illumina HiSeq 4000
Leukemia_AACCGCGGTAAGTTCC-1,Leukemia,Leukemia,Leukemia,Illumina HiSeq 4000
Leukemia_AACCGCGGTACTTAGC-1,Leukemia,Leukemia,Leukemia,Illumina HiSeq 4000
Leukemia_AACCGCGGTAGCTAAA-1,Leukemia,Leukemia,Leukemia,Illumina HiSeq 4000
Leukemia_AACCGCGGTCTTGATG-1,Leukemia,Leukemia,Leukemia,Illumina HiSeq 4000
Leukemia_AACGTTGAGCTAGGCA-1,Leukemia,Leukemia,Leukemia,Illumina HiSeq 4000
Leukemia_AACGTTGCAGACAAGC-1,Leukemia,Leukemia,Leukemia,Illumina HiSeq 4000
Leukemia_AACGTTGTCCGTAGTA-1,Leukemia,Leukemia,Leukemia,Illumina HiSeq 4000
Leukemia_AACTCAGAGCCGTCGT-1,Leukemia,Leukemia,Leukemia,Illumina HiSeq 4000
Leukemia_AACTCAGGTAAATGAC-1,Leukemia,Leukemia,Leukemia,Illumina HiSeq 4000
Leukemia_AACTCCCAGGGAAACA-1,Leukemia,Leukemia,Leukemia,Illumina HiSeq 4000
Leukemia_AACTCTTAGAAACGAG-1,Leukemia,Leukemia,Leukemia,Illumina HiSeq 4000
Leukemia_AACTCTTAGAAGGGTA-1,Leukemia,Leukemia,Leukemia,Illumina HiSeq 4000
Leukemia_AACTCTTGTTACGGAG-1,Leukemia,Leukemia,Leukemia,Illumina HiSeq 4000
Leukemia_AACTGGTGTACTCGCG-1,Leukemia,Leukemia,Leukemia,Illumina HiSeq 4000
Leukemia_AACTGGTGTCCAAGTT-1,Leukemia,Leukemia,Leukemia,Illumina HiSeq 4000
Leukemia_AACTGGTTCACAACGT-1,Leukemia,Leukemia,Leukemia,Illumina HiSeq 4000
Leukemia_AACTTTCTCGTCCAGG-1,Leukemia,Leukemia,Leukemia,Illumina HiSeq 4000
Leukemia_AAGACCTAGAAGGTGA-1,Leukemia,Leukemia,Leukemia,Illumina HiSeq 4000
Leukemia_AAGACCTAGACACGAC-1,Leukemia,Leukemia,Leukemia,Illumina HiSeq 4000
Leukemia_AAGACCTCACATTAGC-1,Leukemia,Leukemia,Leukemia,Illumina HiSeq 4000
Leukemia_AAGCCGCAGATGAGAG-1,Leukemia,Leukemia,Leukemia,Illumina HiSeq 4000
Leukemia_AAGCCGCAGCAGACTG-1,Leukemia,Leukemia,Leukemia,Illumina HiSeq 4000
Leukemia_AAGGAGCGTCATATGC-1,Leukemia,Leukemia,Leukemia,Illumina HiSeq 4000
Leukemia_AAGGAGCGTCGAGATG-1,Leukemia,Leukemia,Leukemia,Illumina HiSeq 4000
Leukemia_AAGGCAGAGGACGAAA-1,Leukemia,Leukemia,Leukemia,Illumina HiSeq 4000
Leukemia_AAGGCAGAGGTGCTAG-1,Leukemia,Leukemia,Leukemia,Illumina HiSeq 4000
Leukemia_AAGGCAGGTAAGGATT-1,Leukemia,Leukemia,Leukemia,Illumina HiSeq 4000
Leukemia_AAGGCAGGTCCAGTGC-1,Leukemia,Leukemia,Leukemia,Illumina HiSeq 4000
Leukemia_AAGGCAGGTCTCTCTG-1,Leukemia,Leukemia,Leukemia,Illumina HiSeq 4000
Leukemia_AAGGCAGGTGGTAACG-1,Leukemia,Leukemia,Leukemia,Illumina HiSeq 4000
Leukemia_AAGGCAGTCTTGCATT-1,Leukemia,Leukemia,Leukemia,Illumina HiSeq 4000
Leukemia_AAGGTTCAGGCGACAT-1,Leukemia,Leukemia,Leukemia,Illumina HiSeq 4000
Leukemia_AAGGTTCGTCTGGAGA-1,Leukemia,Leukemia,Leukemia,Illumina HiSeq 4000
Leukemia_AAGTCTGCAATTCCTT-1,Leukemia,Leukemia,Leukemia,Illumina HiSeq 4000
Leukemia_AAGTCTGCACCAGGTC-1,Leukemia,Leukemia,Leukemia,Illumina HiSeq 4000
Leukemia_AATCCAGCAAGGGTCA-1,Leukemia,Leukemia,Leukemia,Illumina HiSeq 4000
Leukemia_ACACCCTAGGGTGTGT-1,Leukemia,Leukemia,Leukemia,Illumina HiSeq 4000
Leukemia_ACACCCTCACATTAGC-1,Leukemia,Leukemia,Leukemia,Illumina HiSeq 4000
Leukemia_ACACCCTCACCAGGCT-1,Leukemia,Leukemia,Leukemia,Illumina HiSeq 4000
Leukemia_ACACCCTCATCTGGTA-1,Leukemia,Leukemia,Leukemia,Illumina HiSeq 4000
Leukemia_ACACCGGGTTGGTTTG-1,Leukemia,Leukemia,Leukemia,Illumina HiSeq 4000
Leukemia_ACACTGAAGACAAGCC-1,Leukemia,Leukemia,Leukemia,Illumina HiSeq 4000
Leukemia_ACACTGAAGAGGGATA-1,Leukemia,Leukemia,Leukemia,Illumina HiSeq 4000
Leukemia_ACACTGACACCAGGCT-1,Leukemia,Leukemia,Leukemia,Illumina HiSeq 4000
Leukemia_ACACTGAGTTGTGGAG-1,Leukemia,Leukemia,Leukemia,Illumina HiSeq 4000
Leukemia_ACAGCCGAGCCACGCT-1,Leukemia,Leukemia,Leukemia,Illumina HiSeq 4000
Leukemia_ACAGCTAAGTGGGATC-1,Leukemia,Leukemia,Leukemia,Illumina HiSeq 4000
Leukemia_ACAGCTACAGGGTATG-1,Leukemia,Leukemia,Leukemia,Illumina HiSeq 4000
Leukemia_ACAGCTATCCAGGGCT-1,Leukemia,Leukemia,Leukemia,Illumina HiSeq 4000
Leukemia_ACAGCTATCGAGAGCA-1,Leukemia,Leukemia,Leukemia,Illumina HiSeq 4000
Leukemia_ACATACGAGTAAGTAC-1,Leukemia,Leukemia,Leukemia,Illumina HiSeq 4000
Leukemia_ACATACGCAAGGTTTC-1,Leukemia,Leukemia,Leukemia,Illumina HiSeq 4000
Leukemia_ACATACGCACCATGTA-1,Leukemia,Leukemia,Leukemia,Illumina HiSeq 4000
Leukemia_ACATACGCAGCGATCC-1,Leukemia,Leukemia,Leukemia,Illumina HiSeq 4000
Leukemia_ACATCAGTCAGGTAAA-1,Leukemia,Leukemia,Leukemia,Illumina HiSeq 4000
Leukemia_ACATGGTAGGTCATCT-1,Leukemia,Leukemia,Leukemia,Illumina HiSeq 4000
Leukemia_ACATGGTGTACCGAGA-1,Leukemia,Leukemia,Leukemia,Illumina HiSeq 4000
Leukemia_ACATGGTTCCAACCAA-1,Leukemia,Leukemia,Leukemia,Illumina HiSeq 4000
Leukemia_ACCAGTAGTGACTCAT-1,Leukemia,Leukemia,Leukemia,Illumina HiSeq 4000
Leukemia_ACCAGTATCGCGCCAA-1,Leukemia,Leukemia,Leukemia,Illumina HiSeq 4000
Leukemia_ACCCACTGTACATCCA-1,Leukemia,Leukemia,Leukemia,Illumina HiSeq 4000
Leukemia_ACCCACTTCTGTCAAG-1,Leukemia,Leukemia,Leukemia,Illumina HiSeq 4000
Leukemia_ACCCACTTCTTGAGAC-1,Leukemia,Leukemia,Leukemia,Illumina HiSeq 4000
Leukemia_ACCGTAACAACTTGAC-1,Leukemia,Leukemia,Leukemia,Illumina HiSeq 4000
Leukemia_ACCGTAAGTCTGATTG-1,Leukemia,Leukemia,Leukemia,Illumina HiSeq 4000
Leukemia_ACCTTTACAAGTAATG-1,Leukemia,Leukemia,Leukemia,Illumina HiSeq 4000
Leukemia_ACCTTTAGTGTGAAAT-1,Leukemia,Leukemia,Leukemia,Illumina HiSeq 4000
Leukemia_ACCTTTATCCCATTAT-1,Leukemia,Leukemia,Leukemia,Illumina HiSeq 4000
Leukemia_ACGAGCCTCGCTTGTC-1,Leukemia,Leukemia,Leukemia,Illumina HiSeq 4000
Leukemia_ACGAGGACACGTGAGA-1,Leukemia,Leukemia,Leukemia,Illumina HiSeq 4000
Leukemia_ACGAGGATCATGTCCC-1,Leukemia,Leukemia,Leukemia,Illumina HiSeq 4000
Leukemia_ACGATACAGCATCATC-1,Leukemia,Leukemia,Leukemia,Illumina HiSeq 4000
Leukemia_ACGATGTGTCACCTAA-1,Leukemia,Leukemia,Leukemia,Illumina HiSeq 4000
Leukemia_ACGATGTGTGCCTGTG-1,Leukemia,Leukemia,Leukemia,Illumina HiSeq 4000
Leukemia_ACGATGTTCGGATGTT-1,Leukemia,Leukemia,Leukemia,Illumina HiSeq 4000
Leukemia_ACGCCAGAGATGTTAG-1,Leukemia,Leukemia,Leukemia,Illumina HiSeq 4000
Leukemia_ACGCCGACATCGACGC-1,Leukemia,Leukemia,Leukemia,Illumina HiSeq 4000
Leukemia_ACGCCGAGTCTACCTC-1,Leukemia,Leukemia,Leukemia,Illumina HiSeq 4000
Leukemia_ACGCCGAGTGTCAATC-1,Leukemia,Leukemia,Leukemia,Illumina HiSeq 4000
Leukemia_ACGCCGATCAATACCG-1,Leukemia,Leukemia,Leukemia,Illumina HiSeq 4000
Leukemia_ACGCCGATCGGACAAG-1,Leukemia,Leukemia,Leukemia,Illumina HiSeq 4000
Leukemia_ACGGAGATCGCGATCG-1,Leukemia,Leukemia,Leukemia,Illumina HiSeq 4000
Leukemia_ACGGCCAAGTTATCGC-1,Leukemia,Leukemia,Leukemia,Illumina HiSeq 4000
Leukemia_ACGGGCTAGCGACGTA-1,Leukemia,Leukemia,Leukemia,Illumina HiSeq 4000
Leukemia_ACGGGCTAGCTAGCCC-1,Leukemia,Leukemia,Leukemia,Illumina HiSeq 4000
Leukemia_ACGGGCTAGTAACCCT-1,Leukemia,Leukemia,Leukemia,Illumina HiSeq 4000
Leukemia_ACGGGCTGTCACACGC-1,Leukemia,Leukemia,Leukemia,Illumina HiSeq 4000
Leukemia_ACTATCTAGGGAAACA-1,Leukemia,Leukemia,Leukemia,Illumina HiSeq 4000
Leukemia_ACTGAACTCTTACCTA-1,Leukemia,Leukemia,Leukemia,Illumina HiSeq 4000
Leukemia_ACTGAGTAGTGTTTGC-1,Leukemia,Leukemia,Leukemia,Illumina HiSeq 4000
Leukemia_ACTGATGTCGGCGCTA-1,Leukemia,Leukemia,Leukemia,Illumina HiSeq 4000
Leukemia_ACTGCTCAGCTGGAAC-1,Leukemia,Leukemia,Leukemia,Illumina HiSeq 4000
Leukemia_ACTGCTCCAACCGCCA-1,Leukemia,Leukemia,Leukemia,Illumina HiSeq 4000
Leukemia_ACTGCTCCATTCACTT-1,Leukemia,Leukemia,Leukemia,Illumina HiSeq 4000
Leukemia_ACTGCTCGTACATGTC-1,Leukemia,Leukemia,Leukemia,Illumina HiSeq 4000
Leukemia_ACTTACTAGGCGATAC-1,Leukemia,Leukemia,Leukemia,Illumina HiSeq 4000
Leukemia_ACTTGTTAGGACCACA-1,Leukemia,Leukemia,Leukemia,Illumina HiSeq 4000
Leukemia_ACTTTCAAGCGTGAGT-1,Leukemia,Leukemia,Leukemia,Illumina HiSeq 4000
Leukemia_ACTTTCAAGGACCACA-1,Leukemia,Leukemia,Leukemia,Illumina HiSeq 4000
Leukemia_ACTTTCATCCATGCTC-1,Leukemia,Leukemia,Leukemia,Illumina HiSeq 4000
Leukemia_ACTTTCATCCGCAGTG-1,Leukemia,Leukemia,Leukemia,Illumina HiSeq 4000
Leukemia_AGAATAGTCGTTGCCT-1,Leukemia,Leukemia,Leukemia,Illumina HiSeq 4000
Leukemia_AGACGTTAGCTAGTTC-1,Leukemia,Leukemia,Leukemia,Illumina HiSeq 4000
Leukemia_AGACGTTCAATAGAGT-1,Leukemia,Leukemia,Leukemia,Illumina HiSeq 4000
Leukemia_AGACGTTCACATGACT-1,Leukemia,Leukemia,Leukemia,Illumina HiSeq 4000
Leukemia_AGACGTTTCCCGGATG-1,Leukemia,Leukemia,Leukemia,Illumina HiSeq 4000
Leukemia_AGAGCGACAAGTAATG-1,Leukemia,Leukemia,Leukemia,Illumina HiSeq 4000
Leukemia_AGAGCGACATACGCTA-1,Leukemia,Leukemia,Leukemia,Illumina HiSeq 4000
Leukemia_AGAGCGACATATACCG-1,Leukemia,Leukemia,Leukemia,Illumina HiSeq 4000
Leukemia_AGAGCGAGTTCCACTC-1,Leukemia,Leukemia,Leukemia,Illumina HiSeq 4000
Leukemia_AGAGCGATCGTTACGA-1,Leukemia,Leukemia,Leukemia,Illumina HiSeq 4000
Leukemia_AGAGCGATCTTTACGT-1,Leukemia,Leukemia,Leukemia,Illumina HiSeq 4000
Leukemia_AGAGCTTCAACGCACC-1,Leukemia,Leukemia,Leukemia,Illumina HiSeq 4000
Leukemia_AGAGCTTTCGCGGATC-1,Leukemia,Leukemia,Leukemia,Illumina HiSeq 4000
Leukemia_AGAGTGGTCCTTAATC-1,Leukemia,Leukemia,Leukemia,Illumina HiSeq 4000
Leukemia_AGAGTGGTCGGGAGTA-1,Leukemia,Leukemia,Leukemia,Illumina HiSeq 4000
Leukemia_AGATCTGGTAAGGATT-1,Leukemia,Leukemia,Leukemia,Illumina HiSeq 4000
Leukemia_AGATCTGGTCACCTAA-1,Leukemia,Leukemia,Leukemia,Illumina HiSeq 4000
Leukemia_AGATCTGGTTCCACAA-1,Leukemia,Leukemia,Leukemia,Illumina HiSeq 4000
Leukemia_AGATTGCAGAGACGAA-1,Leukemia,Leukemia,Leukemia,Illumina HiSeq 4000
Leukemia_AGATTGCGTAGCTTGT-1,Leukemia,Leukemia,Leukemia,Illumina HiSeq 4000
Leukemia_AGCAGCCAGTAGCCGA-1,Leukemia,Leukemia,Leukemia,Illumina HiSeq 4000
Leukemia_AGCAGCCTCTTGCAAG-1,Leukemia,Leukemia,Leukemia,Illumina HiSeq 4000
Leukemia_AGCATACCAGACGTAG-1,Leukemia,Leukemia,Leukemia,Illumina HiSeq 4000
Leukemia_AGCCTAAAGAATCTCC-1,Leukemia,Leukemia,Leukemia,Illumina HiSeq 4000
Leukemia_AGCCTAAAGCCAGTTT-1,Leukemia,Leukemia,Leukemia,Illumina HiSeq 4000
Leukemia_AGCCTAAAGCTAGCCC-1,Leukemia,Leukemia,Leukemia,Illumina HiSeq 4000
Leukemia_AGCCTAACAGATTGCT-1,Leukemia,Leukemia,Leukemia,Illumina HiSeq 4000
Leukemia_AGCCTAAGTTTCCACC-1,Leukemia,Leukemia,Leukemia,Illumina HiSeq 4000
Leukemia_AGCGGTCAGAGCTGCA-1,Leukemia,Leukemia,Leukemia,Illumina HiSeq 4000
Leukemia_AGCGGTCGTCGCGTGT-1,Leukemia,Leukemia,Leukemia,Illumina HiSeq 4000
Leukemia_AGCGTATCATTCTTAC-1,Leukemia,Leukemia,Leukemia,Illumina HiSeq 4000
Leukemia_AGCGTATGTACTCAAC-1,Leukemia,Leukemia,Leukemia,Illumina HiSeq 4000
Leukemia_AGCGTCGAGCACAGGT-1,Leukemia,Leukemia,Leukemia,Illumina HiSeq 4000
Leukemia_AGCTCCTAGCATGGCA-1,Leukemia,Leukemia,Leukemia,Illumina HiSeq 4000
Leukemia_AGCTCCTTCCCTAATT-1,Leukemia,Leukemia,Leukemia,Illumina HiSeq 4000
Leukemia_AGCTCTCAGGGATGGG-1,Leukemia,Leukemia,Leukemia,Illumina HiSeq 4000
Leukemia_AGCTCTCGTGTCTGAT-1,Leukemia,Leukemia,Leukemia,Illumina HiSeq 4000
Leukemia_AGCTCTCTCACAATGC-1,Leukemia,Leukemia,Leukemia,Illumina HiSeq 4000
Leukemia_AGCTTGAAGAGAACAG-1,Leukemia,Leukemia,Leukemia,Illumina HiSeq 4000
Leukemia_AGGCCACGTGCGAAAC-1,Leukemia,Leukemia,Leukemia,Illumina HiSeq 4000
Leukemia_AGGCCGTCACAGCCCA-1,Leukemia,Leukemia,Leukemia,Illumina HiSeq 4000
Leukemia_AGGGAGTAGACAGACC-1,Leukemia,Leukemia,Leukemia,Illumina HiSeq 4000
Leukemia_AGGGATGAGGGCATGT-1,Leukemia,Leukemia,Leukemia,Illumina HiSeq 4000
Leukemia_AGGGATGCACTTAACG-1,Leukemia,Leukemia,Leukemia,Illumina HiSeq 4000
Leukemia_AGGGATGGTCCAAGTT-1,Leukemia,Leukemia,Leukemia,Illumina HiSeq 4000
Leukemia_AGGGTGAAGTACGTTC-1,Leukemia,Leukemia,Leukemia,Illumina HiSeq 4000
Leukemia_AGGGTGACAAGTTCTG-1,Leukemia,Leukemia,Leukemia,Illumina HiSeq 4000
Leukemia_AGGGTGACACAGATTC-1,Leukemia,Leukemia,Leukemia,Illumina HiSeq 4000
Leukemia_AGGGTGAGTGACGGTA-1,Leukemia,Leukemia,Leukemia,Illumina HiSeq 4000
Leukemia_AGGTCCGTCCGAATGT-1,Leukemia,Leukemia,Leukemia,Illumina HiSeq 4000
Leukemia_AGTAGTCCACGAGAGT-1,Leukemia,Leukemia,Leukemia,Illumina HiSeq 4000
Leukemia_AGTAGTCGTACAGTGG-1,Leukemia,Leukemia,Leukemia,Illumina HiSeq 4000
Leukemia_AGTCTTTGTAGTACCT-1,Leukemia,Leukemia,Leukemia,Illumina HiSeq 4000
Leukemia_AGTCTTTTCGCTAGCG-1,Leukemia,Leukemia,Leukemia,Illumina HiSeq 4000
Leukemia_AGTGAGGCAGGACCCT-1,Leukemia,Leukemia,Leukemia,Illumina HiSeq 4000
Leukemia_AGTGAGGTCTTAGCCC-1,Leukemia,Leukemia,Leukemia,Illumina HiSeq 4000
Leukemia_AGTGGGAAGCTCCCAG-1,Leukemia,Leukemia,Leukemia,Illumina HiSeq 4000
Leukemia_AGTGGGAAGGATGGAA-1,Leukemia,Leukemia,Leukemia,Illumina HiSeq 4000
Leukemia_AGTGGGACATTATCTC-1,Leukemia,Leukemia,Leukemia,Illumina HiSeq 4000
Leukemia_AGTGTCAGTTCGCTAA-1,Leukemia,Leukemia,Leukemia,Illumina HiSeq 4000
Leukemia_AGTTGGTTCACCGTAA-1,Leukemia,Leukemia,Leukemia,Illumina HiSeq 4000
Leukemia_ATAACGCGTCAGAGGT-1,Leukemia,Leukemia,Leukemia,Illumina HiSeq 4000
Leukemia_ATAACGCGTTCGTTGA-1,Leukemia,Leukemia,Leukemia,Illumina HiSeq 4000
Leukemia_ATAACGCGTTGTTTGG-1,Leukemia,Leukemia,Leukemia,Illumina HiSeq 4000
Leukemia_ATAAGAGAGAGACTTA-1,Leukemia,Leukemia,Leukemia,Illumina HiSeq 4000
Leukemia_ATAAGAGAGTAGTGCG-1,Leukemia,Leukemia,Leukemia,Illumina HiSeq 4000
Leukemia_ATAAGAGCAGATCGGA-1,Leukemia,Leukemia,Leukemia,Illumina HiSeq 4000
Leukemia_ATCACGATCAGGCAAG-1,Leukemia,Leukemia,Leukemia,Illumina HiSeq 4000
Leukemia_ATCACGATCTTAACCT-1,Leukemia,Leukemia,Leukemia,Illumina HiSeq 4000
Leukemia_ATCATCTAGTCAAGCG-1,Leukemia,Leukemia,Leukemia,Illumina HiSeq 4000
Leukemia_ATCATGGAGCCCGAAA-1,Leukemia,Leukemia,Leukemia,Illumina HiSeq 4000
Leukemia_ATCCACCGTCAATGTC-1,Leukemia,Leukemia,Leukemia,Illumina HiSeq 4000
Leukemia_ATCCGAAAGTTCGCAT-1,Leukemia,Leukemia,Leukemia,Illumina HiSeq 4000
Leukemia_ATCCGAATCGAGAGCA-1,Leukemia,Leukemia,Leukemia,Illumina HiSeq 4000
Leukemia_ATCTACTCAAGCCCAC-1,Leukemia,Leukemia,Leukemia,Illumina HiSeq 4000
Leukemia_ATCTACTCAGGGTACA-1,Leukemia,Leukemia,Leukemia,Illumina HiSeq 4000
Leukemia_ATCTGCCCAATGGAGC-1,Leukemia,Leukemia,Leukemia,Illumina HiSeq 4000
Leukemia_ATGAGGGAGTATCGAA-1,Leukemia,Leukemia,Leukemia,Illumina HiSeq 4000
Leukemia_ATGAGGGGTCTACCTC-1,Leukemia,Leukemia,Leukemia,Illumina HiSeq 4000
Leukemia_ATGGGAGCAAGAAAGG-1,Leukemia,Leukemia,Leukemia,Illumina HiSeq 4000
Leukemia_ATGTGTGTCGTACCGG-1,Leukemia,Leukemia,Leukemia,Illumina HiSeq 4000
Leukemia_ATTACTCAGAGGTTGC-1,Leukemia,Leukemia,Leukemia,Illumina HiSeq 4000
Leukemia_ATTACTCCAAGCCCAC-1,Leukemia,Leukemia,Leukemia,Illumina HiSeq 4000
Leukemia_ATTACTCTCCGCAAGC-1,Leukemia,Leukemia,Leukemia,Illumina HiSeq 4000
Leukemia_ATTATCCCACATAACC-1,Leukemia,Leukemia,Leukemia,Illumina HiSeq 4000
Leukemia_ATTATCCCAGTCCTTC-1,Leukemia,Leukemia,Leukemia,Illumina HiSeq 4000
Leukemia_ATTGGACAGATGAGAG-1,Leukemia,Leukemia,Leukemia,Illumina HiSeq 4000
Leukemia_ATTGGACAGTCCTCCT-1,Leukemia,Leukemia,Leukemia,Illumina HiSeq 4000
Leukemia_ATTGGACTCACCTTAT-1,Leukemia,Leukemia,Leukemia,Illumina HiSeq 4000
Leukemia_ATTTCTGCACGAGAGT-1,Leukemia,Leukemia,Leukemia,Illumina HiSeq 4000
Leukemia_ATTTCTGGTTGATTGC-1,Leukemia,Leukemia,Leukemia,Illumina HiSeq 4000
Leukemia_ATTTCTGTCCTGTACC-1,Leukemia,Leukemia,Leukemia,Illumina HiSeq 4000
Leukemia_ATTTCTGTCTGTTTGT-1,Leukemia,Leukemia,Leukemia,Illumina HiSeq 4000
Leukemia_CAACCAACAATCCGAT-1,Leukemia,Leukemia,Leukemia,Illumina HiSeq 4000
Leukemia_CAACCAACACTTCGAA-1,Leukemia,Leukemia,Leukemia,Illumina HiSeq 4000
Leukemia_CAACCTCAGGTAAACT-1,Leukemia,Leukemia,Leukemia,Illumina HiSeq 4000
Leukemia_CAACCTCAGTACATGA-1,Leukemia,Leukemia,Leukemia,Illumina HiSeq 4000
Leukemia_CAACCTCTCAGGCCCA-1,Leukemia,Leukemia,Leukemia,Illumina HiSeq 4000
Leukemia_CAACTAGCACCTTGTC-1,Leukemia,Leukemia,Leukemia,Illumina HiSeq 4000
Leukemia_CAACTAGGTTTGACTG-1,Leukemia,Leukemia,Leukemia,Illumina HiSeq 4000
Leukemia_CAAGAAACAATGACCT-1,Leukemia,Leukemia,Leukemia,Illumina HiSeq 4000
Leukemia_CAAGAAACACGACTCG-1,Leukemia,Leukemia,Leukemia,Illumina HiSeq 4000
Leukemia_CAAGAAACATCCCACT-1,Leukemia,Leukemia,Leukemia,Illumina HiSeq 4000
Leukemia_CAAGATCAGGATGGTC-1,Leukemia,Leukemia,Leukemia,Illumina HiSeq 4000
Leukemia_CAAGATCCAATACGCT-1,Leukemia,Leukemia,Leukemia,Illumina HiSeq 4000
Leukemia_CAAGATCGTATCTGCA-1,Leukemia,Leukemia,Leukemia,Illumina HiSeq 4000
Leukemia_CAAGATCTCCGCGGTA-1,Leukemia,Leukemia,Leukemia,Illumina HiSeq 4000
Leukemia_CAAGATCTCCTGCAGG-1,Leukemia,Leukemia,Leukemia,Illumina HiSeq 4000
Leukemia_CAAGGCCTCTTCATGT-1,Leukemia,Leukemia,Leukemia,Illumina HiSeq 4000
Leukemia_CAAGTTGAGCCCAATT-1,Leukemia,Leukemia,Leukemia,Illumina HiSeq 4000
Leukemia_CAAGTTGAGTAATCCC-1,Leukemia,Leukemia,Leukemia,Illumina HiSeq 4000
Leukemia_CAAGTTGCACTTACGA-1,Leukemia,Leukemia,Leukemia,Illumina HiSeq 4000
Leukemia_CAAGTTGTCCCGACTT-1,Leukemia,Leukemia,Leukemia,Illumina HiSeq 4000
Leukemia_CACAAACCAAGCTGGA-1,Leukemia,Leukemia,Leukemia,Illumina HiSeq 4000
Leukemia_CACAAACCACTGAAGG-1,Leukemia,Leukemia,Leukemia,Illumina HiSeq 4000
Leukemia_CACAAACGTAAGTGGC-1,Leukemia,Leukemia,Leukemia,Illumina HiSeq 4000
Leukemia_CACACAAAGTTACCCA-1,Leukemia,Leukemia,Leukemia,Illumina HiSeq 4000
Leukemia_CACACCTAGTTCCACA-1,Leukemia,Leukemia,Leukemia,Illumina HiSeq 4000
Leukemia_CACACCTCACGCGAAA-1,Leukemia,Leukemia,Leukemia,Illumina HiSeq 4000
Leukemia_CACACCTTCGACGGAA-1,Leukemia,Leukemia,Leukemia,Illumina HiSeq 4000
Leukemia_CACACTCAGCGATTCT-1,Leukemia,Leukemia,Leukemia,Illumina HiSeq 4000
Leukemia_CACACTCCACAGGTTT-1,Leukemia,Leukemia,Leukemia,Illumina HiSeq 4000
Leukemia_CACAGGCGTAAATGAC-1,Leukemia,Leukemia,Leukemia,Illumina HiSeq 4000
Leukemia_CACAGGCTCCCATTAT-1,Leukemia,Leukemia,Leukemia,Illumina HiSeq 4000
Leukemia_CACAGTAAGACCCACC-1,Leukemia,Leukemia,Leukemia,Illumina HiSeq 4000
Leukemia_CACAGTAAGGGCTTGA-1,Leukemia,Leukemia,Leukemia,Illumina HiSeq 4000
Leukemia_CACAGTACAGACTCGC-1,Leukemia,Leukemia,Leukemia,Illumina HiSeq 4000
Leukemia_CACAGTAGTAAATGAC-1,Leukemia,Leukemia,Leukemia,Illumina HiSeq 4000
Leukemia_CACAGTAGTCAAAGCG-1,Leukemia,Leukemia,Leukemia,Illumina HiSeq 4000
Leukemia_CACATAGCAAGCTGGA-1,Leukemia,Leukemia,Leukemia,Illumina HiSeq 4000
Leukemia_CACATAGCACACGCTG-1,Leukemia,Leukemia,Leukemia,Illumina HiSeq 4000
Leukemia_CACATAGCACTGTTAG-1,Leukemia,Leukemia,Leukemia,Illumina HiSeq 4000
Leukemia_CACATTTAGCCGCCTA-1,Leukemia,Leukemia,Leukemia,Illumina HiSeq 4000
Leukemia_CACATTTCATACTCTT-1,Leukemia,Leukemia,Leukemia,Illumina HiSeq 4000
Leukemia_CACCACTAGATGAGAG-1,Leukemia,Leukemia,Leukemia,Illumina HiSeq 4000
Leukemia_CACCACTTCACTATTC-1,Leukemia,Leukemia,Leukemia,Illumina HiSeq 4000
Leukemia_CACCAGGAGTACGACG-1,Leukemia,Leukemia,Leukemia,Illumina HiSeq 4000
Leukemia_CACCAGGCACGAAAGC-1,Leukemia,Leukemia,Leukemia,Illumina HiSeq 4000
Leukemia_CACCTTGAGACGCTTT-1,Leukemia,Leukemia,Leukemia,Illumina HiSeq 4000
Leukemia_CACCTTGGTCGAATCT-1,Leukemia,Leukemia,Leukemia,Illumina HiSeq 4000
Leukemia_CACCTTGGTTACTGAC-1,Leukemia,Leukemia,Leukemia,Illumina HiSeq 4000
Leukemia_CACCTTGTCATCATTC-1,Leukemia,Leukemia,Leukemia,Illumina HiSeq 4000
Leukemia_CACTCCACAAGAAAGG-1,Leukemia,Leukemia,Leukemia,Illumina HiSeq 4000
Leukemia_CACTCCACAGGTGGAT-1,Leukemia,Leukemia,Leukemia,Illumina HiSeq 4000
Leukemia_CACTCCACATGTAGTC-1,Leukemia,Leukemia,Leukemia,Illumina HiSeq 4000
Leukemia_CAGAATCAGGCGACAT-1,Leukemia,Leukemia,Leukemia,Illumina HiSeq 4000
Leukemia_CAGAATCGTTCTGTTT-1,Leukemia,Leukemia,Leukemia,Illumina HiSeq 4000
Leukemia_CAGAATCTCGTACGGC-1,Leukemia,Leukemia,Leukemia,Illumina HiSeq 4000
Leukemia_CAGAGAGAGCAATATG-1,Leukemia,Leukemia,Leukemia,Illumina HiSeq 4000
Leukemia_CAGAGAGAGTCTTGCA-1,Leukemia,Leukemia,Leukemia,Illumina HiSeq 4000
Leukemia_CAGAGAGCACATCCGG-1,Leukemia,Leukemia,Leukemia,Illumina HiSeq 4000
Leukemia_CAGATCAAGAGACGAA-1,Leukemia,Leukemia,Leukemia,Illumina HiSeq 4000
Leukemia_CAGCAGCCATAGAAAC-1,Leukemia,Leukemia,Leukemia,Illumina HiSeq 4000
Leukemia_CAGCAGCGTGTCCTCT-1,Leukemia,Leukemia,Leukemia,Illumina HiSeq 4000
Leukemia_CAGCAGCTCCATGCTC-1,Leukemia,Leukemia,Leukemia,Illumina HiSeq 4000
Leukemia_CAGCATAGTACGACCC-1,Leukemia,Leukemia,Leukemia,Illumina HiSeq 4000
Leukemia_CAGCCGACAGACGCAA-1,Leukemia,Leukemia,Leukemia,Illumina HiSeq 4000
Leukemia_CAGCCGATCTTTACGT-1,Leukemia,Leukemia,Leukemia,Illumina HiSeq 4000
Leukemia_CAGCTAACAGATCTGT-1,Leukemia,Leukemia,Leukemia,Illumina HiSeq 4000
Leukemia_CAGCTAACAGCCTGTG-1,Leukemia,Leukemia,Leukemia,Illumina HiSeq 4000
Leukemia_CAGCTAACATGTCCTC-1,Leukemia,Leukemia,Leukemia,Illumina HiSeq 4000
Leukemia_CAGCTGGGTAAATGTG-1,Leukemia,Leukemia,Leukemia,Illumina HiSeq 4000
Leukemia_CAGGTGCGTACGAAAT-1,Leukemia,Leukemia,Leukemia,Illumina HiSeq 4000
Leukemia_CAGGTGCTCATACGGT-1,Leukemia,Leukemia,Leukemia,Illumina HiSeq 4000
Leukemia_CAGGTGCTCCTTCAAT-1,Leukemia,Leukemia,Leukemia,Illumina HiSeq 4000
Leukemia_CAGTAACAGTTATCGC-1,Leukemia,Leukemia,Leukemia,Illumina HiSeq 4000
Leukemia_CAGTAACGTGCAGGTA-1,Leukemia,Leukemia,Leukemia,Illumina HiSeq 4000
Leukemia_CAGTAACTCATTCACT-1,Leukemia,Leukemia,Leukemia,Illumina HiSeq 4000
Leukemia_CAGTCCTTCTTGTACT-1,Leukemia,Leukemia,Leukemia,Illumina HiSeq 4000
Leukemia_CATATGGCAATACGCT-1,Leukemia,Leukemia,Leukemia,Illumina HiSeq 4000
Leukemia_CATATGGTCGGCGGTT-1,Leukemia,Leukemia,Leukemia,Illumina HiSeq 4000
Leukemia_CATCAAGAGCGTGTCC-1,Leukemia,Leukemia,Leukemia,Illumina HiSeq 4000
Leukemia_CATCAGACATGCCACG-1,Leukemia,Leukemia,Leukemia,Illumina HiSeq 4000
Leukemia_CATCCACGTTCACCTC-1,Leukemia,Leukemia,Leukemia,Illumina HiSeq 4000
Leukemia_CATCCACTCATACGGT-1,Leukemia,Leukemia,Leukemia,Illumina HiSeq 4000
Leukemia_CATCGGGCAATACGCT-1,Leukemia,Leukemia,Leukemia,Illumina HiSeq 4000
Leukemia_CATCGGGTCCAGGGCT-1,Leukemia,Leukemia,Leukemia,Illumina HiSeq 4000
Leukemia_CATGACACAGATGAGC-1,Leukemia,Leukemia,Leukemia,Illumina HiSeq 4000
Leukemia_CATGACAGTGTTTGTG-1,Leukemia,Leukemia,Leukemia,Illumina HiSeq 4000
Leukemia_CATGACATCCAGAGGA-1,Leukemia,Leukemia,Leukemia,Illumina HiSeq 4000
Leukemia_CATGCCTGTTCAGACT-1,Leukemia,Leukemia,Leukemia,Illumina HiSeq 4000
Leukemia_CATGGCGCAAAGTGCG-1,Leukemia,Leukemia,Leukemia,Illumina HiSeq 4000
Leukemia_CATGGCGTCATCACCC-1,Leukemia,Leukemia,Leukemia,Illumina HiSeq 4000
Leukemia_CATTATCGTCAGGACA-1,Leukemia,Leukemia,Leukemia,Illumina HiSeq 4000
Leukemia_CATTCGCGTCAACATC-1,Leukemia,Leukemia,Leukemia,Illumina HiSeq 4000
Leukemia_CATTCGCGTCTGCCAG-1,Leukemia,Leukemia,Leukemia,Illumina HiSeq 4000
Leukemia_CATTCGCTCGGCGCTA-1,Leukemia,Leukemia,Leukemia,Illumina HiSeq 4000
Leukemia_CCACCTACAGCTCCGA-1,Leukemia,Leukemia,Leukemia,Illumina HiSeq 4000
Leukemia_CCACGGACAGAGCCAA-1,Leukemia,Leukemia,Leukemia,Illumina HiSeq 4000
Leukemia_CCAGCGACAATGAATG-1,Leukemia,Leukemia,Leukemia,Illumina HiSeq 4000
Leukemia_CCAGCGACACAGCGTC-1,Leukemia,Leukemia,Leukemia,Illumina HiSeq 4000
Leukemia_CCAGCGATCAACGGGA-1,Leukemia,Leukemia,Leukemia,Illumina HiSeq 4000
Leukemia_CCATGTCCATCCCACT-1,Leukemia,Leukemia,Leukemia,Illumina HiSeq 4000
Leukemia_CCATGTCTCAACCATG-1,Leukemia,Leukemia,Leukemia,Illumina HiSeq 4000
Leukemia_CCATTCGGTCTCATCC-1,Leukemia,Leukemia,Leukemia,Illumina HiSeq 4000
Leukemia_CCCAATCTCACCACCT-1,Leukemia,Leukemia,Leukemia,Illumina HiSeq 4000
Leukemia_CCCAGTTAGTCAATAG-1,Leukemia,Leukemia,Leukemia,Illumina HiSeq 4000
Leukemia_CCCAGTTCAGGTCGTC-1,Leukemia,Leukemia,Leukemia,Illumina HiSeq 4000
Leukemia_CCCAGTTGTTGACGTT-1,Leukemia,Leukemia,Leukemia,Illumina HiSeq 4000
Leukemia_CCCTCCTCACGCCAGT-1,Leukemia,Leukemia,Leukemia,Illumina HiSeq 4000
Leukemia_CCCTCCTCATCACGTA-1,Leukemia,Leukemia,Leukemia,Illumina HiSeq 4000
Leukemia_CCCTCCTGTTATCACG-1,Leukemia,Leukemia,Leukemia,Illumina HiSeq 4000
Leukemia_CCGGGATCAATGTTGC-1,Leukemia,Leukemia,Leukemia,Illumina HiSeq 4000
Leukemia_CCGTACTTCTGCGACG-1,Leukemia,Leukemia,Leukemia,Illumina HiSeq 4000
Leukemia_CCGTGGAAGCATGGCA-1,Leukemia,Leukemia,Leukemia,Illumina HiSeq 4000
Leukemia_CCGTGGACACGCTTTC-1,Leukemia,Leukemia,Leukemia,Illumina HiSeq 4000
Leukemia_CCGTGGATCATCGCTC-1,Leukemia,Leukemia,Leukemia,Illumina HiSeq 4000
Leukemia_CCGTTCAAGATGCCAG-1,Leukemia,Leukemia,Leukemia,Illumina HiSeq 4000
Leukemia_CCGTTCAGTTAGTGGG-1,Leukemia,Leukemia,Leukemia,Illumina HiSeq 4000
Leukemia_CCTAAAGAGTATCTCG-1,Leukemia,Leukemia,Leukemia,Illumina HiSeq 4000
Leukemia_CCTAAAGGTCGCATAT-1,Leukemia,Leukemia,Leukemia,Illumina HiSeq 4000
Leukemia_CCTAAAGTCTTATCTG-1,Leukemia,Leukemia,Leukemia,Illumina HiSeq 4000
Leukemia_CCTACACAGATGTGGC-1,Leukemia,Leukemia,Leukemia,Illumina HiSeq 4000
Leukemia_CCTACACAGCCACGTC-1,Leukemia,Leukemia,Leukemia,Illumina HiSeq 4000
Leukemia_CCTACACCAGCGTCCA-1,Leukemia,Leukemia,Leukemia,Illumina HiSeq 4000
Leukemia_CCTACACGTGCAGTAG-1,Leukemia,Leukemia,Leukemia,Illumina HiSeq 4000
Leukemia_CCTACACTCAAACAAG-1,Leukemia,Leukemia,Leukemia,Illumina HiSeq 4000
Leukemia_CCTACCAGTTCCGGCA-1,Leukemia,Leukemia,Leukemia,Illumina HiSeq 4000
Leukemia_CCTAGCTAGAAGGACA-1,Leukemia,Leukemia,Leukemia,Illumina HiSeq 4000
Leukemia_CCTATTAGTACAGTGG-1,Leukemia,Leukemia,Leukemia,Illumina HiSeq 4000
Leukemia_CCTCTGAAGCACCGCT-1,Leukemia,Leukemia,Leukemia,Illumina HiSeq 4000
Leukemia_CCTCTGACACGAGAGT-1,Leukemia,Leukemia,Leukemia,Illumina HiSeq 4000
Leukemia_CCTCTGACATGCGCAC-1,Leukemia,Leukemia,Leukemia,Illumina HiSeq 4000
Leukemia_CCTTACGTCACAGTAC-1,Leukemia,Leukemia,Leukemia,Illumina HiSeq 4000
Leukemia_CCTTCCCAGCTAACTC-1,Leukemia,Leukemia,Leukemia,Illumina HiSeq 4000
Leukemia_CCTTCCCGTTATCGGT-1,Leukemia,Leukemia,Leukemia,Illumina HiSeq 4000
Leukemia_CCTTTCTGTAGATTAG-1,Leukemia,Leukemia,Leukemia,Illumina HiSeq 4000
Leukemia_CGAACATAGACAAGCC-1,Leukemia,Leukemia,Leukemia,Illumina HiSeq 4000
Leukemia_CGAACATTCTGGCGAC-1,Leukemia,Leukemia,Leukemia,Illumina HiSeq 4000
Leukemia_CGACCTTCAGCTTAAC-1,Leukemia,Leukemia,Leukemia,Illumina HiSeq 4000
Leukemia_CGACTTCGTTTGTTGG-1,Leukemia,Leukemia,Leukemia,Illumina HiSeq 4000
Leukemia_CGACTTCTCTGCAAGT-1,Leukemia,Leukemia,Leukemia,Illumina HiSeq 4000
Leukemia_CGACTTCTCTGCAGTA-1,Leukemia,Leukemia,Leukemia,Illumina HiSeq 4000
Leukemia_CGAGAAGAGAGCTGGT-1,Leukemia,Leukemia,Leukemia,Illumina HiSeq 4000
Leukemia_CGAGAAGCATCGGACC-1,Leukemia,Leukemia,Leukemia,Illumina HiSeq 4000
Leukemia_CGAGAAGGTCCAGTAT-1,Leukemia,Leukemia,Leukemia,Illumina HiSeq 4000
Leukemia_CGAGCACCACCTTGTC-1,Leukemia,Leukemia,Leukemia,Illumina HiSeq 4000
Leukemia_CGAGCACCAGACGTAG-1,Leukemia,Leukemia,Leukemia,Illumina HiSeq 4000
Leukemia_CGAGCACGTTACGTCA-1,Leukemia,Leukemia,Leukemia,Illumina HiSeq 4000
Leukemia_CGAGCCAAGGTGACCA-1,Leukemia,Leukemia,Leukemia,Illumina HiSeq 4000
Leukemia_CGAGCCAGTTAAGACA-1,Leukemia,Leukemia,Leukemia,Illumina HiSeq 4000
Leukemia_CGATCGGAGCTTATCG-1,Leukemia,Leukemia,Leukemia,Illumina HiSeq 4000
Leukemia_CGATCGGCAATACGCT-1,Leukemia,Leukemia,Leukemia,Illumina HiSeq 4000
Leukemia_CGATCGGGTCTTCTCG-1,Leukemia,Leukemia,Leukemia,Illumina HiSeq 4000
Leukemia_CGATCGGTCGCGATCG-1,Leukemia,Leukemia,Leukemia,Illumina HiSeq 4000
Leukemia_CGATGGCCACTTAACG-1,Leukemia,Leukemia,Leukemia,Illumina HiSeq 4000
Leukemia_CGATGGCGTCCGAAGA-1,Leukemia,Leukemia,Leukemia,Illumina HiSeq 4000
Leukemia_CGATGTAAGTACGCCC-1,Leukemia,Leukemia,Leukemia,Illumina HiSeq 4000
Leukemia_CGATTGAAGACACTAA-1,Leukemia,Leukemia,Leukemia,Illumina HiSeq 4000
Leukemia_CGCCAAGTCAACACGT-1,Leukemia,Leukemia,Leukemia,Illumina HiSeq 4000
Leukemia_CGCGGTAGTTACCGAT-1,Leukemia,Leukemia,Leukemia,Illumina HiSeq 4000
Leukemia_CGCGGTATCACATAGC-1,Leukemia,Leukemia,Leukemia,Illumina HiSeq 4000
Leukemia_CGCGTTTGTGTGACCC-1,Leukemia,Leukemia,Leukemia,Illumina HiSeq 4000
Leukemia_CGCGTTTTCAGGTTCA-1,Leukemia,Leukemia,Leukemia,Illumina HiSeq 4000
Leukemia_CGCTATCCAACACGCC-1,Leukemia,Leukemia,Leukemia,Illumina HiSeq 4000
Leukemia_CGCTGGAAGAGGTTAT-1,Leukemia,Leukemia,Leukemia,Illumina HiSeq 4000
Leukemia_CGCTGGAGTAAGAGGA-1,Leukemia,Leukemia,Leukemia,Illumina HiSeq 4000
Leukemia_CGCTGGATCGCGGATC-1,Leukemia,Leukemia,Leukemia,Illumina HiSeq 4000
Leukemia_CGCTTCATCCGCGCAA-1,Leukemia,Leukemia,Leukemia,Illumina HiSeq 4000
Leukemia_CGGACACAGGCATGTG-1,Leukemia,Leukemia,Leukemia,Illumina HiSeq 4000
Leukemia_CGGACACAGTGCGTGA-1,Leukemia,Leukemia,Leukemia,Illumina HiSeq 4000
Leukemia_CGGACACCACTAGTAC-1,Leukemia,Leukemia,Leukemia,Illumina HiSeq 4000
Leukemia_CGGACACGTGAAAGAG-1,Leukemia,Leukemia,Leukemia,Illumina HiSeq 4000
Leukemia_CGGACTGAGCGATAGC-1,Leukemia,Leukemia,Leukemia,Illumina HiSeq 4000
Leukemia_CGGACTGGTGAGTGAC-1,Leukemia,Leukemia,Leukemia,Illumina HiSeq 4000
Leukemia_CGGACTGTCCAGATCA-1,Leukemia,Leukemia,Leukemia,Illumina HiSeq 4000
Leukemia_CGGAGCTTCTGAAAGA-1,Leukemia,Leukemia,Leukemia,Illumina HiSeq 4000
Leukemia_CGGCTAGTCAGTACGT-1,Leukemia,Leukemia,Leukemia,Illumina HiSeq 4000
Leukemia_CGGCTAGTCCAAATGC-1,Leukemia,Leukemia,Leukemia,Illumina HiSeq 4000
Leukemia_CGGCTAGTCGGTGTTA-1,Leukemia,Leukemia,Leukemia,Illumina HiSeq 4000
Leukemia_CGGCTAGTCTGTCAAG-1,Leukemia,Leukemia,Leukemia,Illumina HiSeq 4000
Leukemia_CGGGTCACAGTCGTGC-1,Leukemia,Leukemia,Leukemia,Illumina HiSeq 4000
Leukemia_CGGGTCAGTTGGTTTG-1,Leukemia,Leukemia,Leukemia,Illumina HiSeq 4000
Leukemia_CGTAGCGAGAGTACAT-1,Leukemia,Leukemia,Leukemia,Illumina HiSeq 4000
Leukemia_CGTAGCGCAACGATGG-1,Leukemia,Leukemia,Leukemia,Illumina HiSeq 4000
Leukemia_CGTAGCGCATCGTCGG-1,Leukemia,Leukemia,Leukemia,Illumina HiSeq 4000
Leukemia_CGTAGCGTCAGAGGTG-1,Leukemia,Leukemia,Leukemia,Illumina HiSeq 4000
Leukemia_CGTAGGCTCTCTAAGG-1,Leukemia,Leukemia,Leukemia,Illumina HiSeq 4000
Leukemia_CGTCACTCACCAGCAC-1,Leukemia,Leukemia,Leukemia,Illumina HiSeq 4000
Leukemia_CGTCACTGTGAGTGAC-1,Leukemia,Leukemia,Leukemia,Illumina HiSeq 4000
Leukemia_CGTCAGGAGACAGAGA-1,Leukemia,Leukemia,Leukemia,Illumina HiSeq 4000
Leukemia_CGTCAGGAGGTACTCT-1,Leukemia,Leukemia,Leukemia,Illumina HiSeq 4000
Leukemia_CGTCCATCAAATTGCC-1,Leukemia,Leukemia,Leukemia,Illumina HiSeq 4000
Leukemia_CGTCCATGTCTTCAAG-1,Leukemia,Leukemia,Leukemia,Illumina HiSeq 4000
Leukemia_CGTCCATTCCTTGCCA-1,Leukemia,Leukemia,Leukemia,Illumina HiSeq 4000
Leukemia_CGTCTACAGACACTAA-1,Leukemia,Leukemia,Leukemia,Illumina HiSeq 4000
Leukemia_CGTCTACCAAGCCGTC-1,Leukemia,Leukemia,Leukemia,Illumina HiSeq 4000
Leukemia_CGTGAGCGTAGTAGTA-1,Leukemia,Leukemia,Leukemia,Illumina HiSeq 4000
Leukemia_CGTGAGCGTATAAACG-1,Leukemia,Leukemia,Leukemia,Illumina HiSeq 4000
Leukemia_CGTGAGCGTCCGCTGA-1,Leukemia,Leukemia,Leukemia,Illumina HiSeq 4000
Leukemia_CGTGTCTCATTCCTGC-1,Leukemia,Leukemia,Leukemia,Illumina HiSeq 4000
Leukemia_CGTTAGAAGTTGAGAT-1,Leukemia,Leukemia,Leukemia,Illumina HiSeq 4000
Leukemia_CGTTAGACACCTATCC-1,Leukemia,Leukemia,Leukemia,Illumina HiSeq 4000
Leukemia_CGTTAGATCTGCCAGG-1,Leukemia,Leukemia,Leukemia,Illumina HiSeq 4000
Leukemia_CGTTGGGAGGCGCTCT-1,Leukemia,Leukemia,Leukemia,Illumina HiSeq 4000
Leukemia_CGTTGGGAGTTCGATC-1,Leukemia,Leukemia,Leukemia,Illumina HiSeq 4000
Leukemia_CTAACTTCAACTGCGC-1,Leukemia,Leukemia,Leukemia,Illumina HiSeq 4000
Leukemia_CTAACTTGTGTGAATA-1,Leukemia,Leukemia,Leukemia,Illumina HiSeq 4000
Leukemia_CTAACTTTCTCGTATT-1,Leukemia,Leukemia,Leukemia,Illumina HiSeq 4000
Leukemia_CTAAGACAGAGTAATC-1,Leukemia,Leukemia,Leukemia,Illumina HiSeq 4000
Leukemia_CTAAGACCATGCCTTC-1,Leukemia,Leukemia,Leukemia,Illumina HiSeq 4000
Leukemia_CTACACCCACTTAAGC-1,Leukemia,Leukemia,Leukemia,Illumina HiSeq 4000
Leukemia_CTACACCTCAAACGGG-1,Leukemia,Leukemia,Leukemia,Illumina HiSeq 4000
Leukemia_CTACATTAGATATGGT-1,Leukemia,Leukemia,Leukemia,Illumina HiSeq 4000
Leukemia_CTACATTCAACTTGAC-1,Leukemia,Leukemia,Leukemia,Illumina HiSeq 4000
Leukemia_CTACATTCATGCCTAA-1,Leukemia,Leukemia,Leukemia,Illumina HiSeq 4000
Leukemia_CTACCCATCCCAAGTA-1,Leukemia,Leukemia,Leukemia,Illumina HiSeq 4000
Leukemia_CTACGTCCACCTATCC-1,Leukemia,Leukemia,Leukemia,Illumina HiSeq 4000
Leukemia_CTACGTCTCAGTCAGT-1,Leukemia,Leukemia,Leukemia,Illumina HiSeq 4000
Leukemia_CTAGAGTAGTCATCCA-1,Leukemia,Leukemia,Leukemia,Illumina HiSeq 4000
Leukemia_CTAGCCTAGCTCCTCT-1,Leukemia,Leukemia,Leukemia,Illumina HiSeq 4000
Leukemia_CTAGCCTAGCTCTCGG-1,Leukemia,Leukemia,Leukemia,Illumina HiSeq 4000
Leukemia_CTAGCCTCAAGCCTAT-1,Leukemia,Leukemia,Leukemia,Illumina HiSeq 4000
Leukemia_CTAGCCTCAGTGAGTG-1,Leukemia,Leukemia,Leukemia,Illumina HiSeq 4000
Leukemia_CTAGCCTGTGATAAGT-1,Leukemia,Leukemia,Leukemia,Illumina HiSeq 4000
Leukemia_CTAGTGAAGTGGACGT-1,Leukemia,Leukemia,Leukemia,Illumina HiSeq 4000
Leukemia_CTAGTGATCGTTTATC-1,Leukemia,Leukemia,Leukemia,Illumina HiSeq 4000
Leukemia_CTAGTGATCTTTAGTC-1,Leukemia,Leukemia,Leukemia,Illumina HiSeq 4000
Leukemia_CTCACACAGTCGTACT-1,Leukemia,Leukemia,Leukemia,Illumina HiSeq 4000
Leukemia_CTCACACCAAAGTGCG-1,Leukemia,Leukemia,Leukemia,Illumina HiSeq 4000
Leukemia_CTCACACTCTCATTCA-1,Leukemia,Leukemia,Leukemia,Illumina HiSeq 4000
Leukemia_CTCAGAACATTCACTT-1,Leukemia,Leukemia,Leukemia,Illumina HiSeq 4000
Leukemia_CTCATTACACAGAGGT-1,Leukemia,Leukemia,Leukemia,Illumina HiSeq 4000
Leukemia_CTCATTATCGCGCCAA-1,Leukemia,Leukemia,Leukemia,Illumina HiSeq 4000
Leukemia_CTCATTATCGTCCGTT-1,Leukemia,Leukemia,Leukemia,Illumina HiSeq 4000
Leukemia_CTCCTAGTCAACGCTA-1,Leukemia,Leukemia,Leukemia,Illumina HiSeq 4000
Leukemia_CTCGAAAAGACACGAC-1,Leukemia,Leukemia,Leukemia,Illumina HiSeq 4000
Leukemia_CTCGAAAAGAGGTTAT-1,Leukemia,Leukemia,Leukemia,Illumina HiSeq 4000
Leukemia_CTCGAAAAGAGGTTGC-1,Leukemia,Leukemia,Leukemia,Illumina HiSeq 4000
Leukemia_CTCGAAAAGTAATCCC-1,Leukemia,Leukemia,Leukemia,Illumina HiSeq 4000
Leukemia_CTCGAAACAGTCCTTC-1,Leukemia,Leukemia,Leukemia,Illumina HiSeq 4000
Leukemia_CTCGAAACATATGGTC-1,Leukemia,Leukemia,Leukemia,Illumina HiSeq 4000
Leukemia_CTCGAAATCCGAGCCA-1,Leukemia,Leukemia,Leukemia,Illumina HiSeq 4000
Leukemia_CTCGAGGAGTATCTCG-1,Leukemia,Leukemia,Leukemia,Illumina HiSeq 4000
Leukemia_CTCGGAGAGGAGTCTG-1,Leukemia,Leukemia,Leukemia,Illumina HiSeq 4000
Leukemia_CTCGGAGTCACGATGT-1,Leukemia,Leukemia,Leukemia,Illumina HiSeq 4000
Leukemia_CTCGGGACATCAGTCA-1,Leukemia,Leukemia,Leukemia,Illumina HiSeq 4000
Leukemia_CTCGGGACATTAGGCT-1,Leukemia,Leukemia,Leukemia,Illumina HiSeq 4000
Leukemia_CTCGGGATCTCTGAGA-1,Leukemia,Leukemia,Leukemia,Illumina HiSeq 4000
Leukemia_CTCGTACAGAAGAAGC-1,Leukemia,Leukemia,Leukemia,Illumina HiSeq 4000
Leukemia_CTCGTACGTGCAGACA-1,Leukemia,Leukemia,Leukemia,Illumina HiSeq 4000
Leukemia_CTCGTACGTGGCTCCA-1,Leukemia,Leukemia,Leukemia,Illumina HiSeq 4000
Leukemia_CTCGTCATCCGCAAGC-1,Leukemia,Leukemia,Leukemia,Illumina HiSeq 4000
Leukemia_CTCGTCATCTTAGCCC-1,Leukemia,Leukemia,Leukemia,Illumina HiSeq 4000
Leukemia_CTCTAATAGGCACATG-1,Leukemia,Leukemia,Leukemia,Illumina HiSeq 4000
Leukemia_CTCTAATCAGTCAGCC-1,Leukemia,Leukemia,Leukemia,Illumina HiSeq 4000
Leukemia_CTCTAATGTTGTTTGG-1,Leukemia,Leukemia,Leukemia,Illumina HiSeq 4000
Leukemia_CTCTACGAGCTGTCTA-1,Leukemia,Leukemia,Leukemia,Illumina HiSeq 4000
Leukemia_CTCTACGGTACCCAAT-1,Leukemia,Leukemia,Leukemia,Illumina HiSeq 4000
Leukemia_CTCTACGGTCCGACGT-1,Leukemia,Leukemia,Leukemia,Illumina HiSeq 4000
Leukemia_CTCTACGGTGGTACAG-1,Leukemia,Leukemia,Leukemia,Illumina HiSeq 4000
Leukemia_CTCTACGTCAGTTAGC-1,Leukemia,Leukemia,Leukemia,Illumina HiSeq 4000
Leukemia_CTCTGGTAGGGATACC-1,Leukemia,Leukemia,Leukemia,Illumina HiSeq 4000
Leukemia_CTCTGGTCAGCTGTGC-1,Leukemia,Leukemia,Leukemia,Illumina HiSeq 4000
Leukemia_CTCTGGTTCCCAGGTG-1,Leukemia,Leukemia,Leukemia,Illumina HiSeq 4000
Leukemia_CTCTGGTTCGGCTTGG-1,Leukemia,Leukemia,Leukemia,Illumina HiSeq 4000
Leukemia_CTCTGGTTCTGTACGA-1,Leukemia,Leukemia,Leukemia,Illumina HiSeq 4000
Leukemia_CTGAAACTCGTGACAT-1,Leukemia,Leukemia,Leukemia,Illumina HiSeq 4000
Leukemia_CTGAAGTCACCGGAAA-1,Leukemia,Leukemia,Leukemia,Illumina HiSeq 4000
Leukemia_CTGAAGTGTGCAGGTA-1,Leukemia,Leukemia,Leukemia,Illumina HiSeq 4000
Leukemia_CTGAAGTTCCGCGCAA-1,Leukemia,Leukemia,Leukemia,Illumina HiSeq 4000
Leukemia_CTGAAGTTCTGTTTGT-1,Leukemia,Leukemia,Leukemia,Illumina HiSeq 4000
Leukemia_CTGAAGTTCTTGACGA-1,Leukemia,Leukemia,Leukemia,Illumina HiSeq 4000
Leukemia_CTGAAGTTCTTGTTTG-1,Leukemia,Leukemia,Leukemia,Illumina HiSeq 4000
Leukemia_CTGATAGAGACAGACC-1,Leukemia,Leukemia,Leukemia,Illumina HiSeq 4000
Leukemia_CTGATAGAGAGCTTCT-1,Leukemia,Leukemia,Leukemia,Illumina HiSeq 4000
Leukemia_CTGATAGAGTCCCACG-1,Leukemia,Leukemia,Leukemia,Illumina HiSeq 4000
Leukemia_CTGATAGTCCATTCTA-1,Leukemia,Leukemia,Leukemia,Illumina HiSeq 4000
Leukemia_CTGATAGTCTCGGACG-1,Leukemia,Leukemia,Leukemia,Illumina HiSeq 4000
Leukemia_CTGATCCAGACAGAGA-1,Leukemia,Leukemia,Leukemia,Illumina HiSeq 4000
Leukemia_CTGATCCCAAAGGAAG-1,Leukemia,Leukemia,Leukemia,Illumina HiSeq 4000
Leukemia_CTGATCCGTGACCAAG-1,Leukemia,Leukemia,Leukemia,Illumina HiSeq 4000
Leukemia_CTGCCTAAGTAGGCCA-1,Leukemia,Leukemia,Leukemia,Illumina HiSeq 4000
Leukemia_CTGCCTAGTACTCGCG-1,Leukemia,Leukemia,Leukemia,Illumina HiSeq 4000
Leukemia_CTGCCTAGTTCCACTC-1,Leukemia,Leukemia,Leukemia,Illumina HiSeq 4000
Leukemia_CTGCGGAGTCTCAACA-1,Leukemia,Leukemia,Leukemia,Illumina HiSeq 4000
Leukemia_CTGCTGTAGATCTGAA-1,Leukemia,Leukemia,Leukemia,Illumina HiSeq 4000
Leukemia_CTGCTGTAGGGCATGT-1,Leukemia,Leukemia,Leukemia,Illumina HiSeq 4000
Leukemia_CTGGTCTCATCACCCT-1,Leukemia,Leukemia,Leukemia,Illumina HiSeq 4000
Leukemia_CTGGTCTGTACAAGTA-1,Leukemia,Leukemia,Leukemia,Illumina HiSeq 4000
Leukemia_CTGGTCTTCCTTGGTC-1,Leukemia,Leukemia,Leukemia,Illumina HiSeq 4000
Leukemia_CTGTGCTTCTCTGCTG-1,Leukemia,Leukemia,Leukemia,Illumina HiSeq 4000
Leukemia_CTGTTTACAAGGACAC-1,Leukemia,Leukemia,Leukemia,Illumina HiSeq 4000
Leukemia_CTGTTTAGTCAGTGGA-1,Leukemia,Leukemia,Leukemia,Illumina HiSeq 4000
Leukemia_CTGTTTATCCTAGGGC-1,Leukemia,Leukemia,Leukemia,Illumina HiSeq 4000
Leukemia_CTGTTTATCTGATACG-1,Leukemia,Leukemia,Leukemia,Illumina HiSeq 4000
Leukemia_CTTAACTCAACTGGCC-1,Leukemia,Leukemia,Leukemia,Illumina HiSeq 4000
Leukemia_CTTAACTCAGGTTTCA-1,Leukemia,Leukemia,Leukemia,Illumina HiSeq 4000
Leukemia_CTTACCGAGTCCGGTC-1,Leukemia,Leukemia,Leukemia,Illumina HiSeq 4000
Leukemia_CTTACCGTCAACCATG-1,Leukemia,Leukemia,Leukemia,Illumina HiSeq 4000
Leukemia_CTTAGGAAGAGTGACC-1,Leukemia,Leukemia,Leukemia,Illumina HiSeq 4000
Leukemia_CTTAGGAAGCCGGTAA-1,Leukemia,Leukemia,Leukemia,Illumina HiSeq 4000
Leukemia_CTTAGGAAGGCAATTA-1,Leukemia,Leukemia,Leukemia,Illumina HiSeq 4000
Leukemia_CTTCTCTAGATGGGTC-1,Leukemia,Leukemia,Leukemia,Illumina HiSeq 4000
Leukemia_CTTCTCTCACCGGAAA-1,Leukemia,Leukemia,Leukemia,Illumina HiSeq 4000
Leukemia_CTTGGCTTCTGTTTGT-1,Leukemia,Leukemia,Leukemia,Illumina HiSeq 4000
Leukemia_CTTTGCGAGAATCTCC-1,Leukemia,Leukemia,Leukemia,Illumina HiSeq 4000
Leukemia_CTTTGCGAGGCACATG-1,Leukemia,Leukemia,Leukemia,Illumina HiSeq 4000
Leukemia_CTTTGCGCAGTGGGAT-1,Leukemia,Leukemia,Leukemia,Illumina HiSeq 4000
Leukemia_CTTTGCGGTCCGCTGA-1,Leukemia,Leukemia,Leukemia,Illumina HiSeq 4000
Leukemia_GAAACTCTCGCATGGC-1,Leukemia,Leukemia,Leukemia,Illumina HiSeq 4000
Leukemia_GAAATGAAGTTACGGG-1,Leukemia,Leukemia,Leukemia,Illumina HiSeq 4000
Leukemia_GAACATCCAGGAACGT-1,Leukemia,Leukemia,Leukemia,Illumina HiSeq 4000
Leukemia_GAACCTAAGTCAATAG-1,Leukemia,Leukemia,Leukemia,Illumina HiSeq 4000
Leukemia_GAACGGAAGACGACGT-1,Leukemia,Leukemia,Leukemia,Illumina HiSeq 4000
Leukemia_GAACGGAGTAAGAGAG-1,Leukemia,Leukemia,Leukemia,Illumina HiSeq 4000
Leukemia_GAACGGAGTAAGTAGT-1,Leukemia,Leukemia,Leukemia,Illumina HiSeq 4000
Leukemia_GAACGGAGTATAGGGC-1,Leukemia,Leukemia,Leukemia,Illumina HiSeq 4000
Leukemia_GAACGGAGTTAAGTAG-1,Leukemia,Leukemia,Leukemia,Illumina HiSeq 4000
Leukemia_GAACGGATCTGACCTC-1,Leukemia,Leukemia,Leukemia,Illumina HiSeq 4000
Leukemia_GAAGCAGCAAACGCGA-1,Leukemia,Leukemia,Leukemia,Illumina HiSeq 4000
Leukemia_GAAGCAGCAAGCGAGT-1,Leukemia,Leukemia,Leukemia,Illumina HiSeq 4000
Leukemia_GAATAAGGTTCTGGTA-1,Leukemia,Leukemia,Leukemia,Illumina HiSeq 4000
Leukemia_GAATGAACACCGATAT-1,Leukemia,Leukemia,Leukemia,Illumina HiSeq 4000
Leukemia_GACACGCCAGATCTGT-1,Leukemia,Leukemia,Leukemia,Illumina HiSeq 4000
Leukemia_GACAGAGAGACACGAC-1,Leukemia,Leukemia,Leukemia,Illumina HiSeq 4000
Leukemia_GACAGAGAGCCACCTG-1,Leukemia,Leukemia,Leukemia,Illumina HiSeq 4000
Leukemia_GACAGAGAGCCCTAAT-1,Leukemia,Leukemia,Leukemia,Illumina HiSeq 4000
Leukemia_GACAGAGAGCTAGTGG-1,Leukemia,Leukemia,Leukemia,Illumina HiSeq 4000
Leukemia_GACAGAGCACTGTTAG-1,Leukemia,Leukemia,Leukemia,Illumina HiSeq 4000
Leukemia_GACAGAGTCTTAGCCC-1,Leukemia,Leukemia,Leukemia,Illumina HiSeq 4000
Leukemia_GACCAATTCCAAGCCG-1,Leukemia,Leukemia,Leukemia,Illumina HiSeq 4000
Leukemia_GACCAATTCTCGATGA-1,Leukemia,Leukemia,Leukemia,Illumina HiSeq 4000
Leukemia_GACCAATTCTTTCCTC-1,Leukemia,Leukemia,Leukemia,Illumina HiSeq 4000
Leukemia_GACCTGGAGATGGGTC-1,Leukemia,Leukemia,Leukemia,Illumina HiSeq 4000
Leukemia_GACCTGGAGTTCCACA-1,Leukemia,Leukemia,Leukemia,Illumina HiSeq 4000
Leukemia_GACCTGGTCCGCAAGC-1,Leukemia,Leukemia,Leukemia,Illumina HiSeq 4000
Leukemia_GACGCGTGTCTTCGTC-1,Leukemia,Leukemia,Leukemia,Illumina HiSeq 4000
Leukemia_GACGGCTGTAAGGATT-1,Leukemia,Leukemia,Leukemia,Illumina HiSeq 4000
Leukemia_GACGGCTTCAGCCTAA-1,Leukemia,Leukemia,Leukemia,Illumina HiSeq 4000
Leukemia_GACGGCTTCAGCGACC-1,Leukemia,Leukemia,Leukemia,Illumina HiSeq 4000
Leukemia_GACGTGCTCGCACTCT-1,Leukemia,Leukemia,Leukemia,Illumina HiSeq 4000
Leukemia_GACGTTAAGAATCTCC-1,Leukemia,Leukemia,Leukemia,Illumina HiSeq 4000
Leukemia_GACTAACAGAGACTTA-1,Leukemia,Leukemia,Leukemia,Illumina HiSeq 4000
Leukemia_GACTAACGTCTCCACT-1,Leukemia,Leukemia,Leukemia,Illumina HiSeq 4000
Leukemia_GACTGCGAGACAAGCC-1,Leukemia,Leukemia,Leukemia,Illumina HiSeq 4000
Leukemia_GACTGCGCAGATGGGT-1,Leukemia,Leukemia,Leukemia,Illumina HiSeq 4000
Leukemia_GACTGCGTCCTCGCAT-1,Leukemia,Leukemia,Leukemia,Illumina HiSeq 4000
Leukemia_GAGCAGAGTGTGACGA-1,Leukemia,Leukemia,Leukemia,Illumina HiSeq 4000
Leukemia_GAGGTGACATTAGGCT-1,Leukemia,Leukemia,Leukemia,Illumina HiSeq 4000
Leukemia_GAGGTGAGTCGCGAAA-1,Leukemia,Leukemia,Leukemia,Illumina HiSeq 4000
Leukemia_GAGTCCGAGACTAAGT-1,Leukemia,Leukemia,Leukemia,Illumina HiSeq 4000
Leukemia_GAGTCCGAGATGCGAC-1,Leukemia,Leukemia,Leukemia,Illumina HiSeq 4000
Leukemia_GAGTCCGAGCTGATAA-1,Leukemia,Leukemia,Leukemia,Illumina HiSeq 4000
Leukemia_GAGTCCGAGTCTCCTC-1,Leukemia,Leukemia,Leukemia,Illumina HiSeq 4000
Leukemia_GATCAGTAGACTAGGC-1,Leukemia,Leukemia,Leukemia,Illumina HiSeq 4000
Leukemia_GATCAGTCATCACAAC-1,Leukemia,Leukemia,Leukemia,Illumina HiSeq 4000
Leukemia_GATCAGTTCAACACCA-1,Leukemia,Leukemia,Leukemia,Illumina HiSeq 4000
Leukemia_GATCAGTTCGTTTATC-1,Leukemia,Leukemia,Leukemia,Illumina HiSeq 4000
Leukemia_GATCGATGTACCTACA-1,Leukemia,Leukemia,Leukemia,Illumina HiSeq 4000
Leukemia_GATCGCGGTCCTCTTG-1,Leukemia,Leukemia,Leukemia,Illumina HiSeq 4000
Leukemia_GATCGTACACAGTCGC-1,Leukemia,Leukemia,Leukemia,Illumina HiSeq 4000
Leukemia_GATCGTATCAACCATG-1,Leukemia,Leukemia,Leukemia,Illumina HiSeq 4000
Leukemia_GATCGTATCCACGACG-1,Leukemia,Leukemia,Leukemia,Illumina HiSeq 4000
Leukemia_GATCTAGAGATGTCGG-1,Leukemia,Leukemia,Leukemia,Illumina HiSeq 4000
Leukemia_GATCTAGGTATATCCG-1,Leukemia,Leukemia,Leukemia,Illumina HiSeq 4000
Leukemia_GATGAAAAGAACTGTA-1,Leukemia,Leukemia,Leukemia,Illumina HiSeq 4000
Leukemia_GATGAAATCACATGCA-1,Leukemia,Leukemia,Leukemia,Illumina HiSeq 4000
Leukemia_GATGAAATCATCTGTT-1,Leukemia,Leukemia,Leukemia,Illumina HiSeq 4000
Leukemia_GATGAAATCGTTTGCC-1,Leukemia,Leukemia,Leukemia,Illumina HiSeq 4000
Leukemia_GATGCTACACCTCGTT-1,Leukemia,Leukemia,Leukemia,Illumina HiSeq 4000
Leukemia_GATGCTACAGCTGCTG-1,Leukemia,Leukemia,Leukemia,Illumina HiSeq 4000
Leukemia_GATGCTATCGTCCAGG-1,Leukemia,Leukemia,Leukemia,Illumina HiSeq 4000
Leukemia_GATTCAGAGCATGGCA-1,Leukemia,Leukemia,Leukemia,Illumina HiSeq 4000
Leukemia_GATTCAGGTGTATGGG-1,Leukemia,Leukemia,Leukemia,Illumina HiSeq 4000
Leukemia_GCAAACTTCTTTACGT-1,Leukemia,Leukemia,Leukemia,Illumina HiSeq 4000
Leukemia_GCAATCAGTAAACGCG-1,Leukemia,Leukemia,Leukemia,Illumina HiSeq 4000
Leukemia_GCAATCAGTGTGAATA-1,Leukemia,Leukemia,Leukemia,Illumina HiSeq 4000
Leukemia_GCACATAAGCTCAACT-1,Leukemia,Leukemia,Leukemia,Illumina HiSeq 4000
Leukemia_GCACATAAGTGACTCT-1,Leukemia,Leukemia,Leukemia,Illumina HiSeq 4000
Leukemia_GCACTCTGTATGAATG-1,Leukemia,Leukemia,Leukemia,Illumina HiSeq 4000
Leukemia_GCACTCTGTTAAGAAC-1,Leukemia,Leukemia,Leukemia,Illumina HiSeq 4000
Leukemia_GCAGCCATCAGCAACT-1,Leukemia,Leukemia,Leukemia,Illumina HiSeq 4000
Leukemia_GCATACAAGAACTCGG-1,Leukemia,Leukemia,Leukemia,Illumina HiSeq 4000
Leukemia_GCATGATAGATGTAAC-1,Leukemia,Leukemia,Leukemia,Illumina HiSeq 4000
Leukemia_GCATGCGAGACTACAA-1,Leukemia,Leukemia,Leukemia,Illumina HiSeq 4000
Leukemia_GCATGCGAGTGGTAGC-1,Leukemia,Leukemia,Leukemia,Illumina HiSeq 4000
Leukemia_GCATGCGTCCTTCAAT-1,Leukemia,Leukemia,Leukemia,Illumina HiSeq 4000
Leukemia_GCATGTACAGCTGCTG-1,Leukemia,Leukemia,Leukemia,Illumina HiSeq 4000
Leukemia_GCATGTAGTCTAAACC-1,Leukemia,Leukemia,Leukemia,Illumina HiSeq 4000
Leukemia_GCATGTAGTCTGCAAT-1,Leukemia,Leukemia,Leukemia,Illumina HiSeq 4000
Leukemia_GCCTCTACAGCTTCGG-1,Leukemia,Leukemia,Leukemia,Illumina HiSeq 4000
Leukemia_GCCTCTACATTTGCCC-1,Leukemia,Leukemia,Leukemia,Illumina HiSeq 4000
Leukemia_GCCTCTAGTTGGTGGA-1,Leukemia,Leukemia,Leukemia,Illumina HiSeq 4000
Leukemia_GCCTCTAGTTTGTGTG-1,Leukemia,Leukemia,Leukemia,Illumina HiSeq 4000
Leukemia_GCCTCTATCGCAAGCC-1,Leukemia,Leukemia,Leukemia,Illumina HiSeq 4000
Leukemia_GCGAGAAGTGGCTCCA-1,Leukemia,Leukemia,Leukemia,Illumina HiSeq 4000
Leukemia_GCGAGAATCCGCAAGC-1,Leukemia,Leukemia,Leukemia,Illumina HiSeq 4000
Leukemia_GCGCAGTCATCTCGCT-1,Leukemia,Leukemia,Leukemia,Illumina HiSeq 4000
Leukemia_GCGCAGTGTGCCTGGT-1,Leukemia,Leukemia,Leukemia,Illumina HiSeq 4000
Leukemia_GCGCAGTGTGCGAAAC-1,Leukemia,Leukemia,Leukemia,Illumina HiSeq 4000
Leukemia_GCGCCAAAGACATAAC-1,Leukemia,Leukemia,Leukemia,Illumina HiSeq 4000
Leukemia_GCGCCAAAGATATGCA-1,Leukemia,Leukemia,Leukemia,Illumina HiSeq 4000
Leukemia_GCGCCAACAGATGGCA-1,Leukemia,Leukemia,Leukemia,Illumina HiSeq 4000
Leukemia_GCGCCAAGTCCAGTAT-1,Leukemia,Leukemia,Leukemia,Illumina HiSeq 4000
Leukemia_GCGCCAAGTCGAACAG-1,Leukemia,Leukemia,Leukemia,Illumina HiSeq 4000
Leukemia_GCGCCAATCATCTGCC-1,Leukemia,Leukemia,Leukemia,Illumina HiSeq 4000
Leukemia_GCGCCAATCATCTGTT-1,Leukemia,Leukemia,Leukemia,Illumina HiSeq 4000
Leukemia_GCGCCAATCATGCAAC-1,Leukemia,Leukemia,Leukemia,Illumina HiSeq 4000
Leukemia_GCGCGATAGGGTTTCT-1,Leukemia,Leukemia,Leukemia,Illumina HiSeq 4000
Leukemia_GCGGGTTGTCATATCG-1,Leukemia,Leukemia,Leukemia,Illumina HiSeq 4000
Leukemia_GCGGGTTGTTCTGAAC-1,Leukemia,Leukemia,Leukemia,Illumina HiSeq 4000
Leukemia_GCTCTGTCAGCGTCCA-1,Leukemia,Leukemia,Leukemia,Illumina HiSeq 4000
Leukemia_GCTCTGTTCATGCAAC-1,Leukemia,Leukemia,Leukemia,Illumina HiSeq 4000
Leukemia_GCTGCAGTCACCAGGC-1,Leukemia,Leukemia,Leukemia,Illumina HiSeq 4000
Leukemia_GCTGCAGTCAGTCCCT-1,Leukemia,Leukemia,Leukemia,Illumina HiSeq 4000
Leukemia_GCTGCAGTCCATGAAC-1,Leukemia,Leukemia,Leukemia,Illumina HiSeq 4000
Leukemia_GCTTCCACAGGATTGG-1,Leukemia,Leukemia,Leukemia,Illumina HiSeq 4000
Leukemia_GCTTGAAGTATAATGG-1,Leukemia,Leukemia,Leukemia,Illumina HiSeq 4000
Leukemia_GCTTGAAGTCTCACCT-1,Leukemia,Leukemia,Leukemia,Illumina HiSeq 4000
Leukemia_GCTTGAAGTCTCCCTA-1,Leukemia,Leukemia,Leukemia,Illumina HiSeq 4000
Leukemia_GCTTGAAGTGGCAAAC-1,Leukemia,Leukemia,Leukemia,Illumina HiSeq 4000
Leukemia_GCTTGAAGTGTGAAAT-1,Leukemia,Leukemia,Leukemia,Illumina HiSeq 4000
Leukemia_GGAAAGCAGACTAGGC-1,Leukemia,Leukemia,Leukemia,Illumina HiSeq 4000
Leukemia_GGAAAGCAGAGTAATC-1,Leukemia,Leukemia,Leukemia,Illumina HiSeq 4000
Leukemia_GGAAAGCGTGTAATGA-1,Leukemia,Leukemia,Leukemia,Illumina HiSeq 4000
Leukemia_GGAACTTGTCCGTGAC-1,Leukemia,Leukemia,Leukemia,Illumina HiSeq 4000
Leukemia_GGAACTTTCGTACGGC-1,Leukemia,Leukemia,Leukemia,Illumina HiSeq 4000
Leukemia_GGACAAGGTGCACGAA-1,Leukemia,Leukemia,Leukemia,Illumina HiSeq 4000
Leukemia_GGACATTAGCGTTGCC-1,Leukemia,Leukemia,Leukemia,Illumina HiSeq 4000
Leukemia_GGACATTAGTGCAAGC-1,Leukemia,Leukemia,Leukemia,Illumina HiSeq 4000
Leukemia_GGACATTGTGAGGGTT-1,Leukemia,Leukemia,Leukemia,Illumina HiSeq 4000
Leukemia_GGACATTGTGCGAAAC-1,Leukemia,Leukemia,Leukemia,Illumina HiSeq 4000
Leukemia_GGACGTCCAAATCCGT-1,Leukemia,Leukemia,Leukemia,Illumina HiSeq 4000
Leukemia_GGACGTCCAATGTAAG-1,Leukemia,Leukemia,Leukemia,Illumina HiSeq 4000
Leukemia_GGAGCAAAGTGCCAGA-1,Leukemia,Leukemia,Leukemia,Illumina HiSeq 4000
Leukemia_GGAGCAAAGTGTTTGC-1,Leukemia,Leukemia,Leukemia,Illumina HiSeq 4000
Leukemia_GGAGCAACACATGGGA-1,Leukemia,Leukemia,Leukemia,Illumina HiSeq 4000
Leukemia_GGAGCAACATATGAGA-1,Leukemia,Leukemia,Leukemia,Illumina HiSeq 4000
Leukemia_GGATGTTGTGAAATCA-1,Leukemia,Leukemia,Leukemia,Illumina HiSeq 4000
Leukemia_GGATTACTCCGCGTTT-1,Leukemia,Leukemia,Leukemia,Illumina HiSeq 4000
Leukemia_GGATTACTCGCTTGTC-1,Leukemia,Leukemia,Leukemia,Illumina HiSeq 4000
Leukemia_GGCAATTAGAGTCTGG-1,Leukemia,Leukemia,Leukemia,Illumina HiSeq 4000
Leukemia_GGCCGATCATAGTAAG-1,Leukemia,Leukemia,Leukemia,Illumina HiSeq 4000
Leukemia_GGCGACTCAGCGTCCA-1,Leukemia,Leukemia,Leukemia,Illumina HiSeq 4000
Leukemia_GGCGACTGTTCTGTTT-1,Leukemia,Leukemia,Leukemia,Illumina HiSeq 4000
Leukemia_GGCGACTTCTGTTTGT-1,Leukemia,Leukemia,Leukemia,Illumina HiSeq 4000
Leukemia_GGCGTGTGTCCTAGCG-1,Leukemia,Leukemia,Leukemia,Illumina HiSeq 4000
Leukemia_GGCTCGAGTGGTTTCA-1,Leukemia,Leukemia,Leukemia,Illumina HiSeq 4000
Leukemia_GGCTGGTAGAACTGTA-1,Leukemia,Leukemia,Leukemia,Illumina HiSeq 4000
Leukemia_GGCTGGTCACTGCCAG-1,Leukemia,Leukemia,Leukemia,Illumina HiSeq 4000
Leukemia_GGCTGGTGTAGCCTCG-1,Leukemia,Leukemia,Leukemia,Illumina HiSeq 4000
Leukemia_GGCTGGTGTCAGAAGC-1,Leukemia,Leukemia,Leukemia,Illumina HiSeq 4000
Leukemia_GGGAATGAGGCTCTTA-1,Leukemia,Leukemia,Leukemia,Illumina HiSeq 4000
Leukemia_GGGAATGCAGGATCGA-1,Leukemia,Leukemia,Leukemia,Illumina HiSeq 4000
Leukemia_GGGAATGTCGTAGGTT-1,Leukemia,Leukemia,Leukemia,Illumina HiSeq 4000
Leukemia_GGGAATGTCGTATCAG-1,Leukemia,Leukemia,Leukemia,Illumina HiSeq 4000
Leukemia_GGGACCTCAGACGCAA-1,Leukemia,Leukemia,Leukemia,Illumina HiSeq 4000
Leukemia_GGGAGATGTGCCTGTG-1,Leukemia,Leukemia,Leukemia,Illumina HiSeq 4000
Leukemia_GGGATGACACTTGGAT-1,Leukemia,Leukemia,Leukemia,Illumina HiSeq 4000
Leukemia_GGGATGATCGTACGGC-1,Leukemia,Leukemia,Leukemia,Illumina HiSeq 4000
Leukemia_GGGATGATCTCCTATA-1,Leukemia,Leukemia,Leukemia,Illumina HiSeq 4000
Leukemia_GGGCACTCATAAGACA-1,Leukemia,Leukemia,Leukemia,Illumina HiSeq 4000
Leukemia_GGGCACTGTTATGCGT-1,Leukemia,Leukemia,Leukemia,Illumina HiSeq 4000
Leukemia_GGGCATCCAAGTAGTA-1,Leukemia,Leukemia,Leukemia,Illumina HiSeq 4000
Leukemia_GGGTCTGAGAGGACGG-1,Leukemia,Leukemia,Leukemia,Illumina HiSeq 4000
Leukemia_GGGTCTGTCTCGGACG-1,Leukemia,Leukemia,Leukemia,Illumina HiSeq 4000
Leukemia_GGTATTGCAGTGACAG-1,Leukemia,Leukemia,Leukemia,Illumina HiSeq 4000
Leukemia_GGTATTGCATTCACTT-1,Leukemia,Leukemia,Leukemia,Illumina HiSeq 4000
Leukemia_GGTGAAGCACGTCAGC-1,Leukemia,Leukemia,Leukemia,Illumina HiSeq 4000
Leukemia_GGTGAAGCATATGCTG-1,Leukemia,Leukemia,Leukemia,Illumina HiSeq 4000
Leukemia_GGTGAAGGTACGCTGC-1,Leukemia,Leukemia,Leukemia,Illumina HiSeq 4000
Leukemia_GGTGAAGTCGATCCCT-1,Leukemia,Leukemia,Leukemia,Illumina HiSeq 4000
Leukemia_GGTGCGTGTCCGAGTC-1,Leukemia,Leukemia,Leukemia,Illumina HiSeq 4000
Leukemia_GGTGTTAAGCTACCTA-1,Leukemia,Leukemia,Leukemia,Illumina HiSeq 4000
Leukemia_GGTGTTAGTACGCTGC-1,Leukemia,Leukemia,Leukemia,Illumina HiSeq 4000
Leukemia_GGTGTTAGTTTCGCTC-1,Leukemia,Leukemia,Leukemia,Illumina HiSeq 4000
Leukemia_GGTGTTATCGCCTGAG-1,Leukemia,Leukemia,Leukemia,Illumina HiSeq 4000
Leukemia_GTAACGTCACGGCGTT-1,Leukemia,Leukemia,Leukemia,Illumina HiSeq 4000
Leukemia_GTAACGTCATAAAGGT-1,Leukemia,Leukemia,Leukemia,Illumina HiSeq 4000
Leukemia_GTAACGTTCGCCCTTA-1,Leukemia,Leukemia,Leukemia,Illumina HiSeq 4000
Leukemia_GTAACTGAGACTTGAA-1,Leukemia,Leukemia,Leukemia,Illumina HiSeq 4000
Leukemia_GTAACTGGTTACGGAG-1,Leukemia,Leukemia,Leukemia,Illumina HiSeq 4000
Leukemia_GTAACTGTCCTGCCAT-1,Leukemia,Leukemia,Leukemia,Illumina HiSeq 4000
Leukemia_GTACGTAAGACAGACC-1,Leukemia,Leukemia,Leukemia,Illumina HiSeq 4000
Leukemia_GTACGTAGTGATAAAC-1,Leukemia,Leukemia,Leukemia,Illumina HiSeq 4000
Leukemia_GTACTCCCAATGTAAG-1,Leukemia,Leukemia,Leukemia,Illumina HiSeq 4000
Leukemia_GTACTTTAGGTCATCT-1,Leukemia,Leukemia,Leukemia,Illumina HiSeq 4000
Leukemia_GTACTTTGTGCCTGGT-1,Leukemia,Leukemia,Leukemia,Illumina HiSeq 4000
Leukemia_GTACTTTTCCAATGGT-1,Leukemia,Leukemia,Leukemia,Illumina HiSeq 4000
Leukemia_GTAGGCCCACGTGAGA-1,Leukemia,Leukemia,Leukemia,Illumina HiSeq 4000
Leukemia_GTAGTCAGTACAGCAG-1,Leukemia,Leukemia,Leukemia,Illumina HiSeq 4000
Leukemia_GTATCTTTCTCATTCA-1,Leukemia,Leukemia,Leukemia,Illumina HiSeq 4000
Leukemia_GTATTCTCAGATGGCA-1,Leukemia,Leukemia,Leukemia,Illumina HiSeq 4000
Leukemia_GTCAAGTCAAGTCATC-1,Leukemia,Leukemia,Leukemia,Illumina HiSeq 4000
Leukemia_GTCAAGTCATTAGGCT-1,Leukemia,Leukemia,Leukemia,Illumina HiSeq 4000
Leukemia_GTCACAAAGACTTGAA-1,Leukemia,Leukemia,Leukemia,Illumina HiSeq 4000
Leukemia_GTCACAAAGGTGCAAC-1,Leukemia,Leukemia,Leukemia,Illumina HiSeq 4000
Leukemia_GTCACAATCAGTTTGG-1,Leukemia,Leukemia,Leukemia,Illumina HiSeq 4000
Leukemia_GTCACGGAGATCCGAG-1,Leukemia,Leukemia,Leukemia,Illumina HiSeq 4000
Leukemia_GTCACGGCAAGGTGTG-1,Leukemia,Leukemia,Leukemia,Illumina HiSeq 4000
Leukemia_GTCACGGCACGAAGCA-1,Leukemia,Leukemia,Leukemia,Illumina HiSeq 4000
Leukemia_GTCACGGTCATTCACT-1,Leukemia,Leukemia,Leukemia,Illumina HiSeq 4000
Leukemia_GTCATTTAGAAACCAT-1,Leukemia,Leukemia,Leukemia,Illumina HiSeq 4000
Leukemia_GTCATTTCAACAACCT-1,Leukemia,Leukemia,Leukemia,Illumina HiSeq 4000
Leukemia_GTCATTTTCGGTCTAA-1,Leukemia,Leukemia,Leukemia,Illumina HiSeq 4000
Leukemia_GTCCTCACAATCGGTT-1,Leukemia,Leukemia,Leukemia,Illumina HiSeq 4000
Leukemia_GTCCTCACATCCGCGA-1,Leukemia,Leukemia,Leukemia,Illumina HiSeq 4000
Leukemia_GTCGGGTTCCTGCCAT-1,Leukemia,Leukemia,Leukemia,Illumina HiSeq 4000
Leukemia_GTCGGGTTCGACCAGC-1,Leukemia,Leukemia,Leukemia,Illumina HiSeq 4000
Leukemia_GTCGTAACAACACCCG-1,Leukemia,Leukemia,Leukemia,Illumina HiSeq 4000
Leukemia_GTCGTAAGTCATACTG-1,Leukemia,Leukemia,Leukemia,Illumina HiSeq 4000
Leukemia_GTCTCGTTCTGCTTGC-1,Leukemia,Leukemia,Leukemia,Illumina HiSeq 4000
Leukemia_GTCTTCGCAATCTACG-1,Leukemia,Leukemia,Leukemia,Illumina HiSeq 4000
Leukemia_GTCTTCGTCACATGCA-1,Leukemia,Leukemia,Leukemia,Illumina HiSeq 4000
Leukemia_GTCTTCGTCCAAACTG-1,Leukemia,Leukemia,Leukemia,Illumina HiSeq 4000
Leukemia_GTGAAGGGTGAGTGAC-1,Leukemia,Leukemia,Leukemia,Illumina HiSeq 4000
Leukemia_GTGCAGCCAGCCTGTG-1,Leukemia,Leukemia,Leukemia,Illumina HiSeq 4000
Leukemia_GTGCAGCGTCAATGTC-1,Leukemia,Leukemia,Leukemia,Illumina HiSeq 4000
Leukemia_GTGCATAAGTTGCAGG-1,Leukemia,Leukemia,Leukemia,Illumina HiSeq 4000
Leukemia_GTGCATAGTTCGAATC-1,Leukemia,Leukemia,Leukemia,Illumina HiSeq 4000
Leukemia_GTGCGGTAGGAGTACC-1,Leukemia,Leukemia,Leukemia,Illumina HiSeq 4000
Leukemia_GTGCTTCCAATGGATA-1,Leukemia,Leukemia,Leukemia,Illumina HiSeq 4000
Leukemia_GTGGGTCTCAGTGTTG-1,Leukemia,Leukemia,Leukemia,Illumina HiSeq 4000
Leukemia_GTGGGTCTCCATGAGT-1,Leukemia,Leukemia,Leukemia,Illumina HiSeq 4000
Leukemia_GTGTGCGAGTGGGATC-1,Leukemia,Leukemia,Leukemia,Illumina HiSeq 4000
Leukemia_GTGTGCGCAAATCCGT-1,Leukemia,Leukemia,Leukemia,Illumina HiSeq 4000
Leukemia_GTGTGCGCAGTATAAG-1,Leukemia,Leukemia,Leukemia,Illumina HiSeq 4000
Leukemia_GTGTGCGGTGTGAAAT-1,Leukemia,Leukemia,Leukemia,Illumina HiSeq 4000
Leukemia_GTGTTAGCATGGTAGG-1,Leukemia,Leukemia,Leukemia,Illumina HiSeq 4000
Leukemia_GTGTTAGGTCCATCCT-1,Leukemia,Leukemia,Leukemia,Illumina HiSeq 4000
Leukemia_GTGTTAGGTTGGACCC-1,Leukemia,Leukemia,Leukemia,Illumina HiSeq 4000
Leukemia_GTGTTAGGTTGGAGGT-1,Leukemia,Leukemia,Leukemia,Illumina HiSeq 4000
Leukemia_GTTAAGCAGGCTAGCA-1,Leukemia,Leukemia,Leukemia,Illumina HiSeq 4000
Leukemia_GTTACAGGTAGAGCTG-1,Leukemia,Leukemia,Leukemia,Illumina HiSeq 4000
Leukemia_GTTACAGGTCTTCTCG-1,Leukemia,Leukemia,Leukemia,Illumina HiSeq 4000
Leukemia_GTTCATTAGACCTTTG-1,Leukemia,Leukemia,Leukemia,Illumina HiSeq 4000
Leukemia_GTTCATTGTATCACCA-1,Leukemia,Leukemia,Leukemia,Illumina HiSeq 4000
Leukemia_GTTCATTGTGGCTCCA-1,Leukemia,Leukemia,Leukemia,Illumina HiSeq 4000
Leukemia_GTTCGGGAGCAGCCTC-1,Leukemia,Leukemia,Leukemia,Illumina HiSeq 4000
Leukemia_GTTCTCGAGTGAAGTT-1,Leukemia,Leukemia,Leukemia,Illumina HiSeq 4000
Leukemia_GTTCTCGGTTCAGCGC-1,Leukemia,Leukemia,Leukemia,Illumina HiSeq 4000
Leukemia_GTTTCTAAGAGTACCG-1,Leukemia,Leukemia,Leukemia,Illumina HiSeq 4000
Leukemia_GTTTCTAAGGGATACC-1,Leukemia,Leukemia,Leukemia,Illumina HiSeq 4000
Leukemia_GTTTCTACACCTTGTC-1,Leukemia,Leukemia,Leukemia,Illumina HiSeq 4000
Leukemia_TAAACCGAGGACATTA-1,Leukemia,Leukemia,Leukemia,Illumina HiSeq 4000
Leukemia_TAAACCGAGGATCGCA-1,Leukemia,Leukemia,Leukemia,Illumina HiSeq 4000
Leukemia_TAAGAGAAGTCGTACT-1,Leukemia,Leukemia,Leukemia,Illumina HiSeq 4000
Leukemia_TAAGAGATCACCACCT-1,Leukemia,Leukemia,Leukemia,Illumina HiSeq 4000
Leukemia_TAAGCGTGTTATCGGT-1,Leukemia,Leukemia,Leukemia,Illumina HiSeq 4000
Leukemia_TAAGCGTTCTCTAAGG-1,Leukemia,Leukemia,Leukemia,Illumina HiSeq 4000
Leukemia_TAAGTGCAGGCACATG-1,Leukemia,Leukemia,Leukemia,Illumina HiSeq 4000
Leukemia_TAAGTGCGTGTCGCTG-1,Leukemia,Leukemia,Leukemia,Illumina HiSeq 4000
Leukemia_TACACGAAGGAGTCTG-1,Leukemia,Leukemia,Leukemia,Illumina HiSeq 4000
Leukemia_TACACGACATTGGCGC-1,Leukemia,Leukemia,Leukemia,Illumina HiSeq 4000
Leukemia_TACAGTGAGGGTCGAT-1,Leukemia,Leukemia,Leukemia,Illumina HiSeq 4000
Leukemia_TACAGTGAGTCCTCCT-1,Leukemia,Leukemia,Leukemia,Illumina HiSeq 4000
Leukemia_TACCTATTCACCCTCA-1,Leukemia,Leukemia,Leukemia,Illumina HiSeq 4000
Leukemia_TACCTTAGTAACGACG-1,Leukemia,Leukemia,Leukemia,Illumina HiSeq 4000
Leukemia_TACGGATAGCTAGTCT-1,Leukemia,Leukemia,Leukemia,Illumina HiSeq 4000
Leukemia_TACGGATCAATAAGCA-1,Leukemia,Leukemia,Leukemia,Illumina HiSeq 4000
Leukemia_TACGGATGTCCGAGTC-1,Leukemia,Leukemia,Leukemia,Illumina HiSeq 4000
Leukemia_TACGGGCGTATGAATG-1,Leukemia,Leukemia,Leukemia,Illumina HiSeq 4000
Leukemia_TACGGGCTCAGGCAAG-1,Leukemia,Leukemia,Leukemia,Illumina HiSeq 4000
Leukemia_TACGGGCTCCAACCAA-1,Leukemia,Leukemia,Leukemia,Illumina HiSeq 4000
Leukemia_TACTCGCTCCCTAATT-1,Leukemia,Leukemia,Leukemia,Illumina HiSeq 4000
Leukemia_TACTTGTCACAAGACG-1,Leukemia,Leukemia,Leukemia,Illumina HiSeq 4000
Leukemia_TACTTGTTCTCGAGTA-1,Leukemia,Leukemia,Leukemia,Illumina HiSeq 4000
Leukemia_TAGAGCTCATGCCTAA-1,Leukemia,Leukemia,Leukemia,Illumina HiSeq 4000
Leukemia_TAGCCGGGTAGAAAGG-1,Leukemia,Leukemia,Leukemia,Illumina HiSeq 4000
Leukemia_TAGCCGGGTCGCATCG-1,Leukemia,Leukemia,Leukemia,Illumina HiSeq 4000
Leukemia_TAGGCATAGCCAGAAC-1,Leukemia,Leukemia,Leukemia,Illumina HiSeq 4000
Leukemia_TAGGCATCACATGTGT-1,Leukemia,Leukemia,Leukemia,Illumina HiSeq 4000
Leukemia_TAGGCATCAGGAACGT-1,Leukemia,Leukemia,Leukemia,Illumina HiSeq 4000
Leukemia_TAGTTGGCAGCTTCGG-1,Leukemia,Leukemia,Leukemia,Illumina HiSeq 4000
Leukemia_TAGTTGGCATCCCATC-1,Leukemia,Leukemia,Leukemia,Illumina HiSeq 4000
Leukemia_TATCTCAAGACGCACA-1,Leukemia,Leukemia,Leukemia,Illumina HiSeq 4000
Leukemia_TATCTCACAAAGGTGC-1,Leukemia,Leukemia,Leukemia,Illumina HiSeq 4000
Leukemia_TATCTCACAGCTCCGA-1,Leukemia,Leukemia,Leukemia,Illumina HiSeq 4000
Leukemia_TATCTCAGTTGCGTTA-1,Leukemia,Leukemia,Leukemia,Illumina HiSeq 4000
Leukemia_TATGCCCAGCGTTTAC-1,Leukemia,Leukemia,Leukemia,Illumina HiSeq 4000
Leukemia_TATGCCCAGTGTCCCG-1,Leukemia,Leukemia,Leukemia,Illumina HiSeq 4000
Leukemia_TATGCCCCACCGTTGG-1,Leukemia,Leukemia,Leukemia,Illumina HiSeq 4000
Leukemia_TATGCCCGTCACCCAG-1,Leukemia,Leukemia,Leukemia,Illumina HiSeq 4000
Leukemia_TATGCCCTCAGGTTCA-1,Leukemia,Leukemia,Leukemia,Illumina HiSeq 4000
Leukemia_TCAACGACAAGCCATT-1,Leukemia,Leukemia,Leukemia,Illumina HiSeq 4000
Leukemia_TCAACGACACAACTGT-1,Leukemia,Leukemia,Leukemia,Illumina HiSeq 4000
Leukemia_TCAACGAGTTAAGGGC-1,Leukemia,Leukemia,Leukemia,Illumina HiSeq 4000
Leukemia_TCAACGAGTTGGTAAA-1,Leukemia,Leukemia,Leukemia,Illumina HiSeq 4000
Leukemia_TCAATCTCAAGTCATC-1,Leukemia,Leukemia,Leukemia,Illumina HiSeq 4000
Leukemia_TCAATCTCATGTCGAT-1,Leukemia,Leukemia,Leukemia,Illumina HiSeq 4000
Leukemia_TCAATCTCATTGGTAC-1,Leukemia,Leukemia,Leukemia,Illumina HiSeq 4000
Leukemia_TCACAAGAGCAGATCG-1,Leukemia,Leukemia,Leukemia,Illumina HiSeq 4000
Leukemia_TCACAAGGTCACACGC-1,Leukemia,Leukemia,Leukemia,Illumina HiSeq 4000
Leukemia_TCACGAAAGCCTTGAT-1,Leukemia,Leukemia,Leukemia,Illumina HiSeq 4000
Leukemia_TCACGAACAATCACAC-1,Leukemia,Leukemia,Leukemia,Illumina HiSeq 4000
Leukemia_TCACGAACATAGAAAC-1,Leukemia,Leukemia,Leukemia,Illumina HiSeq 4000
Leukemia_TCACGAAGTTTAGCTG-1,Leukemia,Leukemia,Leukemia,Illumina HiSeq 4000
Leukemia_TCAGATGAGCTCTCGG-1,Leukemia,Leukemia,Leukemia,Illumina HiSeq 4000
Leukemia_TCAGATGCAAAGGAAG-1,Leukemia,Leukemia,Leukemia,Illumina HiSeq 4000
Leukemia_TCAGATGCAGACGTAG-1,Leukemia,Leukemia,Leukemia,Illumina HiSeq 4000
Leukemia_TCAGCAAAGGCTCTTA-1,Leukemia,Leukemia,Leukemia,Illumina HiSeq 4000
Leukemia_TCAGCAAAGTAGTGCG-1,Leukemia,Leukemia,Leukemia,Illumina HiSeq 4000
Leukemia_TCAGCAATCACTTACT-1,Leukemia,Leukemia,Leukemia,Illumina HiSeq 4000
Leukemia_TCAGCTCCACGAAGCA-1,Leukemia,Leukemia,Leukemia,Illumina HiSeq 4000
Leukemia_TCAGCTCGTGGTTTCA-1,Leukemia,Leukemia,Leukemia,Illumina HiSeq 4000
Leukemia_TCAGCTCTCTGCTGTC-1,Leukemia,Leukemia,Leukemia,Illumina HiSeq 4000
Leukemia_TCAGGATCACGAAGCA-1,Leukemia,Leukemia,Leukemia,Illumina HiSeq 4000
Leukemia_TCAGGTAAGAAGAAGC-1,Leukemia,Leukemia,Leukemia,Illumina HiSeq 4000
Leukemia_TCAGGTAAGAATGTTG-1,Leukemia,Leukemia,Leukemia,Illumina HiSeq 4000
Leukemia_TCAGGTACAGCCACCA-1,Leukemia,Leukemia,Leukemia,Illumina HiSeq 4000
Leukemia_TCAGGTACATCACCCT-1,Leukemia,Leukemia,Leukemia,Illumina HiSeq 4000
Leukemia_TCAGGTATCACGACTA-1,Leukemia,Leukemia,Leukemia,Illumina HiSeq 4000
Leukemia_TCAGGTATCTTGACGA-1,Leukemia,Leukemia,Leukemia,Illumina HiSeq 4000
Leukemia_TCAGGTATCTTTACAC-1,Leukemia,Leukemia,Leukemia,Illumina HiSeq 4000
Leukemia_TCATTTGCACACTGCG-1,Leukemia,Leukemia,Leukemia,Illumina HiSeq 4000
Leukemia_TCATTTGTCGGCTTGG-1,Leukemia,Leukemia,Leukemia,Illumina HiSeq 4000
Leukemia_TCCACACAGGTTCCTA-1,Leukemia,Leukemia,Leukemia,Illumina HiSeq 4000
Leukemia_TCGAGGCGTCTCCACT-1,Leukemia,Leukemia,Leukemia,Illumina HiSeq 4000
Leukemia_TCGCGAGGTCAGTGGA-1,Leukemia,Leukemia,Leukemia,Illumina HiSeq 4000
Leukemia_TCGCGTTCATTCCTCG-1,Leukemia,Leukemia,Leukemia,Illumina HiSeq 4000
Leukemia_TCGTACCAGGGTGTGT-1,Leukemia,Leukemia,Leukemia,Illumina HiSeq 4000
Leukemia_TCGTACCCAGTCAGCC-1,Leukemia,Leukemia,Leukemia,Illumina HiSeq 4000
Leukemia_TCGTACCCATCCAACA-1,Leukemia,Leukemia,Leukemia,Illumina HiSeq 4000
Leukemia_TCGTACCGTACTTAGC-1,Leukemia,Leukemia,Leukemia,Illumina HiSeq 4000
Leukemia_TCGTACCTCATGTCTT-1,Leukemia,Leukemia,Leukemia,Illumina HiSeq 4000
Leukemia_TCGTAGAGTTGTTTGG-1,Leukemia,Leukemia,Leukemia,Illumina HiSeq 4000
Leukemia_TCGTAGATCGCTTGTC-1,Leukemia,Leukemia,Leukemia,Illumina HiSeq 4000
Leukemia_TCTATTGCAATCCGAT-1,Leukemia,Leukemia,Leukemia,Illumina HiSeq 4000
Leukemia_TCTATTGCAGGATTGG-1,Leukemia,Leukemia,Leukemia,Illumina HiSeq 4000
Leukemia_TCTATTGTCACGACTA-1,Leukemia,Leukemia,Leukemia,Illumina HiSeq 4000
Leukemia_TCTATTGTCCAGAAGG-1,Leukemia,Leukemia,Leukemia,Illumina HiSeq 4000
Leukemia_TCTGAGAAGATATGCA-1,Leukemia,Leukemia,Leukemia,Illumina HiSeq 4000
Leukemia_TCTGAGAGTTAGAACA-1,Leukemia,Leukemia,Leukemia,Illumina HiSeq 4000
Leukemia_TCTGGAACAATAACGA-1,Leukemia,Leukemia,Leukemia,Illumina HiSeq 4000
Leukemia_TCTGGAATCTGGTGTA-1,Leukemia,Leukemia,Leukemia,Illumina HiSeq 4000
Leukemia_TCTTCGGGTTTAGCTG-1,Leukemia,Leukemia,Leukemia,Illumina HiSeq 4000
Leukemia_TCTTTCCAGAGGTTAT-1,Leukemia,Leukemia,Leukemia,Illumina HiSeq 4000
Leukemia_TGACAACCAATGAATG-1,Leukemia,Leukemia,Leukemia,Illumina HiSeq 4000
Leukemia_TGACAACCATCCTAGA-1,Leukemia,Leukemia,Leukemia,Illumina HiSeq 4000
Leukemia_TGACAACTCGGAGCAA-1,Leukemia,Leukemia,Leukemia,Illumina HiSeq 4000
Leukemia_TGACAACTCTGGGCCA-1,Leukemia,Leukemia,Leukemia,Illumina HiSeq 4000
Leukemia_TGACAACTCTTTCCTC-1,Leukemia,Leukemia,Leukemia,Illumina HiSeq 4000
Leukemia_TGACGGCAGGCCCTTG-1,Leukemia,Leukemia,Leukemia,Illumina HiSeq 4000
Leukemia_TGACGGCAGTGGTCCC-1,Leukemia,Leukemia,Leukemia,Illumina HiSeq 4000
Leukemia_TGACTAGCAAGCCATT-1,Leukemia,Leukemia,Leukemia,Illumina HiSeq 4000
Leukemia_TGACTAGTCAAGGCTT-1,Leukemia,Leukemia,Leukemia,Illumina HiSeq 4000
Leukemia_TGACTAGTCATAACCG-1,Leukemia,Leukemia,Leukemia,Illumina HiSeq 4000
Leukemia_TGACTTTAGACGACGT-1,Leukemia,Leukemia,Leukemia,Illumina HiSeq 4000
Leukemia_TGACTTTAGCCCTAAT-1,Leukemia,Leukemia,Leukemia,Illumina HiSeq 4000
Leukemia_TGACTTTCAACGATGG-1,Leukemia,Leukemia,Leukemia,Illumina HiSeq 4000
Leukemia_TGACTTTTCACTTCAT-1,Leukemia,Leukemia,Leukemia,Illumina HiSeq 4000
Leukemia_TGAGAGGTCAGGTTCA-1,Leukemia,Leukemia,Leukemia,Illumina HiSeq 4000
Leukemia_TGAGCCGAGGCATTGG-1,Leukemia,Leukemia,Leukemia,Illumina HiSeq 4000
Leukemia_TGAGCCGAGTTGTAGA-1,Leukemia,Leukemia,Leukemia,Illumina HiSeq 4000
Leukemia_TGAGGGAAGCTCCCAG-1,Leukemia,Leukemia,Leukemia,Illumina HiSeq 4000
Leukemia_TGAGGGACAACTGCTA-1,Leukemia,Leukemia,Leukemia,Illumina HiSeq 4000
Leukemia_TGATTTCAGTCTCCTC-1,Leukemia,Leukemia,Leukemia,Illumina HiSeq 4000
Leukemia_TGATTTCGTAAATACG-1,Leukemia,Leukemia,Leukemia,Illumina HiSeq 4000
Leukemia_TGATTTCGTGTGGTTT-1,Leukemia,Leukemia,Leukemia,Illumina HiSeq 4000
Leukemia_TGATTTCTCTTCGAGA-1,Leukemia,Leukemia,Leukemia,Illumina HiSeq 4000
Leukemia_TGCACCTAGCGTCAAG-1,Leukemia,Leukemia,Leukemia,Illumina HiSeq 4000
Leukemia_TGCACCTGTACTTGAC-1,Leukemia,Leukemia,Leukemia,Illumina HiSeq 4000
Leukemia_TGCACCTTCTAACCGA-1,Leukemia,Leukemia,Leukemia,Illumina HiSeq 4000
Leukemia_TGCCAAAGTATCAGTC-1,Leukemia,Leukemia,Leukemia,Illumina HiSeq 4000
Leukemia_TGCCAAAGTCGGCACT-1,Leukemia,Leukemia,Leukemia,Illumina HiSeq 4000
Leukemia_TGCCAAATCCAGATCA-1,Leukemia,Leukemia,Leukemia,Illumina HiSeq 4000
Leukemia_TGCCCATAGCGATCCC-1,Leukemia,Leukemia,Leukemia,Illumina HiSeq 4000
Leukemia_TGCCCATAGTCTCAAC-1,Leukemia,Leukemia,Leukemia,Illumina HiSeq 4000
Leukemia_TGCCCATCAAACGTGG-1,Leukemia,Leukemia,Leukemia,Illumina HiSeq 4000
Leukemia_TGCCCTAAGAGCTGCA-1,Leukemia,Leukemia,Leukemia,Illumina HiSeq 4000
Leukemia_TGCCCTAAGGCCGAAT-1,Leukemia,Leukemia,Leukemia,Illumina HiSeq 4000
Leukemia_TGCCCTACACGACGAA-1,Leukemia,Leukemia,Leukemia,Illumina HiSeq 4000
Leukemia_TGCCCTAGTAGTACCT-1,Leukemia,Leukemia,Leukemia,Illumina HiSeq 4000
Leukemia_TGCGCAGAGGATGCGT-1,Leukemia,Leukemia,Leukemia,Illumina HiSeq 4000
Leukemia_TGCGCAGAGGCGCTCT-1,Leukemia,Leukemia,Leukemia,Illumina HiSeq 4000
Leukemia_TGCGCAGCACGGTAGA-1,Leukemia,Leukemia,Leukemia,Illumina HiSeq 4000
Leukemia_TGCGGGTAGACTGGGT-1,Leukemia,Leukemia,Leukemia,Illumina HiSeq 4000
Leukemia_TGCGGGTTCTCCCTGA-1,Leukemia,Leukemia,Leukemia,Illumina HiSeq 4000
Leukemia_TGCTACCTCAATAAGG-1,Leukemia,Leukemia,Leukemia,Illumina HiSeq 4000
Leukemia_TGCTGCTAGTGTCCCG-1,Leukemia,Leukemia,Leukemia,Illumina HiSeq 4000
Leukemia_TGCTGCTTCCAGAGGA-1,Leukemia,Leukemia,Leukemia,Illumina HiSeq 4000
Leukemia_TGGACGCGTGAACCTT-1,Leukemia,Leukemia,Leukemia,Illumina HiSeq 4000
Leukemia_TGGACGCTCACCATAG-1,Leukemia,Leukemia,Leukemia,Illumina HiSeq 4000
Leukemia_TGGACGCTCCATGAAC-1,Leukemia,Leukemia,Leukemia,Illumina HiSeq 4000
Leukemia_TGGACGCTCGGCTACG-1,Leukemia,Leukemia,Leukemia,Illumina HiSeq 4000
Leukemia_TGGCCAGAGCGTAGTG-1,Leukemia,Leukemia,Leukemia,Illumina HiSeq 4000
Leukemia_TGGCCAGTCAACACTG-1,Leukemia,Leukemia,Leukemia,Illumina HiSeq 4000
Leukemia_TGGCCAGTCACATGCA-1,Leukemia,Leukemia,Leukemia,Illumina HiSeq 4000
Leukemia_TGGCTGGAGGACACCA-1,Leukemia,Leukemia,Leukemia,Illumina HiSeq 4000
Leukemia_TGGGAAGAGAAGGGTA-1,Leukemia,Leukemia,Leukemia,Illumina HiSeq 4000
Leukemia_TGGGCGTCAAGTCTGT-1,Leukemia,Leukemia,Leukemia,Illumina HiSeq 4000
Leukemia_TGGTTAGTCCCACTTG-1,Leukemia,Leukemia,Leukemia,Illumina HiSeq 4000
Leukemia_TGGTTCCAGCGGCTTC-1,Leukemia,Leukemia,Leukemia,Illumina HiSeq 4000
Leukemia_TGGTTCCGTTGAACTC-1,Leukemia,Leukemia,Leukemia,Illumina HiSeq 4000
Leukemia_TGTATTCAGCAGCCTC-1,Leukemia,Leukemia,Leukemia,Illumina HiSeq 4000
Leukemia_TGTATTCAGCCGATTT-1,Leukemia,Leukemia,Leukemia,Illumina HiSeq 4000
Leukemia_TGTATTCAGTGTACGG-1,Leukemia,Leukemia,Leukemia,Illumina HiSeq 4000
Leukemia_TGTATTCCAGATGAGC-1,Leukemia,Leukemia,Leukemia,Illumina HiSeq 4000
Leukemia_TGTATTCGTTACAGAA-1,Leukemia,Leukemia,Leukemia,Illumina HiSeq 4000
Leukemia_TGTATTCTCGATAGAA-1,Leukemia,Leukemia,Leukemia,Illumina HiSeq 4000
Leukemia_TGTGGTATCCTTGACC-1,Leukemia,Leukemia,Leukemia,Illumina HiSeq 4000
Leukemia_TGTGGTATCCTTGCCA-1,Leukemia,Leukemia,Leukemia,Illumina HiSeq 4000
Leukemia_TGTGTTTCAGGTGCCT-1,Leukemia,Leukemia,Leukemia,Illumina HiSeq 4000
Leukemia_TGTGTTTTCCTAAGTG-1,Leukemia,Leukemia,Leukemia,Illumina HiSeq 4000
Leukemia_TGTTCCGAGCGATAGC-1,Leukemia,Leukemia,Leukemia,Illumina HiSeq 4000
Leukemia_TGTTCCGAGCTACCGC-1,Leukemia,Leukemia,Leukemia,Illumina HiSeq 4000
Leukemia_TGTTCCGCAGGCTGAA-1,Leukemia,Leukemia,Leukemia,Illumina HiSeq 4000
Leukemia_TGTTCCGGTCTAACGT-1,Leukemia,Leukemia,Leukemia,Illumina HiSeq 4000
Leukemia_TTAACTCTCCAAACTG-1,Leukemia,Leukemia,Leukemia,Illumina HiSeq 4000
Leukemia_TTAACTCTCTGCTGCT-1,Leukemia,Leukemia,Leukemia,Illumina HiSeq 4000
Leukemia_TTAGGACCAAGCCATT-1,Leukemia,Leukemia,Leukemia,Illumina HiSeq 4000
Leukemia_TTAGGACCAGTTCATG-1,Leukemia,Leukemia,Leukemia,Illumina HiSeq 4000
Leukemia_TTAGGACGTTAAGACA-1,Leukemia,Leukemia,Leukemia,Illumina HiSeq 4000
Leukemia_TTAGGACTCCATGCTC-1,Leukemia,Leukemia,Leukemia,Illumina HiSeq 4000
Leukemia_TTAGGCACACAGTCGC-1,Leukemia,Leukemia,Leukemia,Illumina HiSeq 4000
Leukemia_TTAGTTCAGACACTAA-1,Leukemia,Leukemia,Leukemia,Illumina HiSeq 4000
Leukemia_TTAGTTCAGGCGCTCT-1,Leukemia,Leukemia,Leukemia,Illumina HiSeq 4000
Leukemia_TTAGTTCCAGAAGCAC-1,Leukemia,Leukemia,Leukemia,Illumina HiSeq 4000
Leukemia_TTCCCAGTCTCCAGGG-1,Leukemia,Leukemia,Leukemia,Illumina HiSeq 4000
Leukemia_TTCGAAGCAGTGGGAT-1,Leukemia,Leukemia,Leukemia,Illumina HiSeq 4000
Leukemia_TTCGGTCAGTCCTCCT-1,Leukemia,Leukemia,Leukemia,Illumina HiSeq 4000
Leukemia_TTCGGTCCACATGTGT-1,Leukemia,Leukemia,Leukemia,Illumina HiSeq 4000
Leukemia_TTCTACAAGACGCAAC-1,Leukemia,Leukemia,Leukemia,Illumina HiSeq 4000
Leukemia_TTCTACACACAGATTC-1,Leukemia,Leukemia,Leukemia,Illumina HiSeq 4000
Leukemia_TTCTACAGTACATCCA-1,Leukemia,Leukemia,Leukemia,Illumina HiSeq 4000
Leukemia_TTCTACAGTGGCAAAC-1,Leukemia,Leukemia,Leukemia,Illumina HiSeq 4000
Leukemia_TTCTACAGTTCACCTC-1,Leukemia,Leukemia,Leukemia,Illumina HiSeq 4000
Leukemia_TTCTCAACATGCCCGA-1,Leukemia,Leukemia,Leukemia,Illumina HiSeq 4000
Leukemia_TTCTCAAGTGGAAAGA-1,Leukemia,Leukemia,Leukemia,Illumina HiSeq 4000
Leukemia_TTCTCAATCTATCCCG-1,Leukemia,Leukemia,Leukemia,Illumina HiSeq 4000
Leukemia_TTCTCCTAGTGGAGTC-1,Leukemia,Leukemia,Leukemia,Illumina HiSeq 4000
Leukemia_TTCTCCTCACTTGGAT-1,Leukemia,Leukemia,Leukemia,Illumina HiSeq 4000
Leukemia_TTCTTAGCACGAGGTA-1,Leukemia,Leukemia,Leukemia,Illumina HiSeq 4000
Leukemia_TTCTTAGCAGCTGCTG-1,Leukemia,Leukemia,Leukemia,Illumina HiSeq 4000
Leukemia_TTCTTAGCAGTCGATT-1,Leukemia,Leukemia,Leukemia,Illumina HiSeq 4000
Leukemia_TTGAACGCATGACATC-1,Leukemia,Leukemia,Leukemia,Illumina HiSeq 4000
Leukemia_TTGAACGCATGGAATA-1,Leukemia,Leukemia,Leukemia,Illumina HiSeq 4000
Leukemia_TTGACTTAGTAGGCCA-1,Leukemia,Leukemia,Leukemia,Illumina HiSeq 4000
Leukemia_TTGACTTGTACGCACC-1,Leukemia,Leukemia,Leukemia,Illumina HiSeq 4000
Leukemia_TTGACTTGTAGGCTGA-1,Leukemia,Leukemia,Leukemia,Illumina HiSeq 4000
Leukemia_TTGACTTGTGCAGACA-1,Leukemia,Leukemia,Leukemia,Illumina HiSeq 4000
Leukemia_TTGCCGTCAACCGCCA-1,Leukemia,Leukemia,Leukemia,Illumina HiSeq 4000
Leukemia_TTGCCGTCACGGTAGA-1,Leukemia,Leukemia,Leukemia,Illumina HiSeq 4000
Leukemia_TTGCGTCCACCGGAAA-1,Leukemia,Leukemia,Leukemia,Illumina HiSeq 4000
Leukemia_TTGCGTCTCTTACCGC-1,Leukemia,Leukemia,Leukemia,Illumina HiSeq 4000
Leukemia_TTGTAGGGTCAGCTAT-1,Leukemia,Leukemia,Leukemia,Illumina HiSeq 4000
Leukemia_TTTACTGTCGTTGACA-1,Leukemia,Leukemia,Leukemia,Illumina HiSeq 4000
Leukemia_TTTACTGTCTTCCTTC-1,Leukemia,Leukemia,Leukemia,Illumina HiSeq 4000
Leukemia_TTTATGCAGCCACGTC-1,Leukemia,Leukemia,Leukemia,Illumina HiSeq 4000
Leukemia_TTTATGCAGCTATGCT-1,Leukemia,Leukemia,Leukemia,Illumina HiSeq 4000
Leukemia_TTTATGCGTAAACCTC-1,Leukemia,Leukemia,Leukemia,Illumina HiSeq 4000
Leukemia_TTTATGCGTCATGCCG-1,Leukemia,Leukemia,Leukemia,Illumina HiSeq 4000
Leukemia_TTTATGCGTTTACTCT-1,Leukemia,Leukemia,Leukemia,Illumina HiSeq 4000
Leukemia_TTTATGCTCTCAAACG-1,Leukemia,Leukemia,Leukemia,Illumina HiSeq 4000
Leukemia_TTTGCGCGTGAAATCA-1,Leukemia,Leukemia,Leukemia,Illumina HiSeq 4000
