,mt,ribo,n_cells_by_counts,mean_counts,pct_dropout_by_counts,total_counts,highly_variable,means,dispersions,dispersions_norm
LINC00115,False,False,10,0.0057770074,99.42229924898902,10.0,True,0.008985620704343687,1.0778798776626213,2.0761096
AL645608.6,False,False,6,0.004043905,99.65337954939342,7.0,True,0.004615934907660871,1.0263554526089782,1.9490657
SAMD11,False,False,4,0.002310803,99.7689196995956,4.0,True,0.007757014621343259,2.1075082772081375,4.61487
TNFRSF18,False,False,2,0.0011554015,99.8844598497978,2.0,True,0.0020528954704465787,0.8629651885331774,1.5461934
TNFRSF4,False,False,23,0.01502022,98.67128827267476,26.0,True,0.021706534010642937,0.8922439698024536,1.6183863
CCDC27,False,False,1,0.00057770073,99.94222992489891,1.0,True,0.001647633462544648,0.9966877403891757,1.8759137
CHD5,False,False,3,0.0017331023,99.8266897746967,3.0,True,0.0029423835928159957,0.872913262119103,1.5707223
UTS2,False,False,2,0.0011554015,99.8844598497978,2.0,True,0.0017306141964073625,0.6691309858674974,1.0682553
TNFRSF9,False,False,7,0.004621606,99.59560947429232,8.0,True,0.005067367883611293,0.7321303621739281,1.2235932
ERRFI1,False,False,2,0.002310803,99.8844598497978,4.0,True,0.010701474915985212,2.7519341312697416,6.2038345
SLC2A5,False,False,97,0.06643558,94.39630271519353,115.0,True,0.087507981948151,1.2193524617263238,2.4249394
GPR157,False,False,28,0.016753322,98.38243789716927,29.0,True,0.022005952770538618,0.7462758291203445,1.2584717
RBP7,False,False,4,0.00751011,99.7689196995956,13.0,True,0.016908977182334806,3.284379454468616,7.516688
LRRC38,False,False,1,0.00057770073,99.94222992489891,1.0,True,0.0013732782388241767,0.8144112801551957,1.4264737
AL357873.1,False,False,5,0.0028885037,99.71114962449451,5.0,True,0.006331826310388143,1.25710360908474,2.5180225
TMEM51,False,False,23,0.013864818,98.67128827267476,24.0,True,0.01815880455358969,0.8040070990171732,1.40082
AL121992.1,False,False,5,0.0028885037,99.71114962449451,5.0,True,0.004126293469935794,0.7129902842116429,1.1763994
UQCRHL,False,False,69,0.041594453,96.01386481802426,72.0,True,0.04278379729863273,0.8846009961757453,1.599541
PADI2,False,False,2,0.0011554015,99.8844598497978,2.0,True,0.0027728069121462297,1.5177706999961078,3.1607509
PAX7,False,False,2,0.002310803,99.8844598497978,4.0,True,0.002433297282048518,0.6934252278747125,1.1281577
TMCO4,False,False,131,0.08492201,92.43212016175622,147.0,True,0.09304826051427027,0.7867565028638973,1.3582852
CDA,False,False,8,0.004621606,99.53783939919121,8.0,True,0.008728398348258205,1.103770274042779,2.139948
AL031005.1,False,False,1,0.00057770073,99.94222992489891,1.0,True,0.0013714213271453536,0.8130573057307928,1.4231352
ALPL,False,False,1,0.00057770073,99.94222992489891,1.0,True,0.0014841171867600133,0.8920860762662788,1.6179969
AL031428.1,False,False,271,0.18370883,84.34430964760254,318.0,True,0.17517872931148631,0.6672815113502335,1.0636951
ID3,False,False,21,0.023685731,98.78682842287695,41.0,True,0.038359691460288094,2.0246983655819757,4.410685
AL050344.1,False,False,2,0.0011554015,99.8844598497978,2.0,True,0.003278014144493871,1.0441783376546785,1.9930116
AL031432.4,False,False,13,0.00751011,99.24898902368572,13.0,True,0.012325054998013668,0.7007748990300673,1.1462798
CRYBG2,False,False,2,0.0011554015,99.8844598497978,2.0,True,0.0036017532742810407,1.341360181331965,2.7257745
TRNP1,False,False,1,0.00057770073,99.94222992489891,1.0,True,0.0018727227020539595,1.1248537359535393,2.1919334
CD164L2,False,False,1,0.00057770073,99.94222992489891,1.0,True,0.0025855219985247003,1.4477442649412104,2.9880865
IFI6,False,False,595,0.56268054,65.6268053148469,974.0,True,0.43556665582036175,0.7198855773098541,1.334358
AL020997.4,False,False,4,0.002310803,99.7689196995956,4.0,True,0.0032160170244652834,0.7318613934113599,1.22293
ATP5IF1,False,False,1273,5.909301,26.458694396302718,10229.0,True,1.5044565856302214,1.9891326278461434,1.9470723
SESN2,False,False,38,0.023685731,97.80473714615829,41.0,True,0.026440619498132725,0.695656283296486,1.1336589
AL136115.3,False,False,1,0.00057770073,99.94222992489891,1.0,True,0.0012383265275175712,0.7109039124261861,1.171255
FAM167B,False,False,5,0.0028885037,99.71114962449451,5.0,True,0.0034809973598160637,0.7395039085047583,1.2417742
GJA4,False,False,8,0.004621606,99.53783939919121,8.0,True,0.009970011658257763,1.9585879830510515,4.2476764
POU3F1,False,False,1,0.00057770073,99.94222992489891,1.0,True,0.0016374382742049202,0.99047568781261,1.8605967
AL139260.1,False,False,59,0.036395147,96.59156556903524,63.0,True,0.03874668485410701,0.8075089956787315,1.4094547
COL9A2,False,False,29,0.017908724,98.32466782206816,31.0,True,0.023950538269431308,0.7362574511518024,1.2337694
SLC2A1,False,False,160,0.109763145,90.75678798382438,190.0,True,0.08405360762087467,0.7417929976657844,1.2474184
CDC20,False,False,269,0.59156555,84.45984979780474,1024.0,True,0.23638049060424235,1.044986264190285,1.9950037
HYI-AS1,False,False,3,0.0017331023,99.8266897746967,3.0,True,0.002896277446157922,0.6770107629885316,1.0876845
KDM4A-AS1,False,False,74,0.043327555,95.72501444251877,75.0,True,0.04615892045357985,0.9430354816879025,1.7436231
CCDC24,False,False,63,0.03755055,96.36048526863085,65.0,True,0.039488162751138436,0.8200850441684479,1.4404635
AL592166.1,False,False,17,0.009820913,99.01790872328135,17.0,True,0.013151227930673044,1.0975877655725534,2.1247036
AL358075.2,False,False,3,0.002310803,99.8266897746967,4.0,True,0.003910824360784922,0.8710044122689377,1.5660157
TSPAN1,False,False,3,0.0017331023,99.8266897746967,3.0,True,0.003716501353128356,1.1004995860626583,2.1318831
EFCAB14,False,False,313,0.21028307,81.91796649335645,364.0,True,0.1891583719072905,0.8747342903012949,1.5752125
DMRTA2,False,False,1,0.00057770073,99.94222992489891,1.0,True,0.0014866544666954425,0.8937954954308186,1.6222118
TTC39A,False,False,2,0.0011554015,99.8844598497978,2.0,True,0.002557103347473727,0.9074243930605297,1.6558167
TTC39A-AS1,False,False,1,0.00057770073,99.94222992489891,1.0,True,0.0017672336166066757,1.0668230133546082,2.0488467
AL445685.1,False,False,9,0.0051993066,99.48006932409012,9.0,True,0.009066499779582148,1.195106452475095,2.365156
AL606760.2,False,False,8,0.004621606,99.53783939919121,8.0,True,0.005558178977611663,0.7318495357289923,1.2229007
JUN,False,False,1049,4.332178,39.39919121894858,7499.0,True,1.8281684738891661,2.492429427435309,1.6154175
NFIA-AS2,False,False,17,0.025996534,99.01790872328135,45.0,True,0.026015754357300833,2.035506158276725,4.437334
LEPR,False,False,194,0.1565569,88.79260543038706,271.0,True,0.11308473221649386,2.132016079919322,4.675299
PDE4B,False,False,302,0.23974581,82.55343731946851,415.0,True,0.26474197460892945,0.6895496191183352,1.2222643
AL139147.1,False,False,3,0.0017331023,99.8266897746967,3.0,True,0.0034346250586748494,0.9348757214371212,1.7235036
IL12RB2,False,False,580,0.50375503,66.49335644136337,872.0,True,0.46244232188513595,0.8161100453179856,1.689915
GADD45A,False,False,445,0.3749278,74.29231658001156,649.0,True,0.32194392344885986,0.8534837055142976,1.8280135
GNG12,False,False,3,0.002310803,99.8266897746967,4.0,True,0.0049658932432709675,1.5829204295878905,3.3213909
GNG12-AS1,False,False,1,0.00057770073,99.94222992489891,1.0,True,0.003364448563273501,1.711470590312745,3.6383579
AL033530.1,False,False,2,0.0011554015,99.8844598497978,2.0,True,0.0027021699837690197,1.1767925378653135,2.3199992
ZRANB2-AS1,False,False,2,0.0011554015,99.8844598497978,2.0,True,0.0026532208864838043,1.0216935647750498,1.9375708
ZRANB2-AS2,False,False,34,0.022530328,98.03581744656267,39.0,True,0.02999488853102367,1.000903778210678,1.8863093
NEGR1,False,False,435,0.4563836,74.87001733102254,790.0,True,0.4377329587270277,1.1147223851600299,2.7933109
AL583808.1,False,False,39,0.041016754,97.74696707105718,71.0,True,0.058403694928584826,1.2760578406458456,2.5647583
SLC44A5,False,False,36,0.023685731,97.92027729636048,41.0,True,0.03457720424617469,0.729287172095051,1.2165828
ST6GALNAC3,False,False,112,0.080300406,93.52975158867707,139.0,True,0.09956989089861737,0.9801827037312766,1.8352172
GIPC2,False,False,36,0.024263432,97.92027729636048,42.0,True,0.036481487212732366,2.1888150661222325,4.8153486
AC103591.3,False,False,440,0.33853263,74.58116695551705,586.0,True,0.34620027366518347,0.9349220966284072,2.1289349
LINC01781,False,False,1,0.00057770073,99.94222992489891,1.0,True,0.0027280650755991767,1.5014807620813773,3.1205847
ADGRL2,False,False,5,0.0034662045,99.71114962449451,6.0,True,0.006612591081845496,1.2948411173906649,2.6110723
LINC01725,False,False,94,0.06585789,94.56961294049682,114.0,True,0.08367445812169828,0.932855778066133,1.718523
TTLL7-IT1,False,False,1,0.00057770073,99.94222992489891,1.0,True,0.0013714213271453536,0.8130573057307928,1.4231352
SYDE2,False,False,68,0.060658578,96.07163489312536,105.0,True,0.05623321636586251,1.8286722345815598,3.9273427
CCN1,False,False,22,0.01617562,98.72905834777586,28.0,True,0.016368621873264214,1.7733541006035165,3.7909443
BTBD8,False,False,35,0.021374928,97.97804737146159,37.0,True,0.026611329953827745,0.7712998399389273,1.3201736
GFI1,False,False,23,0.013864818,98.67128827267476,24.0,True,0.019572771787387155,0.6822187374307243,1.1005259
PALMD,False,False,2,0.004621606,99.8844598497978,8.0,True,0.007368203207599096,2.497384111415988,5.576189
S1PR1,False,False,10,0.0057770074,99.42229924898902,10.0,True,0.009661447496609065,0.7187905480800911,1.1907011
GNAT2,False,False,10,0.0057770074,99.42229924898902,10.0,True,0.008926887945374343,0.7792812511572482,1.3398534
KCNA3,False,False,11,0.006354708,99.36452917388793,11.0,True,0.0090611186034597,0.6794528755944789,1.093706
CD53,False,False,726,0.6915078,58.05892547660312,1197.0,True,0.6104517474009589,0.8139565390941524,1.0798298
AL355816.2,False,False,13,0.00751011,99.24898902368572,13.0,True,0.010684828997226989,1.2112147753942255,2.4048743
INKA2-AS1,False,False,16,0.009820913,99.07567879838244,17.0,True,0.01535325553176392,0.831963243630307,1.4697517
CTTNBP2NL,False,False,28,0.016753322,98.38243789716927,29.0,True,0.025003071041544006,0.7431618645352239,1.2507937
RHOC,False,False,434,0.3217793,74.92778740612363,557.0,True,0.334764494888358,0.6810302848642419,1.1907847
LINC01357,False,False,2,0.0028885037,99.8844598497978,5.0,True,0.0022547767758117647,0.7473273814301769,1.2610645
LRIG2,False,False,100,0.06354708,94.22299248989023,110.0,True,0.07004685164422582,0.7910375788172505,1.368841
PHTF1,False,False,999,1.5632583,42.287694974003465,2706.0,True,1.0287193224019582,1.6668035298531068,2.6412997
AL137856.1,False,False,38,0.023685731,97.80473714615829,41.0,True,0.035114563528690836,0.8435604070606707,1.4983469
PTPN22,False,False,185,0.13056037,89.31253610629693,226.0,True,0.14195766995478423,0.7071929028434496,1.1621047
OLFML3,False,False,1,0.0017331023,99.94222992489891,3.0,True,0.010059576676947634,2.81008294707154,6.3472123
LINC01765,False,False,148,0.10167533,91.45002888503755,176.0,True,0.12170490068230483,0.7333260364098894,1.2265414
AL445231.1,False,False,17,0.009820913,99.01790872328135,17.0,True,0.010266761075207296,0.8217697080074708,1.4446174
AC253572.2,False,False,366,0.32351243,78.85615251299826,560.0,True,0.2969317524018387,0.8112878688956264,1.6720966
SRGAP2C,False,False,67,0.041594453,96.12940496822647,72.0,True,0.04428032503933817,0.6678475556634489,1.0650908
AC246680.1,False,False,1,0.00057770073,99.94222992489891,1.0,True,0.0030692385876250764,1.6194883373975961,3.4115567
NBPF15,False,False,6,0.0034662045,99.65337954939342,6.0,True,0.006907307162068526,1.3082598955923959,2.644159
AC245014.3,False,False,180,0.13229348,89.60138648180242,229.0,True,0.13031675169395932,0.691191342072296,1.1226497
TXNIP,False,False,736,0.73136914,57.48122472559214,1266.0,True,0.5913411228742013,1.0645893551716232,1.7972679
HJV,False,False,10,0.008665511,99.42229924898902,15.0,True,0.00922174451927271,0.7120226657015426,1.1740135
AC239803.1,False,False,1,0.00057770073,99.94222992489891,1.0,True,0.001310306228196549,0.7674399452263678,1.3106562
NBPF9,False,False,23,0.014442518,98.67128827267476,25.0,True,0.021744681094137335,1.4522502601767606,2.9991968
HIST2H2BE,False,False,207,0.1594454,88.0415944540728,276.0,True,0.1995612760887589,0.8015087210936206,1.3946598
ADAMTSL4-AS1,False,False,183,0.13344887,89.42807625649914,231.0,True,0.15923489814119646,1.0058769791638111,1.8985717
MCL1,False,False,827,0.81398034,52.224147891392256,1409.0,True,0.6721971893176752,0.8472764613758789,1.1752083
C1orf56,False,False,165,0.12016176,90.46793760831889,208.0,True,0.1267745957292278,0.7827890363392377,1.3485025
SELENBP1,False,False,41,0.03235124,97.631426920855,56.0,True,0.020885536448649468,0.8319103512414591,1.4696213
C2CD4D-AS1,False,False,2,0.002310803,99.8844598497978,4.0,True,0.00227646054205091,0.6808371129902031,1.0971192
S100A10,False,False,372,0.29693818,78.50953206239168,514.0,True,0.27714406630965993,0.8572873575347764,1.8420683
AL450992.1,False,False,5,0.006354708,99.71114962449451,11.0,True,0.004889796294634627,0.9393099890212666,1.7344371
S100A11,False,False,271,0.19930676,84.34430964760254,345.0,True,0.20425913514896593,1.1644826666664225,2.2896466
S100A6,False,False,1311,12.916233,24.263431542461,22358.0,True,2.1032079333187426,3.1068906653340296,2.5757015
S100A16,False,False,7,0.006354708,99.59560947429232,11.0,True,0.009289575810650711,1.7783681610951083,3.8033075
SHE,False,False,3,0.0017331023,99.8266897746967,3.0,True,0.0020429598677277304,0.6755168300762802,1.084001
EFNA1,False,False,6,0.0034662045,99.65337954939342,6.0,True,0.006309658409520625,1.2313118064485835,2.4544277
LMNA,False,False,645,1.0670133,62.738301559792035,1847.0,True,0.6024958800415836,1.0854139733110604,1.8568785
FCRL5,False,False,4,0.0028885037,99.7689196995956,5.0,True,0.00960219840055085,1.4649918062822798,3.0306137
FCRL2,False,False,2,0.0011554015,99.8844598497978,2.0,True,0.004451457273835944,1.3475147461854513,2.7409499
FCRL1,False,False,4,0.0034662045,99.7689196995956,6.0,True,0.015181837585842073,2.1353356164528057,4.683484
CD1C,False,False,2,0.0011554015,99.8844598497978,2.0,True,0.003209652679332812,0.976303953507429,1.8256534
MNDA,False,False,1,0.00057770073,99.94222992489891,1.0,True,0.0017280960776230217,1.0444082614570804,1.9935786
PYHIN1,False,False,1,0.00057770073,99.94222992489891,1.0,True,0.0016374382742049202,0.99047568781261,1.8605967
FCER1A,False,False,407,0.96764874,76.48757943385327,1675.0,True,0.7663416428673628,2.3446290003926804,5.46139
AL513323.1,False,False,1,0.00057770073,99.94222992489891,1.0,True,0.0012479750489651097,0.7186701568416485,1.1904043
VSIG8,False,False,2,0.0011554015,99.8844598497978,2.0,True,0.0023963828224261093,0.9159878213350797,1.6769315
SLAMF6,False,False,3,0.0017331023,99.8266897746967,3.0,True,0.004392907766647263,1.0738096167977038,2.0660737
SLAMF1,False,False,1,0.00057770073,99.94222992489891,1.0,True,0.0017369731315538773,1.0495364481701377,2.0062232
CD48,False,False,181,0.13518198,89.54361640670133,234.0,True,0.1469231098968216,0.76979247588294,1.3164569
LY9,False,False,4,0.0034662045,99.7689196995956,6.0,True,0.011222435450343921,2.3785993617305077,5.283301
AL592295.3,False,False,44,0.035817448,97.4581166955517,62.0,True,0.042518627812554756,0.9036088660289029,1.6464087
FCGR2A,False,False,69,0.05430387,96.01386481802426,94.0,True,0.041567164670835266,0.6834886867250222,1.1036571
FCGR2B,False,False,2,0.0011554015,99.8844598497978,2.0,True,0.0026278460637860048,1.3062733053168685,2.6392605
FCRLA,False,False,2,0.0028885037,99.8844598497978,5.0,True,0.008646035351161327,2.273449662319141,5.0240326
OLFML2B,False,False,3,0.002310803,99.8266897746967,4.0,True,0.0023185182546745565,0.7145263675288397,1.180187
DDR2,False,False,19,0.011554015,98.90236857307914,20.0,True,0.013799578740350852,0.7824312962909605,1.3476205
PBX1,False,False,684,0.7700751,60.48526863084922,1333.0,True,0.6306425080364372,1.057756394062031,1.7777085
AL357568.2,False,False,11,0.006354708,99.36452917388793,11.0,True,0.009900839168119182,1.0029811100838415,1.8914315
DUSP27,False,False,2,0.0017331023,99.8844598497978,3.0,True,0.0018565075615138533,0.7391721769689411,1.2409562
AL359962.3,False,False,2,0.0011554015,99.8844598497978,2.0,True,0.002413856385145169,0.6854340991304171,1.108454
RCSD1,False,False,700,0.6839977,59.56094742923166,1184.0,True,0.6082979291588622,0.8223597204182275,1.103884
XCL1,False,False,1,0.0028885037,99.94222992489891,5.0,True,0.0027014270626193604,1.4916549947723825,3.0963573
F5,False,False,5,0.0028885037,99.71114962449451,5.0,True,0.005314284607130937,0.7496534691472097,1.2668
SELE,False,False,2,0.0028885037,99.8844598497978,5.0,True,0.007368203207599096,2.497384111415988,5.576189
BX284613.2,False,False,9,0.006354708,99.48006932409012,11.0,True,0.016449287792760326,1.802710400575918,3.8633282
FMO3,False,False,1,0.00057770073,99.94222992489891,1.0,True,0.003364448563273501,1.711470590312745,3.6383579
FMO2,False,False,1,0.0017331023,99.94222992489891,3.0,True,0.010059576676947634,2.81008294707154,6.3472123
DNM3,False,False,309,0.26747546,82.14904679376083,463.0,True,0.2840838380887723,0.9377173352103157,2.1392634
SLC9C2,False,False,3,0.0017331023,99.8266897746967,3.0,True,0.0031657693000686784,0.7410091535083668,1.2454857
GAS5,False,False,1681,19.956673,2.888503755054883,34545.0,True,3.1432049677285927,1.701754421072015,1.9726477
RASAL2,False,False,242,0.18428653,86.01964182553438,319.0,True,0.18726408830592275,0.7252718593491624,1.2066822
C1orf220,False,False,2,0.0011554015,99.8844598497978,2.0,True,0.0021124125282101936,0.7051765481507816,1.157133
RALGPS2,False,False,298,0.21317157,82.78451761987291,369.0,True,0.18817391621461613,0.7110656436266221,1.1716539
ANGPTL1,False,False,328,0.22530329,81.05141536683998,390.0,True,0.21547759548337275,1.0310090661500326,1.96054
MR1,False,False,101,0.064124785,94.16522241478914,111.0,True,0.07715421221334828,0.7477483960576544,1.2621027
RGS16,False,False,73,0.055459272,95.78278451761987,96.0,True,0.0438793948707346,0.7211128593243913,1.1964272
NIBAN1,False,False,458,0.39976892,73.54130560369728,692.0,True,0.31334408413364856,0.6816355711771387,1.1930213
PLA2G4A,False,False,349,0.25187752,79.83824378971693,436.0,True,0.2440054554623412,0.8573079471785308,1.5322443
ERVMER61-1,False,False,71,0.064124785,95.89832466782207,111.0,True,0.06561623798939692,0.782530891994798,1.347866
RGS18,False,False,135,0.12824957,92.20103986135182,222.0,True,0.13951681416052386,0.9239489038324051,1.6965612
RGS1,False,False,166,0.16002311,90.41016753321779,277.0,True,0.19694007016472964,1.4522210604840597,2.9991248
RGS2,False,False,181,0.13056037,89.54361640670133,226.0,True,0.1477029822318173,0.960689072832912,1.7871517
CRB1,False,False,10,0.006932409,99.42229924898902,12.0,True,0.009439296260068033,0.9725259238731819,1.8163378
AL157402.2,False,False,139,0.08549971,91.96995956094743,148.0,True,0.11556498659128421,0.9585068602282629,1.781771
MIR181A1HG,False,False,438,0.51993066,74.69670710571924,900.0,True,0.46235054211518395,1.1747912137623624,3.01527
GPR37L1,False,False,1,0.00057770073,99.94222992489891,1.0,True,0.0015431951184846544,0.9311505817931924,1.7143185
KDM5B,False,False,578,0.46793762,66.60889659156557,810.0,True,0.4243180049375034,0.8521243274377468,1.8229905
LINC01353,False,False,1,0.00057770073,99.94222992489891,1.0,True,0.0014841171867600133,0.8920860762662788,1.6179969
TMCC2,False,False,17,0.012131716,99.01790872328135,21.0,True,0.012318181257383223,1.1575051635483768,2.272442
LEMD1-DT,False,False,1,0.00057770073,99.94222992489891,1.0,True,0.0014072525638132718,0.8388667933898238,1.4867738
RHEX,False,False,683,0.74292314,60.54303870595032,1286.0,True,0.6196642512080903,0.91220987477714,1.3610806
FCMR,False,False,31,0.019641826,98.20912767186597,34.0,True,0.03459936231252099,1.3515710986015173,2.7509518
AL137789.1,False,False,1,0.00057770073,99.94222992489891,1.0,True,0.0017369731315538773,1.0495364481701377,2.0062232
G0S2,False,False,26,0.020797227,98.49797804737146,36.0,True,0.013957495352547407,0.7164300937994371,1.184881
UTP25,False,False,85,0.051415365,95.0895436164067,89.0,True,0.046586653712683494,0.7378966090420067,1.2378111
SERTAD4,False,False,1,0.00057770073,99.94222992489891,1.0,True,0.003364448563273501,1.711470590312745,3.6383579
CENPF,False,False,382,0.5332178,77.9318313113807,923.0,True,0.2735011882188142,0.7421796347091878,1.4167362
C1orf115,False,False,3,0.0017331023,99.8266897746967,3.0,True,0.003885140709781314,1.174093367598152,2.3133438
AL513314.2,False,False,1,0.00057770073,99.94222992489891,1.0,True,0.0012870315294653037,0.7495058527993862,1.2664361
DISP1,False,False,57,0.036972847,96.70710571923745,64.0,True,0.04772089996909419,0.7632453582977813,1.3003136
AC099066.2,False,False,5,0.0034662045,99.71114962449451,6.0,True,0.006629819514160176,1.2970080960114327,2.6164153
LINC02814,False,False,3,0.0028885037,99.8266897746967,5.0,True,0.0032262981963250845,0.9444599423305504,1.7471354
PCNX2,False,False,232,0.1542461,86.59734257654534,267.0,True,0.16562691462591292,0.6757981897568572,1.0846946
NID1,False,False,7,0.004621606,99.59560947429232,8.0,True,0.006031552713419615,1.2500564082114456,2.5006464
KIF26B,False,False,55,0.034662046,96.82264586943963,60.0,True,0.04501145134245499,0.8078875771550612,1.4103882
OR2L2,False,False,11,0.00751011,99.36452917388793,13.0,True,0.010590719252287184,0.7790425802609513,1.3392649
AC093326.1,False,False,3,0.0017331023,99.8266897746967,3.0,True,0.0034630286165203083,0.7135127258738603,1.1776876
AC018685.2,False,False,2,0.002310803,99.8844598497978,4.0,True,0.0029649121560085443,1.1256810613537114,2.1939733
ID2,False,False,269,0.26227614,84.45984979780474,454.0,True,0.28731705124779694,1.4932914654115514,4.1921535
MIR3681HG,False,False,29,0.017908724,98.32466782206816,31.0,True,0.01664201542143423,0.7022984947116772,1.1500366
LINC01804,False,False,1,0.00057770073,99.94222992489891,1.0,True,0.0021067281712969076,1.242713479765608,2.4825408
AC010745.2,False,False,91,0.055459272,94.74292316580012,96.0,True,0.07855177589175846,0.7259425423318968,1.2083359
AC104623.1,False,False,5,0.0034662045,99.71114962449451,6.0,True,0.005236078741392188,0.7662739015952209,1.3077811
DNAJC27,False,False,275,0.18659735,84.11322934719814,323.0,True,0.19618558910891057,0.8720950640858975,1.568705
AC010896.1,False,False,15,0.008665511,99.13344887348353,15.0,True,0.01229271534109015,0.8495200194921791,1.5130415
AC104695.2,False,False,7,0.004043905,99.59560947429232,7.0,True,0.007357729895434655,0.6923211345894319,1.1254354
SPDYA,False,False,49,0.03235124,97.1692663200462,56.0,True,0.047921670029286385,1.724742251437052,3.6710818
YPEL5,False,False,796,0.74465626,54.01502021952629,1289.0,True,0.6334672222121631,0.8205308931320321,1.098649
LTBP1,False,False,283,0.50895435,83.65106874638937,881.0,True,0.33232311048267316,1.9302420214424914,5.80672
RASGRP3,False,False,88,0.06354708,94.9162333911034,110.0,True,0.07067429906867605,0.7419055974331056,1.247696
LINC01320,False,False,11,0.006354708,99.36452917388793,11.0,True,0.008209097448783235,0.8242937874496915,1.4508411
AC012593.1,False,False,1,0.00057770073,99.94222992489891,1.0,True,0.0012786497517094837,0.7429679244354709,1.2503154
CRIM1,False,False,106,0.06874639,93.87637203928365,119.0,True,0.08101426503612466,0.799134032660087,1.3888046
CYP1B1-AS1,False,False,24,0.014442518,98.61351819757365,25.0,True,0.02025317568886803,0.6899221256179808,1.1195201
SOS1,False,False,886,0.95840555,48.8157134604275,1659.0,True,0.663594179867975,0.8982359572298934,1.3210802
SLC8A1-AS1,False,False,10,0.006354708,99.42229924898902,11.0,True,0.00937385979974567,1.0567802353186664,2.024084
SLC8A1,False,False,21,0.01502022,98.78682842287695,26.0,True,0.0175663682625079,0.6893392274563777,1.1180829
EML4,False,False,408,0.29982668,76.42980935875217,519.0,True,0.26504153982981166,0.6950567040197277,1.2426134
ZFP36L2,False,False,1370,3.3651068,20.854997111496242,5825.0,True,1.5382951630922388,1.4444641071121704,1.0689527
ABCG8,False,False,2,0.0011554015,99.8844598497978,2.0,True,0.0018939280470940529,0.8454468277928796,1.5029982
PRKCE,False,False,439,0.34950894,74.63893703061815,605.0,True,0.3512011379408691,0.8025908919396082,1.6399606
AC018682.1,False,False,157,0.10109763,90.93009820912768,175.0,True,0.12753822451020516,0.8068164727161381,1.4077471
TTC7A,False,False,372,0.29693818,78.50953206239168,514.0,True,0.26667561305952736,0.6546281735300246,1.0932268
NRXN1,False,False,10,0.0057770074,99.42229924898902,10.0,True,0.008946066402900332,1.0309072568051738,1.960289
PSME4,False,False,731,0.6146736,57.77007510109763,1064.0,True,0.4979006899456837,0.6673233891675624,1.1401366
SPTBN1,False,False,380,0.27325246,78.0473714615829,473.0,True,0.30730429775588985,0.8038515780912948,1.644619
EML6,False,False,27,0.020219527,98.44020797227037,35.0,True,0.02308306352262681,0.8683795977837824,1.5595437
LINC01122,False,False,603,0.5459272,65.16464471403813,945.0,True,0.5320883098935396,0.9297233862166778,1.4112133
LINC01185,False,False,15,0.009243212,99.13344887348353,16.0,True,0.017717337314479574,1.5462731942724488,3.2310297
LGALSL-DT,False,False,6,0.0051993066,99.65337954939342,9.0,True,0.00704512210313033,1.1567400234172822,2.2705555
MEIS1,False,False,922,1.2339689,46.735990756787984,2136.0,True,0.9346974588210559,1.1203823536771385,1.3401581
LINC01798,False,False,82,0.051415365,95.26285384171,89.0,True,0.0679070471406003,0.8750685118961181,1.5760366
LINC01828,False,False,4,0.0028885037,99.7689196995956,5.0,True,0.004149402738664361,0.8245408852263139,1.4514503
CNRIP1,False,False,348,0.50202197,79.89601386481803,869.0,True,0.2746039620124426,0.6755592708698229,1.1705688
PLEK,False,False,441,0.64240324,74.52339688041593,1112.0,True,0.5341721705631547,1.938901466527621,4.299992
ARHGAP25,False,False,322,0.26054305,81.39803581744656,451.0,True,0.2729545421135788,0.8181255772141777,1.6973625
AAK1,False,False,288,0.19757366,83.36221837088388,342.0,True,0.2034291071785832,0.8771331324074081,1.5811273
AC007881.3,False,False,4,0.002310803,99.7689196995956,4.0,True,0.003318506214473608,0.6822284366628558,1.1005497
AC005041.5,False,False,41,0.024841132,97.631426920855,43.0,True,0.029292537513146404,1.1055514904568535,2.1443398
CCDC142,False,False,21,0.012709416,98.78682842287695,22.0,True,0.015509495271693747,0.7071678704679532,1.1620431
TCF7L1,False,False,4,0.0028885037,99.7689196995956,5.0,True,0.008482353113038547,2.1945507549232928,4.829491
ST3GAL5,False,False,37,0.02310803,97.86250722125939,40.0,True,0.03337351071970888,0.7700221066194126,1.317023
IGKC,False,False,9,0.0768342,99.48006932409012,133.0,True,0.23579287685784228,4.347580329944519,10.138228
AC092835.1,False,False,16,0.009243212,99.07567879838244,16.0,True,0.018575524217799108,1.5141841736522959,3.1519077
DUSP2,False,False,276,0.22125939,84.05545927209705,383.0,True,0.19484514098041936,0.8236796768963947,1.4493269
AC013270.1,False,False,5,0.0028885037,99.71114962449451,5.0,True,0.005754017701099533,1.2841758732005324,2.584775
FAM178B,False,False,313,1.5950317,81.91796649335645,2761.0,True,0.5468762639635057,1.5753238903857103,3.259249
ANKRD36,False,False,449,0.31831312,74.06123627960717,551.0,True,0.29966238941564227,0.8788427419070275,1.9217172
AC092683.1,False,False,81,0.048526864,95.32062391681109,84.0,True,0.06024123321139404,0.6865924734141537,1.1113101
VWA3B,False,False,8,0.0051993066,99.53783939919121,9.0,True,0.008365388280694283,0.7987652298802228,1.3878951
AFF3,False,False,794,0.8804159,54.13056036972848,1524.0,True,0.7248156721875096,1.2996702834687823,2.4701886
RFX8,False,False,57,0.03812825,96.70710571923745,66.0,True,0.04374303815658729,0.7425189027241643,1.2492083
MAP4K4,False,False,439,0.384171,74.63893703061815,665.0,True,0.26764752847459394,0.7106050081080973,1.3000656
MFSD9,False,False,32,0.019641826,98.15135759676488,34.0,True,0.022255407900335162,0.7223477855115675,1.1994723
LINC01114,False,False,4,0.002310803,99.7689196995956,4.0,True,0.004047837375640596,0.8455469679484382,1.5032451
AC010978.1,False,False,3,0.0017331023,99.8266897746967,3.0,True,0.003914425629070237,1.2411198295833032,2.4786115
ECRG4,False,False,17,0.009820913,99.01790872328135,17.0,True,0.015997993359816214,0.8279517080080177,1.4598604
RGPD4,False,False,5,0.0028885037,99.71114962449451,5.0,True,0.005012877917591371,0.7980532781684887,1.3861398
GCC2-AS1,False,False,62,0.056614675,96.41825534373196,98.0,True,0.06232834956864069,2.4591933500267547,5.482022
RGPD5,False,False,32,0.019064125,98.15135759676488,33.0,True,0.0265720363458077,0.7424693732566465,1.2490861
AC017002.5,False,False,264,0.21779318,84.74870017331023,377.0,True,0.1501105185252873,0.9387909103866074,1.7331573
AC016745.2,False,False,8,0.0051993066,99.53783939919121,9.0,True,0.006536294374644847,1.1778369273531681,2.3225744
AC011246.1,False,False,16,0.011554015,99.07567879838244,20.0,True,0.014964160015595742,0.8701816868933431,1.5639871
LIMS2,False,False,4,0.0028885037,99.7689196995956,5.0,True,0.005492058561708869,1.2130204456836562,2.4093266
AC140481.1,False,False,1,0.00057770073,99.94222992489891,1.0,True,0.003825436484552805,1.8401097724710178,3.9555442
NCKAP5-AS1,False,False,1,0.00057770073,99.94222992489891,1.0,True,0.003364448563273501,1.711470590312745,3.6383579
CXCR4,False,False,242,0.20450607,86.01964182553438,354.0,True,0.24750713091669083,1.8892111671742746,4.076614
GTDC1,False,False,398,0.34026575,77.00751010976315,589.0,True,0.29014011883486746,0.7027383546933293,1.2709976
EPC2,False,False,303,0.19872905,82.49566724436743,344.0,True,0.1950976710068687,0.8759939888510668,1.5783186
LYPD6B,False,False,27,0.01559792,98.44020797227037,27.0,True,0.02401639677299413,0.769865824068657,1.3166378
LINC02612,False,False,2,0.0011554015,99.8844598497978,2.0,True,0.0026059417966866213,1.1484735604912184,2.2501729
TNFAIP6,False,False,7,0.006354708,99.59560947429232,11.0,True,0.019240446727659517,3.182414651434923,7.2652726
LINC01876,False,False,46,0.03812825,97.34257654534952,66.0,True,0.04131208172014438,0.8174660381019527,1.4340059
NR4A2,False,False,257,0.20277296,85.15309069901791,351.0,True,0.24434251341282628,1.0507309100246993,2.0091684
ACVR1C,False,False,5,0.0034662045,99.71114962449451,6.0,True,0.009296997044140857,2.1174884120676096,4.639478
CCDC148,False,False,8,0.0051993066,99.53783939919121,9.0,True,0.007466963851601132,1.0473319321286902,2.0007875
AC016766.1,False,False,5,0.0034662045,99.71114962449451,6.0,True,0.0048131246141422486,0.8934376126343858,1.6213294
COBLL1,False,False,198,0.13633738,88.56152512998267,236.0,True,0.12733563798889497,0.6772378941349922,1.0882446
AC019197.1,False,False,11,0.00751011,99.36452917388793,13.0,True,0.012012452230073715,0.9756111218754359,1.823945
SCN3A,False,False,8,0.0051993066,99.53783939919121,9.0,True,0.011505116279415155,1.1748113007220344,2.315114
AC073050.1,False,False,23,0.01617562,98.67128827267476,28.0,True,0.021197939706501478,0.9403126416320745,1.7369094
AC016723.1,False,False,3,0.0017331023,99.8266897746967,3.0,True,0.0027423879168590676,1.094573366632741,2.117271
DHRS9,False,False,28,0.041016754,98.38243789716927,71.0,True,0.038397576791615276,1.3818702642970777,2.8256605
PHOSPHO2,False,False,98,0.057770073,94.33853264009244,100.0,True,0.05849608154313641,0.8753510778603821,1.5767334
HAGLROS,False,False,1,0.00057770073,99.94222992489891,1.0,True,0.0018471470657800363,1.1110899033755406,2.157996
PJVK,False,False,117,0.09416522,93.24090121317158,163.0,True,0.08757136721611467,1.2350621639299184,2.463675
AC092640.1,False,False,4,0.002310803,99.7689196995956,4.0,True,0.003715194625354125,0.7068688257090846,1.1613057
CERKL,False,False,4,0.002310803,99.7689196995956,4.0,True,0.003855366649825358,0.9963843707052517,1.8751658
FRZB,False,False,1,0.0028885037,99.94222992489891,5.0,True,0.016710175999630334,3.3209084246320546,7.6067576
AC009315.1,False,False,101,0.06354708,94.16522241478914,110.0,True,0.07311220783512482,1.0344866240010007,1.9691147
FSIP2,False,False,27,0.01617562,98.44020797227037,28.0,True,0.02274095282303695,1.4354785616454526,2.9578428
AC007319.1,False,False,300,0.21721548,82.66897746967071,376.0,True,0.2529803936195998,0.8149238967478027,1.4277377
STAT4,False,False,326,0.25823224,81.16695551704217,447.0,True,0.26688296567771536,0.683482359888143,1.1998453
AC067945.4,False,False,22,0.013287118,98.72905834777586,23.0,True,0.018119458191537603,0.7787595031511052,1.3385669
CAVIN2,False,False,421,0.35932988,75.67879838243789,622.0,True,0.3283064184293669,0.8020882407687574,1.6381032
STK17B,False,False,770,0.7487002,55.51704217215483,1296.0,True,0.6610577306046964,0.9389199206154917,1.4375384
AC114760.2,False,False,300,0.21201618,82.66897746967071,367.0,True,0.25973018491914046,1.0711944272783378,2.0596254
ANKRD44,False,False,444,0.32928944,74.35008665511265,570.0,True,0.34508470948992387,0.6469495832483712,1.0648538
CLK1,False,False,533,0.4043905,69.20854997111496,700.0,True,0.38182007890235486,0.662436769036639,1.1220802
ICA1L,False,False,130,0.08087811,92.4898902368573,140.0,True,0.09193738104307998,0.7910002940462351,1.3687491
NRP2,False,False,4,0.0034662045,99.7689196995956,6.0,True,0.008211585429654016,1.893022112320142,4.0860105
DYTN,False,False,396,0.305026,77.12305025996532,528.0,True,0.3414100540840476,0.7037310246488775,1.2746657
LINC01857,False,False,5,0.004621606,99.71114962449451,8.0,True,0.012689787990414486,1.6778351928056023,3.5554228
IDH1,False,False,185,0.12305026,89.31253610629693,213.0,True,0.11155413459417671,0.7354108099158818,1.2316818
ERBB4,False,False,8,0.004621606,99.53783939919121,8.0,True,0.007159195319077302,0.9007840744197559,1.6394436
AC093865.1,False,False,24,0.01502022,98.61351819757365,26.0,True,0.020724915775820866,0.8881609459705593,1.6083187
VWC2L,False,False,1,0.00057770073,99.94222992489891,1.0,True,0.0015895426921470612,0.9607651014367599,1.7873391
LINC00607,False,False,1,0.00057770073,99.94222992489891,1.0,True,0.0016374382742049202,0.99047568781261,1.8605967
AC093382.1,False,False,2,0.0011554015,99.8844598497978,2.0,True,0.004666591315196738,1.3591252959729287,2.769578
AC098820.2,False,False,1,0.00057770073,99.94222992489891,1.0,True,0.0013555388963501119,0.8014007715855506,1.3943937
RPL37A,False,True,1685,43.68573,2.657423454650487,75620.0,True,3.672464794703211,1.6371977191725793,1.2607542
IGFBP5,False,False,4,0.009820913,99.7689196995956,17.0,True,0.04844698284502443,4.3013779600967785,10.024307
AC007563.2,False,False,3,0.0017331023,99.8266897746967,3.0,True,0.0056698600777593975,1.4289919399171036,2.9418488
CATIP-AS1,False,False,36,0.021374928,97.92027729636048,37.0,True,0.02550628660027377,0.6846985767766589,1.1066403
CYP27A1,False,False,1,0.00057770073,99.94222992489891,1.0,True,0.001301619292857291,0.760783867966161,1.2942443
INHA,False,False,4,0.002310803,99.7689196995956,4.0,True,0.004385993498379654,0.7906054733457639,1.3677756
EPHA4,False,False,4,0.002310803,99.7689196995956,4.0,True,0.003146046889011557,0.739823116042793,1.2425612
SGPP2,False,False,4,0.002310803,99.7689196995956,4.0,True,0.004272143303644644,1.0116731232133154,1.9128634
AC097662.1,False,False,17,0.010398613,99.01790872328135,18.0,True,0.013490873969858893,0.764915748463814,1.3044323
SP140,False,False,19,0.010976315,98.90236857307914,19.0,True,0.01671000127268436,0.8891156673559094,1.6106727
PTMA,False,False,1696,49.14038,2.021952628538415,85062.0,True,3.737730284466701,1.9261400910372088,2.1708515
AC073254.1,False,False,1,0.00057770073,99.94222992489891,1.0,True,0.0012938716805089548,0.7548098349451113,1.2795141
AGAP1,False,False,48,0.034084346,97.22703639514731,59.0,True,0.035554992908119774,1.1342897489577954,2.2152
HES6,False,False,277,0.57076836,83.99768919699595,988.0,True,0.24148897586442064,1.0558334103857088,2.0217495
AC093802.1,False,False,3,0.0017331023,99.8266897746967,3.0,True,0.0027728069121462297,1.5177706999961078,3.1607509
SNED1,False,False,189,0.13922589,89.08145580589255,241.0,True,0.1682609006346522,0.7981285029208148,1.3863252
IL5RA,False,False,3,0.0017331023,99.8266897746967,3.0,True,0.003557103892228236,0.7679995453923905,1.312036
BHLHE40,False,False,157,0.11669555,90.93009820912768,202.0,True,0.14001519407575247,0.7203942671734539,1.1946554
AC069277.1,False,False,131,0.13229348,92.43212016175622,229.0,True,0.12446121681831948,0.7342715484714455,1.2288728
AC022382.2,False,False,1,0.00057770073,99.94222992489891,1.0,True,0.0013549351795998784,0.8009549550764161,1.3932943
IRAK2,False,False,23,0.013864818,98.67128827267476,24.0,True,0.019933498570328268,0.8216779977534842,1.4443913
PPARG,False,False,4,0.002310803,99.7689196995956,4.0,True,0.005705877711738436,1.4614471629505628,3.0218737
CAND2,False,False,9,0.0051993066,99.48006932409012,9.0,True,0.0071349658143982815,1.2395383401336344,2.474712
IQSEC1,False,False,127,0.08665511,92.6632004621606,150.0,True,0.06638584023832991,0.8422225299923248,1.495048
EAF1-AS1,False,False,10,0.0057770074,99.42229924898902,10.0,True,0.006738630221109367,0.7568334041415371,1.2845036
DAZL,False,False,2,0.0011554015,99.8844598497978,2.0,True,0.004402951520292571,1.3424803900317148,2.7285366
KCNH8,False,False,21,0.01617562,98.78682842287695,28.0,True,0.026190938742452423,1.270003765597214,2.5498307
SGO1-AS1,False,False,31,0.023685731,98.20912767186597,41.0,True,0.02695124030537837,0.7698273085792131,1.3165427
ZNF385D,False,False,793,1.6048527,54.18833044482958,2778.0,True,1.064812661461174,1.6716484159469869,1.8063859
ZNF385D-AS1,False,False,3,0.0017331023,99.8266897746967,3.0,True,0.003339244924626858,0.7539816312747162,1.277472
ZNF385D-AS2,False,False,291,0.2270364,83.18890814558058,393.0,True,0.25279936308021966,0.7530200859831078,1.2751011
UBE2E2,False,False,275,0.23396881,84.11322934719814,405.0,True,0.217254082187782,0.7795738906130784,1.340575
NR1D2,False,False,219,0.14384748,87.34835355285962,249.0,True,0.14784959747703402,0.7318656720159953,1.2229406
THRB,False,False,290,0.2328134,83.24667822068167,403.0,True,0.2410409083632869,0.8342619389484298,1.4754196
THRB-AS1,False,False,54,0.034662046,96.88041594454073,60.0,True,0.048633255087034644,0.8191985391955798,1.4382777
RBMS3,False,False,10,0.00751011,99.42229924898902,13.0,True,0.014945693180804947,2.450952864985984,5.4617033
RBMS3-AS3,False,False,1,0.00057770073,99.94222992489891,1.0,True,0.003364448563273501,1.711470590312745,3.6383579
RBMS3-AS2,False,False,1,0.00057770073,99.94222992489891,1.0,True,0.003364448563273501,1.711470590312745,3.6383579
AC116035.1,False,False,1,0.00057770073,99.94222992489891,1.0,True,0.0018471470657800363,1.1110899033755406,2.157996
TGFBR2,False,False,375,0.27902946,78.33622183708839,483.0,True,0.2832004705886555,0.789564604896147,1.5918275
OSBPL10,False,False,95,0.06354708,94.51184286539572,110.0,True,0.08233107589387911,1.1762790871721462,2.3187332
OSBPL10-AS1,False,False,2,0.0017331023,99.8844598497978,3.0,True,0.006140596446232383,2.090679008543489,4.5733743
TMPPE,False,False,13,0.00751011,99.24898902368572,13.0,True,0.008468072464414342,0.7933243798263279,1.3744797
AC112220.2,False,False,11,0.00751011,99.36452917388793,13.0,True,0.010096735742285836,0.9954658061922463,1.8729008
AC097359.2,False,False,4,0.002310803,99.7689196995956,4.0,True,0.004056947428829153,0.7029783175394331,1.1517129
ITGA9,False,False,594,0.52513,65.68457538994801,909.0,True,0.4914611956925476,0.6544544878439649,1.092585
CTDSPL,False,False,550,0.44136336,68.2264586943963,764.0,True,0.38527592812704353,0.7000701076522279,1.2611383
SCN11A,False,False,31,0.021374928,98.20912767186597,37.0,True,0.029332264998821227,0.8180606023374133,1.4354719
TTC21A,False,False,33,0.020797227,98.09358752166378,36.0,True,0.030079565244045217,0.7194331227539184,1.1922855
CTNNB1,False,False,692,0.56556904,60.02310803004044,979.0,True,0.4848027135291655,0.6539073839984029,1.0905634
ULK4,False,False,829,0.7752744,52.10860774119006,1342.0,True,0.6393765774274112,1.0421631024758085,1.7330726
ZBTB47,False,False,11,0.006354708,99.36452917388793,11.0,True,0.011440391254756108,1.0721576368914087,2.0620003
CCDC13-AS1,False,False,2,0.0017331023,99.8844598497978,3.0,True,0.0027711372838199262,1.3620632796607066,2.7768223
KRBOX1,False,False,11,0.006932409,99.36452917388793,12.0,True,0.00885386471230352,0.7776997944878866,1.335954
SNRK-AS1,False,False,2,0.0011554015,99.8844598497978,2.0,True,0.0018674767560562392,0.8294478827360329,1.4635495
ZNF852,False,False,446,0.30560368,74.23454650491045,529.0,True,0.2950441160701283,0.6657441249320368,1.1343011
LIMD1-AS1,False,False,8,0.010398613,99.53783939919121,18.0,True,0.00959952389010949,1.8656889381564148,4.018615
CCR5AS,False,False,1,0.00057770073,99.94222992489891,1.0,True,0.0014092075112627413,0.8402560538489366,1.4901993
RBM5-AS1,False,False,2,0.0011554015,99.8844598497978,2.0,True,0.002323288529551931,0.7395172811921379,1.2418072
STAB1,False,False,9,0.006932409,99.48006932409012,12.0,True,0.010946420929566462,1.6923220233002998,3.5911431
ACTR8,False,False,76,0.04563836,95.60947429231658,79.0,True,0.04756393982296796,0.7585038235566698,1.2886224
CACNA2D3,False,False,42,0.024263432,97.5736568457539,42.0,True,0.029865813083022445,1.0051847435743742,1.8968649
ARHGEF3,False,False,281,0.20623916,83.76660889659156,357.0,True,0.23517113643952958,0.6853599889963354,1.1082712
APPL1,False,False,495,0.3691508,71.40381282495667,639.0,True,0.35905218258346444,0.7088000066606426,1.293396
ASB14,False,False,26,0.01502022,98.49797804737146,26.0,True,0.02041881932053315,0.8822989049163703,1.5938646
AC093928.1,False,False,6,0.004043905,99.65337954939342,7.0,True,0.005607247814385514,0.680262964702308,1.0957035
FLNB,False,False,216,0.14269209,87.5216637781629,247.0,True,0.1598467307981359,0.7414851086096955,1.2466593
DNASE1L3,False,False,5,0.0051993066,99.71114962449451,9.0,True,0.007464155003213577,1.9736530750715748,4.2848225
PTPRG,False,False,9,0.0051993066,99.48006932409012,9.0,True,0.006563554937798904,0.7281122934275387,1.2136859
ADAMTS9,False,False,4,0.0028885037,99.7689196995956,5.0,True,0.004668800030126705,1.6047386706121676,3.3751884
ADAMTS9-AS2,False,False,5,0.004043905,99.71114962449451,7.0,True,0.011585537256419712,2.683694553678559,6.035576
MAGI1,False,False,10,0.013287118,99.42229924898902,23.0,True,0.017617227076615085,2.2641071186771606,5.0009966
FRMD4B,False,False,663,0.67128825,61.69844020797227,1162.0,True,0.5866051811657441,0.8408831026370124,1.1569073
AC097634.1,False,False,8,0.0051993066,99.53783939919121,9.0,True,0.009584851575495556,1.4857036014935114,3.081683
GXYLT2,False,False,22,0.012709416,98.72905834777586,22.0,True,0.016767272579656982,0.8143899226552002,1.426421
LINC02018,False,False,45,0.027151935,97.4003466204506,47.0,True,0.03883825415799213,1.1300299686844728,2.2046964
ROBO2,False,False,10,0.00808781,99.42229924898902,14.0,True,0.010103013274546296,1.7028626948024368,3.6171334
VGLL3,False,False,2,0.0011554015,99.8844598497978,2.0,True,0.0037665946463405174,1.6124573520499268,3.3942204
PROS1,False,False,51,0.03986135,97.05372616984403,69.0,True,0.041464210051256355,0.9343948020126158,1.7223177
AC106719.1,False,False,1,0.00057770073,99.94222992489891,1.0,True,0.0016139906706014587,0.9760407030586,1.8250043
TMEM45A,False,False,74,0.04621606,95.72501444251877,80.0,True,0.05025905478830837,1.0232509430728398,1.9414108
NFKBIZ,False,False,552,0.47602543,68.1109185441941,824.0,True,0.46059660657446994,1.0047389981944765,2.3869138
RETNLB,False,False,1,0.00057770073,99.94222992489891,1.0,True,0.0016799219100995313,1.0161112377059933,1.9238064
PHLDB2,False,False,75,0.058925476,95.66724436741768,102.0,True,0.06833648982565892,1.3946786497325228,2.857242
CD200,False,False,77,0.04621606,95.55170421721549,80.0,True,0.06274289488803142,0.7589577624843833,1.2897416
BTLA,False,False,3,0.0017331023,99.8266897746967,3.0,True,0.004398309047211018,1.463474000597966,3.0268712
CCDC80,False,False,30,0.025418833,98.26689774696708,44.0,True,0.032547363744724174,1.0889545996295373,2.1034167
ZBTB20,False,False,1340,2.9832466,22.588099364529178,5164.0,True,1.5019877226005127,1.4596663889224644,1.093462
ZBTB20-AS1,False,False,11,0.006354708,99.36452917388793,11.0,True,0.009746329862450042,0.7057824524682502,1.158627
AC026341.1,False,False,72,0.048526864,95.84055459272098,84.0,True,0.054251874624129684,0.8405025522238047,1.490807
LSAMP,False,False,12,0.006932409,99.30675909878683,12.0,True,0.009774881522741526,0.6918585861975058,1.1242949
AC092691.1,False,False,1,0.0017331023,99.94222992489891,3.0,True,0.004114190098095111,1.9130236375747134,4.1353283
CSTA,False,False,19,0.014442518,98.90236857307914,25.0,True,0.02080738641049561,1.5802324748995504,3.3147633
ITGB5,False,False,20,0.014442518,98.84459849797804,25.0,True,0.015619443224565899,0.9232248881995002,1.694776
AC092903.2,False,False,13,0.00751011,99.24898902368572,13.0,True,0.012040208158106785,0.8557700116724971,1.5284522
ALG1L,False,False,19,0.010976315,98.90236857307914,19.0,True,0.01703463786036224,1.5308174798678054,3.1929204
UROC1,False,False,1,0.00057770073,99.94222992489891,1.0,True,0.0014374979595962367,0.8601467602615623,1.5392439
GATA2,False,False,541,0.5609474,68.74638937030618,971.0,True,0.4784455308191876,1.0965655251236153,2.72622
GP9,False,False,62,0.0785673,96.41825534373196,136.0,True,0.07738278110079193,1.5827624362184323,3.3210015
AC137695.3,False,False,8,0.004621606,99.53783939919121,8.0,True,0.0066605065546241765,1.1690660195559859,2.300948
PIK3R4,False,False,211,0.14442518,87.8105141536684,250.0,True,0.13458247282768676,0.6815003579873339,1.0987545
AC055733.2,False,False,115,0.07394569,93.35644136337378,128.0,True,0.08241158249164994,0.6701544064456244,1.0707787
TMEM108,False,False,18,0.011554015,98.96013864818023,20.0,True,0.019296119918440584,1.5455806450477787,3.229322
BFSP2,False,False,38,0.03004044,97.80473714615829,52.0,True,0.025700511812394657,1.4005642320104992,2.8717544
TF,False,False,13,0.00808781,99.24898902368572,14.0,True,0.015042363378694005,1.7306930847641164,3.6857548
AMOTL2,False,False,2,0.0011554015,99.8844598497978,2.0,True,0.0028164258733956197,1.059437034089062,2.030635
AC092969.1,False,False,106,0.06874639,93.87637203928365,119.0,True,0.08138961146722798,0.6829778522791675,1.1023976
PPP2R3A,False,False,98,0.06239168,94.33853264009244,108.0,True,0.07991512324238141,0.7596254169522544,1.2913879
SLC9A9,False,False,210,0.17619874,87.8682842287695,305.0,True,0.19752602463448524,0.8996762335264589,1.636712
AC025566.1,False,False,1,0.00057770073,99.94222992489891,1.0,True,0.0012786497517094837,0.7429679244354709,1.2503154
CPA3,False,False,215,0.18890814,87.579433853264,327.0,True,0.18241513909589757,0.6933760979127354,1.1280366
TM4SF1,False,False,199,0.14500289,88.50375505488157,251.0,True,0.16603295906706653,0.7331964971809936,1.2262219
ERICH6,False,False,17,0.011554015,99.01790872328135,20.0,True,0.01590197286785483,0.8190646976382203,1.4379476
MED12L,False,False,934,1.1224725,46.04274985557482,1943.0,True,0.8337866928046851,1.057230686497602,1.189781
P2RY14,False,False,775,0.88734835,55.22819179664933,1536.0,True,0.7460988478959737,1.165152313886356,2.0851302
LINC02066,False,False,2,0.0011554015,99.8844598497978,2.0,True,0.0030129472048982873,1.0349181834649523,1.9701788
AC117394.2,False,False,2,0.0011554015,99.8844598497978,2.0,True,0.0021375181600103306,0.9647336029540443,1.7971243
MME,False,False,16,0.018486423,99.07567879838244,32.0,True,0.03600398516635203,2.0124908272451685,4.380585
MME-AS1,False,False,2,0.0011554015,99.8844598497978,2.0,True,0.0024286858990736518,1.056680927756621,2.0238392
TIPARP,False,False,110,0.07105719,93.64529173887925,123.0,True,0.07936192864144367,0.7116987487176416,1.1732149
MLF1,False,False,172,0.13056037,90.06354708261121,226.0,True,0.1586624222559462,0.8497025271897075,1.5134915
LXN,False,False,543,0.81860197,68.63084922010398,1417.0,True,0.4012770738227256,0.6468566490464582,1.0645105
IL12A-AS1,False,False,251,0.19584055,85.49971114962449,339.0,True,0.22522580070142242,0.7344227795621516,1.2292457
SERPINI2,False,False,20,0.013287118,98.84459849797804,23.0,True,0.017235836887843546,0.6779151822149206,1.0899146
AC124893.1,False,False,1,0.00057770073,99.94222992489891,1.0,True,0.0012023658957140693,0.6814162850202269,1.0985472
SKIL,False,False,507,0.44194108,70.7105719237435,765.0,True,0.44649147578787024,0.7927758303690207,1.6036932
FNDC3B,False,False,639,0.57943386,63.084922010398614,1003.0,True,0.46136052810843564,0.8714578924892463,1.8944296
AC068759.1,False,False,3,0.002310803,99.8266897746967,4.0,True,0.0028530247266339613,0.6919391908969263,1.1244936
NLGN1,False,False,435,0.43674177,74.87001733102254,756.0,True,0.4252013056426998,0.9636332158855122,2.2350247
NAALADL2,False,False,685,0.6926632,60.427498555748116,1199.0,True,0.6035077462332563,0.9299524302620567,1.4118688
AC110992.1,False,False,1,0.00057770073,99.94222992489891,1.0,True,0.0012023658957140693,0.6814162850202269,1.0985472
KCNMB2-AS1,False,False,3,0.0034662045,99.8266897746967,6.0,True,0.002681426704364825,1.3078965129476003,2.643263
AC069431.1,False,False,10,0.0057770074,99.42229924898902,10.0,True,0.008082868278646667,0.9569515402610717,1.777936
KLHL24,False,False,575,0.44367418,66.78220681686886,768.0,True,0.42297939422571573,0.6590301187676266,1.1094923
LINC02069,False,False,4,0.002310803,99.7689196995956,4.0,True,0.004252423194143476,0.7063230660494373,1.15996
KNG1,False,False,2,0.0011554015,99.8844598497978,2.0,True,0.0024954053875018236,0.772838803392707,1.3239683
ST6GAL1,False,False,405,0.2952051,76.60311958405546,511.0,True,0.28982723836657764,0.6905097150709308,1.225812
AC072022.2,False,False,3,0.0017331023,99.8266897746967,3.0,True,0.0031229165733651326,1.123762939840843,2.1892438
LPP,False,False,543,0.43847486,68.63084922010398,759.0,True,0.43071435777690215,0.7252449662404404,1.3541614
TPRG1,False,False,3,0.002310803,99.8266897746967,4.0,True,0.007717188246354278,2.2769630016332267,5.032696
P3H2,False,False,3,0.0017331023,99.8266897746967,3.0,True,0.0030789662410347337,0.8267338979989187,1.4568577
AC026320.1,False,False,1,0.00057770073,99.94222992489891,1.0,True,0.0013318099162418619,0.7837286929061744,1.3508195
HES1,False,False,25,0.01617562,98.55574812247256,28.0,True,0.024661846245711733,0.7707808944554358,1.318894
MUC20,False,False,16,0.009820913,99.07567879838244,17.0,True,0.012507813052628351,0.8206517115205382,1.4418608
TNK2,False,False,145,0.08665511,91.62333911034084,150.0,True,0.1020862256011148,0.8103397453080243,1.4164345
TFRC,False,False,596,1.1686887,65.56903523974582,2023.0,True,0.5206988913716379,0.9304211008430944,2.1123033
UBXN7-AS1,False,False,2,0.0017331023,99.8844598497978,3.0,True,0.001864435995811704,0.7445651758395071,1.2542537
SMCO1,False,False,1,0.00057770073,99.94222992489891,1.0,True,0.001301619292857291,0.760783867966161,1.2942443
CPLX1,False,False,4,0.002310803,99.7689196995956,4.0,True,0.005655693313390901,1.3347427490124477,2.7094579
AC092535.4,False,False,13,0.00808781,99.24898902368572,14.0,True,0.012237640105226023,0.8850696645055637,1.6006964
LYAR,False,False,573,0.81686884,66.89774696707106,1414.0,True,0.410868816929415,0.6500022318966654,1.0761336
AC113615.1,False,False,1,0.00057770073,99.94222992489891,1.0,True,0.0012261027303786768,0.7009775338277081,1.1467795
AC105345.1,False,False,5,0.0028885037,99.71114962449451,5.0,True,0.0035648829353527012,0.6975521531763582,1.1383336
AC005674.2,False,False,8,0.004621606,99.53783939919121,8.0,True,0.009907727425678237,1.9074523481623957,4.121591
CLNK,False,False,36,0.024841132,97.92027729636048,43.0,True,0.03139525960438289,0.9602005260412486,1.7859471
AC025539.1,False,False,6,0.0034662045,99.65337954939342,6.0,True,0.005274514250468389,0.8591882701539693,1.5368806
LINC01182,False,False,6,0.0034662045,99.65337954939342,6.0,True,0.00602006962696518,0.6773045177548891,1.0884088
AC098829.1,False,False,13,0.009243212,99.24898902368572,16.0,True,0.01312593598157343,0.9171008738425528,1.679676
TAPT1,False,False,363,0.26400924,79.02946273830156,457.0,True,0.23564559939868757,0.8645057535342713,1.549992
LDB2,False,False,6,0.009820913,99.65337954939342,17.0,True,0.012144639015847352,2.8112233208837383,6.350024
AC106894.1,False,False,1,0.00057770073,99.94222992489891,1.0,True,0.0013972376548550603,0.8317197053538522,1.4691511
LINC02261,False,False,1,0.00057770073,99.94222992489891,1.0,True,0.0013364888921812612,0.787238064744283,1.3594725
DTHD1,False,False,1,0.00057770073,99.94222992489891,1.0,True,0.001425378610015919,0.8516740765764801,1.5183527
RELL1,False,False,633,0.5280185,63.43154246100519,914.0,True,0.4793099510804036,0.6750255815523779,1.1685969
RHOH,False,False,572,0.48469093,66.95551704217215,839.0,True,0.46514037283416976,0.9354653123220712,2.1309419
LINC02265,False,False,138,0.09994223,92.02772963604853,173.0,True,0.11090577479394279,0.7377157181148566,1.237365
CHRNA9,False,False,1,0.00057770073,99.94222992489891,1.0,True,0.0012479750489651097,0.7186701568416485,1.1904043
APBB2,False,False,87,0.06008088,94.97400346620451,104.0,True,0.07283931839023586,0.743729661253365,1.2521937
LIMCH1,False,False,183,0.13113807,89.42807625649914,227.0,True,0.1596626468592479,0.7420846291447278,1.2481375
AC080132.1,False,False,31,0.017908724,98.20912767186597,31.0,True,0.021452798101034638,0.777663826209903,1.3358653
AC107398.5,False,False,1,0.00057770073,99.94222992489891,1.0,True,0.0014432927701215521,0.8641727603952332,1.5491709
AC110792.3,False,False,4,0.002310803,99.7689196995956,4.0,True,0.0037132263982092694,0.7721517192328604,1.3222741
KIT,False,False,395,0.32582322,77.18082033506644,564.0,True,0.2822912464292834,0.7917285404560003,1.5998234
KDR,False,False,1,0.00057770073,99.94222992489891,1.0,True,0.0018471470657800363,1.1110899033755406,2.157996
NMU,False,False,241,0.6441363,86.07741190063547,1115.0,True,0.2663100780415209,1.1716145284981274,3.0035317
HOPX,False,False,903,1.5205084,47.83362218370883,2632.0,True,1.0431573282981672,1.1857888576229707,1.4959046
AC069307.1,False,False,2,0.0011554015,99.8844598497978,2.0,True,0.004131719511598076,1.7692546203853554,3.7808363
EPHA5,False,False,1,0.00057770073,99.94222992489891,1.0,True,0.0012479750489651097,0.7186701568416485,1.1904043
AC111000.4,False,False,2,0.0017331023,99.8844598497978,3.0,True,0.003519327494595407,1.1229031484545746,2.1871238
AC009570.2,False,False,4,0.0028885037,99.7689196995956,5.0,True,0.00550219778671422,1.1805012510001727,2.3291438
JCHAIN,False,False,17,0.03986135,99.01790872328135,69.0,True,0.0896280557113477,3.481663848562464,8.003133
RASSF6,False,False,73,0.05603697,95.78278451761987,97.0,True,0.07697609619591464,1.036470033035949,1.9740052
CXCL8,False,False,138,0.42980936,92.02772963604853,744.0,True,0.4476848072614995,3.507490804653156,11.634777
PF4,False,False,29,0.3136915,98.32466782206816,543.0,True,0.2672296331598809,3.9182342122588842,13.152506
PPBP,False,False,16,0.022530328,99.07567879838244,39.0,True,0.020032902572037926,1.4229465277763507,2.9269423
CXCL3,False,False,170,0.20103987,90.1790872328134,348.0,True,0.24956238610210893,2.185441874884218,4.8070316
CXCL2,False,False,156,0.21432698,90.98786828422877,371.0,True,0.26278621062009205,2.732821655714802,8.772314
EPGN,False,False,54,0.035239745,96.88041594454073,61.0,True,0.04265800481540079,0.7701146120616446,1.3172512
EREG,False,False,540,0.5609474,68.80415944540728,971.0,True,0.49473572555420825,0.9472402026817904,2.174451
AREG,False,False,747,2.6551127,56.845753899480066,4596.0,True,1.447433122367703,2.7914508986856927,3.2405772
CXCL9,False,False,1,0.0011554015,99.94222992489891,2.0,True,0.0016471875438437214,0.9964168436640086,1.8752458
CCNG2,False,False,84,0.051415365,95.14731369150779,89.0,True,0.06062931355801505,0.8126677676398499,1.4221747
AC098818.2,False,False,55,0.033506643,96.82264586943963,58.0,True,0.0409497383896049,1.142393727032056,2.2351818
AC114781.2,False,False,9,0.0051993066,99.48006932409012,9.0,True,0.008241908171675374,0.8398914206387208,1.4893003
HELQ,False,False,185,0.11669555,89.31253610629693,202.0,True,0.12549138356159942,0.7144509979011352,1.1800011
GPAT3,False,False,136,0.091854416,92.14326978625073,159.0,True,0.11270494764325859,0.7898775849531653,1.3659809
ARHGAP24,False,False,8,0.008665511,99.53783939919121,15.0,True,0.026672040225049827,2.331804743248958,5.167919
MAPK10,False,False,23,0.013864818,98.67128827267476,24.0,True,0.01885115624138529,0.6754133954896034,1.0837458
AC104827.1,False,False,4,0.002310803,99.7689196995956,4.0,True,0.0039532884215742374,0.6989440459022458,1.1417655
AFF1,False,False,677,0.55979204,60.88965915655691,969.0,True,0.46272301997165804,0.7235286199569111,1.3478193
SPARCL1,False,False,4,0.002310803,99.7689196995956,4.0,True,0.003793940484292543,0.7086617312676292,1.1657264
SPP1,False,False,3,0.0034662045,99.8266897746967,6.0,True,0.003527183542315835,0.8750668646251105,1.5760325
SNCA,False,False,872,1.6845754,49.62449451184286,2916.0,True,0.7386889163624827,0.888053297813508,1.2919323
AC004054.1,False,False,1,0.00057770073,99.94222992489891,1.0,True,0.0015435867505937543,0.9314044857822268,1.7149445
HPGDS,False,False,267,0.22530329,84.57538994800693,390.0,True,0.2204713038056785,0.7665057016546702,1.3083527
BMPR1B,False,False,65,0.041594453,96.24494511842865,72.0,True,0.05639852890003305,0.807675633011231,1.4098656
LINC02267,False,False,5,0.0028885037,99.71114962449451,5.0,True,0.004551919782189911,1.4225089030737403,2.9258635
STPG2,False,False,66,0.046793763,96.18717504332756,81.0,True,0.06385488169357548,1.025226961271311,1.9462831
AP002026.1,False,False,29,0.017331023,98.32466782206816,30.0,True,0.02507956661093391,0.6973919294285165,1.1379385
EMCN,False,False,155,0.118428655,91.04563835932986,205.0,True,0.14380584890936093,0.8478070819446226,1.5088179
BANK1,False,False,170,0.121317156,90.1790872328134,210.0,True,0.15776672766940594,1.426197000837729,2.9349573
NFKB1,False,False,782,0.779896,54.82380127094165,1350.0,True,0.6178631460650612,0.8723839752682587,1.2470788
SLC9B1,False,False,38,0.026574235,97.80473714615829,46.0,True,0.03334491546017847,1.0277943018708808,1.9526135
AC004053.1,False,False,82,0.072790295,95.26285384171,126.0,True,0.08870377166287768,1.2877953104052795,2.5936995
AC096577.1,False,False,92,0.0745234,94.68515309069902,129.0,True,0.09026963888243862,0.8582451978674618,1.5345552
RPL34-AS1,False,True,26,0.01559792,98.49797804737146,27.0,True,0.020962851555779753,0.9576922862071043,1.7797625
RPL34,False,True,1703,77.054306,1.6175621028307385,133381.0,True,4.361500607865148,1.82271193707076,1.6741513
CAMK2D,False,False,53,0.03870595,96.93818601964182,67.0,True,0.055723002973385415,1.3959604150580005,2.8604026
TNIP3,False,False,4,0.002310803,99.7689196995956,4.0,True,0.006623362022170357,1.238445366602851,2.4720168
AC093821.1,False,False,1,0.00057770073,99.94222992489891,1.0,True,0.0021408150039250303,1.258781035403085,2.5221586
AC093916.1,False,False,7,0.004621606,99.59560947429232,8.0,True,0.008639805510006525,1.2955962399050245,2.612934
PCDH18,False,False,1,0.00057770073,99.94222992489891,1.0,True,0.003364448563273501,1.711470590312745,3.6383579
AC109927.1,False,False,15,0.009820913,99.13344887348353,17.0,True,0.016010582100299545,1.2035980238000206,2.3860936
TBC1D9,False,False,11,0.006932409,99.36452917388793,12.0,True,0.01100623663369872,1.1451298997098658,2.2419283
IL15,False,False,111,0.073368,93.58752166377816,127.0,True,0.09496103875685209,0.9195827984781249,1.6857957
INPP4B,False,False,904,1.1478914,47.775852108607744,1987.0,True,0.8821444985878654,1.0753858898493784,1.2330122
USP38,False,False,143,0.08954362,91.73887926054304,155.0,True,0.0840387510599799,0.7548049117557564,1.2795019
AC097658.2,False,False,1,0.0028885037,99.94222992489891,5.0,True,0.0013559013291064587,0.8016683247464796,1.3950534
GYPB,False,False,187,0.2923166,89.19699595609474,506.0,True,0.1378380980012567,0.8176618975342447,1.4344888
GYPA,False,False,179,0.29578277,89.65915655690353,512.0,True,0.12835201981090014,1.0034968277317442,1.892703
HHIP-AS1,False,False,5,0.0028885037,99.71114962449451,5.0,True,0.004883160750994086,0.6878573096472017,1.1144289
TTC29,False,False,3,0.002310803,99.8266897746967,4.0,True,0.0030807227695360566,0.6993635885792379,1.1428
FAM160A1,False,False,2,0.002310803,99.8844598497978,4.0,True,0.004207295940697314,1.2421457729167609,2.481141
ARFIP1,False,False,187,0.119584054,89.19699595609474,207.0,True,0.11227853721110927,0.683581601338018,1.1038862
SFRP2,False,False,1,0.00057770073,99.94222992489891,1.0,True,0.0033459526754634154,1.7059487633664443,3.6247427
GUCY1A1,False,False,569,0.45522818,67.12882726747544,788.0,True,0.4353944695105717,0.7114082144263159,1.3030335
AC093817.2,False,False,2,0.0011554015,99.8844598497978,2.0,True,0.0018471470657800363,1.1110899033755406,2.157996
C4orf46,False,False,196,0.13056037,88.67706528018486,226.0,True,0.11200217238451701,0.8922502850214332,1.6184018
MARCH1,False,False,16,0.010976315,99.07567879838244,19.0,True,0.025526482623030894,1.4876642702720086,3.0865173
LINC02275,False,False,1,0.00057770073,99.94222992489891,1.0,True,0.0024200104831500753,1.3815059697331344,2.8247623
HPGD,False,False,79,0.049682263,95.43616406701328,86.0,True,0.05794964417847063,0.9660604028534583,1.8003958
GPM6A,False,False,13,0.011554015,99.24898902368572,20.0,True,0.015722702770655964,1.9124243279761848,4.1338506
VEGFC,False,False,2,0.0011554015,99.8844598497978,2.0,True,0.004272797496023811,1.5423525893583336,3.2213626
AC097518.2,False,False,1,0.00057770073,99.94222992489891,1.0,True,0.003364448563273501,1.711470590312745,3.6383579
STOX2,False,False,37,0.025996534,97.86250722125939,45.0,True,0.03765044935550166,0.8819507108994283,1.593006
AC084871.1,False,False,30,0.017908724,98.26689774696708,31.0,True,0.02438012506982572,0.6892370168498569,1.1178309
AC112722.1,False,False,2,0.0011554015,99.8844598497978,2.0,True,0.0027826333912957225,1.195127228241176,2.3652072
AC106897.1,False,False,6,0.0034662045,99.65337954939342,6.0,True,0.007071400429989764,1.1434013960575315,2.2376664
F11-AS1,False,False,5,0.0034662045,99.71114962449451,6.0,True,0.005094271868936379,0.7166642876183088,1.1854584
EXOC3-AS1,False,False,96,0.058925476,94.45407279029463,102.0,True,0.061943581683623884,0.7040158320569688,1.154271
LINC02102,False,False,4,0.002310803,99.7689196995956,4.0,True,0.004739257816233972,1.404411664052687,2.8812408
SEMA5A,False,False,5,0.0034662045,99.71114962449451,6.0,True,0.005311814324575231,1.356749752057535,2.7637208
ANKRD33B,False,False,183,0.12362796,89.42807625649914,214.0,True,0.1369807519975747,0.7811411832017978,1.3444395
AC012629.2,False,False,6,0.0034662045,99.65337954939342,6.0,True,0.006190742257144402,1.2401721981358351,2.4762747
LINC02220,False,False,1,0.00057770073,99.94222992489891,1.0,True,0.0015895426921470612,0.9607651014367599,1.7873391
MYO10,False,False,19,0.013287118,98.90236857307914,23.0,True,0.014805106968242103,1.8748503361323028,4.041204
CDH12,False,False,7,0.004043905,99.59560947429232,7.0,True,0.004793580257676013,0.8911769264636311,1.6157552
CDH9,False,False,269,0.26920855,84.45984979780474,466.0,True,0.3002398995364969,1.2589898522937935,3.3263905
AC113386.1,False,False,2,0.0011554015,99.8844598497978,2.0,True,0.002276904225682563,0.8706863354887845,1.5652314
RAI14,False,False,13,0.00808781,99.24898902368572,14.0,True,0.008804035900963314,0.9550380122838553,1.7732178
SLC1A3,False,False,12,0.006932409,99.30675909878683,12.0,True,0.011848570640070454,0.9970871777085584,1.8768986
FYB1,False,False,138,0.113807045,92.02772963604853,197.0,True,0.11270089647540318,0.7751318040317137,1.3296221
LINC00603,False,False,1,0.00057770073,99.94222992489891,1.0,True,0.003108425804727585,1.6321948443474947,3.442887
GHR,False,False,3,0.0017331023,99.8266897746967,3.0,True,0.005898279507659694,1.4598662926531378,3.0179758
SELENOP,False,False,204,0.1496245,88.21490467937608,259.0,True,0.1735773394100668,0.931176004727778,1.7143811
HMGCS1,False,False,191,0.13056037,88.96591565569035,226.0,True,0.13512026352696135,0.8645173375535865,1.5500205
AC114956.3,False,False,18,0.010976315,98.96013864818023,19.0,True,0.016681274142182213,0.8175686278232465,1.4342588
ARL15,False,False,769,0.88099366,55.57481224725592,1525.0,True,0.6536589162708537,0.9801577854488974,1.555582
ESM1,False,False,1,0.0011554015,99.94222992489891,2.0,True,0.006717616134623618,2.4046178713969755,5.347455
PDE4D,False,False,810,0.9110341,53.20623916811091,1577.0,True,0.7076538398504689,0.884964282061505,1.28309
ZSWIM6,False,False,563,0.45522818,67.47544771808202,788.0,True,0.3985071866997514,0.6626831142686614,1.1229905
LRRC70,False,False,6,0.0034662045,99.65337954939342,6.0,True,0.005331124918165872,0.816728530332385,1.4321873
CCNB1,False,False,257,0.42923164,85.15309069901791,743.0,True,0.18726782536502504,0.7347006813520462,1.2299309
SMN1,False,False,49,0.028307337,97.1692663200462,49.0,True,0.030855552719066908,1.0566926796542087,2.0238683
AC113404.1,False,False,2,0.0017331023,99.8844598497978,3.0,True,0.0027760047069469375,0.936036007466217,1.7263645
CRHBP,False,False,834,1.4355863,51.81975736568458,2485.0,True,1.0407816374405798,1.3732812105006906,1.9423625
RASGRF2,False,False,9,0.006932409,99.48006932409012,12.0,True,0.009596698155017739,1.7456239541819625,3.72257
ACOT12,False,False,19,0.012709416,98.90236857307914,22.0,True,0.016197248207910898,0.9274531481863231,1.7052016
VCAN,False,False,3,0.0028885037,99.8266897746967,5.0,True,0.006388799481835235,1.4415179690399011,2.9727342
LUCAT1,False,False,9,0.006354708,99.48006932409012,11.0,True,0.009740566117966682,1.3990763067969656,2.8680856
AC093298.2,False,False,3,0.0034662045,99.8266897746967,6.0,True,0.003357117818187382,0.6931431579764457,1.1274623
NR2F1,False,False,2,0.0011554015,99.8844598497978,2.0,True,0.0018471470657800363,1.1110899033755406,2.157996
KIAA0825,False,False,108,0.0762565,93.76083188908146,132.0,True,0.08788121157555732,0.9231341162775014,1.6945522
GLRX,False,False,843,1.7689197,51.2998266897747,3062.0,True,0.7335923946493481,0.8592117765852444,1.2093732
ELL2,False,False,439,0.36106297,74.63893703061815,625.0,True,0.32968325795429165,0.659980108512466,1.1130027
AC008883.3,False,False,5,0.0028885037,99.71114962449451,5.0,True,0.004886034259124179,0.8971974905188551,1.6306001
AC008883.1,False,False,1,0.00057770073,99.94222992489891,1.0,True,0.0024200104831500753,1.3815059697331344,2.8247623
SLCO4C1,False,False,2,0.0017331023,99.8844598497978,3.0,True,0.0020543838690742747,0.7333609730584939,1.2266275
EFNA5,False,False,3,0.0017331023,99.8266897746967,3.0,True,0.004215069060605194,1.519070173019573,3.163955
LINC02208,False,False,12,0.00808781,99.30675909878683,14.0,True,0.01409325102063548,1.2896951514141828,2.598384
AC008568.1,False,False,125,0.09589832,92.7787406123628,166.0,True,0.11478373252813387,0.7232666246155425,1.2017379
ZNF608,False,False,23,0.013864818,98.67128827267476,24.0,True,0.021529050914534133,1.4562564589331157,3.009075
MARCH3,False,False,398,0.34719816,77.00751010976315,601.0,True,0.2859625142225563,0.6844595817244279,1.2034562
SLC27A6,False,False,24,0.01617562,98.61351819757365,28.0,True,0.019764445615703976,0.8454568079433521,1.5030228
ACSL6,False,False,6,0.004043905,99.65337954939342,7.0,True,0.0041278416673634815,0.775958103432567,1.3316596
IRF1,False,False,561,0.5840555,67.59098786828423,1011.0,True,0.46665733078293775,1.0055558192612497,2.389932
AFF4,False,False,722,0.57654536,58.290005777007515,998.0,True,0.5083299048938329,0.6747553981540293,1.1675985
CATSPER3,False,False,4,0.002310803,99.7689196995956,4.0,True,0.005579616155401901,1.2361976046799281,2.4664745
FAM13B,False,False,915,0.915078,47.14038128249567,1584.0,True,0.6790814065954361,0.8093778362600951,1.0667232
EGR1,False,False,322,0.36048526,81.39803581744656,624.0,True,0.34995278728814433,1.2180764526699686,3.1752121
MZB1,False,False,464,0.5320624,73.1946851530907,921.0,True,0.4754783769085921,1.0707452367909682,2.630812
ECSCR,False,False,5,0.0028885037,99.71114962449451,5.0,True,0.0032282871983195785,0.7998667104567473,1.390611
NRG2,False,False,12,0.006932409,99.30675909878683,12.0,True,0.009936535054411024,0.9223022407537251,1.6925011
AC011379.1,False,False,4,0.002310803,99.7689196995956,4.0,True,0.00482183843113456,1.2885621672715308,2.59559
SLC4A9,False,False,2,0.0011554015,99.8844598497978,2.0,True,0.0024061214385855244,0.8043332464285706,1.4016242
AC008781.2,False,False,20,0.011554015,98.84459849797804,20.0,True,0.014665265194098252,0.7035188849398053,1.1530458
SPRY4-AS1,False,False,5,0.0028885037,99.71114962449451,5.0,True,0.004587773671422718,0.7198630057096268,1.1933455
FGF1,False,False,5,0.0028885037,99.71114962449451,5.0,True,0.005481945030815781,1.3283434578582949,2.693679
ARHGAP26,False,False,378,0.2980936,78.1629116117851,516.0,True,0.27695455939019015,0.7613963992263778,1.4877437
ARHGAP26-AS1,False,False,64,0.03928365,96.30271519352975,68.0,True,0.04639608651494235,0.7680885588309313,1.3122555
AC132803.1,False,False,1,0.0011554015,99.94222992489891,2.0,True,0.001353278507086934,0.7997306942431749,1.3902757
PPP2R2B,False,False,39,0.03004044,97.74696707105718,52.0,True,0.03809946599876928,0.7957730634194884,1.3805174
DPYSL3,False,False,224,0.16868863,87.05950317735413,292.0,True,0.20416682172599088,0.9499790082423218,1.7607439
ABLIM3,False,False,2,0.0011554015,99.8844598497978,2.0,True,0.0022713321414818397,0.9553939985190687,1.7740955
TIGD6,False,False,33,0.019641826,98.09358752166378,34.0,True,0.02677351823238301,1.2169749918873267,2.4190774
CD74,False,False,1622,12.423454,6.2969381860196405,21505.0,True,2.7913809411426285,2.5633874092637674,1.7848928
SLC36A1,False,False,59,0.036972847,96.59156556903524,64.0,True,0.03339025085416612,1.0172390095302568,1.9265872
SPARC,False,False,174,0.12073946,89.94800693240902,209.0,True,0.12380342243671036,0.9638540809373581,1.7949556
ITK,False,False,5,0.010398613,99.71114962449451,18.0,True,0.010836843430868659,2.2091408593142123,4.865466
ADAM19,False,False,12,0.00808781,99.30675909878683,14.0,True,0.015782349024977545,1.2752213379995985,2.5626957
EBF1,False,False,6,0.0034662045,99.65337954939342,6.0,True,0.0100349857112511,1.3982472716685874,2.8660414
CCNJL,False,False,3,0.002310803,99.8266897746967,4.0,True,0.003551084612112225,0.824213085892875,1.4506421
ZBED8,False,False,13,0.00751011,99.24898902368572,13.0,True,0.010431461118395238,0.7053728998780847,1.1576172
PTTG1,False,False,621,1.202773,64.12478336221837,2082.0,True,0.5759453273023628,1.1500711112953264,2.04196
MIR3142HG,False,False,25,0.014442518,98.55574812247256,25.0,True,0.020711725217284493,0.7667190807622826,1.3088788
TENM2,False,False,24,0.018486423,98.61351819757365,32.0,True,0.02110080594825703,1.231877880046223,2.4558234
KCNIP1,False,False,27,0.017331023,98.44020797227037,30.0,True,0.02404431027614908,0.8137929291295818,1.424949
SH3PXD2B,False,False,10,0.006354708,99.42229924898902,11.0,True,0.012514561690545248,1.8638176597921907,4.014001
AC011407.1,False,False,1,0.00057770073,99.94222992489891,1.0,True,0.0013318099162418619,0.7837286929061744,1.3508195
DUSP1,False,False,1202,3.9716926,30.56036972848065,6875.0,True,1.7612338070399742,2.0976137704085454,1.1710366
CPLX2,False,False,6,0.0034662045,99.65337954939342,6.0,True,0.005794397519650428,1.1527472883703576,2.2607107
ARL10,False,False,56,0.034084346,96.76487579433854,59.0,True,0.043299699804835036,0.6813538261259426,1.0983932
DBN1,False,False,158,0.10340843,90.87232813402657,179.0,True,0.1178960672941614,0.6810954590685592,1.0977561
COL23A1,False,False,42,0.035239745,97.5736568457539,61.0,True,0.033266996140150815,1.200245958901761,2.3778284
AC008659.1,False,False,2,0.0011554015,99.8844598497978,2.0,True,0.0023649387026280807,1.071969326703919,2.061536
HNRNPH1,False,False,836,1.0398613,51.70421721548237,1800.0,True,0.6917572965032063,1.183458296155418,2.137531
RNF130,False,False,1353,2.5956094,21.83708838821491,4493.0,True,1.3041094231663648,1.2707204434750785,1.0925088
BTNL9,False,False,4,0.0034662045,99.7689196995956,6.0,True,0.0036908878907618635,1.8042369308560426,3.8670924
AC008443.5,False,False,108,0.067013286,93.76083188908146,116.0,True,0.06572186754679288,0.7158080799528048,1.1833472
FOXC1,False,False,1,0.0017331023,99.94222992489891,3.0,True,0.010059576676947634,2.81008294707154,6.3472123
GMDS-DT,False,False,639,0.58001155,63.084922010398614,1004.0,True,0.5081260016786371,0.7118081128195689,1.3045112
SERPINB9,False,False,167,0.11149625,90.3523974581167,193.0,True,0.13351626395200156,1.2633940680199007,2.533533
LY86,False,False,4,0.0028885037,99.7689196995956,5.0,True,0.007435438373370191,1.3659219205229889,2.7863367
CAGE1,False,False,8,0.004621606,99.53783939919121,8.0,True,0.006532133959857179,0.8958857215506036,1.6273657
BMP6,False,False,90,0.075678796,94.80069324090121,131.0,True,0.09877496019949235,1.081315562929591,2.0845811
AL355499.1,False,False,5,0.0028885037,99.71114962449451,5.0,True,0.003646814948894,0.6683849102286598,1.0664157
GCNT2,False,False,272,0.20739457,84.28653957250145,359.0,True,0.22119573577100032,0.7847721255892184,1.3533922
NEDD9,False,False,37,0.025418833,97.86250722125939,44.0,True,0.030968119599633703,0.7720147006931953,1.3219362
TMEM170B,False,False,44,0.027151935,97.4581166955517,47.0,True,0.03509717691902467,1.250643443116803,2.5020938
CD83,False,False,245,0.18486424,85.84633160023107,320.0,True,0.21015875230434114,1.4902242357695907,3.0928295
AL136305.1,False,False,1,0.00057770073,99.94222992489891,1.0,True,0.0012870315294653037,0.7495058527993862,1.2664361
LINC00581,False,False,1,0.00057770073,99.94222992489891,1.0,True,0.0015816944437113411,0.9558115269075901,1.7751251
SOX4,False,False,1091,1.6262276,36.97284806470248,2815.0,True,1.0299969737276307,1.1810338602278077,1.4845818
PRL,False,False,2,0.0011554015,99.8844598497978,2.0,True,0.0033912058763552713,1.0614906757681957,2.0356987
AL035401.1,False,False,2,0.0017331023,99.8844598497978,3.0,True,0.0018456567110669158,0.8868181838273811,1.6050078
DCDC2,False,False,7,0.004043905,99.59560947429232,7.0,True,0.006446177723461043,0.9246967141419413,1.6984051
ARMH2,False,False,5,0.0034662045,99.71114962449451,6.0,True,0.004871182151919683,0.6782872571167778,1.090832
HIST1H1C,False,False,403,0.3731947,76.71865973425766,646.0,True,0.3582981249718168,1.5433901755840018,4.3772717
HIST1H4C,False,False,1088,5.8370886,37.14615829000578,10104.0,True,1.4305341510872525,2.5702784111040358,2.8840008
HIST1H2AC,False,False,218,0.18428653,87.40612362796072,319.0,True,0.2086758988948756,0.9362529977757621,1.7268995
HIST1H3D,False,False,40,0.025996534,97.6891969959561,45.0,True,0.02985150740157619,0.7584313480633513,1.2884437
HIST1H2AD,False,False,14,0.00808781,99.19121894858463,14.0,True,0.010185630422544495,0.8112176766355442,1.4185992
HIST1H2BG,False,False,87,0.06296938,94.97400346620451,109.0,True,0.0794401235968389,0.9491870941024622,1.7587912
AL021918.5,False,False,52,0.034662046,96.99595609474292,60.0,True,0.04090367238555447,0.866860395891711,1.5557978
HIST1H2BN,False,False,144,0.09820913,91.68110918544194,170.0,True,0.1051517060381118,0.7317490570728012,1.222653
HIST1H1B,False,False,60,0.03928365,96.53379549393414,68.0,True,0.026125120789327102,0.9973963663117832,1.8776611
AL121944.1,False,False,336,0.25476602,80.58925476603119,441.0,True,0.2679703607340262,0.6527037215308082,1.0861158
GABBR1,False,False,57,0.035239745,96.70710571923745,61.0,True,0.04601031530575497,0.7953558106472517,1.3794886
HLA-G,False,False,10,0.0057770074,99.42229924898902,10.0,True,0.008211220093925373,1.1587229177996756,2.2754447
VARS2,False,False,76,0.04621606,95.60947429231658,80.0,True,0.045423004272264256,0.8080994033001982,1.4109105
ATP6V1G2,False,False,22,0.012709416,98.72905834777586,22.0,True,0.01578579145118913,0.7049504808617333,1.1565756
TNF,False,False,1,0.00057770073,99.94222992489891,1.0,True,0.0017280960776230217,1.0444082614570804,1.9935786
LTB,False,False,96,0.08261121,94.45407279029463,143.0,True,0.1306640216240849,2.0926786258816565,4.578305
MPIG6B,False,False,167,0.121317156,90.3523974581167,210.0,True,0.136546846045693,0.829708372435613,1.4641918
HSPA1A,False,False,175,0.14211439,89.89023685730791,246.0,True,0.12688239092464715,2.056396294176024,4.488843
HSPA1B,False,False,98,0.07394569,94.33853264009244,128.0,True,0.06875308003371793,0.9784657383256526,1.8309838
SLC44A4,False,False,25,0.02195263,98.55574812247256,38.0,True,0.012564563742001086,1.2215828420544286,2.430439
HLA-DRA,False,False,1602,9.488157,7.452339688041598,16424.0,True,2.51115613716923,1.9315728316369893,1.5296859
HLA-DRB5,False,False,829,1.1438475,52.10860774119006,1980.0,True,0.8720231796446519,1.1279549145611616,1.35819
HLA-DRB1,False,False,1364,3.0063548,21.201617562102825,5204.0,True,1.5504357772249575,1.5201233233602442,1.1909312
HLA-DQA1,False,False,575,0.51993066,66.78220681686886,900.0,True,0.5080525000202509,1.1079928558466647,2.7684448
HLA-DQB1,False,False,836,0.8549971,51.70421721548237,1480.0,True,0.7235682235689175,0.8520182519197361,1.1887817
B3GALT4,False,False,25,0.01502022,98.55574812247256,26.0,True,0.019500830240120292,0.6857234045975763,1.1091673
Z97832.2,False,False,3,0.0017331023,99.8266897746967,3.0,True,0.002383761530322906,0.8983526142133834,1.6334484
Z85996.3,False,False,2,0.0011554015,99.8844598497978,2.0,True,0.006107746577411813,2.205207284501471,4.8557673
FGD2,False,False,1,0.00057770073,99.94222992489891,1.0,True,0.0016374382742049202,0.99047568781261,1.8605967
PIM1,False,False,696,0.7810514,59.792027729636054,1352.0,True,0.5685896855777831,0.8702590268352816,1.2409961
DAAM2,False,False,1,0.00057770073,99.94222992489891,1.0,True,0.003364448563273501,1.711470590312745,3.6383579
CCND3,False,False,706,0.5932987,59.214326978625074,1027.0,True,0.5276747812795785,0.9190510974491777,1.3806638
GUCA1B,False,False,22,0.013287118,98.72905834777586,23.0,True,0.019253547013078694,1.4172373436076637,2.9128654
AL359813.1,False,False,9,0.009243212,99.48006932409012,16.0,True,0.01819422571066997,3.128258176811194,7.1317387
RUNX2,False,False,282,0.20161757,83.70883882149047,349.0,True,0.2330140596947422,1.020216768161631,1.9339294
AL096865.1,False,False,35,0.023685731,97.97804737146159,41.0,True,0.02874709900142296,0.7505711001805914,1.2690626
GLYATL3,False,False,1,0.00057770073,99.94222992489891,1.0,True,0.003825436484552805,1.8401097724710178,3.9555442
KLHL31,False,False,3,0.0017331023,99.8266897746967,3.0,True,0.0028844549499202087,0.7918641529697426,1.3708792
BMP5,False,False,1,0.0011554015,99.94222992489891,2.0,True,0.006717616134623618,2.4046178713969755,5.347455
DST,False,False,404,0.3067591,76.66088965915657,531.0,True,0.3291129537477505,0.8268151127799754,1.729471
AL512422.1,False,False,50,0.029462738,97.11149624494512,51.0,True,0.04250019960787835,0.6692161639317317,1.0684654
COL19A1,False,False,2,0.0011554015,99.8844598497978,2.0,True,0.0032801686524604775,1.3569351798956466,2.7641778
AL365226.1,False,False,3,0.0017331023,99.8266897746967,3.0,True,0.003067542075874237,0.673494320540043,1.079014
LINC00472,False,False,4,0.002310803,99.7689196995956,4.0,True,0.0056039198824038685,1.353356991559817,2.7553551
SLC17A5,False,False,195,0.12998267,88.73483535528597,225.0,True,0.14812733411265044,0.6993350365272638,1.1427296
MEI4,False,False,73,0.049682263,95.78278451761987,86.0,True,0.05945823792112104,0.8665731258058801,1.5550895
BACH2,False,False,311,0.23396881,82.03350664355864,405.0,True,0.26505858886579964,1.3673103041400754,3.726643
AL590814.1,False,False,1,0.00057770073,99.94222992489891,1.0,True,0.0017280960776230217,1.0444082614570804,1.9935786
AL591519.1,False,False,9,0.0051993066,99.48006932409012,9.0,True,0.0067833524255666924,0.7168791150558884,1.1859881
AL096794.1,False,False,3,0.0028885037,99.8266897746967,5.0,True,0.003897032472457696,1.0789194986461914,2.0786731
CD24,False,False,6,0.004621606,99.65337954939342,8.0,True,0.012226145208173961,1.5360051108803758,3.2057116
SCML4,False,False,314,0.2385904,81.86019641825536,413.0,True,0.2644128822638942,0.718628966951542,1.3297148
AL359711.2,False,False,59,0.046793763,96.59156556903524,81.0,True,0.05084002080361916,0.7964108927300599,1.3820901
AK9,False,False,164,0.109763145,90.52570768341998,190.0,True,0.12895057859397677,0.8833796398086894,1.5965294
AL590009.1,False,False,5,0.0028885037,99.71114962449451,5.0,True,0.004121935833623898,0.6696663178098081,1.0695753
METTL24,False,False,15,0.009820913,99.13344887348353,17.0,True,0.01311514018415869,0.6855786292253014,1.1088103
REV3L,False,False,708,0.63431543,59.09878682842288,1098.0,True,0.48335762333518556,0.676711042526286,1.1748247
FYN,False,False,296,0.21028307,82.9000577700751,364.0,True,0.2272006553639195,0.7708180135835822,1.3189856
LAMA4,False,False,7,0.0051993066,99.59560947429232,9.0,True,0.007312397911437031,1.291884837581678,2.603783
MARCKS,False,False,31,0.019641826,98.20912767186597,34.0,True,0.022204196726463548,0.7511378996744073,1.2704602
FRK,False,False,4,0.002310803,99.7689196995956,4.0,True,0.004219972702416529,0.696886570685945,1.1366924
MAN1A1,False,False,670,0.63951474,61.29404968226459,1107.0,True,0.5353380684041493,0.9702383786681819,1.5271877
TRDN-AS1,False,False,1,0.00057770073,99.94222992489891,1.0,True,0.001216788218683556,0.6933470345844306,1.127965
RNF217-AS1,False,False,57,0.03812825,96.70710571923745,66.0,True,0.052811823571438855,0.694807453202331,1.1315659
PTPRK,False,False,6,0.004043905,99.65337954939342,7.0,True,0.008346247359399228,1.8356592385577026,3.9445705
SAMD3,False,False,47,0.035239745,97.28480647024841,61.0,True,0.04268438218088501,0.7461516391614179,1.2581656
ARG1,False,False,10,0.00808781,99.42229924898902,14.0,True,0.007993138773129162,0.6713128767054733,1.0736352
ENPP3,False,False,11,0.008665511,99.36452917388793,15.0,True,0.010410461392925728,0.9787104452597981,1.8315871
CCN2,False,False,2,0.0017331023,99.8844598497978,3.0,True,0.007865452074992363,2.2750957813571353,5.0280914
STX7,False,False,345,0.24321201,80.06932409012131,421.0,True,0.20640879599282533,0.7818951576972712,1.3462986
EYA4,False,False,3,0.0017331023,99.8266897746967,3.0,True,0.003646510835523794,1.1847304657318916,2.3395717
SGK1,False,False,32,0.025418833,98.15135759676488,44.0,True,0.026115199993156663,0.8404357901897577,1.4906425
PDE7B,False,False,94,0.06123628,94.56961294049682,106.0,True,0.0730738106835853,0.6994958886396712,1.1431262
TXLNB,False,False,13,0.00808781,99.24898902368572,14.0,True,0.010674568571239908,0.7365468225558693,1.2344829
AL592429.2,False,False,16,0.014442518,99.07567879838244,25.0,True,0.016171340609022755,1.0627729929597969,2.0388606
AL035446.2,False,False,111,0.093587525,93.58752166377816,162.0,True,0.11029331451264723,0.9578535088481707,1.7801601
PHACTR2-AS1,False,False,40,0.023685731,97.6891969959561,41.0,True,0.029390134717809685,0.6957078988167045,1.1337861
AL024474.2,False,False,6,0.004043905,99.65337954939342,7.0,True,0.004944409603484387,0.7295755266834696,1.2172937
STXBP5,False,False,858,1.0525708,50.43327556325823,1822.0,True,0.7849350693429912,1.1747263120371823,1.4695623
SASH1,False,False,12,0.008665511,99.30675909878683,15.0,True,0.009034615324564373,1.0219877537624702,1.9382962
AL358852.1,False,False,7,0.004043905,99.59560947429232,7.0,True,0.00626855342030249,1.099045267989684,2.1282973
ULBP2,False,False,1,0.00057770073,99.94222992489891,1.0,True,0.0012870315294653037,0.7495058527993862,1.2664361
PPP1R14C,False,False,5,0.0028885037,99.71114962449451,5.0,True,0.004675894764434709,0.7310474779454307,1.2209232
PLEKHG1,False,False,78,0.057192374,95.49393414211438,99.0,True,0.06037935705937798,1.3153849774075537,2.6617274
MTHFD1L,False,False,566,0.49162334,67.30213749277874,851.0,True,0.3840191522086523,0.6659141671933251,1.1349294
ARMT1,False,False,79,0.04794916,95.43616406701328,83.0,True,0.04762697825981595,0.7779821944670198,1.3366504
CNKSR3,False,False,243,0.18601964,85.96187175043327,322.0,True,0.14013328903966177,0.7301973232026002,1.2188269
TIAM2,False,False,92,0.058347777,94.68515309069902,101.0,True,0.06401094970921292,0.6986010734871575,1.1409198
AL589693.1,False,False,508,1.073368,70.6528018486424,1858.0,True,0.8058760174921369,1.9940479238426978,3.4205363
AL512658.1,False,False,13,0.00751011,99.24898902368572,13.0,True,0.011086889004832444,0.8843213447132103,1.5988513
SNX9,False,False,704,0.6637782,59.32986712882726,1149.0,True,0.5124735196185669,0.8065969890261374,1.6547635
AL139330.1,False,False,12,0.006932409,99.30675909878683,12.0,True,0.009317813052118887,0.680354502709604,1.0959291
SYTL3,False,False,135,0.10051993,92.20103986135182,174.0,True,0.11547765906002797,0.7124033132243617,1.1749521
EZR-AS1,False,False,2,0.0011554015,99.8844598497978,2.0,True,0.0023603079672080123,0.8024442220647413,1.3969665
C6orf99,False,False,9,0.0057770074,99.48006932409012,10.0,True,0.00812063773918501,0.8553043653016658,1.527304
TAGAP,False,False,154,0.097631425,91.10340843443096,169.0,True,0.11797768434422626,0.7765116952055509,1.3330245
FNDC1,False,False,1,0.00057770073,99.94222992489891,1.0,True,0.003364448563273501,1.711470590312745,3.6383579
PDE10A,False,False,11,0.00751011,99.36452917388793,13.0,True,0.011440082167856169,1.1012534182252949,2.1337419
CCR6,False,False,1,0.00057770073,99.94222992489891,1.0,True,0.0033041748451134233,1.6933631751294267,3.5937102
BX322234.1,False,False,10,0.0057770074,99.42229924898902,10.0,True,0.008972409696909827,0.8251635122528463,1.4529855
AL596442.1,False,False,1,0.00057770073,99.94222992489891,1.0,True,0.001216788218683556,0.6933470345844306,1.127965
AC073957.3,False,False,4,0.002310803,99.7689196995956,4.0,True,0.004748904337268235,1.404127790788195,2.880541
LFNG,False,False,4,0.002310803,99.7689196995956,4.0,True,0.0026377368524440163,0.7929553573506398,1.3735697
RADIL,False,False,34,0.019641826,98.03581744656267,34.0,True,0.027152114012455347,0.6836825636151936,1.1041352
TNRC18,False,False,585,0.4754477,66.20450606585788,823.0,True,0.43160087898504124,0.6624462884171115,1.1221154
AC004160.1,False,False,13,0.00808781,99.24898902368572,14.0,True,0.012273134831465096,1.1091173822591232,2.1531322
THSD7A,False,False,34,0.022530328,98.03581744656267,39.0,True,0.03685823748796032,1.239058224149305,2.4735281
LRRC72,False,False,1,0.0011554015,99.94222992489891,2.0,True,0.0024037623779981235,1.3747611244838331,2.8081315
AHR,False,False,296,0.2229925,82.9000577700751,386.0,True,0.2469972144032145,0.9026562732489436,1.6440599
HDAC9,False,False,325,0.24783362,81.22472559214327,429.0,True,0.28068006805085993,0.7944776198671152,1.6099814
AC007091.1,False,False,18,0.012131716,98.96013864818023,21.0,True,0.01644280944778783,0.7068031546882414,1.1611438
STEAP1B,False,False,86,0.054881573,95.03177354130561,95.0,True,0.06595206234273604,1.277460140767247,2.5682158
IL6,False,False,2,0.004621606,99.8844598497978,8.0,True,0.008160508879222348,2.5999133826756955,5.828996
AC005682.2,False,False,3,0.0017331023,99.8266897746967,3.0,True,0.0029591816422152007,0.9817135490970531,1.8389919
NPY,False,False,2,0.0017331023,99.8844598497978,3.0,True,0.0022300568361668703,0.9438511330490851,1.7456343
OSBPL3,False,False,407,0.3044483,76.48757943385327,527.0,True,0.2778656877837155,0.6734836005738254,1.1628991
KIAA0087,False,False,4,0.002310803,99.7689196995956,4.0,True,0.004097717312626557,0.7451637062312017,1.2557296
HOXA-AS3,False,False,14,0.00808781,99.19121894858463,14.0,True,0.012591135950483875,0.8642139145888733,1.5492723
CREB5,False,False,150,0.13056037,91.33448873483535,226.0,True,0.13991209886870573,1.0581722916264868,2.0275166
BMPER,False,False,2,0.0011554015,99.8844598497978,2.0,True,0.0041665056688125635,1.5524793139346402,3.2463322
AC018647.1,False,False,2,0.0011554015,99.8844598497978,2.0,True,0.002199206784093722,0.7085994331228685,1.1655729
AOAH,False,False,249,0.20508377,85.6152512998267,355.0,True,0.22394761530853957,0.8337960016055467,1.4742707
ELMO1-AS1,False,False,545,0.42749855,68.5153090699018,740.0,True,0.44155928147974927,0.694778885766808,1.2415868
CAMK2B,False,False,2,0.0028885037,99.8844598497978,5.0,True,0.0026746242228832106,1.1203772970792905,2.1808958
AC004847.1,False,False,11,0.006354708,99.36452917388793,11.0,True,0.011239740690944737,0.8690714548693608,1.5612496
RAMP3,False,False,1,0.002310803,99.94222992489891,4.0,True,0.007368203207599096,2.497384111415988,5.576189
IGFBP3,False,False,1,0.0017331023,99.94222992489891,3.0,True,0.010059576676947634,2.81008294707154,6.3472123
AC073115.2,False,False,1,0.00057770073,99.94222992489891,1.0,True,0.001241357199105163,0.713349901910823,1.1772861
LINC00525,False,False,1,0.00057770073,99.94222992489891,1.0,True,0.0024200104831500753,1.3815059697331344,2.8247623
ABCA13,False,False,26,0.01559792,98.49797804737146,27.0,True,0.024993863368669884,0.7056213444889268,1.1582298
AC099681.1,False,False,1,0.00057770073,99.94222992489891,1.0,True,0.0023408957639292948,1.3482282045642495,2.7427092
ZNF117,False,False,18,0.010398613,98.96013864818023,18.0,True,0.011300120023751536,0.677148859555968,1.088025
TPST1,False,False,195,0.13287117,88.73483535528597,230.0,True,0.1630907740883673,0.8287769080518288,1.4618951
LINC00174,False,False,116,0.0745234,93.29867128827267,129.0,True,0.0821916538338631,0.673041140992108,1.0778966
RABGEF1,False,False,720,0.6268053,58.4055459272097,1085.0,True,0.5225665612022766,0.7255273776383303,1.3552049
GALNT17,False,False,6,0.004043905,99.65337954939342,7.0,True,0.009931611951039993,2.0580358100959284,4.4928856
AC211476.2,False,False,12,0.006932409,99.30675909878683,12.0,True,0.008395545642749906,0.7561489166471146,1.2828159
ELN,False,False,58,0.03986135,96.64933564413633,69.0,True,0.05237377057087625,1.0644844729890295,2.0430806
NCF1,False,False,50,0.03177354,97.11149624494512,55.0,True,0.04766610146282285,0.933407338518102,1.719883
HIP1,False,False,310,0.24494512,82.09127671865973,424.0,True,0.23657368693267775,0.8063681171225769,1.4066416
CCL26,False,False,1,0.00057770073,99.94222992489891,1.0,True,0.003364448563273501,1.711470590312745,3.6383579
AC006972.1,False,False,1,0.00057770073,99.94222992489891,1.0,True,0.0015431951184846544,0.9311505817931924,1.7143185
APTR,False,False,124,0.0768342,92.83651068746389,133.0,True,0.08213425039496693,0.8699030743967826,1.5633001
MAGI2,False,False,231,0.19179665,86.65511265164645,332.0,True,0.20999528271555515,0.9979195010182259,1.878951
AC006043.1,False,False,1,0.00057770073,99.94222992489891,1.0,True,0.003856950718411853,1.8483298657955638,3.9758124
CD36,False,False,229,0.48931253,86.77065280184864,847.0,True,0.24775448486120516,2.0174409503805317,4.392791
SEMA3C,False,False,43,0.03235124,97.5158867706528,56.0,True,0.040253652524972205,0.7898719836112381,1.365967
HGF,False,False,33,0.020797227,98.09358752166378,36.0,True,0.02779834129673958,1.193720402262502,2.3617382
ABCB1,False,False,400,0.3206239,76.89196995956095,555.0,True,0.32898133107770705,0.7407375560317472,1.4114077
RUNDC3B,False,False,12,0.00751011,99.30675909878683,13.0,True,0.013870019274273556,1.6473565653427584,3.4802716
AC002069.2,False,False,9,0.00808781,99.48006932409012,14.0,True,0.012006201315652353,1.2435834678134416,2.484686
ZNF804B,False,False,40,0.040439054,97.6891969959561,70.0,True,0.059848662973270926,1.6565401738755205,3.5029156
CDK14,False,False,485,0.3703062,71.98151357596765,641.0,True,0.33239934261904525,0.765139389943439,1.5015744
AC079760.2,False,False,4,0.0028885037,99.7689196995956,5.0,True,0.004612128165477227,0.8298448240312244,1.4645283
AC002454.1,False,False,658,0.7492779,61.98729058347776,1297.0,True,0.5467320758529328,0.9045111305900522,1.339043
CALCR,False,False,1,0.00057770073,99.94222992489891,1.0,True,0.005046617805346475,2.1177664709602384,4.640164
GNG11,False,False,134,0.09820913,92.25880993645292,170.0,True,0.11562305658696452,0.7315697676046818,1.2222109
ASNS,False,False,9,0.0051993066,99.48006932409012,9.0,True,0.006107466414230914,0.7599681767511358,1.2922331
NPTX2,False,False,7,0.00751011,99.59560947429232,13.0,True,0.017489244819857006,1.9110157954925182,4.130378
TMEM130,False,False,7,0.004043905,99.59560947429232,7.0,True,0.007212098904808365,0.7412262308598829,1.2460209
GJC3,False,False,9,0.0051993066,99.48006932409012,9.0,True,0.0073320653694488504,0.667811830797079,1.0650027
PCOLCE,False,False,21,0.012131716,98.78682842287695,21.0,True,0.01689319182077604,0.9006835366067688,1.6391957
TFR2,False,False,458,0.8688619,73.54130560369728,1504.0,True,0.40069950099603313,0.749897340575251,1.4452538
MUC12,False,False,9,0.0057770074,99.48006932409012,10.0,True,0.008530428315790442,0.7701615314451674,1.3173668
SERPINE1,False,False,40,0.057192374,97.6891969959561,99.0,True,0.06958195137420706,1.6512374249131585,3.4898405
SH2B2,False,False,38,0.022530328,97.80473714615829,39.0,True,0.0317927068538768,1.1946060660133755,2.363922
FBXL13,False,False,142,0.088965915,91.79664933564413,154.0,True,0.09814877492983394,0.9341218797231245,1.7216448
NAMPT,False,False,529,0.42923164,69.43963027151936,743.0,True,0.38182344292042053,0.8048302342478901,1.6482352
AC004112.1,False,False,19,0.010976315,98.90236857307914,19.0,True,0.018342372826536942,0.8998068272511757,1.6370339
LSMEM1,False,False,3,0.0017331023,99.8266897746967,3.0,True,0.003399106822630707,1.0729165401573708,2.0638716
MET,False,False,2,0.0011554015,99.8844598497978,2.0,True,0.0018471470657800363,1.1110899033755406,2.157996
ST7-AS2,False,False,71,0.043327555,95.89832466782207,75.0,True,0.04767057486601128,0.9227432221970809,1.6935884
CADPS2,False,False,15,0.009820913,99.13344887348353,17.0,True,0.01635562330313815,1.3521423881233303,2.7523603
AC004594.1,False,False,3,0.002310803,99.8266897746967,4.0,True,0.0041414747695011885,0.9220368216115444,1.6918466
AC073934.1,False,False,13,0.00751011,99.24898902368572,13.0,True,0.010224678533318685,0.8691383983074868,1.5614147
PRRT4,False,False,1,0.00057770073,99.94222992489891,1.0,True,0.00219882047641774,1.2855444862139627,2.5881495
UBE2H,False,False,461,0.33564413,73.36799537839399,581.0,True,0.3258622337170131,0.6960340799878467,1.2462249
LINC-PINT,False,False,259,0.16984402,85.03755054881572,294.0,True,0.21146971489158614,0.9041427263413994,1.647725
PLXNA4,False,False,11,0.006932409,99.36452917388793,12.0,True,0.010940179082688219,1.071855421246772,2.0612552
AC009365.4,False,False,6,0.0034662045,99.65337954939342,6.0,True,0.005638160742934556,1.0241219614643053,1.9435585
BPGM,False,False,186,0.13749278,89.25476603119584,238.0,True,0.09640765482484051,0.8936045827587203,1.621741
AC024084.1,False,False,2,0.0011554015,99.8844598497978,2.0,True,0.0021843350615977477,0.8391057738616792,1.4873631
PARP12,False,False,121,0.0751011,93.00982091276718,130.0,True,0.07398364973380536,0.8743530731180537,1.5742725
TMEM178B,False,False,8,0.006932409,99.53783939919121,12.0,True,0.0080204207771851,0.7182780212643876,1.1894374
TRBV5-6,False,False,1,0.00057770073,99.94222992489891,1.0,True,0.0017672336166066757,1.0668230133546082,2.0488467
TRBVB,False,False,14,0.009243212,99.19121894858463,16.0,True,0.01581819474259896,0.9792786592404197,1.8329881
PRSS2,False,False,110,0.12824957,93.64529173887925,222.0,True,0.14106955619995096,1.5292306745831428,3.1890078
AC073342.2,False,False,1,0.0011554015,99.94222992489891,2.0,True,0.0011961041472789398,0.6761916644957976,1.0856649
OR2A7,False,False,2,0.0011554015,99.8844598497978,2.0,True,0.0025486062826087998,0.9075141402706193,1.6560379
CNTNAP2,False,False,53,0.042749856,96.93818601964182,74.0,True,0.05910069331148252,1.976923700640362,4.292887
RARRES2,False,False,24,0.017908724,98.61351819757365,31.0,True,0.030368198538718458,2.3520250573597714,5.2177763
GIMAP8,False,False,5,0.0028885037,99.71114962449451,5.0,True,0.005356127500907615,0.8076067384887962,1.4096957
KCNH2,False,False,292,0.7781629,83.1311380704795,1347.0,True,0.2922282529402645,0.8869020248859394,1.9514968
WDR86,False,False,23,0.013287118,98.67128827267476,23.0,True,0.016117363622439464,0.6920234084429178,1.1247013
LINC01287,False,False,1,0.00057770073,99.94222992489891,1.0,True,0.002063166288204632,1.2217974709606993,2.430968
AC009435.1,False,False,5,0.0028885037,99.71114962449451,5.0,True,0.004438646272905706,0.743775588513727,1.2523069
AC034111.1,False,False,2,0.0011554015,99.8844598497978,2.0,True,0.0022544949519484056,0.8961860524829653,1.6281062
SLC35G5,False,False,4,0.002310803,99.7689196995956,4.0,True,0.0048547505689863265,1.2893748283122075,2.597594
FAM167A-AS1,False,False,1,0.00057770073,99.94222992489891,1.0,True,0.001301619292857291,0.760783867966161,1.2942443
BLK,False,False,5,0.0034662045,99.71114962449451,6.0,True,0.011281498880238034,1.4918578224253378,3.0968573
AC069185.1,False,False,19,0.010976315,98.90236857307914,19.0,True,0.016766136356929154,0.6804310753677216,1.096118
AC025857.2,False,False,1,0.00057770073,99.94222992489891,1.0,True,0.0019193775499875996,1.1494846659582114,2.252666
FAM66D,False,False,24,0.014442518,98.61351819757365,25.0,True,0.02127105760575558,0.7633015123518595,1.3004521
FAM66A,False,False,3,0.0017331023,99.8266897746967,3.0,True,0.0025367904587253556,0.682753155402443,1.1018436
AC068587.4,False,False,643,0.67071056,62.85384170999422,1161.0,True,0.5464135498635724,0.8092661258837481,1.0664035
SGCZ,False,False,108,0.0768342,93.76083188908146,133.0,True,0.09385095793090649,0.7219666857597921,1.1985326
MTUS1,False,False,10,0.006354708,99.42229924898902,11.0,True,0.010459112747296335,1.2137086223088094,2.4110234
AC100800.1,False,False,6,0.0034662045,99.65337954939342,6.0,True,0.005348410876998203,1.332971879801972,2.7050915
CSGALNACT1,False,False,47,0.029462738,97.28480647024841,51.0,True,0.03916200900649543,1.1332270725794984,2.2125795
LPL,False,False,2,0.0011554015,99.8844598497978,2.0,True,0.00374433156743313,1.616880948231054,3.4051275
AC021613.1,False,False,1,0.0028885037,99.94222992489891,5.0,True,0.005376510359948532,2.1812528584052986,4.7967024
AC087854.1,False,False,62,0.036972847,96.41825534373196,64.0,True,0.041886245133695564,0.7425924808689477,1.2493896
PEBP4,False,False,13,0.00808781,99.24898902368572,14.0,True,0.010631679001590674,0.7326457702033637,1.224864
AC107959.1,False,False,25,0.01502022,98.55574812247256,26.0,True,0.018150915714873126,1.7058321545311543,3.6244552
SLC25A37,False,False,578,1.027152,66.60889659156557,1778.0,True,0.5002777952056287,1.86703459540899,5.5731635
ADAM28,False,False,536,0.42807627,69.03523974581167,741.0,True,0.43438644340786337,0.7098964574243367,1.2974474
AC120193.1,False,False,313,0.2281918,81.91796649335645,395.0,True,0.2711401436353185,0.791041823223067,1.5972859
CLU,False,False,431,0.3772386,75.10109763142691,653.0,True,0.35178250330132566,0.7174780334404499,1.325462
AC013643.2,False,False,2,0.0011554015,99.8844598497978,2.0,True,0.004174755473861509,1.5516107327465447,3.2441905
AC021678.2,False,False,6,0.0034662045,99.65337954939342,6.0,True,0.008213684052078753,1.2261513006458975,2.4417033
RBPMS,False,False,607,0.5465049,64.93356441363373,946.0,True,0.5175199315286663,0.7453444927204811,1.4284307
TTI2,False,False,131,0.08261121,92.43212016175622,143.0,True,0.07524644010170911,0.8257742160245691,1.4544914
RNF122,False,False,21,0.013864818,98.78682842287695,24.0,True,0.02023990112060747,1.6668352648397837,3.5283003
IDO2,False,False,2,0.0017331023,99.8844598497978,3.0,True,0.0019654236144460106,0.6760892764073215,1.0854124
TCIM,False,False,2,0.0017331023,99.8844598497978,3.0,True,0.0036908878907618635,1.8042369308560426,3.8670924
ANK1,False,False,309,0.847487,82.14904679376083,1467.0,True,0.3392096408510901,1.092694352651548,2.7119155
AC103724.4,False,False,46,0.028307337,97.34257654534952,49.0,True,0.038699638517769246,0.7981881028551503,1.3864721
CEBPD,False,False,48,0.034084346,97.22703639514731,59.0,True,0.03656999710029379,0.7329699545795472,1.2256634
AC103769.1,False,False,14,0.008665511,99.19121894858463,15.0,True,0.011671214115848295,0.8512030144790791,1.5171913
TOX,False,False,782,0.89948004,54.82380127094165,1557.0,True,0.7286291839555741,1.2978365451942409,2.4649396
CHD7,False,False,25,0.01559792,98.55574812247256,27.0,True,0.020553514147236506,0.8397061220938917,1.4888433
AC022182.1,False,False,5,0.0028885037,99.71114962449451,5.0,True,0.00563122952076788,1.1797777636870854,2.32736
AC022182.2,False,False,15,0.008665511,99.13344887348353,15.0,True,0.014132208136833553,1.607613972323916,3.382278
CYP7B1,False,False,430,0.3887926,75.15886770652801,673.0,True,0.30970826628817694,0.6598965762215387,1.1126939
AC104232.1,False,False,106,0.09069902,93.87637203928365,157.0,True,0.10900293978046245,1.4528093429544697,3.0005753
ADHFE1,False,False,97,0.06239168,94.39630271519353,108.0,True,0.08118095402329896,0.9218699870181686,1.6914352
PREX2,False,False,356,0.27498555,79.43385326400924,476.0,True,0.29942051218338117,0.7575674115367511,1.4735954
SLCO5A1,False,False,64,0.04563836,96.30271519352975,79.0,True,0.05654714982212376,0.6839014560904922,1.1046749
AC022730.4,False,False,4,0.002310803,99.7689196995956,4.0,True,0.005117732718448558,1.3432182355087996,2.730356
AC022893.1,False,False,39,0.02310803,97.74696707105718,40.0,True,0.028248028042259864,0.6964419162404027,1.135596
SBSPON,False,False,1,0.00057770073,99.94222992489891,1.0,True,0.001241357199105163,0.713349901910823,1.1772861
RPL7,False,True,1708,90.69324,1.3287117273252491,156990.0,True,4.473872741527961,2.0326334019130123,1.3189954
LY96,False,False,19,0.011554015,98.90236857307914,20.0,True,0.017685968601499,1.0180600657406604,1.9286116
AC062004.1,False,False,4,0.0028885037,99.7689196995956,5.0,True,0.008464399354052661,2.1969470271095655,4.8353996
LINC01607,False,False,8,0.0051993066,99.53783939919121,9.0,True,0.0067348232269715804,0.7352387834657215,1.2312577
AC009686.1,False,False,1,0.00057770073,99.94222992489891,1.0,True,0.0012897590159553463,0.751624130708024,1.2716591
FABP4,False,False,5,0.017331023,99.71114962449451,30.0,True,0.026212751978588092,3.725038452049829,8.603223
CA1,False,False,301,2.507799,82.61120739456962,4341.0,True,0.779130400424178,2.8614772342321704,6.9408717
CA2,False,False,478,1.6522242,72.38590410167534,2860.0,True,0.6267309631378694,1.657103097373655,3.4933424
AC004083.1,False,False,9,0.0057770074,99.48006932409012,10.0,True,0.008690192035859351,0.7339999854156756,1.2282032
LINC00534,False,False,14,0.008665511,99.19121894858463,15.0,True,0.011842912265615025,0.8037987015974898,1.4003062
RUNX1T1,False,False,9,0.0057770074,99.48006932409012,10.0,True,0.009078439860046297,0.9360463970201086,1.7263901
AC104211.1,False,False,25,0.01617562,98.55574812247256,28.0,True,0.024547931062901727,1.5002982995835739,3.117669
AC120053.1,False,False,4,0.002310803,99.7689196995956,4.0,True,0.003961864618111448,0.7194964484075993,1.1924417
OSR2,False,False,4,0.002310803,99.7689196995956,4.0,True,0.004877941169647335,1.4261769779985138,2.9349077
BAALC,False,False,464,0.43500867,73.1946851530907,753.0,True,0.409693845158469,0.7204712125964547,1.336522
ZFPM2,False,False,36,0.03004044,97.92027729636048,52.0,True,0.032899243350469204,0.754165006951613,1.2779242
ZFPM2-AS1,False,False,9,0.006932409,99.48006932409012,12.0,True,0.0073218700975089205,0.9148099246200909,1.6740272
ANGPT1,False,False,799,0.95320624,53.841709994222995,1650.0,True,0.7443911244663707,0.917331524260982,1.3757415
TRPS1,False,False,528,0.41421145,69.49740034662045,717.0,True,0.39313715336748345,0.6914747087320424,1.2293776
AC023590.1,False,False,53,0.032928944,96.93818601964182,57.0,True,0.04496065885688959,0.6752524673142684,1.0833491
CCN3,False,False,58,0.052570768,96.64933564413633,91.0,True,0.06110514741150076,1.399938342707973,2.8702111
ENPP2,False,False,19,0.011554015,98.90236857307914,20.0,True,0.015197600819130672,0.9025597180819624,1.6438218
DEPTOR,False,False,565,0.5262854,67.35990756787984,911.0,True,0.4561181819504485,0.7419195588649139,1.4157753
COL14A1,False,False,36,0.023685731,97.92027729636048,41.0,True,0.03616433158624515,1.3991198230781599,2.868193
LINC01151,False,False,118,0.1588677,93.18313113807048,275.0,True,0.07301169919983036,0.7703520975889065,1.3178368
ZHX2,False,False,241,0.16522242,86.07741190063547,286.0,True,0.19143796525705062,0.7354446070442653,1.2317652
AC104316.1,False,False,184,0.110918544,89.37030618139804,192.0,True,0.12111792591147681,0.6976615971581508,1.1386033
ATAD2,False,False,614,0.73136914,64.52917388792605,1266.0,True,0.4544347377223609,0.7322023237879339,1.3798693
FER1L6-AS1,False,False,28,0.01617562,98.38243789716927,28.0,True,0.023813011866245355,0.7667677865466149,1.308999
MTSS1,False,False,272,0.27151936,84.28653957250145,470.0,True,0.18616424764562028,1.2607750240373572,2.5270753
PCAT1,False,False,60,0.045060657,96.53379549393414,78.0,True,0.05540880142695658,0.7758081082805329,1.3312896
PRNCR1,False,False,4,0.002310803,99.7689196995956,4.0,True,0.005115494460329616,1.2432069753332793,2.4837577
MYC,False,False,550,0.94396305,68.2264586943963,1634.0,True,0.5031910645467439,0.9702785024308392,2.2595794
CCDC26,False,False,237,0.3136915,86.30849220103987,543.0,True,0.17578103761838618,0.7925772826440594,1.3726375
AC040970.1,False,False,23,0.014442518,98.67128827267476,25.0,True,0.01893948038829884,0.7347035046299188,1.2299378
LY6K,False,False,5,0.0028885037,99.71114962449451,5.0,True,0.005765828160770664,1.3028110801663386,2.6307237
AC105118.1,False,False,1,0.00057770073,99.94222992489891,1.0,True,0.0024200104831500753,1.3815059697331344,2.8247623
SCRIB,False,False,63,0.03755055,96.36048526863085,65.0,True,0.04131317632960764,0.8609780062430511,1.5412935
PLEC,False,False,14,0.00808781,99.19121894858463,14.0,True,0.012239505832858634,0.6750113481019909,1.0827545
AL354977.2,False,False,4,0.002310803,99.7689196995956,4.0,True,0.005464841817317067,1.5704712007604449,3.290695
GLIS3,False,False,4,0.0028885037,99.7689196995956,5.0,True,0.00484222662349843,0.8283955839701453,1.4609549
SLC1A1,False,False,2,0.0011554015,99.8844598497978,2.0,True,0.0024631230670469563,0.9966055556505976,1.8757112
PTPRD,False,False,132,0.097631425,92.37435008665511,169.0,True,0.10742826083018109,0.8751194195159254,1.5761621
LURAP1L,False,False,3,0.002310803,99.8266897746967,4.0,True,0.003750290266788408,1.1232843114257156,2.1880636
MPDZ,False,False,78,0.04794916,95.49393414211438,83.0,True,0.06499630195555546,0.8767713608516153,1.5802354
NFIB,False,False,75,0.052570768,95.66724436741768,91.0,True,0.06879887258632392,0.6894714788954496,1.1184089
AL159169.2,False,False,15,0.008665511,99.13344887348353,15.0,True,0.01296763883560027,0.9324700624250949,1.7175719
FREM1,False,False,449,0.5332178,74.06123627960717,923.0,True,0.46945501120040906,1.0645160781274041,2.6077948
FOCAD-AS1,False,False,6,0.0034662045,99.65337954939342,6.0,True,0.003764419609579049,0.8319142836648937,1.469631
DCAF12,False,False,228,0.1530907,86.82842287694974,265.0,True,0.11970009977856685,0.7039416526380347,1.1540881
ENHO,False,False,1,0.00057770073,99.94222992489891,1.0,True,0.0012870315294653037,0.7495058527993862,1.2664361
AL162231.1,False,False,27,0.01559792,98.44020797227037,27.0,True,0.01613199917881777,0.8146714171507778,1.4271151
CCL21,False,False,1,0.00057770073,99.94222992489891,1.0,True,0.0018471470657800363,1.1110899033755406,2.157996
MSMP,False,False,33,0.020219527,98.09358752166378,35.0,True,0.02755345809809711,0.9549988005264415,1.7731211
PAX5,False,False,6,0.004043905,99.65337954939342,7.0,True,0.010966201157964522,1.3104008307144186,2.649438
FBXO10,False,False,18,0.011554015,98.96013864818023,20.0,True,0.016663405724293354,0.8001908913830097,1.3914105
ANKRD18A,False,False,5,0.0028885037,99.71114962449451,5.0,True,0.0032302573022693157,0.8844955540442072,1.599281
BX088651.4,False,False,10,0.0057770074,99.42229924898902,10.0,True,0.009599249590154997,1.0724149581195754,2.0626347
CNTNAP3C,False,False,1,0.00057770073,99.94222992489891,1.0,True,0.0018471470657800363,1.1110899033755406,2.157996
AL935212.1,False,False,1,0.00057770073,99.94222992489891,1.0,True,0.0013732782388241767,0.8144112801551957,1.4264737
ANKRD20A4,False,False,21,0.012131716,98.78682842287695,21.0,True,0.017342459370890174,1.4543711198086686,3.0044262
FP326651.1,False,False,1,0.00057770073,99.94222992489891,1.0,True,0.0036401174752577333,1.7903603569865496,3.8328767
ZNF658,False,False,21,0.014442518,98.78682842287695,25.0,True,0.02130709982343158,0.8749479946195988,1.5757394
AL353608.2,False,False,1,0.00057770073,99.94222992489891,1.0,True,0.0012261027303786768,0.7009775338277081,1.1467795
SMC5-AS1,False,False,31,0.020797227,98.20912767186597,36.0,True,0.025483942554941044,0.6796568288816696,1.094209
CEMIP2,False,False,277,0.19121894,83.99768919699595,331.0,True,0.20175686253571906,0.680624782449992,1.0965956
LINC01504,False,False,4,0.002310803,99.7689196995956,4.0,True,0.00477296431482871,1.1485247327225543,2.2502992
TMC1,False,False,3,0.0028885037,99.8266897746967,5.0,True,0.003987973758608442,0.8742725317049107,1.5740739
ANXA1,False,False,1057,1.9162334,38.9370306181398,3317.0,True,1.163272506879308,1.5956557133069864,1.6710762
RORB,False,False,4,0.0034662045,99.7689196995956,6.0,True,0.01151185346928793,2.681342101629872,6.0297756
TLE4,False,False,423,0.37954938,75.56325823223571,657.0,True,0.3789588856477702,0.8839594332387286,1.9406238
TLE1,False,False,55,0.040439054,96.82264586943963,70.0,True,0.030981472126681908,1.2238217668339062,2.4359593
NTRK2,False,False,1,0.00057770073,99.94222992489891,1.0,True,0.003364448563273501,1.711470590312745,3.6383579
TUT7,False,False,239,0.1565569,86.19295205083766,271.0,True,0.15392436221326994,0.6991336870928919,1.1422331
GAS1,False,False,2,0.0011554015,99.8844598497978,2.0,True,0.003720662818280595,1.6217155224222066,3.4170482
CKS2,False,False,758,1.6227614,56.210283073368,2809.0,True,0.6674895723263737,1.0416242875705604,1.7315303
AL158071.4,False,False,3,0.0017331023,99.8266897746967,3.0,True,0.0030897886542005566,0.8063538207961871,1.4066064
AL158071.3,False,False,17,0.009820913,99.01790872328135,17.0,True,0.014294394673196492,0.9963818933008226,1.8751596
CENPP,False,False,674,0.75909877,61.0629693818602,1314.0,True,0.4865124772737067,0.7323122963942706,1.3802757
NUTM2G,False,False,5,0.0028885037,99.71114962449451,5.0,True,0.004357685278343522,0.7035318233158351,1.1530776
HEMGN,False,False,508,0.45060658,70.6528018486424,780.0,True,0.3626691285473755,0.9350527131030638,2.1294174
NR4A3,False,False,67,0.045060657,96.12940496822647,78.0,True,0.05793526135808981,0.8063634680417252,1.4066302
PLPPR1,False,False,3,0.002310803,99.8266897746967,4.0,True,0.0028207602617511362,0.9605214911828459,1.7867385
AL390962.1,False,False,1,0.00057770073,99.94222992489891,1.0,True,0.0016139906706014587,0.9760407030586,1.8250043
ABCA1,False,False,141,0.10860774,91.85441941074524,188.0,True,0.12069827423020955,0.670562574242029,1.0717852
SLC44A1,False,False,313,0.24841133,81.91796649335645,430.0,True,0.24021207530968547,0.747654334493689,1.2618707
LINC01505,False,False,63,0.050259966,96.36048526863085,87.0,True,0.05804390477049904,1.0599592712442936,2.0319228
KLF4,False,False,229,0.16637781,86.77065280184864,288.0,True,0.19373262000580976,0.7841898774322011,1.3519566
PALM2-AKAP2,False,False,128,0.09243212,92.6054303870595,160.0,True,0.08949797553885273,0.9487297430739146,1.7576635
SLC31A2,False,False,76,0.047371462,95.60947429231658,82.0,True,0.06750825198692319,0.7816127887625903,1.3456023
TEX53,False,False,1,0.00057770073,99.94222992489891,1.0,True,0.002063166288204632,1.2217974709606993,2.430968
TNC,False,False,6,0.0034662045,99.65337954939342,6.0,True,0.007977049458007925,1.1980165112641337,2.3723314
AL162425.1,False,False,1,0.00057770073,99.94222992489891,1.0,True,0.001822260539616167,1.09751285093691,2.1245189
PAPPA,False,False,5,0.0028885037,99.71114962449451,5.0,True,0.00530664228603244,1.3420051781477058,2.727365
TRAF1,False,False,5,0.0034662045,99.71114962449451,6.0,True,0.005220058289045154,1.2676331624240285,2.5439854
GSN,False,False,447,0.36395147,74.17677642980935,630.0,True,0.35868344004629527,0.73591871974856,1.3936018
AL359644.1,False,False,34,0.020797227,98.03581744656267,36.0,True,0.02331300907533056,1.2397987273452886,2.475354
PTGS1,False,False,204,0.14211439,88.21490467937608,246.0,True,0.16511938793316153,0.8552559449895618,1.5271846
ZBTB6,False,False,33,0.019064125,98.09358752166378,33.0,True,0.020033753004444686,0.6819022377986794,1.0997454
HSPA5,False,False,838,1.198729,51.58867706528019,2075.0,True,0.7232190716178145,1.5029871444949912,3.0521846
AL354710.2,False,False,3,0.0017331023,99.8266897746967,3.0,True,0.00451676882125803,1.6910592350386255,3.5880294
ANGPTL2,False,False,1,0.00057770073,99.94222992489891,1.0,True,0.0018471470657800363,1.1110899033755406,2.157996
PIP5KL1,False,False,4,0.002310803,99.7689196995956,4.0,True,0.005223864377793424,1.1607825069972453,2.280523
GFI1B,False,False,399,0.46504912,76.94974003466204,805.0,True,0.26739259336807064,0.7592760863187916,1.4799091
SLC2A6,False,False,25,0.01502022,98.55574812247256,26.0,True,0.020966174024046456,0.7083428027778578,1.1649401
ADAMTSL2,False,False,1,0.00057770073,99.94222992489891,1.0,True,0.001793796723145868,1.081755332287391,2.0856655
SEC16A,False,False,140,0.08665511,91.91218948584633,150.0,True,0.07603762743530014,0.7627350389140272,1.2990553
NALT1,False,False,24,0.013864818,98.61351819757365,24.0,True,0.01991557639746993,0.745606061606278,1.2568203
LCN10,False,False,8,0.004621606,99.53783939919121,8.0,True,0.009574328223459872,1.2334097536716409,2.4596007
PTGDS,False,False,1,0.0057770074,99.94222992489891,10.0,True,0.0331457141135479,4.014055887030564,9.315855
LCNL1,False,False,1,0.00057770073,99.94222992489891,1.0,True,0.003364448563273501,1.711470590312745,3.6383579
LRRC26,False,False,41,0.027729636,97.631426920855,48.0,True,0.031434690251055206,0.7559456828190395,1.2823148
TUBB4B,False,False,695,1.4945118,59.84979780473715,2587.0,True,0.6224565232530338,1.0208275975382028,1.6719996
PITRM1-AS1,False,False,19,0.010976315,98.90236857307914,19.0,True,0.013771934167400288,0.7442600410135557,1.2535014
KLF6,False,False,860,1.3125361,50.31773541305604,2272.0,True,0.9489709593857161,1.7695755579789911,2.8860211
MANCR,False,False,1,0.00057770073,99.94222992489891,1.0,True,0.0011892099898062915,0.6704077442786378,1.0714034
AKR1C3,False,False,882,1.8492202,49.04679376083189,3201.0,True,0.7844236990729936,1.1258263715076668,1.3531214
LINC02649,False,False,66,0.043327555,96.18717504332756,75.0,True,0.05749935570234587,0.9499904052907079,1.7607719
ITIH5,False,False,3,0.0017331023,99.8266897746967,3.0,True,0.003901449901361309,1.588181304766942,3.3343627
SEC61A2,False,False,81,0.04794916,95.32062391681109,83.0,True,0.06159953552596538,0.990797258058154,1.8613896
CAMK1D,False,False,1004,1.2091277,41.998844598497975,2093.0,True,0.8882141224373451,1.0411060868868591,1.151385
FRMD4A,False,False,26,0.01559792,98.49797804737146,27.0,True,0.019632158362051,0.7841706174044123,1.3519092
FAM107B,False,False,85,0.05430387,95.0895436164067,94.0,True,0.06401159665904359,0.7042183214717421,1.1547704
ST8SIA6,False,False,789,0.80820334,54.419410745233975,1399.0,True,0.649784900164773,0.8780904143175576,1.2634135
CACNB2,False,False,552,0.6060081,68.1109185441941,1049.0,True,0.5633621287264086,1.1186955159388077,1.9521472
MALRD1,False,False,496,0.44194108,71.34604274985557,765.0,True,0.4167750015142566,0.8086157345229317,1.6622229
AL157895.1,False,False,315,0.64240324,81.80242634315424,1112.0,True,0.5424586242659585,1.8252589880409744,3.97469
PLXDC2,False,False,1108,2.221837,35.99075678798383,3846.0,True,1.3024685069598676,1.8336775517746662,2.0948887
AC069549.1,False,False,2,0.0011554015,99.8844598497978,2.0,True,0.0037803310140532283,1.4629613558234034,3.0256073
ARMC3,False,False,28,0.016753322,98.38243789716927,29.0,True,0.020739317562441056,0.7248734584819575,1.2056998
OTUD1,False,False,39,0.022530328,97.74696707105718,39.0,True,0.028396225927529016,0.7993531475506621,1.3893448
KIAA1217,False,False,9,0.011554015,99.48006932409012,20.0,True,0.007669683873098776,1.3037747832602011,2.6331
ARHGAP21,False,False,282,0.2235702,83.70883882149047,387.0,True,0.2108996779690174,0.9324313010714869,1.7174764
AL390866.1,False,False,3,0.0017331023,99.8266897746967,3.0,True,0.005105391593677724,1.618253870862266,3.4085128
SVIL,False,False,409,0.3044483,76.37203928365108,527.0,True,0.32945907531544616,0.7756001802476387,1.5402278
MAP3K8,False,False,569,0.57192373,67.12882726747544,990.0,True,0.49913832520267204,1.0980751589034081,2.7317982
AL391839.1,False,False,80,0.050837666,95.37839399191219,88.0,True,0.061421109022073365,0.8851952649142241,1.6010062
AL391839.3,False,False,5,0.0028885037,99.71114962449451,5.0,True,0.004438926560904911,0.8961065162113896,1.6279101
AL392046.1,False,False,10,0.01502022,99.42229924898902,26.0,True,0.01213071738453359,1.7411175469353266,3.7114584
AL450326.1,False,False,22,0.013287118,98.72905834777586,23.0,True,0.017581349938515768,0.9570985045639788,1.7782984
CXCL12,False,False,5,0.028885037,99.71114962449451,50.0,True,0.14644760956311653,5.522968722710495,13.03639
DEPP1,False,False,66,0.05603697,96.18717504332756,97.0,True,0.07526437612906889,1.1875920382988636,2.3466275
ALOX5,False,False,6,0.004043905,99.65337954939342,7.0,True,0.007739215820832166,1.1003402916098695,2.1314905
AC060234.3,False,False,1,0.00057770073,99.94222992489891,1.0,True,0.0019470070506978493,1.1637908704365285,2.287941
FAM170B,False,False,1,0.00057770073,99.94222992489891,1.0,True,0.0025855219985247003,1.4477442649412104,2.9880865
TMEM273,False,False,21,0.012709416,98.78682842287695,22.0,True,0.018390354242369813,0.8178693814874942,1.4350004
AC069547.2,False,False,2,0.0017331023,99.8844598497978,3.0,True,0.0033443192566956514,1.354165771540773,2.7573493
PRKG1,False,False,529,0.64818025,69.43963027151936,1122.0,True,0.5562545286782112,1.2879450934226129,2.4366252
LNCAROD,False,False,352,0.31542462,79.66493356441363,546.0,True,0.3341731260379723,0.9520377033643117,2.1921782
ANK3,False,False,183,0.13807048,89.42807625649914,239.0,True,0.15834249327989483,0.6963200703441468,1.1352955
SIRT1,False,False,157,0.09532063,90.93009820912768,165.0,True,0.09623449247887322,0.6772680732375332,1.088319
SRGN,False,False,1458,3.779896,15.771230502599654,6543.0,True,1.7153931994925118,2.346712091871702,1.4514067
PALD1,False,False,25,0.01559792,98.55574812247256,27.0,True,0.024801199000977527,0.9528423863427586,1.767804
PRF1,False,False,2,0.0011554015,99.8844598497978,2.0,True,0.003455912907748712,1.115888365047649,2.1698275
SPOCK2,False,False,68,0.042172156,96.07163489312536,73.0,True,0.052999829057037914,0.8138741827925199,1.4251494
DDIT4,False,False,256,0.22241479,85.21086077411901,385.0,True,0.2616406867545763,1.1847478584885853,3.0520604
OIT3,False,False,2,0.0017331023,99.8844598497978,3.0,True,0.005545894480965184,2.0748102349957938,4.5342464
NUDT13,False,False,43,0.025418833,97.5158867706528,44.0,True,0.028944060090876012,1.00195745386407,1.8889073
VCL,False,False,416,0.33448875,75.96764875794338,579.0,True,0.3198356160480325,0.6982157523865602,1.2542863
AP3M1,False,False,311,0.20739457,82.03350664355864,359.0,True,0.2073418379454246,0.9311438937803143,1.714302
AC010997.3,False,False,4,0.002310803,99.7689196995956,4.0,True,0.004597957079387855,1.3032770097372832,2.6318727
ZNF503,False,False,70,0.046793763,95.95609474292317,81.0,True,0.06233035613038404,0.6872338154721106,1.1128916
RPS24,False,True,1703,63.45292,1.6175621028307385,109837.0,True,4.193015351209469,1.7859593083252465,1.5109048
PLAC9,False,False,5,0.0028885037,99.71114962449451,5.0,True,0.00681430682937769,1.3953165617175816,2.8588152
CERNA2,False,False,4,0.002310803,99.7689196995956,4.0,True,0.004490862024032982,0.7953423789404913,1.3794554
SNCG,False,False,2,0.0011554015,99.8844598497978,2.0,True,0.0018471470657800363,1.1110899033755406,2.157996
ADIRF,False,False,5,0.004043905,99.71114962449451,7.0,True,0.012905890745655435,2.0737601553050693,4.531657
LINC00863,False,False,196,0.13633738,88.67706528018486,236.0,True,0.1370092138658228,0.7011427913054715,1.147187
IFIT2,False,False,56,0.035239745,96.76487579433854,61.0,True,0.04200333970918739,0.9041397027169534,1.6477176
IFIT3,False,False,245,0.28942809,85.84633160023107,501.0,True,0.15593411827307446,0.6716458256449419,1.0744561
IFIT1B,False,False,9,0.00808781,99.48006932409012,14.0,True,0.007068724221479728,1.823591900190456,3.914816
IFIT1,False,False,60,0.042172156,96.53379549393414,73.0,True,0.03797520261442242,1.2226821457034094,2.4331493
SLC16A12,False,False,2,0.0017331023,99.8844598497978,3.0,True,0.005458204910785858,1.913898864747041,4.1374865
AL157400.3,False,False,13,0.00751011,99.24898902368572,13.0,True,0.010363962840828678,0.9542620204846063,1.7713045
LINC01374,False,False,9,0.00751011,99.48006932409012,13.0,True,0.011209026576098038,1.6357110929557581,3.4515572
HTR7,False,False,1,0.00057770073,99.94222992489891,1.0,True,0.0014913903865802667,0.8969784841336086,1.6300601
PPP1R3C,False,False,1,0.00057770073,99.94222992489891,1.0,True,0.003364448563273501,1.711470590312745,3.6383579
MYOF,False,False,3,0.0017331023,99.8266897746967,3.0,True,0.003056847417695606,0.8019465833181451,1.3957394
AL139124.1,False,False,1,0.00057770073,99.94222992489891,1.0,True,0.0024200104831500753,1.3815059697331344,2.8247623
AL157834.2,False,False,2,0.0011554015,99.8844598497978,2.0,True,0.0027991350892372104,0.9353231990435548,1.7246069
PDLIM1,False,False,912,1.237435,47.313691507798964,2142.0,True,0.7825693217936146,1.0659378070660406,1.8011279
BLNK,False,False,7,0.006354708,99.59560947429232,11.0,True,0.009048681669181553,0.9722423095479488,1.8156385
DNTT,False,False,51,0.2328134,97.05372616984403,403.0,True,0.2566809086058441,3.0893110992625408,7.035707
RRP12,False,False,529,0.469093,69.43963027151936,812.0,True,0.4221120603698419,0.9398080846924508,2.1469889
AL355490.2,False,False,36,0.024263432,97.92027729636048,42.0,True,0.030759403122987444,0.7440978589839078,1.2531015
UBTD1,False,False,12,0.006932409,99.30675909878683,12.0,True,0.011055074878683988,1.0093130400864467,1.907044
MORN4,False,False,27,0.01617562,98.44020797227037,28.0,True,0.017589828996932684,0.9923907379835248,1.8653187
HPSE2,False,False,9,0.00751011,99.48006932409012,13.0,True,0.008602554554440534,0.9555281773918095,1.7744265
COX15,False,False,171,0.109763145,90.1213171577123,190.0,True,0.10225895068198801,0.6776065550141318,1.0891535
ABCC2,False,False,1,0.0011554015,99.94222992489891,2.0,True,0.0012529848576932818,0.7226790149647422,1.200289
AL138762.1,False,False,15,0.009243212,99.13344887348353,16.0,True,0.012768167370885571,0.8600155822495298,1.5389205
NEURL1,False,False,84,0.055459272,95.14731369150779,96.0,True,0.06405051066002908,0.7264436979686193,1.2095716
ABLIM1,False,False,503,0.39110342,70.94165222414789,677.0,True,0.36829338961135377,0.6661191691921327,1.1356869
FAM160B1,False,False,222,0.13864818,87.17504332755632,240.0,True,0.14109153430974525,0.7464314563823279,1.2588555
HSPA12A,False,False,13,0.008665511,99.24898902368572,15.0,True,0.012217719370014611,0.7765632156379094,1.3331516
EMX2OS,False,False,1,0.00057770073,99.94222992489891,1.0,True,0.0013318099162418619,0.7837286929061744,1.3508195
CUZD1,False,False,7,0.004043905,99.59560947429232,7.0,True,0.0070198104789913895,0.8114261878470023,1.4191134
CHST15,False,False,3,0.0017331023,99.8266897746967,3.0,True,0.0040683493127986825,0.9313451978941545,1.7147983
AL731571.1,False,False,6,0.0034662045,99.65337954939342,6.0,True,0.006131509826486832,1.1348047549451086,2.2164698
DOCK1,False,False,278,0.21663778,83.93991912189486,375.0,True,0.23475314737247463,0.7354871726645595,1.23187
AL359094.1,False,False,5,0.0028885037,99.71114962449451,5.0,True,0.004832143018531352,0.6717359570160859,1.0746784
PTPRE,False,False,217,0.15135759,87.46389370306181,262.0,True,0.17100025248867792,0.9462877995995956,1.7516423
EBF3,False,False,7,0.0057770074,99.59560947429232,10.0,True,0.016685809332121715,2.8864805292579434,6.5355864
IFITM3,False,False,1037,1.1253611,40.09243212016176,1948.0,True,0.7756070171670908,0.8470823996040445,1.1746528
AP006284.1,False,False,2,0.0011554015,99.8844598497978,2.0,True,0.002257841867619166,0.9362213000063516,1.7268213
OSBPL5,False,False,90,0.057192374,94.80069324090121,99.0,True,0.05557422639050459,0.7865143366188172,1.3576881
AC127526.2,False,False,40,0.03061814,97.6891969959561,53.0,True,0.028954621008996633,0.7507539217231707,1.2695134
HBB,False,False,849,137.05603,50.953206239168104,237244.0,True,4.167794601563493,7.443396179346853,3.4270768
HBD,False,False,569,11.006354,67.12882726747544,19052.0,True,1.9184352502247928,3.737609405184041,1.8335092
HBG1,False,False,226,7.322357,86.94396302715194,12675.0,True,1.3049993786285126,5.0555253107567895,7.831588
HBG2,False,False,152,3.8555748,91.21894858463317,6674.0,True,0.8153894269671649,4.670915561376948,9.794711
OR51B5,False,False,1,0.00057770073,99.94222992489891,1.0,True,0.001533088696769272,0.9245749746565153,1.698105
CAVIN3,False,False,1,0.0011554015,99.94222992489891,2.0,True,0.0036908878907618635,1.8042369308560426,3.8670924
OR6A2,False,False,5,0.0028885037,99.71114962449451,5.0,True,0.0052176173668095184,1.0664484456095815,2.047923
LMO1,False,False,2,0.0017331023,99.8844598497978,3.0,True,0.003354376440092138,1.0168146200239616,1.9255408
ST5,False,False,13,0.00808781,99.24898902368572,14.0,True,0.010864320751168909,0.910200863241331,1.6626626
SWAP70,False,False,396,0.27498555,77.12305025996532,476.0,True,0.28294825638274335,0.7419021142562889,1.4157108
MRVI1-AS1,False,False,4,0.002310803,99.7689196995956,4.0,True,0.00474771671793479,1.1156614094717212,2.169268
TEAD1,False,False,6,0.0034662045,99.65337954939342,6.0,True,0.0075698423623506,1.2596941781675284,2.5244102
SPON1,False,False,17,0.010398613,99.01790872328135,18.0,True,0.015605903259445022,0.8595734939748755,1.5378305
AC027544.2,False,False,1,0.00057770073,99.94222992489891,1.0,True,0.001241357199105163,0.713349901910823,1.1772861
NAV2,False,False,14,0.013287118,99.19121894858463,23.0,True,0.038258003121297325,3.6641494705983817,8.453089
NAV2-AS2,False,False,23,0.013287118,98.67128827267476,23.0,True,0.019107168869129262,0.8139705464597733,1.425387
HIPK3,False,False,455,0.33679953,73.71461582900058,583.0,True,0.3345931498269603,0.6775078424748932,1.177769
ABTB2,False,False,18,0.013864818,98.96013864818023,24.0,True,0.017667402138254185,1.1482018339761009,2.249503
LDLRAD3,False,False,77,0.05199307,95.55170421721549,90.0,True,0.044236947361715497,0.8070669411167612,1.4083648
TRAF6,False,False,137,0.08665511,92.08549971114962,150.0,True,0.08322773212588387,0.6687139794449821,1.0672271
LRRC4C,False,False,40,0.027151935,97.6891969959561,47.0,True,0.03516059181226687,0.7709071908085137,1.3192054
LARGE2,False,False,2,0.0011554015,99.8844598497978,2.0,True,0.006023253015815416,1.6105260606956562,3.3894584
AC024475.1,False,False,1,0.0011554015,99.94222992489891,2.0,True,0.0013779416600757613,0.8178037653999431,1.4348385
CREB3L1,False,False,2,0.0011554015,99.8844598497978,2.0,True,0.0017725826637670556,0.7512434584071086,1.2707205
C1QTNF4,False,False,691,1.021375,60.08087810514154,1768.0,True,0.7599299184941023,1.128732159278169,1.9808772
PRG2,False,False,155,0.762565,91.04563835932986,1320.0,True,0.633688667357434,4.970540779767493,12.97808
RTN4RL2,False,False,31,0.018486423,98.20912767186597,32.0,True,0.022567813939096903,0.6872550316143264,1.1129439
BTBD18,False,False,9,0.0051993066,99.48006932409012,9.0,True,0.007410191146261021,0.9676517103539977,1.8043195
OR9Q1,False,False,1,0.00057770073,99.94222992489891,1.0,True,0.0019476303965656244,1.164111294976391,2.288731
MPEG1,False,False,2,0.0011554015,99.8844598497978,2.0,True,0.003119129097208594,0.9442975115731079,1.746735
OR4D9,False,False,4,0.002310803,99.7689196995956,4.0,True,0.00571084792274229,1.2303595529038738,2.4520798
LINC02739,False,False,12,0.010976315,99.30675909878683,19.0,True,0.020814741187521232,2.88112709404199,6.5223866
MS4A3,False,False,52,0.0762565,96.99595609474292,132.0,True,0.08795625866483979,1.7125171505402057,3.6409383
MS4A2,False,False,31,0.04794916,98.20912767186597,83.0,True,0.058190743772725595,2.214666651894219,4.8790913
MS4A6A,False,False,3,0.002310803,99.8266897746967,4.0,True,0.003895867131208974,1.0483343861580834,2.0032592
MS4A4E,False,False,14,0.011554015,99.19121894858463,20.0,True,0.017694512157524017,1.343436872563675,2.730895
MS4A1,False,False,8,0.012709416,99.53783939919121,22.0,True,0.04516828695776625,2.341378934610202,5.1915264
MS4A13,False,False,5,0.0028885037,99.71114962449451,5.0,True,0.005174985148474571,0.7351269282914709,1.2309818
AP003721.2,False,False,2,0.0011554015,99.8844598497978,2.0,True,0.0023114005502194853,0.8018240474464745,1.3954374
FADS2,False,False,276,0.21143848,84.05545927209705,366.0,True,0.1526761952118121,0.8299504075049624,1.4647887
FTH1,False,False,1702,42.451183,1.675332177931832,73483.0,True,3.546205789655486,2.751525977204627,1.7156717
INTS5,False,False,66,0.041016754,96.18717504332756,71.0,True,0.03789920288578241,0.8306839326006258,1.4665973
PLAAT3,False,False,11,0.00751011,99.36452917388793,13.0,True,0.017859418218952768,2.3752760693682573,5.275107
FERMT3,False,False,544,0.48064703,68.5730791450029,832.0,True,0.3888963057602537,0.6693487253415004,1.1476204
PPP1R14B-AS1,False,False,15,0.008665511,99.13344887348353,15.0,True,0.008449305862009412,0.6944994478379012,1.1308064
CCDC88B,False,False,75,0.044482958,95.66724436741768,77.0,True,0.05309048499215675,0.7817653904671855,1.3459786
AP005273.2,False,False,1,0.00057770073,99.94222992489891,1.0,True,0.001335316070739382,0.7863595632418211,1.3573065
CDC42BPG,False,False,14,0.00808781,99.19121894858463,14.0,True,0.012371168130469132,0.7007602020707885,1.1462436
SSSCA1-AS1,False,False,24,0.013864818,98.61351819757365,24.0,True,0.01876359840366597,0.7180782378997554,1.1889448
FOSL1,False,False,280,0.21317157,83.82437897169265,369.0,True,0.21832592048091992,0.801783423171603,1.3953371
RAB1B,False,False,218,0.14558059,87.40612362796072,252.0,True,0.13007729852216637,0.7237672564306021,1.2029723
C11orf80,False,False,66,0.041594453,96.18717504332756,72.0,True,0.04764032755759473,0.6767579772228481,1.0870612
ACY3,False,False,53,0.035817448,96.93818601964182,62.0,True,0.051175234899231196,1.1459160235484869,2.2438667
TPCN2,False,False,61,0.036395147,96.47602541883305,63.0,True,0.0386421700485118,0.9564736927791319,1.7767578
AP002336.2,False,False,289,0.20161757,83.30444829578279,349.0,True,0.2119181563890983,0.7845075854453212,1.35274
AP003717.4,False,False,12,0.00751011,99.30675909878683,13.0,True,0.010045442173037189,0.720558653458502,1.1950607
AP001372.1,False,False,10,0.006354708,99.42229924898902,11.0,True,0.00719335997050407,0.6717946231241989,1.074823
KCNE3,False,False,10,0.0057770074,99.42229924898902,10.0,True,0.006150784839505872,0.849166136586374,1.512169
B3GNT6,False,False,2,0.0011554015,99.8844598497978,2.0,True,0.0027889195088914693,1.0815755631842512,2.0852222
AQP11,False,False,103,0.06181398,94.04968226458695,107.0,True,0.07126271608837241,0.7013720683445277,1.1477523
GAB2,False,False,902,1.061814,47.89139225880994,1838.0,True,0.779687134545255,1.016748119151947,1.6603221
TENM4,False,False,3,0.0017331023,99.8266897746967,3.0,True,0.005690827908765328,1.6956519949641733,3.5993538
LINC02734,False,False,29,0.041594453,98.32466782206816,72.0,True,0.04718975217863825,1.5480095624885988,3.235311
DLG2,False,False,185,0.1559792,89.31253610629693,270.0,True,0.17343173414588742,0.9436755779709888,1.7452015
CCDC83,False,False,2,0.0011554015,99.8844598497978,2.0,True,0.003513316374050434,1.2386420618953577,2.472502
PRSS23,False,False,17,0.010976315,99.01790872328135,19.0,True,0.015785044563550243,1.6941123119140988,3.5955575
AP001528.1,False,False,4,0.002310803,99.7689196995956,4.0,True,0.004379782950835738,1.4802633138788188,3.0682688
DISC1FP1,False,False,224,0.19699596,87.05950317735413,341.0,True,0.2231461439496459,0.9589981780702272,1.7829825
FAT3,False,False,6,0.0034662045,99.65337954939342,6.0,True,0.00876063324954227,1.1760813736788274,2.3182456
AP002784.1,False,False,8,0.004621606,99.53783939919121,8.0,True,0.005776998942428779,0.8450562692103702,1.5020353
PIWIL4,False,False,31,0.019641826,98.20912767186597,34.0,True,0.028898434245104215,1.270215193435982,2.5503519
AP000943.2,False,False,11,0.006932409,99.36452917388793,12.0,True,0.012636871785059036,1.209805710250129,2.4013999
MAML2,False,False,346,0.32582322,80.01155401502022,564.0,True,0.35179714928137595,1.104123676362237,2.7541478
CNTN5,False,False,8,0.00808781,99.53783939919121,14.0,True,0.009482744140412119,1.5021314401790902,3.122189
BIRC3,False,False,176,0.119584054,89.83246678220682,207.0,True,0.1440823145376305,0.8079698250729439,1.410591
AP002961.1,False,False,1,0.00057770073,99.94222992489891,1.0,True,0.0013714213271453536,0.8130573057307928,1.4231352
LINC02550,False,False,15,0.009243212,99.13344887348353,16.0,True,0.014284814099292198,0.8319069179186135,1.4696128
POU2AF1,False,False,3,0.0034662045,99.8266897746967,6.0,True,0.008396975489587573,1.949740324581917,4.2258606
TTC12,False,False,65,0.03870595,96.24494511842865,67.0,True,0.043236818516484074,0.6895680817133685,1.1186471
HTR3A,False,False,1,0.00057770073,99.94222992489891,1.0,True,0.0017280960776230217,1.0444082614570804,1.9935786
NNMT,False,False,13,0.010398613,99.24898902368572,18.0,True,0.022573603356546127,2.2796938607720727,5.039429
REXO2,False,False,759,1.9832467,56.15251299826689,3433.0,True,0.7583193154748497,1.129793865637181,1.9839163
TAGLN,False,False,14,0.00808781,99.19121894858463,14.0,True,0.010241504850241962,1.0022593093705419,1.8896517
IL10RA,False,False,14,0.009243212,99.19121894858463,16.0,True,0.01681383608796983,1.2712329068257027,2.5528615
JAML,False,False,177,0.13056037,89.77469670710572,226.0,True,0.16309302264280792,0.8336222698468557,1.4738424
CD3D,False,False,2,0.0011554015,99.8844598497978,2.0,True,0.003345538463625352,1.106053646515656,2.145578
AP003392.4,False,False,3,0.0017331023,99.8266897746967,3.0,True,0.0031782795425921357,0.8622161233743767,1.5443463
HMBS,False,False,447,0.83651066,74.17677642980935,1448.0,True,0.37871302129496215,0.8370767199563401,1.7673885
DPAGT1,False,False,152,0.094742924,91.21894858463317,164.0,True,0.08347105032744774,0.7303401231969371,1.219179
SORL1,False,False,515,0.4581167,70.24841132293471,793.0,True,0.44239127602427536,0.7360290422051669,1.3940094
MIR100HG,False,False,67,0.04563836,96.12940496822647,79.0,True,0.057582305762147554,0.6953809733814993,1.13298
HSPA8,False,False,1370,5.1132293,20.854997111496242,8851.0,True,1.4756169067304397,1.4457405880616125,1.0710107
ADAMTS8,False,False,2,0.0011554015,99.8844598497978,2.0,True,0.002238151565754478,0.7118169651923554,1.1735064
ADAMTS15,False,False,2,0.0011554015,99.8844598497978,2.0,True,0.0023068565056844226,0.8423241505159642,1.4952986
IGSF9B,False,False,4,0.002310803,99.7689196995956,4.0,True,0.0036364963506363285,0.724539326194857,1.204876
CACNA1C,False,False,50,0.032928944,97.11149624494512,57.0,True,0.04300457401782435,1.049206013187104,2.0054083
TSPAN9,False,False,6,0.0034662045,99.65337954939342,6.0,True,0.006519576148143988,1.2123679788967645,2.4077177
AC005832.1,False,False,1,0.00057770073,99.94222992489891,1.0,True,0.0014092075112627413,0.8402560538489366,1.4901993
VWF,False,False,58,0.05430387,96.64933564413633,94.0,True,0.05749071230101583,0.9043949201030914,1.6483469
CD27,False,False,2,0.0011554015,99.8844598497978,2.0,True,0.001802829197718132,1.0867826357245611,2.0980613
IFFO1,False,False,81,0.04794916,95.32062391681109,83.0,True,0.049949095715149855,0.784088358535911,1.3517063
AC125494.2,False,False,2,0.0011554015,99.8844598497978,2.0,True,0.002169307026471059,0.7255962517490229,1.207482
U47924.2,False,False,11,0.006354708,99.36452917388793,11.0,True,0.008453176930882154,0.7539998032769724,1.2775168
C1R,False,False,45,0.026574235,97.4003466204506,46.0,True,0.035070760084369705,1.0998311994237835,2.1302352
CD163L1,False,False,8,0.004621606,99.53783939919121,8.0,True,0.005693454997981979,0.794028016718086,1.3762146
NANOG,False,False,5,0.0028885037,99.71114962449451,5.0,True,0.004176664448157565,0.726236688258684,1.2090611
SLC2A3,False,False,126,0.09936453,92.72097053726169,172.0,True,0.1302887793710887,1.3452836560904444,2.7354486
AC092745.5,False,False,53,0.03177354,96.93818601964182,55.0,True,0.036708174033248823,0.7848871979089306,1.3536761
A2M,False,False,12,0.00751011,99.30675909878683,13.0,True,0.010194723711884955,1.0625212662668895,2.03824
CLECL1,False,False,16,0.010398613,99.07567879838244,18.0,True,0.013445371411059497,0.9344304290521713,1.7224056
CD69,False,False,724,1.2784518,58.174465626805315,2213.0,True,0.9132142222768235,1.6223248507914307,2.5353868
CLEC1B,False,False,26,0.023685731,98.49797804737146,41.0,True,0.0262957660948242,0.9096559577679684,1.661319
AC022075.1,False,False,20,0.012131716,98.84459849797804,21.0,True,0.013649526035454444,0.9943605621294973,1.8701757
KLRK1,False,False,2,0.0011554015,99.8844598497978,2.0,True,0.003263559251732035,1.359684077800276,2.7709558
TAS2R30,False,False,5,0.0028885037,99.71114962449451,5.0,True,0.00921052034776145,1.9766925749616646,4.292317
MANSC1,False,False,88,0.05430387,94.9162333911034,94.0,True,0.06312626730050763,0.7994361731552444,1.3895495
CDKN1B,False,False,143,0.08781052,91.73887926054304,152.0,True,0.10103690561080024,0.7332993440437918,1.2264756
APOLD1,False,False,140,0.09878683,91.91218948584633,171.0,True,0.10465610666520898,0.7585778247298759,1.2888049
GPRC5A,False,False,3,0.002310803,99.8266897746967,4.0,True,0.006717616134623618,2.4046178713969755,5.347455
GSG1,False,False,64,0.042172156,96.30271519352975,73.0,True,0.05094491501898116,0.6714231158171264,1.073907
EMP1,False,False,339,0.384171,80.4159445407279,665.0,True,0.41849760301900474,2.5296404778994215,8.0215435
GRIN2B,False,False,3,0.0017331023,99.8266897746967,3.0,True,0.003909683825162033,1.1771875741709716,2.3209732
MGP,False,False,2,0.0011554015,99.8844598497978,2.0,True,0.003947826631714547,1.5808102385042544,3.3161879
EPS8,False,False,79,0.050259966,95.43616406701328,87.0,True,0.06235574450827194,0.6981140357472925,1.139719
PDE3A,False,False,109,0.08492201,93.70306181398036,147.0,True,0.09324085875158265,0.7436442700222922,1.2519832
AC084816.1,False,False,38,0.028885037,97.80473714615829,50.0,True,0.03693011364226658,0.7214335237006101,1.197218
SOX5,False,False,12,0.012709416,99.30675909878683,22.0,True,0.030103169252537164,2.264791564758023,5.0026846
PDZRN4,False,False,103,0.091854416,94.04968226458695,159.0,True,0.09757347964965024,0.6952427643563853,1.1326393
PCED1B,False,False,121,0.11554015,93.00982091276718,200.0,True,0.12149640907017498,1.0437825057701167,1.9920356
PCED1B-AS1,False,False,7,0.0051993066,99.59560947429232,9.0,True,0.01112752350444382,1.3397809995968595,2.7218807
AC008083.2,False,False,5,0.0028885037,99.71114962449451,5.0,True,0.004391922839402754,1.467431700526462,3.0366297
AC121338.2,False,False,2,0.0011554015,99.8844598497978,2.0,True,0.005649962614703127,2.0186617600095125,4.3958006
AC090115.1,False,False,5,0.0028885037,99.71114962449451,5.0,True,0.004805102528876179,1.0853496015381507,2.0945277
AC024257.4,False,False,1,0.00057770073,99.94222992489891,1.0,True,0.001310306228196549,0.7674399452263678,1.3106562
TUBA1B,False,False,1539,12.1658,11.09185441941074,21059.0,True,2.30244465346517,2.2360764564241524,1.404532
TUBA1A,False,False,1262,2.7590988,27.09416522241479,4776.0,True,1.470804511346134,2.171440085602981,2.2409902
AC010173.1,False,False,10,0.0057770074,99.42229924898902,10.0,True,0.008481095763993135,0.8253308973390666,1.4533982
AC008147.1,False,False,15,0.019641826,99.13344887348353,34.0,True,0.012057265358431069,1.2025506439426115,2.383511
NR4A1,False,False,164,0.11438475,90.52570768341998,198.0,True,0.1290666947873665,1.018484517012154,1.9296582
ITGB7,False,False,20,0.012709416,98.84459849797804,22.0,True,0.013753403991854034,0.6987489668103505,1.1412845
HOXC4,False,False,2,0.0011554015,99.8844598497978,2.0,True,0.0023265581225580907,0.7214454866571443,1.1972475
CD63,False,False,1215,1.8827268,29.809358752166382,3259.0,True,1.0282553587087564,1.1655280215393333,1.4476593
SUOX,False,False,73,0.044482958,95.78278451761987,77.0,True,0.04701318012012979,0.8957049210981705,1.6269199
AC034102.3,False,False,4,0.002310803,99.7689196995956,4.0,True,0.005406649149835975,1.5320724221455386,3.196015
AC073896.3,False,False,11,0.006354708,99.36452917388793,11.0,True,0.008948315051776607,0.7191337400647285,1.1915474
STAT2,False,False,148,0.09532063,91.45002888503755,165.0,True,0.09003838613264652,0.716330992666921,1.1846366
NXPH4,False,False,1,0.00057770073,99.94222992489891,1.0,True,0.00279701774712543,1.5264764530729655,3.1822166
INHBC,False,False,4,0.0028885037,99.7689196995956,5.0,True,0.0035316426595431425,0.7458985727897776,1.2575415
AC048341.2,False,False,16,0.009243212,99.07567879838244,16.0,True,0.01104180848034599,0.7742741832163312,1.3275075
SRGAP1,False,False,47,0.032928944,97.28480647024841,57.0,True,0.046860575865864486,1.3382215696126374,2.7180357
AC025419.1,False,False,1,0.00057770073,99.94222992489891,1.0,True,0.0015273180236870135,0.9208008423364056,1.688799
HMGA2-AS1,False,False,183,0.119584054,89.42807625649914,207.0,True,0.1504918141521693,0.8707017925404592,1.5652696
IRAK3,False,False,565,0.4627383,67.35990756787984,801.0,True,0.4445973314833514,0.7582010570065059,1.4759367
IFNG-AS1,False,False,7,0.006932409,99.59560947429232,12.0,True,0.019883521192540082,1.9756817799891877,4.289825
PTPRB,False,False,1,0.00057770073,99.94222992489891,1.0,True,0.0018471470657800363,1.1110899033755406,2.157996
TRHDE,False,False,4,0.0028885037,99.7689196995956,5.0,True,0.004262640235085594,0.9497501030240845,1.7601794
GLIPR1L1,False,False,11,0.006354708,99.36452917388793,11.0,True,0.010480076969452717,1.222988173718708,2.433904
GLIPR1L2,False,False,9,0.0051993066,99.48006932409012,9.0,True,0.007981319374137,1.0645072928869677,2.0431368
GLIPR1,False,False,496,0.45060658,71.34604274985557,780.0,True,0.42734127121571847,0.6520506824995702,1.0837028
AC107032.2,False,False,34,0.02310803,98.03581744656267,40.0,True,0.02781592125025975,0.8972722658009518,1.6307845
SYT1,False,False,408,0.33795494,76.42980935875217,585.0,True,0.34840430710213727,0.7559003661844356,1.4674355
PPFIA2,False,False,2,0.0011554015,99.8844598497978,2.0,True,0.0025043679823524142,0.9908223232594178,1.8614514
AC089998.4,False,False,2,0.0011554015,99.8844598497978,2.0,True,0.004459424374025867,1.878828733719642,4.051014
TMTC2,False,False,139,0.10571924,91.96995956094743,183.0,True,0.11970088571089288,0.6810081527729057,1.0975409
ALX1,False,False,1,0.00057770073,99.94222992489891,1.0,True,0.003364448563273501,1.711470590312745,3.6383579
NTS,False,False,1,0.0011554015,99.94222992489891,2.0,True,0.0025724087377082777,1.4426530333593315,2.975533
KITLG,False,False,1,0.00057770073,99.94222992489891,1.0,True,0.003364448563273501,1.711470590312745,3.6383579
LINC02458,False,False,4,0.002310803,99.7689196995956,4.0,True,0.004079297415494892,0.929507635268283,1.7102674
DUSP6,False,False,220,0.18717505,87.29058347775852,324.0,True,0.20031471634124384,0.8906501655979304,1.6144564
POC1B-AS1,False,False,58,0.035817448,96.64933564413633,62.0,True,0.04486176596565408,0.6881617867630782,1.1151797
ATP2B1,False,False,977,1.1305604,43.55863662622761,1957.0,True,0.8423743095499373,1.1010421900769505,1.2941052
ATP2B1-AS1,False,False,300,0.22414789,82.66897746967071,388.0,True,0.24598061871599622,0.672121290867244,1.0756285
LUM,False,False,1,0.00057770073,99.94222992489891,1.0,True,0.003364448563273501,1.711470590312745,3.6383579
DCN,False,False,1,0.0011554015,99.94222992489891,2.0,True,0.006717616134623618,2.4046178713969755,5.347455
LINC01619,False,False,277,0.22010398,83.99768919699595,381.0,True,0.2762917561364281,1.5852066217353722,4.531787
BTG1,False,False,899,0.9508954,48.06470248411323,1646.0,True,0.7806756344504294,1.3862908058821872,2.7181406
LINC02391,False,False,3,0.0017331023,99.8266897746967,3.0,True,0.0033337851312160013,1.3692708151203201,2.794594
LINC02397,False,False,1,0.00057770073,99.94222992489891,1.0,True,0.0017369731315538773,1.0495364481701377,2.0062232
ANKS1B,False,False,4,0.002310803,99.7689196995956,4.0,True,0.0032742872079144034,0.9242773662923006,1.6973711
GLT8D2,False,False,4,0.002310803,99.7689196995956,4.0,True,0.005285751634604705,1.363121356412366,2.779431
CRY1,False,False,546,0.42056614,68.4575389948007,728.0,True,0.38114550238871053,0.6770648267797438,1.176132
BTBD11,False,False,524,0.43731946,69.72848064702484,757.0,True,0.4289202565333611,0.7048587928533966,1.2788329
LINC01405,False,False,2,0.0011554015,99.8844598497978,2.0,True,0.00210938246807638,0.7083212087137863,1.1648868
SLC8B1,False,False,85,0.05199307,95.0895436164067,90.0,True,0.05675445721160941,0.742694848970788,1.2496421
HRK,False,False,2,0.0011554015,99.8844598497978,2.0,True,0.005026575320529192,1.513905612019455,3.1512208
AC026367.3,False,False,5,0.0028885037,99.71114962449451,5.0,True,0.003916301096290046,0.6679055652809218,1.0652337
CLIP1,False,False,376,0.27729636,78.27845176198728,480.0,True,0.2623947076115124,0.8464430999883402,1.8019979
ABCB9,False,False,98,0.06759099,94.33853264009244,117.0,True,0.04876486103064666,0.7703234280163102,1.3177661
RILPL1,False,False,24,0.01502022,98.61351819757365,26.0,True,0.021651056061011947,0.8612327262083661,1.5419216
TMEM132C,False,False,2,0.0011554015,99.8844598497978,2.0,True,0.0041725965340994485,1.5518366722014443,3.2447476
ADGRD1,False,False,2,0.0011554015,99.8844598497978,2.0,True,0.0034995214604914295,1.328932150650085,2.6951306
AC073578.1,False,False,21,0.012709416,98.78682842287695,22.0,True,0.017306392919290516,0.6916819352759462,1.1238593
ZDHHC20,False,False,671,0.5574812,61.23627960716349,965.0,True,0.45278962330719164,0.8471668644711412,1.8046724
SACS-AS1,False,False,1,0.00057770073,99.94222992489891,1.0,True,0.0017280960776230217,1.0444082614570804,1.9935786
MTMR6,False,False,376,0.28365105,78.27845176198728,491.0,True,0.2980628766253135,0.7728947188742433,1.5302309
USP12-AS1,False,False,47,0.027151935,97.28480647024841,47.0,True,0.03128671854712561,0.9751566315997661,1.8228245
FLT3,False,False,564,0.5557481,67.41767764298093,962.0,True,0.5077613696800746,0.9321736726453541,2.1187792
MTUS2,False,False,11,0.006354708,99.36452917388793,11.0,True,0.007252555273711012,0.8503742257256446,1.5151478
HMGB1,False,False,1662,15.588677,3.9861351819757362,26984.0,True,2.5220022544503045,1.799128433863473,1.2416868
ALOX5AP,False,False,30,0.03004044,98.26689774696708,52.0,True,0.03902684945100884,1.4462491283844638,2.9843998
FRY,False,False,438,0.33622184,74.69670710571924,582.0,True,0.3334906652173734,0.6950283330185744,1.2425085
BRCA2,False,False,306,0.2357019,82.32235701906411,408.0,True,0.1810837345130608,0.9063404461904978,1.653144
STARD13,False,False,38,0.024263432,97.80473714615829,42.0,True,0.0343606956150552,0.914788585580547,1.6739746
AL138999.2,False,False,2,0.0011554015,99.8844598497978,2.0,True,0.002601582324518877,0.9809992456107872,1.8372306
CCNA1,False,False,7,0.0057770074,99.59560947429232,10.0,True,0.006873289338154473,1.1906426975733213,2.3541496
AL354809.1,False,False,11,0.006354708,99.36452917388793,11.0,True,0.008146347705146363,0.7502083756089603,1.2681682
FOXO1,False,False,440,0.37088388,74.58116695551705,642.0,True,0.37599194410396014,1.0583023522557589,2.5848343
AL354696.2,False,False,81,0.05372617,95.32062391681109,93.0,True,0.06268736208276014,0.9145771306872632,1.6734532
RGCC,False,False,480,0.5413056,72.27036395147314,937.0,True,0.41734274326676757,1.325706820841373,3.5729148
TSC22D1,False,False,1004,1.2362796,41.998844598497975,2140.0,True,0.8472096038064667,1.3695708654001457,1.9335275
TPT1,False,False,1706,38.5985,1.444251877527436,66814.0,True,3.7252967309705274,2.0291428095825217,2.4952848
RUBCNL,False,False,9,0.0051993066,99.48006932409012,9.0,True,0.011644639970225265,1.2375169058609519,2.4697275
MED4-AS1,False,False,2,0.0011554015,99.8844598497978,2.0,True,0.0024527512633418253,1.1434871906911226,2.237878
CNMD,False,False,35,0.02195263,97.97804737146159,38.0,True,0.03374002913614411,0.767563665582065,1.3109612
PCDH8,False,False,1,0.0011554015,99.94222992489891,2.0,True,0.001977369220300031,1.179280009207496,2.3261325
PCDH9,False,False,488,0.56614673,71.80820335066436,980.0,True,0.5497519969339832,1.2789365748574473,2.4108384
KLF5,False,False,63,0.042172156,96.36048526863085,73.0,True,0.05395396970992349,0.6780341154728974,1.0902078
AL353660.1,False,False,1,0.00057770073,99.94222992489891,1.0,True,0.0024200104831500753,1.3815059697331344,2.8247623
AL445255.1,False,False,17,0.02310803,99.01790872328135,40.0,True,0.02786241367561814,1.8202650961117641,3.906613
AL162493.1,False,False,48,0.040439054,97.22703639514731,70.0,True,0.04924264053325589,0.8807191624166787,1.5899694
MIR4500HG,False,False,23,0.014442518,98.67128827267476,25.0,True,0.016297814404307238,0.7145852180678383,1.1803321
GPC5,False,False,808,1.2674755,53.32177931831311,2194.0,True,0.8711909672076755,1.3101808824583996,1.7921076
GPC6,False,False,222,0.21663778,87.17504332755632,375.0,True,0.22655628637586211,0.9494437984033325,1.7594241
DCT,False,False,2,0.0017331023,99.8844598497978,3.0,True,0.002468350798651664,0.8850282602474292,1.6005944
GPR180,False,False,84,0.050837666,95.14731369150779,88.0,True,0.054682526862401444,0.8700545570704415,1.5636736
DOCK9,False,False,50,0.03119584,97.11149624494512,54.0,True,0.025986640470769682,1.4043864014841934,2.8811786
GPR183,False,False,39,0.025418833,97.74696707105718,44.0,True,0.034141326463179744,0.7102337784237909,1.1696026
COL4A1,False,False,4,0.0034662045,99.7689196995956,6.0,True,0.006575615635961473,2.054406906237015,4.4839377
COL4A2,False,False,3,0.0017331023,99.8266897746967,3.0,True,0.002681991667197441,0.9236277604350341,1.6957694
RAB20,False,False,21,0.012131716,98.78682842287695,21.0,True,0.014387970880672393,0.8460056031049265,1.504376
ING1,False,False,112,0.07047949,93.52975158867707,122.0,True,0.06089019563518961,0.8052305504728309,1.4038367
ATP11AUN,False,False,2,0.0017331023,99.8844598497978,3.0,True,0.0052332789935168236,1.926061627271931,4.167476
ATP11A-AS1,False,False,2,0.0011554015,99.8844598497978,2.0,True,0.0017207959889208634,0.687895711797372,1.1145235
MCF2L,False,False,10,0.0057770074,99.42229924898902,10.0,True,0.010397583110967739,0.949845652247487,1.760415
ADPRHL1,False,False,8,0.004621606,99.53783939919121,8.0,True,0.0073846758639182965,0.9919627710250432,1.8642634
TMEM255B,False,False,1,0.0017331023,99.94222992489891,3.0,True,0.00553123616784311,2.2097020440284054,4.86685
AL355075.4,False,False,61,0.040439054,96.47602541883305,70.0,True,0.0415233200896446,0.7775962968668985,1.3356988
RNASE1,False,False,95,0.08261121,94.51184286539572,143.0,True,0.0458120652346553,0.9981758059283417,1.8795829
RNASE3,False,False,9,0.006932409,99.48006932409012,12.0,True,0.007862195052823779,1.5543472171781822,3.250938
RNASE2,False,False,51,0.04794916,97.05372616984403,83.0,True,0.060017333663134984,1.44631853143056,2.984571
AL161668.3,False,False,1,0.0034662045,99.94222992489891,6.0,True,0.0033900591800404265,1.7190667529582435,3.6570878
CDH24,False,False,2,0.0011554015,99.8844598497978,2.0,True,0.003850542730204177,1.5968429839862255,3.3557198
SLC7A8,False,False,12,0.006932409,99.30675909878683,12.0,True,0.00881811494667321,0.7681273662512744,1.3123512
CMTM5,False,False,50,0.050837666,97.11149624494512,88.0,True,0.05554815443458554,1.3065629728259094,2.6399748
ZFHX2-AS1,False,False,129,0.079145,92.5476603119584,137.0,True,0.0943589550130805,0.9020318710809473,1.6425203
CARMIL3,False,False,4,0.002310803,99.7689196995956,4.0,True,0.003520496311360777,0.6713463611375207,1.0737177
CBLN3,False,False,4,0.002310803,99.7689196995956,4.0,True,0.004539652783820373,0.9844465328288203,1.8457305
CMA1,False,False,2,0.0017331023,99.8844598497978,3.0,True,0.002566456403985495,1.0592362074517188,2.03014
CTSG,False,False,63,0.086077414,96.36048526863085,149.0,True,0.09760674071062335,2.2928625383388024,5.0718994
PRKD1,False,False,21,0.01502022,98.78682842287695,26.0,True,0.01941685866699418,0.8253922148301214,1.4535495
AL136298.1,False,False,1,0.00057770073,99.94222992489891,1.0,True,0.0016794580421360952,1.015834848061361,1.9231249
NPAS3,False,False,30,0.019064125,98.26689774696708,33.0,True,0.027952949121141362,0.8576384044478372,1.5330591
NFKBIA,False,False,1198,2.2715194,30.791450028885038,3932.0,True,1.2255996355207563,1.5019073571231132,1.5041515
SLC25A21,False,False,129,0.19930676,92.5476603119584,345.0,True,0.09361369622881242,0.7072756109138022,1.1623087
AL355835.1,False,False,1,0.00057770073,99.94222992489891,1.0,True,0.0012588158103948026,0.7273247071663915,1.2117438
SEC23A,False,False,308,0.20219526,82.20681686886194,350.0,True,0.21137671568600946,0.6825679947756311,1.101387
AL049828.2,False,False,1,0.00057770073,99.94222992489891,1.0,True,0.0027280650755991767,1.5014807620813773,3.1205847
LINC02315,False,False,4,0.0057770074,99.7689196995956,10.0,True,0.0062385915834720276,1.1370684075620083,2.2220511
AL591767.1,False,False,4,0.002310803,99.7689196995956,4.0,True,0.003581590860616112,0.7334002898402057,1.2267245
AL627171.1,False,False,64,0.03812825,96.30271519352975,66.0,True,0.04757864596394029,0.6674745319105998,1.064171
LINC01588,False,False,20,0.011554015,98.84459849797804,20.0,True,0.01615959184782162,0.8616387811366332,1.5429229
AL358334.2,False,False,1,0.00057770073,99.94222992489891,1.0,True,0.0013972376548550603,0.8317197053538522,1.4691511
FERMT2,False,False,6,0.0051993066,99.65337954939342,9.0,True,0.008274991672046582,1.8699896339933981,4.029219
LGALS3,False,False,129,0.14731368,92.5476603119584,255.0,True,0.07187591987257795,0.9309641893670462,1.7138588
KTN1-AS1,False,False,105,0.067013286,93.93414211438474,116.0,True,0.06571307673145693,0.8555868998742725,1.5280007
OTX2-AS1,False,False,6,0.0034662045,99.65337954939342,6.0,True,0.00568685521184025,0.7149628542153499,1.1812632
ARMH4,False,False,131,0.08318891,92.43212016175622,144.0,True,0.0999438286075437,0.6851364391747053,1.10772
PSMA3-AS1,False,False,644,0.4742923,62.796071634893124,821.0,True,0.42209528685801695,0.6932163300811073,1.235813
SIX1,False,False,1,0.0011554015,99.94222992489891,2.0,True,0.006717616134623618,2.4046178713969755,5.347455
PRKCH,False,False,754,0.814558,56.44136337377239,1410.0,True,0.6926252257347026,1.0969142009530573,1.889798
SYNE2,False,False,41,0.025418833,97.631426920855,44.0,True,0.03641928411763273,1.373516871916109,2.8050635
FUT8-AS1,False,False,29,0.017331023,98.32466782206816,30.0,True,0.024072148557681788,0.8555486740029883,1.5279064
AL135978.2,False,False,32,0.019641826,98.15135759676488,34.0,True,0.023442131422662816,0.768265663160632,1.3126922
AL049779.4,False,False,180,0.12305026,89.60138648180242,213.0,True,0.14805522991322803,0.6708474711883491,1.0724876
RDH12,False,False,1,0.00057770073,99.94222992489891,1.0,True,0.0016139906706014587,0.9760407030586,1.8250043
SLC10A1,False,False,20,0.013864818,98.84459849797804,24.0,True,0.014142355494022802,0.7090877931565336,1.166777
AC004817.5,False,False,7,0.004043905,99.59560947429232,7.0,True,0.005960443833302394,0.9676955237410846,1.8044275
SIPA1L1,False,False,499,0.5210861,71.17273252455229,902.0,True,0.4866310591146818,1.1325110790210322,2.8590415
RGS6,False,False,27,0.02310803,98.44020797227037,40.0,True,0.02299100938352143,0.6706669313427259,1.0720425
ZFYVE1,False,False,99,0.06008088,94.28076256499133,104.0,True,0.07716763382694004,0.9015788030733048,1.6414032
NUMB,False,False,504,0.3633738,70.8838821490468,629.0,True,0.3291820767368369,0.6593327411401465,1.1106106
AC005225.3,False,False,17,0.009820913,99.01790872328135,17.0,True,0.012878279885801947,0.8991278042095794,1.6353598
PGF,False,False,4,0.004043905,99.7689196995956,7.0,True,0.014112483030064698,3.0463947243543723,6.929888
AL691403.2,False,False,17,0.009820913,99.01790872328135,17.0,True,0.013035241444445213,0.7690809393987305,1.3147024
AL691403.1,False,False,658,0.6978625,61.98729058347776,1208.0,True,0.5987728842205718,0.8886827185855913,1.2937341
FOS,False,False,1238,6.027152,28.480647024841133,10433.0,True,2.1238121944484774,2.5131591741108052,1.7771841
JDP2,False,False,15,0.008665511,99.13344887348353,15.0,True,0.013049498932907156,0.7734811194040151,1.325552
ESRRB,False,False,6,0.004621606,99.65337954939342,8.0,True,0.010394677646067664,2.164015431421635,4.7542
NRXN3,False,False,17,0.011554015,99.01790872328135,20.0,True,0.021063059010923008,2.6656524459115682,5.9910893
AC008056.1,False,False,2,0.0011554015,99.8844598497978,2.0,True,0.0036543121175679444,1.635999630434667,3.4522686
TSHR,False,False,24,0.014442518,98.61351819757365,25.0,True,0.018288458812046045,0.691019672528309,1.1222264
LINC01467,False,False,1,0.00057770073,99.94222992489891,1.0,True,0.00279701774712543,1.5264764530729655,3.1822166
GPR65,False,False,3,0.002310803,99.8266897746967,4.0,True,0.0032381626481843046,0.7244223779699678,1.2045876
FBLN5,False,False,11,0.006354708,99.36452917388793,11.0,True,0.010136746248358154,0.8292086640165385,1.4629598
SLC24A4,False,False,11,0.006354708,99.36452917388793,11.0,True,0.008827173231631446,0.8944296065414765,1.6237754
LGMN,False,False,13,0.00808781,99.24898902368572,14.0,True,0.01618729958713287,1.7265253987217837,3.6754785
IFI27,False,False,149,0.34604275,91.39225880993645,599.0,True,0.16591979783732194,2.183490808567319,4.802221
AL133467.1,False,False,2,0.0011554015,99.8844598497978,2.0,True,0.0026705968315918027,1.0242330377266187,1.9438324
GLRX5,False,False,708,1.2512999,59.09878682842288,2166.0,True,0.5885323795404189,0.8121087939923581,1.0745406
TCL6,False,False,1,0.0011554015,99.94222992489891,2.0,True,0.003453210700968579,1.7375554078498607,3.7026753
TCL1A,False,False,9,0.00808781,99.48006932409012,14.0,True,0.026137580035540516,2.908509433104923,6.5899034
AL163051.1,False,False,70,0.041016754,95.95609474292317,71.0,True,0.0428303684611601,0.8970251206775294,1.6301751
DLK1,False,False,318,0.27729636,81.62911611785096,480.0,True,0.2760171273687311,0.6681439194913792,1.1431686
MEG3,False,False,226,0.21837088,86.94396302715194,378.0,True,0.24343926074711736,1.2591208920114925,2.5229967
AL117190.2,False,False,6,0.0034662045,99.65337954939342,6.0,True,0.005349924040012956,0.8106104015857196,1.4171019
HSP90AA1,False,False,1591,11.928365,8.08781051415367,20648.0,True,2.19088680934919,2.250576577676164,1.4240333
CDC42BPB,False,False,45,0.027151935,97.4003466204506,47.0,True,0.033874382851079056,0.831410027421633,1.4683876
EXOC3L4,False,False,3,0.0017331023,99.8266897746967,3.0,True,0.004685457312906468,1.4543245975383268,3.0043116
XRCC3,False,False,114,0.07221259,93.41421143847487,125.0,True,0.05253853303239649,0.8815080821446757,1.5919147
PPP1R13B,False,False,7,0.004043905,99.59560947429232,7.0,True,0.006904817915613906,0.9338160151949733,1.7208906
C14orf180,False,False,1,0.00057770073,99.94222992489891,1.0,True,0.003364448563273501,1.711470590312745,3.6383579
CRIP1,False,False,178,0.14269209,89.71692663200463,247.0,True,0.14816813043543503,0.9000658927591287,1.6376728
IGHGP,False,False,2,0.0011554015,99.8844598497978,2.0,True,0.0027689890229175584,0.8552708724754075,1.5272214
IGHA1,False,False,2,0.0017331023,99.8844598497978,3.0,True,0.003973113727335417,1.6279313706876328,3.4323747
IGHG3,False,False,1,0.00057770073,99.94222992489891,1.0,True,0.0018727227020539595,1.1248537359535393,2.1919334
IGHD,False,False,129,0.08203351,92.5476603119584,142.0,True,0.11621538912370843,1.2129435357919218,2.409137
IGHM,False,False,614,0.80184865,64.52917388792605,1388.0,True,0.773304958298631,3.0513741474135716,7.4844527
IGHV1-24,False,False,1,0.00057770073,99.94222992489891,1.0,True,0.0014841171867600133,0.8920860762662788,1.6179969
LINC01193,False,False,2,0.0011554015,99.8844598497978,2.0,True,0.001990817659035598,0.672239725505702,1.0759206
AC134980.2,False,False,1,0.00057770073,99.94222992489891,1.0,True,0.0017555099565527033,1.0601610938265642,2.0324204
MKRN3,False,False,3,0.0017331023,99.8266897746967,3.0,True,0.004746542113456907,1.4495228240916331,2.9924717
GABRB3,False,False,3,0.0017331023,99.8266897746967,3.0,True,0.004233206635250343,1.2032015697561234,2.385116
FAM189A1,False,False,8,0.004621606,99.53783939919121,8.0,True,0.00808774780889172,1.1193585455059751,2.1783838
OTUD7A,False,False,32,0.019064125,98.15135759676488,33.0,True,0.023059914734870693,1.1709841543501045,2.3056774
GOLGA8N,False,False,15,0.008665511,99.13344887348353,15.0,True,0.012048490469437387,0.7931986863184322,1.3741697
RYR3,False,False,349,0.5441941,79.83824378971693,942.0,True,0.29537315569769984,0.8399060331792275,1.777843
THBS1,False,False,7,0.006354708,99.59560947429232,11.0,True,0.0070798287487506,0.8032965296188527,1.399068
BMF,False,False,9,0.0051993066,99.48006932409012,9.0,True,0.010557614350067863,0.980134625761824,1.8350987
CCDC9B,False,False,20,0.011554015,98.84459849797804,20.0,True,0.017252959236642464,0.8562548325761674,1.5296476
PHGR1,False,False,2,0.0011554015,99.8844598497978,2.0,True,0.0022277150968267262,0.944578247278212,1.7474271
AC020661.1,False,False,1,0.00057770073,99.94222992489891,1.0,True,0.0016054758813433094,0.9707469267200198,1.8119514
NUSAP1,False,False,278,0.3160023,83.93991912189486,547.0,True,0.1739005723659971,0.7497421056891134,1.2670186
AC090510.2,False,False,2,0.0011554015,99.8844598497978,2.0,True,0.002456925011508238,0.7102259651199138,1.1695834
TP53BP1,False,False,517,0.39110342,70.13287117273252,677.0,True,0.3893026047198055,0.6818280418293956,1.1937325
MAP1A,False,False,156,0.10340843,90.98786828422877,179.0,True,0.11567011748564009,0.6730333772978293,1.0778774
SLC28A2,False,False,3,0.0017331023,99.8266897746967,3.0,True,0.0033771201778405547,1.0626371068839646,2.0385256
AC068722.2,False,False,1,0.00057770073,99.94222992489891,1.0,True,0.0013732782388241767,0.8144112801551957,1.4264737
SLC12A1,False,False,3,0.0017331023,99.8266897746967,3.0,True,0.0033450470930397984,1.0794056747856222,2.079872
SECISBP2L,False,False,389,0.26632005,77.52744078567302,461.0,True,0.2559771367721419,0.8634439924559101,1.5473739
FGF7,False,False,40,0.024841132,97.6891969959561,43.0,True,0.032101476951497766,1.17276469801481,2.3100677
HDC,False,False,27,0.029462738,98.44020797227037,51.0,True,0.03593861044802655,1.3497643429244632,2.7464967
AC012170.3,False,False,2,0.0011554015,99.8844598497978,2.0,True,0.0030875456173290305,1.4381473473211424,2.9644232
GLDN,False,False,2,0.002310803,99.8844598497978,4.0,True,0.010648004430946862,2.756321643099739,6.214653
AC066613.2,False,False,3,0.0017331023,99.8266897746967,3.0,True,0.00328563662126071,0.8461035479259282,1.5046176
AC090971.2,False,False,49,0.03061814,97.1692663200462,53.0,True,0.04189149141746631,0.9776032003395851,1.828857
AC090971.1,False,False,1,0.00057770073,99.94222992489891,1.0,True,0.0012870315294653037,0.7495058527993862,1.2664361
FAM214A,False,False,189,0.118428655,89.08145580589255,205.0,True,0.13792528440318513,0.7777782524322692,1.3361474
AC090518.1,False,False,6,0.0051993066,99.65337954939342,9.0,True,0.005606702936177322,0.6744581510547297,1.0813905
LINC00926,False,False,12,0.00808781,99.30675909878683,14.0,True,0.012898689547127362,1.3151765859061348,2.6612134
MYO1E,False,False,73,0.048526864,95.78278451761987,84.0,True,0.0546385245550302,0.6997356087994119,1.1437173
ANXA2,False,False,213,0.16002311,87.69497400346621,277.0,True,0.14637183722838937,1.005103533209443,1.8966646
RORA,False,False,349,0.30560368,79.83824378971693,529.0,True,0.30063179380192656,0.90191369254501,2.006966
HERC1,False,False,1014,1.123628,41.421143847486995,1945.0,True,0.7762284279801758,0.8474532006049004,1.1757143
DAPK2,False,False,7,0.004043905,99.59560947429232,7.0,True,0.006460465504289539,1.2183706985226357,2.4225187
PCLAF,False,False,853,3.579434,50.72212593876372,6196.0,True,1.1745567205015115,1.5171667919129292,1.5313218
ZNF609,False,False,610,0.49566725,64.76025418833045,858.0,True,0.44463676408811237,0.6533430608577413,1.0884782
AC013553.4,False,False,3,0.002310803,99.8266897746967,4.0,True,0.0033605410953969485,0.7078089718282434,1.1636238
CILP,False,False,1,0.00057770073,99.94222992489891,1.0,True,0.0012433859511287119,0.7149838034742623,1.1813148
SMAD6,False,False,5,0.0028885037,99.71114962449451,5.0,True,0.005609454146015053,1.3133705539852414,2.6567605
SMAD3,False,False,403,0.3061814,76.71865973425766,530.0,True,0.2672246294994526,0.6739540685999618,1.1646374
ITGA11,False,False,4,0.0034662045,99.7689196995956,6.0,True,0.005588006262032461,1.646107145996911,3.4771907
AC027237.2,False,False,6,0.0034662045,99.65337954939342,6.0,True,0.00504265301602286,1.2074722982838806,2.3956463
AC022872.1,False,False,14,0.00808781,99.19121894858463,14.0,True,0.012109240173515026,0.7908022599320803,1.3682609
GRAMD2A,False,False,1,0.00057770073,99.94222992489891,1.0,True,0.0016374382742049202,0.99047568781261,1.8605967
ISLR2,False,False,1,0.0011554015,99.94222992489891,2.0,True,0.001408392261979277,0.8396769131769424,1.4887713
AC090181.2,False,False,42,0.024263432,97.5736568457539,42.0,True,0.0323708809736487,1.2876699061850319,2.5933902
CTSH,False,False,36,0.026574235,97.92027729636048,46.0,True,0.026692259078830084,1.2322862746499512,2.4568305
MINAR1,False,False,2,0.0011554015,99.8844598497978,2.0,True,0.001425378610015919,0.8516740765764801,1.5183527
AC015871.7,False,False,56,0.03235124,96.76487579433854,56.0,True,0.03996856685713761,0.7667314142356078,1.3089092
ABHD17C,False,False,116,0.079145,93.29867128827267,137.0,True,0.08466001756524277,0.8349062143062318,1.4770082
CEMIP,False,False,29,0.032928944,98.32466782206816,57.0,True,0.04681855646707041,2.1254876661780306,4.659202
CFAP161,False,False,15,0.009243212,99.13344887348353,16.0,True,0.013554864366294255,0.8368387852155085,1.4817734
AC109809.1,False,False,5,0.0028885037,99.71114962449451,5.0,True,0.004640990910371494,0.7034639180108296,1.1529102
AC104041.1,False,False,22,0.017908724,98.72905834777586,31.0,True,0.020211177448487414,0.8538544784388542,1.5237291
MEX3B,False,False,74,0.04621606,95.72501444251877,80.0,True,0.055471946982447604,0.8971323184582429,1.6304394
FSD2,False,False,4,0.0028885037,99.7689196995956,5.0,True,0.0037342413672873643,0.6775606291205194,1.0890403
AKAP13,False,False,869,0.8261121,49.79780473714616,1430.0,True,0.6901868769498264,0.9186999520071377,1.3796586
AC087286.2,False,False,126,0.08087811,92.72097053726169,140.0,True,0.11321652481209529,1.063150665651284,2.0397918
LINC01586,False,False,1,0.00057770073,99.94222992489891,1.0,True,0.0016139906706014587,0.9760407030586,1.8250043
ISG20,False,False,99,0.06123628,94.28076256499133,106.0,True,0.07590016074660022,1.1602609058512008,2.279237
ACAN,False,False,3,0.0034662045,99.8266897746967,6.0,True,0.0034536511874911258,0.8791868065857579,1.586191
PRC1-AS1,False,False,48,0.028885037,97.22703639514731,50.0,True,0.029602569725064143,0.845610959349535,1.503403
AC026523.1,False,False,6,0.004043905,99.65337954939342,7.0,True,0.006714352074557659,1.4708845247938256,3.0451434
LUNAR1,False,False,2,0.0011554015,99.8844598497978,2.0,True,0.003585765105282268,1.3426716584444474,2.7290082
MEF2A,False,False,361,0.26343155,79.14500288850375,456.0,True,0.24147462777388065,0.9112812926965078,1.6653266
AC027020.2,False,False,6,0.0034662045,99.65337954939342,6.0,True,0.004157693797807867,0.9286526188543708,1.7081592
AC015712.1,False,False,21,0.012131716,98.78682842287695,21.0,True,0.016846410128292685,0.7045298927307775,1.1555386
ALDH1A3,False,False,1,0.00057770073,99.94222992489891,1.0,True,0.003364448563273501,1.711470590312745,3.6383579
PCSK6,False,False,6,0.004043905,99.65337954939342,7.0,True,0.010077684191773087,2.068603036725825,4.5189414
Z69666.1,False,False,2,0.0011554015,99.8844598497978,2.0,True,0.0027365431775562706,1.1244591248246059,2.1909604
HBZ,False,False,13,0.01502022,99.24898902368572,26.0,True,0.010203501613874217,0.8408428626154139,1.4916462
HBM,False,False,122,0.29000577,92.95205083766609,502.0,True,0.1631835138793906,3.679131859253245,8.490031
HBA2,False,False,472,11.372039,72.73252455228192,19685.0,True,1.953523529329264,6.960002558779741,4.2326026
HBA1,False,False,447,9.770075,74.17677642980935,16912.0,True,1.8281948998144175,6.02198640315245,5.588075
HBQ1,False,False,312,0.56903523,81.97573656845753,985.0,True,0.2487411794996669,0.7514081791620466,1.2711266
AL022341.2,False,False,10,0.0057770074,99.42229924898902,10.0,True,0.013315884329987916,1.9893996782448455,4.323649
RHBDL1,False,False,2,0.0011554015,99.8844598497978,2.0,True,0.0023225459059701766,0.9251784515930908,1.699593
TPSG1,False,False,3,0.002310803,99.8266897746967,4.0,True,0.0037439503378431573,0.889694315788247,1.6120995
TPSB2,False,False,6,0.004043905,99.65337954939342,7.0,True,0.0062475108863798475,0.7072893669020177,1.1623427
TPSAB1,False,False,81,0.14095898,95.32062391681109,244.0,True,0.18593471046525265,3.797301529505424,8.781403
TPSD1,False,False,1,0.0011554015,99.94222992489891,2.0,True,0.001940489413406842,1.1604344407568106,2.279665
IFT140,False,False,58,0.034662046,96.64933564413633,60.0,True,0.040724753031455695,0.6849621995411332,1.1072904
TMEM204,False,False,26,0.01559792,98.49797804737146,27.0,True,0.02624261546963651,1.4018029744777742,2.8748088
RAB26,False,False,95,0.06239168,94.51184286539572,108.0,True,0.061163559468272365,0.741004157614299,1.2454734
TNFRSF12A,False,False,33,0.025418833,98.09358752166378,44.0,True,0.019787245929459005,1.0058638679092071,1.8985394
IL32,False,False,1,0.00057770073,99.94222992489891,1.0,True,0.0018471470657800363,1.1110899033755406,2.157996
NLRC3,False,False,210,0.13344887,87.8682842287695,231.0,True,0.16466878032220086,0.7450651159190569,1.2554865
DNASE1,False,False,70,0.043327555,95.95609474292317,75.0,True,0.05270370609929265,0.6672383837708281,1.0635887
GLIS2,False,False,1,0.00057770073,99.94222992489891,1.0,True,0.001216788218683556,0.6933470345844306,1.127965
MGRN1,False,False,294,0.19468515,83.0155979202773,337.0,True,0.1911940124977608,0.7244869981155332,1.204747
PPL,False,False,19,0.018486423,98.90236857307914,32.0,True,0.01835681240383569,1.0339867107725376,1.967882
SEC14L5,False,False,2,0.0011554015,99.8844598497978,2.0,True,0.0019202500264724758,0.813802200119044,1.4249719
RBFOX1,False,False,14,0.00808781,99.19121894858463,14.0,True,0.010501568682243426,0.7443617974579598,1.2537524
AC007218.3,False,False,1,0.00057770073,99.94222992489891,1.0,True,0.0020274290727361356,1.2043062613903812,2.38784
ATF7IP2,False,False,1141,2.1265166,34.084344309647605,3681.0,True,1.0686258050519697,1.9154917541159884,2.240564
AC027277.1,False,False,1,0.00057770073,99.94222992489891,1.0,True,0.003364448563273501,1.711470590312745,3.6383579
AC007598.2,False,False,1,0.00057770073,99.94222992489891,1.0,True,0.0012897590159553463,0.751624130708024,1.2716591
PLA2G10,False,False,3,0.0017331023,99.8266897746967,3.0,True,0.0034108704505700763,0.7801123612275923,1.3419027
AC026401.2,False,False,6,0.0034662045,99.65337954939342,6.0,True,0.006716961269463617,1.2121537818260035,2.4071896
MYH11,False,False,29,0.018486423,98.32466782206816,32.0,True,0.025824943435348132,0.726901045035262,1.2106992
ABCC6,False,False,23,0.013287118,98.67128827267476,23.0,True,0.0169297795697518,0.6812286601057403,1.0980846
AC009152.3,False,False,1,0.00057770073,99.94222992489891,1.0,True,0.001647633462544648,0.9966877403891757,1.8759137
AC130456.3,False,False,25,0.017331023,98.55574812247256,30.0,True,0.011469128548776126,0.8119182056261379,1.4203265
ACSM5,False,False,1,0.00057770073,99.94222992489891,1.0,True,0.003364448563273501,1.711470590312745,3.6383579
ACSM3,False,False,582,0.60543036,66.37781629116117,1048.0,True,0.45006710879509904,1.1899990403964333,3.071464
AC092119.3,False,False,2,0.0011554015,99.8844598497978,2.0,True,0.0014220482518839026,0.8493332245394355,1.512581
AC008915.2,False,False,61,0.03870595,96.47602541883305,67.0,True,0.04242750360785268,0.9542962388705504,1.7713889
KDM8,False,False,28,0.017331023,98.38243789716927,30.0,True,0.016984245998600954,0.6918968717824436,1.1243893
CD19,False,False,10,0.0057770074,99.42229924898902,10.0,True,0.01327762867860516,1.20719425682019,2.3949609
LAT,False,False,84,0.0768342,95.14731369150779,133.0,True,0.07601536236887375,0.754014459838923,1.277553
C16orf54,False,False,302,0.2322357,82.55343731946851,402.0,True,0.24559273695660355,0.7942509746870254,1.3767643
PRRT2,False,False,1,0.00057770073,99.94222992489891,1.0,True,0.0012679944231030755,0.7345944155001596,1.2296689
CORO1A,False,False,718,0.7885615,58.5210860774119,1365.0,True,0.6246239877485738,0.8625933428578051,1.219053
SULT1A3,False,False,34,0.020797227,98.03581744656267,36.0,True,0.016338581624660033,1.434656577265996,2.955816
TRIM72,False,False,7,0.004043905,99.59560947429232,7.0,True,0.006155792572666178,0.8264113978725002,1.4560624
AC026471.4,False,False,150,0.094742924,91.33448873483535,164.0,True,0.11258075759944136,0.7260447842279356,1.208588
AHSP,False,False,377,8.203928,78.2206816868862,14201.0,True,1.5490061837348612,3.256811828428955,3.9908364
ZNF423,False,False,14,0.008665511,99.19121894858463,15.0,True,0.013118098409519113,0.9474225146572837,1.7544403
AC007342.1,False,False,2,0.0011554015,99.8844598497978,2.0,True,0.0022024916240503444,0.950276758475856,1.761478
LPCAT2,False,False,517,0.40958983,70.13287117273252,709.0,True,0.4044628683407422,0.7166644047420359,1.3224555
HERPUD1,False,False,312,0.26112074,81.97573656845753,452.0,True,0.24087068053239924,1.4370432687107035,2.961701
AC106793.1,False,False,25,0.017331023,98.55574812247256,30.0,True,0.02181866873019582,0.8951901935945444,1.6256508
CDH11,False,False,1,0.0011554015,99.94222992489891,2.0,True,0.006717616134623618,2.4046178713969755,5.347455
CDH5,False,False,1,0.0011554015,99.94222992489891,2.0,True,0.0036908878907618635,1.8042369308560426,3.8670924
CMTM2,False,False,13,0.00751011,99.24898902368572,13.0,True,0.010577514482175178,0.9528662078350325,1.7678628
EXOC3L1,False,False,2,0.0011554015,99.8844598497978,2.0,True,0.0018471470657800363,1.1110899033755406,2.157996
ELMO3,False,False,10,0.0057770074,99.42229924898902,10.0,True,0.006790168866608995,1.2662065033405077,2.5404677
KCTD19,False,False,12,0.006932409,99.30675909878683,12.0,True,0.009276206463813377,0.7608656100986344,1.2944459
AGRP,False,False,2,0.0011554015,99.8844598497978,2.0,True,0.0039237815375634194,1.584570600721969,3.3254597
DPEP3,False,False,46,0.040439054,97.34257654534952,70.0,True,0.0495675103023504,1.1467874704965324,2.2460155
AC009032.1,False,False,1,0.00057770073,99.94222992489891,1.0,True,0.0020274290727361356,1.2043062613903812,2.38784
AC009060.1,False,False,125,0.0785673,92.7787406123628,136.0,True,0.0783084177653374,0.7642149076982893,1.3027042
AARS,False,False,249,0.19295205,85.6152512998267,334.0,True,0.17042311493846932,0.7105856536527703,1.1704702
AC138627.1,False,False,16,0.009820913,99.07567879838244,17.0,True,0.01430574580120865,0.9244195216947466,1.6977216
AC009120.4,False,False,10,0.006354708,99.42229924898902,11.0,True,0.00789654189693712,0.6996221622846107,1.1434375
BCAR1,False,False,3,0.0017331023,99.8266897746967,3.0,True,0.0018471470657800363,1.1110899033755406,2.157996
AC106729.1,False,False,2,0.0017331023,99.8844598497978,3.0,True,0.003969434765029082,1.18376419652868,2.3371892
PLCG2,False,False,207,0.13807048,88.0415944540728,239.0,True,0.1491480748167069,0.7215989098493008,1.1976258
AC092142.1,False,False,9,0.006932409,99.48006932409012,12.0,True,0.007095631943135441,0.9581267915849919,1.7808338
IRF8,False,False,18,0.022530328,98.96013864818023,39.0,True,0.02767674400496948,1.7160030902257897,3.6495337
ZCCHC14,False,False,34,0.020219527,98.03581744656267,35.0,True,0.024545379219162375,0.6966207106671009,1.1360369
AC137932.3,False,False,21,0.012131716,98.78682842287695,21.0,True,0.014531863533494395,0.7352847584216311,1.231371
RPL13,False,True,1709,99.45119,1.2709416522241446,172150.0,True,4.62995125750564,2.1270939441818753,1.6674327
SPIRE2,False,False,16,0.009243212,99.07567879838244,16.0,True,0.012246570494997574,0.7395847911549766,1.2419736
DBNDD1,False,False,5,0.0028885037,99.71114962449451,5.0,True,0.00827378795881551,1.3925138576319962,2.8519044
AC133919.1,False,False,46,0.026574235,97.34257654534952,46.0,True,0.037803731190653396,0.6813559915127442,1.0983986
DOC2B,False,False,1,0.00057770073,99.94222992489891,1.0,True,0.0018471470657800363,1.1110899033755406,2.157996
NXN,False,False,12,0.00751011,99.30675909878683,13.0,True,0.013803980138816873,1.7846492852936235,3.818795
SLC43A2,False,False,112,0.0774119,93.52975158867707,134.0,True,0.10027322825215629,0.8708616922758937,1.5656638
SERPINF1,False,False,16,0.009820913,99.07567879838244,17.0,True,0.012518153836280667,0.885350610842206,1.6013892
AC090617.5,False,False,5,0.0028885037,99.71114962449451,5.0,True,0.005690043052393693,1.423410799229493,2.9280872
RAP1GAP2,False,False,345,0.26920855,80.06932409012131,466.0,True,0.2911905153243574,0.6598198126852862,1.1124103
P2RX5,False,False,47,0.029462738,97.28480647024841,51.0,True,0.028448149059490502,0.6715012323363774,1.0740997
P2RX1,False,False,431,0.32582322,75.10109763142691,564.0,True,0.33137014941380316,0.6527065134141601,1.0861261
AC233723.1,False,False,6,0.0034662045,99.65337954939342,6.0,True,0.0038438993654055574,0.8507525623469595,1.5160806
ZFP3,False,False,15,0.009243212,99.13344887348353,16.0,True,0.013609381414752753,0.9845973131696969,1.8461024
ZNF594,False,False,27,0.01559792,98.44020797227037,27.0,True,0.021809449685632712,1.0336104639025123,1.9669544
NLRP1,False,False,177,0.11900636,89.77469670710572,206.0,True,0.15061243773919555,0.7224289960459331,1.1996725
PIMREG,False,False,20,0.023685731,98.84459849797804,41.0,True,0.01732256963303053,0.8143516678321694,1.4263268
BCL6B,False,False,4,0.002310803,99.7689196995956,4.0,True,0.004002765639004545,0.724382765933222,1.20449
ZBTB4,False,False,144,0.08549971,91.68110918544194,148.0,True,0.09788509290721008,0.6802970336343804,1.0957875
PER1,False,False,481,0.35181975,72.21259387637204,609.0,True,0.36300680274364683,0.7241602815129502,1.3501533
PIK3R5,False,False,100,0.071634896,94.22299248989023,124.0,True,0.09174869769058792,0.7608939472976679,1.2945157
AC005291.2,False,False,3,0.0017331023,99.8266897746967,3.0,True,0.003703563176582962,0.7552466706546581,1.2805912
AC015908.3,False,False,15,0.008665511,99.13344887348353,15.0,True,0.01296123093228213,0.7312493220796582,1.2214208
ARHGAP44,False,False,20,0.013864818,98.84459849797804,24.0,True,0.02049595703627039,1.296891407610408,2.6161277
LRRC75A,False,False,288,0.22472559,83.36221837088388,389.0,True,0.2149723367712694,0.7557704705829358,1.2818828
TNFRSF13B,False,False,1,0.00057770073,99.94222992489891,1.0,True,0.0024200104831500753,1.3815059697331344,2.8247623
DRC3,False,False,43,0.025996534,97.5158867706528,45.0,True,0.03111771668669226,0.6994436894928838,1.1429975
GID4,False,False,118,0.07105719,93.18313113807048,123.0,True,0.06932717715832194,0.8139559136037992,1.4253509
LLGL1,False,False,25,0.014442518,98.55574812247256,25.0,True,0.0173972191890111,0.9230639129273116,1.6943791
AC015818.2,False,False,4,0.002310803,99.7689196995956,4.0,True,0.00382070531737056,0.7647964185651706,1.3041381
NATD1,False,False,16,0.009820913,99.07567879838244,17.0,True,0.014175289056174108,1.0781879059697645,2.0768692
NOS2,False,False,1,0.00057770073,99.94222992489891,1.0,True,0.0018471470657800363,1.1110899033755406,2.157996
RSKR,False,False,33,0.019064125,98.09358752166378,33.0,True,0.025842883781582515,1.1983320660496104,2.3731093
ABHD15-AS1,False,False,54,0.034662046,96.88041594454073,60.0,True,0.04651865008554634,1.1075878893488955,2.149361
GIT1,False,False,102,0.060658578,94.10745233968805,105.0,True,0.05572569992153093,0.6772405045419778,1.088251
SSH2,False,False,906,0.9064125,47.66031195840554,1569.0,True,0.6738338712711772,1.0203903748618122,1.6707481
AC104984.2,False,False,17,0.009820913,99.01790872328135,17.0,True,0.015091131337289765,1.554640459149368,3.2516608
EVI2B,False,False,508,0.43038705,70.6528018486424,745.0,True,0.43281773787620664,0.674718733406312,1.167463
AC005899.6,False,False,6,0.004043905,99.65337954939342,7.0,True,0.007236460953739839,1.4462498033754239,2.9844015
CCL2,False,False,2,0.002310803,99.8844598497978,4.0,True,0.002430243005906659,0.7953609189736411,1.3795011
SLFN5,False,False,8,0.004621606,99.53783939919121,8.0,True,0.005717000485125223,1.2549389913749953,2.5126853
AC022706.1,False,False,2,0.0011554015,99.8844598497978,2.0,True,0.002532158637356981,0.8721749109718743,1.5689018
CCL5,False,False,18,0.024841132,98.96013864818023,43.0,True,0.02756090819313168,1.9057836674328041,4.1174765
CCL14,False,False,4,0.016753322,99.7689196995956,29.0,True,0.01650276120522879,3.308314279981954,7.575704
CCL3,False,False,5,0.0034662045,99.71114962449451,6.0,True,0.004673490716669876,0.9229742649419478,1.6941581
CCL4,False,False,4,0.0028885037,99.7689196995956,5.0,True,0.003361873740637242,0.7140499695810911,1.1790123
CCL3L1,False,False,14,0.012131716,99.19121894858463,21.0,True,0.02698626867639892,2.5946954464837857,5.81613
CCL4L2,False,False,2,0.0028885037,99.8844598497978,5.0,True,0.003877494903189112,1.54757358964903,3.234236
AC006449.2,False,False,13,0.00751011,99.24898902368572,13.0,True,0.010745389083073213,0.7076631466619425,1.1632643
TOP2A,False,False,222,0.2975159,87.17504332755632,515.0,True,0.13776414833553452,0.8085149340887297,1.4119351
IGFBP4,False,False,6,0.004621606,99.65337954939342,8.0,True,0.006712454244671241,2.0392880328754828,4.446659
CCR7,False,False,6,0.004621606,99.65337954939342,8.0,True,0.013808479037486122,1.9410089323032764,4.204332
KRT17,False,False,1,0.00057770073,99.94222992489891,1.0,True,0.0014913903865802667,0.8969784841336086,1.6300601
STAT3,False,False,1002,0.9982669,42.114384748700175,1728.0,True,0.7773051093661468,0.8293237726849165,1.1238186
AC067852.3,False,False,11,0.006354708,99.36452917388793,11.0,True,0.0066616879223683895,0.868243858055389,1.559209
NAGLU,False,False,96,0.058925476,94.45407279029463,102.0,True,0.06085459676874213,0.8830285566268817,1.5956637
RAMP2,False,False,7,0.0057770074,99.59560947429232,10.0,True,0.010398670171870662,2.1800413778190193,4.7937155
LINC00910,False,False,486,0.4534951,71.92374350086655,785.0,True,0.42580443573297466,0.8453076441827476,1.7978023
LINC02594,False,False,1,0.00057770073,99.94222992489891,1.0,True,0.001647633462544648,0.9966877403891757,1.8759137
PYY,False,False,1,0.00057770073,99.94222992489891,1.0,True,0.002318602007401701,1.338647768355312,2.7190866
SLC4A1,False,False,45,0.043327555,97.4003466204506,75.0,True,0.028740220189776424,1.2358502213196814,2.4656181
ITGA2B,False,False,253,0.3847487,85.38417099942231,666.0,True,0.3310573965576382,1.6784629411248426,4.876376
RPRML,False,False,4,0.002310803,99.7689196995956,4.0,True,0.003854584760437525,1.2151329322706803,2.4145353
MYL4,False,False,318,0.6637782,81.62911611785096,1149.0,True,0.2839900938765443,0.8967577939067665,1.9879147
SKAP1,False,False,603,0.542461,65.16464471403813,939.0,True,0.4940833464384499,0.7609585625983046,1.486126
AC103702.1,False,False,12,0.006932409,99.30675909878683,12.0,True,0.01088299035845208,0.6711651361693171,1.0732709
TTLL6,False,False,2,0.0011554015,99.8844598497978,2.0,True,0.003972382445493811,1.5771051878582218,3.3070524
PHOSPHO1,False,False,15,0.010976315,99.13344887348353,19.0,True,0.005182746112469222,1.1391504081393375,2.2271848
SPOP,False,False,495,0.35817447,71.40381282495667,620.0,True,0.31385209458375496,0.683098461391196,1.1984267
AC021491.1,False,False,2,0.0011554015,99.8844598497978,2.0,True,0.0025538740226312318,0.9089932683576726,1.659685
HLF,False,False,177,0.11669555,89.77469670710572,202.0,True,0.15415330535114666,1.2735669803302003,2.5586164
EPX,False,False,11,0.00751011,99.36452917388793,13.0,True,0.010840096556727878,0.9674782663586795,1.8038918
MPO,False,False,135,0.56499135,92.20103986135182,978.0,True,0.46550744368326585,2.933577782943739,9.514124
TSPOAP1,False,False,67,0.043327555,96.12940496822647,75.0,True,0.04958198107817839,0.927245814232153,1.7046905
TEX14,False,False,1041,2.2385905,39.86135181975736,3875.0,True,1.2551660436350294,1.8958204169567365,2.205538
BCAS3,False,False,570,0.48180243,67.07105719237435,834.0,True,0.4398848391451115,0.7284358202519932,1.3659518
C17orf82,False,False,1,0.00057770073,99.94222992489891,1.0,True,0.0019470070506978493,1.1637908704365285,2.287941
MRC2,False,False,45,0.027729636,97.4003466204506,48.0,True,0.03766099894127724,0.8714760235214469,1.5671786
CD79B,False,False,289,0.19815136,83.30444829578279,343.0,True,0.23626963647315422,1.5367467965007633,3.2075405
PRR29-AS1,False,False,2,0.0011554015,99.8844598497978,2.0,True,0.002770921484761288,1.0852788155714352,2.0943532
ICAM2,False,False,581,0.4771808,66.43558636626227,826.0,True,0.3777005140537557,0.6533855733385519,1.0886353
ERN1,False,False,200,0.13229348,88.44598497978046,229.0,True,0.14660998771862035,0.8811303979780298,1.5909834
CEP112,False,False,70,0.04794916,95.95609474292317,83.0,True,0.05775254232489628,0.9788356241195928,1.8318957
AC005332.3,False,False,8,0.004621606,99.53783939919121,8.0,True,0.00699532160288576,0.899849275086211,1.6371386
AC007780.1,False,False,9,0.0051993066,99.48006932409012,9.0,True,0.008360058031810188,0.9541738933797785,1.7710872
ABCA5,False,False,160,0.09820913,90.75678798382438,170.0,True,0.1038323708815304,0.6704815865804127,1.0715854
LINC01483,False,False,5,0.0034662045,99.71114962449451,6.0,True,0.006049135163247095,0.9958413577925513,1.8738269
SSTR2,False,False,2,0.0011554015,99.8844598497978,2.0,True,0.001971873527959542,0.9318968504586875,1.7161585
SDK2,False,False,182,0.146736,89.48584633160023,254.0,True,0.16061001364749816,0.8382594432399467,1.4852762
OTOP2,False,False,3,0.0028885037,99.8266897746967,5.0,True,0.004783278684801705,1.7736927860998393,3.7917795
HID1,False,False,2,0.0011554015,99.8844598497978,2.0,True,0.002415823841888466,0.9328295413413651,1.7184583
CYGB,False,False,2,0.0011554015,99.8844598497978,2.0,True,0.0044099415919833605,1.5325748313745653,3.1972535
TK1,False,False,391,0.6204506,77.41190063547083,1074.0,True,0.32994656446649945,0.8544964329525649,1.8317556
BIRC5,False,False,386,0.80242634,77.7007510109763,1389.0,True,0.36142251949081555,0.9789761892957292,2.291718
SOCS3,False,False,397,0.5817447,77.06528018486424,1007.0,True,0.5450395402515411,1.5104094462142224,3.073431
AC124319.1,False,False,1,0.00057770073,99.94222992489891,1.0,True,0.0012679944231030755,0.7345944155001596,1.2296689
AC027601.1,False,False,2,0.0011554015,99.8844598497978,2.0,True,0.0030236153509499795,1.097823435768588,2.1252847
BAHCC1,False,False,57,0.035817448,96.70710571923745,62.0,True,0.044021883550229034,0.7500547677072423,1.2677895
TYMS,False,False,751,1.4621606,56.61467359907568,2531.0,True,0.6840748698548788,0.893028856789459,1.3061749
LINC00470,False,False,9,0.00808781,99.48006932409012,14.0,True,0.010015993808661246,0.8002266867985668,1.3914987
AP005203.1,False,False,1,0.00057770073,99.94222992489891,1.0,True,0.0013168263799455356,0.7724069280952842,1.3229034
PTPRM,False,False,299,0.23743501,82.72674754477181,411.0,True,0.2618243549720262,0.8352490413467916,1.760635
AP001033.2,False,False,13,0.00751011,99.24898902368572,13.0,True,0.008156011036608192,1.0114787667648335,1.9123842
RAB31,False,False,40,0.025996534,97.6891969959561,45.0,True,0.03473215076461006,1.3188797434764306,2.6703444
PIEZO2,False,False,219,0.17966494,87.34835355285962,311.0,True,0.17525046247114417,0.9178272814898659,1.6814672
AP002449.1,False,False,5,0.0028885037,99.71114962449451,5.0,True,0.004778701702348872,0.9183723419616128,1.6828111
CABLES1,False,False,547,0.43963027,68.39976891969958,761.0,True,0.4220597898170557,0.735730910549424,1.3929077
TMEM241,False,False,483,0.36683998,72.09705372616985,635.0,True,0.36380247026184875,0.9833740097778755,2.3079684
AQP4-AS1,False,False,4,0.0028885037,99.7689196995956,5.0,True,0.004341337869292162,1.017031490823258,1.9260755
AC022960.1,False,False,2,0.0011554015,99.8844598497978,2.0,True,0.002517480108973227,0.857262450143214,1.532132
RNF125,False,False,559,0.47949162,67.70652801848642,830.0,True,0.4650720252251407,0.7714915570081967,1.5250461
CCDC178,False,False,3,0.002310803,99.8266897746967,4.0,True,0.005803642746368155,1.8605657979725343,4.005983
MAPRE2,False,False,818,0.75332177,52.74407856730215,1304.0,True,0.620187938450092,0.9625904105517497,1.5052953
AC011815.2,False,False,2,0.0011554015,99.8844598497978,2.0,True,0.0021288190764476734,0.7435496645355875,1.2517499
AC016493.1,False,False,4,0.002310803,99.7689196995956,4.0,True,0.003409579592861533,0.6837807639583457,1.1043774
MIR924HG,False,False,654,0.79376084,62.21837088388216,1374.0,True,0.5126453258782795,0.7210143065458685,1.3385288
AC011139.1,False,False,358,0.6724437,79.31831311380705,1164.0,True,0.6457954732634473,1.8672071972625228,4.094767
SETBP1,False,False,192,0.14095898,88.90814558058926,244.0,True,0.16376463021924612,0.6746982977759437,1.0819826
SLC14A2,False,False,8,0.006354708,99.53783939919121,11.0,True,0.007318357499938621,0.8721448442854376,1.5688276
AC012254.1,False,False,18,0.010398613,98.96013864818023,18.0,True,0.020434253666563734,1.192639190018811,2.3590724
AC093567.1,False,False,1,0.00057770073,99.94222992489891,1.0,True,0.0018471470657800363,1.1110899033755406,2.157996
RAB27B,False,False,292,0.27151936,83.1311380704795,470.0,True,0.27867948664804804,1.0259705358446314,2.465366
AC022031.2,False,False,4,0.002310803,99.7689196995956,4.0,True,0.0035044152364604847,1.0624190686280035,2.037988
LINC01416,False,False,1,0.00057770073,99.94222992489891,1.0,True,0.001413133769166671,0.8430402405703102,1.4970644
AC027097.2,False,False,146,0.10283073,91.56556903523975,178.0,True,0.12659908887460947,1.1111713729655088,2.1581967
BCL2,False,False,447,0.39514732,74.17677642980935,684.0,True,0.37835655783893757,0.9450036508059244,2.1661868
CCDC102B,False,False,97,0.06239168,94.39630271519353,108.0,True,0.06977956958130113,0.7547086945371375,1.2792647
DOK6,False,False,7,0.00751011,99.59560947429232,13.0,True,0.007152860756905221,0.7678611551185701,1.3116949
AC091646.1,False,False,3,0.0017331023,99.8266897746967,3.0,True,0.0030748146182507856,0.7116185963895802,1.1730173
CBLN2,False,False,1,0.00057770073,99.94222992489891,1.0,True,0.0017280960776230217,1.0444082614570804,1.9935786
GALR1,False,False,1,0.00057770073,99.94222992489891,1.0,True,0.0014841171867600133,0.8920860762662788,1.6179969
NFATC1,False,False,250,0.17850953,85.55748122472559,309.0,True,0.19365948316189835,0.7898599337577304,1.3659374
AC018445.5,False,False,63,0.042749856,96.36048526863085,74.0,True,0.05916774118103403,1.1016193986670515,2.1346443
GZMM,False,False,1,0.00057770073,99.94222992489891,1.0,True,0.0016054758813433094,0.9707469267200198,1.8119514
AC004156.1,False,False,3,0.0017331023,99.8266897746967,3.0,True,0.0024494731984667593,0.8337481133879657,1.4741527
AZU1,False,False,79,0.33044484,95.43616406701328,572.0,True,0.3619954876370249,3.673706336917844,12.248957
PRTN3,False,False,64,0.54534954,96.30271519352975,944.0,True,0.518844871498498,3.939653603049332,13.231652
ELANE,False,False,38,0.17157713,97.80473714615829,297.0,True,0.2151413747829845,4.184054250167923,9.735021
CFD,False,False,157,0.17677642,90.93009820912768,306.0,True,0.22186688572676896,3.090041417853768,7.0375075
CBARP,False,False,1,0.00057770073,99.94222992489891,1.0,True,0.0023408957639292948,1.3482282045642495,2.7427092
AC027307.2,False,False,8,0.004621606,99.53783939919121,8.0,True,0.007337870022134932,0.7018275122054858,1.1488754
MOB3A,False,False,154,0.09994223,91.10340843443096,173.0,True,0.1244110337015029,0.8550234713888427,1.5266114
GADD45B,False,False,342,0.28307337,80.24263431542461,490.0,True,0.3227914966625609,1.4233065765924748,3.9335537
GNG7,False,False,334,0.2345465,80.7047949162334,406.0,True,0.26148194825928667,0.692550511692071,1.2333528
AC092068.2,False,False,1,0.00057770073,99.94222992489891,1.0,True,0.0013453513085158258,0.7938517371445183,1.37578
TLE6,False,False,1,0.00057770073,99.94222992489891,1.0,True,0.0014374979595962367,0.8601467602615623,1.5392439
AC005944.1,False,False,2,0.0011554015,99.8844598497978,2.0,True,0.00346948051890774,1.535433628573919,3.2043025
AC005264.1,False,False,178,0.11322935,89.71692663200463,196.0,True,0.13422408026441518,0.6868125489666091,1.1118528
C19orf71,False,False,2,0.0011554015,99.8844598497978,2.0,True,0.0022445813325712004,0.8887523993781004,1.609777
CACTIN,False,False,36,0.021374928,97.92027729636048,37.0,True,0.02167159787155363,0.6674806016324579,1.064186
TJP3,False,False,5,0.0028885037,99.71114962449451,5.0,True,0.0060906982344923356,0.8556710421053608,1.5282081
EBI3,False,False,2,0.0011554015,99.8844598497978,2.0,True,0.0024600236460027985,0.8080685385974602,1.4108344
UHRF1,False,False,292,0.24667822,83.1311380704795,427.0,True,0.18028345230915055,1.0306258220374656,1.9595951
KDM4B,False,False,229,0.1559792,86.77065280184864,270.0,True,0.1582368721139238,0.7575162966523098,1.2861874
VMAC,False,False,98,0.057770073,94.33853264009244,100.0,True,0.06757350102509146,1.5759411464448143,3.304182
RFX2,False,False,776,0.8636626,55.170421721548244,1495.0,True,0.6852081956238554,1.0097911835642963,1.6404078
FCER2,False,False,2,0.0017331023,99.8844598497978,3.0,True,0.009307618345246123,2.197856280105222,4.8376417
ANGPTL4,False,False,7,0.0051993066,99.59560947429232,9.0,True,0.013168835875598915,2.557092789707247,5.723413
PRAM1,False,False,437,0.39225882,74.75447718082033,679.0,True,0.37597783105057464,0.6637532974641134,1.1269449
MYO1F,False,False,186,0.12189486,89.25476603119584,211.0,True,0.14588548114022012,0.7533956146160613,1.2760271
AC130469.1,False,False,2,0.0011554015,99.8844598497978,2.0,True,0.0026819156875843493,0.9261286345336925,1.7019358
ICAM1,False,False,30,0.028307337,98.26689774696708,49.0,True,0.03739935184109501,1.9658052447439935,4.2654724
LDLR,False,False,200,0.13807048,88.44598497978046,239.0,True,0.14809843239681642,0.8317042829638676,1.4691131
ZNF44,False,False,318,0.21201618,81.62911611785096,367.0,True,0.22570118887214916,0.6678816320052895,1.0651747
JUNB,False,False,918,1.2293472,46.96707105719238,2128.0,True,0.881666892420369,1.2377093862546023,1.6195381
PRDX2,False,False,1207,7.2726746,30.27151935297516,12589.0,True,1.5876964683289787,2.4299465183756848,1.5450904
KLF1,False,False,379,1.1779318,78.105141536684,2039.0,True,0.44660299027672673,1.0957303106091534,2.7231336
AC092069.1,False,False,13,0.00808781,99.24898902368572,14.0,True,0.009753444996146169,0.8037182046323836,1.4001077
IER2,False,False,926,1.3362218,46.5049104563836,2313.0,True,0.9297192786828025,1.5068747679500203,2.2604764
AC011446.3,False,False,1,0.0017331023,99.94222992489891,3.0,True,0.0011939532610523453,0.6743907577143352,1.0812243
AC020916.1,False,False,712,0.86192954,58.867706528018495,1492.0,True,0.7269871476750023,1.1839760363258915,2.139013
C19orf57,False,False,62,0.054881573,96.41825534373196,95.0,True,0.0311604078571697,0.7914492193052919,1.369856
LINC01841,False,False,22,0.016753322,98.72905834777586,29.0,True,0.022999353089484968,2.116561346181121,4.6371922
ADGRE5,False,False,473,0.44945118,72.67475447718081,778.0,True,0.4269402367495332,1.1132227731799074,2.7877698
AC008569.1,False,False,61,0.03755055,96.47602541883305,65.0,True,0.04936188089047485,0.8120107916879586,1.4205549
CLEC17A,False,False,2,0.0017331023,99.8844598497978,3.0,True,0.00599136443518847,1.6043082259072972,3.374127
ADGRE2,False,False,161,0.105141535,90.69901790872328,182.0,True,0.12260129674485139,0.7737044316639665,1.3261026
NOTCH3,False,False,7,0.004043905,99.59560947429232,7.0,True,0.007364758330795305,1.1477814053358655,2.2484663
OR10H1,False,False,1,0.00057770073,99.94222992489891,1.0,True,0.0018471470657800363,1.1110899033755406,2.157996
KLF2,False,False,167,0.12767187,90.3523974581167,221.0,True,0.16661527045035768,0.9828179959823374,1.8417151
NIBAN3,False,False,13,0.009243212,99.24898902368572,16.0,True,0.021184109784577358,1.9833219104710964,4.3086634
AC007192.2,False,False,2,0.0011554015,99.8844598497978,2.0,True,0.002378432815807947,0.8271811068027667,1.4579604
GDF15,False,False,2,0.0011554015,99.8844598497978,2.0,True,0.002424906866778416,0.8395294896060137,1.4884079
LRRC25,False,False,10,0.0057770074,99.42229924898902,10.0,True,0.011147420442428247,1.1380862458197154,2.224561
HOMER3,False,False,4,0.002310803,99.7689196995956,4.0,True,0.004577053224658322,1.6607159201813986,3.5132117
AC123912.2,False,False,1,0.00057770073,99.94222992489891,1.0,True,0.0026087948630433744,1.4567169285395833,3.0102103
AC005307.1,False,False,1,0.00057770073,99.94222992489891,1.0,True,0.001647633462544648,0.9966877403891757,1.8759137
PLEKHF1,False,False,12,0.006932409,99.30675909878683,12.0,True,0.009356051028687626,0.734014203316463,1.2282382
ZNF536,False,False,2,0.0017331023,99.8844598497978,3.0,True,0.002147525513106809,0.6880696863403319,1.1149526
TSHZ3,False,False,5,0.0034662045,99.71114962449451,6.0,True,0.005070306518292931,0.7724517084710247,1.3230138
TDRD12,False,False,4,0.0028885037,99.7689196995956,5.0,True,0.004141306268494703,0.731401685899583,1.2217965
AC020907.4,False,False,2,0.0011554015,99.8844598497978,2.0,True,0.0037403929108448335,1.4872175383721649,3.0854158
CD22,False,False,12,0.00751011,99.30675909878683,13.0,True,0.009680932191637636,0.912780557862363,1.6690234
GAPDHS,False,False,1,0.0011554015,99.94222992489891,2.0,True,0.0013694158760488662,0.811592937681082,1.4195246
UPK1A,False,False,1,0.00057770073,99.94222992489891,1.0,True,0.0013549351795998784,0.8009549550764161,1.3932943
HCST,False,False,425,0.38243788,75.4477180820335,662.0,True,0.3756104285864128,0.8960559037424436,1.9853212
TYROBP,False,False,183,0.13633738,89.42807625649914,236.0,True,0.1633769099679116,1.2893821191724262,2.597612
ZNF585B,False,False,85,0.051415365,95.0895436164067,89.0,True,0.058644380315274414,0.799268844929646,1.3891369
AC093227.3,False,False,2,0.0011554015,99.8844598497978,2.0,True,0.0033498875347414735,1.0564337819377825,2.0232298
SIPA1L3,False,False,537,0.40843442,68.97746967071056,707.0,True,0.38313433215309994,0.747012536883467,1.4345943
DPF1,False,False,98,0.06296938,94.33853264009244,109.0,True,0.07345945865158994,0.7591202274652153,1.2901423
PPP1R14A,False,False,119,0.08838821,93.12536106296938,153.0,True,0.07316325937316367,0.767298255239208,1.3103069
AC008649.1,False,False,3,0.002310803,99.8266897746967,4.0,True,0.003908234538649015,0.9500413618022666,1.7608975
SAMD4B,False,False,319,0.21374927,81.57134604274987,370.0,True,0.19906817569876598,0.6671510439492522,1.0633733
ZFP36,False,False,807,1.0531485,53.37954939341421,1823.0,True,0.8497465692905669,1.3283380206544702,1.8353435
CLC,False,False,21,0.102253035,98.78682842287695,177.0,True,0.12498557223580194,4.290948700946782,9.998591
MAP3K10,False,False,3,0.0017331023,99.8266897746967,3.0,True,0.004032286451942456,1.2296192361959022,2.4502542
CNTD2,False,False,4,0.002310803,99.7689196995956,4.0,True,0.00420372607259543,0.9537072796887939,1.7699367
SERTAD1,False,False,119,0.0768342,93.12536106296938,133.0,True,0.09417226235235104,0.7406186477669484,1.2445228
SERTAD3,False,False,47,0.03004044,97.28480647024841,52.0,True,0.036473046893233954,0.863688111759627,1.5479759
BLVRB,False,False,729,5.8388214,57.885615251299825,10107.0,True,1.3516704262174923,2.4850125106656193,2.7465343
B3GNT8,False,False,29,0.017908724,98.32466782206816,31.0,True,0.022230387836695287,0.7899918419479364,1.3662626
CEACAM5,False,False,1,0.00057770073,99.94222992489891,1.0,True,0.0030754416014849946,1.621510451303361,3.4165425
CEACAM6,False,False,2,0.0011554015,99.8844598497978,2.0,True,0.0015170395998954649,0.9140432544371869,1.6721368
CD79A,False,False,54,0.046793763,96.88041594454073,81.0,True,0.09039829095828385,2.487577424290556,5.5520086
ZNF574,False,False,107,0.06354708,93.81860196418256,110.0,True,0.06682629472390679,0.82059111788975,1.4417114
POU2F2,False,False,190,0.12940496,89.02368573079144,224.0,True,0.15439709538628382,0.6986121182555945,1.1409471
PSG8,False,False,1,0.00057770073,99.94222992489891,1.0,True,0.0013937183857719627,0.8291960428301105,1.4629285
LYPD3,False,False,14,0.008665511,99.19121894858463,15.0,True,0.011941455160796482,0.6804525343132832,1.0961709
AC006213.2,False,False,12,0.006932409,99.30675909878683,12.0,True,0.011043462616528374,1.0782063704602005,2.0769148
ZNF230,False,False,21,0.012131716,98.78682842287695,21.0,True,0.012991567343405357,0.6687132778591809,1.0672253
ZNF235,False,False,155,0.10398614,91.04563835932986,180.0,True,0.11695531688917744,0.7531949170449638,1.2755322
APOE,False,False,259,0.5459272,85.03755054881572,945.0,True,0.25786551275260716,1.6008026848387245,3.3654833
APOC1,False,False,373,4.318891,78.45176198729058,7476.0,True,1.1349264237798355,2.4035031791600856,3.1094985
FOSB,False,False,817,0.94396305,52.801848642403236,1634.0,True,0.7581986760085986,0.9516524900729199,1.4739854
GIPR,False,False,1,0.00057770073,99.94222992489891,1.0,True,0.0019476303965656244,1.164111294976391,2.288731
QPCTL,False,False,117,0.0745234,93.24090121317158,129.0,True,0.08642132881773786,0.6886232620719095,1.1163175
PPP5D1,False,False,23,0.013864818,98.67128827267476,24.0,True,0.01533885095467779,0.7437001309221916,1.2521209
DACT3-AS1,False,False,2,0.0011554015,99.8844598497978,2.0,True,0.0021184159299143376,0.8234428548233098,1.4487429
C5AR1,False,False,7,0.004621606,99.59560947429232,8.0,True,0.0062919628893305275,1.150240013091051,2.2545285
SLC8A2,False,False,3,0.002310803,99.8266897746967,4.0,True,0.0039602187630247134,0.8990641037601654,1.6352026
KCNJ14,False,False,87,0.05372617,94.97400346620451,93.0,True,0.054128792906943286,0.7371431395033309,1.2359532
LMTK3,False,False,10,0.0057770074,99.42229924898902,10.0,True,0.008839832448702001,0.7035882979496351,1.1532168
NTN5,False,False,9,0.0051993066,99.48006932409012,9.0,True,0.010197027692832088,1.2273256524973788,2.444599
TULP2,False,False,11,0.006354708,99.36452917388793,11.0,True,0.009987709253416445,0.9962794515595741,1.874907
AC010624.5,False,False,3,0.0017331023,99.8266897746967,3.0,True,0.002770270650436538,0.6863295275655581,1.1106619
SPIB,False,False,8,0.004621606,99.53783939919121,8.0,True,0.00816017387658169,0.7087196375130249,1.1658692
FAM71E1,False,False,13,0.00751011,99.24898902368572,13.0,True,0.011630574773585235,0.671741165930423,1.0746912
C19orf81,False,False,94,0.05603697,94.56961294049682,97.0,True,0.06039127506971476,0.7484535847270656,1.2638415
CLEC11A,False,False,618,0.6169844,64.29809358752166,1068.0,True,0.5060349458161205,0.7185666391528498,1.3294845
AC010325.2,False,False,4,0.002310803,99.7689196995956,4.0,True,0.0036923653233632706,0.9976086863886849,1.8781846
C19orf84,False,False,1,0.0011554015,99.94222992489891,2.0,True,0.0016620308217408825,1.005395195310087,1.8973838
ZNF614,False,False,70,0.040439054,95.95609474292317,70.0,True,0.050169032378619804,0.852363324059723,1.5200523
AC010320.4,False,False,19,0.011554015,98.90236857307914,20.0,True,0.01413405498825881,0.6905606169484314,1.1210945
AC010332.3,False,False,7,0.004043905,99.59560947429232,7.0,True,0.005971964928558254,0.723376694635803,1.2020092
PRKCG,False,False,12,0.00751011,99.30675909878683,13.0,True,0.009851044754646633,0.9608840237555469,1.7876323
LILRA4,False,False,1,0.00057770073,99.94222992489891,1.0,True,0.0014841171867600133,0.8920860762662788,1.6179969
FCAR,False,False,1,0.00057770073,99.94222992489891,1.0,True,0.0016799219100995313,1.0161112377059933,1.9238064
AC010327.8,False,False,2,0.0011554015,99.8844598497978,2.0,True,0.003351911435086222,1.1598431645867617,2.278207
DNAAF3,False,False,10,0.006354708,99.42229924898902,11.0,True,0.009217116904938549,1.226117568961593,2.44162
NLRP4,False,False,1,0.00057770073,99.94222992489891,1.0,True,0.00226763504083364,1.3163952960050136,2.6642184
ZNF582,False,False,42,0.024841132,97.5736568457539,43.0,True,0.02848213291246453,0.9410899113961164,1.7388259
DUXA,False,False,1,0.00057770073,99.94222992489891,1.0,True,0.0012433859511287119,0.7149838034742623,1.1813148
ZNF805,False,False,41,0.025418833,97.631426920855,44.0,True,0.03377980214879892,1.100779768519054,2.132574
ZNF548,False,False,92,0.054881573,94.68515309069902,95.0,True,0.06582854735726604,0.6968268005545919,1.1365451
ZNF776,False,False,107,0.065280184,93.81860196418256,113.0,True,0.06869454512829189,0.7638066939911045,1.3016977
C19orf18,False,False,27,0.017331023,98.44020797227037,30.0,True,0.0245200136845216,0.7762070764804165,1.3322734
MZF1,False,False,186,0.11900636,89.25476603119584,206.0,True,0.13019487663869442,1.0982540139902102,2.1263463
PTPRA,False,False,719,0.6268053,58.463316002310805,1085.0,True,0.47468649089282006,0.6528631625379857,1.086705
AVP,False,False,837,2.0930097,51.64644714038129,3623.0,True,1.2885075526921181,1.9210155633709092,2.2503996
UBOX5-AS1,False,False,70,0.04621606,95.95609474292317,80.0,True,0.0571735506326853,0.6791967270716085,1.0930744
AL133396.2,False,False,2,0.0011554015,99.8844598497978,2.0,True,0.003386135614661511,1.3539211051470488,2.756746
PCNA,False,False,599,0.97227037,65.39572501444252,1683.0,True,0.5065159797221277,0.7819192542504662,1.5635773
AL109935.1,False,False,19,0.012131716,98.90236857307914,21.0,True,0.01819534606240412,0.8546363891310679,1.5256569
AL035461.2,False,False,6,0.0034662045,99.65337954939342,6.0,True,0.004824581403385115,0.7252453448016373,1.2066168
AL096799.1,False,False,2,0.0011554015,99.8844598497978,2.0,True,0.004228904464876007,1.2948980485766841,2.6112125
SNAP25-AS1,False,False,11,0.008665511,99.36452917388793,15.0,True,0.009045436389847538,0.9635255762045551,1.7941457
AL079338.1,False,False,2,0.0011554015,99.8844598497978,2.0,True,0.0033627094541509557,1.0179237719932464,1.9282756
OVOL2,False,False,13,0.008665511,99.24898902368572,15.0,True,0.009553164728266315,0.7482621231933905,1.2633693
SLC24A3,False,False,277,0.35990757,83.99768919699595,623.0,True,0.2530108647112672,1.250740045106143,2.502332
RIN2,False,False,155,0.11034084,91.04563835932986,191.0,True,0.13318826160679673,0.705117593102382,1.1569877
NAPB,False,False,72,0.042172156,95.84055459272098,73.0,True,0.04975718944907731,0.7097123015622663,1.1683168
CST7,False,False,76,0.05314847,95.60947429231658,92.0,True,0.05718435176448949,0.7031647931562015,1.1521727
AL035661.2,False,False,2,0.0011554015,99.8844598497978,2.0,True,0.002277965113059032,0.8927671411113298,1.6196762
NINL,False,False,2,0.0011554015,99.8844598497978,2.0,True,0.002385296992207909,0.9364678042688571,1.7274292
ID1,False,False,210,0.2357019,87.8682842287695,408.0,True,0.2598522760364121,1.9173730592922427,4.146053
TM9SF4,False,False,532,0.3916811,69.26632004621607,678.0,True,0.3618006715043508,0.6784565830380149,1.1812747
KIF3B,False,False,116,0.06874639,93.29867128827267,119.0,True,0.07297412611780879,0.7786069913170077,1.3381909
C20orf203,False,False,23,0.013287118,98.67128827267476,23.0,True,0.018758804388545765,0.812842317390444,1.4226052
ZNF341,False,False,40,0.023685731,97.6891969959561,41.0,True,0.026384909260200148,0.6675540103645902,1.0643669
MYH7B,False,False,8,0.004621606,99.53783939919121,8.0,True,0.008880042335346328,0.9729641931380976,1.8174185
GDF5,False,False,2,0.0011554015,99.8844598497978,2.0,True,0.002994098600388798,1.1766731938408665,2.319705
PPP1R16B,False,False,788,0.9127672,54.47718082033506,1580.0,True,0.7645746973087524,1.03254246149132,1.7055335
LINC01734,False,False,1,0.0011554015,99.94222992489891,2.0,True,0.001478349418813518,0.8881893154576912,1.6083887
AL118523.1,False,False,6,0.0051993066,99.65337954939342,9.0,True,0.00632100723989496,0.6830543496557836,1.1025862
AL049812.3,False,False,9,0.0051993066,99.48006932409012,9.0,True,0.012013849600970312,2.0569186028891906,4.490131
TOX2,False,False,4,0.002310803,99.7689196995956,4.0,True,0.004086033064335128,0.8568433619995328,1.5310987
CCN5,False,False,2,0.0011554015,99.8844598497978,2.0,True,0.00410284914513909,1.5596605460850956,3.264039
AL008725.1,False,False,3,0.0017331023,99.8266897746967,3.0,True,0.00456436769930167,1.4717093670091859,3.0471773
UBE2C,False,False,293,0.73425764,83.07336799537839,1271.0,True,0.2989315834353108,1.6644775679205468,4.8246994
AL133520.1,False,False,4,0.002310803,99.7689196995956,4.0,True,0.0029540016172368757,0.8257538012850514,1.4544411
PTGIS,False,False,1,0.00057770073,99.94222992489891,1.0,True,0.0018584271584235431,1.1171837156945243,2.1730213
TRERNA1,False,False,1,0.00057770073,99.94222992489891,1.0,True,0.0014841171867600133,0.8920860762662788,1.6179969
SALL4,False,False,12,0.006932409,99.30675909878683,12.0,True,0.009482775835562408,0.6725124628358377,1.076593
CASS4,False,False,83,0.06759099,95.2050837666089,117.0,True,0.0776883728795276,0.880407427021068,1.5892007
AL109955.1,False,False,8,0.004621606,99.53783939919121,8.0,True,0.006752930363584998,1.0739779123657809,2.0664885
RBM38,False,False,235,0.18139803,86.42403235124205,314.0,True,0.13816874703207613,0.8564428458794201,1.5301112
ZBP1,False,False,3,0.0017331023,99.8266897746967,3.0,True,0.004459285632423852,1.2326343226653025,2.4576886
MIR646HG,False,False,64,0.04621606,96.30271519352975,80.0,True,0.0529553192206966,0.6680330218396092,1.0655481
AL357033.1,False,False,1,0.00057770073,99.94222992489891,1.0,True,0.001310306228196549,0.7674399452263678,1.3106562
COL9A3,False,False,7,0.004621606,99.59560947429232,8.0,True,0.00665111426742788,1.0462555070887107,1.9981333
HELZ2,False,False,59,0.03755055,96.59156556903524,65.0,True,0.039565689822925236,0.7800503639341909,1.3417498
MHENCR,False,False,159,0.10167533,90.81455805892547,176.0,True,0.10482533887202697,0.6870921819028655,1.1125423
LIPI,False,False,12,0.006932409,99.30675909878683,12.0,True,0.007387904030539008,0.7793097370398206,1.3399236
AF127577.5,False,False,1,0.00057770073,99.94222992489891,1.0,True,0.0018206253543608698,1.096614322948345,2.1223032
AJ009632.2,False,False,700,0.8711727,59.56094742923166,1508.0,True,0.7369665575800727,1.0087243036167701,1.6373539
MIR99AHG,False,False,531,0.4604275,69.32409012131716,797.0,True,0.46101221042988266,0.7678960221433614,1.5117604
AP001172.1,False,False,6,0.0034662045,99.65337954939342,6.0,True,0.0055796223604876825,0.7261043283209533,1.2087348
CHODL,False,False,25,0.017908724,98.55574812247256,31.0,True,0.022387087514647047,0.85595644115792,1.5289118
AP000561.1,False,False,2,0.0011554015,99.8844598497978,2.0,True,0.0023638494603857654,0.857642478496226,1.5330691
APP,False,False,502,0.37954938,70.99942229924898,657.0,True,0.367942042132054,0.6842725401015239,1.2027651
AF129075.1,False,False,1,0.00057770073,99.94222992489891,1.0,True,0.0014913903865802667,0.8969784841336086,1.6300601
BACH1-IT1,False,False,2,0.0011554015,99.8844598497978,2.0,True,0.00365728948080178,1.625361848424921,3.426039
TIAM1,False,False,28,0.016753322,98.38243789716927,29.0,True,0.018839925230572388,0.6708111154730692,1.072398
HUNK,False,False,2,0.0011554015,99.8844598497978,2.0,True,0.00330586979839938,1.0286418549236436,1.9547032
AP001037.1,False,False,4,0.002310803,99.7689196995956,4.0,True,0.0037666097535067446,0.8162573576682437,1.4310256
ZBTB21,False,False,195,0.12651646,88.73483535528597,219.0,True,0.15526416581048025,1.2969491364477905,2.61627
PDE9A,False,False,7,0.004621606,99.59560947429232,8.0,True,0.008479265169734553,0.9912846912068554,1.8625915
LINC01679,False,False,2,0.0011554015,99.8844598497978,2.0,True,0.0014841171867600133,0.8920860762662788,1.6179969
AP001053.1,False,False,2,0.0011554015,99.8844598497978,2.0,True,0.002819191662070907,1.2123473569221663,2.407667
DNMT3L,False,False,1,0.00057770073,99.94222992489891,1.0,True,0.0021438312127257417,1.2601904288058403,2.5256338
TRPM2,False,False,16,0.010976315,99.07567879838244,19.0,True,0.013697589076462357,0.7533688105625326,1.2759609
COL6A2,False,False,23,0.013287118,98.67128827267476,23.0,True,0.02330935014618368,0.7777103487582737,1.33598
CECR2,False,False,5,0.0028885037,99.71114962449451,5.0,True,0.0049370201102117385,1.0823549920351885,2.087144
AC000085.1,False,False,2,0.0011554015,99.8844598497978,2.0,True,0.0033892027363050356,1.3535040719684939,2.7557178
GP1BB,False,False,560,1.2680532,67.64875794338532,2195.0,True,0.8813964147832143,2.150398880764519,3.79284
AC006547.2,False,False,1,0.00057770073,99.94222992489891,1.0,True,0.00226763504083364,1.3163952960050136,2.6642184
LINC00896,False,False,1,0.00057770073,99.94222992489891,1.0,True,0.001250282343862662,0.7205183980890817,1.1949615
AC002472.1,False,False,2,0.0017331023,99.8844598497978,3.0,True,0.0030553232581077444,0.957464856304526,1.7792017
YPEL1,False,False,124,0.080300406,92.83651068746389,139.0,True,0.09365282420161837,0.6826338379117004,1.1015494
TOP3B,False,False,51,0.03119584,97.05372616984403,54.0,True,0.03217829239558897,1.0699821097104627,2.056636
VPREB1,False,False,46,0.03928365,97.34257654534952,68.0,True,0.0442460965625123,0.7781677326192817,1.3371078
AC245060.6,False,False,13,0.00751011,99.24898902368572,13.0,True,0.00957102390587576,0.9543645665217517,1.7715573
AC245060.5,False,False,52,0.03119584,96.99595609474292,54.0,True,0.03581898971524747,0.7079630931284429,1.1640038
IGLC1,False,False,4,0.0051993066,99.7689196995956,9.0,True,0.023344389078672364,3.3252697346711844,7.6175113
IGLC2,False,False,7,0.03235124,99.59560947429232,56.0,True,0.08623143779567527,4.165585629627293,9.689483
IGLC3,False,False,3,0.0051993066,99.8266897746967,9.0,True,0.01413725010148811,2.4035324745415605,5.3447785
IGLC5,False,False,1,0.00057770073,99.94222992489891,1.0,True,0.0033041748451134233,1.6933631751294267,3.5937102
IGLL1,False,False,853,2.3073368,50.72212593876372,3994.0,True,1.1505898367820193,2.0396629827239425,2.4616585
GGT5,False,False,3,0.0017331023,99.8266897746967,3.0,True,0.004225082070024894,1.5182507662477154,3.1619346
PIWIL3,False,False,4,0.004043905,99.7689196995956,7.0,True,0.003910353612651609,1.1232526957518028,2.1879857
SGSM1,False,False,11,0.006932409,99.36452917388793,12.0,True,0.008369960514480058,0.6701841527951296,1.070852
MIAT,False,False,23,0.013864818,98.67128827267476,24.0,True,0.020812163792861695,0.7350392350827823,1.2307656
TTC28,False,False,237,0.17619874,86.30849220103987,305.0,True,0.1955114138202249,0.882858697978137,1.5952449
RASL10A,False,False,2,0.0011554015,99.8844598497978,2.0,True,0.002180179071392298,0.7402149929892086,1.2435275
AC004832.4,False,False,2,0.0011554015,99.8844598497978,2.0,True,0.0024091717350505338,0.7802981109678232,1.3423607
SELENOM,False,False,103,0.06874639,94.04968226458695,119.0,True,0.09434429604484293,0.7953130637057814,1.3793831
PIK3IP1-AS1,False,False,79,0.050259966,95.43616406701328,87.0,True,0.06762615979669984,1.2768222033573016,2.566643
SYN3,False,False,27,0.02310803,98.44020797227037,40.0,True,0.03528095895206758,1.5872086094158313,3.3319645
TIMP3,False,False,245,0.20277296,85.84633160023107,351.0,True,0.18731076639884253,1.039349179959823,1.9811044
LARGE1,False,False,29,0.023685731,98.32466782206816,41.0,True,0.03382648145751024,2.111341036993962,4.6243205
MB,False,False,1,0.00057770073,99.94222992489891,1.0,True,0.0025855219985247003,1.4477442649412104,2.9880865
CSF2RB,False,False,118,0.094742924,93.18313113807048,164.0,True,0.07069267283444006,0.7248701446405368,1.2056917
LGALS1,False,False,472,1.0184864,72.73252455228192,1763.0,True,0.8024812860187657,2.083539088742561,3.6336331
H1F0,False,False,696,0.7030618,59.792027729636054,1217.0,True,0.5770219386293146,0.8983076041357799,1.3212854
APOBEC3D,False,False,22,0.013287118,98.72905834777586,23.0,True,0.01656493608488704,0.7547825646071656,1.2794468
APOBEC3F,False,False,78,0.048526864,95.49393414211438,84.0,True,0.052529469593369224,0.9684807959411698,1.8063638
PDGFB,False,False,3,0.002310803,99.8266897746967,4.0,True,0.005118302334019885,1.5527639599427885,3.247034
SYNGR1,False,False,863,2.648758,50.14442518775275,4585.0,True,0.9242829995951618,1.3264609065499444,1.8308737
TEF,False,False,14,0.00808781,99.19121894858463,14.0,True,0.011657218964080208,0.9829884995574285,1.8421355
TNFRSF13C,False,False,4,0.0028885037,99.7689196995956,5.0,True,0.004712497336970627,1.4813227586500448,3.0708811
SMC1B,False,False,68,0.04390526,96.07163489312536,76.0,True,0.04449792823555374,0.8244222750121578,1.4511579
FBLN1,False,False,16,0.009243212,99.07567879838244,16.0,True,0.012101545701138213,0.8456176510326253,1.5034194
Z95331.1,False,False,24,0.013864818,98.61351819757365,24.0,True,0.01838083794016955,0.8000273470352761,1.3910072
LINC00899,False,False,33,0.019641826,98.09358752166378,34.0,True,0.026020526556826504,0.9131073948892147,1.6698292
AL672277.1,False,False,21,0.012709416,98.78682842287695,22.0,True,0.01944586153022872,0.8445574863073698,1.5008054
P2RY8,False,False,295,0.2357019,82.9578278451762,408.0,True,0.2342032199827675,0.7255778691642738,1.2074367
GYG2,False,False,27,0.01617562,98.44020797227037,28.0,True,0.022073414276000385,0.8286437307704864,1.4615668
ARHGAP6,False,False,122,0.11611785,92.95205083766609,201.0,True,0.13034737782092845,0.9598541623679564,1.7850931
TLR7,False,False,1,0.00057770073,99.94222992489891,1.0,True,0.0013555388963501119,0.8014007715855506,1.3943937
TMSB4X,False,False,1549,16.241478,10.514153668399773,28114.0,True,2.9690888720607433,3.678781021935894,2.5557694
GPM6B,False,False,98,0.06296938,94.33853264009244,109.0,True,0.07234580051831928,1.2117912330918128,2.4062958
GLRA2,False,False,2,0.0011554015,99.8844598497978,2.0,True,0.0019876170627306147,0.757351934119067,1.2857822
SCML1,False,False,20,0.012709416,98.84459849797804,22.0,True,0.017774677442813767,0.9289407741964765,1.7088697
PHEX,False,False,20,0.012709416,98.84459849797804,22.0,True,0.015339731843311409,1.0653721431403693,2.0452693
PTCHD1-AS,False,False,6,0.006354708,99.65337954939342,11.0,True,0.007381826019797021,1.5728840095992207,3.2966442
PTCHD1,False,False,1,0.00057770073,99.94222992489891,1.0,True,0.0016374382742049202,0.99047568781261,1.8605967
SAT1,False,False,1008,1.310803,41.76776429809359,2269.0,True,0.8149651437333204,1.2798539802238447,1.719893
GK-AS1,False,False,18,0.010398613,98.96013864818023,18.0,True,0.01336936368434257,0.9008589184794902,1.6396282
CYBB,False,False,13,0.00751011,99.24898902368572,13.0,True,0.006453165494285558,0.7118629585234277,1.1736197
RPGR,False,False,352,0.25072214,79.66493356441363,434.0,True,0.2439977396112495,0.6813058472108308,1.098275
TSPAN7,False,False,15,0.009820913,99.13344887348353,17.0,True,0.012263078217928214,0.9859324002850713,1.8493943
AC108879.1,False,False,1,0.00057770073,99.94222992489891,1.0,True,0.0033041748451134233,1.6933631751294267,3.5937102
CASK,False,False,169,0.11554015,90.23685730791449,200.0,True,0.126215715089329,0.6701111093916134,1.070672
AF196972.1,False,False,5,0.0028885037,99.71114962449451,5.0,True,0.004694661650658006,0.9238517111412358,1.6963216
GATA1,False,False,407,0.96822643,76.48757943385327,1676.0,True,0.41742724128254577,0.9643799786450622,2.237784
TFE3,False,False,76,0.045060657,95.60947429231658,78.0,True,0.055841362168614996,0.7684021123442699,1.3130287
USP27X-AS1,False,False,4,0.002310803,99.7689196995956,4.0,True,0.003962474495840946,0.7347975787584444,1.2301698
LINC01284,False,False,11,0.006932409,99.36452917388793,12.0,True,0.009456941367419081,0.8112990736935692,1.4187999
CENPVL3,False,False,19,0.010976315,98.90236857307914,19.0,True,0.015984818741242454,0.9486295317087567,1.7574164
TSPYL2,False,False,219,0.16464472,87.34835355285962,285.0,True,0.20040073166083994,0.9875196831985993,1.8533081
KDM5C-IT1,False,False,3,0.0017331023,99.8266897746967,3.0,True,0.002870366814219278,0.7068657249334089,1.161298
IQSEC2,False,False,37,0.02195263,97.86250722125939,38.0,True,0.027823944811852106,0.6708305299505054,1.0724459
ALAS2,False,False,210,0.3876372,87.8682842287695,671.0,True,0.1987595386350393,2.8061541629003455,6.3375254
AL050309.1,False,False,354,0.26112074,79.54939341421144,452.0,True,0.2669938077028828,0.6720866048030284,1.157737
ZXDA,False,False,19,0.010976315,98.90236857307914,19.0,True,0.012203789169431423,0.6863556013665666,1.1107261
AR,False,False,23,0.014442518,98.67128827267476,25.0,True,0.017989256547831806,0.803491931732275,1.3995498
EFNB1,False,False,27,0.01559792,98.44020797227037,27.0,True,0.02248513918662319,0.9936676272152362,1.8684671
EDA,False,False,7,0.004621606,99.59560947429232,8.0,True,0.0056465670785300825,0.6920844978550675,1.124852
RPS4X,False,True,1704,119.8833,1.559792027729634,207518.0,True,4.821298970667069,2.5732951356761045,1.409515
PHKA1,False,False,92,0.05603697,94.68515309069902,97.0,True,0.06197961477459576,1.2776320512973405,2.5686398
PHKA1-AS1,False,False,10,0.0057770074,99.42229924898902,10.0,True,0.012541664052321488,1.726912720198301,3.6764336
TSIX,False,False,5,0.0028885037,99.71114962449451,5.0,True,0.005533743537503492,0.7734570456795168,1.3254926
Z83843.1,False,False,15,0.008665511,99.13344887348353,15.0,True,0.0127907846876742,0.7922886892175606,1.371926
P2RY10,False,False,6,0.0034662045,99.65337954939342,6.0,True,0.00712196783622011,0.9385165459408223,1.7324808
KLHL4,False,False,3,0.002310803,99.8266897746967,4.0,True,0.002794318824023638,0.9301987128835104,1.7119714
PCDH11X,False,False,6,0.0034662045,99.65337954939342,6.0,True,0.00542366268531152,0.6989885924526922,1.1418754
TSPAN6,False,False,13,0.00751011,99.24898902368572,13.0,True,0.007920868543654968,0.6760687200603732,1.0853617
GPRASP2,False,False,14,0.00808781,99.19121894858463,14.0,True,0.012582874539846859,0.7985479127928652,1.3873594
BEX1,False,False,316,0.3945696,81.74465626805315,683.0,True,0.3722287197844994,1.214042065614319,3.1603048
SLC25A53,False,False,118,0.072790295,93.18313113807048,126.0,True,0.08237239476939615,0.6761759468223633,1.0856261
FRMPD3,False,False,2,0.0011554015,99.8844598497978,2.0,True,0.0035945554307875833,1.616599266259899,3.404433
TSC22D3,False,False,967,1.938186,44.13633737723859,3355.0,True,1.2610116119149772,1.9268946736259849,2.2608676
TMEM164,False,False,367,0.29462737,78.79838243789716,510.0,True,0.22769281504111077,0.7019533100662975,1.1491854
XACT,False,False,652,1.5840554,62.333911034084345,2742.0,True,0.8609368416695286,1.5831010211275791,2.4419868
IL13RA1,False,False,8,0.0051993066,99.53783939919121,9.0,True,0.0069289124902471855,0.8413607509134295,1.4929231
SLC25A43,False,False,183,0.12478336,89.42807625649914,216.0,True,0.1332107944014914,0.6952018346285048,1.1325383
AL008633.1,False,False,23,0.017908724,98.67128827267476,31.0,True,0.021639319583280928,0.9548430504573816,1.7727371
UTP14A,False,False,311,0.21143848,82.03350664355864,366.0,True,0.18704984713780032,0.9254393721911122,1.7002363
RAP2C-AS1,False,False,151,0.102253035,91.27671865973426,177.0,True,0.1229718323402922,1.0073147114181293,1.9021168
LINC00629,False,False,8,0.004621606,99.53783939919121,8.0,True,0.00858179814175242,1.1672781516668551,2.2965395
FHL1,False,False,546,0.4644714,68.4575389948007,804.0,True,0.4362427519388498,0.7284092616091555,1.3658537
AL683813.1,False,False,37,0.023685731,97.86250722125939,41.0,True,0.030291520961583936,1.0770721633925326,2.0741181
Z96074.1,False,False,5,0.0028885037,99.71114962449451,5.0,True,0.004825110912722826,1.014114722969503,1.9188836
FGF13,False,False,177,0.1554015,89.77469670710572,269.0,True,0.16420543656951647,0.8343548615274964,1.4756488
IL9R,False,False,8,0.0051993066,99.53783939919121,9.0,True,0.00756804480745336,0.7572740886245155,1.2855902
MT-CO1,True,False,1702,37.744656,1.675332177931832,65336.0,True,3.541213385700704,2.427290319014983,1.205278
MT-CO2,True,False,1697,36.59099,1.9641825534373214,63339.0,True,3.416689235128475,2.4904528691526977,1.304705
MT-ND4L,True,False,731,0.60254186,57.77007510109763,1043.0,True,0.49936311068617845,0.6647472155512439,1.1306175
