,PC1,PC2,PC3,PC4,PC5,PC6,PC7,PC8,PC9,PC10,PC11,PC12,PC13,PC14,PC15,PC16,PC17,PC18,PC19,PC20,PC21,PC22,PC23,PC24,PC25,PC26,PC27,PC28,PC29,PC30,PC31,PC32,PC33,PC34,PC35,PC36,PC37,PC38,PC39,PC40,PC41,PC42,PC43,PC44,PC45,PC46,PC47,PC48,PC49,PC50
Normal_AAACCTGAGGACCACA-1,-3.7829738,-4.225399,2.3309338,-0.065725245,1.455953,-3.7860482,-4.243871,0.89181954,1.3870496,-0.74849594,-0.18052225,-1.8080329,0.22418725,-0.55279833,-2.3039522,1.0248214,-1.1542366,0.7953049,2.0902352,1.426283,0.4823855,0.5124254,-0.7310374,0.37763533,0.40646783,-1.5612882,-0.99278927,-0.9666197,-1.9858235,-3.3295202,-2.2062855,-0.106900945,-0.6856889,1.3599573,1.5449681,0.49203613,1.7037663,1.5826771,-0.079056755,-0.5488581,1.8609478,1.1677357,0.9398253,2.2680297,1.4525318,-1.8422248,0.051507212,1.5560127,-0.48873577,-0.5296747
Normal_AAACCTGGTTTGGGCC-1,-6.9740686,-0.89539033,-4.021707,1.535354,-0.10230956,1.8358748,-0.73375696,-0.31403682,-0.6705656,0.3148461,-2.0870087,0.44500607,-0.12638497,0.6743292,2.4300873,0.4863625,0.08715962,1.2956525,-1.8438876,-1.56025,0.01512112,1.1458449,0.5125144,3.3267035,-1.8035058,0.8855817,-0.32300663,0.9766637,-1.8005576,-0.4197062,1.8733106,2.4751234,-0.077678196,-0.16715524,-0.55752414,0.70733637,-2.8501468,-1.1229032,-0.056813058,-0.7333058,-1.3172792,-0.5884036,0.21288574,-0.53968763,-1.3377115,1.3226101,-1.8672769,-0.9504204,-0.91727996,-1.5274383
Normal_AAACGGGAGCAATATG-1,1.5564382,11.15877,-0.16196322,-3.116976,4.010132,-1.2395656,-5.211214,-1.6189044,0.35077575,1.7696929,8.411653,0.68832266,-0.257728,0.90525615,-0.326021,-3.1435013,1.1152272,0.40810013,0.20088033,-1.92179,-4.006041,1.250838,0.71082115,-2.0302372,-0.0522597,-0.3870676,0.99518394,-0.9496388,-1.5123049,-1.1989281,-0.70535344,1.8186632,1.0480405,-1.0897244,-1.7281597,0.32656795,-0.9943937,-0.73330307,-0.32791623,0.5374516,-1.2143179,-0.21191607,-1.5167673,-0.4950124,1.4546547,1.1011692,-1.0978379,1.5469543,0.48766693,2.455486
Normal_AAACGGGCATGTCTCC-1,-8.553286,-2.254512,-3.4389515,-1.2437452,0.6553357,0.79493517,-1.9510592,-1.499333,-3.677318,1.0960006,-0.6373759,-0.9998384,2.226924,-0.8112382,0.75837773,3.213935,0.2167709,0.28660354,1.8920541,-1.0628405,-0.6868873,-0.47815475,-1.7203109,-0.5761173,-1.8072935,2.5215392,1.6843827,-0.024392964,-1.1955746,-0.32615474,-0.32219505,-1.011092,-1.2783427,1.5423324,-3.0155094,1.4187076,0.2035888,0.9318984,1.9092739,-0.83558744,-4.558904,2.9598591,1.5308272,0.69410014,0.28708953,2.5113795,0.6538772,0.027028536,-2.3650784,1.3675306
Normal_AAACGGGTCGCGCCAA-1,-5.995997,1.2268851,-3.70958,1.7524368,-1.6481941,0.18309437,1.6922203,1.5983016,-2.0468636,1.4807197,-0.08508516,1.5955024,-1.4015173,-0.5424564,0.8713289,0.9573306,0.2825018,-0.16954535,0.9110453,0.8823001,-0.8037559,1.6418687,1.4512863,1.4110963,0.7814047,-1.8494054,1.3209789,0.9655733,0.5685165,0.15093881,-0.6194221,1.454414,-0.4055904,-0.7983813,2.2056725,1.247436,-1.057561,1.209299,2.091568,-0.73429334,-0.64167255,0.6578849,-0.6497938,0.36403215,0.37029424,2.8431327,-0.057519946,-1.3791457,-1.0801662,-1.5471997
Normal_AAAGATGGTAGAGTGC-1,-6.5842347,-0.7870079,-4.5484047,1.1553906,-0.4358126,-2.6043317,0.111808814,-0.9359095,-1.9120678,0.6584196,-0.82864773,-2.1362176,0.82140785,0.69377184,0.53603417,2.4372258,0.33974797,-0.98385423,2.1719685,-1.5217882,-0.36226398,-0.9559323,-0.37173256,1.0501381,-0.6041248,2.2030435,-1.2251203,2.2173831,-1.3105918,-0.08791475,2.6262977,1.0753815,-1.4115143,1.1863226,-0.9287439,-0.14022017,-0.5549187,1.2511088,0.16928907,1.1993153,-1.5072734,2.783459,-2.089281,2.883056,-0.49956706,-0.27090046,2.4496922,-1.7349108,-2.9206324,0.8874309
Normal_AAAGATGTCAGCGACC-1,-3.7420392,7.8723373,-4.444723,-0.04578132,1.6993846,-2.254443,-0.66501004,2.9715655,1.1734651,-2.5481741,1.5693431,0.6875568,-3.8548403,0.33976302,-3.5373385,-1.9306258,-1.3849266,1.8816916,0.5322672,1.2423166,-0.35328564,0.32153553,-0.10976444,1.5403764,-0.09042417,1.4122772,-0.93437034,-2.6021087,-2.8051069,-0.2950001,-1.6869701,0.09606338,0.7282265,-1.0004168,-0.36118752,-4.182911,-0.50365627,0.47337097,0.3698334,-0.24815002,-0.27904636,1.0105116,-0.687502,-2.0877335,-0.30580348,-1.1052291,-0.85946774,-0.09850557,-0.96963745,-0.16409372
Normal_AACACGTCACTTCTGC-1,-6.693625,2.5832624,-6.653288,2.0588484,-0.741291,2.5799992,1.5197438,2.3078563,-0.4005336,1.4549303,-1.7411983,1.9688449,2.0501134,2.2913368,1.7375956,-0.24440369,1.201683,-1.9754735,1.9695328,-0.09862433,-0.86287427,-0.3285254,0.10306959,-0.90419537,0.81217045,-0.36312884,0.36003157,3.1191328,1.0164272,-1.6719565,-1.3154116,-3.7085733,-1.9258127,-1.3583356,1.9760103,1.8871497,2.529262,-3.341059,0.27817756,3.7829852,0.87095827,-0.8995004,4.8095126,-1.6442411,-0.34640953,-1.4540776,-2.1968124,-1.9068208,-2.2672236,1.3672504
Normal_AACCGCGAGGGTGTGT-1,-4.477917,-2.394918,-2.7210548,1.6276901,0.4219267,-2.502667,-1.0584487,0.15159173,-0.6597219,-0.107741974,1.795945,0.23902017,-1.1074303,0.6166751,0.86596465,1.9631501,0.8902952,-0.113099575,-0.24863443,1.0521563,-0.077815376,1.1632836,-1.7794604,-0.53691274,-1.5765592,-1.3786901,-1.3545032,0.12144174,-1.8794639,-0.5915453,0.7270139,-0.671749,1.1923054,-0.26104707,-0.67420715,-1.4382601,1.2408359,-0.21419545,0.74119633,0.14797394,0.16326612,-0.06689923,0.4454718,-0.86049914,0.114101954,0.50882435,0.9733418,0.7119213,-0.22279893,1.5684842
Normal_AACCGCGCAGCGTCCA-1,-2.544121,-0.25396904,1.8812382,1.4831741,0.52831537,-2.6915567,-1.2838832,0.5342662,2.250626,-1.3769022,4.1049314,-4.747711,-0.04046279,0.51415956,0.95609605,0.9268143,-4.584495,2.3647203,2.180754,-1.8043536,-1.1366732,-1.5334246,2.3608263,-6.997546,3.804093,-0.6507836,0.24930571,-0.85626125,6.2028675,0.10326304,5.489067,-1.384333,3.0955548,-3.2344003,6.331902,-3.9304845,-0.9866602,-0.7986976,4.644255,-1.7512368,4.5845947,-1.1872909,-2.8138752,1.4432839,-1.2660011,-4.9276004,1.3039993,6.8062463,8.075033,-5.2615085
Normal_AACCGCGCATCCCATC-1,-3.1389303,-5.229239,0.5101291,0.06963152,1.1608628,-3.203046,-3.591789,-0.846675,-1.7828369,-1.1192034,0.9648458,-1.6418544,-0.93056756,-0.85485524,-0.020338664,0.5193439,-0.45338497,0.014334355,-0.33362955,1.7830262,-0.35695514,1.4794892,0.9586228,1.2455314,0.37673914,0.7050195,-0.4340057,0.3768693,-0.81902504,1.8771526,-1.4405034,0.20901693,-1.0841044,-0.012357933,0.107689716,-0.15398717,2.155805,0.2763504,0.26281247,-0.6055308,-0.103096195,-0.85676205,0.853537,0.45601085,-1.2182785,1.3667113,0.32700923,-0.22463064,-0.66743267,0.40133235
Normal_AACCGCGTCCCTAACC-1,-5.9776344,-0.28311446,-3.1139717,2.0447543,-1.0763535,-0.32275134,0.6775903,-1.2689269,-1.9738173,0.45938176,-0.7781467,-0.9816586,1.6021752,-0.06913418,1.9472146,0.017406566,2.146985,-2.2262008,2.366992,0.25184828,-2.2243612,-0.28482163,-0.6420736,1.0283786,-1.0105292,0.22002211,0.72501004,-0.64990455,1.1002942,1.0345782,0.46548143,0.65805477,1.4618976,1.0960342,0.3810085,0.29126936,-0.50801253,0.5401239,2.0024197,-0.98866814,-0.4394942,0.70663977,1.0924125,0.8156173,0.5528548,0.5082499,-1.1247795,0.7440752,1.2777056,0.39516115
Normal_AACGTTGTCAAGATCC-1,-8.292735,-5.756863,-3.7819917,-3.4943104,5.192706,0.2568396,-3.350245,-3.1257186,-5.2631016,0.24112771,-0.8629387,-0.82831854,2.674789,0.20783485,-0.17543034,4.0643325,3.743004,-4.0866976,-0.2268068,2.5117846,3.2744362,-1.4038126,1.3761114,-2.8335426,0.13023867,-1.6692805,-0.40728673,1.1705265,1.4176583,-4.718548,1.7237303,0.3676656,-3.6991138,2.8637257,-7.6432796,-3.4482644,2.0507486,1.0101659,-1.1655761,-4.6575484,0.4616633,2.8787673,4.425885,-1.8309166,2.564383,-3.187105,2.0189366,-0.44568697,-0.8475978,0.8692995
Normal_AACTCAGCACTCGACG-1,-2.7499437,-1.460338,0.84152603,-1.7375604,0.28769666,-0.0072735916,-4.6611633,2.2244587,3.8407612,-1.7773424,2.5285795,-0.4973746,1.0867558,1.6052202,3.1074088,0.19648385,0.35370094,-0.24225293,-1.777502,1.4917434,-1.2769058,2.7384217,1.0839353,0.954901,-1.0382799,-1.0015396,-0.67177004,0.51125747,-0.5675134,-1.2093147,1.476812,-0.98718995,0.23850596,0.46531007,0.56716996,1.4068453,0.6186256,-0.3077239,-0.17312106,3.6936235,0.07683024,1.7203379,0.54666847,1.3260405,0.80720955,2.0911615,2.8445601,0.5012257,0.02510438,-1.3391318
Normal_AACTCCCCATTACGAC-1,-4.8208547,0.19288056,-4.2591486,0.98413795,0.795129,-1.7267551,-0.77194613,0.39203128,1.1325917,-0.21108504,0.07580042,-2.437739,-1.539173,-0.9379931,-1.1027681,-0.13344534,1.2143,2.544804,-0.71677476,2.2887685,1.4202632,0.27358097,0.026924517,-1.0180538,-1.3786194,-1.9437839,-1.1717877,1.8747362,-0.6137692,-0.3234725,0.5002784,4.2897916,0.5854286,0.48426807,1.1360065,-0.27820092,1.0996995,-1.6422539,0.17256857,1.7386433,1.2278411,-1.5715126,-2.8302195,-1.4106021,-1.3015391,0.5886569,-1.4672183,3.4472427,-0.7029831,0.93706757
Normal_AACTCCCTCTAAGCCA-1,-7.9923882,1.7522936,-7.9722466,0.12338619,-2.3900707,3.0687423,2.5673313,0.9164972,2.08294,2.9544811,-0.96859616,5.3163033,2.0364332,0.09286053,0.8300662,-2.856366,1.7749966,0.97787374,2.502648,0.042156294,0.3831632,3.239122,0.164236,-0.767279,0.19966929,0.67474353,-0.68287325,-0.532743,-0.09982298,1.3868612,-2.1846359,-1.5358398,2.2081776,-1.2526093,-0.32574522,1.0841868,0.35340205,2.3407593,0.8908613,-0.8962451,-1.697574,2.1084108,1.257404,2.3831918,-0.95405835,-0.6878763,0.9339286,0.5303069,0.16600375,-2.0839367
Normal_AACTCTTAGGCATTGG-1,-5.9071975,-2.42075,-3.472769,-0.16702217,0.20265721,0.5456039,-2.723754,0.6156605,-1.2688293,-1.6614826,-0.96042717,0.50765795,1.7256645,1.0456002,2.1594918,3.0258195,-0.04674,2.5702212,1.4150463,1.4259318,0.5985184,3.9455817,1.1438509,1.3897384,2.512848,1.9004571,3.670711,1.1548795,-0.62269187,-1.3303803,2.188615,1.4125997,0.36608738,-1.5720468,0.5413719,-4.643415,0.40498644,-0.6305022,-0.96295506,-0.25620425,-0.10664666,1.1845472,-2.083729,-1.8588725,-1.5155452,1.1546806,-1.1156371,0.9656833,-4.4089956,0.09805899
Normal_AACTGGTGTCCGAATT-1,-6.372049,0.4671079,-5.6316323,0.4225731,-0.28429615,1.9814897,-0.9459583,1.7232479,-1.8593234,2.4523232,-0.23049529,1.1052177,1.4142541,-0.09984764,2.7027621,1.4061284,0.49164245,-0.055499066,1.7410656,-0.25694573,-0.4630515,-0.34111473,1.0603669,-2.056039,0.7718663,1.2044218,-2.1673515,0.031453487,1.3565725,-1.6227958,0.46780849,-1.5748817,0.41528526,0.96996117,-1.4124533,1.3875598,-0.17300089,-0.5725567,1.2356852,-0.5195417,-0.8031883,-0.334815,-0.1247745,1.0671351,1.2925893,-1.0460187,-1.442877,-1.0939217,0.6712322,-0.08283267
Normal_AACTGGTTCCTGCTTG-1,-3.3952637,0.3556519,-4.6389427,2.3343081,-2.5568712,-0.5488827,1.9029608,0.07317148,0.28504667,1.792141,-1.5177494,2.8754737,-1.4234135,0.11799715,1.0220274,1.0693876,-0.21141711,-0.12326514,-0.15004897,-0.10666152,-0.37691623,-1.4372915,0.5042885,1.4866425,0.9274433,-0.5776471,-0.7281227,0.33606938,0.88743484,0.8319434,0.11686906,-1.2273718,-0.5670557,-0.23359552,0.45145857,-0.021564892,1.017163,-0.2301098,-2.7244596,-0.74779826,1.226151,0.69343114,-1.677272,-1.8431939,0.7098771,0.7188492,-1.2184126,1.1925446,-0.63089764,-0.44015002
Normal_AACTTTCCAGATGGCA-1,-6.06332,4.0874114,-1.8518233,-0.53653646,0.7903413,-3.0748894,-1.7993383,-1.8222016,-0.83742476,-2.8078678,-1.1225382,-1.4320593,0.48797503,-0.8805028,-2.4361598,0.3428376,-0.22488637,0.78782123,1.4097652,0.28790522,2.0479155,-0.3370498,-0.26379812,-1.3155828,2.044921,0.22034709,0.6717408,-4.037608e-05,-1.513829,-0.8285202,1.9271009,0.67083573,-0.56785977,0.6024656,-0.9169283,-2.837433,-1.0111257,-1.368088,-0.37540975,-0.9808123,-2.681096,0.111237794,0.9374006,-0.087747715,1.0203668,2.9592237,-0.9734364,1.4285908,0.22101958,1.4452356
Normal_AACTTTCTCAGGCGAA-1,-6.5288286,1.519171,-4.4268794,1.8870702,-0.45772263,0.26817894,1.9810698,0.525562,0.9811571,3.6986904,-0.68695945,3.048645,-0.9691901,-1.102195,-0.9673415,0.16711728,-2.3401027,0.30485868,-1.2557487,-0.42879015,-0.44191048,-0.73261356,-0.8616054,1.2639939,-1.3323545,-1.4910154,0.38396242,-2.1046026,-0.25553182,0.8765349,-0.1694001,-0.56338483,-1.0345911,0.10950926,-0.39811495,-1.183451,0.093803555,0.59195065,2.0723643,0.21283899,0.7358816,-1.766286,1.8088362,-1.5845191,-0.104327895,-3.4361231,-1.1729715,-0.13562076,-0.8793119,0.851863
Normal_AAGACCTAGGAATGGA-1,-5.792906,-1.3551713,-3.2122698,0.32053438,-0.005411577,1.3218485,-0.24155767,-0.08725819,-0.15645899,3.7675104,0.246586,1.5870823,1.0101761,0.015878063,-0.12365069,3.1930296,0.9797827,-0.20019375,0.49959582,-0.8047429,0.90197664,0.45540586,-0.4715411,0.11036677,1.639337,0.9953243,1.1765393,0.029458078,0.9124213,2.4510567,-1.443212,0.061704345,-0.14485785,0.25697485,1.3027045,-2.4046412,1.3065135,0.29305142,0.42334253,-1.474594,-2.328284,2.864372,0.22610366,2.6255345,0.18062188,-1.5201824,1.9893734,-0.64584833,1.2186573,0.009819139
Normal_AAGACCTCAAATACAG-1,-7.002846,-0.090879716,-3.0202453,1.6149293,-0.55255264,-0.091278255,-0.28978246,0.31660217,-1.0470492,-0.043096997,-0.2640486,-1.9583032,0.9922291,1.4575261,-1.4838921,1.6760718,0.097306296,0.49500886,0.037960794,-1.4058639,0.8577624,-0.5239704,-0.9120133,-0.04523341,2.0946133,-1.1482635,-0.9846621,-0.057447515,-1.1986609,-0.67876375,-0.9120186,2.9867234,0.5698951,0.58362734,-0.5291535,-0.101174496,2.5466518,-0.23583671,3.3487682,-1.0967824,1.2578058,-0.45832056,-0.20105919,-0.64441663,-0.75722486,0.1628653,-0.8029755,1.4608662,0.22982468,-1.0915548
Normal_AAGACCTTCGGATGGA-1,-3.4741716,-3.1795874,0.44458124,0.694237,0.20028609,-1.6910198,-2.7754786,-0.24676326,-1.0430024,-0.5819685,1.9912812,-1.8075193,0.31861657,0.317785,2.7050664,0.54581386,-0.03039947,-0.8475129,-1.8141332,0.2085594,0.31083715,1.0992721,0.395261,-0.13906269,0.1352407,-0.43641463,-0.04082063,-0.4362958,0.73027205,0.7770229,0.14844628,0.9090728,1.3119206,-0.21948567,-0.9611545,1.5400858,0.17618075,0.6452929,-0.55156285,-0.7338875,1.3361647,1.3860686,0.53340477,0.69998866,0.83786917,0.00017560912,0.770363,0.33664247,-0.5400879,-1.3596854
Normal_AAGCCGCAGATGGGTC-1,-4.2500777,3.4152927,-5.614789,2.2421002,-1.107416,-1.3662122,1.661717,3.278171,0.8723917,-0.08226577,1.2069912,-0.838918,-0.4407635,-1.2177544,2.3378682,-1.8028387,-0.5648295,-2.6292422,0.7542582,-0.57440513,0.93944305,1.7879057,-1.5878658,-0.123995245,-1.2564672,-0.49754274,0.27899486,2.2879996,-0.48654684,0.35253006,-1.6685326,-1.8271825,-1.2985554,-0.44764358,-1.873634,0.6623765,-0.069135554,-1.3506621,-1.0761161,-1.2158909,0.051426843,-3.5835145,-0.27187467,-0.036737476,1.1242241,-2.293526,1.7823986,0.18622047,0.6059722,0.19058935
Normal_AAGCCGCCACGACTCG-1,-6.1859584,4.0921717,-6.513474,3.6323135,-1.3192189,-0.26037887,2.5862694,1.2785288,0.17037678,0.18477389,0.08877623,1.7798127,-4.3508744,1.3626091,-1.9032072,0.27382925,1.3975089,2.258533,1.9472437,-0.6314173,-1.3230413,0.107578754,-1.4143723,-2.1614153,1.464781,0.97436976,1.3108488,-0.6455408,0.60930973,3.53555,-0.4784895,-0.52747256,-1.0201206,-2.0426228,1.0305086,4.20416,3.2841077,-1.5175655,0.08652482,-0.29371354,-3.4380963,4.030463,1.4826921,-0.43194515,-4.9273686,0.37783056,-0.82857394,0.637611,5.812028,5.156935
Normal_AAGGCAGAGCTTTGGT-1,-4.4721317,1.2138643,-3.8027563,3.3669271,-1.1835945,-1.7162805,0.6256348,1.276137,0.73596674,-0.07856977,0.32901284,-0.07855678,-1.0774997,1.0023528,1.9016542,-0.9682161,-0.3541174,0.17663693,0.4243136,-0.8530073,-0.764944,0.07341509,-0.45178965,-0.4135383,0.7236249,-1.8179357,0.25694543,0.7178995,0.108021185,-1.0734221,0.047370717,-0.061024264,1.5554932,-0.27622274,-0.14897035,0.56665766,-0.3280916,-0.62400264,-0.5608514,1.8729614,-0.6687991,0.11305885,0.9138699,-0.64597446,-0.02075898,-0.33758494,-0.9785827,1.7285125,-0.8336191,0.5959089
Normal_AAGGTTCAGCATGGCA-1,-5.2539268,3.6798673,-3.2476823,0.49105144,-0.880667,-0.6604504,0.64422375,1.9163116,2.2822642,-2.2287145,-0.09288218,-1.0029198,0.1597889,1.0996056,2.4034069,-2.7845938,0.4216617,1.0769197,-0.38460198,0.45958784,-1.7717657,-1.0625876,0.25414896,-0.07268883,1.6379782,-0.7322102,-0.9526579,3.2754788,-1.3526062,-0.89741206,-2.9049022,0.23335728,-0.121913865,-1.2217962,-0.42341167,3.186018,-0.71182376,-1.5178833,-2.97834,2.2753558,-1.2112819,-1.1528624,0.050904125,1.3220388,1.6845773,0.8556345,-0.8008496,0.3143697,1.5943552,1.1118588
Normal_AAGTCTGCACATGGGA-1,-5.793256,3.0274465,-5.182519,2.6046777,0.021085404,-1.3915391,2.6992748,0.5096894,-0.15899464,0.57796395,-1.1025472,0.2831726,-0.15996897,0.6621852,-0.7131101,-1.1360862,-3.5727847,-0.8036747,-1.8473594,-1.0392312,1.169549,-0.071956754,-1.0835369,-0.73721695,1.4113708,-0.4749294,-0.20681879,1.9540869,-0.83269393,-0.8561783,2.4318278,0.13617894,1.2869469,0.44609168,0.59667087,1.955999,-0.30632934,1.4292841,-1.3123975,0.35311157,1.13865,-0.5310768,1.046969,1.5631611,-1.1637756,2.8420382,-1.3580184,0.35599807,-0.07705733,0.8729039
Normal_AATCCAGAGTATTGGA-1,-5.926737,1.536358,-6.100591,1.9024068,-0.9440321,1.8167486,-0.7303333,1.9300203,0.13195987,0.9931329,-0.4328738,0.5327479,0.6203571,-0.64567053,1.2109362,-1.5121633,1.931313,-1.7927856,2.1631277,0.113380335,-0.9288133,-0.3739169,-0.08065612,0.1916706,-1.3760002,-0.5624682,1.6162069,1.0446166,0.9341319,1.1565112,0.019253954,-0.5896553,0.72373235,-2.1445897,2.4554996,1.8726461,-0.7413364,1.8339262,-1.4565631,-1.0366517,-0.68733203,0.27752516,-0.8567077,-0.027009388,1.9503489,1.6046835,1.3605585,1.7274857,-1.4801587,0.3396147
Normal_AATCGGTTCGCGATCG-1,-4.543365,-1.7023771,-2.1615794,1.5529206,-0.66607076,-0.6056753,0.37661907,-0.14442177,-0.43784013,0.78556687,-0.24855143,0.25000334,-0.46409404,0.058452293,1.5168574,-0.09658223,1.555841,-1.260831,0.7889477,0.8913906,-0.6705024,0.7825519,0.4033346,0.88357973,-1.4441148,-0.400374,-0.50825965,1.0009161,0.1643612,0.770753,0.6374186,2.9398859,-0.47908592,-0.20016447,1.5712814,0.44800934,-0.17377861,1.9822383,-0.28571725,0.7947191,0.56260043,0.6849756,0.61346966,0.6232313,0.17019443,0.5620359,0.40293655,-0.29598635,-0.64448667,-1.2236001
Normal_AATCGGTTCTCTTGAT-1,-4.299837,-0.6229757,-1.4044608,1.0685046,-1.5635942,0.61796707,-0.098886214,-0.8055396,-1.0830798,1.2288804,1.1618675,-1.0765672,0.4392879,0.06904911,0.64544433,-0.02706319,1.1359348,0.41316968,-1.0278507,-0.2980416,-0.11565432,-0.8023446,-0.42842534,0.25863773,-0.10603105,0.66389835,-0.087269545,0.12961414,0.2881537,0.30181003,1.3280628,-0.51001716,0.54793686,0.115017846,0.14569712,-0.38957748,0.9543426,-0.93606144,1.2358271,-0.52544105,-0.09033393,0.8180389,1.2558974,1.5552336,-1.4549409,0.8956984,-0.898515,-0.18261938,-0.5695191,0.4762355
Normal_ACACCCTCATATGAGA-1,-4.8538017,0.6942949,-3.344252,2.8363075,-1.0484257,-1.5986658,-1.0840509,1.2963794,0.52740717,0.61891377,1.1957095,0.07048966,-2.682498,0.049229465,1.124052,-0.31788054,0.05437368,1.5236787,-3.5162003,0.55120665,0.9359509,-0.3234483,-0.35872227,1.6970073,-0.098873414,1.4448105,1.3144517,-0.7585855,-1.016582,-0.91790617,1.9441406,1.5892694,0.6329492,1.6223344,0.7336853,-0.61313766,-0.5937721,-3.038747,0.20961595,1.5196713,1.8078407,2.9538183,-1.953344,-0.45624983,-0.69405246,-2.545999,-1.3001037,-1.5356891,0.6386853,-1.3951359
Normal_ACACCGGGTCTGGAGA-1,-5.845873,-3.0709949,-3.7827592,-0.013617486,0.5208272,2.3687534,-1.3878275,0.06549092,0.30488554,0.4259824,-0.14856562,0.5022753,-0.5912209,1.5633364,2.9532964,1.0661062,1.4087688,3.004592,-2.2280054,0.008339653,-1.0900966,1.0329874,1.4380468,1.9084463,2.3103352,0.5873462,2.0829096,2.1280403,-1.9567854,0.30707094,-2.5003946,1.6199588,1.7437184,2.5520432,-0.5882249,-0.113482036,-0.9516312,-2.742939,0.798307,2.6014667,-0.7498839,-1.4425862,-1.8171958,0.5715068,-2.3111377,-1.4119666,-3.9503248,-3.6269617,1.1052316,-0.51938444
Normal_ACACCGGGTGTGCGTC-1,-4.4491396,-1.21235,-4.083837,1.8758866,-0.56292194,-0.96005243,0.7027104,0.082243785,-0.79281664,0.6914602,-0.41442055,0.058401678,0.22483169,1.7145832,1.4615344,-0.063727364,0.16008233,-0.2258726,-2.1123228,0.6081188,-0.54336774,-0.6347717,-0.08161877,0.51758665,-1.210181,-0.703691,0.71189314,-0.18120866,-0.27507848,-2.1344283,0.28378147,1.2728682,-0.49935064,0.05066115,-0.20225132,-0.023853706,-1.6690642,-0.6620705,0.3682648,1.5307599,1.1115196,-0.25837585,0.45418337,-2.057542,-0.22179326,-0.9370746,1.0501083,-0.5173275,0.60398924,0.2922733
Normal_ACACCGGGTTGTACAC-1,-3.0672433,-2.4982946,1.8141513,0.9154569,0.5036539,-1.4828144,-2.8232923,-1.3174578,-0.7849341,0.0022768732,0.12918721,-1.6876682,0.87618726,-0.004145172,1.0592744,-0.0027405052,-2.061625,0.20334941,-2.534409,-0.7798847,-0.09672171,1.102187,1.6648285,0.2612971,0.06777832,-0.05550032,-0.1807769,0.26284036,0.15487435,0.7172488,0.90144354,0.73119223,0.571731,0.2240637,-1.2406424,0.53573185,-0.1580589,0.11218514,1.1790684,-0.3200776,-0.81273526,0.008065214,-0.5833529,0.6109558,0.05131803,0.95978826,-1.2161162,0.8327049,-2.158652,-1.8112963
Normal_ACAGCCGAGACCACGA-1,-6.8959413,-0.527887,-5.711449,1.3440026,-0.7146113,-0.98810536,-0.31904867,-0.17631972,-2.0241525,1.0674275,-1.1064641,-1.5718266,1.9396363,0.9972815,0.22793084,0.38525242,-0.8218686,-2.0947454,-0.17337815,-0.64484394,-1.1711609,-1.6074234,0.8421022,0.89188474,-1.3295194,0.47341794,0.26628545,0.32584038,1.3177568,1.4999225,-1.1717538,0.897421,2.0975971,-0.0966973,1.7355263,0.37567064,2.140258,1.1212028,-0.74110353,-0.8612859,0.51029855,-0.8427955,0.77269864,-1.2236551,0.20491438,-1.9259412,0.046079606,0.5244348,0.54196227,-1.2512567
Normal_ACAGCCGAGTCGTACT-1,-6.5859566,-13.96846,-0.9989714,-23.847157,35.12195,-6.0710773,29.063343,6.969499,9.44941,3.554099,4.4646926,1.9429626,3.0334415,-7.298889,4.6076927,7.06983,-10.764533,-8.122115,4.1566834,-3.8430233,-0.95459676,6.479032,-15.683248,6.0733175,3.5430946,-4.1392527,10.048987,-8.660926,-3.0632985,-2.1583595,6.3963933,-1.0533864,-12.897117,20.462545,13.33529,13.015265,-10.420965,12.1287565,-0.57956284,3.2869842,-4.5690813,0.6374546,-6.2261176,0.20297779,-17.033207,-2.0793455,7.499186,15.062856,0.24810521,16.210913
Normal_ACAGCCGTCGGAGGTA-1,-2.329506,6.95702,-2.406694,0.70661813,2.4778514,-3.7141402,0.8973934,2.0064142,1.8108603,-2.742025,-0.16926204,0.6457978,-2.4871676,0.21287096,1.3084172,-3.3746352,-2.5218132,-1.7897236,-1.9926777,0.99099684,-0.5381213,1.2152218,0.7022128,1.3946185,-1.1956955,0.9869112,-0.6657651,-0.76876205,-2.2025437,-0.008058323,-0.34531298,0.5415308,-0.16526552,1.2746198,-1.8037587,-0.55831367,1.7896906,-3.0290074,-0.43692565,-1.1308187,-0.42058662,-1.1103845,-0.69423044,0.8344431,0.9138757,0.22338638,-1.8015622,-0.334467,1.7925872,-1.8155633
Normal_ACAGCTAGTCATCCCT-1,-5.7936573,-1.9641114,-3.122355,0.399801,0.1905628,-0.03559546,-1.8271561,-2.428363,-3.0265741,-1.9896362,-0.83473253,-4.2992797,2.6723917,2.4399943,-1.426976,1.4192843,1.8605165,-2.6350882,1.6015384,-0.4237337,-0.36590698,1.9142438,1.7464912,-3.3513908,-0.5207141,0.7870335,2.1882215,1.0890335,0.2746481,-1.1501917,-0.52199864,-1.8387783,0.6088638,0.24481413,-0.36333358,2.0461993,-2.195813,1.0577844,2.1968312,-1.0190476,-2.2494624,-3.0570378,1.667481,3.5651858,2.1820288,0.31688288,-4.6957097,2.9453752,1.0351783,1.049895
Normal_ACATACGCACAGGTTT-1,-6.6091113,0.21946886,-5.787037,1.1930945,0.1250766,0.4522256,0.8839005,-0.15033479,-0.5509999,0.18000486,-0.6355797,-0.71295875,-0.24499205,2.404758,1.2757069,1.5248778,0.874139,-0.07300943,0.10678135,0.56054264,-0.27794743,0.3376464,1.4576147,0.591342,-0.45661846,-0.08022831,-0.40548727,-0.17753918,-0.5222618,-0.4999307,-0.19294296,0.9315439,1.4999627,1.4047229,1.4658536,-0.49655074,0.5231777,-0.95780146,1.1997927,-3.2504246,-2.2647858,-0.058026712,-0.9995876,-0.3850744,-0.6938512,-0.81111276,-0.48440287,0.39143333,0.9050018,-0.6162377
Normal_ACATACGCATCCGTGG-1,-5.713714,-3.0353103,-1.6151601,1.0621502,-0.50608546,-0.9976893,-2.6652577,-0.96979064,-0.08373389,0.15292576,0.72481143,-0.76495165,-0.3406212,-2.3886757,-0.2748799,0.0073263226,-1.0596689,-1.6872318,-1.300609,0.53804994,0.9919563,1.6270272,-1.8387517,1.5914348,0.7593811,-1.00124,-1.0129986,0.037718225,-2.1722913,1.4780473,-1.519824,1.3232077,0.7902327,1.8707715,-0.5569415,-0.4458689,1.4718335,-2.0028787,0.7715085,0.2107057,1.039449,0.9823434,0.4133357,0.721514,0.528102,-1.2846375,-1.8595552,-0.44574302,-1.5717039,0.7737893
Normal_ACATCAGAGATTACCC-1,-6.9166102,2.3351302,-6.401772,0.8171486,-0.5630963,2.4871716,1.5257338,0.75164163,1.4536842,2.448537,-1.9175168,-0.98719275,2.721802,-0.056149837,1.9330567,-1.9428978,1.7488378,-1.3168757,-0.43206945,-0.33174708,0.68562835,1.6811595,0.510133,0.71183014,-0.74320436,-0.91069007,0.6556292,0.3060594,-0.40184987,-1.2055813,0.30368814,-0.4403655,-1.153319,0.6845268,0.20736386,1.0869044,-3.8992572,0.10497834,0.023556648,0.51125497,1.2006769,0.5958466,-1.5903434,1.4267385,-2.0532975,-0.6035837,0.77569693,0.40604967,0.45210627,1.6596392
Normal_ACATCAGAGGCAAAGA-1,-6.2303414,-2.70493,-4.425539,0.33416831,-1.0218011,0.19989797,-0.03720718,2.6735048,-1.8526024,1.332578,-0.25596842,1.0372708,-0.2507736,3.2140863,2.5996933,1.0744742,0.19599935,-0.851418,0.4209996,-0.9609985,0.30868447,0.5436864,0.42279187,1.8177099,0.6590145,0.26432654,-0.42234892,0.0353911,0.68309516,-0.3933755,1.0984839,-0.8237141,0.37253043,-0.18122612,2.0906472,0.011262186,-0.6528543,-2.051317,0.22843443,1.1880298,-0.70940757,0.07719746,0.80959964,-0.87763435,-1.2353746,-0.41921994,-1.5518494,0.897121,0.8744247,-0.3076015
Normal_ACATGGTGTCGCGAAA-1,-6.4854994,-2.3618073,-2.4018052,1.3743657,-1.1745756,-1.554545,-0.48388132,-0.14789687,-0.46233746,-0.9631941,-0.69452685,-3.118571,0.024987785,-0.47713327,2.0003405,-0.034816775,0.17882815,-1.124183,-0.8377831,0.21560952,0.363818,0.13893968,-1.0418249,0.88572276,-1.2238,-0.6600725,0.73425937,1.6231693,-0.00036422999,-1.009725,-1.6992947,0.7209279,-1.2731235,0.956535,1.2777629,1.1314921,1.1174566,-1.7763119,0.9584382,0.5165026,-0.3582112,-0.9355001,0.3364846,1.8903114,-0.017547645,2.3765666,1.8976744,0.27271068,0.056939263,0.686286
Normal_ACCAGTAGTAAGTTCC-1,-5.926852,1.8784122,-6.381113,2.127222,-0.75733215,0.23062322,2.8081,1.9127737,1.6482596,3.2876415,-1.6132338,5.475513,-1.5765332,-1.3389021,-1.8222417,-0.017701078,-2.0077872,3.3877356,1.386539,0.009602853,0.8969415,-1.5873263,-2.173784,-0.24577953,-0.19677983,0.25265613,1.0665879,-1.2644362,1.9371065,-0.22730398,-2.302101,-1.3784875,0.6266297,-3.9830778,2.5979016,3.2720292,1.4736525,-1.0975776,-1.6079923,-2.9832907,1.3059261,-3.9496763,0.10569595,1.2226986,1.8696785,-3.3512957,0.8695355,0.44170386,0.14786944,2.8224857
Normal_ACCAGTATCTAAGCCA-1,-5.827306,6.3300843,-4.882203,1.3714423,0.13141377,-1.8749746,-0.1279624,2.2679617,3.329713,-2.4952786,1.121236,-1.326081,-1.3972218,1.326641,1.6677126,-3.0537772,-1.5258819,-0.38602445,-1.0839993,2.0025215,-2.9609318,-0.43115237,-0.46915868,0.9057171,0.117984675,-1.2957919,2.6717064,-1.2066823,-0.40928736,2.5379913,-2.4785535,0.23531385,-1.3974001,1.5917867,-0.87313575,1.5620439,-1.8224193,0.83703953,-1.7409209,-0.10747765,0.5820705,-2.3285012,1.8801725,0.48802844,0.95319664,2.9788504,-0.40331808,0.8496116,-1.2662708,0.35058758
Normal_ACCCACTAGTCAAGGC-1,-5.474035,2.5510015,-5.3986197,3.0538874,-1.6857032,-0.24075972,1.2673584,0.74657124,-0.8814644,2.3147771,-0.5850113,1.6274967,-0.6515867,0.1843326,-0.8695682,1.312057,-0.5824248,-0.84696835,-2.2232912,-0.22008009,1.5160878,0.3080664,0.10389475,0.44472042,-0.36169466,-1.7766637,0.26629612,-0.20564966,-0.4711874,2.466991,-1.6229695,-0.34341353,0.7687741,0.24083674,1.8954861,-0.73667735,-0.62027615,1.273505,1.7843477,-0.5881918,-0.12605302,0.9344068,0.31437138,0.030951831,-0.07719657,-0.19573422,-0.37514204,-1.8841823,-0.8405964,-0.97638285
Normal_ACCCACTAGTCCATAC-1,-4.1483088,-3.574341,2.7246108,-2.9249287,0.16354273,-0.16711833,-6.1516323,-1.8521792,1.305956,-3.0505311,-1.1226499,-3.9682348,2.8856606,0.08469048,-0.81881493,2.0099945,-2.1259122,3.1500087,3.8475904,2.2187467,0.50965416,-3.4074268,-2.2715642,-2.9525323,2.1525843,-0.24016918,-1.1716696,-2.37497,0.45123,0.072683975,4.3395286,-3.4664524,2.3359716,1.6436079,1.8894306,2.7513313,-3.5421524,-3.5694907,-2.4035213,1.2740579,2.1561267,-3.2772498,0.4222279,2.3765247,1.7177093,1.8146892,2.3716063,-0.72485787,-1.0169424,-1.6908433
Normal_ACCCACTCACGGTAGA-1,-2.876401,5.9523754,-0.5486311,2.8567858,0.8573624,-3.443357,-1.135681,0.3672113,2.051691,-3.9131799,-1.8303051,-2.765548,-0.511212,0.51461154,-1.7377528,-0.4631835,-2.8348494,1.3828101,-1.5134169,-1.168843,2.1621275,-1.9867558,0.71844155,0.22611672,3.0818186,4.267215,1.6309979,0.3189267,1.6196942,-1.1266018,0.039288227,-0.77407986,-0.94931865,-0.029372763,0.9349854,-0.40474764,0.46252665,-0.7180528,1.4713184,-2.8088758,-0.39977586,-0.51124936,-0.7063918,-1.0955877,-1.9657352,-0.62509274,-1.5554771,1.3531626,1.5988258,-0.7687298
Normal_ACCCACTTCAGCAACT-1,-5.7775435,-1.842334,-0.23101833,1.0090607,-1.1492633,-0.47811913,-1.9457651,-0.7488433,-0.73121977,-2.0129266,-0.37032855,-2.643702,0.04323976,1.2460823,0.87217885,0.7673175,-1.3589166,-1.3858422,-0.7475526,0.39520338,-1.1850792,-0.3036955,-0.731144,0.5555717,-0.1810176,-0.20070542,-1.2136092,0.98725843,-1.9281528,0.7305179,1.0886389,-0.62423134,-0.29733342,-0.1361796,-1.8608208,-0.3291242,0.23274992,-1.3037962,0.31268838,0.21017453,0.19499044,-1.392182,-2.3404133,2.5423024,-0.5495969,-0.72497267,-1.646672,0.5460323,-2.6489,-1.1219821
Normal_ACCGTAAAGCCTATGT-1,-2.468355,-3.532576,3.1094348,0.09894584,0.6112272,-5.005242,-4.7642846,1.2436209,-0.06396722,1.8585519,0.43252766,-2.9075377,0.57599866,-1.048221,-0.93337965,-0.26670718,-0.5139395,0.9080008,1.2260526,1.119673,-0.3841864,1.578576,-2.8375294,0.54009634,1.6471859,-0.38674182,-0.20234686,-1.4897913,-0.30752978,0.05423055,-0.7551737,1.9479055,1.4724946,0.13692729,1.4586949,1.4782361,-0.8549566,-0.5507787,-3.2342322,2.7899888,0.45653835,-1.1199543,-2.314426,1.6284716,2.161437,0.6248976,-0.30443895,0.97163814,-0.97359645,-1.180888
Normal_ACCGTAAGTCTCCACT-1,-5.9260817,-2.0457022,-2.566738,0.04259598,0.047391117,0.8180718,0.28096366,-0.39698124,1.8945929,-0.5059174,-0.7209421,-1.7068309,0.97920483,3.1140854,3.9159741,-1.8417256,0.8343464,-1.8249358,-0.89968425,-0.5153481,0.1425806,1.394466,1.5857792,1.4433385,0.7558531,-0.15685903,-1.0332451,-0.1554564,-0.4154896,0.40164444,-0.07184844,-0.4817296,-0.35725182,-0.21744573,-0.29092595,0.9573821,-0.89934725,1.6806623,0.6502074,-0.69764596,0.27499947,-0.7192479,-0.134686,2.3799844,0.013425636,2.1351724,-0.80896336,1.6536863,-1.0814809,-2.12473
Normal_ACGAGGAAGTGGAGTC-1,-5.203798,-3.4827614,-3.2236643,-1.1315227,-0.46889314,0.6268796,0.1725517,2.1734717,-1.1617287,1.4847791,3.418508,0.24878931,-1.6289246,-0.3305577,-0.9708562,2.3620436,0.18920808,-3.1862543,0.0015496238,-2.872954,1.4087236,-3.3808506,2.166445,0.5830559,-0.46799517,1.4269931,-0.9584556,-3.157874,-1.7910618,0.15199524,-2.112993,-1.9148988,2.3714876,-1.5034099,0.6328152,-1.0944926,1.6093472,-0.2810539,1.407845,4.375476,2.3070443,0.91433597,-0.09819219,-0.19333135,0.114406206,2.9415243,0.9163633,0.17927133,4.3832235,-2.2699347
Normal_ACGAGGAGTTGAACTC-1,-6.358737,-0.84839636,-5.0580153,0.0038016506,-1.2766472,-0.011069798,-1.186653,-0.23552932,-1.1209716,1.321729,-0.30516028,1.6860799,-0.38043433,0.37517217,0.8466103,1.5689785,0.4158221,-0.45413595,2.4550629,1.0743728,-0.32287884,-1.5296971,-0.59892464,1.2356294,0.82606083,1.4034551,-2.2321627,-1.4221421,-0.87063926,-1.8555142,1.2955829,0.18946919,0.18824987,-0.270268,0.10646879,-0.8579836,-1.3242785,-2.5376244,0.43926924,2.756624,-2.4603071,-0.873372,0.8545708,1.4118011,2.246327,-1.7070594,1.6176631,0.6856152,1.1326191,0.3760154
Normal_ACGATGTAGTAGGTGC-1,-1.982534,-2.8683424,0.46113405,-0.09815314,0.49097884,-0.92969346,-2.455406,0.06602254,-2.8062398,1.388144,3.0006075,0.44972292,0.4802496,-0.31835896,1.3507075,-1.0227581,0.5041776,-1.9176395,-2.9142194,-2.7978628,0.09625905,-0.5955709,0.25066367,0.90312976,-0.50682306,0.35509467,1.4614561,-2.2707071,-0.05353451,1.1645361,-0.97658205,2.490975,-0.04648882,-0.6609036,-0.022952145,0.012622459,2.0742776,-2.3761332,0.33781767,2.7071183,0.3186708,-1.8619423,-1.2582883,0.18492395,0.5014761,-0.49749988,0.5672128,2.4301507,-0.439364,-0.78801036
Normal_ACGATGTCAAGCGCTC-1,-4.8880987,-2.157623,-1.0301164,1.0891094,0.3388688,-1.1056856,-2.466139,-0.65667033,-0.7276233,0.44126242,-0.5650341,-1.1469959,0.010861719,-0.094658926,2.208918,0.26757342,-0.54764795,-0.4341458,-0.42704168,0.79793835,-0.89898324,0.13338985,0.26939738,0.31039086,0.6246723,-0.5045504,0.3819754,0.92532355,-0.8257792,0.7702641,1.0841514,-0.49852583,0.9711727,-1.003627,1.1709721,-0.043576997,-0.2597941,-2.3035376,-0.14473554,0.2437065,2.5734775,0.9738394,1.4980092,0.4808318,0.30434856,-0.05081807,-0.21730867,1.8379973,0.5185301,0.5389745
Normal_ACGATGTGTTCCACAA-1,-3.1237946,-3.36619,1.4138459,-2.0318348,1.0753416,-1.5952194,-6.4330454,1.9449285,3.180181,-0.14532812,-0.0672768,-1.7392621,-0.4647053,2.0016053,1.4053494,-2.2370057,-0.21222381,-0.82966006,-1.5229278,-0.6543796,1.7271358,0.8680752,1.0627389,0.31397948,-0.29050106,-0.20607737,-0.20981668,0.49144286,-0.36347935,0.06421958,1.204624,2.6446273,0.3782698,1.904185,0.91716146,2.7740107,0.99075663,0.58225846,2.4013627,2.0356877,0.22661275,-1.5602443,1.4542539,3.0624275,-0.78566074,-1.7550994,-1.0190047,-0.7011794,-1.3611976,-1.8703507
Normal_ACGCAGCGTACCGGCT-1,-5.7441826,3.3378012,-3.007029,1.0355211,1.8587216,-2.801142,-0.7172786,0.016387314,2.7453701,-2.897559,0.7133726,-2.32314,-0.27363595,-2.033997,-0.89791614,-1.5312375,-1.0468088,3.8098106,1.8721049,2.8715918,1.3295959,0.9671709,0.15615155,-0.31145608,-0.020530272,-1.4416703,-0.20297769,-1.093014,-1.2908888,-1.2262006,3.2576108,-0.22415951,0.71556675,0.257482,-0.16337243,-2.5731199,1.5282791,-1.524185,1.1480002,0.20593075,-1.5715228,1.4804907,-1.9178611,0.902872,-0.0025744408,0.46859217,-1.2306404,0.17394286,-0.87242144,2.7214596
Normal_ACGCCAGGTGTCGCTG-1,-6.0222754,2.3178015,-3.7468872,2.750725,-0.267335,0.17824806,0.772243,0.09483405,1.7418375,-0.20520799,-0.9714286,-0.1282892,-1.2952493,0.84426945,2.7769272,-1.2175823,-1.6074744,0.5539931,-1.5794746,0.3433785,-0.06450019,-0.27779284,-2.593666,-0.29048008,-0.21925336,-1.2180495,0.30436745,2.725451,-0.2849253,-0.4558247,-0.32292807,0.87213707,1.8526021,0.45833462,-0.7017772,1.7550986,-1.4134493,-2.1040342,0.43499678,0.27666897,0.8895725,0.41449183,-0.16598849,1.3660542,0.16296943,-0.20028208,-0.45759422,1.110157,0.17011559,0.45485002
Normal_ACGGAGACAGTCTTCC-1,-3.8729925,2.360387,-1.7995062,1.6473976,0.23149607,-2.8123567,0.30823475,1.8725442,2.2399719,-1.6029501,0.17576253,-2.147646,-1.8318025,-0.27040234,-0.723455,-1.2534329,-1.0077734,-0.40805957,-2.1692939,1.5345621,0.41865113,2.1351144,0.7218466,1.789262,-1.4176384,0.34336475,0.8755199,-0.22010726,0.15345466,1.2111809,-0.6057406,1.5219076,-0.8624901,1.6912241,1.3161238,0.7106278,-0.9339012,0.10832797,-0.8789001,-0.36407727,0.009495913,-2.301611,-1.0028708,0.022792889,-0.0355601,-1.4622872,0.36084193,-0.47030085,0.3967484,-2.2045033
Normal_ACGGAGAGTTCGTTGA-1,-5.080793,4.0555196,-3.131611,1.6971841,-0.7923733,-0.9114009,1.4149888,2.1928544,1.3504368,-1.0821222,0.8706233,-1.0917515,-2.8643272,-1.2691277,-0.68459374,-2.120686,1.6517413,1.6199611,-2.2956698,2.006375,1.7451308,-0.13176858,-1.1086915,0.9679789,1.7136196,-0.6626028,1.1908263,-1.856613,-2.6192458,-0.15345633,-2.4142418,-0.34771335,1.9636275,1.5636821,0.34372708,-1.0222145,-1.626769,-1.7367775,0.4914697,1.4040234,-0.4292805,2.0435064,1.0539236,-0.42629382,-1.5986396,0.26710683,-3.1721594,1.6692798,1.956577,0.56417215
Normal_ACGGAGATCGATAGAA-1,-2.6798732,-0.8735833,0.53075594,1.3340497,-0.90998137,-3.1861327,-0.9529971,0.1620444,0.85508686,-0.8245336,1.2798408,-1.64425,-2.0514667,-1.3381643,-1.1315488,0.65789235,-0.19717339,0.8615809,-2.6861951,0.22072487,0.17846759,0.24837025,0.4103028,0.5545169,-0.67113245,-1.7363592,1.6652659,0.39954808,0.26944426,1.7049193,0.17731437,0.8089144,0.84105796,-0.793592,0.33239087,0.20802452,1.6541076,-0.608626,1.1821598,0.40711665,-0.12192085,1.099448,-0.7574587,1.5421807,-0.47202474,0.5546276,0.93872887,-0.6036845,-1.5015801,-0.39950684
Normal_ACGGCCAGTGCGAAAC-1,-6.7083006,-0.40826404,-7.5989413,0.76067984,-0.11066398,1.4265848,0.20692162,1.0679011,1.5857825,0.8206053,0.11336236,-0.89430153,4.160125,0.5327462,1.4422023,-1.2257069,0.17294928,-3.8479214,-1.6057826,-5.497051,-2.297725,-1.7076122,-0.14536595,1.6109041,-2.0686955,1.7401255,0.68982714,1.792706,1.8176527,-3.3871193,-0.7621272,-0.20186779,0.73197335,0.19575934,-2.633477,-0.54586935,0.1227098,2.1478336,-0.92400676,1.0974959,-0.8278185,3.2888231,-3.4053164,1.0265789,0.921964,1.025697,0.52527505,-1.5611598,-0.091714956,-1.4539577
Normal_ACGGGCTAGCGCTCCA-1,-4.9404354,-0.38221952,-2.9614584,0.9472973,-1.7294691,-2.1620412,1.352624,0.47543716,-2.235644,-0.37459582,-0.6552671,-0.66658515,0.048259925,0.09084318,0.73753256,-0.01775905,-0.16321595,-0.85516083,-0.054217435,1.2025338,-3.136423,-1.2575074,0.08964567,-0.273514,-0.91430867,1.9752941,2.4363987,0.9361737,0.064059675,1.1412834,0.2944601,1.5792005,-1.644615,-0.44219944,-1.4324734,1.1013075,0.34076282,-1.3753123,-0.43103972,-0.21142921,-0.41469142,-1.3488328,-2.0995207,-0.23362824,0.7005034,-0.2572177,-3.996853,0.8699608,-1.834722,2.0545897
Normal_ACGGGCTCAGTATAAG-1,-2.622451,-0.08913988,-2.8272161,0.9508054,0.048841815,-3.982771,-0.19379897,0.94871193,0.24907166,-0.34990874,2.2523866,-1.2478698,-2.2980301,0.99748003,0.37832412,-1.6325667,1.313234,0.4640585,-0.9534005,1.9577434,0.5118502,-0.1987133,1.8967147,-0.31014264,-1.3935175,-1.12031,0.37334412,-1.0724475,-0.12731715,1.7351103,-1.0330092,0.11896308,1.1084201,1.014939,0.38171643,-1.4229108,0.7522285,0.52178967,1.7387285,0.7816825,0.5448683,0.7214446,0.6232091,0.24606875,-1.5041667,0.26161057,1.5128809,0.51957166,-0.9160569,0.9287009
Normal_ACGGGTCAGTCGTACT-1,-3.215718,-0.35571703,0.08843758,0.61484855,0.8586355,-1.5432825,0.56511927,1.5278881,2.1317778,-3.1486366,1.477342,-1.5217485,0.45191646,0.28177097,2.244656,-1.8499701,1.5948142,-1.2640693,-0.32833686,0.8311927,-0.34457737,0.6323824,0.06738689,1.0204294,0.40354258,0.13009213,-0.76864237,0.42707437,-2.1758778,-1.4329449,-2.7087295,0.28417766,1.0162508,-1.1136729,0.8429804,0.22543275,0.4072956,-1.3386731,1.4181966,0.20586249,-0.84720427,-1.4062568,-0.55411124,2.9450722,0.25980976,1.3074819,1.2721126,-1.3905866,-0.5574291,-1.1640956
Normal_ACGGGTCAGTGGAGTC-1,-4.6463523,4.3642397,-2.3361423,1.9518971,-0.36315203,-2.988606,0.09769231,-0.88029176,1.7296896,-2.067906,-0.13987802,-1.3953177,-1.2169387,-0.51167727,-2.0106585,-4.0687413,-2.2351425,1.9610693,0.12533891,1.4270754,-1.3338118,-0.88247126,0.23391016,-3.306699,0.29621005,-0.6489333,-0.7608993,0.5840529,-1.641648,1.5031283,-0.37010103,-0.4791555,-0.50732714,-0.85629284,-0.22005229,3.4378133,-0.45687795,0.5962714,1.7539737,1.6930215,1.515247,-0.8076812,-1.4373986,-0.28908885,2.0244412,2.1767015,1.2490284,-0.0099928705,0.36952952,-0.22476065
Normal_ACGGGTCCACGAGGTA-1,-12.379095,5.8287525,-14.565225,-1.8731877,0.24410194,17.87817,-9.124983,-7.5440154,14.822825,2.771279,-13.948429,-24.584341,38.938873,-24.622637,-30.778322,-18.456749,13.800043,-30.019747,-0.5217737,0.47275478,5.7783628,0.5815865,1.29881,4.988781,3.237468,-0.7692464,-9.721094,-0.75025004,-8.480037,-3.133551,-1.4434211,-6.8167114,2.8107698,-4.0987964,4.146277,1.9344188,-1.1805553,-6.810505,-5.8989363,2.55911,-1.6458744,2.1480355,2.2135277,2.8351188,-1.4692498,-3.8289442,-0.48564103,3.3262708,-0.025466379,3.526569
Normal_ACGTCAAGTAATAGCA-1,-7.3852973,-0.9693802,-5.0102425,0.7049286,1.0557842,1.3810289,0.26232034,0.40069672,-1.3192748,0.37827107,-0.97623384,-1.6731896,1.564368,3.3061385,0.1741235,1.2555708,0.9700512,0.11889563,0.7814547,-2.4239864,-0.47718668,1.8046148,3.9199748,-0.7642113,-2.1644056,1.0757443,0.33478692,0.5768892,2.8030062,-2.4596424,0.4623874,-1.5491903,1.5036346,0.45370078,-1.9240687,0.3868552,-1.5735564,2.4644072,3.1493657,-2.8009968,2.5407777,2.3342109,-1.2729731,1.1689916,1.1088254,-3.005856,-1.932297,5.996006,-1.5973707,-0.3857293
Normal_ACTGAACAGTGGTAGC-1,-4.8191934,-0.12214586,-4.260153,1.2331865,-0.91923994,-1.3735268,0.046500668,-0.528184,-1.6101444,1.5789597,0.45008302,-0.28205514,0.024865352,1.1131494,1.5124338,0.029678864,0.5818094,-0.74040014,-0.9409935,-1.0550976,0.15818961,0.92864656,1.1797702,-0.8115058,0.98076934,-1.9184242,-0.30663577,2.6160011,-0.6577604,1.0108216,0.38934892,1.8662282,-0.26188582,-0.4135254,0.1116084,0.06304802,0.7986726,0.5012176,2.8830426,3.772943,3.2550514,-1.9957455,-0.6461251,1.2594364,-0.8479618,0.15893218,0.7857186,1.0606407,-0.99275476,-0.5273757
Normal_ACTGAACGTTCGCGAC-1,-3.7836657,-3.1228752,-0.8375893,-0.04898162,-0.45715222,-1.8489902,-0.7527141,0.520659,-0.28757232,1.2633767,1.3746655,-1.1893246,-0.9793303,-1.7050884,1.4369675,-0.13899493,1.3032404,-1.6482185,-2.5822937,-0.47748503,-0.90783614,0.92550445,1.6339356,1.2369187,-0.9689389,-0.69490296,-0.017177353,-0.7787584,-0.37413236,-0.42235485,-0.8619619,-0.22659352,-0.2013767,-0.31823596,-0.7105279,0.12162773,-0.29306796,-0.44921288,-0.22165096,0.2830475,-0.07823991,0.36138606,-1.3315257,-0.3883761,-0.37904945,0.6971359,-0.30532134,0.2489822,0.14047803,1.5635837
Normal_ACTTACTAGAGTAATC-1,-0.867534,8.9175825,-1.7013332,0.52176046,1.9929585,-4.626681,0.9224607,0.1815618,-1.3290193,-1.7145864,0.73465896,-2.5100977,-1.1547625,0.07007894,-2.9323566,-0.5072594,-0.16970187,2.7577703,1.0707102,1.4478996,0.44069272,-1.2124052,-0.0053737084,1.7326156,0.54460055,0.85660326,-0.5083409,-1.8761748,0.6741596,-0.2960796,0.79170185,0.66257375,-1.359555,-1.0200671,-1.8607717,1.4866021,-2.3271399,1.6593426,-0.009614152,0.9005197,1.8083371,-0.72350943,1.7239716,-2.3629327,-1.3114784,-2.7306511,-0.8509535,-1.466097,0.90057606,-1.3298717
Normal_ACTTACTTCACCTTAT-1,-7.3977866,-0.42265537,-5.5696006,-0.27366582,-0.62593436,0.58696127,-0.39706218,0.33030635,-0.5109005,0.21269147,1.753862,0.25144258,-0.18180996,-0.061104607,-1.5212348,2.1946034,-1.180549,-0.34447417,-0.19019124,0.68134534,0.350604,-0.79966354,0.16428208,-2.2733753,-0.5567087,-1.9725595,-2.9815967,-0.19826984,0.907532,4.0563498,-0.42269108,-0.7744434,2.7696543,-0.31337062,1.3162903,-3.1269507,0.9283594,0.45567515,-2.442939,-1.1196448,0.32736027,-2.6784136,-0.41389614,-1.78901,-2.6885319,-2.0770996,1.53175,2.7992954,0.45167404,-2.3359659
Normal_ACTTACTTCCGGGTGT-1,-4.0964813,-2.7847943,-0.54398304,-2.2581868,-0.05831674,2.9018338,-5.3174195,0.36708057,0.48810014,-1.0033644,3.4937916,-2.3004994,2.520477,1.8757999,6.984566,0.5098085,-3.4110124,-1.4152273,-2.8276832,-3.571427,1.3925031,2.9044771,2.8223386,-3.3859518,3.0843766,0.006478622,3.5580206,-1.3105243,0.15725595,-0.008405663,2.4066756,1.8964918,-1.4743546,-1.7476227,3.1763508,1.4072618,-1.0111064,-1.9213136,0.7792428,0.629596,5.1278405,1.5270655,-2.1986237,3.6677227,2.6896365,1.9485025,1.0518674,-0.94478095,-0.22550113,0.007945581
Normal_ACTTGTTAGATGGCGT-1,-5.3884964,-3.3763096,-3.45579,-1.6898229,2.5341125,-3.4854872,-3.6630192,-0.97444034,-3.0871406,-0.16574,1.545173,-0.80781406,1.2971029,0.2926801,1.416841,1.0639577,1.7237419,1.11429,1.858596,1.0549555,-1.0197914,-0.10584087,-2.2069623,0.1550112,-1.7790715,-1.0437521,-2.9910517,1.8467221,-1.759838,0.56136745,-0.8952099,0.5164414,-1.4839598,-0.22176157,-4.118126,1.7987945,2.8631558,1.6303525,-0.74992007,0.04453551,-1.8019578,4.031158,-1.1969209,0.79736364,0.65556705,1.4293623,1.7589898,4.2989855,0.83752334,-1.2737125
Normal_ACTTGTTCAGCATACT-1,-8.0196495,-2.864824,-2.793262,-1.0808245,0.7299289,2.893104,-4.2308106,0.5939714,0.1398384,-2.9324844,-0.1673506,-4.320323,1.9137422,2.7845566,3.7944949,-1.0451463,0.08047444,-3.409492,-0.6600504,-0.25430122,-1.0674294,1.1666275,0.9943407,-2.4040935,0.9436887,-1.1402396,-1.512714,1.408748,-0.50416374,-0.120554484,-0.45525563,2.2483094,0.89430577,-0.5451752,3.123011,0.26303437,-1.8666954,2.4633648,0.739631,-0.5952265,-1.690103,-0.15632862,-1.4660082,0.4924639,-1.4726799,-0.55056447,0.3430334,-0.09305181,0.12795313,0.73338735
Normal_ACTTTCAAGCCAGTAG-1,-7.01954,-0.6019527,-5.8551025,1.4930378,0.10562804,-0.4616198,0.19998336,0.33363882,0.7815342,1.081342,-2.0363593,0.64351124,0.9618894,1.052616,0.06702753,3.426823,0.13127099,-1.363726,1.9043002,-1.4361624,-0.8112891,0.6448071,2.1711886,2.6648397,-2.9030478,1.0388999,0.73544,1.093701,-1.8495574,-0.9137906,1.2425423,-0.05150748,0.53876317,0.1734206,0.6735469,1.0238495,0.4098037,1.2592837,2.619082,-0.2517988,1.7253058,1.0204579,0.9433862,-1.2592058,0.042534932,0.5721061,-0.5080855,1.1856985,2.6069653,-0.5750944
Normal_ACTTTCATCCACGCAG-1,-6.7324257,-0.11715958,-6.6457524,0.5509412,-0.52699333,2.7225301,0.83507705,-0.19210117,0.5750328,3.131052,0.9652046,1.3832814,1.5821985,3.4818187,1.1332767,-0.7558463,-0.48767373,0.7895247,0.3548352,-1.6553355,1.4963481,2.59119,0.78286856,-2.0560915,0.56827855,2.484685,2.2707193,-1.9137526,2.6602893,-0.10278708,2.327545,-0.44142532,3.010391,0.9436581,-0.78294325,0.10240068,-2.7377589,0.15116931,-3.8324938,-2.158327,-2.6627097,-1.6180903,-1.5137517,2.5577095,-1.938279,-1.4323486,1.2376854,-0.31081933,1.3830543,-0.5787324
Normal_AGACGTTTCCGCATCT-1,-1.1776694,8.170466,-1.4733377,0.25127873,2.0301795,-4.1812563,0.1393499,0.3437779,1.6980568,-1.8363624,1.8835193,-1.3289756,-3.1833801,-1.378496,-0.6992309,-0.8139104,-0.82171285,-2.5303235,-0.5507292,2.4514015,0.5197775,0.051646348,-0.24458908,1.0434656,1.4730557,0.82279193,1.4256431,-0.13679439,0.070815824,-0.20139657,-0.19952178,-0.23614159,0.9760778,0.32907718,1.1936045,-2.5794945,-0.14569218,-0.69188577,-0.12839647,2.1558907,-1.1215134,-0.07808717,1.6710907,0.06530539,1.3547875,1.4079294,-0.111206815,-0.93767905,-1.1233038,0.3054715
Normal_AGAGCGAAGACTGGGT-1,-3.988148,-1.2045549,-4.000128,-0.41123486,1.7264484,-2.538601,-2.008572,-0.6342632,-0.09202127,-0.03786268,2.101748,-0.19863881,-0.053576395,-0.08441016,-1.0976112,0.402929,-0.028746443,0.5274933,0.38116995,0.72733927,0.44309285,1.2444458,-1.0280277,-0.37599453,1.0556526,0.20953052,-0.9541322,1.2465307,-0.21442288,-1.7841954,-0.935309,-0.9807963,0.5042552,0.35018808,-0.8402678,-0.11443112,-1.3113321,-0.8935671,-0.4991751,1.0617282,-1.3663144,2.6372633,0.061594445,0.4851084,1.7052569,1.4295081,-0.15717787,-0.9079209,-1.3705132,1.7808579
Normal_AGAGCGAGTAGCTTGT-1,-6.4011784,-4.6178274,-0.5760999,-2.8360422,2.7960052,-1.6980152,-4.9126534,-1.7064552,-2.8611104,-1.8341404,-0.61797816,-1.2332873,-1.8802276,1.172316,-0.20675284,0.7169781,-0.6832926,0.9297813,-1.5318933,0.8957598,0.73414135,0.64050347,0.5841137,2.2692685,-1.1470718,0.4421203,0.21146964,-2.584664,-2.3736458,0.05251569,-2.4261947,-0.046643954,-1.3654165,0.15261686,-1.4469137,-0.7743628,0.6183039,-0.21634263,0.37031606,-2.3064373,2.6870916,1.2755041,0.094402224,-0.8252941,-0.20004827,-2.5899754,-1.4054204,-1.4855175,0.8013485,-2.1451526
Normal_AGAGCGAGTCACCCAG-1,-0.8149727,-3.5478032,0.4420393,0.55677325,-0.7570676,-0.97171986,-2.8729093,-1.0576187,-3.157951,2.1404986,2.6598263,0.7060614,1.9620576,0.66317827,2.3232179,0.43683454,0.29127085,-0.95204735,-1.3838911,-3.6558065,-1.7772446,0.23882988,-0.6804826,0.8235991,-0.9012481,0.5617596,0.31061316,-0.122916915,0.4928968,-0.29533222,0.92239517,-0.3937645,0.75271076,-1.6246411,-0.33992198,0.51596546,1.0394789,0.85057193,0.652619,2.3260787,-1.4789248,-0.2016201,-1.0581691,-0.31464955,1.9831753,-1.1876585,0.31240368,2.5719888,-0.06458844,0.45304644
Normal_AGAGCTTAGCCACGCT-1,-6.8478293,-0.6259833,-3.5936065,0.17533067,1.0048425,0.63731563,1.3909135,0.9607058,-3.0969052,0.8839548,0.54495144,0.6764909,0.06684467,0.45683637,-0.9969815,-0.4072515,0.21399714,-0.14800695,2.2697408,1.2034882,-0.13744618,1.0004127,-0.35383248,0.51330006,-0.5184374,-0.5792646,-1.4272738,0.922612,-0.91594625,-2.5955052,0.36212444,-0.75851625,-0.38570538,2.9729874,-1.3788801,2.9179826,1.5824505,0.41821158,-0.27223545,-3.3562264,-0.5333819,-2.5192766,-2.8076828,0.69759774,2.1257873,-0.39845344,0.9312969,-2.113648,0.70390826,0.35105187
Normal_AGATCTGGTCAACTGT-1,-6.505384,-0.33458644,-3.901498,0.91174775,-0.9510638,0.010178365,-0.25259918,0.28910848,-0.44859675,2.006851,0.6449207,0.03632814,1.2725724,-1.1434897,-0.48862845,2.0019462,-1.016083,-0.389126,0.55499095,0.40063992,-0.1187669,-2.0001442,-0.23778972,0.6112322,-0.89498496,-1.81765,1.7213113,-2.3883045,0.47943813,0.14185385,0.758635,0.4115443,-0.842472,-0.6571723,-0.57007855,0.7447079,-1.0080785,1.393685,-0.10482923,0.1483374,1.4552712,-1.6146282,2.2067618,0.5050425,1.9468592,-0.73932457,1.9646909,1.3861631,1.4773337,-1.3833336
Normal_AGCAGCCAGCGCTCCA-1,-2.7542443,2.9162054,-2.1246822,1.1130757,-1.2015727,-1.7559919,0.0032640365,0.00441603,1.7482418,0.83907527,3.4254012,-1.0967166,-0.0716812,-0.7628375,-0.4484244,-0.76800233,-2.1645377,0.6652124,-2.5063765,-1.6636529,0.43495494,-0.2810956,-2.2565806,-0.7711309,-0.2781813,-0.46811345,1.700224,-3.0991426,-0.94340867,1.6998117,1.252102,-0.3911551,1.377906,-1.3855901,0.68377924,-0.9194782,-0.15926006,-1.3781987,1.2975583,0.35713053,-0.31545898,-2.9559848,-1.1640629,1.106624,1.6413962,-0.59091014,-0.21633077,0.8389977,-0.9095485,1.5493652
Normal_AGCAGCCAGTCATGCT-1,-5.7271194,4.2973037,-5.6874366,0.012851464,1.6133004,2.4818392,-0.5143612,0.49030748,5.4589715,-1.0460452,1.3072145,-1.9646881,0.19890355,4.6382656,5.4930778,-2.3800018,-1.6947464,-1.7643327,-4.195544,-1.320946,-2.1454437,2.0114088,-0.5360264,0.16975217,-1.7746089,2.903044,2.1013854,-0.412078,-0.8766278,-2.052683,-0.9165599,-1.1685011,0.17886393,0.9712381,-1.8720562,-3.8850281,-1.5218198,0.91869473,-4.8204474,3.4619217,-0.28418648,1.937244,-0.7233563,1.5039117,-1.2084464,0.61972654,-0.3359684,-0.39462394,1.3368722,-1.202317
Normal_AGCAGCCCAGTGGGAT-1,-3.8176007,-1.9996784,-1.769801,-1.3952118,1.1122334,-0.9389583,-3.7662473,-0.3501846,0.19426033,1.3205956,3.999115,0.42292,-0.31512812,0.8225497,0.7336392,2.1513286,-0.6115229,-1.3690778,-2.1746478,-1.2283056,0.31826484,1.1989586,-2.042199,-1.2172749,2.14234,0.16554227,1.6392739,-2.9251616,-1.1531494,1.3390983,-0.28085348,1.4112825,-1.5985711,1.5574812,0.025467154,-0.10756911,1.3816906,-0.061290238,-0.2523913,-0.2157919,-1.9723012,-0.9876439,-1.3191017,0.6765929,0.32704663,1.1482917,1.8512732,3.0196652,-1.4488697,0.7599753
Normal_AGCAGCCTCTCTGAGA-1,-7.229505,-3.409543,-4.7170277,-1.5459708,0.64749604,2.9960308,-2.9401217,-0.41889185,1.4335654,0.03427882,-0.6159547,-1.5238172,2.2969806,-1.0543649,4.3482633,0.09605856,0.08278776,-1.4150467,-0.5398068,-0.29757538,-1.3004285,-1.8109461,1.2041519,3.1930397,-1.2828306,-2.3313253,-0.09292169,-0.15117879,2.8507957,-2.3487802,2.8668454,0.67610854,-0.43446916,1.1566144,-3.494254,-1.2296101,-0.86496717,-1.0829413,3.5800495,-2.6721773,-1.9284377,-2.4620159,1.0925436,1.9837871,1.2303793,-1.6431926,-1.5715698,1.4100585,-0.042664554,0.067780726
Normal_AGCATACCACCACCAG-1,-4.4981055,4.9558005,-3.0399456,2.8251479,-0.94536144,-4.2105856,1.8486978,1.2945693,2.338934,-5.352796,0.11948016,-2.8225486,-1.2180089,-0.8214151,-3.0496504,-0.8547944,-3.4519312,3.864372,0.98788637,0.3017605,-1.7830684,-0.41649884,-0.68797976,1.0408365,1.7661868,1.5902089,4.1332603,1.0760872,-0.00933053,-3.3363664,0.7770104,-2.5460696,2.1998677,-0.19635049,1.4164242,-0.31858072,4.1790457,-2.8199701,-3.3013802,-0.37425622,-0.5997852,-2.0767822,0.7504883,0.25957888,-0.7917351,-4.4254985,0.12866804,3.372238,-2.932579,-1.3906652
Normal_AGCGGTCGTCCGACGT-1,-3.4591894,3.1783235,-4.4440317,2.1737356,-0.8388135,-2.5479715,1.9026004,3.307559,0.9655743,-0.43319812,0.41417766,1.3854805,-0.4615958,-0.5485739,-1.8118598,0.3202866,-1.8411176,1.0748717,0.6419622,1.8448695,-0.054389276,-0.8369548,-0.6606906,-0.25682738,-2.6893034,1.1856815,0.86420786,2.5049832,-0.4001383,1.2210269,1.1674268,-0.85912174,-0.73307633,1.0681857,-0.70281786,-1.2196512,1.6846056,-0.24837336,-1.9580607,0.3506459,0.04527579,-0.46136135,1.0698295,-0.70297307,-1.1757088,-0.25731695,1.3034406,-0.34394744,1.5838894,-0.47185516
Normal_AGCGTATAGTGGAGTC-1,-6.6045947,-0.8746747,-5.4331245,1.9291565,-1.4388474,2.220998,1.1834084,2.6453404,0.080303475,1.834349,0.20430113,1.6373097,0.9181124,1.5149003,1.3789543,0.4978795,-0.10812596,-1.5080494,-1.5702988,-1.7559686,-0.007974096,-0.90234095,0.80796736,1.406372,2.143017,0.16017646,-0.42242646,2.425729,-0.45930412,-0.40131822,-1.0447929,-0.06382934,0.7881927,-1.2590761,1.6596085,1.6594104,-0.69276136,-0.90136284,-0.26350826,-0.19569972,-2.006223,1.6647627,0.19841169,-0.9096022,0.3546584,-2.1638868,3.617441,-0.17202343,1.2667826,-0.39282328
Normal_AGCGTATCAGTCAGCC-1,-3.975441,-0.1895875,-0.84090525,0.7278965,0.88552845,-3.1302855,-0.578956,1.4967208,-1.146318,-0.6170466,0.32585952,-1.295334,-1.6034805,0.0014898016,-0.9646252,1.514041,-0.11276042,0.7053321,2.163039,1.433911,-0.10371691,-1.0972055,-1.0289813,-1.3041242,-1.867398,-0.044719286,-3.715984,-1.3245448,-1.6302282,0.7372016,-0.17531186,2.434999,-0.7513848,0.604056,-0.8574166,-1.8616338,-0.17387149,-0.5022262,0.0029775128,-0.5298279,-0.060067672,2.1590679,-0.00045575158,-1.830102,-1.6660452,1.1828674,1.502758,-0.88304543,-0.1584329,1.403406
Normal_AGCGTATGTCAAAGCG-1,-5.0586905,-0.7191122,-7.081732,2.6796916,-1.5413133,0.8628725,0.5406243,1.6122025,-1.0032513,2.7579362,-1.3674648,0.6281384,0.61864275,0.38025653,1.7074105,0.72828436,0.91407156,-1.1923846,1.1962743,-1.497999,0.30814853,0.41497713,0.6949432,0.75300163,-1.2856414,1.7967079,1.7577337,0.5859246,1.3264574,0.086688764,-1.0734508,3.6404352,0.13394183,-1.215935,1.1005672,1.4128599,-0.60909367,-1.346325,-1.5133889,-0.5154844,0.19595948,1.7579758,1.576914,-0.7281774,0.2449506,-1.2112967,-0.07466133,0.75720185,-0.16066074,-2.0030231
Normal_AGCGTCGGTTAAAGAC-1,-3.4013712,-1.4987987,-0.15400857,1.7826731,-0.57733023,-1.9842607,-0.24539432,1.4734302,0.5300977,0.10101584,0.18168752,0.4320717,-2.0287275,-0.35930124,-0.22948547,1.3643931,-0.9570681,0.94715685,0.9859994,4.225916,-0.2270224,2.3090217,-0.6257176,1.3679899,-0.22817957,-0.73777384,-1.2928436,0.19401132,-0.32569432,-0.25629392,-0.27252296,0.3812226,1.7041588,0.65741414,1.2611947,-2.2403436,0.008699593,-1.2170901,-0.7409496,-2.2124162,0.20958897,-1.7404857,0.05117053,-1.3944069,1.6931978,0.7272842,2.8418999,0.6492602,1.396756,0.7446863
Normal_AGCGTCGGTTGTACAC-1,-4.9544363,-1.4139148,-4.7220306,1.4547439,0.3700318,-1.2733059,-0.16134627,-0.57270867,-0.61829764,0.87203866,-0.1643149,-0.9784784,-0.16398208,0.80852073,0.7043991,-0.5768731,2.7110255,-1.2005204,-0.41217697,2.8665307,0.02669426,1.0165976,0.23156127,1.2620682,0.01846896,0.86653686,-1.0622393,-0.12903774,0.5426784,-1.2483715,-0.38241544,0.6527941,1.2070764,-1.459972,2.1010518,-0.46223328,0.99183387,0.67688966,0.13850583,-0.3662412,-0.6239111,-1.1115606,-1.3995253,0.1635862,-0.48760623,-3.1881351,-1.5145522,0.3527005,-1.9405131,1.827339
Normal_AGCTCTCAGCGATAGC-1,-1.8293204,-4.2391005,1.2753919,0.49073896,0.40332696,-5.8497696,-0.962325,0.55997056,-4.553306,-1.0747173,0.45396823,0.94758546,-3.3713238,-1.7550241,0.6093156,-0.62655807,2.7556791,-1.9855657,-2.9381826,-0.43931442,0.24814065,0.9252888,0.3827082,1.5698638,0.980308,2.0116534,-1.9038684,-1.0520009,0.9874596,-1.5469123,-0.70753175,-1.9124985,-1.5710452,-2.8978846,0.7833954,1.362288,2.4290843,-0.15286201,-0.9142885,0.08445737,2.0371647,0.14908743,1.5521097,-3.4800854,-0.31506008,-1.4722677,1.0326977,0.24744046,1.9996563,0.31227484
Normal_AGCTTGATCCGATATG-1,-5.7293115,-1.2194879,-3.74819,-0.4982705,-0.28086224,2.7983303,-0.5120356,0.93768615,-0.7530061,1.6760558,0.39681694,-0.041661415,0.5264475,-0.5996063,-0.8194497,4.4410954,1.4222716,-1.0392976,0.29484296,1.8797067,0.4981305,-0.37939447,0.40878627,1.69724,0.8824459,1.5862409,3.8116744,-1.2370746,3.5005486,1.091144,1.1818684,-0.88882667,1.6755263,-0.35181126,-1.299327,-2.0512185,-0.884056,0.1795708,-2.159588,-0.506189,-3.3634717,-1.248995,2.5410285,1.4635458,-1.6791269,-1.2788203,-0.041217566,-2.086421,0.3554661,-0.16589773
Normal_AGGCCACGTACGCTGC-1,-3.1563442,3.1733422,-3.09798,0.8659213,-0.17231572,-3.5747695,0.1788211,1.4197149,1.135197,-2.2501879,0.9856416,-0.70635355,-2.839542,-0.44533452,-0.12812665,-0.02099539,-0.2761138,0.631066,-0.11997346,1.6685135,0.52541214,-1.6228849,-0.24092369,0.4495077,0.01606191,-1.6509131,1.0583571,-0.2920348,-0.5105493,0.6025385,-0.9462076,0.36110577,1.3860829,1.3731347,-0.11863917,-0.037403803,0.66707736,-0.20396768,-1.0683078,0.32983834,-0.19113111,-1.3079214,0.62940526,-0.4120287,-0.5005005,1.2077401,1.0750526,-0.50772405,1.9702357,0.28810623
Normal_AGGCCACTCGTAGGAG-1,-6.7943215,2.3248854,-6.403203,1.7704612,-1.9265661,0.8719492,0.8698005,-0.5863613,1.0141169,3.216993,0.43090707,3.70266,0.21637177,-1.3570112,-3.6375468,-0.82365984,-1.5777982,0.32877472,-0.6907875,0.40681365,-0.03293366,-4.3965483,-2.092601,-1.4367919,-0.7095605,0.12066507,0.42833233,-2.1351016,0.4686527,-0.87191606,1.3947155,-0.7829862,-3.4253736,0.012027603,0.3596146,-1.0974594,-0.62725794,0.026906444,-0.5189421,0.5098239,-1.6623974,-2.1026924,0.0933569,1.5183475,-0.92764497,1.8857352,-1.3160518,-0.46033055,0.25694126,0.39943284
Normal_AGGCCGTAGTACGCCC-1,-3.3700693,-4.7047863,1.5506494,-0.066234775,0.8444418,-2.602395,-3.5213954,-0.38088048,-2.4114308,-0.5672144,0.27223516,-1.1090957,2.0277941,-1.6392506,1.8125137,-0.14125888,-1.0278463,-0.049722817,-2.7933557,-0.5585206,0.41627333,0.9048147,-1.7231956,-0.07378194,-0.087257154,2.358031,-1.4708529,0.20147982,-0.06472204,-0.5674159,-1.2672784,0.94910055,-2.2437038,-0.42670795,0.35386133,0.8825128,0.91829824,0.030938242,-0.2948735,1.1836463,0.3699637,-0.9529546,-0.062907115,1.7492228,-2.0528765,0.08128326,0.014457637,-0.79058444,-1.6638256,-0.7108069
Normal_AGGCCGTCAGTCGTGC-1,-5.8663893,-2.1097445,-5.6171975,0.80097395,-0.3203652,-0.625644,0.11379665,0.3477717,-1.169739,3.074034,-1.5018854,1.6106791,1.1975516,1.1865971,-0.8316417,2.032996,0.63750505,-1.723547,0.36486393,-0.450704,0.4271348,-2.0496674,0.39703107,1.2238303,-1.2622428,-0.81518173,-0.5207004,1.0271007,0.69060755,-2.1584795,1.7411002,-0.97897804,0.1635951,1.882906,-1.2337507,1.1596736,-0.2564145,0.50762564,0.15131378,-1.8761597,-2.6272259,1.6993983,-0.8327752,-0.7014275,2.662252,-2.4220936,-1.2338822,-0.6614401,-1.6654899,0.32350385
Normal_AGGCCGTGTCAGCTAT-1,-4.682704,-2.508537,-1.3476697,1.6562189,0.1021301,-0.9753173,0.09915145,-0.5714044,-1.7544769,1.7548903,-0.9876258,-0.17906523,1.0666416,-0.5304608,-0.54718846,0.09300698,1.4601734,-2.372797,-1.3538185,0.8127588,0.4964344,1.8844829,-0.76258445,-1.4729875,1.2723285,-2.386008,0.7293554,0.46604532,1.4670423,-0.766193,0.60614234,0.56662816,0.74969214,0.2516291,0.6886641,0.4722521,2.0048294,0.92512536,-3.1093073,-0.19690171,0.94377875,0.24586233,-0.1683983,-0.09735836,-1.15201,0.13122086,-1.3400099,0.3910173,1.6966875,1.9073375
Normal_AGGCCGTGTCGCATAT-1,0.5637244,-2.9668782,2.9203525,-1.7879606,0.8232065,-2.2053776,-6.5161366,-1.5272863,-0.64837104,2.4932094,6.8012233,-0.55379486,0.9996687,-0.21308626,-2.165419,-0.41265544,-0.94499886,0.30685028,-2.5528512,-0.76497877,-0.62321603,-0.324905,-1.5752741,-1.8803737,0.60795176,-0.6316239,0.8832141,-1.2432413,0.3347983,0.17663339,-1.4393325,1.282666,0.1829982,-1.7315867,0.3853981,-0.057444103,1.943768,-0.651503,-0.71179533,0.46127695,-0.22465296,-1.3468516,-0.891408,1.0528141,1.4602518,1.3830148,-0.32002258,1.3235067,0.13691147,0.794626
Normal_AGGCCGTTCGGACAAG-1,-3.4224982,-4.343164,1.7798189,-1.371404,1.3087188,-2.6515267,-5.4443307,1.284316,-0.3043072,0.07115443,2.4197028,-0.69527316,-1.7191767,-0.19348505,0.3243204,1.8864112,2.0350935,0.03295425,-0.006695296,-0.55486184,2.154312,1.0755644,-0.8769124,1.3508265,1.5598319,1.887445,-0.9410965,2.5715375,-0.41313472,0.47553083,-0.21053152,1.9055934,-1.9725274,0.5245961,-0.3355966,1.7871932,-0.00053103245,0.62525845,-0.16495368,-2.021847,-1.282815,0.3026602,0.29405698,3.1285527,-0.22040887,-0.31401372,1.7370294,0.65472144,-0.58136463,-1.8846725
Normal_AGGGAGTGTTAAAGAC-1,-4.3566647,3.535729,-3.7616065,1.1855991,-0.9893437,-1.6310841,1.9593394,0.82474047,-1.3575467,0.19754124,0.14115891,0.4312393,0.060514264,-0.68218845,0.3748337,-2.3908672,-0.34935462,0.5240883,0.63399804,-0.004946685,0.5866913,0.4342788,1.4758388,1.3155144,1.0460256,-1.0919827,0.9659669,0.39754504,0.49463996,1.4220742,-1.0174538,-1.600859,-0.4351258,-0.23739061,0.057229754,0.1839504,1.7820544,-1.6647468,0.59074295,1.8934851,0.74822736,1.5311412,-2.0732372,0.32615143,-0.5181571,1.1292989,1.5403726,1.0123602,-0.029633502,-1.9653491
Normal_AGGTCATCATTCCTGC-1,-4.379374,-0.5456893,-1.9228953,0.358322,-1.6519856,-1.0538749,-0.34088895,-0.665415,-0.6856943,-1.5381374,0.9958319,-1.377143,-1.1772887,1.8163698,1.640921,0.7859553,-0.05187219,-0.70552546,-0.004002189,1.2311511,-0.71867794,0.74988145,0.6244506,1.18963,0.51213515,-0.93691266,-0.98378515,-0.1540834,-0.22486646,-0.516608,-0.22196148,-1.8350184,0.9945628,1.1879879,-1.0314116,-0.7091069,0.42220008,-0.31441787,-1.7606485,-0.19181335,1.4984317,0.85901994,2.0724425,0.94537264,1.2572647,-0.09166757,0.34129956,0.85367894,-0.4254668,-0.0406191
Normal_AGGTCCGCAAGCTGTT-1,-4.4221234,6.1827826,-3.558423,1.0198101,-0.38591275,-3.9183989,2.0977278,-0.059889387,0.82934976,-1.3412851,0.57666576,-1.5387568,-1.3510728,0.022490885,-0.09566416,-2.5286248,-0.8624934,-0.22474638,-2.1246743,1.3805068,-0.3519984,0.23025167,1.3999921,-0.27452245,-0.38448107,-0.95777637,0.8020241,-1.254019,-1.488181,1.423988,-0.47168714,-0.6149793,0.0020688581,0.6320105,-0.8403904,-1.2693259,-0.46797293,-1.6564587,1.0622987,0.11812323,-0.7499057,-0.6545966,-0.31754273,-1.2325616,-1.0087019,1.4538829,-1.4109262,0.6946294,0.49582458,1.9020008
Normal_AGGTCCGGTTAAGGGC-1,-2.0186865,-5.1727343,2.5377862,-1.5361185,1.4739434,-3.216185,-5.825357,0.26099417,-0.48083213,1.3733809,3.9795666,-1.143614,0.40377894,0.44304678,1.1669023,-0.17204453,-0.49315512,-0.7879667,-0.5391197,-1.7572856,0.026454704,0.99113166,-1.1145684,0.19578286,1.6329179,1.5459902,-2.2680633,-0.17995661,-0.94041675,0.11315894,-1.812201,0.57310843,-0.9878933,-0.4547306,-0.033853307,1.1305494,0.6185313,-0.572861,0.81007457,0.3183297,0.87188417,-1.0656754,-0.6208218,-0.4373406,0.4545158,-0.3853935,0.53653896,-0.6208485,0.12281951,1.1719927
Normal_AGTAGTCAGAGTACCG-1,-6.939896,1.7996906,-6.255323,1.7852097,-1.449686,1.6959845,2.9544415,2.0935693,1.033715,3.9252996,-2.37027,4.0953493,-0.0012718987,0.05548915,-3.5258157,-0.5465941,-2.1471722,-0.60539174,0.48068723,1.1492008,2.118494,-0.44990957,1.6647856,-1.4974655,-0.546095,-0.5724926,1.3463278,-1.7449653,0.49609965,0.5507708,-0.60668963,-1.4285011,0.912407,-0.59715164,3.9928284,-0.3719612,0.14597467,-0.9169884,0.0033315606,-0.45820543,-2.1290267,1.5689514,1.3938506,-0.44422948,1.4000362,-1.2147886,1.3098513,-2.0697336,-1.216022,0.34126922
Normal_AGTAGTCAGATAGGAG-1,-5.810341,-0.67269015,-5.432997,2.3750322,-1.0798148,-0.83820045,1.5463694,1.1321477,-0.11337516,0.7065429,-1.1205043,1.9723796,-1.7370623,2.1664352,-4.6981907,-1.144272,-0.7963009,0.11410228,1.9268026,2.3596082,2.075736,-1.7575564,1.1856501,-0.94597113,-1.2535633,-0.18169123,0.39854214,1.5721005,-0.68340683,-0.16146518,-1.196608,0.2608423,-1.3074731,-2.5749495,2.1913903,0.16079135,0.98987556,-1.5303936,0.8328413,1.9297576,-0.8056609,0.9875688,-0.96231055,2.3135755,1.918472,-1.7949206,2.8871326,0.2362556,-0.012112905,-0.6313985
Normal_AGTCTTTAGACGCACA-1,-4.426903,3.323268,-4.296757,1.9024748,-0.376168,-1.2368736,0.83280456,0.17018762,0.48682973,-1.8209255,-0.35438392,-1.7377683,-0.40697467,-0.23037453,1.1417335,-3.0086408,-0.75005573,-0.4201725,1.2116599,0.24596527,-1.8925363,-0.011419633,1.6955923,1.7244971,1.9128428,-0.50080514,0.45355225,-0.14586107,-0.59523493,2.5340533,-1.6817541,-0.681782,-1.9251761,-0.48057276,-0.07593193,-0.041809116,-0.4147905,-0.46605283,-3.6006472,1.1543063,-0.7852615,0.17440493,-1.1354983,0.3590373,1.2190672,1.6005485,-0.71657,0.91466206,1.3467689,-0.6117081
Normal_AGTCTTTAGTGGTAAT-1,-8.610092,0.81808525,-8.407348,-2.3647015,3.6515179,3.3429036,1.1658194,0.31271672,3.840757,3.009581,0.5711948,5.8643794,2.7143323,3.4275396,-1.3606361,-0.9074347,-1.1482258,4.95802,1.5250065,-3.5835023,-0.38821062,-1.5756572,1.1319374,-0.8706232,-0.84928024,2.5389764,-0.16878247,-0.26744795,0.83919877,2.9449244,2.5301151,-4.168832,-3.1372516,-3.4012303,3.9424207,-5.1805224,5.549734,5.350932,-4.327193,-6.287276,1.4674555,-0.35963184,-1.0625916,9.296823,-1.3753543,0.019358383,3.7160182,0.8796426,2.0256517,1.147661
Normal_AGTCTTTAGTTGTAGA-1,-5.8773828,2.5858934,-2.814725,1.3572775,-0.75305337,-1.5863618,0.77108,0.089472726,0.12654835,-0.7040348,0.22461984,-0.38190308,0.19948746,0.30415234,0.68500936,-0.89369863,-0.96590877,1.1054642,-1.1455827,-0.1168559,-0.96225995,0.12678412,0.35055655,-0.5430294,0.41789582,-1.0647331,0.4002281,1.4654177,-0.21343483,-0.07556853,-1.4652276,2.4116251,0.4123439,1.0811869,0.8648797,-0.7968546,-0.4448612,0.9177827,-0.25331005,-1.3875757,-1.5217297,-1.5027405,-0.47365266,-0.51153475,-1.9819266,-0.3911081,-1.7090576,-0.12823837,1.0150739,-0.65631574
Normal_AGTCTTTTCGCGGATC-1,-6.2033114,-4.974752,-0.91160285,-1.3913381,1.9739875,-0.28974986,-3.7303126,-4.26682,-5.35516,0.5093121,-2.3426101,-2.2732472,2.9042153,-0.3618609,-2.144725,3.330364,1.558223,2.7137825,3.2060614,2.804114,2.0324817,-0.6802258,0.47950074,-3.612163,-2.4260907,0.8060571,-0.97696185,0.5071939,-1.1473248,0.3876483,-1.2616712,0.53491455,-1.2294718,0.39133215,-1.6401101,0.55109394,0.70340735,4.9759135,1.2135065,-2.4129915,-4.2472954,-0.8984504,-0.3088015,-1.4540309,2.1359155,-2.0509477,1.2220248,0.069864586,3.1601286,-1.4619944
Normal_AGTCTTTTCTTCCTTC-1,-5.0936623,-1.5873605,-4.013935,0.6376336,-1.3744297,-0.6044127,0.4121134,-0.09570087,-2.1639214,2.0154347,1.1150235,1.2849816,1.2015276,-0.7486377,-1.1226552,2.1362946,-0.19662489,-0.77964944,0.84406585,-0.40772545,-0.7986825,-0.5919881,-0.70002073,-0.90347666,1.1516166,-0.18180303,1.2952487,0.5651938,0.86509633,-0.815622,1.7967908,1.2948053,-1.1416734,-0.19882275,-1.5575694,-1.223221,0.40156242,0.18952028,-0.30394417,-2.135189,-0.54465747,2.440683,-1.9935168,3.0519824,0.15673247,2.7958179,2.0605233,0.519042,0.377289,-1.7271919
Normal_AGTGAGGCAATGCCAT-1,-8.104915,-7.1771774,-2.7179594,-6.805999,8.821651,-4.17073,-6.6197624,-6.2427354,-8.8363285,-10.089779,-12.632514,9.5064945,1.6062558,1.394834,-10.895061,3.1570225,1.1637051,13.716046,11.981956,-15.571938,-6.6710978,-8.466859,4.3143744,15.455581,11.730324,10.351083,8.994023,4.882924,-9.199231,-5.5105577,-3.4157069,-8.671022,2.1266212,2.530731,8.9802885,4.5298553,17.153986,0.12984876,4.171511,-2.7405987,22.452463,-7.3952003,-3.3890288,7.990601,1.8294381,-4.80338,2.820297,-1.0021738,-0.5229515,6.975708
Normal_AGTGTCAAGTCAAGCG-1,-4.7172985,2.7700815,-4.2968082,2.3414147,-1.6953264,-1.0133712,0.43799627,0.65538234,1.254769,0.37250957,-0.07850137,0.2968261,-0.7866477,-0.6681928,1.0094527,-2.3409436,-0.34992978,-0.033829775,0.27617842,2.0568478,1.1631776,2.355085,-1.1375293,0.19774841,-1.7862616,1.6782786,0.92216486,-0.39128157,-0.691049,-0.13780604,1.2266946,-1.3473036,2.0301292,0.97141117,1.1003071,-0.7512604,-1.266434,-0.7604,0.6998884,-0.20349911,0.9052172,0.43482295,-0.5697382,0.008706243,-0.8248986,1.526105,0.48658785,-1.0728344,2.1845322,-0.11389919
Normal_AGTGTCATCTAGAGTC-1,-4.340849,-1.102905,-3.8969958,1.988567,-1.1491363,-1.6450365,-1.153623,-0.4017155,-1.8909149,1.2888566,1.4491299,-1.1331415,-0.055394687,-0.054158565,1.7891262,2.0939844,0.7539702,-1.0371798,-0.9615352,-0.009572935,1.9467689,-0.066146806,0.85738844,-0.13071749,0.2954984,0.5209826,0.7118914,0.075668186,0.5719421,-2.420788,1.9130604,-1.474993,1.5087197,1.1110506,0.5632011,-1.4929546,0.34529585,-1.2615788,-1.8685104,0.23771784,0.017258499,-0.59650993,0.7963632,-1.5399482,0.5051441,-2.4806104,1.0314722,-0.88967514,-0.23345436,-2.1284027
Normal_AGTTGGTGTACATCCA-1,-6.118347,-0.42672455,-4.0472145,0.7127913,-0.112663895,-0.06614424,-1.3058844,0.9459914,0.87723553,0.7152431,-0.06652172,2.0341332,-3.6518836,-0.6202448,0.1638754,0.10738101,-1.2000151,1.2356566,0.6605387,1.1176059,2.145006,0.11986129,1.525515,-0.9996818,-2.2032533,2.0464373,1.3647186,-2.3395007,-0.58149534,-1.705589,0.52292824,0.28965187,-1.2764494,0.8993548,-0.732626,-1.0629985,0.24852073,0.17812681,0.7360601,0.23487353,-0.0145890135,0.36026403,-0.054362018,-0.2920417,-0.7351192,-0.3823123,2.1530576,-1.2110143,1.6435443,2.0344942
Normal_AGTTGGTGTCTGGAGA-1,-6.26082,-1.2343844,-4.753448,0.7079835,0.65882444,-2.0765195,-0.8781682,0.012491302,-1.0972185,0.6059154,0.48550028,-3.7083123,0.053972814,-1.3623453,0.73054546,2.4222953,-0.14860085,0.48059028,0.8192723,-1.7967932,0.37619695,-0.80668026,1.41535,-0.5927377,0.24698664,-1.254028,-0.41978988,1.4353223,0.7675353,-1.4989369,-1.6832517,-0.49985704,-2.1927497,-0.7133308,-2.444562,0.9099596,1.0096253,-0.6037985,-0.99686766,-1.2518362,0.29925638,-0.04926652,-0.20244215,1.2622155,1.8488345,-0.91202134,0.2830741,1.9184145,0.013063206,1.445188
Normal_ATAACGCAGTCGCCGT-1,-2.6388843,1.2258761,-1.2137964,-2.9813037,0.33266264,1.5680742,-5.139831,-1.6511966,0.117350064,2.6066716,6.566509,-2.213398,1.1849549,-1.085295,0.39085045,-1.1447046,-0.9977015,0.9320682,-2.5312479,-4.0682993,0.15033267,0.5750056,-1.1238524,-1.0162433,0.88626415,1.9090402,1.8826755,0.42209324,0.16111869,3.0636861,0.38635263,-0.23793408,0.9328334,-0.16142973,0.81699127,-0.64242494,0.30074993,-3.6005845,1.5747515,0.6286839,-2.4541843,-2.265804,-0.11240551,1.9991546,0.56067365,-0.5915566,-0.936262,-1.0926968,-0.6182676,1.7134858
Normal_ATAACGCCAGCGAACA-1,-6.077553,1.2865286,-6.432841,-0.24223752,-2.5205023,1.3180847,0.68404883,0.9628991,-0.80562294,2.7462838,-0.06667441,3.0579233,3.4062793,0.7753369,-0.32140958,1.356588,-0.13990872,0.16031462,0.0057041016,-1.4284341,0.88172203,0.10054629,-0.20265569,-0.85582346,-0.7962512,2.1855254,-0.53140116,0.2799327,1.3676499,-0.5841283,2.104875,-0.14990386,-0.2852991,-1.8648777,-0.6939158,0.4045396,-1.1098976,0.3822013,-0.0060491404,-2.6254866,-0.9575341,0.67963386,2.5589433,2.567314,1.5132817,-0.28102067,0.066844225,-0.92093325,-1.7979832,0.7176894
Normal_ATAACGCTCTGCAAGT-1,-4.502359,-3.5383146,0.33488238,-2.0884013,-0.6104823,-0.5935024,-4.4267917,0.49094874,-0.34324917,-0.7912617,0.5545962,-0.4417253,1.199944,0.6197557,1.4127954,1.0990177,-0.4116311,0.25016287,-2.3209715,-0.37736768,-1.4743696,0.7469182,0.53077286,2.3449087,0.98513585,-0.6694645,-1.340919,-0.43514666,-1.9794707,-1.299849,3.6578715,1.366346,-1.3730222,-1.6335188,-3.1766045,0.058482643,2.8935595,-0.4326787,0.2950489,2.4619086,-0.67786705,0.79489446,0.8838298,1.7064859,-1.1063284,-0.037472785,-2.7973146,3.5562685,-0.8263104,3.5989287
Normal_ATAAGAGTCTCGAGTA-1,-4.2467504,-3.3561764,-0.5995476,0.20286961,0.04774168,-2.8063211,-2.933918,-0.91538876,-0.4979564,0.52306575,1.6742032,-0.7976077,-0.16401173,-0.5840557,-0.11431718,2.4810023,0.020766694,0.5627469,0.2716887,2.088216,0.028143244,-1.4202191,-2.1545982,-0.009931312,-0.29060623,0.5300637,-1.804094,-0.21424666,0.5190022,0.66019565,0.0631713,2.1492817,-0.7022435,1.2587389,-1.2543185,0.20521188,-0.061972525,-1.5986998,0.76620305,0.0446216,1.1683543,0.7676951,0.67027557,0.75967187,1.3195616,-0.62377346,1.5994614,-0.8137158,-0.9795799,0.84376967
Normal_ATAGACCGTCGTCTTC-1,-7.953187,-15.270391,-1.7491198,-22.733366,38.244404,-6.3840795,29.652563,1.3813558,5.6969676,5.459433,5.9443574,-2.624071,-0.9241494,-0.07289569,1.42778,-0.8347013,-3.5096474,-9.994643,-1.5341089,2.6685133,6.720761,9.982326,-12.120659,-3.6678107,4.9052243,-16.347775,0.88381,8.443352,-10.186303,16.843405,25.808159,-4.732334,-0.052288402,6.821459,7.4151936,-3.3668225,1.7160448,-3.5580387,-6.9835324,-9.398252,6.8480453,-4.1647496,5.3483644,3.6754146,19.880995,-0.6128925,-3.4095187,-12.411661,2.9880934,-6.0800185
Normal_ATCACGAAGTGTGGCA-1,-5.962985,0.05700665,-3.7943745,1.6370561,-1.7983255,0.36911047,0.108472295,0.9192164,-0.03892446,-0.48586518,-0.038472813,-1.6916841,0.46395573,-0.8653652,0.5106532,-1.1317346,1.7002895,0.14558111,0.4643126,-0.9168601,1.2555933,0.9095593,0.4595979,0.26984727,-0.64690495,1.2950325,-0.24794519,2.2740643,1.4801601,-0.37047023,-1.2045434,1.2353002,-0.07062113,1.1802995,-2.2379103,-0.0062177805,-1.3265257,-0.673591,0.16043581,-0.4190795,0.1835466,1.8911458,-0.93680954,0.81622696,-1.6936642,1.6596829,1.4078592,1.6188275,-0.33193284,-1.8790011
Normal_ATCCGAAGTGTCTGAT-1,-6.03439,1.4180554,-2.496334,0.04832935,-0.28878552,-1.6726701,-1.3371254,-0.26048064,0.48424572,-3.662205,2.2192452,-2.985165,0.38952908,0.4322563,1.0575584,-0.36566508,-1.7356347,1.1650743,2.3703542,3.3552997,-0.5608744,1.7371247,-0.41685006,-1.8259195,1.7742242,0.959299,-2.0428376,-0.88944364,-3.053575,-0.19423357,0.7198482,2.819605,0.62317324,0.20348749,1.7006233,0.89830786,-0.07663809,1.1895629,1.464098,0.7427731,0.86335593,1.7248088,-0.9332127,-1.3913051,1.3666706,-2.2233138,1.777614,1.6648784,-1.3748509,0.25698456
Normal_ATCCGAAGTTCCCGAG-1,-5.481781,0.91903615,-4.7628474,1.6822175,1.125144,-1.9455968,0.13998894,0.22622344,-0.74381906,1.0877731,0.36036512,1.1634852,-1.1040316,-0.36820304,-0.6102714,2.62444,-1.5858984,1.2884923,-3.1786911,0.98781294,-0.39419046,-0.7533052,-2.3426716,0.62941414,-0.6533457,0.6551491,-0.57699,1.6833045,-0.52597934,0.26380843,3.9818432,1.7389921,0.06338372,4.229122,-0.28989908,1.8451418,-0.57224905,1.3850826,0.20725794,2.052524,-3.1177785,-2.3736691,-0.41825217,-1.4473114,-0.12282802,-1.2902806,4.6566124,3.0185342,0.95490414,-0.7588059
Normal_ATCCGAATCCGAACGC-1,-7.8567185,-1.7530228,-6.2899833,0.7899778,0.49523073,0.49480963,-0.53678507,0.74690014,2.0401013,1.3882062,-0.6882061,1.505038,-2.450706,1.7623048,-1.9816964,3.7167475,-0.41252384,1.7591141,6.666328,2.4563038,0.4356158,1.2335259,-2.3810532,-1.0268264,-3.0932474,-1.5964617,-0.52787507,-0.83702284,2.2776282,-1.8973594,-1.0512674,3.4968338,-0.85457724,-1.6234884,-1.1975746,-1.1875843,1.0864773,-0.47384128,-2.0060272,3.408056,0.3766628,1.4127333,-0.6705711,-0.1612284,-1.2192793,-3.094227,1.2481759,0.45036277,1.5264845,2.3556626
Normal_ATCGAGTGTAGGAGTC-1,-5.4652987,-2.273655,-2.3985295,2.4698474,-0.29018694,-1.6419375,-0.3751128,0.02356282,-1.8099883,2.3948586,-1.0290416,1.3495804,-1.8398604,-0.6134679,-0.5060147,1.9726311,-0.16783574,1.3582084,2.4236972,2.7330184,-0.37229794,0.86465615,-0.34820944,-1.178212,-1.3327675,0.8604115,-2.1482313,0.8558003,0.0329543,-0.9053325,-2.0604255,0.1977192,-1.7381527,-1.5895221,1.5730845,-1.1118714,0.7322049,0.9193263,-0.20827018,-0.9595857,1.4693465,-1.0054303,0.40639362,1.0940472,0.8941949,-0.9056378,1.2080076,-1.4727892,-0.05569417,2.5452583
Normal_ATCGAGTTCGAGAGCA-1,-0.8106594,7.0644927,-0.28907397,2.2632208,0.77313274,-4.3077903,0.23558784,1.9328789,3.8934858,-6.405302,0.18630148,-0.3902104,-0.26080993,0.37316656,-1.7232009,0.27601486,-3.2332475,1.5241768,-1.3866147,-0.052729044,2.448576,1.2006615,-1.2276051,-0.59118074,0.75894165,3.7679596,-0.44618854,-0.4340481,1.1846958,-1.9312854,-0.01482087,-2.1005318,0.997294,1.6893977,1.9568487,-2.1596766,1.9457927,-2.316514,1.0935571,-3.2785738,0.979846,-0.73145807,1.6061896,-5.430558,0.32089,-1.9822212,-1.6781217,1.6758944,0.7186868,-2.9279053
Normal_ATCTACTAGACAAGCC-1,-5.064747,5.4156394,-1.8492699,0.83809173,-0.5689353,-0.728651,0.811238,1.6555133,2.1140985,-2.2587667,0.0817052,1.077068,-2.6635344,0.07470891,-2.701768,-2.7847683,-1.1379843,0.05281277,-0.9232223,1.3047649,0.06584605,0.06424505,-0.58972806,1.2984964,-0.31655574,-0.1232734,0.30464503,-0.553447,-1.1462573,0.8788721,-0.87752813,1.2573707,-0.15001315,0.9498257,-0.25444156,-1.5165801,-0.9712959,-0.79202044,1.6608866,-0.12368033,0.76259434,-1.9372485,2.368087,0.025266156,-0.108065985,-0.96425134,-0.37161854,1.1996084,-0.16286148,1.220672
Normal_ATCTACTGTACCTACA-1,-4.3576097,-1.4695386,-1.6547203,0.6479215,0.33015296,0.35081777,-1.6036671,-0.7410427,-0.78674036,0.61569905,1.068622,-1.8581208,0.42056736,0.6135756,1.1165245,-0.37493894,0.83983,-0.3376467,-1.2348323,-1.3227911,-0.03204964,0.398921,1.39345,0.052538555,1.8032568,1.2766907,0.27707604,-1.72939,-1.337689,0.6674255,-0.40987536,0.3226475,-1.1429585,-0.6203978,-0.76830953,-0.016568154,1.00392,-0.75124955,-1.1639439,0.7630111,-0.27091876,0.053173173,-1.1497439,0.92185503,-1.3130506,-1.4067019,1.1321565,0.92442787,-2.193618,-2.8179502
Normal_ATCTACTTCTTCATGT-1,-5.6166353,1.7513384,-4.645765,0.067751616,0.31791627,-1.9124662,-0.98438174,0.19998252,-1.0515658,0.2103786,0.8857517,-0.96575195,-0.36788163,-0.49822813,-1.4925319,2.1793225,0.15568739,0.09683756,0.8849812,2.2803943,1.3327544,-2.1304166,0.3434944,1.3100939,0.5439717,-0.9591013,-0.1376174,-0.67652106,-0.27330074,0.29726082,2.03323,0.4327946,1.1483865,2.9056067,0.49900702,-1.4888713,1.8006974,-2.496149,0.18270746,-1.4422997,1.2427382,0.057182077,-1.7163643,0.21540825,-1.4859834,2.405588,2.6625123,-1.4236861,2.2039466,-1.1322384
Normal_ATCTGCCGTTGGTGGA-1,-5.4572506,-0.59385896,-4.4217134,1.735904,-1.7974073,-1.9594555,0.67198056,1.3115728,1.1246126,0.3994776,0.6216645,-0.4226991,-2.82122,-0.182546,-0.16911837,0.14143395,0.44977683,1.2347711,0.33475465,0.11222784,0.015019644,-0.47793496,2.0995708,1.2324309,-1.9103053,-1.1943632,-0.7829042,-0.30115584,0.12671237,0.12528187,0.41678947,0.8163905,0.640042,-0.4668013,-0.33244342,-0.8065846,0.22110231,-4.1734056,-0.32741952,0.9415971,-1.2953736,-0.5326522,-1.2062896,0.053482495,-2.4462388,0.27626485,3.3950214,0.69764006,1.2046824,1.0231726
Normal_ATCTGCCTCACGAAGG-1,-4.696457,-1.6289105,-1.3119339,-0.3483703,-0.10899792,-2.3956494,-0.25804117,0.33243728,-2.0585132,-1.8749726,1.0460572,-1.4236774,-1.0847824,-0.031816635,1.5679568,0.32827035,0.85623264,2.2586327,-2.064369,1.0249715,-1.4130253,1.2773532,1.5703498,1.9466609,0.2803224,-1.5607035,1.1045604,0.9893785,-0.22090343,0.21300273,-0.44565448,-0.78656775,-2.8045673,0.519422,-0.41057527,0.4869933,0.22547592,0.32334286,0.64594036,2.2110565,-1.9537439,1.7744527,-1.2087011,1.6490126,-0.7616183,0.5946,-2.2627332,-1.951037,-0.70590764,-0.56201386
Normal_ATGAGGGTCGTTACAG-1,-4.1120462,0.4597256,-2.0693278,1.2592745,-1.2945552,-0.13218363,-0.33831653,-0.2365114,0.69633436,1.155616,1.2432678,0.5216008,0.25022194,-0.1341493,0.04403836,0.48507708,-0.9815489,-0.08344309,0.88841665,0.997358,-0.09820239,0.32193056,0.46901214,2.314564,-1.6409087,1.8968428,0.55189544,-2.6363611,-0.53107166,0.37788105,-0.33112577,-0.88968116,1.4676375,1.0029712,-1.0763686,-2.1355636,-0.27701005,-3.1806984,0.6278865,-0.543114,1.3243732,-1.901121,-0.011844918,0.24541122,-0.3434818,-2.8329663,0.8537547,-2.476035,0.98318595,-0.6853113
Normal_ATGAGGGTCTTTCCTC-1,-1.354818,-3.8798292,0.28288049,-1.1521865,2.019421,-1.4605044,-6.854211,-2.0732486,0.5027366,1.9086688,7.131113,2.1858923,-0.476248,-1.3339394,-2.737121,0.98860455,0.8786249,0.39164504,1.0976397,3.750057,-4.707416,-1.7930349,2.1298342,1.5943607,0.0034103019,-4.2383814,2.1632226,2.9979002,-0.81819844,-0.78440005,1.4895918,-0.2294508,-1.844683,2.5322535,1.6805195,2.8713331,-0.61977184,1.1099808,0.14362353,-2.483291,-0.15247428,0.79883116,0.8421889,0.27022296,-2.9487355,5.5096297,-1.2849216,-0.5339123,-1.9394633,1.0388625
Normal_ATGGGAGAGATTACCC-1,-6.5036182,-1.0598984,-5.767747,1.4320163,-0.8294816,-0.34956485,-1.6424252,0.04111206,-1.301573,-0.35105613,-0.56350005,0.5974233,0.39263862,0.56075877,1.8136753,0.7975302,0.08270435,-0.9109126,0.737248,-1.010278,0.1384457,0.23579141,1.160777,0.59797394,-0.80831194,-1.6730824,-0.6790367,1.3485513,-1.0865021,-0.79972726,1.3532449,-1.1520941,0.8382735,0.6981114,-0.4615614,-0.16182074,-0.9501972,0.012401782,1.7005593,0.91913927,0.68192816,1.2651778,-0.029396698,1.6812977,1.5019376,-0.29146636,1.2711695,1.0521415,-0.46152487,-0.8052731
Normal_ATGGGAGCAGGTCCAC-1,-6.7641206,-1.4553521,-5.57351,1.5523582,-1.6350797,-1.2486063,-0.46612823,-1.2092643,-2.1157427,0.77832985,0.019296402,-0.23656991,0.7182978,-0.17763193,3.141351,1.5923383,1.4930447,-1.7327509,2.6333776,-1.328613,-3.2423334,0.20532621,-0.11608865,1.0481522,-1.3479549,-0.7332864,-0.8631111,1.3580183,-0.6084249,0.45029837,1.2938986,1.87933,-1.756781,1.1089846,-0.34124467,0.5812611,-1.5587317,1.4532007,1.8237696,-0.27656403,0.6416252,-0.35779384,-0.16045555,-0.4517923,2.2660854,1.3372529,1.317592,0.8951841,-1.7680155,3.555973
Normal_ATGGGAGGTAGCACGA-1,-4.460318,5.3292174,-5.2333827,3.1102076,-0.72998214,-3.9595277,1.2120214,2.147271,3.0649142,-3.3117094,0.24792852,0.35875553,-3.6551518,-0.34323284,1.5266845,-3.1188405,-0.37235895,-3.2210326,-0.39994946,-0.38116404,-1.1395574,0.653766,0.4590428,0.6944919,-0.13394561,0.9018084,0.7282442,-0.21149047,-0.95338875,0.68278044,-1.3828137,-0.8528212,-0.2610273,-1.2330189,0.16079193,1.4708375,-1.0103027,-1.064507,-0.5722138,0.30482733,-1.2305253,-0.88504314,0.007563476,-1.4178618,0.79376733,-0.9219132,0.10813181,2.1442485,-1.66678,-0.45262814
Normal_ATGGGAGGTATCACCA-1,-4.0412,6.7446494,-2.5154164,2.2753758,-0.15019192,-4.695463,1.5658741,0.3000512,2.4641173,-4.655052,0.097614534,-0.045980383,-0.45601362,-0.8328562,-0.6168105,-1.7323396,-1.487139,1.3259431,-0.16766259,0.9611433,0.5801958,-0.6428484,-0.26660338,-2.1808724,-0.98976636,2.2434402,-0.13580701,0.8224155,1.3458534,0.40551275,2.2380555,-0.9479454,-2.8109329,-0.8687151,-0.75593835,-0.7783121,-0.40267208,-1.1711373,-1.0211835,-1.3058839,-0.46205416,-0.5545461,-2.6515746,-0.17860037,-1.2348958,0.61383426,1.1083783,1.6970682,-0.58441895,-0.86560565
Normal_ATGTGTGGTGTGGCTC-1,-3.3510184,2.517466,-2.9003637,2.8422904,-0.4337199,-3.0586846,3.681778,1.9027852,1.2476872,-0.5901065,1.1641858,0.6097431,-2.2778015,-0.4710726,-1.5940461,0.059775833,0.071265236,-1.6197408,-0.35074362,1.0331128,1.1512864,-0.1593332,1.3496175,0.26188046,-0.36386827,0.32570004,-0.4436747,-1.5876889,-2.227965,-0.16436152,-0.66318995,1.2366003,1.0044069,-0.803611,0.14998154,-1.6136223,0.56595445,-0.46691763,1.3123442,-0.0015941679,0.75292647,0.22141488,-1.3091029,-1.0531151,-1.2197617,-0.8430793,-0.045818985,0.03610904,0.21570887,0.9906017
Normal_ATGTGTGTCACGCGGT-1,-3.2845583,-6.2388196,2.455225,-2.0206268,0.95232314,-3.5580144,-5.470685,-3.184702,-3.8221893,-1.0050187,0.016346794,-0.14803714,1.7960645,-2.3107102,-1.8741701,0.10109527,-1.5712879,-0.6260292,-1.9842603,-1.0832045,1.5848323,-0.5844806,-4.4524736,-1.2525179,-1.6580045,0.64245856,-1.3144202,-3.4777353,0.33552322,0.9880807,0.75083554,0.6385975,-1.8765898,-4.3718486,1.3263078,1.9735103,0.15617438,-0.43345016,-1.1470792,-0.8823671,0.63203406,-1.0900108,2.0955474,-1.6259631,3.1989508,-0.7803089,-0.26247075,1.8844498,-0.92599463,0.8983962
Normal_ATTACTCCACGGTAGA-1,-2.949041,-4.1322503,0.8319481,-0.13214803,1.1189538,-3.0290182,-3.6706443,0.6871221,-0.48565134,-0.62334466,1.0287375,-0.96970904,-1.3064879,-1.2240533,0.14589232,1.5158687,0.8559655,-0.14581597,-0.29816577,1.3011534,0.43162858,0.81421137,0.28348747,1.0084945,-0.0064830063,0.7528082,-2.5180233,-0.21172486,0.078388155,-0.79752344,0.26780653,-0.32819808,-1.2671353,1.5115744,-0.0377609,-0.53602177,-1.1348473,0.3011913,-0.2995922,-0.46696493,2.8226066,-0.79982257,0.47805354,1.0562863,-1.3812567,-1.0630435,1.0378911,-0.2054303,-0.15003425,-0.34184766
Normal_ATTATCCAGCTAACTC-1,-8.623795,-0.28930104,-6.2148833,1.0679129,-1.0837938,4.1863356,0.5353382,-0.12950063,-0.25242358,2.5770533,-0.75227654,1.5541409,0.7117196,-1.0394328,-0.42088613,1.6868612,0.27619523,1.3211168,2.8817868,-2.379967,-0.1444898,-1.340252,0.33771676,-0.47432837,-0.18471771,0.33584353,0.8296568,-0.5856831,1.5210581,-1.8175782,-1.3234599,1.3052548,-1.9189048,-0.5064162,-1.2494893,-0.6647479,-4.696375,1.2182763,-2.086629,-3.6794736,0.7310784,2.0549285,-1.0537924,-1.0852003,0.4240095,-2.2314818,3.1187375,-2.4352863,-0.6812319,0.92391497
Normal_ATTATCCTCTGTGCAA-1,-7.6028028,1.4274063,-5.359933,0.1418838,-1.2532417,2.5907755,0.20075555,-1.4084209,1.2459747,-1.0172385,-1.5584965,-1.1409185,3.0866516,-2.0274057,-2.546253,3.612597,-2.5174928,2.4888942,2.721458,-0.9969783,-1.4877181,-3.637036,-2.5195405,-2.913036,-2.8298125,4.877366,7.2803254,2.8837795,2.197541,2.6549659,3.8247247,-1.1498793,0.80397487,0.71559083,2.7983382,-0.11976699,-0.06926264,0.19513075,-0.06713558,1.4309552,-4.914949,-3.2894816,2.4917293,-0.22389819,1.3184904,-1.9880985,4.060864,3.0498924,-8.42891,-2.938638
Normal_ATTCTACGTATTCGTG-1,-6.8554378,-2.1183257,-5.537193,1.1401911,-1.203696,2.364448,-0.15088874,-0.5808878,-1.1401036,0.6940503,-0.88845366,-0.22383384,2.4533513,2.4020772,2.0264878,-0.59093016,1.5661043,-3.7638705,1.0997473,-1.1306334,-0.8725499,-1.9097997,0.6550621,-0.80298555,-0.9840111,-1.2053305,-1.4760041,2.6605492,0.7259864,-1.2434895,1.3359156,-1.0206143,0.18511076,-2.029685,2.2539861,-0.77169186,-2.2643933,0.89513236,0.7781472,1.9959624,-0.6825479,0.68299276,-0.18926653,1.6518112,2.3710217,-2.323838,-0.055005997,-1.8883948,2.1379044,0.7136464
Normal_ATTGGACCATCCGTGG-1,-5.7470293,3.967428,-4.7289305,3.0565171,-0.95839614,-1.4761239,0.99146307,0.5859065,0.9938639,-0.90302736,0.20582302,0.16169864,-0.30797666,-0.17901336,0.64296055,-0.6180416,-0.27485386,-0.6401264,2.0600264,0.63996965,0.58207947,-0.26982248,-1.71921,-0.5340721,-0.20229343,0.79535437,-0.16917051,-0.30735055,0.6545123,0.42102632,1.2715777,-1.5620854,0.69497234,-0.522994,-0.6754032,1.2777267,-0.27800882,0.4297449,-0.9896824,0.6178945,-0.6092679,1.0000464,1.9408001,0.26752716,0.72635394,1.7365425,0.97607857,0.63038355,0.18263909,-0.55285347
Normal_ATTGGTGAGCAGACTG-1,-2.462494,-4.0823817,0.9870584,-1.5815364,0.19371942,-1.6905792,-3.6152823,-0.6547413,-1.7742562,0.41948068,2.2293618,-0.4987198,0.508265,0.53554744,1.4038628,1.1863477,-0.29966277,0.49202362,-1.1108739,-0.54825705,-1.0557325,1.7373147,-0.7983788,0.9453691,-0.91799617,0.28424507,0.49418268,-1.5847366,-0.18492897,1.194324,0.6939589,-1.0701858,1.879161,1.0245538,1.3961772,0.6077661,1.3062931,-0.41775784,0.442659,2.6960566,0.7025029,0.29170322,0.008971897,-0.075269155,1.658164,-0.682047,-0.43488914,0.35271788,0.01105934,-1.8220341
Normal_ATTTCTGCAGGTTTCA-1,-7.503805,1.582651,-7.84081,2.3302422,-1.7715031,0.83036715,1.5916035,0.34724686,0.95173526,-0.747686,1.1046134,-0.7628049,0.8922903,-0.8424634,-1.027033,-0.20326672,-0.00803763,-0.31232017,3.337053,2.6447115,-0.52052593,-2.8313947,-1.1049911,-1.6072171,-0.22445112,-0.8100735,2.0406916,-1.2665954,0.63805085,1.5234231,1.4748031,-1.1754111,-2.0008502,-2.8248293,0.90098083,0.6386616,-2.0786307,0.30913115,-1.714535,-3.0135522,-2.696385,1.4829752,0.91319466,-1.1719615,3.5907435,2.9370253,-0.35975873,-1.3869983,0.41615552,0.15693957
Normal_CAACCTCCACGCATCG-1,-6.4375453,-0.06311899,-5.385017,0.05032575,-0.73055035,-0.6941319,1.1801429,0.35290614,-1.279471,1.4170474,-0.76022124,2.0109842,0.7894753,0.04223782,-0.32268265,0.5578006,0.05101941,-1.0356625,0.24675183,-0.97057,0.44628716,0.51759744,1.1826978,0.8061406,-0.54853994,-1.2349092,0.04184043,0.8347076,0.2998844,-0.28666607,1.4525818,-2.846785,0.37352234,-1.5080343,0.24880648,-0.6297884,1.9764913,1.7908313,0.29956475,0.56824505,-0.40068674,-0.8825518,1.7713205,0.059828203,0.6317926,0.114020675,0.86736876,-0.2678681,-2.8270397,1.1150054
Normal_CAACTAGGTCTGCCAG-1,-7.393589,1.0737809,-4.083945,1.1656085,-0.23342937,0.853832,-1.008579,0.74834484,2.366998,-0.58422166,0.7378112,-0.31558928,-0.8436547,-0.3039799,0.67612624,-0.30182448,-0.23524661,-0.56788576,-0.31706315,3.5974283,-1.4833641,0.05636254,-0.30643618,-0.75194997,-0.5656971,0.1674857,-0.9751288,0.06803113,-2.0372176,-1.1917487,-0.6467896,-0.8700872,0.10289794,0.23095088,-1.5703704,-2.990608,-0.009053522,-0.7921964,0.31192735,-2.2543662,0.26114732,-0.15709226,-0.38942462,-0.583009,-0.6292507,0.19638896,0.4323139,-0.11033008,0.20405345,-1.1137753
Normal_CAAGATCCAAGACGTG-1,-3.440387,-3.6549642,0.53262246,-0.15571149,1.2207423,-2.5760212,-4.134538,0.61212486,0.057352554,1.3443269,3.6633387,1.7999188,-1.960113,-1.0477979,-2.143947,0.39919528,0.53235346,0.2764043,-0.0328389,0.6786198,0.07067703,1.9323165,0.4498728,0.76705366,-1.5476104,-2.3269634,-2.8224726,-1.5086279,-2.215399,0.32060316,-1.3739109,1.126386,-0.59674096,1.5955063,-0.3340833,1.0897869,-0.5751647,0.43820474,0.8131591,0.18177603,1.2522163,1.2955303,-0.82026577,0.90907705,-1.1278514,1.8890384,-1.0502152,0.33694094,-1.6388566,0.39153025
Normal_CAAGATCGTATATGAG-1,2.972357,7.2373843,-0.06743674,-2.148658,2.7548807,-1.879731,-3.8839033,-0.75483066,3.1221766,0.5063517,12.226712,2.787314,-0.145509,-0.3945243,-5.625639,-4.365244,-0.22182067,2.3620918,1.2260696,-0.6590269,-4.5691066,-0.56008077,0.50202614,-2.4048808,0.11747384,-0.29417917,1.1674092,0.84716785,-1.3272535,-3.179013,0.3342335,0.35078397,0.1283405,1.5329447,-1.498614,1.4395496,-1.4042138,1.628114,1.9477807,0.22368324,0.4627195,0.9456998,0.22153524,-0.6315902,-0.53881145,-0.9642531,-2.1433206,0.086726606,-0.23500697,-0.14998461
Normal_CAAGATCGTTGTACAC-1,-6.4829674,-4.115739,-1.664033,-2.6716714,1.6112661,0.26174948,-5.4115696,0.811044,-2.7747624,0.12486595,-0.72046876,-1.4960754,0.8732842,0.7117478,0.85871655,2.207766,0.025422385,1.8444676,0.27236003,0.11122799,1.4843614,0.5917882,0.2330739,-0.35686147,2.02015,-0.19344045,-0.05785649,-0.3802175,0.21110499,-2.3594868,0.32222643,4.805108,0.30241692,-0.1014648,1.0256501,-2.9478245,1.47902,0.42052332,0.46000323,2.1559162,-2.681062,-1.457806,0.12899014,0.6373091,0.72983724,-1.0384564,1.9487067,-0.9684632,2.2951164,-0.46293065
Normal_CAAGATCTCACGCATA-1,-3.8055735,4.8634334,-3.653338,1.8998954,-0.60183865,-1.9990562,0.9391377,1.5165993,0.46719685,-0.9722003,-1.149303,0.38993922,-1.7760203,0.04877725,-1.1182818,-2.2188883,-1.0593225,-1.3353189,1.7713164,1.5952705,-0.502462,-1.4150727,-0.032043006,0.59158236,0.48014197,0.28243983,0.6909242,0.7721243,-2.5372136,0.64985657,-0.8097944,-0.29184872,-0.24574192,0.2917657,1.1102026,0.37805825,0.26129356,-0.68655366,1.3663998,0.53990567,-0.94152236,-0.5115224,-0.31731123,-1.3416647,-0.6171781,0.8242387,1.2647742,-0.15336706,-0.6811926,0.4235217
Normal_CAAGGCCAGACCGGAT-1,-4.7301574,-4.5817347,0.4401506,-0.3616702,1.3212804,-4.197056,-5.1642737,-0.07829507,-2.3370206,-0.64804184,1.5387359,0.050915137,-0.54851127,-0.8341175,0.5354406,0.8217121,-0.0426805,-1.6252605,1.0189152,1.4654211,-2.3852563,0.31801456,1.2991071,0.22712941,0.40539414,-1.024058,-0.65493,-1.0332446,0.6847011,1.7546955,-3.2720788,1.3282135,-2.0537446,-0.9727806,-0.75257117,0.90359616,-1.387328,1.971412,0.84594756,0.5982467,-0.9269686,1.8639839,1.5093762,1.7284245,-0.15221302,0.91821474,-0.38759473,-0.90588313,-1.3549436,2.5332112
Normal_CAAGGCCAGTTCGCAT-1,-7.175652,1.0131878,-7.75928,-0.7170303,-1.2420841,2.1545455,0.2846052,-0.29092914,0.55468917,-0.61902344,-0.92622167,2.2462502,1.0115446,2.797473,2.0258412,-1.7145175,-0.6708026,0.04196219,1.285901,0.15062639,-0.12484185,-0.37078923,-1.7532849,1.0573174,1.3951436,2.0820363,1.2138883,-1.1119589,0.5158022,-2.537851,-0.9955296,-0.08867546,-1.3147808,-0.8421305,1.9986665,0.9543711,0.49263698,-0.2553206,-0.9108446,0.31270808,-2.8561735,0.8747354,-1.7731386,-0.5597341,0.5339805,2.0447516,-1.4987106,-1.7498614,-0.35745323,-2.1705315
Normal_CAAGGCCGTCGCGAAA-1,-6.1139646,-0.88441426,-3.4500258,1.2370557,-1.9769151,-0.9209891,0.1550378,0.123540096,-0.4222711,-0.581103,-0.56574047,-1.1635411,-1.1533989,-1.079657,-0.80057526,0.14011149,2.0008461,-0.39409935,1.8291035,1.1612787,-0.55394876,1.8067225,-1.6576495,2.5391798,1.1273504,-1.4584033,-1.1162109,0.507147,-0.9932497,2.956662,-3.1165423,0.8378038,0.61447775,1.4933802,-1.0060074,0.25844803,-3.08205,-0.6280115,-0.7221911,1.9999723,2.5290527,-1.7129555,-0.64308286,-1.3259116,1.6534692,2.642462,-1.5068189,-2.0255158,-0.72529495,4.651679
Normal_CAAGTTGGTCATGCCG-1,-6.287705,-0.8544592,-3.8824356,0.7292176,0.16387224,-2.0677848,-0.014623541,0.19965766,-0.71842784,0.39537862,0.17327867,-0.16966686,-0.4087245,-0.9495022,2.5630708,0.506651,-0.28114915,0.23944414,1.4622399,-0.22292402,0.70791835,-0.5129343,-0.32437277,-0.6377407,-0.100430004,1.7128453,0.662689,0.36245453,-1.3885388,0.0016487221,-1.4892007,1.8958768,-0.8167771,0.6678962,0.4007715,1.0672715,-1.0904213,-0.42582014,-0.6203801,0.100395255,1.6291164,0.68661624,1.1513257,-1.8344209,-2.0485024,1.1177185,1.3539885,0.3149546,-0.9530125,0.16894029
Normal_CACAAACAGTACATGA-1,-7.0718327,-2.8875403,-2.9393265,-1.2300183,-0.9428578,1.3168858,-1.5020959,0.35138288,-2.4863114,0.71442723,1.5568492,-2.0604105,0.8860928,0.17240082,1.0234953,1.798281,-1.885293,0.56805146,-0.23243286,1.9027982,0.71591115,0.8698755,-0.16448304,-1.135279,0.12677512,-1.6671828,0.44273624,0.42146614,-0.91723365,-0.67856497,0.6817224,-0.62487996,0.65998983,2.4708357,-1.9969352,-1.6856115,0.31562266,0.120163105,-1.0263774,-1.195415,-0.3742381,-1.4991021,0.5041256,-0.6957793,-1.7644488,-2.0600235,1.8067945,0.1277229,-0.3822817,-2.2213244
Normal_CACAAACCACTTCGAA-1,-6.867162,1.9033355,-6.67496,0.95552224,-1.6840189,2.9503808,0.11939631,1.2465372,1.3297296,3.182987,-0.749125,5.9738593,-0.6367543,-1.516,-2.516559,-1.7161263,0.0992546,1.1762298,0.42787662,1.4721682,0.9523243,0.85177636,-2.380709,-1.0169549,-1.0791833,0.9946671,-1.6296383,-1.2242473,-1.3659353,-0.43809676,-0.35171935,-1.6252311,0.20379283,-1.9924139,2.7937167,-2.4797058,0.52406514,0.34553337,-2.9188213,0.07908097,-0.8739394,2.700323,-1.9061586,-0.91193444,-2.1626954,1.6084466,-0.041920017,-2.5973623,1.5656074,1.0083599
Normal_CACAAACGTCCGAGTC-1,-2.9948893,-2.8723307,0.84175986,-0.8514225,0.38774052,-2.0901577,-4.167054,-0.3925601,1.0387788,-0.38350242,3.492637,-2.1680763,0.14510255,-0.67233145,-0.16507463,-0.4424696,-0.17842002,0.6614213,-0.37013435,0.6086727,1.0337363,0.54621786,-1.290319,-1.1526737,1.5793668,0.7060519,-1.8423649,-1.512482,-0.12475821,1.3054028,0.23692274,0.40107962,-0.07094131,0.3294036,-0.5230073,-0.699499,0.40119502,-1.1233871,0.7869584,1.9186765,1.288777,0.49759656,-0.8610804,1.0240912,0.24581717,0.089396715,0.57178056,-0.04128576,0.59606504,0.022147374
Normal_CACACAAAGTTGTAGA-1,-5.37884,-4.243765,1.2344102,-1.5657504,2.1805408,-1.5969429,-5.061701,-0.7815711,-1.7311279,-2.0615087,0.41256902,-2.431327,1.5023205,0.57826453,-0.4719288,0.79714084,-0.99365246,-1.7647204,0.81206214,-1.643684,-0.6334506,-1.0162345,-0.21176608,-0.81705254,1.460831,-1.0538285,-0.2796981,0.19422944,-2.5160394,-0.12361547,-0.62824976,1.2659861,-1.2324963,-0.08482537,0.4830146,1.6160614,0.92122096,-1.5214841,2.7145147,0.18503499,0.23904426,1.6892715,2.5251706,0.16071409,-1.3595898,-0.7366966,-1.1732066,1.0604504,-1.3904074,-0.683581
Normal_CACAGGCCACAAGTAA-1,-1.7370286,1.7076726,-0.20844993,1.5690736,0.08838916,-3.765958,-1.1250567,0.96306515,0.6442603,-2.4254549,2.8448286,-0.8482822,-1.5100576,-1.9237775,-1.6262317,0.5328851,0.3330797,0.51455116,-1.8038273,0.75665295,0.91515166,-0.123786606,-0.5224004,1.4690452,0.75714606,0.67391884,0.18252261,-0.82125735,1.6391423,0.7647122,0.3702782,0.5447665,-0.8778937,0.64731,0.6893248,-0.36382613,0.8214072,-0.4833082,-0.6636903,1.3940444,0.21457869,0.35875463,0.051392827,-0.45653492,0.10756876,-0.26480806,0.3530073,-0.3112033,-1.3472666,1.40169
Normal_CACAGGCTCGTGGACC-1,-4.998541,-1.7323228,-2.7496872,0.043438222,-0.97953886,-0.48761693,0.12527536,-0.2497119,-1.7373737,0.6894802,-1.8820103,1.21611,0.496785,0.6184172,0.671833,1.3947136,0.7419583,-1.679671,2.471857,-0.4570917,-0.8921731,-1.0732827,1.6475269,0.26241985,-0.04994355,-0.08313827,0.20811975,1.3131531,-3.1812332,-1.775676,-1.2700251,-0.704267,-0.48637417,0.09832605,1.9209119,1.0689051,-1.0708922,-1.5414344,-2.4156036,0.96705246,0.28021803,-1.1392251,1.8860763,-1.9807793,1.0161644,0.71702045,1.3990805,-0.7204027,1.6574329,1.1588596
Normal_CACAGTAAGAACTCGG-1,-4.001634,-1.4094496,-3.4775903,3.0205588,-1.1017027,-2.0617754,1.1133943,0.39905503,-1.7949529,1.4406624,0.27641335,1.0604243,-1.5780518,-0.092831604,1.6781439,0.75006187,1.1014227,-0.49027616,-2.364972,0.72676635,-0.8618778,0.025702791,0.60841465,1.4001495,-0.54734206,0.60000056,1.1425332,-0.009394155,0.5908245,0.9679594,1.374224,-1.0216273,0.55132926,0.85446066,0.43740925,-0.30634338,0.98926157,-0.7602133,-0.7105419,1.2750214,-0.14104958,0.9633259,-0.76302326,-1.0687455,0.60892564,0.0036398566,0.8701015,-0.62228554,0.28195336,-0.057052396
Normal_CACAGTACAGCTCGCA-1,-5.049705,-7.233637,0.8129366,-5.6347723,7.5027566,-2.8905797,-7.06712,-0.15901028,-4.369458,-6.1402063,0.11448015,5.1103916,0.66908425,-1.8806375,3.8979201,-6.9064703,-2.8868723,-0.9916709,-3.0564167,-1.8143041,-0.13719775,2.3491313,-1.2071722,-1.3605694,0.3058053,0.6969204,-3.1150513,0.8986869,-0.5822655,3.6005075,-1.1400942,-2.8344412,-1.1523056,-2.3114214,-0.070014685,4.2918034,0.4297168,-0.07186593,2.0783603,-5.3048134,-4.331505,2.1242547,1.02151,0.55701274,-0.7024316,-1.3077273,4.439525,-2.7464736,-0.6369105,-2.2001123
Normal_CACAGTACATTCGACA-1,-5.877163,-0.2814912,-4.9728518,0.6771399,-0.9737887,0.9205912,0.97789305,0.13762508,-0.49088767,1.1113821,-0.93090206,-1.0758882,1.390128,2.8337166,1.788269,-0.1105377,2.380834,-0.9352392,-1.8484828,-0.6642834,1.3720597,0.41378793,0.29681674,-0.93534875,-1.1005327,1.5271659,1.1247743,0.39693627,2.0636084,0.8816271,0.7089812,-0.8740811,1.5726869,0.17588152,2.2124596,0.43834832,-1.3109158,0.9545515,-0.49340004,-0.86071324,-0.16287483,-1.7851567,-1.63167,1.473384,-1.4161214,-1.1496961,-1.2923224,0.010486935,-0.4729038,0.1628795
Normal_CACATAGCAGCCTATA-1,-5.239041,-4.9413652,-1.8837479,-1.5052367,1.1143003,-2.817675,-5.715007,-1.1956505,-0.39587325,-1.8751615,1.349676,-1.6661489,-0.14832874,0.37678587,-0.064412616,1.5524054,-0.6926271,-2.3974254,1.5868587,1.1493543,0.14574386,0.7355654,-0.49436495,-0.8509787,-0.8078364,0.18205501,0.39718336,-1.4221232,-0.7761158,-0.9092024,-2.4668941,-0.52783525,-0.34063867,2.826105,-1.0936109,1.6542397,1.1589733,1.908847,-0.04851683,-1.3910897,-1.1498754,1.945834,-0.2873362,0.11203788,-0.09889851,2.337796,-0.30499163,0.5828242,-0.2604553,-1.290216
Normal_CACATAGTCCAGTATG-1,-6.6235843,3.8618445,-4.0864825,0.8412389,0.9669611,-0.8233496,0.80169505,3.44164,1.281993,-3.5261467,0.76155734,0.0279587,-1.0203357,-0.27323547,1.1642396,-2.322504,-3.2137852,1.6613286,-0.39105037,0.71523106,-1.1256477,0.23358816,0.073409036,-0.43666348,-0.23359692,-1.050066,1.031044,2.2088673,-1.5705642,-1.0641718,-0.9042211,0.99414825,-0.26355872,-1.2387688,1.2175869,1.2020446,3.2877595,-3.9218068,1.7092206,0.04991017,-3.325317,-0.35230348,-3.8674,3.9083014,-3.249178,1.9315144,-2.1336396,-6.723623,1.9352565,-1.4960433
Normal_CACATTTCAAGACACG-1,-6.9299207,0.8750765,-6.787634,0.14246894,-1.4026343,-0.51166594,-0.25651166,0.97132397,2.0425274,4.524742,-1.3638182,3.1446726,2.2716684,0.524909,-1.0375936,0.36576432,1.3422055,-0.49238628,2.4457471,1.3249424,1.5513803,2.1597486,-0.56960374,-1.8392818,0.90928525,1.9640709,-0.82696724,-0.35394332,2.0006123,-0.53454375,-0.9214189,-0.992182,-1.3749917,-0.48343933,0.42882338,1.7529372,0.7588485,-1.5986425,1.8228533,2.4391785,-1.6649423,0.92922354,-0.7629171,1.5042037,1.0648414,4.180263,-2.6238322,-3.0967433,-1.980734,0.18508449
Normal_CACATTTGTTGATTGC-1,-3.9278846,-2.9288702,4.0172696,-0.6730523,0.09576259,-2.929653,-5.792614,2.765528,1.6135166,0.8593039,-0.48262963,-2.3886018,0.7918495,1.4519395,-0.07311808,0.80580765,-0.4589931,0.56753725,0.44152477,0.8345407,-0.3094646,-2.307998,-0.60352093,-0.35985935,3.1342652,-1.9993818,-1.5594214,-0.28557906,-0.8829358,-0.46352026,-1.3040298,1.0316043,-0.08082894,2.5415244,-0.108621866,-0.71006703,0.50172824,-1.4207345,-0.10556874,0.71018517,0.02426185,1.159378,-0.3847439,2.1622567,0.69909275,-0.7182573,0.32982484,-0.43988094,-2.545008,-1.1959952
Normal_CACCACTCATGTAAGA-1,-5.4373007,1.6934103,-1.6678932,1.2812558,2.5831783,-3.5095282,-0.1870659,-0.9989934,1.6404473,-4.9630866,1.646194,-2.1564457,0.04921349,0.04557971,-0.09637341,-1.4324819,-2.9191918,1.078724,0.30615193,2.1339107,-1.4074126,-1.6436293,1.1510813,0.61466813,0.7491505,-1.9273864,1.7180376,0.50949615,1.3654956,-1.0151558,-1.1981999,1.8359007,0.21844384,2.4394557,-1.6344217,-1.0965387,-0.13046247,-0.11282289,-2.6622498,-0.30906227,0.3904253,1.5823668,-1.6538874,2.4626186,2.8190682,1.7635766,1.1647699,-1.569649,-2.9056845,-2.6925092
Normal_CACCACTTCAATACCG-1,-0.9476944,-1.7887032,0.85527754,1.0999944,-0.6839084,-3.3796782,0.032709163,0.7599332,-1.0874479,0.25839102,1.2338665,-2.3673644,-4.3980284,-0.14139698,0.80060846,0.80824345,1.4650778,-0.08941,-3.840239,-2.7473927,-0.40258795,2.470619,3.6340346,1.6869668,1.4334533,0.5715051,1.6129006,-0.48362565,1.0681639,-0.8917004,-0.283067,-0.5863241,-1.0724642,-1.8723702,-1.1781133,-1.3333219,-0.749702,-0.47183856,-0.96945757,-3.2127697,0.18614806,-0.7158604,0.27812043,3.440492,2.2585864,3.019042,0.14110018,1.1667924,-0.8175339,-0.088075064
Normal_CACCTTGCAATGACCT-1,-3.8554916,3.9031477,-4.0618243,2.3136945,-0.52024853,-2.4753249,2.6009974,1.6985705,-1.579381,-0.29826608,1.3689137,-2.466237,-0.75016624,-0.23671438,-2.0764656,-0.026570393,-2.7339287,2.290138,-0.40554145,-0.5943047,0.23458417,-0.11857116,-0.3354755,-1.4395851,-0.4287107,2.128021,3.0589223,-1.0331081,-0.023838503,-1.4886643,-1.2730105,0.5735942,3.4400961,-1.4944588,0.7545804,2.1231549,-0.06323863,1.0967135,-0.33644617,-2.9009852,-1.1909043,-0.7875098,1.0457859,0.51294047,1.2657983,1.5966352,-1.0137601,-0.55696297,-0.090333655,-0.5357464
Normal_CACCTTGTCTCAAACG-1,-3.006637,-4.101226,0.29039428,-2.2317467,0.23786415,-1.8485074,-4.899112,-1.3632019,-2.2057443,1.6830328,3.6280363,-1.051065,2.9978018,-0.22236983,0.69568163,1.6786201,-1.022262,-0.62685984,0.6077024,-1.457726,-1.6488473,-0.7230853,-0.6821334,-0.41875795,-0.6067928,0.8551768,-0.5710099,-2.1456864,0.4621292,1.8126683,0.13209759,-0.47642407,0.33713567,-0.8879198,-1.8027334,-1.3114415,0.9330773,0.76489234,0.7684253,1.3029566,1.5230875,-0.31659994,-1.1333594,0.48253062,2.0429602,-1.8159552,3.2033772,0.68194926,-0.04474891,1.2157385
Normal_CACTCCAAGTACGTAA-1,-6.192229,-3.6003761,-2.3977022,-1.4915696,-0.39521813,0.27841088,-3.2737534,-1.4292661,-0.96940875,-0.287914,0.39987162,-1.0718988,0.97195745,0.28079417,0.5384035,3.0102563,1.1692134,-0.78846574,-1.2900295,0.5917732,0.3691426,2.0780647,-0.41914183,1.3986067,0.86842275,-3.013989,-0.47094494,-0.95721996,-1.5822676,-0.8206978,-1.951318,1.4755334,1.7961677,0.9126497,-2.6207018,-1.4441532,1.0362011,-0.5548774,0.79483753,0.005797934,-0.35151774,-0.19963238,-0.2948401,-0.8742928,-0.9527533,0.6868338,-2.2555695,-0.19045918,2.4555767,-1.7054237
Normal_CACTCCATCTTAGCCC-1,-4.3101377,16.56157,-3.3877497,-3.904064,4.0471754,-2.3096142,-3.0711122,-2.2425852,1.1308812,-1.761435,-2.735623,-2.27291,-0.8086946,0.65752345,0.22421093,-0.9646996,-2.320581,2.4505987,2.7314074,3.9595768,0.99319404,-1.9888488,-0.20328383,-0.69414955,0.07984226,-1.501992,0.14539382,-3.004089,0.27147004,-1.3347045,2.3646631,2.0870104,-2.7813246,2.7470448,-2.7455344,5.016267,0.8647043,-4.036762,-2.589336,2.1884897,-2.5933573,-1.8961667,1.2230263,-3.985279,-1.0778512,1.4119914,-2.912446,2.1274369,2.0962138,-0.2714143
Normal_CAGAATCCATGACGGA-1,-4.817255,-0.41735715,-4.804485,2.9980147,-1.3239224,-2.5974767,0.94687605,0.8447408,-0.19490503,1.6420231,0.68869877,-0.24786292,-2.4817517,-1.1769835,-0.15585479,2.2085586,-0.4561599,-0.45047763,-1.0797702,-0.95346504,1.4688452,-1.0058777,0.90059954,-0.27386242,-1.1381321,-0.51034075,0.6735541,0.23045047,1.7263846,0.65007496,0.5220518,-0.62034017,0.19506992,-0.30966565,0.15938997,0.75491995,0.12433067,0.036785014,0.073484145,0.7803068,0.12479219,-0.41491187,-1.445127,1.0267764,-0.52703065,-0.5398596,1.305587,1.2902241,-0.5238215,0.1808447
Normal_CAGAATCTCCCAACGG-1,-4.5294924,5.227233,-3.1568837,2.2229104,0.32828298,-3.042886,0.42044303,-0.019380061,-0.47953653,-3.2487345,-0.5723239,-0.9854049,-0.8855549,-0.32934538,-0.2984117,-1.3129519,-0.6023164,0.9584628,-2.3015075,2.337652,0.16961357,-0.5208981,-0.7784612,0.23444119,-1.0472872,-0.6800668,0.7365666,1.2855662,0.29419443,0.19674341,-0.6906415,1.6497335,-0.8017011,0.39645973,-1.2491673,-1.3879287,0.08702379,1.0809457,-1.2350386,-1.662259,-0.0018165511,-2.104994,1.960149,-0.47851688,-1.4989774,0.14408505,-2.8968751,0.032276858,0.09917261,1.6593666
Normal_CAGAATCTCTGGTGTA-1,-1.1619071,-4.221424,0.7711388,-0.47394556,0.62645966,-3.051166,-2.9383545,-1.0681652,-2.3636537,2.3857915,3.0082269,-0.6854489,1.7932757,-0.5776324,0.16251567,1.4686707,0.7352035,-0.6797258,-0.9589956,-1.9883279,0.18462288,1.4432755,-1.1369785,0.28393555,0.9289505,-0.6246251,0.14096957,-1.4070674,1.0191544,1.023083,0.5477343,-0.37102282,-0.21854697,-0.68388814,-0.39613158,0.3506498,2.4577332,0.03801992,0.27996594,0.45589462,-0.2702351,-0.051247675,-1.1011947,-1.2392917,1.7450235,-0.3211304,-0.19959648,1.2285763,0.4842494,0.16924281
Normal_CAGAGAGGTGCATCTA-1,-6.548809,-12.959511,-4.59214,-20.092386,29.758352,-4.973224,20.302729,0.015346458,1.5589291,5.5614886,1.4056131,-4.063481,-1.3780718,0.14924374,-0.54794884,-3.6702063,0.673836,11.653415,2.0970418,-11.567501,8.694452,-20.018093,30.40104,-11.38954,-17.091873,6.6068416,-21.329098,-7.0352316,7.407973,7.9292226,-8.571466,-1.969171,3.9913814,15.931717,8.969844,-9.625861,-2.6683044,1.2187917,-18.571312,6.769378,2.2733114,1.6931763,-0.120238915,1.3918165,5.9343486,0.08505409,-7.666199,2.887572,-6.95835,4.5947027
Normal_CAGATCACAGGTGGAT-1,-7.236374,-1.8254516,-5.853691,1.687217,-1.0578182,-1.7152555,-0.0051069814,0.1512036,-0.38681015,1.0056336,-0.16679507,0.4715536,-1.6595213,-0.46477532,0.45895457,2.6233149,2.7875104,-0.72167915,2.1379755,1.7159367,1.0580661,-1.9947784,-0.6360032,-0.71195304,0.9574506,-0.75654066,-0.09926205,-1.6430019,0.1302717,-1.4099336,0.36095107,-0.8439325,0.1345771,1.7107056,-0.78270674,-0.53023404,0.08257805,-0.059409454,-0.48242018,0.4517645,0.09014204,1.2217381,1.1549973,-1.5544549,1.6780225,1.0264437,0.35925007,0.83439857,-0.46271476,0.05414753
Normal_CAGATCAGTAAGTTCC-1,-1.7550513,6.9124165,-1.5641667,2.2364888,-0.2016665,-5.0207753,2.4156792,1.6230768,0.5801515,-2.7779627,1.3078027,-0.78959644,-1.985969,0.17373964,-0.6359565,-1.7110715,0.15926507,0.2214783,-0.97147596,0.5848554,-0.045645297,1.984682,-0.6184105,-0.46580523,0.7893456,0.78608096,0.8218827,-0.3511385,-0.40783173,-0.8892793,-0.3425823,-0.014407753,1.3960603,1.0752469,-0.6450122,-0.7803419,-0.10194294,-0.5686646,-1.1157151,-0.026621033,0.20862226,0.14285558,0.90275526,-0.526018,0.46741933,0.029899718,0.7985547,-0.49863935,0.5456504,0.46406636
Normal_CAGCCGAAGTGAAGTT-1,-4.795014,1.4941694,-1.7149935,1.9990706,-0.036907956,-3.474878,-0.8786282,0.6133227,2.3639042,-3.6262712,0.8793777,-1.4099993,-1.5758725,-0.54864204,-0.4323094,-0.15166251,-1.7419792,0.95101476,0.03332426,2.462712,0.33466327,1.8650209,0.5515116,-1.1341094,0.8381168,-1.6193136,-1.4217979,-0.8971512,-0.60553163,0.35702243,0.04417148,-0.47429416,0.6577779,0.9912164,-0.9713079,-2.5976048,-0.9748116,-0.85882366,0.7193369,-0.5843885,0.9483818,0.08637166,0.55014116,0.058010276,-0.04389343,2.856467,-1.1548982,1.5885745,-0.2798177,0.6437901
Normal_CAGCCGAGTAGGCTGA-1,-2.8829308,-0.8131542,-0.79561603,2.355068,-1.2877992,-2.2415688,-0.8770086,-0.60399157,-0.41761082,0.18789546,1.5569547,-2.1561909,-0.49932358,-1.4657785,0.14170542,1.4943289,-0.14034398,-0.35282832,-0.9484458,0.3076799,-0.12215486,1.6059096,0.01677131,-0.6904708,0.50532615,-1.5926651,-0.46088725,0.6885847,0.6562186,0.013208537,-1.0646392,-0.03465862,0.5622071,0.92247045,0.89580286,-1.4683278,0.04400292,-1.1366233,0.4204561,0.13863106,0.013363203,1.5379533,0.18789253,1.3451133,0.37797144,-0.5997435,0.27005976,1.0927426,-0.3420561,0.2333576
Normal_CAGCCGATCCACTGGG-1,-4.5260296,-0.39100474,-3.4969466,-1.0800867,-1.4881111,-0.46883982,0.99596655,1.351344,0.52786475,1.3869202,0.7478355,-0.21057443,-1.3433548,-1.6154487,1.9850135,0.6895234,0.70066243,-2.8435695,-1.4252185,-1.1138072,0.7173864,-0.8156796,3.776625,-0.777925,-1.0825582,-0.75507843,1.7866094,-0.42096016,-0.52460283,1.0695809,2.8039856,0.14810368,1.9804934,-1.5145369,0.99764585,0.5838907,0.8198002,0.16019075,-3.014734,-1.7481717,-3.400307,0.16531423,0.5482989,-0.08425314,0.43117914,-1.5609914,0.18547408,1.9335641,-1.965323,-1.1188681
Normal_CAGCGACAGACATAAC-1,-5.55495,0.71488965,-5.76615,3.3256383,-2.6332524,0.4606586,3.1369047,2.0357184,1.190275,1.6019398,-1.8348703,3.480261,-0.8482569,1.6327977,3.145368,-3.268652,-0.9964076,-0.8375297,0.16571073,-1.4915645,-2.5306296,0.6788829,1.7781714,1.0306963,-1.0392164,0.2514027,-1.1223131,1.922277,-1.9744271,-2.526175,2.6672144,-0.8117493,-0.084285714,-5.0356054,1.540642,4.9413633,2.3178825,0.6458024,-2.4588428,0.8245074,1.9197958,-1.5083663,-0.30537084,-0.021124775,0.612065,-0.06625277,-0.06195142,0.0013404179,-1.2549659,4.0510116
Normal_CAGCGACCAAGCGCTC-1,-4.430629,-0.44259295,-3.3677378,1.6642853,0.81178,-1.9437199,-0.2624644,-0.8289592,-1.0709225,-1.32529,1.0791396,-1.0663267,-0.49873835,0.37562698,-0.074049205,0.8805963,-0.72643846,0.6837996,0.75111645,0.5775139,0.08217798,-1.2827954,-0.881531,-0.94795287,-0.9571934,1.3869289,-1.9915148,-1.3074824,-0.627938,0.0072634006,1.1317952,0.85427904,0.34090137,1.3862844,-2.1077578,0.11466369,-0.13476497,-0.5411405,-0.28809738,-1.0921463,-0.3846739,1.0906279,0.15031065,0.343752,0.6631947,1.0005156,1.0928643,0.07003111,2.0025709,-0.57817763
Normal_CAGCGACGTCACCCAG-1,-6.989376,-5.0041966,-3.4633281,-9.099685,7.669631,-0.68432534,-8.416983,-6.571957,-5.8603883,-14.267536,-10.539725,12.775542,0.46483618,0.6208113,-2.402385,-13.107286,6.6622834,-5.4967694,1.1528988,3.6087613,0.46557558,-6.807902,-4.697645,2.7160347,-9.21441,-6.6724567,4.4414806,1.0748297,14.087546,-2.9770906,1.8347335,-1.2752789,11.914953,3.5910873,-2.5325294,-0.48992074,-8.167396,-1.307114,8.077138,1.1170554,-6.5038886,-7.846109,-8.317421,-10.266637,7.779555,-10.498881,13.546744,13.241668,-1.261398,-4.520153
Normal_CAGCTGGCAACTGCGC-1,-10.232903,-16.288752,-6.0260124,-26.637388,35.689697,-4.494626,22.746626,1.90443,-4.102492,-4.4962564,-0.6177938,-2.2843246,-4.1855717,55.148743,-26.977205,10.477415,-5.6132445,-26.793922,4.6228137,-1.5477563,-5.1017017,7.4746614,0.31228414,-1.6172084,2.7370799,7.062165,-5.4682655,0.35036016,2.292017,-1.2942207,-6.864131,2.2986078,1.4292492,-12.195324,-5.9263887,-1.2632952,1.6721683,-5.3279033,3.4027336,3.6227155,1.961358,-2.397467,-2.3410866,-3.630555,-7.1761503,1.1905954,0.561765,-0.5082085,0.52295953,-3.6808443
Normal_CAGGTGCAGACAGAGA-1,-3.9101803,-6.7821097,2.6964288,-1.4641596,2.636358,-4.4826884,-6.7364583,-0.026927028,-2.2739103,-1.7351532,0.4468927,0.00461671,-2.2495263,-2.7393148,1.827935,-0.9588725,-2.2449157,-0.6960459,-2.5447822,-0.5078854,1.4681472,2.5899312,-0.60568726,1.494984,-2.1772928,1.8206264,-0.8784165,0.4484948,0.55245095,2.6362433,-2.3509467,0.58889586,-1.2243106,-2.4340122,0.8450695,2.9960237,-0.8636438,-0.58716106,1.339437,-0.29288715,-2.9214408,-0.30458364,1.8724518,0.039831374,-1.6885049,-0.32953352,0.5428168,-1.8498738,0.17546931,0.2496781
Normal_CAGGTGCAGGCAAAGA-1,-3.3907046,7.216222,-2.7594702,2.2144146,0.034776837,-0.6761505,2.1628177,1.5779444,1.2967451,-2.6745203,-0.49339336,0.064514585,0.0025352172,0.34494197,1.6233354,-3.2088218,-2.0888646,0.8296949,2.3397152,-0.47867298,0.38831505,1.2192926,-0.28537628,-1.2775002,-0.7223,0.79379594,2.096879,0.9699751,-0.99935615,0.6846535,-0.29513505,-0.39329088,0.72388333,1.7386285,-0.2407452,0.940453,1.7980415,-0.67238533,0.6512266,-0.70793974,0.7229773,0.340711,0.9243951,0.6053699,-2.4589345,0.14944395,-0.69045514,1.8989902,-0.22719958,0.103237756
Normal_CAGGTGCCAGATAATG-1,-5.762667,0.6131976,-5.888773,2.6963978,-1.5672404,-0.26458338,1.0914989,1.160462,-0.46714562,4.0870476,-2.3036325,2.9968529,0.4534891,0.11947332,-0.23465125,0.4727685,0.52794623,0.23399173,0.057198685,-0.03986753,0.4717297,3.1337478,1.0042312,0.63746923,-1.4864945,-1.0114058,0.93593323,0.6899601,2.6486075,0.5242168,0.06629166,-0.43458742,-0.62927073,0.62511027,-0.50318176,1.1600956,-0.36311644,-0.07127696,-0.42600292,1.3682415,1.1211802,-0.253947,0.35478008,-0.23561078,-0.055215493,-4.3343415,0.08061595,-0.8985603,1.6511208,0.79381925
Normal_CAGTAACCACTAGTAC-1,-4.565698,-0.875134,-3.8440006,0.77612156,-0.6334427,-0.5418331,1.0466366,0.5885583,-1.3129475,1.4777255,-0.83195007,-1.6799182,2.2719305,0.07339337,2.666253,1.353641,1.2630852,0.5568134,1.1634383,-0.9129895,-1.0263925,0.6709115,2.29836,0.36610675,-0.38831967,0.80027354,1.475881,1.1661398,1.4065725,1.2459018,1.4291204,-1.4560181,-0.69058496,0.9552356,-1.3491291,-0.046910744,0.612424,2.024772,-0.8694564,-2.1270134,1.2676544,-0.6040513,-1.0731894,-1.3230538,-1.4290037,-0.47155967,0.6620405,1.0930163,1.0731602,0.057390418
Normal_CAGTAACTCCGTCATC-1,-7.1955986,1.3574988,-5.282677,0.0019987978,0.23602997,1.7545841,1.5528374,0.25366864,3.6780827,-0.19782972,0.58373386,2.013986,-3.6405551,-1.8405808,-1.4711071,1.1831608,-1.8029954,-0.6250854,-1.8514081,-3.1870773,1.6029447,1.3751392,0.84277755,-0.4972632,-1.2916354,-0.6026783,0.30614337,0.24590217,-2.004975,3.1956296,-1.2458427,0.089455366,-1.0350558,-0.8327016,-2.3264744,-3.1211739,1.056621,-1.5193613,-2.015162,2.0126164,-0.28564808,3.2941341,-0.7639373,-2.596938,2.8345544,2.6555939,-1.4913901,-1.433478,0.774066,-6.314689
Normal_CAGTCCTAGATCCTGT-1,-6.632359,-3.5773718,-5.4864306,-1.9597698,2.2285433,-1.4734055,-1.637436,-3.4104192,-4.7374196,0.6402362,-0.7111096,0.5525733,2.8592732,-2.53024,-1.3466989,3.702857,3.1971366,2.745423,4.726983,0.4522319,-0.73003864,-3.672961,0.4121004,-1.8414401,-0.58615613,0.8997326,2.4758666,-0.8349142,0.26052463,-1.4935752,4.769018,1.7870091,-2.3865094,-1.6810536,-1.1045121,0.3225739,0.5776436,4.401742,0.8607589,-1.1690167,-1.4059191,3.416982,-2.4423182,1.4180988,3.8785176,1.087807,7.2519846,1.4549326,-2.487411,2.0524206
Normal_CATATGGCACTGTTAG-1,-6.9362698,-1.6752198,-4.3528395,-0.33142743,0.36088476,-0.50934476,-2.3225272,-0.8396483,0.2875534,-1.4091977,-0.22043796,-0.47748545,0.0058787744,0.0091113895,0.67086023,0.2544274,1.3705053,1.6395931,1.8942282,1.87571,-1.2577095,-1.560914,-3.3336642,0.52444124,-0.9252639,-0.024813777,-0.35962108,-1.6431063,0.5883,2.1074092,-0.73772585,-2.4573421,1.6171923,0.06448355,-2.631382,-1.1500238,-3.5654547,-1.7106267,1.2755278,3.0592337,1.88583,-0.8244543,-0.10314669,1.2294505,0.73700744,-1.5189667,1.7550627,0.40836138,1.3355558,2.3257892
Normal_CATATGGCAGGTGCCT-1,-5.083349,0.35163897,-3.770731,1.2116882,-0.29978052,-0.6545971,-0.105649136,1.6944505,-0.33135012,2.217954,0.669642,1.4752856,-2.4721043,0.4313344,1.6349266,0.43863684,0.8093108,-0.3292293,0.0002739156,-1.3292221,0.37118575,-1.0765343,0.21264124,-1.3528075,-0.7346939,-0.23368032,0.24462822,0.5506482,0.034729898,0.9059742,1.0180568,-0.96946543,1.6554828,1.2047035,1.7152067,-1.569529,-0.0041089486,-0.64373887,1.633425,-1.4399253,0.26822662,1.0979531,0.013795119,2.16464,-0.24291454,0.18200853,0.40626016,-0.18729319,0.66115415,0.18125406
Normal_CATATGGTCCCGGATG-1,-5.176623,0.05658176,-3.0817683,2.3373358,-0.8738393,-2.484686,0.8535889,0.21130778,0.09430749,-0.7503106,1.1975936,-1.3003188,-0.91334224,-0.32342416,1.2564615,1.0038178,0.7466093,0.09785573,0.5813247,1.9434344,-0.63120645,0.8660393,-1.4858633,-2.077367,-0.58210504,0.15197498,0.3065211,0.1606182,-0.33960107,-0.55416214,-0.67169464,-0.123118915,-0.5871705,-0.42514646,0.21100052,-0.84580296,0.4669195,-0.9347588,0.28405035,-0.12909226,0.038028874,-0.06536947,-0.20275906,0.082182795,1.3142029,0.33592632,-1.7530074,-0.9422826,-0.50497323,0.28612354
Normal_CATATTCAGCTAACAA-1,-3.7195768,8.518934,-0.9605538,0.31105933,1.4852265,-2.3141704,1.0570164,0.69869727,3.4990993,-6.340303,0.45381698,-0.94108486,0.8289689,0.79073435,-1.8783084,-4.4144,-1.3937155,0.631476,-0.36458048,-0.03565219,0.71527666,0.17300016,0.46056464,-1.3035694,0.6128268,-0.15788074,0.4572875,-1.0860949,0.20826913,-2.7867322,-2.5338025,1.0697025,-1.5289966,3.2689,-1.6717074,-1.67075,0.86063033,0.008489761,0.39311856,0.15679687,-0.10160329,1.3352932,1.7284801,0.84499043,0.60718894,-0.29819596,1.788675,0.043069508,0.62321794,-3.3016586
Normal_CATATTCAGTGTCCCG-1,11.837932,-1.3746718,-2.5661035,0.25846058,-0.6885547,-1.8267342,-0.22297637,0.5615399,-0.38394007,-0.5939015,1.4147545,-0.40955088,1.1027112,-0.15010676,0.0054894257,0.15161966,0.21418862,0.17243992,0.09359923,1.7247341,1.0907077,-0.56746966,-0.47434515,0.56318337,-0.9353769,0.39613783,0.8071909,0.009924064,0.19748539,1.0315144,0.16696225,-0.5302876,0.269871,-0.47888207,0.91356087,0.40831003,0.03965177,0.41884366,-0.86516976,-0.25690407,-0.49183398,-0.9066519,-0.030912206,0.20421416,-0.24952777,0.88391834,0.44231397,0.44734827,-0.8148306,-0.17877756
Normal_CATCCACGTCGAGTTT-1,-4.74695,-4.1984005,0.74599105,-0.8281482,1.3728127,-1.1331097,-4.8036,-0.53552353,-1.4923478,-1.6590679,-0.21618599,-0.16656017,0.8901884,1.2164491,2.366367,1.9816611,-0.9913159,1.1945933,-1.3670145,-2.3975077,-0.9168918,1.3893592,-2.4235659,0.4671937,-2.177481,0.71335405,0.576767,0.68217164,0.9105437,-0.66504586,-1.049626,-0.45745412,1.536726,3.755601,-0.9397188,0.88194585,0.65141517,1.6204926,0.2981801,2.023017,0.40080735,0.81404555,1.1845131,-0.49753946,1.5862688,-0.04979567,0.31055224,-2.0624492,-1.0743457,-0.7266144
Normal_CATCCACGTTCACCTC-1,-0.5369156,3.3055263,-1.9911205,1.1261415,-1.5422206,-0.70820314,-0.1932795,-0.64708275,-1.1981279,1.099252,4.4332247,-0.028611787,0.5643601,-1.3593004,-2.3774827,-1.274256,0.55242354,-0.30818763,-0.73861635,-2.0089202,-0.3505385,0.9456015,-0.98325044,-0.3921224,-0.015023605,0.108816676,-0.08142933,-3.1097016,0.9445339,2.885864,1.8538358,1.4387888,0.46207425,-1.0844388,-0.60974336,-1.0477958,0.16562538,0.5162371,-0.92584974,2.1963909,0.524997,-0.8483185,-0.78820205,-1.2341598,0.11559399,0.38038823,0.19607374,0.91267806,0.9927766,0.14579172
Normal_CATCGAATCCACGACG-1,-8.877794,-0.48307976,-5.6825905,0.22070287,-1.58507,2.9824994,-1.6571252,-0.76618004,1.2798573,-0.5435765,0.6634487,-1.2459348,0.48460937,1.2185783,1.2542439,0.07899107,-1.0558909,1.2072761,-1.2802604,-2.430942,1.9787462,-0.6682993,-1.3768349,-0.75148785,0.4210638,-1.3064142,-2.1406386,-0.16467491,-3.574532,-1.0460235,1.02165,0.6951832,2.5677404,-2.4360173,-1.1577808,-1.9205142,-2.6875734,0.2667411,-0.6363057,-1.7673422,-2.170957,-2.4608676,0.68006146,-0.8580068,1.4046577,-2.4957435,-0.8072428,1.423884,-2.7547426,1.7437012
Normal_CATCGGGAGGACGAAA-1,-2.6339245,4.4205565,-10.408477,-108.58251,-88.221535,-32.016994,20.117437,-15.413765,4.079068,0.13089947,-0.12825118,-1.5243251,2.445507,0.49450362,2.0946627,-0.6991208,-0.90610737,-0.05519181,-0.8745997,1.3161085,1.058214,-0.07918239,0.6439895,-0.22014205,0.4770367,-1.0264428,-0.77504104,0.8997512,-0.39241824,-0.5084064,-0.4459215,-0.38970408,-0.016477086,0.6446344,0.2874366,1.1471486,0.21427484,-1.3627802,-0.5611242,-0.8453836,1.4477537,1.1809821,-0.41357335,0.44825187,-0.7649066,-0.25279233,-0.3458044,0.38083747,-0.27567884,-0.3607166
Normal_CATGACAAGAGGTACC-1,-5.244876,0.2959889,-4.767735,1.9331462,-0.93690574,1.2964666,1.3436636,1.4006102,0.1426514,0.71067077,-0.6524825,0.16554429,0.50570595,0.27328876,2.4944513,-0.5199945,0.23984721,-0.28512475,0.35715264,-0.2727293,0.03799074,-0.6873082,1.7836193,-1.3028406,0.87445515,0.9730407,0.8231255,-0.97011507,-0.77731854,-0.86613894,-0.47114766,0.8304963,0.75864005,1.0005279,-1.0654469,-0.06843107,0.44752327,-0.049193293,-0.46298632,0.40144172,-0.8518183,0.32184887,1.8390031,-1.6901011,-1.3045006,0.34609666,1.0205752,-0.9792786,-0.8566941,0.050495073
Normal_CATGACACAATGGATA-1,-4.560473,1.4881902,-3.0926716,1.0123534,-0.73728603,-0.41148356,-0.5782693,-0.58151275,0.053845942,1.5511249,1.8418015,-2.5482526,0.6242568,-0.061146077,-0.6045169,0.11342032,-1.8511819,-2.980129,-1.4984502,-1.2636089,1.3253642,-0.72516716,-0.5077668,-0.37959278,0.9108063,-1.5783471,0.6642046,-3.3514333,-1.0043477,1.9736506,-0.53900933,-0.39191452,0.87966156,2.2435472,1.7393773,0.94117755,0.6870715,-1.894694,-0.61316043,-0.34040013,-1.2053373,0.6914076,0.048287358,-0.27872312,-1.4357201,-2.0880377,-1.0969193,1.1659784,-0.50687945,-0.013802302
Normal_CATGCCTTCTGACCTC-1,-2.9591134,16.754362,-1.2576836,-2.4952252,4.211861,-3.51324,-3.4820395,-0.39129725,-0.5404331,1.0784646,-2.9649844,-3.2700377,-2.9340334,2.8963099,2.8276763,-1.1855057,-1.331817,-1.2474214,-1.2601424,0.46453738,1.8463503,-0.96257055,0.30465612,-1.47704,-0.18372928,0.41530198,-1.470603,-0.61135197,-0.21382493,1.9773797,2.1820374,0.12720965,-1.2691395,-0.6111799,-0.7078368,0.82976246,-1.855799,0.3319678,1.8011869,-0.7847113,-0.59252805,-1.1671206,0.16691206,2.1444755,0.7075431,3.3417478,-3.2393746,3.1928408,0.836015,-0.09672982
Normal_CATTATCAGCAGACTG-1,-4.365651,3.120804,-1.4418566,1.3742481,-0.58296967,-3.4960656,1.9316053,0.8561337,0.71295834,-4.138914,1.8002064,-1.3170844,-0.67363626,-1.0647703,-0.36120737,-1.626166,-0.49205303,0.2690928,-0.65074,1.7414248,0.056101453,-1.3702885,0.05625266,-1.1006279,0.9151891,-0.60480416,-0.8605533,0.41197252,-1.7818933,-1.0014588,-1.0588919,-0.029015606,1.7350137,1.2857419,-1.6207538,-1.9492358,1.2195853,0.6028384,0.9878141,-1.7084659,1.7960314,-0.4773196,1.9786465,-1.018209,0.58085436,0.3239088,1.0829812,-1.6888236,0.23415637,-0.58526826
Normal_CATTATCCACAAGCCC-1,-4.93179,-1.7269307,-3.0380304,1.3986729,-0.5123804,1.7541814,0.30516395,0.4284406,-0.16911168,0.84772354,-0.20479953,-0.08113544,0.87485415,1.11302,2.0308511,0.4828665,0.98656213,-1.0262662,-0.07358054,0.43628132,-1.8627757,0.12586252,0.21879004,-0.85615516,0.050653875,0.003739304,-0.17562915,0.17399588,0.92430127,-1.3474466,0.15522054,0.5637659,0.83237714,-0.20391798,-0.06671605,1.1132774,-0.29167134,0.6348327,-0.50167567,-1.7143979,-0.08575377,0.7723493,-0.8488592,-0.05498314,-1.5046965,1.5041556,0.639987,1.9185625,-1.2095878,-0.17568383
Normal_CATTATCGTTCACGGC-1,-1.9276165,-1.7397145,-2.5188527,-1.0605295,1.8330318,-0.85618,-3.1288528,-0.41982907,1.7339593,2.5307949,5.923875,2.6998148,-1.3888369,0.041218717,-3.6062896,-0.07081615,1.7240493,-0.8551097,0.11804327,1.9494864,-2.23478,0.23899676,1.5810119,1.416524,-3.0531178,-3.308834,-2.917294,3.0126781,-2.2014322,-2.6560264,0.91661566,-1.7838829,0.06414288,3.0391986,0.19654787,1.0411972,-0.62261444,0.7736667,-0.14553277,-2.8042872,2.3975482,1.619094,0.42591733,-0.95001775,-2.158668,0.7362724,1.9118588,-2.2372243,-2.7571151,-2.9320917
Normal_CATTCGCCATGCAACT-1,-6.5001154,0.11568263,-5.3135166,0.18943778,0.04760675,0.17891645,-0.45809317,3.0161068,1.0715145,1.443654,-0.24717525,0.37281924,-1.8661165,-1.2977375,0.79338306,-0.54262435,1.4815359,1.4109428,-1.293499,1.5798521,1.9845546,1.4014939,-0.7770228,-0.5392938,0.9048742,-1.528348,0.81893253,-0.39338884,0.19011885,0.86604416,0.5399594,-2.3331292,-0.5741365,2.3952878,-0.03746448,1.9799063,-1.497907,-1.095042,2.553295,0.8502333,1.3007102,-1.8252637,-0.736758,-0.9206451,1.9485216,-0.56274366,-0.9063159,-1.3157026,-2.4836488,-1.4471732
Normal_CATTCGCGTAGAGCTG-1,-6.2984385,-3.6697183,-3.1920004,1.3832732,-1.4213703,-0.23698288,0.09328813,0.33456355,-0.6222632,2.5935686,0.57187957,1.894043,0.9903208,-1.0699847,-1.1101586,1.1513273,0.45880267,-1.0100595,1.6100897,1.903338,-1.1876227,-0.60008556,0.5212778,-0.30105174,0.28480688,-0.3271983,0.7677711,-2.1809556,0.25360003,1.0502188,-0.118528925,1.6917225,0.3379854,-0.45966095,3.244875,-0.78214186,0.28708026,1.6173872,0.19001363,1.0678374,0.81754696,-1.7670738,-0.5148346,-1.8268741,0.23482437,0.22473852,2.2334998,1.2206687,3.4844527,0.7361564
Normal_CATTCGCTCGAATGCT-1,-4.9970365,2.0610557,-2.8378525,1.5957252,-2.2619162,-0.39245522,0.56780314,-0.5328833,-0.41029015,-0.050293516,-0.19321819,-0.098263666,0.52042407,-0.28670645,1.0868609,-0.5575377,-0.6836815,0.2818774,0.5586932,0.61034036,0.6889237,-0.17793474,-2.1271327,-1.0502583,-1.2063979,1.3439951,1.1175421,0.26182917,0.64074016,0.80563647,-0.31050465,1.0411983,1.7709246,0.096162185,-1.0970489,-0.36461768,-0.81060946,-1.67184,1.5120848,0.58951443,-1.1859831,0.6930045,0.31362048,0.10519241,0.25572947,-0.5999001,-1.2972255,-1.1953793,-1.3829312,1.0903441
Normal_CATTCGCTCGTCGTTC-1,-5.0970535,-4.5667725,1.8172833,-1.7812908,1.4920594,-3.6262698,-5.068873,0.9114144,0.40833586,-0.07734545,0.2817694,-1.7216724,0.35015902,0.6133214,-0.8955081,2.7791817,-2.163798,0.5137599,1.8157252,2.0180333,-0.4271014,-0.030276226,-1.9139812,0.32461637,-0.08267192,0.7143504,-2.583957,-0.15706912,-1.5322539,-0.75286794,0.8410236,-0.68320614,-0.9046824,2.203213,-0.36273405,0.6421981,0.2592829,0.6437952,-0.78569484,0.33433646,-0.4762982,0.19931535,1.4780241,1.6952889,1.3429606,-0.57432395,2.9631472,1.7630312,0.8422559,-1.1704842
Normal_CCAATCCCACCGAATT-1,-5.786902,3.4599078,-5.9699845,2.7463226,-1.148124,-2.1169915,2.4255042,0.6772764,-1.3877212,1.0879486,0.16658111,1.1624272,-1.0182837,-1.3489784,-1.5574819,-1.0961766,-0.25450832,0.29455832,1.3404613,-0.60641396,0.74043244,-0.11422794,-0.996865,-0.21722598,0.60601306,1.0881317,0.8913754,1.0272644,-1.1179641,2.345014,0.8246839,0.19864367,-0.30148137,-0.19717406,-0.3851963,-0.3077458,-0.28921536,1.2761437,-0.57336515,0.6186213,0.43104312,0.19331582,-1.3896722,-0.29973838,-1.5947825,-1.5614445,-1.8821146,-1.0500065,-1.6955682,0.3059631
Normal_CCAATCCCAGCCTTGG-1,-5.545074,1.0260956,-6.1582003,0.80268496,-1.1244316,-0.33896363,-0.022495918,0.41969353,-1.1735499,0.58967984,-2.0294633,0.7598997,0.25151062,-0.4738686,-0.58820397,2.087672,-1.0234722,-0.011101384,-1.5685133,0.88855875,-0.6375272,-1.0411317,-0.14995056,-1.2695074,-0.13647501,-1.188836,-0.8741774,1.8347706,2.304515,0.714785,0.5242243,-2.2308848,2.2609034,0.6649011,0.12826763,0.4173019,-0.40499446,-0.8325084,0.85044056,-2.3563836,-0.99272025,-1.4649837,-1.0233158,-0.23387863,-2.360161,-1.6709839,-2.3784811,0.056906153,-1.1046008,1.1316476
Normal_CCAATCCGTTAAGATG-1,-3.2973256,3.18409,-4.141188,2.8988848,0.08269027,-1.8151433,0.7123305,1.8708773,2.4440901,-1.2334306,-1.3005792,-0.45156017,-1.4509276,0.427779,0.21768692,-3.2507856,0.6099975,-1.1766554,-0.9042871,1.1746151,0.5718202,-0.16358319,-0.29426405,0.84800595,-0.71571386,-1.0058182,0.49011526,0.347321,-0.67337096,0.30004096,-1.0177343,-0.612541,-0.6711119,0.72143,-0.82764685,-0.78496885,-0.25527868,-1.3658319,0.6002472,-0.68684304,0.65475714,0.71146035,-0.44043452,-0.6935345,-0.012927971,1.6977464,-0.7490503,1.9912508,0.99628204,0.39677987
Normal_CCAATCCTCCGTACAA-1,-6.5766397,-0.6753006,-4.506846,0.47952217,0.3562667,-0.6881686,-0.251711,-0.02232913,-3.1098588,2.6264107,-2.3795202,0.09331168,2.5256486,1.0542586,-0.27294496,2.3861039,0.62413365,-0.80908585,0.1552356,-1.0482,0.35353422,-1.0236197,0.115839206,0.9485549,-0.37302026,0.4853754,-2.332804,-0.46398935,-0.8597938,0.3206761,-0.18122388,-1.1063339,-0.064743645,1.4964166,-3.0457373,-0.30029118,-0.24182111,3.8217127,1.5906974,0.5706452,-0.9672169,-3.9566746,-2.1168296,0.57637745,1.8215073,-0.6916711,-2.308539,-0.6765209,-1.1156342,-1.4766151
Normal_CCACCTAAGCTCCTCT-1,-5.9780526,-0.16449438,-2.9255822,-0.017698461,-1.044158,1.3751761,-0.85875857,0.8732774,-1.6042688,-1.0396376,0.49639776,-2.7107382,0.16590416,1.4472615,2.7658072,0.8665908,0.16532557,-1.2551079,0.48228303,1.3245027,-1.1699833,-1.4959164,0.9500477,-1.6045208,0.7067114,-0.51413566,-0.79914683,0.5972413,0.03509821,0.5286223,0.6535292,-1.3394235,1.2734596,-0.89681387,-1.6334081,-0.44232166,-2.3830917,1.5625849,-0.91089624,-0.98000413,-0.13525614,-1.4096735,-1.2876441,-1.2592126,-0.45731482,0.5525294,-0.8817519,-0.07383933,-0.12740622,0.81004375
Normal_CCACCTACACCGCTAG-1,-4.4749203,0.0840559,-3.626005,-1.2776924,-0.10030713,0.96325624,-1.9894645,-0.28029057,1.1991873,0.3835828,3.2659726,-1.8989184,3.055618,1.5163838,3.2182713,-0.7472789,-0.012069837,-1.0473799,-1.6138667,-2.59721,0.1662969,-0.28117862,-1.4465576,-1.3797559,-0.06361535,1.1650264,3.1820521,-2.141775,-0.23509477,1.0734162,-0.5486726,-1.1377153,-2.554238,-0.7091628,-0.9015767,-1.3075391,1.2999238,0.32110336,-1.0045931,0.49627128,1.9592363,0.87164164,-0.51787895,0.14822115,-0.8869134,0.09086213,-0.48948234,-1.0540173,0.682838,-2.8182042
Normal_CCACCTACATGGATGG-1,-2.2312617,4.1874948,-2.8041413,1.9751209,-0.39765072,-4.27686,0.19700117,1.0244541,0.65806156,-3.4675612,1.2026699,-1.8359776,0.27005973,-0.29684305,-2.0529613,-2.0447104,-1.9619883,1.0787259,-0.99082154,-0.88687027,-0.5965196,-0.69431967,-1.2617894,-2.2564588,0.17467867,0.0116561735,0.04393481,-1.5382339,-1.9618534,1.630129,-0.15428562,0.8352207,0.077646874,1.2191573,0.5412263,0.99626434,-1.0590848,0.69684845,-0.31418246,-0.41543734,-2.0443397,0.08608475,-0.84631383,-0.81004304,0.33547926,0.25750998,3.0459387,2.3361077,0.88609827,-0.012890716
Normal_CCACCTAGTATCAGTC-1,-6.48163,2.0602043,-5.676517,1.8536216,-0.5672021,1.0295002,1.3784149,1.1004498,0.59916335,0.11011539,-0.7782807,0.53566617,-0.45445016,0.6091189,1.9069566,-1.3194436,0.7138667,-1.2035751,0.40232605,-0.8422227,0.02459436,-1.180978,-3.2024114,0.82619596,-1.7710658,4.4046173,-0.21826892,0.8893982,2.2483633,-0.6262335,-0.08992117,-1.0612103,1.5349016,0.4577788,3.7967153,1.1154544,-1.948207,1.1833771,-0.43571955,2.3666935,0.39136982,0.48552987,4.974456,-1.1880686,0.2620792,1.0649898,-1.426565,-1.5367503,-1.9801962,1.311759
Normal_CCACGGACAGCTGCTG-1,-2.7593284,-2.7785654,-0.34374872,0.30154535,0.29386872,-2.0694218,-2.4928002,0.0009066645,0.027294332,-0.08893977,2.5561402,-2.8815482,0.30530477,-1.4264238,0.7910894,0.9087956,-0.18533121,-0.6078438,-1.5708612,-1.7090397,1.68209,0.431622,-0.9259349,0.87427664,-1.1943326,0.46515697,2.160413,-0.11949053,0.68977857,-0.08283411,1.3129357,0.68888056,0.6229675,0.16788065,-0.5313222,-1.0784948,-0.62880874,-0.38988787,1.9862835,1.0578548,0.6724008,-1.0294977,0.1181576,2.0202098,0.13409905,1.4225948,-0.12106781,0.6959177,-0.7270823,0.18992096
Normal_CCACTACAGACAGGCT-1,-6.814687,-1.8438457,-1.4222034,-0.6108809,-0.16310753,0.5663038,-2.0389743,-0.042372532,1.1535707,0.24755627,-1.612425,-0.056487918,0.25375298,1.1277509,1.0209825,-1.0232393,-1.4420496,1.5299981,-0.13760734,1.3568338,1.1669248,0.5749491,-0.4200879,-1.0501674,0.091795675,-0.8768958,-2.9919388,-1.946492,-1.6084422,-1.994366,-1.3402262,0.10548248,-0.06504092,1.1473852,-0.15088825,-0.8642345,-0.6415262,1.12175,-0.5927101,-2.288456,-1.7369939,-2.3280838,-0.14657332,1.515262,-1.3906785,-0.45604423,0.49181616,1.0395756,2.7229629,-2.1236372
Normal_CCACTACGTTATCGGT-1,-8.822198,-0.7713045,-4.1580195,-5.3871517,1.803311,6.5722017,-4.9311905,-2.2341897,3.9735522,-1.6475542,-3.516816,-9.581078,5.656341,4.6082177,-1.2703658,2.1503646,-0.43068373,3.305419,-1.4752926,3.3764968,0.2444208,-1.9526404,1.305431,-2.7341273,0.7665457,5.858926,4.834016,2.0996819,1.7693645,-2.5018454,1.7803143,10.615316,-1.2683175,4.354587,8.080231,-1.3002328,-0.7559676,1.1513116,-2.1032186,3.353632,-7.4988346,-4.7117853,1.6667563,7.573678,-10.008908,-2.6862133,-7.8811984,-12.321022,10.722155,2.03099
Normal_CCACTACTCAAACGGG-1,-4.3425283,0.27528006,-0.92689323,0.48021,0.37517476,1.7990735,-1.5496382,0.29833424,2.862521,-2.4969583,0.7121225,-4.5910277,0.5543482,3.6249928,3.2135818,-0.36388522,-1.7026299,0.6975875,-1.7705702,-1.0194671,-1.1790166,0.79785,-0.75135267,-1.3009487,0.51878095,1.8067125,1.2016268,-1.5221226,0.17584278,-2.1062047,0.8882627,-2.895901,-0.082174726,0.13930778,-1.6482406,-0.715567,0.066240475,-0.1375872,0.2957952,-0.07493391,0.038154416,0.7145256,-0.98151684,2.364322,-0.1723862,-0.9043275,0.6909728,0.37157324,-1.1637821,-0.35072327
Normal_CCACTACTCTCCAGGG-1,-7.203273,1.9248707,-6.7091036,-0.014489188,-3.3933685,4.406344,2.1988301,5.388029,-0.69938046,0.73443705,0.9968099,1.4212772,-0.8997639,-0.3798878,0.8193876,-1.6262741,1.2399366,1.3758138,1.6301283,-0.110735245,-2.0624094,0.80636424,3.0985005,2.3012583,2.5005903,2.5621586,2.6184561,2.1731775,-0.2523996,0.8881357,-0.97524506,-0.6335297,0.25149003,0.30103725,-1.5303074,1.294333,-0.5101251,-1.1028155,-3.0370128,0.6027834,0.18718036,0.6780365,0.0075278585,-2.0443652,0.051104676,-0.969641,-4.3381233,-0.81625223,2.225563,1.6075991
Normal_CCAGCGAAGTCCATAC-1,-7.2644534,5.3919563,-7.9532185,2.5120478,-1.1210688,1.6394199,1.7120987,0.39290774,1.2774688,1.4437505,-2.3360589,0.05606466,2.376909,-0.7190225,-0.22607511,-4.9225206,1.5871868,0.7768653,-0.7848011,0.74192715,2.2394764,-0.16804542,0.26636013,-1.8259846,1.0432278,-0.96417654,0.2375189,1.5201249,1.2869691,2.4950283,3.0000758,-0.8192256,-0.32565594,-2.6060698,-1.1015779,1.0720598,6.5125875,0.8623791,0.022459662,-4.4573197,-0.3314019,-0.03225614,0.72879803,-1.2415428,-5.811475,-1.7038122,-2.5002613,-0.56227124,1.0750692,3.5041277
Normal_CCATGTCAGTCCAGGA-1,14.8541565,-0.8977321,-3.7301211,-1.4847769,1.8461795,0.13104215,-1.3175105,-0.17085576,2.0790422,-0.21886055,1.5374198,-0.18257754,-0.4453512,0.34997705,0.08522946,0.9453917,-0.50944155,-0.03627301,0.7472711,1.737149,1.5433942,-1.510657,-1.0964992,0.47601792,0.0077359076,0.2127594,-0.5724118,-0.67403215,-0.31996647,0.9596468,-0.68231386,0.33819592,-0.12111229,-0.98328507,0.06970728,-0.31822306,-0.8528601,0.5706648,0.7582996,0.44185096,0.43297905,1.0909779,0.50241506,1.1849477,0.85249734,0.6497886,0.16298208,0.4169276,-0.63525504,0.19847274
Normal_CCATGTCCAGTTCCCT-1,-3.939245,-0.2777991,-1.1516134,0.9332981,0.903704,-2.072825,-2.7926779,0.7537518,1.2861338,-4.25967,2.733436,-4.8635697,1.7945551,-0.12413418,-0.3040103,2.03932,-1.3268468,2.8789854,2.0362225,1.5724151,-3.2427933,-0.91555995,0.58167166,-0.0010640932,4.4671264,1.3689581,-6.0957947,-1.7736672,8.822272,-1.7134069,3.940758,-7.8555374,-1.5142293,0.95037955,1.9488932,-1.619977,-2.0772543,0.39746675,8.79033,-0.13640027,-0.20654431,0.26676702,-6.0120106,3.0684881,-1.1271852,-2.9250052,3.5941672,0.7149793,4.609729,-1.218456
Normal_CCATGTCGTTATTCTC-1,-1.8256994,1.4767741,0.2953247,1.6410259,0.08357396,-2.9729931,-0.85145277,2.5846512,1.6552165,-2.4280713,2.72016,-0.47789577,-3.3088288,-0.47884592,0.28434545,-0.25359914,-0.74876344,-0.22353773,-0.77533567,2.350885,-0.6398821,-0.518402,-0.46783254,0.48072982,1.2746387,-1.080446,0.13658154,-1.6362936,-2.7861967,0.6546042,-0.024986785,-0.47395527,0.35619807,-0.628915,-0.79894274,-1.4325793,-1.0749651,-0.7073085,-0.93898964,3.2965796,0.2582671,-1.3442233,0.521872,1.1829692,0.8833083,-1.0217274,0.6783023,-0.12020027,0.32352942,-1.0446011
Normal_CCATGTCTCGCTTGTC-1,-5.495497,0.86830807,-4.8836226,2.6629708,-0.3083747,-1.9231665,0.9100134,1.189038,-1.091769,1.298497,-0.3337545,-0.9430257,1.0118616,-0.03208223,0.16961826,-0.6232294,0.46265268,-2.413947,-0.09270598,-0.9239021,1.0310767,0.29275733,-0.22398135,-0.30186978,-0.8578627,2.1460795,0.8257605,0.435049,-0.979636,-1.9137961,-1.0093447,0.02040241,-1.0859469,0.27844247,-0.23370509,0.5213901,0.9124887,0.3640768,0.50301933,-1.2443104,-1.237338,2.162185,-0.79793113,-0.3746244,0.36862203,-1.3167251,-0.6340575,-0.32619202,-0.116377175,0.5867554
Normal_CCATTCGCACATGGGA-1,-6.338847,3.1063812,-5.0253124,0.28651488,1.0238104,-3.2002382,-0.08066572,0.35229057,0.83602476,-2.9498472,0.6446222,-0.570508,-0.977298,-1.3144573,-3.6876793,0.053985875,-2.3621788,-0.05989267,1.9563521,0.17921878,-1.4415463,-0.751349,-1.2577333,-0.85650474,-0.71168417,0.48098356,-1.2355987,0.43342972,-0.8657086,0.46063054,-1.8363429,1.3104199,0.10701172,-1.2169455,-2.2451403,-1.3123767,1.5744958,0.7611406,-3.0131252,0.40126923,-1.0660722,-2.239677,0.73645556,-1.9493475,0.3091984,0.500148,1.7717738,1.0433235,-0.9600651,-0.6882038
Normal_CCATTCGCAGATCCAT-1,-6.432896,-0.5954127,-5.2977333,0.39339194,0.65296835,1.2602549,0.4456926,-0.81551105,2.1423688,-0.6018587,0.96730036,1.9555042,-0.4305116,-0.78578895,-0.35867065,-1.5479598,-2.0838046,2.3757234,0.2990938,4.186877,0.7378939,2.0434976,-2.5758164,-0.58534676,-0.55443716,1.175396,0.43073878,-0.64827454,-1.7585677,1.1828964,-1.4429967,-0.11005354,1.3066552,0.7586189,2.241546,-1.2616185,1.4527311,1.9185061,-1.5161455,-2.1134906,-2.0822299,-1.6080066,-0.5414996,-0.85146505,-0.77761084,1.0713049,0.5568036,-0.74644345,-0.49699688,-0.48465887
Normal_CCCAATCTCATAGCAC-1,-3.6716673,0.7931447,-3.272777,2.5762293,-0.67699367,-0.32989043,-0.15761892,0.5924344,-1.253096,1.5367239,1.0150757,-0.54331267,-0.022670673,-0.30957535,2.8938587,-0.7577044,0.79409796,-1.2645354,-0.9679767,-1.5264484,0.4658581,0.8297765,-0.31509736,-0.5797097,-1.674866,1.6698129,1.7721194,0.9307954,0.87267697,0.40897977,-0.5762473,-1.0651709,1.2364718,-1.1115117,-0.01616345,-0.48307672,-0.4557874,-0.35961956,1.2501479,0.4175924,-0.7764104,0.28514472,0.14024054,0.91078985,0.87974,-1.399658,-0.30280566,-0.06337457,-0.2826561,1.5780461
Normal_CCCAGTTGTTAAGACA-1,-7.1860304,-2.6348429,-3.014621,0.004675776,0.3787221,-0.22039886,-3.2542725,-0.26633614,-1.3400398,-1.3759946,0.09157768,-0.33112755,0.3591056,0.9872333,2.9465954,1.0816671,0.4289392,-0.07229073,0.9507999,-0.04344534,-0.22651272,-0.36088496,-0.49060518,-1.5227742,-1.0739436,-1.4142561,-2.759042,0.62646145,-1.4662148,-2.0994544,1.1420162,0.20488961,0.3770854,0.81158066,-0.032236278,-0.107180126,-1.7355175,-0.12590875,0.45233303,0.7146394,-0.09265684,-1.5345795,1.2945925,3.0519772,-0.89389145,-2.1566093,1.1391757,3.558187,1.9567305,-1.1447318
Normal_CCCATACAGGAGTCTG-1,-6.5548096,-12.869971,0.9084566,-24.136366,37.3953,-4.2987924,28.957233,3.392117,9.186492,9.453084,3.6874893,7.5455484,2.826817,-29.594275,12.921229,-6.305255,-20.63293,-8.120805,-0.096906975,10.969406,-2.2109594,-4.7565236,5.688985,-3.7382874,20.666376,24.017044,-1.9003495,17.203266,6.081578,-3.3456745,-3.895417,14.433959,16.03075,-6.675187,-16.581963,0.21610504,5.897539,3.469851,6.264872,1.4683855,-1.1695871,2.3666549,0.7701103,-0.14573021,3.519017,0.13011397,-1.2243882,3.509945,-0.14243917,-2.466542
Normal_CCCTCCTAGCCTCGTG-1,-2.8018992,7.801457,-1.7175921,2.635745,-0.6109051,-5.20586,2.1227918,0.29723766,-0.91742885,-2.5235186,0.09950961,-1.0667638,-1.7488128,-1.551634,-3.5089433,-2.229564,-1.5392252,2.1286142,1.4391862,1.5856451,0.08938182,-0.2117803,-2.1656132,-1.4132507,0.8633815,2.5378568,1.3193835,-1.4335774,-1.9507185,-2.05663,-0.45858756,-0.17409521,-0.016949706,-1.6348933,-1.029207,-0.16165468,0.113902695,-0.06955497,0.12186356,0.13032618,-1.873044,-0.56088215,-0.79510796,-1.1655464,1.1088879,0.7061932,0.97784746,-0.5426816,-1.2569757,1.0570368
Normal_CCCTCCTCAATGGAGC-1,-4.260756,2.1529691,-4.13538,2.8456428,-0.7836032,-2.2512784,0.7735784,0.97053695,0.3728238,0.25168145,0.8000774,-0.17317735,-1.9956914,-1.4643828,-0.6881252,1.5120093,0.36638594,-0.2986462,0.33990145,1.7164692,1.0192767,0.35530454,-0.35677022,0.3639744,-0.8532863,-0.5334008,1.181957,-1.378537,-1.5635694,-0.38527158,0.5662244,0.16164853,-0.6378326,-0.7147606,0.6167957,-1.2159827,-0.58247495,-1.8014966,-0.15870863,-1.0685933,-0.121146165,0.93828464,-0.5640531,0.040352914,2.0806336,-1.9182034,0.56875247,0.64898115,0.47240353,0.6039547
Normal_CCGGGATTCAAGGCTT-1,-6.0190163,0.5860037,-6.798197,2.2248077,-1.4227905,0.3640865,1.8292476,1.335372,-0.26256952,1.2783651,-1.2326959,0.56316096,0.7959779,-0.7999663,0.6645149,-1.3122735,1.5218412,-0.578967,0.6664909,-2.6518226,0.14567669,1.072034,-1.4326599,-0.8870299,0.68554217,0.50644326,0.36904123,1.1739988,0.37358943,0.35502905,0.5530588,1.3768693,0.020720907,-1.7908229,2.2380235,-2.3175082,-1.3396788,1.0674253,1.6567585,0.16422711,0.7451404,-0.26618737,-1.1301998,-0.6148415,0.2376784,2.8776476,-0.350808,0.09923215,1.2312721,-0.055729445
Normal_CCGGGATTCTACGAGT-1,-8.128357,-1.8265735,-6.90697,-0.7645203,-0.23979525,2.5239282,0.7259448,0.5146117,-0.8433686,4.1916556,-1.4115747,2.9114873,2.3290725,1.7223295,-3.7821133,1.4281796,0.50381577,4.7559724,-1.718373,1.4141852,0.3470196,1.7864,0.06269369,-1.5640999,-1.1438237,0.36579517,0.3784807,-0.6223043,-0.5851922,0.12744886,-2.2230144,-0.2631008,-2.530202,0.9722668,-2.1799135,-1.747852,1.2784213,0.13353175,0.34783205,0.2382261,-0.6564924,-1.880956,3.9268613,0.30015817,0.2092087,1.3088764,-0.32028407,4.043255,-0.23647133,-2.6881468
Normal_CCGGGATTCTCGTATT-1,-7.3168783,0.8086634,-9.437556,0.8801115,-2.5141134,0.3401391,2.0826645,0.84582245,0.9634664,1.9000185,-0.56387407,3.390361,0.38681206,1.996951,-0.13817544,-2.7231774,-0.24807833,0.33314872,1.6486222,-1.6634854,0.24596328,-1.5178765,3.1168442,-1.8496921,0.89246356,3.44764,-3.530856,0.96164626,3.319282,1.6645528,-2.265457,-4.099123,-0.26677647,-2.8719077,-2.3936205,5.4920363,2.8218474,-3.3599684,2.185373,1.614332,2.0429385,-4.9093356,-3.5303779,1.2254355,-2.018666,1.1812278,-2.9050524,-0.519141,-0.6797717,6.8643026
Normal_CCGGTAGAGTACATGA-1,-0.8121848,-4.6195874,4.1437626,-2.2530682,0.6128632,-6.48812,-5.0787516,3.019639,-0.43994325,2.8252172,1.5368218,-1.599834,0.16503234,-0.5307343,0.78345615,-1.3036647,0.0020181532,0.7738028,0.027926836,-0.2164919,1.5050122,2.3510334,-1.1407002,1.0412389,1.0153596,1.1524984,0.114491224,-0.41443765,0.36520496,-0.74896836,-0.65852046,1.8114536,0.8185362,-0.6306842,1.8291471,0.6026395,1.1410812,1.8871454,-0.4173289,1.7053456,-1.704278,-0.50562435,0.050463196,-0.46318752,0.39591548,-0.9505843,-1.3681788,-0.92416245,0.13830242,-0.5869396
Normal_CCGGTAGTCTGAGTGT-1,-2.6294725,-2.527029,-1.0635052,0.9860877,0.027431617,-1.1872076,-1.0092415,-0.3833505,-1.7945094,1.569869,1.4845092,-1.0314165,-0.32588437,0.44991425,0.8809855,1.8935249,1.7997051,-2.1913567,-0.6883758,-0.8142052,1.484539,0.041476786,0.9887276,0.47359785,-0.12846157,0.10994539,0.030249404,0.16139883,0.107490785,0.13471851,1.4339025,0.5401163,0.88924026,-0.20896812,0.91617256,0.086369574,-0.088867694,-0.14294577,-0.010595752,0.484478,-0.6073981,-1.0764681,-0.18396482,-0.4943591,1.2045925,-0.12933898,0.80235255,0.21198383,-0.5648203,-0.74140143
Normal_CCGTGGACAGAAGCAC-1,-4.3235555,3.2660415,-2.179615,1.4557499,-0.6580217,0.010823132,1.6524827,1.8303456,0.59340066,-1.482304,0.9903043,-0.4245474,-0.67496747,1.4313005,-1.601982,-1.203559,-1.3275068,-0.97133183,0.017934887,-0.5247425,0.1324686,-0.87428576,1.5621979,-0.06778668,-0.18256502,0.43100303,-0.84382874,-1.3146815,-0.6199741,-0.6491615,1.0731311,0.16233452,2.4885795,-1.5373163,1.4279355,0.17253268,-2.3239741,0.26192695,-0.85479957,1.6583565,-3.2641943,-1.4090167,-1.2090043,-1.0379463,0.6712065,-1.8816311,1.857235,1.3748968,3.8070557,-0.9552642
Normal_CCGTTCACACAGCGTC-1,-2.2103748,13.014809,-1.6929245,-3.0402198,2.7082696,-3.3589253,-2.7069855,0.5403811,-1.8024566,-0.003960017,-1.1333128,-2.0512042,-1.4838226,1.6353514,1.9914913,0.11519227,-1.2807732,-0.99252284,-0.029300595,0.5765143,0.082378924,-2.0054512,0.37188047,-0.119822204,-0.8555172,-0.12841976,-0.67736906,2.1942074,-0.5929722,-0.7125761,0.28841543,-1.5616603,0.1484678,1.4398794,-0.7507129,1.052939,-1.3728732,0.12203567,-0.88084775,-0.02387136,-0.9359989,-0.33682504,-0.12491233,1.9524641,0.663717,1.7936248,-0.62148845,1.6739749,0.4912135,-0.30354095
Normal_CCTACACGTTTGTTGG-1,-5.7257204,2.8326735,-5.745527,1.3328818,-2.31926,-1.2012142,0.9834567,1.2607591,-0.83305424,2.5067086,-0.049427796,0.9014949,-0.65202403,-2.3477662,0.16078532,0.94271976,0.39818707,0.5636486,1.0739483,-0.3504095,1.7877519,-0.056449194,-0.9048136,-1.1418803,0.6866429,0.60156846,2.5560176,-2.254491,0.20462564,-0.03740002,-0.33074865,0.96669745,0.17929552,-0.9440719,0.06249346,-1.2059692,1.1789442,0.36004543,1.0419538,-2.3697782,0.17832923,0.79644424,-0.010260465,-0.9149291,-0.481131,0.61637354,-1.1388968,-1.1873935,1.1899772,0.29945555
Normal_CCTACACTCGTACGGC-1,-8.346077,0.49420795,-6.6400347,2.189569,-0.8602661,1.5635943,-0.17740203,-1.5120878,-0.57899266,0.9502786,-2.9398277,-1.6919186,2.7685196,1.648231,-0.6321252,-0.15294857,2.0573292,-3.941483,1.1586498,-0.7743868,-0.124368705,-1.0071707,2.4906964,0.20105958,0.21756339,0.6994923,1.2421145,1.417231,-1.160315,-0.72815967,-0.13563207,-1.4331218,-0.0028469549,1.2630135,0.21032043,0.4691511,-0.7848245,-0.27489763,1.4187726,-0.21469042,-4.1944585,-1.4095584,-2.1620798,1.7712421,-0.49974006,-1.0569066,-2.6302752,-2.2632942,-0.34154657,0.48219383
Normal_CCTACCAAGGATATAC-1,-2.3017461,-5.4373927,1.8792459,-0.8706125,0.80488694,-3.7896388,-3.5214279,-0.01437248,-2.2384112,0.5525024,0.06359069,-1.8380065,0.6489559,0.61490726,1.6108142,1.1468649,0.35201547,0.94691133,0.015942404,0.09281892,-0.7159962,0.72746193,-0.3707817,0.7496535,1.3577589,-0.050354917,-1.852105,0.15738642,0.75906366,-1.5491464,0.6648679,0.9880095,-1.2309237,-1.1540443,0.9920277,1.5407151,-0.47137865,0.5477952,-0.5337161,0.2817314,-1.1256566,0.14231044,0.9287524,-0.48666626,0.07569276,-0.3288786,0.8728512,0.5964732,-0.7053676,-0.14230955
Normal_CCTACCAAGGTAGCTG-1,-4.6196213,0.25966692,-1.1731149,0.6333992,0.59023964,-0.45906407,-0.16356799,0.07502865,0.44428784,-1.2035522,-0.23668878,-1.5151223,-0.7340875,0.96479994,2.1988933,0.83957314,0.14179613,0.1572338,0.34452635,-1.4782475,-0.5451577,0.7555769,0.9602214,-0.3268777,-0.51451975,-1.9494779,-0.7388121,2.227189,-0.50279963,-1.714511,-0.7779396,0.63698155,0.62037057,-0.0495479,-1.0202665,0.029063603,-0.44630238,-1.7487369,0.9004709,3.4737754,-1.5788431,-0.62572336,-1.4161168,-0.1735409,0.77833676,0.8591997,-1.3046213,-0.17172994,1.5415882,0.88274467
Normal_CCTAGCTAGTTCGCAT-1,-3.9227593,2.2688518,-3.3509645,1.9373415,-1.5715564,-2.168967,0.39872894,0.0030455524,-0.8785271,0.7296536,0.6109166,0.044702977,-1.5088122,-1.8338367,-1.2937633,1.6243868,-1.7551976,2.0290885,-1.5542293,-0.5987558,0.68072015,0.28701013,0.3687786,0.009368039,-0.08342559,0.037740387,0.44410262,-0.32675418,-1.699841,-0.80022883,1.1226263,0.7129913,2.6810985,-0.37026614,-1.7785442,2.571278,-2.2016833,-0.69010985,1.715783,-0.67724186,-1.189333,-0.7120449,-0.5603968,-0.64410913,1.1265376,-0.19120853,0.60519934,-1.662028,-1.0540144,-0.28640014
Normal_CCTAGCTGTAAGGGCT-1,-4.7076592,1.676928,-3.5022576,1.4620993,0.69942206,-2.0934603,0.805647,0.43508494,-0.24051884,0.011258449,0.88211215,-0.105709106,-1.0557964,0.2839555,0.7707043,-1.676088,1.4328833,-0.8317478,-1.5579863,-0.23318146,0.34792143,0.5893724,1.0389479,0.76685303,-0.35581434,0.6889862,0.8290516,-1.2870653,-0.98894376,0.8850988,0.66955125,0.4973071,-0.54025304,1.5242213,0.20225747,1.2247124,-0.021792086,0.42316782,-0.11628802,-0.22417161,0.34281895,-0.35548794,-2.208461,0.8042627,0.7618665,-1.9798312,-0.78709847,-0.43656972,0.39403304,2.236779
Normal_CCTCAGTTCCTTTCTC-1,-8.327749,-0.04396768,-5.7092495,-0.38268897,-1.4742713,1.4636537,-0.5360679,-0.92084074,1.2720696,1.9873418,-0.35544857,1.0556582,1.826661,-0.029481253,-0.7921488,-0.1247245,-0.8484731,-0.019173933,1.9649231,2.6469479,-0.13009539,-1.0478032,-0.16046283,-0.75587904,1.8645134,0.5712109,-0.038459923,-1.8944707,0.31580222,0.04500925,-0.9402908,1.2322427,0.043880455,-2.8439622,0.15268055,-2.7715275,-0.546997,2.0158825,1.15635,-1.4485394,-2.0940125,-1.4876903,-1.210936,-1.6767532,-0.09790279,1.6470495,1.2140272,0.91542053,1.2936047,0.27038026
Normal_CCTCAGTTCTGCGTAA-1,-7.008507,-1.645818,-7.523927,-2.3051512,1.2191812,2.3523848,-2.0072758,0.18902448,0.114155,2.3608477,-1.7068167,6.26614,0.007870279,-1.4485782,2.3627024,1.3378814,0.21174909,-1.4565715,2.8414657,-0.37816244,-0.33473647,0.5995634,2.0648172,-0.28625646,3.0240169,1.6341056,-0.69167066,0.3149343,0.16862412,-0.3112386,1.0058994,1.0696418,-3.0247421,0.5828506,-1.5126941,-0.886755,4.987089,-1.5386703,-3.6330945,3.5862944,1.8460007,2.0331495,0.8222458,-2.3248112,1.4000734,-0.54746807,-1.6915073,-4.3580594,-2.1932645,0.91490805
Normal_CCTTACGGTCGAGTTT-1,-4.3979945,-0.85302997,-3.484965,0.7428198,-0.58249646,-0.4369327,0.9261252,1.4518393,-1.1028775,0.39839703,1.4643805,0.3991975,-0.8038192,1.4148203,2.4148204,-0.061688077,0.6424477,-3.4274073,-1.1223128,-0.8040184,0.9767236,0.79314774,1.0757978,0.11821872,-2.0731192,1.5529205,0.6515023,0.31619638,0.21225697,-1.6527371,2.2520392,-1.6963146,-0.50121266,0.85261065,0.66770625,-0.44994465,1.1642902,-0.71163815,-0.250719,3.1026664,-0.38629577,1.2901118,2.6216338,0.14851145,0.5529806,1.4412495,0.50632584,-0.85035694,-0.22424127,0.5471541
Normal_CCTTACGTCGTGACAT-1,-7.4461718,0.5384201,-9.265917,0.61445844,-2.759108,1.5729328,0.092731565,2.1191146,0.907526,2.3336666,-0.3184042,3.707027,0.010291398,2.594635,0.019103194,0.3946144,0.9319732,1.5480195,3.0288332,-1.9147761,-0.0100207385,0.30427825,-0.21745364,0.9223237,-0.39302257,1.2824472,-1.5581281,0.78982615,0.23890047,3.2098813,-2.3240187,0.21256366,-0.9978482,-1.3355566,-0.82425296,1.0815313,0.8316276,-1.6642091,1.4575282,1.5292503,-1.1342361,0.32231024,-1.0138383,2.5561323,0.21846227,1.1193054,0.30545163,0.094786175,1.4851139,-1.0124881
Normal_CCTTCCCAGCGAAGGG-1,-3.5241401,-5.9982734,0.44880515,-2.0651958,1.1043663,-2.4540477,-6.492557,-1.0911233,-4.155882,-0.9963525,2.8065546,-0.45809615,-0.069489494,-1.502281,1.4046108,-0.2030579,0.011290957,-0.2077729,-1.4281505,-0.44850895,2.252062,1.1729779,-0.73195356,-1.1516422,-1.1715283,1.6300249,-2.1783657,-1.7950566,-0.38187623,1.8172743,1.9866636,2.0199788,-3.0210426,1.6704528,0.6471342,0.38024652,-0.7479455,-1.2651987,0.7688686,0.48732683,-2.1729162,-1.4853393,1.488023,1.539942,-0.9101376,0.7844024,1.246149,-0.1271535,1.4505484,1.8848325
Normal_CCTTTCTAGAAACGCC-1,-6.18816,1.5797915,-5.4742346,2.4678304,-0.050549094,-1.1719921,0.3383596,0.8072762,0.80883,0.70252407,0.17093307,-1.6561021,-0.8224855,0.87524486,0.9129362,-0.072121926,-0.57695717,-1.9382802,-1.8665816,-0.3404221,-0.6217245,-1.5589248,-0.10593134,-0.2793865,-0.3502761,-0.020065382,1.6425757,0.6868996,0.738521,-1.1716396,0.7294615,-1.10209,-0.11809502,-0.3247984,1.8179821,-0.09505232,-1.6173168,-0.8485343,-0.3531325,2.372135,-0.68866485,-0.58994293,-0.24233416,-0.9848447,0.07633809,-1.3982383,1.4403397,-0.482708,-0.90845674,0.76631033
Normal_CCTTTCTCATGACGGA-1,-4.891113,1.7118204,-5.396378,2.9455733,-1.2676944,-1.9215168,1.0858914,1.4688787,0.5829519,0.8802807,0.008879526,0.81972045,-1.13084,-0.89260453,-0.6183897,-0.9957293,-1.021558,0.013210358,-1.0916514,-0.14638126,1.137961,-0.40713263,-0.1948235,-0.043240767,-0.98711365,-0.48742545,-1.9827435,1.1425428,1.3925217,-1.3669238,0.1625445,-0.81383324,-1.6884243,-0.78711045,1.8460329,-0.9570902,1.6421355,-1.961601,-1.8531805,-0.027672945,0.9818614,-2.3501055,-0.6260736,-0.85208786,-0.8476212,-0.24798866,-0.16710176,1.2213393,2.0735028,0.04469533
Normal_CGAACATCACCCAGTG-1,-6.2594943,-0.20535098,-4.938366,0.66535777,-0.48236656,-0.22938058,1.6601129,1.2119762,-1.153496,1.086657,-0.038233902,1.2978177,1.5459906,0.12364698,-0.06107178,1.0012301,0.6277433,2.6857762,0.68570757,-1.5182621,0.051781677,1.8423986,2.286623,1.5190148,1.0053405,-0.7263516,0.7958562,1.1920903,0.312308,-0.34874943,1.4229301,-0.24535592,1.0823481,-0.7915328,-1.2073479,-0.9621162,0.78890395,0.14936428,1.5917419,0.7414879,-1.2414962,0.9393438,0.82056683,1.6684431,-0.23335883,-0.03986004,-0.45362198,0.31897625,-1.8574253,-0.4903674
Normal_CGAATGTCAGTCAGAG-1,-5.888235,0.43306574,-5.624684,2.243802,-1.2556177,-1.6115954,1.2638613,-0.15096001,-0.8831467,1.3973522,0.16700819,-0.06685131,-0.34737498,-0.9462267,-1.1305605,-0.15446891,-0.23083463,0.64269626,0.18996914,-1.9575387,2.261888,0.6231057,0.019223528,-0.56952846,-0.89659244,-0.92508173,-4.263829,0.47746548,1.0662204,1.2669727,0.5712093,0.71640074,0.17322122,-0.23448654,-0.18323159,2.0376434,-1.27624,-0.7443983,-1.058671,0.54055816,-1.3183223,0.89792776,2.0732281,0.55813503,-0.4293677,0.5371876,0.6905473,-0.5617762,1.2561928,1.6688598
Normal_CGACCTTAGTGTACCT-1,-6.2128315,0.8838043,-2.929803,-0.019559707,-0.35582644,2.9709506,1.386116,-0.3438765,0.21085821,-0.13359801,-0.9690406,-1.2507434,1.4064984,1.2246474,2.192441,-0.96729964,-1.077867,0.29579166,1.1492715,0.3308101,0.5116773,0.49451903,0.4600313,-1.1215546,0.11659492,0.46470368,0.32916713,-0.06590378,-0.038709037,0.958074,0.74899876,-2.1960099,-1.2610419,-0.37686402,1.310193,-0.18629652,0.09266962,-0.37254345,-0.2663587,0.8859842,-1.1983627,-0.6706349,0.7246464,1.1417323,-0.44416833,-0.9529959,-0.799301,-0.16837317,-0.7744012,0.0765687
Normal_CGACTTCCAGCGATCC-1,-5.5975847,-9.701116,1.4733005,-6.3797174,5.115096,-4.668682,-7.7173495,-4.50372,-5.357054,-4.6843224,-2.4148517,0.8445825,2.072424,-4.9271064,1.4128658,-3.5092673,-3.524472,-0.90910256,-2.0425832,-2.210962,5.5546145,2.3684824,0.026199223,0.6143894,2.7890399,1.2311965,-0.6845286,0.7075422,-3.8673513,3.859792,0.14062391,-0.54722714,-2.9024014,-0.120408,-1.3775684,1.5859071,-2.4997904,0.66900307,-2.7844057,-5.2743154,1.3906906,2.8824396,4.52569,-3.0780437,-4.1294284,2.458178,-4.038271,4.3313394,3.0258944,-3.1267478
Normal_CGAGAAGAGCCAGTTT-1,-7.7037964,-6.522836,-3.010352,-5.6514707,8.257228,-2.7316537,-3.3718376,-4.204176,-2.2163494,-8.419227,-8.832667,9.090407,-6.403554,-3.2537985,1.8182538,-5.363588,-2.502062,0.611896,-0.023169711,-0.54705006,0.3162243,-0.98333526,5.0398955,-0.0142112905,1.9974136,-2.1833584,3.9891045,7.012499,1.1233555,-2.9373932,0.7592961,-0.012858812,4.4565363,-0.055518333,5.301485,-0.17174874,2.3735871,-3.8712196,-5.841674,9.582799,5.352385,4.2493434,7.6536746,-2.242379,-2.0141315,3.3382497,-3.8352454,-0.20024385,3.7963812,5.122075
Normal_CGAGCACCAAATTGCC-1,-2.8745604,0.103430726,-1.8487365,2.8689394,-1.739513,-1.8725946,0.74999535,0.8035704,-2.3137178,0.6042046,0.54256946,-0.67712307,-0.44912645,-1.6117907,0.16265361,1.5148299,1.2257311,0.06525277,0.76062524,-0.19647302,-0.094976604,-0.5563741,0.6112318,-0.7631771,0.485026,0.43342838,0.29159373,0.90508103,-0.5325419,0.009616387,0.49204144,-1.2877185,0.79077214,-0.25891274,0.04261115,0.703547,-0.4858416,1.0938509,0.48723957,0.6734624,0.86289006,-0.9746489,-0.9068923,-0.54858,-0.4284437,-1.0280962,-0.36141935,-0.032338634,0.13944083,0.80817515
Normal_CGAGCCAAGGATCGCA-1,-9.87168,-9.850147,-0.2763588,-8.687375,11.087904,-5.1837206,-12.898426,-5.3262396,-6.765611,-10.843833,-7.601334,9.128838,-1.7064908,-3.9131103,-0.98719716,-7.5846534,-1.3125198,-0.25270876,-1.9375453,-4.4912534,4.403885,-1.6761503,2.6909053,-3.9215033,1.019146,0.6233294,-1.579681,-3.1957724,-3.447322,3.9727294,4.434144,-6.6796827,-9.354662,-3.497855,-0.26162317,-0.99031985,-2.6276405,1.7595756,-0.036969993,-4.6615906,1.7995825,6.0583224,0.40199152,-1.9480585,0.1480088,8.835432,-5.905477,1.9063311,3.2591875,1.0669924
Normal_CGATGTAAGATCGATA-1,-4.263053,-4.2708883,-0.9099706,0.38262752,-0.08416278,-1.3353153,-2.7618337,0.026591653,-2.0018036,2.0506878,3.3355782,-0.9409382,0.15203157,-0.24914555,1.4233716,1.4569128,1.6055192,0.6023714,-0.7972868,1.2374021,-0.07003891,0.4949223,-0.8186625,-0.8560732,1.5173383,-0.38668737,0.053366147,-0.33860758,0.3267396,-1.2517953,-1.2402965,0.54024947,0.29040655,-0.7391049,0.46974915,-1.0542301,1.8839027,0.6594222,0.9851579,-1.1156816,0.48464787,0.27664778,0.1826235,0.4533285,-0.8304106,-1.5674868,0.8883863,1.3436916,-0.15990087,-0.506474
Normal_CGATGTAAGCGATTCT-1,-3.564768,-3.3980126,0.21272673,0.07919331,0.4049021,-3.766425,-2.888539,-1.1498829,-2.6616502,0.36207467,0.19936688,-2.6490169,0.30877864,-0.27762327,0.3534313,2.073934,-0.048110504,-1.3102126,-1.4275099,0.32388607,-0.7637854,0.41433936,0.51307815,-0.041471783,0.8061392,-0.46319523,-3.0605426,-1.048789,0.009534477,-0.014475537,2.4456131,1.0305508,0.12869433,0.50398695,-1.1165494,1.239763,1.2324842,-0.19522329,-0.25675657,0.09729802,0.89422846,0.38100988,0.17186323,-0.69927925,1.1360116,0.5135482,-1.714243,1.5464709,0.1934027,-0.6009901
Normal_CGATGTACATTCCTGC-1,-4.00708,-1.906045,-2.2510214,-2.254559,1.1040306,3.5939074,-4.934666,0.6201346,0.06567702,-1.0457983,1.4321618,-1.9080676,4.5413704,0.3366029,4.008041,1.2844306,-4.1689506,0.8860866,-5.4164057,-5.063295,-0.17776534,0.2209103,-0.9249802,-4.4775705,2.9762435,-0.9694519,3.6242502,-1.3913301,1.0040376,-1.0975906,-0.44287166,2.4345012,-2.2322536,-3.6708033,1.9632857,-0.09828502,-0.2147331,3.3366456,-0.7926287,4.20171,1.4578874,-0.7661311,-1.9076116,2.485603,-1.9826967,5.7120953,0.9203785,5.433562,-2.4939024,0.090959914
Normal_CGCCAAGAGGGCTCTC-1,-7.425282,-0.22187062,-5.9925857,0.7070064,-2.3124568,2.0727987,0.808448,2.2115953,0.5934842,1.1395147,-0.89577144,2.0049064,-0.13152176,-0.21133883,1.0324581,0.049171258,0.39577144,0.6949577,-1.4511625,-1.6797292,0.07252179,1.4151444,-0.41408312,-0.84430736,-0.31202996,0.3830953,-2.3917964,-1.1301959,0.3387388,-0.36701074,1.6742306,-2.0363946,0.0468641,-1.7186105,1.40061,-0.72956675,-0.5476398,-1.11097,-0.42213026,0.025479283,-0.8216732,1.6677654,0.6779331,1.2471116,-1.7485827,0.9816848,0.22999367,-0.07370638,0.4188506,-1.8600506
Normal_CGCCAAGTCATAGCAC-1,-8.386742,-0.51667166,-7.9501915,-0.8100496,-2.4204884,1.3381633,-0.27753136,1.4008945,-2.227346,2.2677693,-1.026606,-0.07610804,0.8621428,0.19785713,-0.61390203,3.210318,2.940359,-1.7760212,2.073968,-2.1851614,2.6453578,-1.3986591,0.435268,-1.1720902,-0.12229179,-0.80200917,-1.3635683,-1.2135925,-0.04366791,-1.7887933,3.3330016,0.18450867,-0.23544656,-1.1073979,-1.2211692,-1.3686382,0.5212939,0.48466235,3.131745,-2.4550388,-0.971704,3.1894453,3.5036292,-0.24034536,4.320731,-1.0191714,1.9058133,0.7101687,1.7512807,1.8755933
Normal_CGCCAAGTCTTCGAGA-1,-4.8898473,-3.1877651,-1.9085168,0.17687584,0.45962018,-2.730928,-1.5572503,0.5504073,0.33802387,0.61770624,2.1792336,-3.1958678,-0.8862055,0.6852709,-0.46846735,2.6872394,-0.73739696,-1.0984116,-1.3359144,1.7886719,0.7489785,0.3739523,-0.21716872,-0.5623201,0.629208,-1.059749,-1.0481318,-0.55994195,-0.25384888,-0.8653023,-0.65096045,0.19295655,-0.28422135,-1.3086509,1.3302522,-0.061648916,-1.2427126,1.6158773,-0.97739625,1.2496852,1.928426,-0.54208845,0.5737931,0.35332623,-0.07194381,0.3844027,0.7722374,0.43236554,0.1854064,-1.3594675
Normal_CGCGGTAAGGCCATAG-1,-2.046215,-4.273892,1.9895356,-0.46134445,1.521916,-3.0742033,-2.6692526,1.1534351,-1.2302111,0.5197057,0.21273986,-0.33280545,-0.19734351,-0.7254041,3.1842716,-1.4705384,0.18176925,-1.6757088,-2.4634645,-0.20864363,-0.028847562,2.0328705,-0.10269563,1.0826494,-0.57679796,1.4824624,-0.6933264,1.0611256,-0.7462324,-0.20365486,-1.5533112,0.68908066,1.1023924,-0.22062084,2.1857734,2.2976398,1.1631567,0.19758677,0.9522422,-0.3868229,-2.5350354,-0.71473104,-0.19100453,-0.7688098,-0.5080011,-1.4731772,0.6886359,-0.92644185,0.031321187,-0.02233263
Normal_CGCGGTAAGTCGTTTG-1,-3.001284,-1.7750196,-1.8823137,0.7223163,0.25184846,-1.0630137,-0.43889526,0.19985236,-2.4607098,1.8458443,3.140173,0.46001503,0.24000525,-0.37971178,2.56773,0.4221857,0.67332476,-0.9237029,-0.8507858,-0.053440534,-0.14419773,0.49394223,-0.44200563,-1.0293624,0.2542466,1.968988,0.87711346,-1.8801298,-0.480256,0.63339597,-0.1870816,0.6831106,-0.5323663,0.12915829,-1.4987319,-1.968222,-0.1771853,0.11359828,0.44717658,1.7510512,-0.6252938,-0.26895103,0.22090398,-0.95941293,-0.6397963,0.804587,1.011925,-0.640967,-0.8142855,-0.702212
Normal_CGCGTTTAGAAACCTA-1,-5.906883,0.61587155,-4.879869,1.5019122,-1.1130725,-0.41831204,1.1547221,0.573207,0.020311864,0.2810241,0.39531645,-1.8471876,-0.9998272,1.8677965,0.5946809,-0.46001303,-0.09917113,-0.65883327,0.18913779,0.09875475,-0.2918728,-2.589622,0.20240805,-0.06902463,0.4880716,1.3769135,0.9003535,0.09601425,-2.0844293,0.020018496,-0.9693989,-0.010504074,-1.1624073,0.30565193,0.8044498,1.1974168,-2.699524,0.7274428,0.40785164,0.5399688,-0.24006633,-0.3936108,1.0510919,-0.7314637,0.03834555,2.3631985,-1.0409225,-0.0069787023,0.68981856,0.87514466
Normal_CGCGTTTAGACTAAGT-1,-6.3810244,2.785066,-7.310334,2.1433616,-2.7936156,1.2000793,2.2380104,2.804471,0.86783844,3.1395903,-0.15050156,2.943311,0.5912297,-0.66939175,-0.8562762,-2.9518502,-0.6260567,-0.081548005,0.3031659,1.2133305,-0.3860489,-0.20344177,1.4563737,-0.3628663,2.004536,2.9130538,-0.49958786,-2.157811,-0.533265,1.3057991,-1.0271945,-0.36596915,-0.38914022,-2.3428326,0.80896705,0.79184115,0.46070623,0.806702,0.4074332,-1.9123554,1.6228671,-1.5320368,-0.87126684,0.25679335,-0.4241161,0.870872,-0.32391262,0.8528952,-1.1968597,-0.075219296
Normal_CGCTATCCAGATGGCA-1,-2.7680037,-1.3209721,1.3999273,2.075799,-0.11964805,-3.8712454,-2.6038873,-0.9696638,0.4218081,-5.2487884,2.6721375,-11.358814,4.835656,-3.7749634,1.9725134,4.282451,-0.05150354,-2.4002578,8.404546,14.83444,-24.34409,-6.3715825,20.300432,11.788508,11.21855,-12.642325,8.350231,0.9813192,16.234741,32.656338,0.09766837,-4.7981076,-11.346392,-7.0559926,-0.5318859,-5.9324436,-1.2649114,0.3215976,-0.8271704,0.6423552,-5.134091,-1.2781814,1.693746,-1.2546146,-5.8818383,1.0643315,6.2813635,-0.5369195,-3.0798552,0.69622105
Normal_CGCTGGAAGAAGGTTT-1,-6.385061,0.235049,-5.5452256,0.9590701,-0.6366089,1.2136892,0.59556586,-0.7569091,-0.96997356,3.184937,-1.1757945,2.2254057,0.45261234,0.5028696,-1.309735,1.757543,0.32926565,1.670869,-1.8087575,-0.85354054,-0.899368,-3.044396,2.210148,-0.6021615,0.706668,1.4354604,-0.65643,0.92797893,-0.19276917,-2.2833855,3.2127833,-1.1274179,-0.114673816,-2.1676538,-0.30096674,1.2459283,1.4121705,1.5755872,0.0508192,-1.9613247,-1.4198383,0.70041597,0.43060338,-0.76041263,-0.06728334,1.0460211,-1.5308338,-0.16861518,0.11310069,1.4698768
Normal_CGCTGGAAGCTAGTTC-1,-4.519073,0.760788,-2.8741577,0.45678514,-2.4918375,-0.87984467,-0.33436814,-0.22259615,1.9953198,0.5404659,2.144346,-1.0531923,-1.2583516,-1.1900011,-0.08860652,-1.0732785,0.614464,-2.8019328,-2.5480309,0.5580946,1.3301036,0.9883591,0.30102974,-0.51635003,-0.96358645,-0.6845149,0.6336149,-1.734879,1.0184928,1.6788458,-0.1934485,0.28050473,1.5738243,2.915106,0.29786503,-2.2203462,-0.88625246,-1.2434627,0.9936497,-1.9762604,-0.8580734,-1.8861481,0.98928213,-0.92059803,0.43257558,-0.23423569,-0.34422773,0.8550422,-1.3230823,-0.04260585
Normal_CGCTGGACACCCTATC-1,-5.8116097,-2.479521,-3.519273,-1.1824937,-1.284823,0.5476688,-1.4312103,-1.6842682,-3.713363,1.7084717,0.52177155,-1.0088696,0.6154699,-0.43981442,-0.12209736,3.8953958,0.07758972,1.8147923,2.3645391,0.49131578,-1.3130053,-0.04980747,-1.722069,0.34394768,-2.2298648,3.4621043,1.9207969,0.2007808,0.9334563,-1.5070344,0.71988297,-2.574993,0.5021558,1.3052616,-1.1653641,-1.9115218,-0.94224846,0.7856647,-0.37486416,1.0013636,1.0087473,3.3223832,2.4092243,-0.2769412,-1.9292903,0.20323661,1.4924846,-1.8207301,-1.1187928,0.6221922
Normal_CGCTTCAGTTATGCGT-1,-5.414003,0.07524503,-3.3346577,0.62841,-1.0557231,0.30476102,0.173619,0.80718935,0.28660655,1.6199303,0.9404066,-1.249937,0.40795276,-1.3178633,1.7764971,3.2145896,2.3438134,-0.8165038,-0.7012601,-1.1212475,0.2621592,0.6390916,0.44635242,-1.427703,1.2215916,0.47729966,1.2184266,-0.82769495,-1.3573279,-1.3763078,-0.505296,-3.2304003,0.3691067,-0.8431379,-0.69441676,0.31525305,-3.1670997,0.7893318,0.53561026,-1.1514746,-0.4236946,0.42974818,-1.8624469,4.3044453,3.5857239,0.7120183,0.9747907,3.510768,-2.044128,1.5989957
Normal_CGCTTCATCGCCTGTT-1,-3.7761219,1.0940124,-2.3338041,0.71778244,0.257907,-1.5370555,-0.16758323,1.4436809,2.177501,-2.8033495,2.8468668,-1.8095338,0.75626725,0.9446069,-0.37541935,-1.0117869,-1.0517145,-0.20147441,-1.0517433,0.4606416,-1.3965058,0.4659979,-2.4791338,-1.1248049,-0.5907438,0.5195876,0.14170633,-0.9135622,0.16432928,0.19717263,-1.7048776,2.4654193,-0.6908819,-0.110440105,1.5138592,-1.3982319,-0.5111458,-1.8125979,1.0405833,0.853494,1.5346955,0.5469641,1.927007,-0.58420604,-0.46961713,1.4681498,-0.24189863,0.7868329,1.5615149,-1.9887537
Normal_CGGACACCAAACCTAC-1,-1.2403845,-3.6168537,2.42961,-1.3975735,1.6213272,-3.9007318,-5.153418,1.2177085,0.008259289,1.0904721,4.357874,-0.9120948,-0.50546306,-1.135289,-1.0710725,-0.2184164,0.54109377,0.6522231,0.758394,0.6798567,-0.38077968,0.7453729,-0.15004918,-0.5552702,-0.023114681,-1.0184153,-1.8969365,0.27417812,-0.084224306,0.35051116,-2.0646403,1.3240129,-2.2627676,0.00547817,-0.5790132,2.2203324,-0.9520696,2.147709,-0.99223316,1.1520739,0.94529957,2.2828634,1.9530616,0.54445684,1.1279457,0.46597555,1.9014914,-2.041915,-0.37225384,-0.42556664
Normal_CGGACACCAGCGTTCG-1,0.54998475,-0.90317035,-0.6206683,-2.2538955,1.0918919,0.63213766,-4.8081145,-1.634537,3.278295,2.7866051,12.320103,4.3828926,1.2831291,1.117811,-2.5120285,-2.9465969,0.7659662,0.31047153,2.6631298,0.06447167,-6.662489,0.4459386,1.687249,-1.6254232,-2.2276838,-2.670229,-0.77435535,3.3490436,-1.0598973,-2.617246,-1.8313528,-0.28190807,0.39897668,2.8930693,0.66137004,5.3290815,-0.95439684,2.031064,-0.1694904,-3.554952,0.8315444,-0.077750094,0.45697752,2.0780773,-1.0621474,0.5782661,-1.1230856,0.018323556,0.3188021,-2.1183403
Normal_CGGACGTTCTTAGCCC-1,-5.833291,-2.8256602,-3.6598845,-0.54042846,-0.51893973,0.32228786,-1.3800926,-0.31846923,-2.3092952,-0.14364757,-0.5496453,0.0011137187,-1.1679,-0.6219531,0.34693703,1.9745646,-0.900835,0.24615888,3.27395,1.6307201,-0.0069998526,-1.1667932,0.9835896,-2.2522776,1.154884,-0.9905334,0.44491604,-2.0051668,0.2523061,-4.278538,-0.40995368,-0.72589576,0.12263279,1.5348039,0.14267007,-0.9577638,0.3637196,-0.98017967,1.8279198,0.42787912,-0.7433923,-1.0481504,2.3556938,-1.4097792,0.4290568,-2.6530957,0.35993838,0.4699492,1.5658649,-0.944903
Normal_CGGACTGAGTCAAGCG-1,-5.4619465,-1.9976048,-2.172497,0.52796584,0.09427776,-0.74904084,-1.3470296,1.3489523,0.69104725,0.39518735,-0.15219994,1.0703299,0.66998357,1.623365,-1.5258347,0.5657705,0.24523355,0.20573702,0.20903227,0.6539333,0.49530363,3.0063264,-0.948577,0.21209538,-0.538552,-1.8214812,-0.84280974,0.79651785,-0.29388356,1.3438095,-0.32729906,0.5061127,-0.27042255,0.30683777,-2.0143085,-1.247528,0.3614416,-0.51581645,-0.0076876567,0.7774164,0.8888432,0.07562965,-0.21573505,0.26159403,-0.601236,0.9331365,0.6440778,-0.087403856,0.25103706,-1.6708612
Normal_CGGACTGCATAAAGGT-1,-4.473774,0.042361625,-1.9207419,2.5362504,-0.7364415,-0.57505983,4.738157,1.8539851,-2.669873,0.91800785,-1.7987338,0.41929033,-0.53403395,0.69704175,0.7789737,2.2284284,1.4159404,1.6371064,0.06202102,-1.9475322,-3.0060306,-1.8271486,0.8354084,2.8264804,2.321535,0.94338906,3.1509755,2.879351,2.248566,1.2625489,0.25999573,0.45343167,-1.5128638,-2.384372,0.54777026,-0.74662846,-1.5918683,-0.16630489,-2.6700168,-1.1614065,2.4012628,-1.0314068,-0.76902664,-1.0584378,-2.597821,-1.3116252,1.0191487,0.87882066,-0.8675219,-0.2648631
Normal_CGGAGCTGTAGCACGA-1,-5.829951,0.4851925,-4.260375,2.5696416,-1.1594391,-0.19696712,2.6857903,2.2957366,-0.10092675,0.9036748,0.7452997,0.5371812,-0.36240935,0.66795194,1.5297129,-0.96806896,1.0664423,-1.0842044,-0.59373057,-1.3701417,-1.2239316,0.22051434,0.44238335,2.2270799,1.2329797,-0.24166182,2.497071,-1.0092945,-2.5268078,-0.63169384,-1.3545939,1.0119112,0.4228496,0.29296225,0.82242906,0.5643697,-0.017608436,0.48050237,-0.009109965,-0.7946494,0.09739567,-0.51523256,-1.9616956,-2.1106327,-0.5178327,-1.5475473,-2.0790915,-1.4735484,-0.28723702,0.8362359
Normal_CGGAGCTTCTGCGGCA-1,-4.595823,-6.624413,0.08042543,-3.9141948,5.4061522,-3.451832,-8.260665,-3.6323922,-4.7833657,-4.267066,1.7834333,4.235248,0.027527539,-2.0345144,2.3108742,-3.4920378,-1.2049348,-1.5182139,-0.95559454,-3.6955383,1.7528088,0.72328174,-1.581162,-1.6471578,0.58432263,0.72553694,-1.4388812,-2.3355494,1.2212198,4.9354105,-0.48983982,-1.2980882,-0.4219748,-2.1288285,1.5632511,-1.6406952,1.1826876,1.3731307,-3.595785,-2.2029388,-1.7864898,2.9774208,0.3893494,-1.1962988,-1.4974422,-2.4558659,-0.646718,-1.226028,-1.9921343,-1.1051363
Normal_CGGAGTCAGATGTCGG-1,-5.4004354,-8.266858,1.5877223,-5.006741,5.7909913,-3.1476517,-7.7256455,-4.0976825,-6.1432714,-4.388784,-3.6639378,6.4864063,-0.102086075,-3.530419,1.2326816,-4.56885,-2.7798464,-1.2301669,-2.4922523,-2.4923959,1.5291027,-2.1962054,-1.0985225,-1.3175834,-0.7540242,2.7910147,2.865937,0.594183,-0.5288593,3.8318841,0.5103625,-2.5918202,-4.5478373,-5.305357,-1.7969764,1.0487573,2.267772,-0.15549739,-3.086599,-3.047019,0.2620602,2.329525,-1.3793219,-2.445307,-0.20477214,4.3394766,-0.67632025,-0.18743064,1.285972,1.5406511
Normal_CGGAGTCTCCTTGGTC-1,-3.987591,-3.8518186,-0.19825608,-1.3963537,0.11036619,-3.703926,-5.4483404,-0.99021405,-2.316181,-0.62267774,1.2007326,-0.9269315,-0.47022313,-0.911414,1.1148996,1.3290144,-1.2658781,1.1605371,-0.13225943,0.10421052,1.6589049,2.8732648,-1.4327122,1.9571807,1.5010711,1.6975254,-0.39027426,-0.9394097,-2.2227466,1.3547688,0.21443239,-0.7113229,-0.7746763,1.6223304,-2.1316378,-1.1559415,1.485345,-0.24245593,0.765646,1.101735,0.33210748,0.27219307,-0.8109443,-0.6993706,0.8795605,1.0925287,-1.7077452,-1.3601675,-1.1298168,1.8114616
Normal_CGGCTAGAGATCGGGT-1,-6.0827727,-0.45267478,-4.7432814,2.4148118,-1.8523972,0.28950766,0.71360755,0.16774637,1.8049114,1.7376316,-0.021286862,-0.041251406,-0.6238555,-0.76995426,1.9304637,-0.96599346,0.1295711,-2.791811,-2.104148,2.3185449,-1.5536338,-1.0580842,1.725151,1.0948064,-0.38558543,0.32807994,0.37204632,0.69455117,-0.5168722,0.5214354,-0.8262837,-1.4797627,-1.559137,-0.8423837,1.2814642,1.2781048,-0.3888479,1.8251045,1.9609715,0.5506154,0.51537704,-1.123793,-0.102078184,0.94073915,0.43915534,0.65371305,-2.1229672,-1.9902468,-0.4906318,0.84851754
Normal_CGGGTCATCCGTACAA-1,-5.088791,2.2863433,-4.1048007,2.6452074,-1.6067202,-0.007533043,2.9400835,1.126492,1.0022151,-1.1569585,-0.7254005,1.4486746,-2.8100142,-0.11257213,-1.6548277,0.42572254,-1.0706378,0.18149313,2.9363534,1.0971376,0.27514932,-0.5210773,-0.4667587,0.64329433,1.015498,1.3974652,0.57029295,-0.042977136,-0.2883876,1.0157328,-1.9387823,1.2325532,0.8894346,-0.039897226,1.4191698,1.6712387,1.4060757,-2.1802578,0.4195681,0.069350064,-0.035994902,-0.13191952,-1.419371,-1.1243916,-1.5458121,0.63414294,-1.5368472,-0.0111103775,4.1136456,1.4313573
Normal_CGGGTCATCGGATGGA-1,-5.418901,-9.429594,3.5624774,-5.656231,4.6430783,-4.273449,-6.9080834,-3.3137434,-6.137204,-4.1649985,-0.63339657,5.4548826,2.0900762,-1.8728381,1.1737542,-6.6633,-0.3673958,-0.49132547,-3.8079295,-2.0148194,1.9274758,2.02242,0.25824794,1.7319229,-1.7221689,3.5070846,-1.2393466,-2.8336143,3.3096457,3.300535,-3.6762788,-0.44132945,-2.667956,-5.735201,-0.72064275,4.1980577,-0.48819876,0.87232006,-5.923346,-1.6972915,-5.319832,-2.1239781,2.6855593,-2.2322307,-2.0514073,0.00067036884,4.2826934,-3.2075787,2.6541085,0.27584574
Normal_CGGTTAATCGTAGGAG-1,-4.758853,-5.3928866,-0.27494192,-0.46102357,1.8820827,-1.4496764,-2.8296537,-1.4114153,-2.5197897,0.23957996,0.7284758,-2.5232968,-0.6026434,0.609564,2.7882898,1.324531,0.8849733,-0.57095766,-1.2891107,-1.4457843,0.02863309,1.8041672,0.9452121,-0.14743808,0.46761355,-1.2568265,0.8303455,-0.3825564,-1.0375288,-1.8066516,0.9943875,3.1240504,-1.530934,1.0085914,-1.8109025,0.75487226,0.4106359,0.7121606,-0.81000566,-1.373073,1.0052631,2.243437,1.3225806,-0.10582796,1.2303623,1.221325,0.32739305,-0.0065890565,-1.4229658,-0.7470777
Normal_CGTAGCGAGTTAAGTG-1,-4.8760767,0.5617529,-4.4920797,2.5786436,-0.21881412,-2.4206204,2.096633,0.8381942,-0.31801903,1.8536862,0.68340564,-0.17343473,-0.7393819,-2.0825973,0.2321733,0.02133566,-0.78702706,-0.29851407,-0.5883456,-0.8460174,1.7216218,0.6807027,2.490141,-0.92417926,-1.3887109,-2.4212272,-0.27099636,-1.6515743,-0.49901035,-0.5657199,-1.0671368,0.8461002,1.7200056,-1.1476759,-0.69483167,1.3176522,-1.6733463,0.83038414,2.3672569,1.3904533,0.7910352,0.0708335,-0.65055656,-3.0926435,0.35546428,-1.6741177,0.5893821,-2.139359,0.8468987,-1.3601718
Normal_CGTAGGCGTGAGGGAG-1,-5.833807,-1.1778404,-4.866484,2.916343,-2.7262223,-0.36652768,1.3564621,0.7783777,0.124924086,2.5950315,-0.4347473,0.9268556,0.27589032,-0.30699056,1.7095265,-1.3579683,3.5395906,-0.35525906,-0.8028258,0.9726019,-0.14259104,0.053134825,1.4936572,1.5765947,-0.52866906,1.1554885,-1.5041003,-1.1819013,2.159602,-1.1838785,-0.1416168,-2.6180367,-1.7716889,0.30737045,-2.1537237,-0.024158362,-1.2144697,-0.56115997,1.684119,0.78293294,1.4927572,-1.8529321,-1.5769244,0.092561916,1.7395662,-2.139099,-0.5810948,-2.9792635,-1.0962111,3.293168
Normal_CGTCACTAGAGCAATT-1,-4.545351,-2.0318227,-1.7878274,0.8126628,0.29166278,-3.3775618,-0.30042872,0.3386067,-1.2702976,-0.537125,0.34180084,-2.188358,0.32910985,-0.4386853,1.9141542,2.4384463,0.8611254,-0.7912689,-0.7021505,1.6335291,-0.24161701,1.8032796,1.024213,-0.7897832,-0.28328514,-1.381948,1.8087021,1.6721462,-0.29018104,-0.86782247,0.7424649,0.6167533,3.8880239,0.45094603,2.8668642,0.69922036,3.247406,-0.03393433,1.604129,1.0317008,-2.5541842,0.035835966,-2.341635,-0.47558185,-1.8019071,0.1505185,-2.2860165,-1.9466492,-0.40617752,-0.2584045
Normal_CGTCACTGTCAGAGGT-1,-7.1965613,-1.6001104,-5.9580784,1.2858889,0.21416515,-1.225727,0.83374727,-1.9144466,-2.299608,1.9023188,-1.8736778,0.42150432,0.31046963,-2.4494267,0.70837986,1.2537996,0.26829517,0.64243007,0.7135046,-2.495436,-1.1109679,0.23834564,-1.3175279,-0.19038348,-0.81659377,-1.9897107,-0.79453903,-1.1760249,1.5108862,-0.94262105,-0.60233784,-0.77760464,-1.2183939,-1.8313105,-1.7847471,0.31183586,-2.4722624,0.9662683,-0.2185128,-0.44121128,-1.7871512,-0.59894115,-0.37209624,-1.944058,2.9595666,-1.7031963,-0.8848921,-0.9895019,1.7629315,2.085221
Normal_CGTCACTGTTTAGCTG-1,-7.577045,-2.9709482,-4.781042,0.43655273,0.56702185,1.2845911,-1.9523944,-0.74988145,-2.7644496,1.8413335,-1.7412723,0.16744152,1.7659675,-0.048330925,1.21524,1.7615626,1.2488316,-0.899387,0.017594753,0.38328037,1.3357682,-0.4008434,0.7728149,0.43010283,-1.8915426,0.5528261,-0.25766313,0.24001738,0.23105578,-1.0456827,3.9960036,2.7158778,-1.2416959,1.0608146,-3.1425068,0.34352535,-2.351614,0.07928935,0.18426676,0.1352081,-0.08655783,-1.1637721,1.8575394,0.5216338,-1.1325618,-0.13381226,0.88772196,-1.6202993,-1.2394133,1.0023266
Normal_CGTCACTTCCAGATCA-1,-6.9872975,-0.04310586,-4.817658,1.6758997,-1.3956941,-0.4292728,0.45993868,0.28652206,-0.019662948,-0.9936523,-1.045304,-0.76504326,1.7694805,0.30493915,1.807461,0.6932907,-1.081032,-0.78993934,0.49082378,0.50873715,-1.9894066,-2.4240239,2.6666565,0.4183435,-0.2006878,-0.44445747,0.2995411,0.847717,-2.5699592,1.0453118,2.5563037,-0.25970608,0.7394852,-1.3313502,-1.7518154,0.8092955,1.67887,0.6462499,-0.07379524,-0.10459515,0.21682744,-1.7105939,0.10796834,0.19403869,0.12781443,-2.3049786,-0.7273746,-0.32908615,3.3796248,1.78983
Normal_CGTCTACAGTTTGCGT-1,-4.145663,-1.8195115,-1.5686185,-0.25103042,-0.48616055,-1.675798,-1.8518914,-1.2601688,-0.9644147,0.9740221,1.2642282,-0.74655735,1.6355724,-0.54900545,-0.17774554,1.9581448,-1.5282148,-3.1245415,-2.9333227,0.9731683,-0.3295487,-0.3520852,0.30942363,0.3498625,-1.0070077,0.2446275,0.19378437,1.7259057,0.42400008,-0.48702222,1.0827408,1.1682997,-0.025676522,0.32725528,-1.847343,0.927455,0.21894258,0.08867291,2.0696275,-0.017583007,1.9205685,0.1453994,-0.38026565,0.7598832,0.48896983,-1.9701232,1.5522474,1.0232495,-0.58321375,1.0167556
Normal_CGTGAGCCAATGTTGC-1,-0.46882382,2.626339,0.5618155,2.310545,0.61710054,-4.312102,0.53863525,0.8295999,0.6590321,-2.7980695,1.9029642,-1.4665308,-1.1490043,0.8354857,-0.5290741,0.08330188,-0.41066915,-0.45964006,-0.057274044,-1.5838386,-0.5718935,-0.5585302,0.3389728,0.44189727,-0.8464689,-2.05999,1.344416,-0.52290165,-0.09128577,0.7973026,0.5058396,-0.37620816,-0.48596528,-0.21790521,-3.027543,-0.18742763,-0.7789551,-0.6763261,-0.41324756,1.4647461,0.893871,-0.8080782,0.031837087,-0.26883626,-0.53606904,2.4886827,0.31439078,0.35855332,0.55617857,0.96725935
Normal_CGTGTAATCATCGATG-1,-1.8235111,-3.5452244,-0.11195989,-1.395236,-0.5862112,-1.4449958,-4.1510563,-0.589689,-0.27318355,1.86633,2.3350687,2.5413008,-0.759821,0.18148276,-1.0266825,1.1495234,-1.4314326,-0.054859642,-1.767815,-1.4448439,0.64358586,-0.68579906,-2.509836,0.71423274,1.2234405,0.22414964,0.9981968,-3.4095066,-2.5757844,0.08438085,1.1617372,-0.70184857,-0.8622695,-2.430494,1.8528748,-1.4856938,1.012457,-1.7021117,2.0392923,2.077049,2.4661376,0.9589375,-2.0662436,-0.3634201,0.56672686,0.302352,-0.9997686,-1.4259375,-1.12962,-0.5827752
Normal_CGTGTCTGTACAGACG-1,-5.101831,-4.144606,-2.2360888,-1.6857883,1.1627969,-0.44900805,-4.7044144,-0.61814547,-1.4110655,1.5038805,0.72023326,-0.2185067,1.430891,-1.1620393,4.492486,0.5531515,1.0954422,-3.4526074,-2.5040686,0.8886386,0.8651734,0.45015466,1.3484873,-0.5843399,0.2785816,1.1801459,-1.0987517,0.22565527,0.5991406,-1.0848023,1.8869536,1.351833,0.20258345,2.017058,-3.062492,0.39480466,-0.41293836,0.048408587,2.6520243,-0.052085508,1.1578654,-0.56737226,-0.39252004,-2.3205268,0.6984639,-1.4505924,-0.37128368,-0.9289729,-0.53092426,1.1506841
Normal_CGTTAGACAAGGGTCA-1,-2.5724685,0.6693245,-0.7090735,-0.105099835,-0.15823498,1.1485208,-1.2365887,-0.2668958,-0.05189298,2.7044635,2.8204625,1.8534504,-0.81020373,-0.11232543,0.19620182,0.5731673,1.4824784,-1.5055455,0.87016296,-0.9041633,1.3153337,0.9207475,-1.4269258,0.0021082824,1.5292648,-0.44531676,2.8686295,-1.8533218,-0.38443804,1.2665097,-1.521054,0.86244935,-0.96928275,-1.7740047,0.3367726,1.6135542,-0.65427434,-0.8103656,-1.6327678,0.46892583,1.502025,-0.13904528,-1.5131196,-0.691754,1.9952688,-1.1419384,0.16712554,0.3957347,-0.5252633,-0.2269604
Normal_CGTTAGAGTAAGGATT-1,-5.207189,3.884111,-7.50702,2.4612331,-1.1565875,-1.9530476,1.9622313,2.4941385,0.5060698,0.5978215,0.1745749,1.1605963,-1.769044,0.7806916,-1.0219136,-3.453555,-1.9102687,1.4828365,0.9864912,2.4196181,2.5076947,-0.41007432,0.9559211,-0.88809663,0.92029166,0.28697366,-0.034627248,-1.949176,-0.36058313,-1.4918835,-0.36528578,-2.6917772,-1.2597681,-0.7432029,2.1743295,2.107364,1.4915637,-2.3075807,-0.047892816,-2.3794472,-1.1742686,0.13824333,-0.46371132,0.3132538,0.030070225,-0.41135293,1.6362526,-1.601184,0.90831244,3.4864445
Normal_CGTTAGATCCACTCCA-1,-7.1806827,-4.1958065,-3.0958154,-0.72425455,0.72156507,0.48688677,-1.2777315,-0.23580185,-0.27630815,1.4129016,1.4434562,-1.6419543,0.38699272,-0.3532794,1.1154997,1.0594221,1.0088905,-0.5640778,0.72222453,-0.89396346,-0.120388515,1.5078218,0.9022092,0.4173752,-2.4668748,0.4011252,-1.8052652,-0.22373386,0.72105294,-1.3618642,0.07713989,1.8400754,1.7988583,0.6791727,-0.43458408,-1.8380524,1.3666447,0.19949228,2.7669744,0.24768163,-0.8461029,0.85913366,-0.65911967,0.03442568,0.82673126,-0.7943591,-0.73408276,0.6856139,2.521805,-1.3041056
Normal_CGTTCTGAGCCCGAAA-1,-7.4406066,-2.3037598,-1.1856041,-0.48204556,-0.11983546,0.2892587,-3.8250518,-0.19699119,-1.0631614,-2.638605,-1.2446195,-3.5144343,0.78037333,-0.67051935,1.2257122,0.7409769,-1.1288527,-1.3346499,-0.20473398,0.41721693,-2.7460732,1.2240949,-0.979378,1.6610466,2.0308168,-1.2974739,-0.21495989,0.8367615,0.108948395,0.68564177,-2.183273,-0.5447657,0.17423381,2.508872,-0.5731875,0.47942165,-2.9207368,-0.4021262,2.7341683,0.1844889,-0.46280694,1.3745701,0.10158296,-0.1399998,0.14650492,-1.58046,-0.13751085,-0.8937174,-1.337687,-1.0672698
Normal_CGTTCTGGTCCTGCTT-1,-5.791025,2.0868652,-3.461623,1.1017666,-0.9840166,-0.6716812,-0.24991691,-1.3820024,-0.38331306,-0.12267526,1.1872215,-3.4309187,-0.20107464,-0.036055297,-0.8448255,1.7849973,0.24959609,1.3071386,1.7547485,2.1068277,0.26806653,1.9491122,-1.9929086,-1.4688245,0.24925904,0.8673763,-0.43755257,-1.0680116,1.1409956,-2.5979373,2.0012271,1.2820705,2.4880416,0.39598823,0.8356575,1.0687383,-1.0233457,-0.3082397,-1.2061001,0.50233054,-1.3429062,1.02662,1.6832782,-0.31527802,0.17974113,-1.7740954,-1.1886746,-4.9254785,-0.9247837,1.6928806
Normal_CGTTGGGCATTGGCGC-1,-4.1057496,1.4749349,-2.6868083,2.9753606,-0.95909774,-2.9396455,1.6067195,1.2330272,-0.21005267,1.0219268,-0.63083917,-0.10235108,-2.3398972,-0.24113582,-0.6660229,0.047864616,-0.92200285,-0.81838095,0.39610243,2.5541675,0.07169637,-0.123910226,0.4976849,-0.38874486,-1.4107832,-1.2107317,-0.6649495,0.74447596,-2.7131941,1.3202047,0.576615,0.008698122,0.3632664,1.0251889,0.5070249,0.28892136,0.5283168,-1.1827896,-0.92035836,2.3064532,0.1694279,0.95361483,-1.1381179,0.1624944,0.60610914,0.265121,0.458109,1.3013456,-1.3705816,-0.7073668
Normal_CGTTGGGGTATCACCA-1,-5.3191137,0.5640966,-6.168737,1.95788,-0.6797559,-0.58761275,0.84193903,1.303022,-0.6043191,1.3286386,0.0369347,2.5024447,-0.15826163,0.76859784,0.22438478,0.6598729,0.069526576,0.49221238,0.25338534,-2.0576649,-0.013784999,0.34992355,0.70572203,1.2727171,-2.872437,-0.829691,-0.58265823,-0.7765501,1.8313286,0.8527925,-0.7314054,-0.4348688,-1.6304837,1.1393135,-1.0408139,-0.4914442,1.1206757,0.122397736,-0.28734934,0.13088031,0.6220826,2.8892322,-0.7354126,-1.2549218,1.5120763,-0.50682133,-1.0611899,-0.0070521072,0.081969745,0.41702387
Normal_CGTTGGGTCACCGTAA-1,-3.9013898,0.07037039,-2.449485,2.0154839,-0.5265105,-1.4543816,1.0220349,0.359105,-0.37729728,0.029513199,0.49712405,1.1453056,-2.3771732,-0.4752436,-1.2318192,2.4030793,0.3970854,-1.8860273,-0.86918676,0.5258499,0.43638304,0.22253762,-0.21857451,1.0280896,-1.3480998,-0.6812939,1.3078771,-0.3373612,0.9650391,0.009086116,-1.1501017,-1.3561971,1.7206281,1.7158725,0.6557171,0.5109926,0.3353707,-0.09956875,0.4755948,0.63178015,0.23218653,-0.6091048,-3.1895573,-0.20204516,0.7760166,0.116562,1.6186146,-0.80771327,0.65910524,0.07648731
Normal_CTAACTTCAGCCACCA-1,-4.3554015,-3.4454038,-0.009657396,-0.505442,0.05297836,-1.6829535,-3.609233,-2.9240882,-1.1931705,-1.6839237,0.10093502,-4.617422,0.50652796,-2.384175,0.75561094,2.6414807,-1.1926504,0.3483316,1.2346555,-0.779367,-2.204719,-1.4997052,0.2990567,0.44322407,-0.67134064,-3.5349574,1.8167154,2.2179167,-1.7442865,1.6292465,-3.5972636,1.9469097,0.07680891,-1.2376045,-2.3263967,2.3210685,2.902635,0.49535018,3.5008707,0.0073371003,2.2678487,3.4193985,2.2837737,-1.9510406,-1.1588037,0.8568981,0.94937676,-0.15573892,1.0063553,-1.6779082
Normal_CTAAGACAGAAACCAT-1,-6.350104,0.37617975,-4.0323024,1.7176875,-0.51467097,0.4264095,0.120096385,0.64293885,0.46256864,-0.2459163,0.11869162,-0.30404022,-1.5195843,-0.7396268,-0.1377933,-0.6872982,-1.7619003,2.077671,-0.10616353,1.9169422,1.5018418,-1.6353319,-1.4368274,-1.7424473,0.8079998,-4.1195793,-0.6796086,-0.4887576,-0.7529183,0.16939992,-0.59013736,-0.055180535,0.3683951,-0.9894424,-1.197679,0.41493803,-0.13802443,0.07914822,-0.52778167,-0.8306458,3.342457,2.698065,-0.4520648,-2.4813218,-1.9389343,-2.7149785,0.24695526,-0.786312,3.0660472,0.6415888
Normal_CTAAGACCAATTGCTG-1,-3.6264913,-1.9621729,-1.6044955,-5.6290665,2.8694644,6.257332,-7.4531903,-1.5964835,5.54608,0.9456732,10.188284,0.7457707,3.6733518,0.64626604,2.5745037,-3.0284665,-2.2620478,1.6318853,2.7493224,-2.796226,-4.680498,5.770265,2.0804613,-5.025283,1.6033088,0.6014707,0.3135823,1.9802737,2.9044337,-1.7266642,0.80377364,-0.27751952,-1.9072576,-3.1201892,3.4690075,0.5757544,2.7436433,0.13591523,-1.4909039,-3.9015281,-3.456077,-1.2059203,0.44794053,3.3545094,-2.7246091,0.22880368,-1.1388786,3.6160583,2.0478032,-3.472027
Normal_CTAAGACTCAAACCAC-1,-3.6940033,9.720908,-0.7909772,0.16825676,1.5495025,-2.7736878,0.018791975,0.59073913,2.7959492,-5.1808653,0.037502963,-1.4607064,-1.8294253,1.0274035,-1.4401343,-2.91798,-3.142127,-0.71978116,1.6742092,3.0105267,-0.6865295,-0.88049656,-1.6702528,0.33666593,0.5488094,0.41918305,0.7132444,-0.8090087,-0.60574955,-0.86030364,-0.34497127,-0.09683515,-0.9652293,0.3951035,-2.6893232,-0.9185563,2.09823,-1.6820871,-0.8413231,-0.6468719,-0.70207804,-1.7817687,0.4211815,1.9062438,-0.2379948,-0.086204015,-1.3846365,-1.1925843,-1.3799329,0.85784835
Normal_CTAAGACTCGAATGGG-1,-4.5761905,0.16761863,-4.4639916,3.0069263,-0.68449706,-2.536061,1.6340339,1.3497396,0.50823736,0.5528773,1.4272959,-0.97948974,-2.0328465,-0.61296517,1.8725601,-1.7393533,-0.0977145,-1.8000838,-0.24774896,2.887919,-0.79256934,-1.6332518,0.021974146,-0.48406836,-0.27166596,-0.17296582,3.1331592,-0.5611592,1.732285,-1.4565003,1.5762559,-1.9825907,-0.9773633,1.5767422,0.5377511,-0.23440039,1.1262014,-0.6274607,-0.34345114,0.76380086,-0.52758306,-1.7124566,2.5576556,-0.31411907,-0.40440944,1.1370071,-0.17110837,-1.17793,-1.6704407,-0.090281576
Normal_CTAATGGGTATAGTAG-1,-4.7122617,-3.6417994,-1.5095553,-2.4997885,1.64642,-1.1989973,-4.3871927,-1.2604142,1.2342079,0.9113621,3.7362156,-1.6862092,0.58999515,-1.888835,2.2211742,-0.08808713,-1.2948053,0.21568865,-3.4786885,0.98281217,-1.3583553,-0.78109294,-0.16108961,0.056432452,2.4009793,1.0417601,0.60735804,0.7827396,-1.1259745,2.4935932,-0.25363782,2.342759,0.057980727,-0.07773367,0.99051726,-2.1250455,1.9559165,-0.2480055,-2.5883338,-0.83301204,2.602105,-1.8274623,-3.0000005,1.0674258,0.67584205,-0.026961975,1.9587041,0.68935144,-2.1434903,-0.028657261
Normal_CTAATGGTCAGCGATT-1,-2.766936,-5.0675554,1.0435135,-2.1728253,1.5348631,-1.8916334,-4.6338162,-0.018108526,-0.5438702,-0.19035849,1.2061429,-0.6081758,0.6550637,-0.5643874,1.0385464,1.8537356,-0.28444386,-1.0889559,-0.049689386,0.50329965,-0.9227841,0.9089938,0.22411554,0.7087389,1.8185983,2.6747181,-0.34846434,-1.3034673,0.76117194,0.6795086,0.002190198,1.890157,-2.4569614,-1.4163406,0.5503357,0.8908832,0.4914421,-0.4621057,1.5878807,-0.026811065,-1.587741,-1.0619421,2.489146,-1.0114577,0.12751003,-0.19711688,-0.5542423,1.3196,0.13949488,0.10360812
Normal_CTAATGGTCCTCATTA-1,-6.376613,1.7309041,-6.308815,1.0469033,-0.7664736,1.3400029,0.38928646,1.224349,-0.8020624,4.0113955,-1.7906358,2.0765355,1.224399,-0.13892448,1.6427563,1.2452921,2.3596087,-1.0788065,-1.2749388,-0.7899349,-1.4888932,-2.4506137,0.27217618,-1.5247574,-1.799226,0.18887591,2.097586,2.7286987,-0.6519682,-2.7570457,1.6588695,-1.3800972,1.0285784,-0.57344884,-2.47753,-0.25583974,0.29567012,4.424347,-0.847839,-1.2307197,-4.0299735,-1.6368033,-1.8980775,2.042833,1.7593796,1.9953908,-0.34861186,1.3810855,-5.7967277,-0.3893711
Normal_CTACACCAGTGGTAAT-1,-6.7354193,3.1540084,-5.780276,2.0475214,-1.0052004,-0.24493037,1.8554591,0.81376797,2.7208953,1.9043131,0.31328577,2.183996,-1.8327537,0.96172726,-3.4757943,-0.6428908,-2.4031959,1.2986166,0.77562386,1.0580673,1.1337638,0.2917463,-0.8822254,0.060203508,0.09914987,0.23358373,1.138356,-0.7166967,0.7618859,1.0433061,-2.0730808,-0.76513946,-1.8267672,-1.0046586,-0.21312799,0.113073036,0.29607812,0.33574268,-0.40572682,0.36045697,0.30945247,-1.4254653,-0.8504136,0.8978404,-0.02489228,-0.26119947,0.06304865,0.21014771,0.4622225,-0.7107274
Normal_CTACACCAGTTGTCGT-1,-6.3184395,-0.26283565,-5.819878,0.040948424,0.4858393,-0.94950956,1.4917401,-0.71079725,-0.83629215,2.014142,0.04136198,1.4830053,0.37756562,-0.48594904,-0.82552654,2.8929796,-0.02658624,0.70196396,-0.028258713,-0.31989276,-0.27825084,-1.1567252,1.5756879,0.2174163,-1.0197695,1.4114764,0.18425457,0.5961146,0.53839624,-1.1632093,1.3050576,-0.28123182,1.9484438,-0.64705056,-1.9332944,-0.36900532,-0.14650099,2.5767858,0.19765837,-1.6514182,-3.1851563,-0.3664892,-2.0373123,0.093240015,2.0951037,0.88063526,2.460435,-0.5836021,-0.36941817,-0.09787329
Normal_CTACACCCATCTCCCA-1,-1.5182781,-1.648648,-0.92027026,-0.8460913,-0.36364162,1.1829948,-2.1912856,0.61872405,-1.5728695,3.6245837,4.1391973,0.5922923,2.1069417,0.38394254,-1.6464858,0.9697545,-0.14915511,-0.10254483,-0.78717345,-1.4865023,-0.07101614,0.19270281,0.098650835,0.74261534,0.58238834,0.9602611,1.5033531,-0.52678883,0.49106658,0.91552174,-0.90014696,1.0417076,-0.51729757,-2.0182736,-0.20607851,-1.0088854,0.17735249,-0.3148004,1.0551636,2.0287974,-0.97144544,-0.7138915,0.041404262,0.2459124,1.2558212,-0.5530657,2.880222,1.2147938,-0.25302646,-0.26094887
Normal_CTACCCATCACATACG-1,-2.399875,7.602959,-0.8635606,1.3204044,1.3339362,-4.0864825,-0.8824464,1.2984465,1.1382166,-5.502729,1.2251381,0.21390666,-1.2751323,0.7134044,-1.8699799,0.32318726,-0.59953696,-0.01190037,-0.5283021,0.08090461,0.85233426,-0.57563627,0.34777597,-1.2341582,1.6843786,0.124375574,-0.54716074,-1.9867518,-2.6374378,0.6460973,1.0551096,1.0049105,0.29661787,0.4832804,-0.6310015,0.3332715,-1.6456692,0.047115758,0.96162486,-1.244538,-2.1544015,0.01973084,-0.20686334,1.7300792,-1.2319295,-1.1992688,-2.0244293,0.07134477,-1.212683,-0.5586267
Normal_CTACGTCCATGAACCT-1,-3.108685,1.4167068,-2.2842371,2.1077535,-0.49247605,-4.3856215,0.29169512,-0.09227998,-0.20546162,-1.7691218,1.1853038,-2.670285,0.005517443,-1.0696937,-0.66776425,0.3088746,-1.0040673,1.2017735,0.86817294,3.2027788,-1.1313266,-0.15770048,-0.12533806,0.46265987,0.03636969,0.00046235963,-0.6849436,-1.1976565,1.5367957,-1.0791191,0.46553922,-0.12294008,0.14990167,0.037626136,-0.5945829,-0.84877765,-0.3708146,-1.7843454,-1.1258888,-1.1508032,-0.3638754,-1.0016127,0.40391448,-1.7224355,0.4942419,0.7397477,0.9008258,0.18955737,1.5435228,-1.1427809
Normal_CTACGTCGTAACGACG-1,-6.3176117,0.29236436,-3.5741017,0.7974815,-0.113119274,-0.79459506,-1.1629652,-1.1611911,-0.80869955,0.37778103,-0.21377057,-2.9679768,-0.3788158,1.2145648,2.6130238,1.7207657,0.8700558,-1.0833976,0.23958161,0.15921307,-1.471417,0.010251977,0.41008052,0.9760463,-0.10582629,0.39025635,-0.04518633,-0.13481182,-0.8186403,1.1438425,0.38919076,1.911694,0.8998904,0.12539165,1.7656069,-1.2422575,-0.6144893,0.8129134,1.1117761,-0.89494354,-0.9657876,-0.5316345,-1.4230067,2.107875,-0.3141208,0.34735715,-1.4226134,0.7923418,0.2688839,0.3872599
Normal_CTAGAGTAGTGTCTCA-1,-0.79244196,16.356382,-0.16848017,-2.2645192,3.9844632,-3.3579369,-3.4964066,-0.8630743,-2.9978266,3.0875578,-1.8889406,-2.0644188,-1.9174455,0.063670665,0.9995608,-0.5211629,0.4503621,-3.0574763,-1.6953294,-0.439273,-0.8976757,0.82548386,0.5436225,2.2365062,-0.25709125,-1.4612045,-0.763988,1.025636,-0.4639407,0.7768106,0.5710884,0.6281658,-0.14533505,0.6344468,-0.07347687,-0.92874867,-0.16311133,-2.0322917,-1.0616897,1.8295434,0.9110428,-0.83093435,-0.028577711,-0.9720395,-0.979289,0.4741119,-0.13496572,1.225324,-1.855407,3.7170606
Normal_CTAGCCTCAATCTACG-1,-8.273597,-2.2424905,-5.891413,-0.20795909,0.47018176,3.102062,-0.6377657,-0.7182445,-2.1796145,2.1305928,-1.4602861,-0.21743724,0.7172551,0.63790774,2.102429,3.1968272,3.5087085,-1.4131688,1.8498163,-2.9758475,0.60826,-2.1094747,1.625294,-0.53818613,-0.7179752,0.47793877,0.9064448,-0.38097748,-0.6879554,0.19009581,4.482119,-1.947031,-0.3816798,-0.93581784,-2.1398766,-0.12619789,-0.51943254,-0.32488954,-0.9845535,-1.5436138,1.7169611,2.5817518,-0.9542191,-1.5881463,2.0581605,-0.52235353,-0.3398425,0.15305145,-2.8297606,3.4030035
Normal_CTAGCCTTCACTCCTG-1,-3.8154993,1.349374,-1.5399681,1.5839186,-1.2723413,-1.3179963,0.089944355,0.1526961,-1.1042823,-0.00035680295,1.4021198,-1.3017708,0.15522797,-0.0011377585,1.0991201,-0.395155,0.01645955,-1.5254018,-1.1316714,-0.46283212,-0.052048713,-0.063865475,0.40479064,-0.42963487,0.75474966,-0.1576186,1.506844,-0.19647096,0.9205643,-0.3465795,-0.7728216,0.18215933,0.9956053,0.5337445,1.131442,-0.6761575,0.681201,0.60634625,1.403343,1.3888302,0.8268919,-0.6960327,-2.4206495,-1.2104722,0.26391226,1.1010573,-0.10724265,0.26479423,-0.24245143,-0.82179147
Normal_CTAGTGACATCGATGT-1,-4.7856336,-7.024479,3.1639893,-2.3340797,3.1742768,-3.9239242,-7.0347033,-0.41888037,-1.1890029,-0.23831949,0.22770666,0.44667795,1.0914168,-2.408048,-1.2601578,-0.29355106,-2.8666606,0.727262,0.5848096,0.28959662,1.7703892,1.4951137,-0.26587346,-1.2518622,0.35824588,1.5761083,-2.5776246,-1.4212128,-0.49516207,-0.64811695,-1.6749694,1.9724827,-2.6682024,-0.71606505,1.5668501,1.5066657,2.5498784,0.22298692,0.25596058,-1.1632437,-2.1135814,2.9203224,2.3321471,0.030387403,-1.6118641,-2.7724218,-1.0778502,1.3718253,-1.1296458,0.047238227
Normal_CTAGTGAGTTGTGGCC-1,-2.1991467,6.2242007,-2.3772073,3.094708,-0.09869647,-4.0529647,2.8221328,1.0623479,-0.6510822,-1.8547593,0.5065098,0.5741343,0.5521376,-0.71939445,-0.55613124,-0.15802316,1.4278058,1.2525889,1.3881075,0.21917854,0.055459555,-0.22401668,1.1140115,0.23796791,-0.08226845,0.96653235,0.48055047,1.572078,0.87858295,0.38941753,1.7262055,0.031869385,-1.4196655,-0.69243276,0.14440654,0.64594734,-0.103344664,2.371285,-1.4622687,-1.9807608,0.135125,-0.3819016,-1.1822406,0.25721616,0.04300785,0.5253263,0.8042864,1.0657365,-1.0536559,0.197156
Normal_CTCACACCAAACCCAT-1,-2.1460977,1.164566,-0.44966257,2.5010164,-0.39328423,-2.879998,0.9356947,2.2942321,-0.57384306,-0.078698404,-0.022801705,-1.3649651,-2.0565639,-0.40152878,1.3420154,-0.63648397,-0.08911033,-0.8620258,-1.8067154,2.6733148,-0.042112716,-0.13273406,-1.1612933,1.2210325,-1.3703262,-0.6240156,0.66032666,0.01530036,0.45457622,-0.19692259,0.18231697,0.5473676,1.6485245,1.5494738,1.5657398,1.2518077,-0.18391888,-1.0235008,-1.2969643,0.3637789,0.55688584,-1.9854375,1.6551569,-0.04802224,-0.28369728,1.0004752,-0.99525714,-0.08618936,-1.8073115,-0.6253622
Normal_CTCACACCAGATCTGT-1,-3.9409091,-4.686497,0.5476947,-1.6360937,2.4690266,-2.649477,-4.0406804,0.5038654,-0.725447,-0.3883046,0.0018313233,0.9329518,-0.933902,-1.8000482,-0.52449995,0.9076431,-1.6353021,0.14468636,0.067439966,0.7177645,1.3893645,0.73849815,-0.069098555,0.36455786,-0.40948293,0.01591845,-1.7467701,0.94205385,-0.9127426,-0.8558773,-0.5640756,0.023642574,-0.048195753,1.1527097,0.11072219,1.4228423,-0.6731979,3.3911014,-0.9994557,2.7228096,-0.3202699,0.48634124,0.58365,0.66056144,0.52145493,-2.3420298,-1.1633906,-1.9087621,0.48135877,0.9162675
Normal_CTCACACTCACCCGAG-1,-3.1493185,3.9136775,-2.8359709,4.280669,-0.8586935,-2.8424635,2.1773024,1.6763512,-0.9362014,0.9821187,-0.18610175,0.8607491,-1.4354372,-0.19568293,-0.6878654,-0.30974177,-1.2168716,-0.4764161,-1.009178,-0.13614777,-0.75558937,-0.3636571,0.4830156,0.7000167,0.12704366,1.0360104,0.42190883,-1.5494508,0.67409503,2.6207807,-0.44179025,-1.3614844,0.70090574,-0.25637108,1.6225854,0.29928806,0.5399953,0.74682516,-0.30388194,-0.20004393,-0.62946504,0.1847965,-0.26379398,-0.90790457,-0.14073253,0.6982657,-0.55292124,0.6298064,-0.12040588,-0.84962505
Normal_CTCATTATCGGTCTAA-1,-4.1490397,-0.963755,-2.0431297,0.5050242,-0.614772,-0.0127917845,-1.3737451,0.016690627,-2.6536894,0.67737967,1.6373857,-0.84517944,1.019879,0.1577738,1.5005373,1.0604911,-0.95687693,0.9688988,0.39262596,-3.6924741,-1.7643627,-1.3280313,0.051240284,0.5144721,-0.35183638,1.7631679,1.0927948,-1.5330838,-0.9499286,1.1933982,1.6353579,-1.5479542,1.8478358,0.30545947,0.7983791,-1.6511843,-1.2385272,-1.3405612,-0.08321622,1.7761378,-0.82871133,-1.0199071,-1.7622033,0.2117603,0.83850133,1.2594023,0.8558729,-0.68970937,-0.5483716,-0.12814552
Normal_CTCCTAGAGACCTAGG-1,-2.6397617,-3.6678178,0.6817084,-0.9867797,1.259228,-3.3239748,-4.253528,-0.3823002,-1.224657,-0.9263945,2.3522255,-1.7072021,0.37925002,0.59997904,-0.165978,0.20643787,-1.6113539,-0.68163466,-0.63248444,0.33368874,0.43719393,0.6360243,-2.1160924,-1.6385154,0.11520901,-1.1156789,-0.46485496,0.26941124,0.3217892,-0.8459152,-2.3760922,0.08861979,-0.9360475,-1.47921,0.047655735,0.2562065,0.11940396,1.2900062,-0.07998469,1.4067308,1.3243257,-0.21166101,0.9580538,0.8501819,0.7249236,-1.0697458,0.6503501,-0.37606844,-0.36248153,-1.384711
Normal_CTCGAGGAGTGAAGAG-1,-5.850167,-2.1382425,-4.245078,1.6367114,-1.310465,1.0788894,0.36692494,-0.70694315,-1.5398265,4.0800853,-0.9721486,0.24808349,2.39363,-0.9424707,1.1456747,1.3407358,1.4308536,-0.92451155,0.19808297,0.2861108,-1.0838157,-0.15702164,0.99281895,0.95121187,1.788008,1.0931901,0.527783,0.5965186,0.4942077,0.06382234,-0.35316512,-0.45756638,-1.6556507,0.1372205,-2.0702777,0.8779053,-0.18892024,0.20160381,-1.5388082,0.541673,-0.22980513,-0.58978957,-0.34434104,-0.9798791,-0.96497214,-1.9913793,-1.0243,0.5462753,-1.7037272,-0.64343333
Normal_CTCGGAGAGTGTGGCA-1,-5.721507,-2.5829895,-2.739474,0.60244447,0.13954537,-0.16529587,-1.0043969,0.8505203,-2.3083043,0.42077175,0.3029313,0.5108335,0.5136061,0.7560997,1.021594,0.67388505,-0.27115986,-0.59929174,-1.685523,1.0562655,-1.2566011,-0.057849888,1.8230704,0.108041264,0.1358772,2.0018623,0.8286029,2.5071354,0.05836714,-0.23770544,1.3336931,-1.5035573,-1.3324593,0.33226678,-3.0352278,-0.1609038,-1.0724787,-0.19214527,0.5391477,-1.3180531,-0.028638728,1.8852218,-2.1859994,0.5464929,-0.00064350484,0.22640347,-2.6502883,0.069871195,-1.6627426,1.3970305
Normal_CTCGGGAAGACCTAGG-1,-4.135633,-3.372592,-0.5483963,0.6011985,1.080118,-2.2841482,-2.5849144,-0.34230718,-1.3709265,-0.38444313,0.67393124,-0.518138,-0.7491285,0.27156305,-1.2015115,2.264705,0.78908384,-2.7365417,0.15285775,0.76043606,-1.1068987,0.6264309,-0.0393333,0.8935245,-0.9687432,-0.7099393,0.10554429,1.8512199,-3.8021967,-0.90739167,-0.7155957,0.22082466,-0.14151976,0.49618387,-0.8599664,-1.1596799,-0.22117,-0.5342311,-1.3419217,0.6764797,0.0945769,1.2953684,2.3362973,0.6861946,1.4176662,-0.565359,0.9121368,-0.9332058,0.25661597,0.8268751
Normal_CTCGGGAAGCTGATAA-1,-7.3611035,-0.9261923,-5.146019,-2.905297,0.35322797,4.5647326,2.0800893,3.4523044,0.31185663,4.7545342,-2.2621813,6.051806,1.4560641,0.52619034,-0.9796107,0.61059266,2.1277893,0.47190604,0.608511,1.7794381,-0.4808884,2.156691,1.9941657,4.727343,3.0492308,0.8367268,0.098178715,-3.3028548,-1.8655881,0.9328484,0.54443055,2.6295118,-1.7220604,0.3167031,-2.4520519,-2.1340013,-3.9815142,0.032583702,1.4918618,0.67769784,-0.12273466,-2.4543047,0.8645846,-0.25258037,1.9772218,-3.119959,1.7501595,0.9890657,-2.5158799,-3.0943744
Normal_CTCGTACAGACCTAGG-1,-2.8015661,-3.4406445,0.22507496,-2.5684268,0.7069238,-2.7079747,-5.198344,0.67745435,-0.16964449,-0.03448035,3.2170997,-1.8707346,1.9847007,-0.19239835,1.0743686,-1.0794175,0.11401385,0.47695598,-1.5673475,-2.4230378,0.3139258,1.0842484,0.295458,0.9015979,2.3067477,0.19314852,-1.2974443,-1.658219,-1.2581216,1.4146748,1.101795,1.3451633,0.40338957,-0.4760133,-0.5608077,-0.6194211,-1.3627021,0.12678196,-0.19981241,0.5204601,1.3530458,-1.1811184,-1.4335738,1.7382013,1.3602724,0.013792053,0.2246373,0.65755874,-0.25137445,-1.8271046
Normal_CTCGTACGTTGTCTTT-1,-5.8521795,-0.8703087,-4.4132013,0.98434484,-0.40996554,1.323904,-0.061980605,-0.27659005,0.98738956,1.4882241,1.1211246,-0.7665196,0.99009633,-0.6251881,-0.546014,0.73499846,0.84098583,-0.4228626,0.052098747,-1.5533471,2.314547,-2.1883779,1.7657446,-0.7692509,0.35518304,0.7606264,-0.17260796,-0.778403,0.29721355,-0.97720987,1.1967844,-2.6063976,0.47914216,1.1102417,-0.18615149,-1.3675861,-0.83656174,-0.99027985,2.0636904,1.1485533,0.33820003,-0.25923854,-1.5754851,-2.0719676,0.7411959,-0.3211888,-0.76512283,0.6560113,2.635964,-1.7927078
Normal_CTCTGGTAGATCGGGT-1,-4.3216786,1.2208724,-3.3318954,2.0795426,-0.74415904,-2.7996643,0.19088262,0.7917047,0.029301161,-0.77454793,-0.2660702,-0.078138836,-0.35389358,1.9690473,-1.3802227,-1.0461419,-0.7511605,1.324896,0.69507897,1.8040557,0.17144588,-0.9549699,-0.08674194,-1.517526,-1.9490072,-0.7037137,-1.4147946,-0.9282542,-1.8051171,1.3488535,-1.9983406,-0.6196931,0.3318403,0.41525388,0.86210877,0.9764377,1.0346823,2.2978065,1.3201135,0.84370726,1.93345,5.165644,2.625571,2.2914336,0.18060069,0.13254696,1.6883092,-0.1955931,0.5383267,2.0374417
Normal_CTCTGGTAGTTGAGAT-1,-3.8509486,-3.9584615,1.0334371,-0.6238156,1.4494778,-3.9691968,-4.507922,-0.28138578,-1.4648185,-0.04371404,0.4120409,-2.3205142,0.6917631,-0.7129473,0.34747455,1.4978701,0.4740682,2.4328651,-1.3485028,1.1226517,0.30590513,-0.042071655,-0.72995853,0.76785755,2.6814406,-0.4987458,0.24156344,1.5960671,-1.5240119,-0.5363975,-0.4701935,-0.42486247,-0.3846577,0.7232661,-1.6636132,1.4870641,-1.6752915,-0.37302178,0.80974644,1.143368,0.4556515,-0.07794019,0.07369292,-0.2480766,-1.4584901,-0.010460455,-0.54841524,-0.86854064,1.007231,-0.8485493
Normal_CTGAAACAGCCGGTAA-1,-5.234469,-0.3850446,-4.911741,-0.23855393,-0.35531196,0.30418488,-0.90676665,-0.3856066,-0.6352296,0.92078775,1.0987455,-0.10015802,-0.94224983,-0.10209972,0.21192026,2.138206,-0.47300738,2.6719723,1.1049229,1.5420339,0.20762962,0.03807772,0.08531275,0.3598475,-0.4943384,-0.6451568,0.5270517,0.66482973,-0.25495932,0.65375495,-0.19813052,0.5773549,3.1346831,-0.7342564,0.25316945,-2.9322793,-1.8281143,0.77178466,0.16160427,-1.4148089,-3.87163,-2.240159,0.28904948,-1.06353,0.39149126,-0.2206598,0.9870731,-1.2845578,-2.3553755,-0.52466536
Normal_CTGAAACCATGCCCGA-1,-4.850312,7.3843284,-3.365615,0.89471674,0.32517406,-2.0159934,0.25394446,0.9123218,2.6744823,-4.444406,-0.712322,1.7870425,-1.4146153,-1.370022,-3.8282952,-1.5146058,-2.5574872,1.9337659,3.1164734,1.7559792,2.3606153,-1.1246965,-1.0289648,-1.1896102,-0.8055178,2.1752071,-1.0522196,-0.024276366,-2.200191,-1.4135033,-0.063192755,1.1024022,-0.9706882,-1.1780055,-0.4559863,0.48948517,-0.8344218,1.3681928,-0.65223676,-0.71104413,-1.1672456,1.3373469,-0.3253248,-0.62452954,2.086662,0.73192054,-0.1610707,1.6601317,-0.5787144,-0.01361038
Normal_CTGAAACTCAAACCAC-1,-4.9611635,-2.7856467,-1.0585965,-0.6953948,1.9912632,-2.3009143,-2.6697772,0.3961191,-0.25904977,-0.79324687,0.6234611,0.6847883,-1.5886725,1.3906308,-0.71917135,0.97543347,-0.36373636,0.632773,1.0419071,0.75617605,0.8243273,0.6170089,-0.7273595,-0.08538224,-0.63799334,1.0168449,-1.5112864,-1.7539958,-0.81837595,0.45319465,-0.5126974,0.5397826,-0.3625275,0.4901285,0.8035022,-0.6799523,0.4882097,2.3506608,-0.060234938,0.025021462,0.3836236,-0.114517674,0.4635309,2.4576325,0.045461573,0.6866621,-1.0528291,0.24706905,-0.36761722,0.058833703
Normal_CTGAAGTAGGATGCGT-1,-4.5852337,0.7299534,-4.6290045,2.027234,-2.7291732,-0.86536443,2.7411866,1.4972087,0.78275716,1.1810124,0.18447383,1.7084087,-2.1134446,0.19194639,-1.078296,0.54028255,-0.3000369,-0.99803585,-1.2628025,1.5755318,0.8993341,0.0007363345,-0.51612985,1.0449928,-0.015003089,0.021807173,1.8303174,0.4978496,1.9208915,0.8397422,0.054119747,-1.8573239,0.9208723,-0.11114797,1.6380671,-1.917116,0.5940554,-0.74284077,0.88560534,-2.0016232,-0.14923319,-3.208973,0.1898204,-1.210437,0.1860161,0.43894264,-1.612676,0.743808,-1.0982156,-0.5971172
Normal_CTGAAGTCAAACTGCT-1,-6.763009,-0.50120234,-5.174897,1.3720471,-1.3922431,0.6751325,0.531861,0.7112427,0.8166275,2.2432523,-0.8674636,0.739983,0.87230897,-0.21920101,3.0848105,-2.4056077,2.0255673,-0.040091116,0.16109629,-0.7264285,-1.4318683,-0.28264514,1.7483215,1.3829222,0.37308455,-1.0839424,-0.9130119,0.23181929,-0.26067668,0.62582546,-1.6971185,-0.2581602,-0.24775855,-0.38437104,-1.1113896,2.8286629,1.9797041,-0.54574805,0.8817834,-0.6132548,-0.9777401,-1.6124092,-0.4306425,1.0235182,-1.9605527,-0.73032075,-0.371746,-2.3839772,1.0827975,2.2841074
Normal_CTGAAGTTCGCTGATA-1,-1.0991188,-7.3949795,1.2824352,-7.820326,6.923858,-0.26766717,-12.459008,-5.701274,-3.3331256,-1.6674181,9.421639,9.039172,3.9650993,-1.402437,-4.344049,-8.736571,0.9750213,-1.4620672,-1.142555,-2.421977,-1.9754092,-1.1907197,-1.6196336,-2.945282,-0.28933942,1.7006112,5.438376,-0.066171795,1.3906463,1.2629201,-0.80048686,-0.7740096,-0.9601511,-1.0518942,0.6767756,3.6298585,0.8857545,-3.1951125,0.38348496,-5.488775,0.928358,2.677289,1.4348713,-0.78484803,-2.7054393,0.9220919,1.3569362,-1.3933275,0.99896187,1.0571125
Normal_CTGAAGTTCTGATTCT-1,-4.1100965,-6.111492,1.818839,-1.6518745,2.9299023,-3.3052151,-7.516676,0.9094013,-0.08555103,-0.72860956,-2.1518197,-1.140176,1.0860034,0.85299957,0.44937083,-0.5428483,-0.92965496,-0.16321231,-1.7228532,-0.7286153,1.4025367,2.2112088,-0.39477605,0.2812647,-0.49654144,2.7952862,-0.715909,0.008385742,-1.4640471,1.415538,-0.7407152,-0.011558829,-0.22656144,-0.87834436,0.40009105,1.8821204,-0.004780649,-1.2188926,-0.48146862,-1.842636,-0.6430477,0.88172936,0.42249516,-0.114466295,-1.4671636,-2.4599824,-2.4765313,-1.2080355,-0.8975999,-3.3905866
Normal_CTGATAGAGTCGTACT-1,-2.7022724,2.2693026,-2.8939564,-0.9535041,0.687735,1.3097656,-3.3097928,-0.14745913,2.8299136,2.7556403,6.4611826,0.44025916,-0.6224729,0.39002255,0.270536,-2.8906772,0.59800494,-0.025367275,-3.2475152,-1.5130112,-0.57853824,-0.11063794,0.3006594,1.8939728,1.0443552,1.6538069,1.4335983,-2.484862,-0.6069975,1.4454643,0.4002516,-0.94171166,1.3583579,-0.43203184,2.6532533,-1.54211,1.3220977,-3.283654,0.98492897,1.8340763,1.5087628,-1.0637532,-1.446062,0.163758,1.5614057,-1.5247016,-1.1808105,1.0531795,-0.8227283,0.3515697
Normal_CTGATCCAGGTGCACA-1,-6.28567,1.7003118,-3.7963922,2.4919007,-0.20295979,-0.99394405,-0.018437602,0.82218987,1.4334797,-0.67139935,0.14007778,-2.7806988,0.044528022,-1.2316514,0.16153044,-0.55304813,-2.322763,-0.6951968,0.89849484,-0.012463806,-1.1859041,0.6636989,-0.3909517,0.2489134,-0.5686273,-0.99046725,1.4883105,1.2719271,1.3541653,0.29391196,-0.31774536,-1.0795982,-0.9838933,0.4635338,0.08628651,2.0260856,-1.0527807,1.3629978,0.21911334,-0.86343044,1.5542042,2.8378813,-0.8334135,-1.5374047,-0.65982246,0.48254037,-2.754371,-1.246776,0.6143918,1.5388509
Normal_CTGCGGAAGAACTCGG-1,-1.8652986,-1.4461573,-2.319437,3.5490685,-2.172613,-3.602093,2.494941,2.2339048,-2.0106544,3.2697325,-0.20656832,2.911896,-2.6586962,-0.5421385,0.9194788,-0.6494604,2.0325775,-1.0596067,-0.6679616,-0.58720756,0.1628101,1.1260029,-0.31278273,2.5175662,-1.16005,1.1942561,0.9415995,0.32297832,0.4614982,0.99194616,-0.2979915,0.027556892,-0.81980115,-0.9924045,0.76425666,0.5458182,2.2910335,-1.241146,-1.7212908,0.17277935,0.16928189,-0.8566259,0.05865241,-0.44933724,-0.69453263,-0.2438962,0.9519679,0.2173201,-0.65163,-0.29505867
Normal_CTGGTCTGTACATGTC-1,-6.396632,-1.2986262,-4.2611327,0.46218613,-1.4851911,0.4076037,-0.9333496,-1.3504307,0.82488966,0.14675808,0.13316673,-1.2385105,0.32678133,0.4465135,-2.1944292,1.6347827,-0.16199762,-1.1100863,0.65805143,1.7780708,1.6929189,0.2083927,-1.0562419,0.5673849,1.2007116,-0.68828845,-0.6020449,1.4494601,0.57165694,-1.0622907,-0.71765506,-1.2601112,1.1942466,0.066518724,1.549193,-0.8033264,-2.136485,-1.8975899,1.2046479,-0.5852013,1.5831637,-2.0790763,0.53457415,-0.32199952,-1.0998914,-0.4935863,1.0315397,-1.0000646,-0.65286154,1.7130198
Normal_CTGGTCTGTGCAACGA-1,-5.0863914,1.4508905,-3.9260972,2.4590905,-0.14379077,-0.054289963,0.76023155,0.38968092,0.5547498,0.719428,0.80419236,-1.1044835,0.06004652,0.668224,-1.019733,0.5523551,0.39715523,-1.634983,-0.51942253,-0.1537899,1.1242677,-0.39498842,0.012375339,-0.32271945,-0.69836783,0.94151247,-0.7363441,0.30257273,-2.446122,-1.4717788,-0.15243839,-0.3799804,2.1986978,0.32496706,0.5813891,-0.9135626,-1.1089106,-1.4121821,-0.3586662,-1.2011493,1.0310732,-0.7141655,0.5150735,0.21671766,-0.7997478,0.73358864,-1.2549627,-0.18124813,0.39143968,-0.012446708
Normal_CTGTTTACACAGCCCA-1,-2.7785022,-3.7165556,-0.5389836,2.5776596,-1.6741425,-3.543662,-1.1394858,0.76996195,-2.4704442,0.32568148,-0.5103966,-0.2443712,-1.5304731,-0.86318773,3.504869,0.8207824,0.7181017,-1.479094,-1.393965,-0.50285476,0.5763625,1.6877422,0.025892936,1.4800134,-0.67095315,0.5109002,-0.5263719,0.98930955,-1.1862963,-1.7618641,-0.2997465,0.052466076,-0.5533255,-0.116141535,-0.68640643,0.16181685,0.8933662,-0.6108676,-1.7872391,0.16579737,1.2504507,0.6157124,0.86683935,-1.0125449,-0.011830022,1.1887227,1.2306435,-0.03974394,0.18463598,-0.38673797
Normal_CTTAGGAGTTCACCTC-1,-5.085638,2.8148327,-2.9354475,1.5207773,0.3526116,-0.20245026,-0.85656154,-0.22958808,-0.77173084,1.7102686,0.36152533,-2.488774,-0.12789851,0.26867512,-1.2063423,0.37244046,-1.1656669,0.7249757,1.2605286,0.9233104,0.44801438,-1.493578,0.28355426,-2.2853026,1.2575703,-0.003400238,0.40623915,-2.3063369,-2.1937056,1.8466269,-1.7332828,1.1490859,-0.64956534,-1.0327649,0.23693779,1.8866136,-0.018323533,-1.077403,1.2818483,-1.2296767,-0.47584438,-1.6419187,-1.0769725,1.711654,1.2003081,-2.206035,-0.32817248,0.16215478,0.5487117,1.1437098
Normal_CTTAGGATCGTCGTTC-1,-3.7287512,5.134537,-2.7077637,1.777336,0.22530134,-5.5227656,0.009557144,2.4537811,1.4587266,-3.1931489,2.3667886,-0.60062444,-1.0186927,-2.102189,-2.286239,-0.47569135,-0.83146113,-0.59944105,-2.5391803,2.5094028,0.13471653,-0.39157426,-0.020151278,1.732564,1.0482552,-1.4056276,-0.75877786,0.3260871,-2.005203,1.1304375,0.497503,0.98306644,0.5908468,1.6984493,-0.80704576,-2.039873,-0.5543202,-2.4017944,0.83471,-0.5445282,1.0975461,1.0868328,0.4048809,0.70844585,1.5493641,2.1021733,-0.66784656,1.0540308,0.4417001,-0.35523382
Normal_CTTCTCTAGGTAAACT-1,-5.43226,-0.9943756,-2.7105362,-0.17151411,-0.53388876,2.6175082,-1.4974197,0.8358287,-0.4280054,-0.54218227,-0.7829305,0.9960453,-2.4015937,-0.6748871,-1.240429,1.1196197,-0.045207188,3.0808244,0.17136383,2.3581731,-1.1566399,-0.5601456,0.35724244,-0.060849674,2.4087422,-0.40379342,0.29667032,-0.77619004,-2.9679613,-0.717502,-0.25095406,-1.8251772,-0.4156069,0.20488858,1.4939985,-3.9060833,2.3894005,2.2473402,2.198209,0.062497143,-0.6021373,1.5350688,0.51946604,0.40059114,-1.0747553,-0.40540397,-0.3152527,1.5973053,2.9900563,-3.1688647
Normal_CTTCTCTGTACCGTAT-1,-2.382223,-2.2226949,0.45909312,0.2455442,0.66123205,-2.4832947,-3.2247012,1.3602293,1.260479,-0.058860064,2.747496,-3.3106506,1.1480445,1.060587,-1.2234327,0.30670196,-1.4827241,0.9726406,1.0887576,-0.4457964,-0.702826,-0.4658646,0.4875732,-1.1695434,0.72160757,-0.7291227,-1.9729519,-0.808527,0.33513525,0.46548173,-0.23266502,-0.30411565,2.1801038,0.08444975,0.14051722,1.8100547,-1.1422276,-1.3031032,0.53900504,0.554982,1.8790554,-0.40832633,-1.3336513,1.0630083,0.24746077,0.5674251,0.85272545,-0.6776092,0.111239396,0.63514185
Normal_CTTCTCTGTCTTCGTC-1,-6.188449,0.6163661,-4.5418453,1.6008416,-1.120286,1.1837546,-1.2096711,0.48670664,1.4291558,0.67149556,-0.68949896,-0.87650937,2.0716894,1.8523077,2.6331143,1.0288115,2.2424865,0.12427537,-0.403792,-0.1093169,-1.2914659,-0.5740234,-0.22383544,-1.6439867,0.9275927,1.1867418,0.05298889,1.450228,-0.496381,-2.1588335,0.52849185,-3.9363644,1.4870491,-0.18321542,-1.8977383,-0.5259713,-3.3107357,1.8292943,1.3160292,1.0631729,-0.1793699,0.24969886,-0.43138131,2.310934,-0.0729029,-0.46831697,-0.2761188,-0.46646154,0.32759887,0.026427627
Normal_CTTGGCTAGCCCAGCT-1,-5.0923514,-4.0354037,1.0217533,-0.5405848,0.87170964,-2.380404,-3.90641,-0.8872676,-1.7033137,0.30163854,-0.2816036,-1.562174,1.2920506,0.037478298,1.4674025,0.18376656,0.29479605,0.6464814,-1.4013697,0.6208387,-0.007720728,0.56179285,-1.5582081,1.1640366,0.13059072,-0.47302592,-1.7300248,-0.6736809,-0.5846385,-2.0324643,-0.94185454,0.47866744,-1.2914414,-1.2209605,-2.3356967,0.39527962,-1.2316533,-1.4336004,-0.15720722,1.3133318,-0.6549951,-0.5870485,-0.21828762,1.6957345,0.4762285,-0.22031957,-0.64215535,1.1307176,-0.3307514,0.72560114
Normal_CTTGGCTCACATGTGT-1,-6.165479,0.40481943,-2.4848883,-0.7255789,0.2503563,-0.7779653,-3.0028105,-0.003195757,2.8855102,-2.4423802,1.0375605,-2.6777253,-0.66024697,1.428798,1.1226178,0.7556695,0.5911798,0.35822856,1.1293824,3.3035636,0.18913646,-0.5584276,-0.7156248,0.15536614,-0.043162823,-1.2871119,-1.6801133,-0.032501116,0.07850472,0.5597168,0.0118588675,-1.7779922,-1.4984695,1.6851158,1.2764568,-2.8068745,-0.40124124,-2.4349415,0.8881625,-1.4479403,0.63099253,1.7425854,1.8171164,2.2837934,-0.24393949,-0.034298263,-0.7308808,2.1323395,-2.0062652,-0.028376712
Normal_CTTTGCGCAAGTAATG-1,-6.2935977,4.0306234,-7.031137,2.5208018,-0.31995434,-0.86258036,0.15021119,0.42628488,1.9152535,-1.4762626,0.5355535,0.3136623,-1.6980553,0.25135675,0.23146759,-0.3822066,-0.835227,1.0233,1.8049035,-0.014389361,-0.86105925,-0.67143756,-0.5178675,0.46013394,1.0626187,-1.6131988,2.358382,2.0529244,0.16372755,-0.43142492,0.16544119,1.7323048,-0.52251875,-1.3087777,1.1673663,0.13463116,-0.6314365,-0.3402384,-1.6906,-0.02378105,-0.8440037,-0.6795509,1.3470254,0.50774014,-0.19783342,-0.78708124,0.11333863,-0.82303685,-0.5106737,2.2281492
Normal_CTTTGCGTCATGCAAC-1,-0.34233907,-5.359277,2.7594125,-0.019630544,0.9987553,-6.650641,-4.4296885,-0.07788739,-4.6260867,-2.2784858,1.8691132,4.4705477,-2.155462,-2.0545976,0.69228834,-4.7594247,-1.0333356,-2.3614364,-2.5221345,-3.509527,1.1135575,-0.057135362,-2.7101996,1.6375146,1.1159799,5.6150136,-0.78965575,-0.8439259,1.9712206,1.7506758,-2.101293,-0.78777325,-1.9920492,-4.6511836,0.93299824,2.4918666,2.2430632,-1.5770984,-3.4110348,-3.609428,-2.0185316,2.123253,-1.000719,-0.54366285,-4.644585,0.07486337,3.7330513,0.98052037,-1.9337721,-0.50599986
Normal_CTTTGCGTCTAACGGT-1,-8.146522,-0.092670955,-7.6600804,1.2846314,0.39483026,2.4844677,-0.9496718,1.3244624,1.8555622,2.9847288,-0.7421683,4.5051312,-0.35658923,-1.4062485,-0.039704453,-0.1374669,3.323087,3.6652753,1.4182378,-0.9484086,1.5150495,1.4987518,0.55771613,-1.3483335,3.3555968,-1.0105513,0.9792154,-1.6480944,-0.83044916,1.560268,-1.2962841,0.6921377,0.8077686,-2.0962777,-1.3843775,2.6576617,-1.4864846,-3.04407,-3.2920167,-0.35355255,0.7619876,2.7512338,-2.4693787,-3.6788197,1.8298104,4.4132905,-1.4476717,2.1810248,-2.6079803,1.8479514
Normal_GAAACTCAGAGGACGG-1,-0.96446896,7.3489647,-1.5631621,2.3176548,1.1269598,-4.9732213,2.3897111,1.7514327,0.4786421,-2.9268641,0.10574164,-0.3605339,1.114954,-1.0397997,-0.46103126,-0.16946417,-2.1072118,0.25760573,-1.9997634,-1.493133,-0.45092523,0.9542837,2.334685,0.07684014,-1.8678477,-0.0042898837,0.962573,0.87345845,-1.4914279,-0.22802356,0.5219467,1.6812755,1.0300715,-0.20590389,-0.7987894,-0.35260698,0.34639862,-1.987179,1.4529052,0.039658412,-0.58872545,0.83839506,-0.3459252,-1.118351,-0.07992836,0.11352958,-0.92928445,1.3339889,1.1343938,1.5308105
Normal_GAAACTCCATGCCCGA-1,-5.039909,-3.7249534,-0.61731064,-0.20784976,0.648012,-1.4862986,-1.9418197,-0.5949549,-2.621246,0.010862283,0.62910193,-2.0219088,0.08964958,2.2932851,0.22351204,2.4918523,0.7013293,0.1926574,-1.6823517,-0.7794049,2.0060995,-0.61025035,0.61694074,-0.18070139,0.49836728,0.72276664,-0.5365776,-0.5140363,-1.847869,-0.9657162,0.16460702,1.1884658,0.46663204,0.17941633,0.04890477,1.6227407,-0.78543836,-1.35732,0.23470287,-0.014677811,-1.0064985,-1.2084612,0.3403804,-0.58451277,2.1513772,0.18801516,-1.4401646,-0.3616568,-0.26561087,0.9365387
Normal_GAAACTCGTCGTCTTC-1,-4.052495,-0.39753398,-2.1739414,0.9380499,1.6651073,-1.6713386,-0.87224805,-1.9453876,-1.9854895,1.3679008,2.9946575,-1.1240356,1.9426163,-2.0473256,-1.6743184,1.1095666,0.9460391,1.0847056,0.10805164,-1.1155806,-0.59673977,-1.7989942,0.012906867,-1.6378604,-0.34472945,1.6766754,-0.24985968,-1.9060555,0.94971156,3.3014343,0.0030888044,-1.5782424,-1.728836,-2.1454203,0.76618075,1.9892418,0.80936795,-1.1833837,-1.3534143,1.4995174,-0.13913298,-1.5116686,-0.47775096,0.71434796,3.1622481,-1.3651623,-0.21779878,0.45536542,-2.5561364,0.028741617
Normal_GAACATCTCAGATAAG-1,-2.6147954,3.6780453,-1.5172646,2.439369,-0.72087914,-3.4067814,1.1764964,0.9022896,1.6527321,-3.8341405,0.08027611,0.24881509,-0.6741144,-0.13102333,-0.4285348,-0.3939997,-0.31494138,0.5526054,-1.0351571,2.2580554,-0.5096183,-0.29171467,1.0927715,-0.9790339,0.32238233,-1.5840483,0.4249524,0.747157,-0.103907116,-0.50923157,-0.4328174,-0.636185,0.09486939,0.5771821,1.3109434,-0.5246141,-0.22221743,0.5792066,-0.6458971,-0.40410095,0.53866845,-0.9782694,1.490437,-0.29496416,-1.4932194,-2.290265,0.67621654,-0.10342133,-1.858153,0.8744214
Normal_GAACATCTCCAAGTAC-1,-6.9504333,-4.5900054,-3.3458977,-1.8885999,0.63643175,-0.8768398,-2.7628658,-2.180036,-3.3805332,-0.46559072,-0.103739455,-1.1922508,2.0418193,0.9966452,-0.1600653,2.493839,0.07869259,0.071653605,2.8316295,1.2733053,-0.31695,2.0781019,0.19071676,-0.59580404,0.12757143,-1.618724,-1.8280644,-0.10859784,1.6953269,-1.6778626,0.31372467,-0.18487866,1.0105668,2.1364245,2.5495949,-1.0970179,0.578136,1.3773152,-0.30928326,-2.1371481,-1.0027164,-1.3684229,1.2790419,-3.3758585,-0.12507397,0.3833928,0.88842845,0.6970851,-2.5688448,-1.0294833
Normal_GAACCTAAGAGACTTA-1,-5.529452,0.55561554,-3.124557,0.965505,-1.9119802,-1.0540091,0.39280334,1.1745832,0.90771264,0.46547133,-0.32797214,0.020875715,-1.449292,0.9756227,-0.81490433,-0.3940605,-1.3469665,0.67609656,-0.29130664,1.8731931,1.7130715,0.58122116,0.563255,-0.25937065,1.2150576,0.057982545,3.171169,-0.31128472,1.3424422,-2.3849764,-1.3760122,0.46066898,-0.40315312,0.48246598,1.065523,0.96387815,0.37831086,-0.5016439,-0.62509465,1.5263048,-0.14198013,-0.5371208,-1.2222348,-1.0646333,-0.080377966,-3.0689502,-0.19119363,-1.8113328,0.5278,-0.023204217
Normal_GAACCTAAGTAATCCC-1,-5.4594407,4.4251776,-5.5861397,0.17406382,0.048570335,0.52472955,-0.8618265,0.7134273,2.9488714,-0.9153489,2.086784,0.81936413,-2.0718439,-0.3354192,-2.9314532,-0.7842939,-3.5803568,1.2532525,-0.042733822,1.3343155,1.2310914,1.5505801,-1.9598517,-0.26430434,0.15236133,1.2273765,0.42796442,-1.3212422,1.5050261,-0.34539828,-2.566207,0.9902658,-1.5070757,-0.7793102,0.5196603,-2.2212336,0.36586142,-1.429159,0.90255857,-1.2821258,-0.20808928,-0.5975435,-0.24856518,-1.6063015,0.002000384,-1.996905,-0.6265027,-0.6979527,-0.33474696,0.40448162
Normal_GAACCTATCAGCTTAG-1,-7.599511,0.9872937,-6.9982753,1.0742824,-0.8375485,3.897853,0.6868115,2.008011,1.3296195,-0.4710039,-0.13354017,0.95862585,1.9104029,2.4190862,4.312887,-0.052685115,0.25788787,-0.090404,0.4164724,-2.870647,-1.6664941,0.14939639,2.5736053,-0.5697517,1.4451646,-0.12545593,-1.0414829,1.0383128,0.93864334,0.64569813,0.8331068,-0.7641874,0.99319285,-2.0912817,-1.0664513,0.7870056,1.121564,0.4486339,0.4117569,-0.17489427,-0.48146278,-0.51821584,-1.0318146,0.27202514,3.11291,0.41024005,-0.903838,0.9842548,-1.5486591,0.45133147
Normal_GAAGCAGAGTGGTCCC-1,-6.2646427,-3.06633,-3.7722492,0.17527077,1.716827,-0.3672304,-0.49293852,-0.3926288,0.05215783,1.1671498,0.090563454,0.9501445,0.23362873,0.8691491,2.07349,0.29681182,-1.1793674,-0.47957987,-2.9390402,-0.94413257,0.1968684,-1.3064066,-0.59765005,0.97811866,-0.88625604,0.09850048,-1.3977139,1.3277777,-0.24057083,-0.27012116,-1.784425,1.589452,1.0767788,0.8742672,-0.592026,0.49945548,-0.27356005,0.9849454,-1.5569113,1.9794787,-0.35753503,2.0553913,1.3847102,-0.89543086,1.2599465,1.3494664,-0.99021274,-0.88688064,1.3490067,0.1185872
Normal_GAATAAGTCACTGGGC-1,-6.200227,-0.02372596,-3.9118125,0.47133353,0.17800285,-0.9717431,0.72933316,0.89353067,0.5113372,0.41940373,0.30143124,0.22186068,-0.51680017,0.35842535,0.07064066,0.74789864,-0.20752573,0.662497,-0.89676696,0.98840916,-0.8084475,-0.17564413,-1.3695037,-0.3659706,-1.0875823,-1.2536498,-0.29605144,-0.48757792,-0.56894183,0.29484296,0.91417354,-0.4712093,0.43239352,0.7608251,-1.0755681,-0.7083002,-0.09525122,-1.3060938,1.3127083,0.031497464,1.179415,0.1672352,0.59632856,-1.131431,1.4617203,-1.2257248,-1.104072,-1.3512079,-0.75403225,0.16663443
Normal_GACACGCCAAGAAGAG-1,-7.9131346,-1.1881701,-3.426786,-0.46671557,-1.0000277,0.59841657,-1.1202395,-0.76838297,-1.5503817,1.1316957,-0.009852167,-0.30408645,1.1615435,1.3725226,2.0691292,0.61090434,-0.58713114,0.37091312,0.6579938,0.65430593,-0.51560795,-1.0683626,-0.9471679,-0.73996645,-0.49359682,-0.49952975,-0.93606806,-0.84432894,-0.09402252,-1.4628395,-0.4777068,1.3709869,-0.9129462,1.1561283,-1.2631544,0.80240726,1.823735,0.72974503,-0.96087664,0.6556303,0.33219767,0.64859,-0.5304944,1.1036114,1.1446499,-0.73470443,1.5314583,-0.22564271,1.3306332,-0.79611456
Normal_GACACGCTCAACTCTT-1,-5.1128697,-4.028607,-1.5359842,-1.495649,0.43798286,0.29086348,-2.4183958,-1.4371232,-2.331537,0.5378402,1.3109957,-0.6244944,2.1957984,-0.6556496,-0.08330876,2.055637,-0.14339544,-2.456415,-0.6875939,-2.2149768,1.7082396,-1.4226927,-0.98783314,-1.2144091,0.311407,-1.493652,-0.47201678,-1.5279428,1.1657686,1.0289394,-1.2713585,1.178921,-1.2159964,1.5927554,1.2830137,-1.0423195,0.72779936,-1.2940845,0.34421787,2.1503477,0.6791314,-0.1758919,1.5233709,1.6943141,-0.33122313,-0.5616981,1.15284,-0.32930523,0.47721678,0.40746912
Normal_GACAGAGAGACTAAGT-1,-6.0380616,-0.3608901,-4.1874585,1.3010145,-1.3212657,2.8951967,-1.2322145,-0.22969136,0.43832722,0.8887959,-0.47180983,-1.0222182,4.3379536,1.1158926,4.6970983,-1.0742973,0.9181477,-0.6501096,0.040589605,-0.6139052,-1.7514545,1.4943277,1.4228525,-0.92112106,1.9444976,0.55888313,-0.26073128,0.48106623,1.2266655,-0.6479909,0.7034092,-2.5933976,-0.4996847,-0.24411806,1.368296,-1.1057426,-0.47248083,0.27785504,-0.37955773,-0.762057,2.4612076,1.7216372,0.0976665,-1.0959972,-1.7040035,-0.86442906,0.59726524,0.4091428,1.2190415,-2.001505
Normal_GACAGAGAGACTTTCG-1,-3.006799,6.407445,-3.6855445,1.8137133,1.7264013,-4.3150682,0.9196453,3.2471597,1.3945525,-3.0863984,-0.6054663,-1.7437863,-2.6276999,0.30484563,-1.4527246,-3.152996,-3.4028885,3.9902544,1.8126688,1.2934242,1.7825488,-0.6960971,2.795428,-2.3816035,-1.38174,-0.2994307,1.3269324,-0.3628315,-0.833751,-1.1032351,1.6489549,4.7258477,0.6315517,2.1281273,-0.25426975,-0.5151014,2.0712352,-3.4592044,-3.2109818,0.4586211,-3.373369,-5.678718,-1.179822,-2.8079665,-1.1404817,0.18329304,-0.7110664,0.7750407,0.40121835,-1.2191442
Normal_GACAGAGCACTAGTAC-1,-6.3123016,-2.2868443,-1.3243079,-0.22116786,-0.90833765,0.45928434,-2.4086616,-0.080745675,1.6451472,0.11633326,-1.9281305,1.139796,0.7322256,-0.9863651,3.1710436,-0.5841507,-1.6795188,-0.4134126,-2.1138754,0.80903995,0.44528747,0.14496188,0.9747678,0.6019786,-2.5609357,-1.1428947,0.6547733,0.41186827,-2.7434661,0.13932574,1.0402181,2.1271625,0.3658823,1.2904476,-0.91122484,0.9152187,-0.17957568,-0.32980403,-2.237796,-0.25589976,1.3935091,2.5943913,0.27065223,-0.48401296,-0.39003256,-1.0989525,1.5024642,1.0693824,0.65468764,-1.2023288
Normal_GACAGAGGTAAGTGGC-1,-4.801334,-1.391481,-2.126715,0.8784253,-0.42039162,0.016030777,-2.5170355,0.98154855,-0.13201027,1.5540794,0.9762478,-1.2346035,0.024207117,-1.3672758,3.9840097,0.5941979,1.4134042,-2.2059715,-1.2532609,-0.24906835,0.8325105,0.19030125,0.15081906,0.5101943,1.8796821,0.8909691,1.8570698,0.13447142,0.8712005,-0.33754927,-0.10356946,-0.038768824,-0.88452727,-0.06882536,-1.2888939,-1.4032702,0.77507794,-1.1992955,1.1556914,1.8037921,0.9664914,2.2547002,-1.269668,-0.7879787,-1.8355403,0.74718255,1.5686716,-1.4524119,-1.4056486,0.7263302
Normal_GACAGAGGTGTCAATC-1,-6.5653334,-0.16894695,-5.7144303,1.2912077,-1.0175422,1.0314752,2.8712091,2.6329348,-0.63260454,4.3830276,-0.908219,4.7343616,-2.1255581,-0.22466485,-1.8756032,0.8920501,-0.23656754,-0.5905056,0.6364003,0.8214834,0.12663929,0.33076817,0.5798029,1.8374268,1.704954,0.7960926,0.6853795,-2.4353213,1.0561469,0.6236329,-0.26649168,-1.2979511,0.5101214,-0.8050647,0.45165572,1.7384837,-1.8739272,-1.0704062,-2.2655065,-0.38510895,-0.2723986,1.5921693,-1.4361932,-0.21793978,2.4719741,0.6232004,0.7280645,-0.78872377,-1.9229605,-2.3091388
Normal_GACAGAGTCCTTTACA-1,-7.9604897,-6.2471867,-2.1808884,-3.085511,5.2335153,-0.3793316,-3.810915,-3.372405,-3.8954067,0.8100384,-3.8684158,-5.870319,1.9127729,-2.9047425,-3.142436,3.0266392,0.7703277,3.7750676,1.2165365,2.5329185,-1.2014613,-6.3293357,2.496035,-3.4518852,-2.3778825,-4.2850394,-2.1147068,-4.996019,-0.04914733,-1.1761594,-2.882162,4.170562,0.1415517,-1.6380062,-7.9475946,-2.3445392,-0.7644338,9.10547,3.4458718,1.3702855,1.1598545,-0.925204,5.634773,-8.366406,2.4719903,-12.977012,-0.8226097,-7.1362925,0.15470922,-3.3508558
Normal_GACCAATCAGTGGAGT-1,-7.6371417,-0.14149481,-5.1146703,1.4589969,-1.1477574,0.07774093,0.17688176,0.9161944,-0.42182133,2.213543,1.8369291,-0.21518587,-0.68311006,-0.07791553,-0.38104212,0.2621832,-0.8398271,1.0817448,-1.0314084,2.0695798,-0.5952092,-1.7877445,-1.288149,-1.5394849,-2.2585433,0.8517329,1.9588281,0.53421164,-1.2546085,0.47896215,1.8491585,2.7619157,0.36318216,-0.9920649,4.018487,-0.9363191,-0.750544,-3.0514743,0.17326424,-1.715258,4.8707724,-2.126375,-2.0455472,-0.693971,0.14050727,-1.8729271,-1.9041785,-0.58683616,0.6667156,0.25129995
Normal_GACCTGGAGTGAAGTT-1,-4.3712273,1.1961246,-2.6824853,2.7303338,-0.32754496,-2.0974026,0.05653573,0.52111787,0.36244053,-1.1872683,-0.07532952,-0.6019197,-1.5968305,0.3758956,2.2898605,0.26592138,-0.17174554,-0.39128155,0.03702265,-0.6206842,0.2570633,-0.3608181,0.17868693,0.7511603,-0.5038043,-0.18589751,-0.2258214,1.88978,-1.0317996,-0.518681,-0.72811747,1.3271858,1.2384521,0.053217683,-0.33904868,0.97493577,0.7784432,-0.19314758,-1.3612125,-0.029201832,1.6853437,-1.6917855,-1.1273049,0.5625492,-1.0332197,-0.55689585,0.38631767,1.4892845,-0.06292167,-0.8068157
Normal_GACCTGGGTTTAGCTG-1,-7.2893,-1.1225175,-2.7275088,0.21491124,-0.26997325,1.7408328,-0.96393764,0.80842984,0.79865915,0.015889963,-0.8848482,-2.8517613,1.4589114,1.9346542,3.920074,-0.035289746,0.62223095,-1.065056,-1.1963602,-2.2686312,-1.6239367,0.03710082,-1.1636305,1.348871,-1.956554,-0.3451878,-2.5675638,0.2816491,-0.8697859,0.4203283,-1.60927,-1.8142501,1.4791311,-0.80513775,-0.7575585,2.5498393,0.9236909,4.7735124,0.5111228,-0.051338397,0.9099929,0.93199134,-0.115200676,0.31462553,-1.0736126,2.1967852,-0.13843705,2.1745489,-0.09836467,-3.5156221
Normal_GACCTGGTCTACCTGC-1,-3.6796024,-3.8542426,0.34632376,-2.0103323,1.1777669,-1.9288352,-5.2023635,-0.5027653,-3.033808,-0.36506638,3.4283354,-1.953393,1.5826833,-0.5792025,-0.81738704,-0.29129818,-0.513248,1.3208328,-0.47174975,-1.8004405,2.0266056,0.6445899,-2.1507585,-1.443323,-0.03829793,1.1611608,0.37668887,-2.8413703,-0.070294626,1.9545548,-1.9499533,1.2551395,-1.3532372,0.012178864,-0.6477284,0.94168264,1.3702441,-0.34574798,-1.2793067,0.42210123,0.10722316,-1.3602309,-0.6848599,-0.1688269,1.4101063,-0.33171743,0.48561373,1.169197,-1.3704326,-0.90801466
Normal_GACGCGTAGTTGAGAT-1,-3.6262543,-4.1657596,3.6551423,-1.7472347,1.1156368,-1.9585533,-6.21112,1.8024638,3.7808805,1.2949253,-0.5309726,-1.3455163,-0.10062033,0.44081992,0.122672245,-0.35019132,-0.75132364,1.8825374,0.73253685,-0.47999516,-0.69596344,1.8858474,-1.7478583,2.009927,0.9289406,1.9030842,-1.4645407,0.28642797,-0.24742177,-1.0763279,-0.6789055,-1.1158345,0.49096823,0.44765633,0.55786115,-0.71496475,-0.37712312,0.17558157,-0.8804739,0.62861615,-2.45512,0.84215975,0.3342213,-0.8214123,2.6703043,0.04772844,-0.045929786,0.7620479,-1.5767804,-1.1598387
Normal_GACGGCTTCACAATGC-1,-3.4625063,4.4536614,-2.0927765,2.7868438,0.3495711,-2.6940675,1.6314125,1.1180054,1.926132,-3.4459064,1.9441487,1.1163121,-0.29013583,-0.8104589,-3.237564,-1.2767017,-0.09471017,1.2259105,-0.75367707,1.756047,-1.4820511,-1.5342084,-0.7582705,-0.22988681,1.0700728,-0.06894732,-0.46199754,-1.4822977,-1.0108919,0.1995788,-1.1050417,2.308639,-0.54017794,-0.96100336,-0.066535145,-0.10704977,-0.8961101,-0.82472044,1.554912,0.78400004,-1.0230381,2.1363895,1.24707,0.46658796,-1.2342415,-0.94270295,-1.4936557,-0.006499875,0.2272929,0.5778624
Normal_GACGTGCCAGTAAGAT-1,-6.78274,1.9228845,-6.5862727,2.0533063,-1.4049478,2.180721,1.0995115,1.9521787,1.7451392,2.2046132,-1.5190991,5.390679,-2.1560254,-0.60008657,0.0015525813,-0.032092307,0.9867916,0.2296492,-1.7203401,-2.5943089,-0.10487938,-1.6605316,0.9645716,1.2359989,1.6418222,-0.02582263,-0.54159176,-2.5959322,1.5234153,2.3984766,-1.4441679,-1.3879637,-0.41889322,-1.1329505,1.0579281,1.18584,0.67387915,-0.22654212,-0.8455872,1.9292798,-2.3510044,0.5232366,2.160325,0.6423325,-0.363885,1.6035826,-2.800436,1.0168836,-0.5385277,-2.1872492
Normal_GACGTGCGTTAAGATG-1,-8.245985,-0.4384818,-8.065362,1.010221,0.19753994,2.7704947,0.46342614,1.9004064,2.0529275,2.3677318,-2.4206402,5.035239,0.29145283,1.4527111,0.3421384,-2.8866384,-1.2703252,-1.8184507,1.0902886,2.8917782,1.0424227,0.7833559,2.339007,-0.08513435,-2.4176233,1.7707008,1.6385607,-1.6593293,1.7870673,4.196823,-0.5765623,-1.3524418,-1.662193,0.79096055,2.3817735,0.802583,1.7121326,0.811411,0.014788934,1.030731,1.2518412,0.5149081,-0.7898271,1.2677746,2.037606,3.5176666,-0.14682586,-2.6099455,0.52641714,-1.3209677
Normal_GACGTGCTCCAAAGTC-1,-3.894899,6.918006,-3.1241577,0.4720417,0.6262203,-2.1085913,2.3083704,2.3956165,2.6594193,-1.5445318,-0.08879867,1.0443685,-3.1499343,-0.511115,-0.7436348,-2.4208844,0.020983424,0.7816471,-0.4407841,0.7989552,0.99041647,1.5432657,-0.6579351,0.6807436,2.819201,-0.39942017,1.238815,-0.8713519,-0.6635932,-1.0225593,-0.49589163,-1.0872144,-1.9836087,-2.0176857,-1.3774706,0.96127087,-0.25913757,0.11368217,-0.8945803,0.14611506,-1.061158,-0.025310505,-0.5759372,-0.73013467,0.88979685,1.419364,-1.3449507,0.757436,-1.1110445,-1.2480917
Normal_GACGTTAAGGATGTAT-1,-6.7001896,-2.7493072,-1.2178973,-0.5685519,-1.0476449,-1.02226,-1.8024681,-0.29112414,-1.4990219,1.039702,0.1146993,-3.9857965,1.7511135,-0.041428626,2.278851,0.87416875,2.5692916,1.837824,0.22638996,1.9384824,0.97224045,-0.83912355,0.6104772,-0.3871073,2.5119684,2.70241,-0.39047477,-0.9303027,2.7150998,-1.2294241,0.3157047,1.2683138,-1.8836173,1.190985,1.3355066,0.7561455,2.9203823,1.6591569,-1.7393346,-0.25969282,0.34739634,-1.0665091,-0.31928906,0.95894146,-0.9443521,0.8345104,-2.46042,1.2212266,0.9265107,1.5841981
Normal_GACGTTAGTGAGGGTT-1,-5.943534,-3.4517226,-2.5492408,0.7396099,-0.1345416,-2.0285358,-1.3921367,-0.8297306,-2.563176,0.08821161,-0.0001687228,0.12255092,0.49919966,-1.0460995,-0.35240045,2.023404,0.4997165,0.6505461,1.7922692,0.34682557,-0.15027432,-0.12557364,0.059038777,-1.4863667,2.6934795,-1.3819476,-1.6270082,-0.4593595,-0.6899472,2.1233475,-0.8603054,0.35701874,0.16729915,1.2602887,-1.4952979,-2.1815166,-1.56546,0.8359622,-1.7537932,-0.47646716,0.31120244,2.0629976,-0.469,0.5546378,0.64344794,-0.36358693,0.23730265,-0.28228396,-0.61615103,0.6060879
Normal_GACTACAAGTCACGCC-1,-4.885849,-1.3569279,-2.5640395,1.2493192,-0.41722566,0.8415963,0.7489301,-0.12922136,-0.8428759,-0.7006769,1.0051913,-1.2375606,0.10055825,0.6691076,0.86775124,0.74631274,-0.16216502,0.5053412,-3.8228185,0.5328042,-0.17516448,-0.00041751142,1.0200528,-1.5358151,1.2831583,0.2085549,1.162731,1.386202,-0.6275636,-0.15053254,0.7759874,-0.19990826,1.3389027,1.4946048,0.4670219,1.4129161,-2.0232527,0.12679553,-0.58633167,-0.0411828,0.59403086,1.6840329,-2.1503963,-1.2462713,-0.25642323,0.8403084,-0.38844302,-1.4543433,1.5075145,0.46536556
Normal_GACTACACAGGCAGTA-1,-4.2133646,-0.14209746,-4.70648,-0.18950741,-0.5306508,-1.326373,-3.7305353,-0.21195808,2.8423488,-3.552717,-0.2690855,-7.839039,-0.098254584,-6.039963,-1.9628069,0.3171331,-3.7323122,-2.3541632,-5.4461465,-1.5157498,-3.2070396,3.4699807,2.5131125,-4.086023,-0.36212793,3.8037267,0.91228306,7.2600985,0.1788827,2.928907,0.4467228,-2.4373486,-1.6540747,5.2129436,2.6062238,-7.155851,-8.738552,11.70319,3.849928,6.5546365,8.442996,21.677906,-18.950594,-12.049472,-3.177697,-4.702828,-1.9473448,-9.42881,12.522231,-0.29507202
Normal_GACTACAGTAAGGATT-1,-7.325003,-0.43931445,-7.14492,-0.7022108,0.44199997,1.3155494,-1.956854,0.5706373,1.9137335,-1.7982142,0.24930799,0.13271728,0.7859747,2.6673584,0.98962325,-0.33920705,-0.40500095,-2.1210673,0.1403608,-0.9241419,1.366168,1.360684,2.5039344,-0.96838576,1.54867,-0.7743099,1.5548302,2.020524,1.5587189,-0.48621935,-0.078855895,-2.6692162,2.4494264,1.6015633,1.1095135,0.23498626,-1.5480086,-1.4514561,-1.6098022,0.2547875,-0.78077126,-0.0027708977,-2.0888014,0.2576775,-1.6861954,0.30391935,1.2729925,0.06514049,0.877761,1.7741321
Normal_GACTGCGCAGGGAGAG-1,-7.094289,-4.281566,-3.2152524,-0.97158283,1.3273966,0.09798089,-2.1923397,-1.8476785,-1.4157393,0.7672694,0.055229183,-1.2949306,1.3376853,2.0560305,1.7459084,1.1891209,1.5276337,-0.4814598,-4.3863606,-0.23847972,0.033746466,-0.15970302,-0.37004727,-0.72065526,-0.14322618,-0.43245962,-1.6169621,-0.39342675,0.6738496,-0.14347613,-0.026317488,0.8243153,-1.1204973,3.7895806,-1.2988311,0.019047229,-0.8406763,0.46217787,-0.97856104,-1.2741926,1.6372457,3.8697925,-0.47145125,-0.619602,2.2352433,0.30491835,0.0844585,-2.1054475,-2.7010357,-0.32300463
Normal_GAGCAGAAGGCTAGGT-1,-5.341888,-1.6758853,-3.6224563,1.2950116,-1.236249,-0.85630625,0.41337267,0.083776854,-2.4241965,3.3937747,0.3412904,1.6975045,0.16716163,0.8413869,1.2593647,1.4628013,2.1949499,0.09796276,0.20009086,1.005294,-2.114264,-0.9931086,-1.3960824,0.86563313,0.26287872,1.1296839,1.1954659,0.532509,0.6585738,0.44797242,-0.53205496,0.29724252,1.1945951,-0.33162764,-0.44346133,0.31017748,0.36751577,-1.18951,-0.2455627,-2.2798133,-0.36834505,1.4631413,-0.8569887,0.11391683,1.4850134,1.0655749,1.2007734,-0.0034623055,-1.1954403,0.103716426
Normal_GAGCAGACAAGGCTCC-1,-9.7477865,1.0969307,-8.97776,-1.179774,0.54612005,7.343099,-0.13737053,-4.073509,5.998774,-2.2926326,-3.9241965,-4.2611985,9.067571,-0.2047496,2.491216,-1.3737843,11.368651,6.22109,16.508436,-3.238495,-7.297965,-2.344638,-11.353752,10.586315,-9.83943,12.08664,-4.3589597,5.9788904,6.105202,4.866692,3.3783975,34.988365,-7.173018,-8.5180025,16.867943,-0.5971621,-10.150499,-1.5520743,-1.845975,-3.2574193,9.465332,0.9170007,3.884334,-1.9596281,0.7216072,1.6752796,-2.2558618,-1.8010932,0.3966546,-8.663215
Normal_GAGGTGAGTGTAACGG-1,-5.1465993,0.66589135,-6.0856104,0.9010168,-0.2068938,0.051707108,0.898923,2.2207775,0.75371444,-0.7209111,-1.4881494,1.5969259,0.5895428,0.32274207,2.1764383,-1.9166951,0.5887936,-0.59446865,-0.8777258,-0.8524444,-0.6597807,1.1030663,1.2524699,1.00442,-0.8076021,-0.57749957,-3.3092847,0.72858816,-1.5161854,0.35306913,-0.23821005,-2.2929206,-0.23915885,-1.1943909,-0.8923011,-0.6352003,-1.6764628,-0.27744973,-5.9990654,2.8529837,-0.011403075,5.2477703,1.3099061,0.53511566,-0.45781487,3.853236,3.8761578,2.5230324,1.7666322,-0.47010195
Normal_GAGGTGATCTTGACGA-1,-4.9850707,-2.6915,-1.1176666,0.3577721,-0.76137644,0.22642238,-1.4455255,0.33222815,-0.51947755,1.0234025,0.6404741,-0.6175323,-0.2931985,-0.616654,2.7978168,0.8914956,0.57486594,-1.101553,-1.4066879,0.10334079,-0.28466266,-0.06673666,0.91484725,0.5002617,-1.3225753,0.52860564,0.39842963,0.40387204,0.5748338,1.968186,0.9907378,2.23522,-1.0407082,1.6589711,-0.77531123,0.4827314,0.26567203,0.38074094,-0.79053336,0.10228223,1.2649814,-1.3445262,-0.5163998,-1.423704,1.671471,0.23557137,-0.14801827,-0.5842742,-0.74484265,0.468622
Normal_GAGTCCGGTTCCATGA-1,-5.7069135,-3.2915366,-2.759996,0.018566126,0.21264227,-0.5323318,-2.1815498,-0.9212393,-1.3144144,-1.5571319,-0.79620683,-0.93536335,0.29285228,0.73887527,3.1311657,-0.7583725,3.3353014,-1.9658754,-0.53474635,-0.99492,-0.579792,0.620503,0.09748227,-0.5767986,-1.7448157,1.1135039,0.02073877,-0.10729875,2.2324228,-1.7587762,1.1737883,1.5500348,0.75439173,3.1667268,-0.89424974,0.8129826,-2.5445893,-0.6415573,0.9543831,0.14571033,0.22318015,-1.7460214,-1.6610469,0.15622102,0.81097746,-0.0882914,1.853545,-0.53135806,1.5754813,-0.6331969
Normal_GATCAGTGTCAGAAGC-1,-7.7768764,2.9532497,-8.927225,-1.1497452,-2.714583,4.655413,0.725055,0.96425825,5.597135,3.0217707,-0.9619304,-1.3385897,0.40577134,2.6567616,5.244965,-0.7108783,-3.8961074,2.6069865,0.7362949,-5.561279,3.0648344,-6.5125856,0.2616899,-8.543617,0.6031354,-3.0290742,1.5641297,-4.987476,-11.442666,5.153033,0.034327265,-8.265209,7.9042716,-13.267871,-8.08926,11.300458,-20.510918,21.456867,-4.89791,9.758957,5.94325,-11.8743105,8.720246,4.1260204,-3.9724216,-7.1585145,6.810444,-9.499139,9.078791,-6.828779
Normal_GATCGCGCACGAAACG-1,-2.6400435,-2.0080373,0.49385625,-0.22285128,-0.31331778,-1.7370313,-4.45309,0.028888114,1.2223184,1.3115696,4.2767577,-1.2257758,-0.90641475,0.40260383,0.74631965,1.6011307,-0.4076407,-0.41233274,-2.915683,-1.1802168,0.9746229,0.7713303,-0.19801626,-2.1951306,-0.3316981,1.2186021,1.2084483,-0.8008885,-0.84629047,1.1080617,0.49119744,1.0656343,0.20377102,-0.620937,0.1025389,-0.19326979,0.8677128,-1.0366665,0.7444539,0.98989767,-0.33514512,-0.6055976,-1.4788992,0.10894061,1.8860912,-0.61598253,-0.18369827,0.72936124,-0.20306969,1.0859056
Normal_GATCGCGGTGACGCCT-1,-4.8173018,-2.490394,-3.9564176,1.8944778,-0.6566518,-0.9121181,0.53040767,0.435407,-1.1022223,2.3239686,-1.9162658,2.8097694,0.1454091,-0.6435462,-3.0750287,-0.007931489,-0.47248986,-0.34405935,0.46681854,0.482768,0.8432674,1.5905594,1.719675,1.1307615,-0.77219504,-0.08908448,0.42012498,-0.8263655,-0.15455493,1.0771723,0.5608279,-1.5116378,1.0873137,1.1941502,3.2843442,-0.55164236,0.6208985,-1.674646,0.71351945,0.75349337,1.1550765,1.0895976,-1.4336607,-0.8981181,0.037532352,-1.5420257,0.37673897,1.0993028,0.26607597,0.09011218
Normal_GATCGCGTCTATGTGG-1,-0.5473673,9.379483,-1.9601423,-0.09615181,1.3292297,-3.306823,-1.0663223,0.6098765,-1.0956515,2.2641785,0.50557566,0.58159685,-2.4680307,-0.52676624,0.645468,-2.2303855,-0.43285567,-0.33811402,-1.3311042,-1.5472087,0.9487886,3.0890677,0.60443723,1.2204026,-0.9308476,0.0995242,-0.34982452,-1.0306814,-2.0034869,1.8387299,0.48166668,-0.044978518,2.2293603,-1.0242975,-0.076909885,0.77951497,-0.33659062,-0.5548223,0.14190345,2.1649141,0.32029334,-1.6061804,0.64826596,-0.8714751,1.1979848,0.1904913,-0.028841788,0.1860964,-0.26360545,2.527778
Normal_GATCGTACAACTGGCC-1,-5.115034,-0.40642485,-3.5163372,2.2133262,-1.914605,1.1959729,1.0839843,-0.16605656,0.05799646,2.8445966,0.118599676,-1.0530684,0.61312276,-1.0252107,-0.36160594,2.4648836,0.7655091,0.26383457,0.59509754,-0.09716904,0.96539384,0.56428874,0.39312303,-0.925717,0.35688874,-0.9154124,0.71016955,0.04663493,1.751102,-1.5749893,-0.5430232,1.0046269,-0.04097602,-1.3472381,-0.12820303,0.98901945,-0.7362709,-0.76001537,-2.2557297,-0.54242766,0.10942842,-0.91249037,0.68127114,-1.0312243,0.9652024,-1.9852853,-0.16939898,-0.5617365,-0.9465443,2.9661455
Normal_GATCGTATCGGATGTT-1,-4.1033745,-4.6973786,0.21794952,0.40414283,0.36692667,-2.9038832,-2.7183168,-1.3211104,-2.2019305,-0.06981021,0.6351952,0.73066264,-1.0471112,-1.4951082,0.47367898,0.88040996,-0.7489839,-0.43750212,1.6369878,2.7452517,0.47027168,0.8136278,1.0358181,0.42328772,-0.55229384,-0.80237967,-0.61092436,-0.85733134,-0.27881503,0.020905526,0.71496135,1.0212257,-0.4488705,-0.08972429,-2.066213,-0.1289915,-0.7582673,-1.275795,1.2381682,-1.2336003,1.3481913,0.10101916,-0.42256954,-0.51779544,0.13541788,1.4947352,2.26133,-1.2635175,2.872797,0.8866777
Normal_GATCTAGCACATGACT-1,-6.1552086,-9.15775,1.2040465,-4.3451247,5.652344,-6.1131463,-6.5790663,-4.1032014,-6.2733436,-3.4429166,-1.6647341,2.8210518,-0.64314014,-4.1221848,0.33048892,-2.4555633,-5.1448593,-2.020286,-1.383382,-0.2090651,3.2039757,-0.27749047,-0.9166567,-2.2492588,-0.010500895,3.3709233,-0.4717093,1.6027322,2.0335186,3.3874571,-0.09853697,0.6028128,-0.16350712,-4.8886256,0.30517042,2.7330108,-1.8881422,-1.2079464,-2.4131541,-1.9340076,-1.2878697,1.8807807,2.4383776,-2.0737143,-3.1998608,-0.98166966,-0.87876374,-2.013282,0.9369731,-3.7731836
Normal_GATGAAACACCCATGG-1,-5.793935,1.7192358,-5.955531,1.2014489,0.080988735,1.7947979,2.1673145,2.0554266,2.0969722,-0.33663514,0.28039938,3.3701646,-0.85601324,2.0786984,2.9872804,-2.509717,0.7045148,-0.99294496,-0.71579415,-2.6807404,-1.0459752,1.2917678,-1.616552,-0.9073166,-1.1532683,0.3215763,0.5823408,0.16323441,2.7272944,-1.3068764,-1.4547217,-1.4809384,-2.9301648,1.1860558,0.8555491,-0.47160268,-1.5287992,0.26078144,-1.8729184,1.362891,0.38163462,0.6184982,1.5651307,0.43592322,0.74419475,-3.417489,0.4520576,-0.6144619,-0.78140616,5.3060718
Normal_GATGAAAGTACTTCTT-1,-2.536597,6.6834707,-2.7646186,-0.29159385,0.8207773,-4.9778643,-1.0281959,1.7632717,1.5509832,-4.4900994,1.2852787,-0.35420734,-1.1070304,0.24528703,-0.2580218,-1.5368273,-2.3351476,1.4944547,-0.016095972,2.8811643,-1.4764549,-1.1143022,2.937518,1.0102801,0.80737007,-0.9332078,1.1768868,0.07465385,2.0306675,-0.7825047,-1.0746418,0.36195374,-0.27806127,-0.416231,-0.4522659,-0.95458716,-0.8497485,-1.5142401,-0.3819683,-2.132242,2.0919704,2.0418706,3.5608442,2.2873695,-1.2041647,-0.8464977,0.89233816,-0.525109,-0.75226754,0.93437743
Normal_GATGAGGAGCGTCAAG-1,-2.7085793,-2.1416388,-0.57665396,1.0768579,1.0590285,-2.7955039,-1.8617072,2.309155,1.6490937,-1.9526898,1.2843142,-3.2936919,-0.09892289,1.6061549,0.46755975,1.8072001,-0.4948508,0.04936479,-0.17438647,1.9730865,-0.21391667,0.8730579,1.3149728,0.32887644,1.2560734,-1.7404058,-1.8485658,1.8809087,-0.29311123,-2.526483,-1.7283014,1.4855283,1.3756739,-0.16699593,1.2597525,0.43945548,-0.8992821,-0.19949557,-0.8284097,-0.98098886,-2.050268,-0.33601376,1.0049102,0.6123669,-0.6901792,0.3054482,0.6403485,0.28156573,0.678995,1.0655843
Normal_GATGAGGAGTACTTGC-1,-2.1475437,-4.208595,2.7927074,-1.6274154,0.13543913,-3.5155003,-4.3110747,0.22676823,0.08876107,0.360539,0.6682072,-1.6570009,0.45663083,2.3793588,1.5507363,0.85502183,-0.39337963,-0.26286155,-0.74203837,-0.828147,-0.47472554,1.7349838,0.1897132,0.7267163,1.3054487,1.4762477,-1.9585906,-0.3036615,-0.4204781,-1.9758842,0.45300412,0.39921683,-0.072006725,-0.41783905,0.46094877,1.7010382,0.31554157,-1.2595521,-1.4872122,1.0333871,-3.0342383,-0.6872621,1.2172651,0.58217037,-0.6234878,-0.64529777,0.27013537,-0.8872393,-0.028104827,-0.20500246
Normal_GATGCTACAGCATACT-1,-6.1466727,1.3925301,-4.7556276,2.5536547,-0.740525,-0.6917449,1.0176249,0.69892037,-0.3796553,-0.44972384,1.061396,-2.436105,0.2003991,-0.8590326,0.89847565,-0.6458086,-2.198298,-1.062254,-0.32943517,0.0646096,-1.7193254,-1.3083967,-0.17030388,-0.3515797,-1.9453549,-1.0539129,2.1221306,-1.2139915,-1.389386,-0.58942956,-2.0824575,-0.35741374,0.3038887,2.7188964,1.1120237,-0.0060708835,1.3460842,2.4253733,1.6251388,-1.0541363,-1.4369069,1.3223476,-0.8385474,0.5582204,1.4243648,-0.030444039,1.550667,-0.9559953,1.2907047,-0.18764825
Normal_GATTCAGCACTTAAGC-1,-1.1863,1.1997178,-1.6241595,-1.1151847,-1.6252627,0.51000386,-0.7990839,0.428575,-2.1460903,4.118052,5.087389,1.6750174,2.0848398,0.07366894,-1.6817168,-1.8093873,-0.22672188,-0.22045834,-1.5195822,-3.773862,0.89575285,0.9541816,-0.3288051,-1.616956,1.0018822,1.773169,1.5992906,-1.838388,2.1502056,2.1731884,1.8696232,0.21396923,0.91662407,-2.1076171,0.75540984,2.4239392,0.19343051,-2.3198168,-1.8773209,1.4576683,-0.63452727,-1.705707,-0.7352188,0.90006405,2.5508451,-0.70671004,1.7261968,1.9538598,1.0719794,0.46577972
Normal_GCAAACTAGGGTATCG-1,-4.7455974,0.24621522,-4.6303163,2.4362483,-1.9904113,-0.82268,2.6496139,2.5711722,-0.10865418,2.5655863,-1.2536029,1.5553865,-1.2108545,-0.8773132,-0.74654543,0.34854898,0.70846325,1.9922599,-1.4332017,-2.7443273,2.0200245,0.7284723,1.6009878,1.0902547,0.09121675,1.1608123,-0.978399,0.3934282,0.26239094,0.013960897,-1.2257725,0.22863597,1.7142404,0.34407377,-0.27219576,0.21249741,-0.35619143,0.30618697,-0.1862965,-0.26233175,0.96059257,-2.2343328,0.7016601,-0.9841856,-0.88326466,-0.3198007,0.062448043,2.5643306,1.2162818,0.27823552
Normal_GCAAACTTCGTCACGG-1,-3.9886885,0.89328057,-4.643257,1.6341443,-1.0411639,-0.50514174,0.93254876,1.3921804,-0.45756826,1.4139206,0.2016405,0.7344384,0.35995808,1.1773463,0.5648,-0.885418,-0.5690966,-1.3495318,-1.3751796,-2.1192143,-0.63830405,0.08711217,0.45681036,0.84042645,0.43239143,0.67099226,1.2001545,0.9591287,-1.8987726,1.423688,0.76955914,-1.7929326,1.833802,-0.14668518,0.0405076,1.9800197,0.48412046,0.7360276,0.80633354,1.1036124,0.8182013,-1.1942968,1.0697106,0.62759477,0.46382117,-2.072183,-1.1078821,-0.9173014,1.0904562,0.3819614
Normal_GCAATCACACCTTGTC-1,-6.414276,1.0687234,-5.4592867,0.64533406,-0.97460407,0.8924492,0.61113834,-0.17605017,-1.9736552,0.94503605,-0.70124316,1.4578595,0.70242596,0.4403121,-0.95617384,2.326658,0.32912922,0.37936604,0.853446,0.79381484,0.06413036,-1.0705944,0.7414586,-1.7714192,0.36938858,-0.34347,-0.10693647,-0.59691745,-0.1792807,-3.763652,1.5826082,-1.2216945,-0.7283402,-0.5957585,-1.2578031,0.8603015,1.741255,-0.46724162,0.4481719,-3.1041317,-1.702952,2.1828663,1.0560039,1.2757221,1.6458644,-3.14387,1.3608121,-0.7894263,-1.0059408,-0.43960792
Normal_GCACATAGTACCAGTT-1,-3.0601642,4.02739,-2.1895971,2.6035023,0.063019946,-3.71316,0.54118866,1.4551862,-0.20898755,-2.1549835,-0.95226914,-0.604681,-0.9971309,-0.54928935,-0.58023345,-1.2500325,-0.7689938,-0.37728044,0.2506937,1.2837892,-0.6323662,-0.28427532,1.3834358,-0.7310089,-0.7492042,-1.1708387,1.7986865,-0.918107,-1.110773,1.9691489,0.45277226,0.43210086,-0.28190374,2.5360234,0.10107402,0.23256826,0.096794516,-0.40211388,1.7377194,0.2968044,1.0502919,-2.2464788,-1.3802427,-1.6161901,0.22101498,0.32119942,-1.0497768,1.0103188,2.20467,-1.5657195
Normal_GCACATAGTACCGAGA-1,-5.6502633,-0.5177312,-3.3259864,2.6366265,0.07984267,-0.85968775,1.408737,0.7578655,0.10881624,-0.09672994,0.6819458,-2.3138456,0.5009181,-0.40397856,1.4114132,1.2199515,1.2571685,-0.9402974,-0.17639577,0.3865976,0.094181284,-1.2647841,0.6336943,0.80520266,-0.3162336,0.5435757,1.1863589,0.41256613,1.193114,-1.2845205,0.335203,-0.8626094,-0.68563944,0.07613913,1.0436149,0.99535364,0.3799338,-1.3386226,0.10857469,0.25416967,0.6486277,0.34562573,-0.6797397,0.3345599,-2.0864663,1.594441,-0.35978678,-0.09126513,-2.4516315,0.5832344
Normal_GCACATATCTCGCATC-1,-8.526731,-14.635114,-5.0863967,-19.330662,32.552444,-5.634749,24.967999,-4.1438947,0.35056803,3.1160543,-3.1740801,-13.05938,2.7819893,10.571893,-0.3877781,-16.937109,44.876495,33.528305,-24.110094,21.086302,-1.7499691,2.2676303,-5.725804,0.4473436,4.7023144,8.219076,10.129697,0.121093996,-4.103251,2.330807,-3.5555334,-4.908734,-0.24378024,-5.6137147,-2.3576055,4.0057425,-1.1560738,-0.8162284,3.5858243,1.9352125,-2.2476826,5.970578,0.55975413,1.5559033,0.41293377,-2.149526,4.3898187,1.6527456,0.5114897,2.1871166
Normal_GCACTCTAGACGCTTT-1,-3.338074,1.0708272,-4.7244453,-2.400985,1.0086677,3.5081017,-4.582098,-1.3824463,2.3508337,2.041787,8.210183,3.346184,1.4559534,1.8198705,-1.5954218,-1.2916762,1.7399168,0.2103974,1.663171,-1.1654147,-5.1806264,-1.882217,2.1645234,0.23722528,-1.0972633,-0.69594246,2.5912418,3.1799715,1.4394593,-3.358437,1.8697233,-0.70293975,-0.31165528,3.359953,-0.9410619,3.1471598,-1.9627409,1.8118978,-1.3346512,-0.17606854,0.5016032,1.2493749,2.3565485,0.74931633,-0.8264755,3.0998352,-0.917961,-0.2358408,-1.4701515,-1.7276931
Normal_GCACTCTAGAGCTGGT-1,-7.9809585,-1.8782005,-7.031655,0.8975959,0.0026289688,3.5349238,0.78753847,1.1838566,2.8206823,1.5607439,-0.28461176,2.5087988,0.6009692,2.805239,-0.28558126,-0.30695465,1.3613573,3.5833824,-2.2713928,-0.78709793,4.6831813,-1.359248,-1.0909394,-3.2808492,-1.2047161,2.2785397,-1.6855849,-4.2209506,-0.9594807,1.0196357,0.09982786,1.190959,-0.8417321,0.333188,-0.45981953,-0.5915691,2.3179722,-1.8177749,-4.104183,-4.497037,0.8923537,2.4808528,1.3050839,-3.4227564,-2.3552003,1.2548908,4.0974545,-3.5268269,2.2037046,3.3685427
Normal_GCACTCTAGTGCCAGA-1,-2.2775154,-2.7906156,-0.2976069,-0.044121858,-0.036175486,-3.524343,-2.7605171,0.5460027,-1.9838758,1.1917425,1.8296621,-0.9901798,-0.82096016,0.4503239,1.4375529,0.62412226,0.99973416,-0.5627691,-0.98235506,-0.24804972,0.29633752,1.7596438,0.40958458,1.1319894,-0.7620842,1.0743454,0.62323505,-1.6439285,-0.57652646,1.1174258,-0.9310275,0.33859068,0.6158592,-0.80772036,-0.5839855,-1.5997369,-1.1948843,-1.1048689,0.32732278,-0.7700917,2.1172986,-0.8933943,0.44215125,-0.04704816,0.28662264,0.6548038,-0.527285,-0.8813684,-1.4204732,0.5229646
Normal_GCACTCTCATGCCTTC-1,-5.486351,3.1559708,-3.477855,1.6783242,0.92371416,-1.07643,-0.6277706,-0.31570163,1.9433154,-2.4594777,0.76740044,-3.3829787,-2.2766705,-0.97307134,-1.1536672,-0.31287944,-2.2792306,2.018209,0.5001139,1.1504436,1.232238,0.15238313,-3.184293,0.063432455,-1.2823555,-1.9872198,0.13461232,0.8522084,-0.31052706,0.34140202,-2.664655,1.380722,3.0262878,1.2537843,-1.459304,1.8168585,-1.955328,-1.8529385,-0.19869234,0.41136065,0.20501047,-0.6657836,0.349888,-0.147549,1.6865339,1.0109463,0.8854965,-0.74142164,0.37700477,-0.2681906
Normal_GCAGCCACATTACGAC-1,-7.579845,2.4615514,-7.081543,2.9526498,-2.0027308,0.6020004,2.2126102,1.8047785,-0.1521432,3.6189656,-1.5682997,3.614058,-0.4039518,-0.8922412,-2.075166,0.4471456,-0.75255054,0.12954138,1.6826215,-0.6560004,-0.61384565,-1.5881289,0.7809904,-0.123032466,0.45986703,0.32815608,-0.33482942,-1.0607454,1.4702864,-0.08061615,-0.015403521,-2.892319,0.026495887,-2.0432487,0.19355358,3.2226465,0.4418581,0.22801417,1.1863856,1.2538259,-1.5292206,-0.25256586,2.327969,-0.8375137,2.0887449,1.2965511,-0.38658208,-0.86538875,-0.9053654,0.601661
Normal_GCAGTTAAGTGTTTGC-1,-5.546858,-5.50995,-0.43655178,-2.2564604,2.3827202,-1.731776,-4.5726967,-1.6221739,-1.7999355,-2.0554347,0.6416438,1.060387,1.6657536,-1.281883,0.90812486,1.5044339,-0.58558345,-0.8620124,0.7322935,-0.119210154,-0.028649846,0.7401521,0.6771924,0.70312434,1.2697544,0.9139468,0.21460272,-0.19776966,-0.8811805,-1.9230082,-0.44881004,0.97689474,0.7024733,2.4690123,1.0314093,-0.46844932,-0.6411153,0.13979265,2.0421338,0.40348062,-0.4555341,-2.060269,2.878466,0.7725977,-0.7329959,0.45591748,0.93038946,-0.060059696,-0.98718834,-0.6288025
Normal_GCATACAAGTACATGA-1,-5.454019,0.5351342,-3.791012,1.5675979,-1.3758428,0.65816474,1.5664792,0.99830616,-0.93174815,2.3497643,0.0012918044,-0.84464073,1.5308346,-1.309086,1.5149413,-1.3606806,1.3391931,-0.43726712,-2.964419,-2.0711563,-0.05737331,0.69951767,0.26523617,1.4626408,0.98952043,-0.80109495,-0.64512277,2.0526986,0.37584412,-1.0676178,0.11711511,-0.33085793,1.2632328,-1.097491,0.42554528,0.96141857,-0.5870312,-0.4546312,-0.055105016,0.9363307,1.3388277,-0.22050703,0.83358586,-0.57150596,-0.5971391,-1.7178315,-0.34894678,1.5403746,-1.6931137,-0.9855228
Normal_GCATGATTCAACCAAC-1,-3.3063667,-0.76953286,-2.3910875,0.38355148,-0.17853205,1.1401516,-2.0374298,-1.7836181,0.9100702,-0.9483928,2.8357983,-4.259081,-0.49198842,0.55300736,0.67344207,0.70764804,0.86279917,0.32033804,-3.1365726,-0.52761304,1.0511255,-0.3772814,-0.7486099,-0.40039653,1.374846,0.22041385,0.23182137,-1.2781794,2.9910805,1.0018971,-2.010324,2.2962408,1.6514425,-2.1410623,7.370105,-1.0718458,5.461243,2.5515022,0.6129357,3.9627044,0.45348302,1.399313,3.2230265,-1.2170886,-3.5309787,0.80447155,-0.02507971,5.463874,3.3990219,-6.228714
Normal_GCATGCGAGCGATTCT-1,-5.4732766,-1.7786059,-2.1901276,0.5653499,0.17095439,-1.1728574,-1.0410793,-0.93422717,-1.8235162,1.5352347,1.6783011,0.30270588,-1.0374411,0.6004199,0.6842801,2.0853531,0.25075394,-1.8289253,0.65967816,-1.0776298,-0.19809467,0.19560818,-0.21310717,-0.6810969,-1.1103263,-0.7009243,-0.11221967,-0.6413877,-0.09509519,0.095203765,-0.4497867,0.27385306,-0.48771545,0.68282723,0.9797268,0.1506172,1.2583998,-1.6046554,1.689326,-0.67076886,0.34535012,-0.19093816,-0.14286421,-0.2676794,0.7518384,-1.2614955,-1.0679826,-0.5062909,0.1840502,-1.0389105
Normal_GCATGCGAGTGACATA-1,-4.6593223,-1.9014934,-1.1189743,0.7412004,0.5629549,-1.0208833,-1.7685506,-1.1141365,-1.4076377,-0.37104857,-0.92886853,-1.8653243,-0.64458084,-0.5073725,1.9484491,0.30442396,1.2076207,-1.5693973,-1.36132,-0.8924522,0.2662097,0.8127323,0.7019847,2.3390317,-2.226632,1.8467014,0.1734798,2.310926,1.8378364,-0.20112534,1.9045357,-1.0877961,-0.28696933,0.38714945,-1.207305,1.6233754,-0.23296307,-0.63600534,1.0935528,1.2945086,-0.24673995,-0.8011683,-1.1025273,0.6754102,-0.8286731,2.176845,0.56750035,0.65049237,0.14611217,2.3967135
Normal_GCATGCGGTATCACCA-1,-1.6383843,-0.58859855,-1.0006332,-2.4051323,0.93524474,3.9459376,-4.8733563,-0.57324237,4.8182096,3.8547177,8.438452,3.1202562,3.1518776,1.4077162,1.2133205,-5.4628916,0.6378512,1.6386145,2.22684,-1.2396713,-5.0286365,1.9415298,1.7153025,-3.646145,0.66857535,0.68847716,-1.028391,0.29356945,4.299593,-3.5406666,0.09325289,-3.998151,1.6831185,0.82104033,1.537502,-0.543649,1.5261525,1.1688377,-2.040235,-2.967205,3.0306528,-0.24025285,-3.3497741,0.28413147,-3.5215573,-1.3431226,-2.2816482,0.5782539,2.4600809,-1.168931
Normal_GCATGCGTCGCATGGC-1,-1.8717401,5.9602866,-1.3347154,1.7865907,1.0487785,-4.5541525,0.05644363,1.4381367,0.981018,-3.3949983,-0.04968927,0.7126903,-1.5475441,0.7353236,-0.7393075,-2.7338302,-1.530786,-0.43999743,-0.18392709,0.45886755,0.4907864,-0.05639346,0.95536715,0.77031326,-0.16859029,-0.37978292,0.107959196,-0.12535761,-1.4209205,-0.28121212,-1.2381767,0.5583039,-1.8105096,-0.15193565,-1.7855858,2.1787772,-0.41264504,0.800147,2.2239497,0.9601035,-1.4475218,-0.6799958,0.06811749,0.6361378,0.5753585,2.7737422,-0.7176664,-1.6902444,-1.0672407,0.78504294
Normal_GCATGCGTCGTTACAG-1,-5.2232013,-3.1866536,-4.189649,1.2019458,0.6735057,-1.062543,-1.4341011,-0.5047465,-2.2666855,0.2032717,-1.2375804,-0.36664912,0.9067484,0.45621866,3.1366217,0.5709725,3.0155718,-2.0548987,0.7189651,0.23750295,-0.27476445,-0.39670163,-0.107056335,1.0359362,-1.0131309,-1.3751779,-0.9895881,2.707565,-2.1488116,-1.99148,0.7962863,-0.21074165,-0.603671,-0.14323784,-1.5159179,0.21006781,1.3980321,1.7995614,0.87270886,-0.836221,-0.19382723,-1.4182305,1.0642965,-1.2495422,0.094977096,-2.6561239,-0.23950908,0.35924447,-0.2719934,1.6655769
Normal_GCATGTAAGACCCACC-1,-2.3299432,-0.5943132,-2.7811239,-4.225286,1.7085524,3.1225457,-3.7281907,-1.1510485,2.171785,5.5025606,10.098046,6.400554,1.5946347,0.62150264,-2.384195,-1.8211085,0.58851653,1.3256944,2.2196524,-1.9512525,-4.800651,2.410102,2.0788808,-2.3279555,-1.6808178,0.61961603,2.1185637,0.61765826,3.3725576,-1.5667356,0.35612398,0.6472358,-1.4437062,0.44515845,0.1811233,1.2381611,0.45768976,-0.06872304,-2.108524,-0.23382178,-2.1908054,0.69243735,-0.55605096,1.1682888,-0.46282005,-0.8767852,-0.6099556,-0.4951619,2.3659062,-1.1906167
Normal_GCATGTAAGCCCTAAT-1,-5.560739,-0.3737333,-5.6710978,-0.7004588,-1.4143102,1.7017132,0.053561624,0.6821129,2.0699193,3.4137878,0.3974564,3.8455696,1.689864,0.6603967,-0.28047612,1.8087538,0.08709166,1.5224841,-1.3031212,-1.535727,-2.731613,1.4705924,-0.889127,1.1022425,-0.58084285,0.37725386,-2.4278622,0.6127812,0.43927637,0.36777282,-0.111072004,-0.28350765,-0.6561255,-0.8413233,-2.591765,-0.4504411,1.9612846,-0.14353423,-1.3528866,-0.0046034525,1.0592755,-1.0108238,1.3402156,0.8934864,-1.0168567,2.1045048,-0.03083883,0.0515712,0.38208276,-1.9120895
Normal_GCATGTAAGTGGTCCC-1,-8.934793,-6.9187813,-0.5074316,-15.009595,9.908192,5.3237743,-15.305654,-3.521659,12.511114,-9.77566,-3.912082,-8.025409,0.38761318,0.06315278,3.9677265,-6.1558523,-3.6116185,2.236093,5.282434,4.1159787,-0.1788002,11.153422,1.9164693,8.110367,-6.148807,10.955834,-8.263358,-4.4909215,5.3472605,5.4724054,-6.1628065,-5.3969064,-0.32725376,7.2687817,-1.1753767,5.1157618,-3.3426657,4.0155773,9.822593,-8.949495,1.8405874,-17.090837,-8.926336,-1.2721251,1.7913041,2.8980992,-4.0757785,-10.713166,-4.816614,7.2572083
Normal_GCATGTACACGAGAGT-1,-7.0131345,-2.2292817,-5.027121,-1.8922788,0.4982944,1.435949,-1.7362125,-1.6010382,-0.73280495,-0.18783571,-3.3596857,1.2580365,-0.4023454,0.7948442,2.8839622,1.661283,3.2908869,-3.348583,-1.2760121,0.8910458,-0.9739084,-1.3708705,-0.6170074,2.023737,0.82447684,1.6300355,0.106751345,1.2300324,3.048289,-1.7074053,2.2469223,3.4995847,-3.9873054,1.5597663,-1.3681551,0.41563407,3.0272553,-3.3288844,-3.8646462,3.0291512,0.21665214,2.642208,0.6297747,-0.14876105,-5.4380507,0.92062384,-1.1177893,-5.0727205,-0.7829518,-0.10664819
Normal_GCATGTAGTACAGACG-1,-5.2229943,-0.69455105,-1.4202434,1.6234086,-0.58680236,0.41216213,0.54212743,-1.2656441,-1.5622197,0.2178894,-0.04910809,-2.2216158,-0.04039882,1.2139874,0.20609397,1.2597091,0.099736586,-0.3740223,-1.3336967,-0.47592685,0.64845926,-0.6393593,0.076874085,-1.8305273,-0.6359485,0.013571197,0.6256774,4.056025,-0.22328289,-0.3126703,0.57387877,-0.5442881,0.84463936,1.0679463,-0.26638812,-0.1280122,-0.4408604,0.23705819,2.207215,1.6024804,0.19387767,-0.9227151,1.9720118,0.9670669,-0.5521752,0.7770749,-1.8466619,-0.80091107,-2.044052,-0.3772762
Normal_GCATGTAGTTACGACT-1,-4.6094494,-4.352688,-2.9876268,0.8162502,1.5846213,-2.192623,-1.6993911,-0.71140337,-1.4145579,-0.9735438,-0.45493028,-2.8221862,-0.4984778,0.946976,0.49157363,3.1067324,1.063281,-0.70891404,0.1467776,2.3406396,0.23336679,0.6682168,-1.6590999,-0.004332207,-1.9438422,-2.0970986,-2.6942315,3.2245758,0.7046195,-0.46605673,2.3762043,3.768666,0.45722297,0.09599329,-0.061462592,1.1529461,-1.4460278,-0.21262293,1.8260862,-2.8547342,1.959297,-1.6641332,-1.0833871,0.53504527,4.3232737,-0.6401168,-0.3706503,0.7525931,1.1102128,-0.6753157
Normal_GCCAAATGTGGACGAT-1,-5.2597528,3.1577404,-5.230725,1.6383874,-0.2571726,-0.6873768,1.9047505,0.30896845,1.1671221,1.2651833,-0.63708705,1.7598875,-0.73095334,0.35440296,-1.6448348,0.108181156,-0.84108424,1.8206497,1.8511949,1.5495738,-0.8459688,-0.53734326,0.28192985,0.9118837,-0.28968155,-0.6840732,-0.0035505851,-0.5945544,2.8065662,0.9682742,-1.8528409,0.32033685,-1.2152965,-0.5786493,0.22144389,0.9189859,-2.2513561,0.15085764,-0.6323734,-0.2015884,-1.0271014,2.105606,1.3717457,-0.45859155,-0.74969774,-0.74192566,0.2361273,-1.703923,-0.3808608,-0.55188787
Normal_GCGACCAGTAAATACG-1,-2.8239791,8.370705,-0.90730643,1.9631789,-0.095640935,-5.611455,2.6996272,1.6070433,-0.34926143,-3.1517835,1.0196785,-0.645694,-1.4927413,0.44049498,-1.5083532,-1.9531982,-1.5101098,0.7780688,1.2167919,0.6655981,0.62189114,-0.26988712,0.45057064,0.6235631,-0.6583431,-0.2864598,1.0047773,-1.3283134,-0.8160775,0.54007906,-0.56779665,1.7946821,-1.8911015,0.37616998,0.69519585,1.5166494,0.60168684,0.73602206,0.08111104,-0.76569813,-2.1686387,-0.6718205,-0.24337758,0.38958958,2.515373,-0.24950585,-0.09600438,-0.4561632,0.5000761,0.7043761
Normal_GCGAGAACATGGTCAT-1,-4.7291527,-4.1883316,0.5824486,-1.4043618,0.9944901,-1.463632,-3.3167584,-0.12429952,-2.1753855,-0.8751344,0.5932022,-1.1191826,-1.0087509,0.7695406,1.0826689,1.5517159,-0.21785271,-0.07605572,0.35406995,0.48904338,-1.0109625,0.40382928,0.70483065,0.8254521,1.1731944,-0.8914711,-1.4659641,0.28918698,-3.0569527,1.7074182,-1.2582353,0.19525048,0.1665801,-2.268154,1.4094759,-1.8605416,2.5997605,1.0394381,-1.2494477,-1.0948628,-1.2385491,0.42222306,2.875743,-0.46289393,-1.7618291,0.5844531,1.6744632,1.1193633,0.60527784,-0.52186775
Normal_GCGCAACAGACTGGGT-1,-1.4562539,-3.8800623,0.64513916,-0.78778607,-0.0076359524,-1.8061357,-3.8540478,0.5635841,-0.5765514,1.4467463,3.6744113,-0.9560022,0.37610105,-1.8448777,0.5845037,0.97016346,-0.003906824,-1.3970181,-1.8488114,0.5683133,-0.7603737,0.09065691,-1.6876223,-0.28430727,-0.63529617,1.4820297,-0.9925478,-1.0301821,-0.9841827,-0.02049568,-0.15552531,0.40281713,-0.30594897,-0.47729686,0.20900433,0.3976909,-0.31197459,-2.1317956,-0.20853186,-0.083357155,-0.10640578,-0.58047557,-0.81514126,0.118420646,1.567833,0.6722279,-0.4449962,1.0788118,0.8597888,1.9481121
Normal_GCGCAACCAATGCCAT-1,-4.902336,-1.7400665,-2.497171,2.4302914,-0.9006753,-1.429672,-0.6696871,1.6742553,-1.3929052,1.3071702,1.2613122,-1.3409392,-0.06830618,-0.22163983,2.9196725,0.38865197,0.28201476,-1.1203747,-0.00026387998,0.638625,-0.31977862,0.76795465,0.12834151,-0.43289527,0.054701,-0.7859234,-0.5894778,-1.0642732,-0.8011666,-0.78006464,1.2381471,0.06137571,1.1855832,0.25489378,0.04131937,0.9787721,0.007725464,-1.0570161,0.5237206,1.5113901,1.4674482,-0.6147362,-0.23247083,0.69490224,-0.7383886,0.57393754,0.36876175,0.96757334,-1.4086974,-0.59311235
Normal_GCGCAGTAGATCCCGC-1,-3.3668823,2.232957,-2.4860966,2.319802,0.056818746,-1.9513264,2.0613382,2.3252842,0.9781797,0.45528382,1.0063227,0.5906485,-0.9416503,-1.068726,-0.9534579,0.60396343,-2.312939,0.28539857,-3.1527598,1.2880583,-0.9949454,-2.941204,0.20994163,1.5640491,-1.0183439,-1.0089654,0.9472449,-1.0830495,-0.14246383,0.97458947,-0.6401955,-0.38219437,-1.0272225,0.9269843,-0.5834261,-0.64485574,-0.16433433,0.07423309,1.9279321,1.6084857,2.299865,-1.0726792,0.9745737,-0.8560729,-1.0193808,-1.0184251,0.7678861,1.0396593,-1.3274223,-0.4534887
Normal_GCGCCAAAGAAGATTC-1,-2.6311135,1.3728116,-3.05434,1.8089741,-1.22684,-2.7806957,0.27984345,1.5227857,1.5061175,-1.3098487,1.5851794,-0.7446259,-2.6537552,-1.7032557,0.71719205,-1.7240819,0.14650427,-1.4946532,0.5189148,-0.5669362,0.10538184,-0.9699805,-1.2334765,1.2149559,-1.1106986,-0.2818761,2.486186,0.41369554,-0.9424081,-2.918511,0.681853,-0.9896013,3.6356416,-0.315288,-0.18363032,-2.2412763,2.5357823,-0.72663414,0.18426305,-0.8365005,0.34708858,-2.2192242,1.680066,0.09087048,-0.5356534,-3.6111877,-0.26804733,-0.81306785,0.8661794,-0.50545436
Normal_GCGCCAAGTAGGAGTC-1,-2.6471305,1.2122092,-0.17357978,2.9801936,-0.3246479,-3.5639164,0.28159124,1.0177567,0.66182834,-1.0257,1.437722,-1.219604,-2.5715256,-1.0415746,0.08559141,-1.6653886,-0.3990709,0.8233941,0.59984046,2.459674,-1.31433,-0.5976991,0.07758937,-0.024236768,-0.10834963,-0.9066263,0.9674655,-1.814673,0.12517306,1.8784127,-0.5330095,1.7410902,0.12895331,-0.24622466,1.8912803,-0.7860355,0.08558244,-1.3148646,-0.8702196,-1.0229042,0.5635213,-1.0272374,0.20461552,-0.51189274,-0.27857652,0.24391252,0.65012825,-0.86850095,-0.5201544,0.59813356
Normal_GCGCCAATCTTTAGTC-1,-5.5407934,-1.2949121,-1.7656536,0.32325402,-0.6045672,-2.7723298,-1.4173472,-0.3448738,-0.6364487,-0.84608245,1.0680819,-1.1814792,0.03279528,-0.4699665,-0.1679617,-1.2082759,-1.5606463,-0.88233006,0.95374686,1.7272298,-0.044516895,0.35560647,-0.20177644,-2.8623781,-0.14941253,0.43651965,-2.0064762,-1.8326638,0.26602972,-0.034340646,0.83307916,1.5256999,0.12765494,2.893925,0.17373154,-2.61183,2.0776937,-0.07913828,0.35672447,0.881265,0.3645311,-0.76026726,1.868559,-1.7276051,-0.2428161,0.32905906,2.8082035,0.36416018,0.12326422,1.006837
Normal_GCGCGATGTATAAACG-1,-5.5768433,-0.28651774,-1.5316536,1.425168,0.47022274,-1.7140152,-1.1715727,-2.2149265,-0.08578259,-3.3076591,-1.4655282,-4.9259973,-0.035198014,1.1742754,0.49338248,0.74906033,0.6176707,0.7722498,-2.5172367,-3.1103323,1.1428658,-0.9951096,2.2472773,-0.008768873,-0.043262575,-1.4361341,0.2625367,1.7984052,-1.818471,-0.18698685,1.0378548,0.5228927,3.0797815,-1.58771,2.29201,-2.9538212,0.2729608,1.771842,2.791505,2.6867251,0.9010978,2.7296445,-0.5918302,3.3351262,-3.643199,1.1795917,0.4778159,2.5911446,-1.1634744,-0.38273814
Normal_GCGGGTTAGGTGCAAC-1,-6.3151464,-0.30355915,-5.4904466,1.6568942,-0.03210339,1.3025997,0.24811469,-1.2646873,0.35898864,0.72679913,-0.6689703,0.28020367,1.456942,2.1883774,2.5236964,0.70802057,-1.7659734,-0.2987637,-4.0015545,-1.9042099,-0.6835443,-2.1101584,-1.0911101,-1.340698,-2.3413215,-0.99083656,-0.4068323,4.264473,3.069534,-2.1389182,3.0179636,-2.8574991,-0.25063804,-1.6847783,-0.40388292,0.2758503,-0.6895249,1.4878988,0.8143369,-2.5205665,0.44726408,-0.56315017,-0.109925084,3.6651523,0.42114958,0.457145,-2.0394247,3.5468166,1.3302323,-0.63105404
Normal_GCTCCTAGTGTGGCTC-1,-5.936773,0.66182667,-5.1151567,1.9528573,-2.4448376,-1.6319071,0.39710432,0.20406242,-2.0418735,1.6128591,0.45502982,-0.5246082,-1.0252597,-0.16958866,0.36039203,1.0230105,-0.5674341,-1.8150462,-0.7937991,0.5153649,-0.2870523,-2.3334782,0.23381463,0.4941838,0.42462227,1.0583433,1.4329094,1.0836886,-0.34643835,-0.7024796,-0.7768645,-0.8732386,0.39270177,0.58394456,-0.733725,0.67008257,-2.3623724,-2.9768338,1.4959211,-0.18751737,-0.70359015,-0.81486773,-2.7124689,-2.5499158,-2.239926,-1.4170929,-0.76810884,-2.4136186,4.306073,-2.4805584
Normal_GCTCTGTGTTACGGAG-1,-6.216695,-6.5426426,0.9072658,-7.704542,5.653914,-4.1069026,-9.661908,-5.7319217,-8.788839,-14.210901,-8.440392,11.567663,-3.8941658,-0.59179986,-3.8427966,-8.434644,-1.2522547,-3.1728787,-3.879336,2.7677586,4.241246,-3.9233482,-1.6143627,-9.270681,-1.0581658,-4.5003085,6.4105444,1.716269,9.598241,3.7925425,4.445177,1.4661732,9.697074,-3.0268703,3.5461867,-2.8535364,-12.341908,-4.0633707,-0.23140498,-4.0169983,-3.9186316,2.5016868,-1.4947904,2.8787916,-10.232064,-3.8121188,-5.6302233,-4.224893,-7.237441,-1.8388593
Normal_GGAAAGCAGAGAACAG-1,-6.884685,0.22769374,-4.7637796,0.31748435,-0.8269152,-0.163102,1.182665,0.9753888,-1.430685,2.0694325,-0.016993225,0.83569396,0.3946166,2.9692974,0.27753896,1.6421598,0.13998505,-0.11100449,0.5347122,-1.852995,-0.9714605,0.055212904,0.012805264,-0.3232024,-3.818023,-1.6421974,-3.780424,0.7123048,-1.2889407,-0.96844333,-0.4229102,3.648934,-0.34003896,-0.76120216,1.5700188,2.3941607,3.0950067,-0.46387908,1.9424688,3.256753,-1.952104,2.8134642,-0.34222814,-2.1389177,1.784866,1.7618029,2.4363153,-0.20821224,1.7749321,-2.9538996
Normal_GGAAAGCAGATGGGTC-1,-1.905293,-4.2616982,0.5612914,-0.16790411,0.738809,-4.3891115,-2.9273553,-0.03682169,-2.240022,-0.41990343,2.2627397,0.66358286,-1.1898446,-0.22951105,-0.7240772,1.095973,-1.6729318,-1.1275855,-1.1939285,0.0323596,0.70342714,0.8327007,-1.5522803,0.4027015,-0.6558108,0.7483194,-2.3187141,0.020284671,0.24410126,1.3908452,-0.55089295,-0.0085915,0.47578752,-0.7379915,0.28532237,0.42278636,0.4073333,-2.9570663,-0.36992005,-0.41264033,0.12723532,0.12426916,1.1291884,-0.7011052,-0.09291329,0.21274951,-0.08594016,-1.4893708,0.24168745,-0.38251
Normal_GGAACTTAGCCACCTG-1,0.09297568,-3.4380877,2.39059,-0.6857438,1.0826902,-3.8773265,-2.5362856,0.87578684,-0.41504338,-0.020966435,2.1933012,1.2881296,-0.37148005,-1.4331204,0.7256906,-1.023743,0.8609337,-0.062668495,-1.418841,-0.22373025,0.17741975,2.205177,-0.34876898,1.190614,-1.4602239,1.771716,-1.8918953,0.53404045,-0.19967847,1.0964117,0.69958,0.55704796,0.22808157,-1.2687287,1.0430958,2.038881,0.51258296,1.5630082,-0.44768596,-0.6446301,0.51637787,1.143358,0.10216601,-0.9669193,-0.2824874,-0.07264464,1.5373827,0.80256313,0.03193561,0.529681
Normal_GGAACTTGTCAGAATA-1,-1.4631406,6.691379,0.33759555,1.0327395,1.1818392,-3.5523186,-0.031970516,-0.36882496,-0.17181066,-3.1339858,0.43884996,-1.7102842,-0.04198388,-0.40300393,-0.656384,-1.1486431,-0.6377585,1.2824574,0.6025413,0.8243367,0.59858453,0.06848027,-0.061106008,0.09046052,1.9390796,1.0971867,1.5874171,-0.75461084,0.29345843,-1.1307831,0.7578359,-1.1533039,0.6355037,-0.41986805,0.528168,1.3125464,1.7307432,1.8336924,-0.25151423,-0.14164099,0.7609712,-0.034634046,0.1868948,-0.35546577,0.035706177,1.1098751,-0.2634584,-0.2512886,0.16033128,-1.2174441
Normal_GGAACTTTCTGAGTGT-1,-6.929547,-7.8146324,-2.3486185,-6.812486,6.2473297,-3.1479938,-8.739338,-7.592768,-7.6743255,-11.752771,-10.065521,6.8157496,0.22328508,-0.5352904,0.72141397,-9.26922,4.5047894,-0.44194078,6.124375,0.39171302,-2.5585797,-5.009933,2.1690986,-1.6370703,-8.3241205,-7.7078915,4.0430603,7.243456,1.4578612,-1.7820549,10.902911,6.0376334,-7.3296304,0.062887296,-5.7272964,-9.127964,-6.305982,-2.952749,7.942189,6.6285486,6.4273543,-9.778386,3.9057164,6.576159,9.2430105,11.218398,-4.2738905,13.847552,18.775917,6.761104
Normal_GGAATAAAGGTAGCTG-1,-6.1599946,1.9014832,-4.755943,1.2590336,-0.5108114,-1.2150205,0.837824,0.9413542,-1.1871768,2.5818212,0.08340778,0.6450283,-1.5803255,-6.106506e-05,-0.7171478,1.0545912,-0.0016920667,1.4814591,1.7997559,1.5442226,1.8761778,0.7673329,0.7133657,-1.3460461,0.40718228,2.1578224,0.67161864,-0.104347385,1.4723923,-0.040594254,-0.16757539,-2.0727994,2.5940728,0.4092495,-1.5944425,0.40368763,-0.4854675,-0.803017,1.3320938,1.2221466,-1.2232738,0.60297316,-0.87858886,1.8465075,1.2979398,-0.26793203,-0.5303621,-0.0995529,2.5350778,-0.0851468
Normal_GGAATAAAGTTATCGC-1,-3.8636968,4.4669023,-3.636266,1.7499635,-0.78899336,-2.8740692,1.2958705,-0.35382324,0.45157138,-1.0192555,1.7458787,-0.046866998,-1.9065633,-1.4613584,-2.87527,-1.6108218,-1.318031,-2.0266194,0.3859574,1.246774,1.7675837,-0.8105634,-0.7391049,-1.4931563,-1.4836941,-1.6448141,-0.1736797,-0.5466883,-1.370272,2.2354064,2.963996,1.9569353,0.22968262,-1.9788821,0.82807827,-0.7275719,1.5884732,-2.32076,-0.2368097,-0.68027014,-0.2386589,-0.52945125,0.7225738,0.3639396,1.4882803,-1.9772043,0.3726265,-2.0110092,1.6357296,0.61757916
Normal_GGACAAGCACCACGTG-1,-6.4594784,-1.1461982,-2.7088728,0.31034702,0.4610081,-0.35339603,0.010237924,-0.09061449,-2.8447921,0.91877794,0.64185774,-0.9706935,-0.07080971,1.5877229,1.285865,3.2353766,2.67306,4.0189137,-0.54161793,-2.5224428,-1.5549681,-1.0805767,-0.44808817,0.6359739,0.050395053,1.2886121,0.5482351,-0.11467366,1.199127,-1.4177141,-0.23706135,-1.1920733,-0.23713893,0.8788033,-3.2940726,-0.28590506,0.4147,1.535626,1.8364744,-0.74928296,0.38569117,1.8507534,-0.67260253,2.8669066,-0.80840635,0.31031293,-1.8472087,-0.71588784,-0.5966349,1.6192307
Normal_GGACAAGTCTTTAGGG-1,-1.1446412,8.516933,-1.3332309,1.2726429,1.0545533,-4.767707,1.2778002,0.48189607,-0.98861516,-1.6240608,-0.89918673,-0.8784331,-2.5547261,-0.61703324,-0.51486504,-1.6581466,0.05604871,0.27901056,0.78408223,0.7184238,0.6402213,1.0296177,0.43360618,1.6859818,0.15828621,-0.016336238,-0.53582174,-0.22813086,-1.7808657,-0.50308245,1.3924751,0.64174837,0.5736687,0.17990528,-0.026783032,0.3844476,-0.081004284,-0.7824268,0.2634261,0.013504079,-0.923992,0.39905888,0.051590864,-0.08375782,0.0047691865,-1.1495593,-0.6855431,0.8711722,-0.8425222,-0.9575962
Normal_GGACATTAGCCAGAAC-1,-5.338226,2.0006196,-3.6540375,3.368452,-0.6496264,-1.2913845,1.1153785,-0.35765785,0.19901925,-1.3966101,-0.5551733,-1.2388095,-0.5188989,-0.6433096,0.10855716,-2.0907912,-1.3873411,-2.0895855,0.80683637,0.47822917,0.7662615,-1.7490023,-1.1848093,-0.7503638,-1.7069291,-0.1803453,1.1635714,-0.39023256,-0.9100587,0.0835178,-1.0553182,-0.43289426,0.76917213,-0.35928035,-1.3502655,1.1482118,1.2425059,-0.3212977,-0.36454612,-1.3825912,-0.79220384,1.2285756,-1.3842169,-0.3407727,-0.06808875,0.114530735,0.62189704,0.08940082,-0.24579957,0.08939869
Normal_GGACATTGTAGCTGCC-1,-6.836552,4.125876,-6.6746087,1.3541168,0.031068442,0.26878098,0.6286347,1.4262139,2.362633,-1.882429,0.24074236,1.4559563,-0.5276623,-0.48449615,0.71606386,-2.13174,-1.9166423,0.14420775,-0.7415508,0.22943635,-0.48994866,-0.18217109,-0.39131123,0.5767118,-0.34889796,1.25722,0.68517923,2.575565,-0.78022283,1.7402815,-1.1672791,2.138931,0.5946045,0.5184922,-0.15412813,-1.1980011,0.13890965,-1.9264095,1.6312773,-0.3180835,-1.7717301,-0.023355134,-0.69185704,-0.088366814,1.9519805,-0.24590829,-2.9506733,-0.07833303,-0.397228,-1.9059374
Normal_GGACATTTCAGTTAGC-1,-1.0038388,-3.6869078,3.292581,-3.133649,0.8745858,-2.881857,-7.327518,3.1572678,4.233081,3.0958416,4.4002624,-0.24447936,1.1495277,0.7753234,0.0440632,-1.2352085,-0.07799085,-0.57270914,-1.5587171,-1.1445098,-2.257786,0.9381262,-1.5355679,0.0076588094,0.9986672,-0.33728212,0.6953367,-1.8814303,0.20030557,-0.33402735,-1.0888443,-0.26032293,-1.7001878,0.263102,0.15705915,0.032747515,1.1873037,-0.56475145,-0.192036,1.7456567,-0.290363,-0.4725729,0.33973157,1.277938,1.2791533,-1.4798765,-1.0312378,-0.78517514,0.4514463,2.0662735
Normal_GGACATTTCGTCACGG-1,2.4469624,3.251598,-0.45983055,0.6172433,0.2601559,-3.7888181,0.88371366,1.2331702,0.8427631,-2.7270632,1.1359097,-0.52808744,-0.77711445,-0.35687014,-0.02181216,-0.56743723,-0.7992764,-0.14263918,0.94985473,1.6541488,0.33378044,-0.9097162,1.8159354,1.2409389,0.97945106,-2.0296671,0.08178198,-1.5362581,-0.17200576,-0.6047308,0.77588874,0.107943214,-0.7485403,-1.9039512,1.6335614,-1.213317,0.14679633,-0.92453855,0.5035613,0.58989096,-0.44311804,-1.6833327,0.5258257,-0.030370595,-0.6769183,2.2202933,0.3471094,1.0137184,1.7833976,1.0012071
Normal_GGAGCAAAGACTACAA-1,-9.03186,-9.047608,-2.5306804,-8.853271,7.85826,-2.5065918,-10.961016,-3.3454905,-4.5559187,-10.277704,-7.4408464,11.363091,-2.4733207,1.3108783,3.4162755,-11.468826,-1.502977,-1.6638415,-1.4354098,-6.8652816,-0.157934,-1.8005006,-0.74088335,-0.45216715,-2.401994,-3.011773,-1.9697292,1.7987933,-1.0817919,-0.7438438,-2.3205774,-4.5183644,-1.9390113,-1.5204908,1.8954024,-1.4938103,-0.6527446,0.16584864,3.5793567,3.227504,1.8985062,0.09151354,10.787041,0.1768831,0.6356889,-3.2634254,2.7108126,2.119213,5.4864388,5.852632
Normal_GGAGCAAGTATCTGCA-1,-7.280704,-7.363282,-1.312811,-8.809214,7.4046474,-0.9665381,-8.632231,-6.853434,-3.0737345,-9.790951,-7.498096,7.3046985,1.890276,-2.1423006,-4.194854,-10.995813,4.3528,-5.9917617,-1.6355506,9.524692,4.647077,2.8262851,-1.8248566,5.394171,-4.9326415,-10.811413,13.064528,-12.369272,14.428945,-5.760427,1.3603755,11.454909,6.0567575,6.335085,-4.3023963,2.1718385,18.606476,11.363194,-13.135437,14.074804,4.0344725,-7.171065,-14.256117,6.5549097,-0.56245184,-1.3016777,-2.4960792,-9.649018,3.2379065,-4.696298
Normal_GGAGCAATCTGCTGTC-1,-5.8174477,-1.351761,-1.2796496,1.1797941,-0.466677,-2.070101,-1.247616,0.84049654,-1.3355759,0.014265622,-0.54602087,-0.95058936,0.1356939,-0.620455,-1.6423174,0.92153496,-1.0066205,0.34207183,0.9017949,1.9348679,0.1053128,1.8595581,-0.23611887,0.57384694,-0.5797081,0.51295245,0.23545144,0.59856045,0.71041244,-0.93910235,-0.15842682,1.0867739,2.8616874,1.2099245,-1.0228964,0.35048705,-0.4247506,0.6840006,-1.1801903,2.5571198,-0.046254557,-3.1577446,3.5496352,-1.1104282,-0.13279465,-1.3832355,-2.4585595,1.0080705,0.577838,1.6402135
Normal_GGATGTTCAAGCGTAG-1,-6.5915213,1.7667478,-5.6886396,-0.09698319,-0.4262598,1.3205374,1.6296521,0.8956133,1.8123631,1.3799007,0.42979637,1.4425299,-0.526828,2.9684284,-0.06415096,0.24443282,0.11450228,0.13619682,-0.6738448,-1.3445551,1.4561994,-0.59033453,1.8005872,0.32299444,-0.34141314,-0.24540967,0.82267106,-0.83982635,-1.2129211,-0.6403988,-0.5656681,-0.23493086,-2.0031703,-0.013137778,-1.2870814,0.49141157,0.58074576,1.2998143,-0.033008363,0.3334286,-1.0248294,0.4863023,0.38232303,1.4980913,-0.05022758,-1.1247717,-0.3983991,-0.33998474,1.4816464,-1.6385021
Normal_GGATGTTCAATGGTCT-1,-6.602866,-2.0679295,-4.386023,-0.7608579,-0.4316896,-0.69234174,1.0129699,-0.09440147,-0.5768079,1.8604394,-0.70124584,5.6617336,-0.1695893,-1.701495,-0.21242152,1.9821365,1.3334569,0.30106196,1.0079563,0.45328233,0.49964273,0.024485433,1.2486923,-1.7647909,1.2706283,1.3562084,1.6205858,-0.17407435,1.2206848,-0.42691433,0.09367897,-0.14195713,1.6857357,-0.73051083,-0.6313979,0.3067755,0.58451176,-0.31737027,0.055487823,-0.7865491,1.2896084,1.0667515,1.117681,-2.3659918,-1.5860502,-1.6363295,-0.092946164,1.6725063,-0.52822196,-0.68876207
Normal_GGATGTTTCTTATCTG-1,-8.309081,0.6550326,-4.997181,-0.71186393,2.027804,3.3511639,-5.6214905,0.71288854,4.4748297,-4.7176056,-0.5805344,-1.1846362,0.7656547,2.742931,5.375611,-2.918351,0.3484585,-0.6117706,-4.3075366,-0.6675089,-2.090568,-0.62467927,1.0304881,2.258913,-0.452553,-2.1059117,-0.3896167,5.0129123,0.5053859,-0.80038077,-0.8456543,0.33595592,-1.7651075,-0.28420332,-1.6755881,-4.2710943,0.4914634,-1.6463728,-2.6325798,-1.201092,-0.5687158,1.6896927,1.8673228,-1.7688171,-4.41163,-0.004213694,-0.1595897,-3.3192158,4.575281,-2.148072
Normal_GGCAATTGTAAATGTG-1,-9.044296,-1.0281696,-6.2105455,-1.2319503,-1.3076109,0.12974119,-0.26726657,-0.4124779,-0.017239535,1.434761,2.3986464,-0.51320857,-0.4302971,-1.7531897,0.8700813,0.26199853,2.380281,-1.4179572,2.3887906,0.72715014,-0.46168864,-0.34337723,-0.61336195,-0.021822322,2.006292,0.6377699,-0.24305834,-0.11325597,-1.4972252,-1.1909993,-1.5381771,0.5856254,-1.1129979,0.38501987,-1.1625645,0.038595222,1.114221,-2.3492947,2.3634212,-1.647657,2.265987,4.0336013,-0.8812749,0.5868857,-1.2065992,1.8086714,0.37621576,-1.9295875,-0.6867474,0.5690076
Normal_GGCAATTGTTAGTGGG-1,-1.8369682,-0.55866563,1.0872238,-0.12342508,-0.81081533,-1.251646,-2.0405796,-0.24579047,-1.3753092,1.1132255,2.7160888,-1.5656452,0.6855609,-0.031186866,1.5042318,0.56344324,-0.16039908,-0.6021763,-0.944026,-1.8506944,-0.3528664,-0.05229375,-1.510785,-0.010259565,1.164465,0.6211461,0.31609058,-1.2411511,0.2677999,-0.5141369,1.0004152,0.9852962,-0.5023962,0.9581078,1.9384433,1.1973283,-1.1908845,-0.8295201,0.65273964,1.6179161,0.39879236,-0.05959439,-0.39508784,0.17185096,-0.54774886,-1.8808244,0.2050233,0.46685976,-0.28772515,-1.966744
Normal_GGCGACTAGCTCCCAG-1,-2.917404,-2.5407703,-0.29776084,1.3769637,-0.7720413,-1.5839927,-2.066769,0.95227104,-0.31818715,-0.56620973,1.392658,-1.7698671,-0.5919737,-0.53181535,2.1084778,1.1028645,0.35609192,-1.0492233,-1.1627394,-0.36594045,0.716089,0.59079486,-0.48692554,0.35622975,0.8091593,0.5158408,0.06246348,-0.3134743,-1.4338626,-1.9775275,-1.6783069,0.824478,-0.37154153,0.09052655,0.19764422,1.2025851,-1.2286512,-0.4675848,-0.9372585,0.8958654,1.3171526,-1.4959068,0.6003296,-0.46706694,-0.8540499,0.15270407,-0.61962813,0.9121582,-0.26547047,-1.286082
Normal_GGCGACTAGTTCGATC-1,-5.263778,1.1534572,-5.1829576,2.5778782,-1.7639678,-0.17736357,1.949335,0.5152633,0.09771594,0.49219763,-0.017523764,0.2720707,-0.5675245,-1.1024615,0.009230438,0.56818384,0.4955023,1.7317685,0.2604091,-2.5967748,-0.7074469,-1.1200582,1.8553557,0.04780392,-0.634832,0.57149035,1.8111517,-0.7473852,1.2500775,-0.30555487,1.9403872,0.907471,1.4793289,-0.16234225,1.6031268,2.2865303,2.5679994,-2.2032804,-1.8746789,-0.63529384,3.0584462,0.19012472,-0.65108436,-1.755689,0.9414317,-0.9848109,1.640014,1.7922673,-0.81627864,1.6654019
Normal_GGCGACTGTTCCACAA-1,-7.2174416,-0.53183806,-4.7028623,-0.72466916,0.65760446,1.5988098,-0.04659656,-0.28201225,-0.5114279,0.35833138,-3.2710752,1.7914907,-0.40816677,1.0077677,1.305852,0.82783955,-0.7206851,1.2047377,1.0047768,0.8479356,-0.5842996,-0.6442903,1.0560143,0.45150587,-0.20697898,1.345178,-1.4746581,-0.06666638,-2.4255257,-2.378186,-0.56984866,1.7860198,-1.1516782,-0.12286631,-1.8846779,1.4872046,1.7323885,-0.44565722,1.3358376,0.6462114,0.8141881,2.0616014,1.6079228,-1.2899084,2.0422275,-1.1580149,1.5648062,-1.4261599,2.50599,-0.2048567
Normal_GGCGTGTCATATACCG-1,-2.9843218,4.3858194,-2.075056,1.6996887,-1.0126576,-3.6420553,2.3172393,1.7882503,0.6266041,-2.82122,2.8421357,-0.8689976,-1.401246,2.7767591,0.20286192,-1.8398154,-1.059422,-1.8264728,-1.1528704,-0.35873878,-1.929655,0.91791844,0.57578486,1.3103961,0.30976373,-1.2511452,0.77446645,-1.5281667,-3.1565914,0.1370009,-2.3525517,0.9061511,-0.04031637,1.8037155,-0.9949565,-0.15106654,-1.7255702,-0.44672984,-1.9561298,1.8385731,2.172453,0.14411826,-0.5837422,0.3128994,0.017960936,1.1508458,1.199404,-0.44882444,0.48421997,0.5535503
Normal_GGCTCGAAGTGATCGG-1,-3.2295167,-3.2526343,-0.8792303,1.0655737,-0.7571322,-1.3070413,-0.18609542,0.17549278,-3.3507104,1.7462703,-0.776902,-0.20785034,-1.4001349,1.4561906,-0.9218876,3.2192693,0.32893655,-0.91677326,-0.18350157,0.12262997,1.2680062,1.2692506,1.3620914,-0.15202214,-1.5693835,0.54158735,0.56678,0.69292146,1.041405,-0.8129731,1.7388889,0.51118785,0.39933106,0.08008222,1.252331,0.46104896,-1.5556476,1.4456108,-0.9236591,-0.0196152,-0.87960786,-1.6072545,0.5043394,-1.5132798,0.65971553,-1.1179676,1.6713823,2.088991,-1.2955767,1.6292117
Normal_GGCTCGAGTGGCGAAT-1,-4.0977936,-1.8071816,-2.1441073,0.6315668,-0.39459684,-2.8244362,-1.4116373,-0.92294955,-2.096084,0.7804598,1.0614543,-1.0597827,-0.44308344,-1.6056145,0.0054596886,1.3032413,1.2272726,-2.0315647,-0.001927637,0.0769148,0.8635098,0.30907977,1.2581931,1.1036305,-1.6873282,-0.13164234,0.97057414,0.89376724,-0.79518956,-0.1128284,-0.72199565,-0.5343753,-0.1359273,1.2899796,-0.73433095,-0.21839787,0.45265245,-0.7159453,1.4147881,0.39714292,0.37269768,-0.47624013,-1.8972874,-0.7629556,0.6165649,-0.6296511,-0.57424843,-0.60662806,-0.064300485,-0.314556
Normal_GGCTCGATCAAGGTAA-1,-4.1106706,-1.5397158,-0.68008447,0.26483822,-1.2480963,0.016520688,-1.853073,0.7186133,-0.5741226,-0.8513491,0.656538,-2.2419655,0.3878822,1.5677775,1.7767566,0.9096437,0.3797286,-1.5432763,-2.8774319,-1.3904148,-1.1563143,1.2749351,0.44300655,0.44744912,0.5582359,-1.1330429,-2.2971087,2.6546905,-1.9173965,-1.4868971,0.36083454,0.82899094,0.77297354,-2.9283056,2.2826421,0.22322652,1.3427553,-0.57833827,-0.10384459,1.1242697,-3.2524953,2.551498,-0.3663066,-0.071228065,-2.6882858,0.66050786,-2.3256383,1.698076,3.8080225,0.7040146
Normal_GGCTCGATCACAAACC-1,-5.414538,-4.579788,1.2454865,-0.48879755,0.9010891,-1.5095608,-2.8281798,-1.891324,-2.7250996,-0.9407537,-0.8960971,0.08315567,-0.9843839,-2.3297932,-0.28936085,1.5468014,-0.5455135,0.6415145,0.71481967,0.3527289,1.4314679,0.71720886,-0.94409806,0.06912377,0.42919573,0.28108355,1.1284667,0.8623412,-1.7659614,-0.28283617,-0.079088934,0.86647516,-0.079483785,0.68170524,-0.90486395,0.88239664,-1.381185,-0.5806779,1.7770633,-0.8305651,-0.38868782,-0.13454516,-0.27357835,0.18530972,0.2666136,-0.15708518,-0.25774667,0.30618137,-1.6350815,0.471831
Normal_GGCTGGTGTGCGCTTG-1,-4.323719,-5.4634595,-1.2239151,-1.3342793,2.5213337,-2.6436696,-2.9658906,-1.7914369,-2.1560342,-1.6698917,0.45847106,-0.2210358,0.9974195,1.6203669,1.9983768,0.5358561,1.8802432,0.6833936,0.6201601,1.2216028,-0.30998257,1.7790269,-1.0556654,0.78262216,-1.7828678,1.7956465,-0.89261895,0.49840486,0.5523161,0.31286654,0.9753764,1.5164143,-0.09546276,1.418908,-1.7681332,0.39023232,0.8865637,-0.73704016,-0.30378622,0.42257825,-0.6108788,-2.347154,2.556445,-0.8710007,1.195229,2.4775395,1.8296546,-0.8404093,0.52663535,1.0949425
Normal_GGGACCTCATCGGAAG-1,-5.4872413,-1.7127695,-5.012156,1.9119111,-1.1743419,-1.0659485,0.977644,0.63750404,-1.3888042,1.5116535,1.1612021,-1.5119599,0.909243,-1.1374542,-0.4568336,2.6305604,0.92180574,-2.4478242,1.9514778,-0.50484836,0.49637625,0.63210404,-1.7330068,1.7073525,0.3557193,0.54221565,1.1600853,-0.047963716,-1.0933274,0.35490713,1.6992251,-3.8692794,0.42318574,1.2365569,0.49323732,0.08123254,-1.8627564,0.23241356,0.39895386,-2.4577856,-1.0196301,-1.1482939,-2.9650078,-2.0284173,1.2279291,-1.0984877,0.170295,1.0222075,0.32922843,-1.1263236
Normal_GGGACCTGTTAAAGAC-1,-5.625298,0.8674818,-3.7682202,2.0494907,-0.40801808,-1.5581795,0.83623534,1.3529445,2.0716956,-1.8575536,-0.46138152,-1.1190196,0.9996372,1.1684732,2.4565089,-0.30117956,-1.0192451,-0.3057724,-0.20762299,-1.2786939,-1.5042688,-1.1693834,0.42519176,1.212192,-1.4960166,1.1968305,-0.41999054,1.1122143,0.7653315,-0.8351099,-0.8488501,0.9071435,-2.212899,-1.1340165,0.6515648,0.5867468,0.082446165,-1.2744218,-0.59025246,-0.17950383,-2.3369513,-0.20058593,-0.40222234,1.2874992,-1.9018053,2.9403992,-1.361604,-2.4992986,0.6146095,1.0265344
Normal_GGGAGATAGTGCCAGA-1,-4.8980117,-1.6359901,-0.25507718,1.0445969,0.2207077,-1.4838035,-0.77607846,0.477468,-0.25141206,-1.5170517,-0.42192098,-1.9732425,-1.8951498,-1.4967281,-0.87888396,0.9739704,-1.0808358,-1.3674654,0.5709649,2.480954,-0.24923795,-1.139851,0.26542285,0.9494676,-0.090500884,-1.4661477,-0.42453116,-0.875456,0.38640884,1.6161495,-2.3385787,-0.02428388,0.5348328,-0.45483202,-0.38306367,-0.4660714,-3.9564598,-2.3894377,0.17224862,-1.170484,1.4727869,0.93399876,-1.158622,0.8124039,-0.5220436,2.2848969,-0.5956001,-0.23827608,-0.2565149,0.45525795
Normal_GGGATGAGTAAAGTCA-1,-6.11881,-0.8962013,-4.32511,-0.06558539,-1.8417221,1.2682239,-0.71542704,-0.34167594,0.6283283,1.5583436,0.8762639,1.969966,0.8154714,-0.02608992,0.025662465,1.0899473,-0.57488143,-0.87990904,-0.04342295,-0.12603673,0.3583389,-0.5463254,-0.66754955,0.37858298,0.22265154,-0.14468174,2.5833561,-2.9666018,0.8423089,0.8474915,0.19637476,0.17764308,0.5931928,-0.4858534,1.4271033,-3.9007494,0.5677007,-1.6104156,1.0338806,-0.066668086,0.78399396,-0.34933665,-0.89516735,2.409788,-0.51266456,0.9939635,-0.257558,-0.1814285,1.4455538,1.412805
Normal_GGGATGATCAGCCTAA-1,-0.5851696,-0.41639555,1.6758102,-0.3583061,-0.47013846,-3.1283584,-2.7355196,1.2090908,1.7062548,0.10810687,5.1883907,-1.0175353,-0.9616097,-0.8564028,-0.48527062,-1.54876,-1.2324097,0.10595006,-1.7542232,-0.63684726,-1.6610978,0.072705545,-1.1049781,-0.38983196,1.1185944,-1.2545657,-0.42131174,-2.5797694,-1.2696723,2.4442961,-1.8840175,1.0913135,0.6442757,-0.29380304,1.4536272,-1.5650889,1.2221645,-0.46400404,-0.9330169,1.0954846,0.29348335,-2.3881278,-0.43061426,-0.33099166,1.155026,0.6558427,1.1970329,-0.20831576,-0.15767655,1.2158448
Normal_GGGCACTAGTCTTGCA-1,-4.3663774,-1.3565503,-1.7742485,2.1155121,-0.7857569,-1.1358113,-1.0561148,1.3371316,1.0585792,0.89207125,0.61792797,-0.19016635,-2.3990948,-0.30574307,-0.84306765,0.9080171,-0.83190477,-0.07744566,0.58323187,0.67110395,0.24991351,-0.98758304,-0.28962746,-0.40318635,-0.49725768,-0.18624431,-1.1803596,-0.9187215,-0.999722,0.0040448625,-1.4707214,0.92274886,0.46708107,1.7052878,1.5194405,-1.1281466,-0.03782598,-1.5141326,0.0332959,1.2906919,-1.386877,0.3183233,-0.41625422,0.34601086,2.0977378,-0.01847263,-0.4650815,0.30140644,-0.4563746,-0.7618461
Normal_GGGCATCAGGAGTAGA-1,-1.5099536,2.501628,-1.8634053,-0.9722571,-0.37717712,-1.2661345,-2.1008794,1.0295817,-0.67748815,1.6707559,5.124656,-1.0094563,0.513474,-1.0088454,-1.1509693,-0.6559575,-1.2548431,-1.3291409,-2.9726973,-2.3496642,1.3694215,-0.3902226,-1.156387,-1.9506253,0.31984234,1.4353186,0.23032619,-1.7877929,-0.49220172,2.2163916,-0.6892945,1.1771032,0.30105263,-1.108175,2.8435423,-0.53355443,1.5215784,-1.1924495,-1.6230403,-0.57171655,-1.8429549,-1.5594914,-0.590894,-0.43462116,-0.35492063,0.36372712,1.0584639,2.5819077,2.4923117,1.3417923
Normal_GGGCATCAGGTGCAAC-1,-4.9286337,-9.9014635,-1.4429492,-14.575713,24.662172,-5.306451,19.352337,0.35092208,9.356841,5.1334343,5.5394864,-8.676668,-0.32270458,-16.001581,5.882264,3.4876077,-2.7252846,6.911943,4.5136204,-14.095465,1.8925865,-9.949828,7.4503646,12.785725,-12.70118,-12.8173065,4.4402623,-9.788198,0.99212986,-11.151651,-10.831874,-0.2736548,7.6291776,-11.760765,-2.9507198,-1.0290276,-9.821447,-13.2299385,12.248134,-1.2640902,4.290479,-4.2677393,2.105377,8.549901,-11.415276,11.946984,9.158286,-8.641364,0.12078898,-3.7878716
Normal_GGGCATCTCTCGAGTA-1,-5.086455,-7.29619,1.5917381,-3.547315,4.0228,-4.5659943,-7.74402,-0.14977002,-1.4832957,-1.3698864,-0.3817871,3.0885577,-1.8170016,-2.7571523,1.2874569,-0.09254482,-2.5957785,1.7265047,1.2864975,-0.36808696,-0.6679075,-0.77119195,-3.8046107,2.3070593,-0.94870037,4.756824,-2.8422072,-3.3003387,-0.3604874,0.35058305,0.046187006,-1.490434,-1.0612117,0.37071237,2.2845404,3.631292,2.3869712,0.7021941,-1.0226347,1.4200479,-3.2570105,1.565733,3.1279342,0.6257705,-1.3404442,-1.4768701,2.2044158,0.044516917,1.8823621,0.97579366
Normal_GGGCATCTCTGCGGCA-1,-1.5179998,-0.17647514,-2.4457352,-1.5566367,0.05627238,1.4785606,-4.5023084,0.28257313,0.9881244,2.3805234,7.0741763,1.2862617,0.6386227,0.6000945,-0.76911134,-2.408562,0.36587894,-0.38863757,-2.213262,-2.5869994,-0.36371914,0.7694547,0.29118395,0.08357581,-0.68308103,1.6096866,1.6899438,-1.2028148,-1.1060213,1.0930042,0.5735635,0.73011374,-0.39125967,-1.1622955,0.9804239,0.15748993,1.2859054,-3.1630027,-0.8673638,1.231315,0.18936412,-0.7756399,0.14023231,0.97307795,2.6584818,-0.5061926,0.19596478,-0.95900327,0.052468073,0.78572625
Normal_GGGTCTGAGCACACAG-1,-5.294906,-2.8352106,-1.5011613,0.14610149,0.47319737,-0.4726339,-2.487637,-1.3485719,-1.9662788,1.7889304,0.13110828,0.61965764,0.14568514,-0.19130799,-1.1595474,1.7199496,1.1033703,-0.27412575,0.014890977,-0.44099617,-0.25814733,-1.8955239,0.20147079,1.286129,2.7201848,0.4484346,-1.9427524,-0.74024755,-2.0756953,0.9993156,1.0589577,0.49292657,0.7076379,-1.3752753,1.8663262,-1.7263755,-2.80837,-0.6097867,-1.2659022,1.3943951,-2.6742375,-1.1516213,-1.0973816,-0.11947467,1.2816391,-1.9131215,-1.6618371,-0.92526096,-0.8129136,-0.26158726
Normal_GGGTCTGAGCGATCCC-1,-3.8081908,-1.9752437,-3.0346422,2.4070911,-0.62147063,-1.4535705,-0.43511984,0.07616642,-1.1045792,0.36349684,0.62956244,-0.452786,0.3021628,0.96886224,2.6210148,1.1221936,-0.53513026,0.1427535,-0.430621,0.3156428,-0.36365065,-1.0528625,0.47843966,0.014917167,-0.06834531,0.19581927,-1.603918,0.33719814,-1.119591,0.13882488,0.28606072,-1.413917,0.72278076,0.8944305,0.1016807,1.1195358,-0.47960144,-0.37579486,1.9334602,0.1078684,-0.46554515,-1.5015106,-2.064944,-0.83670443,-0.59215856,-0.72780985,0.048218556,-0.049819786,-0.17031361,-0.44747332
Normal_GGGTCTGTCTCTGTCG-1,14.57875,-0.49980295,-3.8839734,-1.2462991,-0.18087335,0.25811762,-1.7787644,-1.0945328,0.7189461,0.2131037,0.73428804,-2.4849415,2.1775134,0.20466223,-0.4239287,-0.9014848,0.08027006,-0.14976166,-0.074866965,0.6804454,1.9806459,-1.9799201,-0.21300574,-0.22164385,-0.25802952,0.028962998,0.90370524,-1.6940148,-0.2184442,-0.6884586,0.22255117,0.41216427,-0.96380204,-0.264842,0.26057756,-1.3661445,-0.23285496,-0.4349224,0.09150381,1.2686963,-0.79139805,-1.3978494,0.37796757,1.0201925,-0.14689314,1.0798202,1.4966421,-1.1400883,0.81584847,-1.3437778
Normal_GGTATTGAGGTCGGAT-1,-4.633655,-3.8474813,-2.5651274,1.318645,-1.0495406,-1.7131872,-1.6228132,-1.2252387,-4.255242,1.0036082,0.028142182,-0.1264456,1.0091137,0.9190971,2.9144068,2.0764148,2.3487794,-2.4693458,-0.97838205,0.8021047,-1.601025,-0.3671629,0.643246,-1.5211937,-0.28331798,0.08093492,-1.8858979,0.27075198,0.9202972,0.6043584,1.3039857,-2.5439527,1.6310613,0.20097138,-0.49715364,-0.45876047,0.1440474,2.1659994,2.037675,-2.2130032,2.0851085,1.5990945,-2.3265963,-0.49267864,0.44032258,-2.5720968,1.6662443,-0.39641884,0.1923417,0.5608655
Normal_GGTATTGAGTGCCAGA-1,-5.572443,0.3145783,-3.0044796,-0.53348285,-0.32267174,-0.38120815,-0.4446982,-0.45554644,-1.2376567,-0.029296735,0.10643392,0.22291592,-1.1645176,-2.563492,-1.7889668,1.1649438,0.74308443,-1.3364692,-1.2103313,-0.5273846,0.49799904,-0.544874,-1.3266488,-0.3057109,-1.3607695,-0.31573159,-0.22398393,2.464858,-0.42270625,0.41009432,0.22602797,0.32143483,1.7316269,-0.4578657,0.6759948,0.027255144,-0.6142359,0.0021894302,-2.118012,-0.29291952,-0.10536015,0.8377663,-0.110304736,-0.69016296,1.3997388,-0.43301576,-1.2571496,1.484117,0.5499232,-0.994711
Normal_GGTATTGCATGAAGTA-1,-2.9597452,-4.4451,2.060019,-0.875237,1.0644579,-0.42409173,-4.693538,-0.54044247,-0.32725057,-0.7264057,1.6267323,-0.7561354,-0.44983727,0.9985874,1.1728595,-0.7958331,-0.12177128,0.95866257,-1.6064305,-0.23988567,0.15512115,-0.79196864,0.6095402,0.5319373,1.5256379,-0.15942559,-1.2280544,0.29810792,-1.1034609,-1.4626302,-1.0530794,0.5073971,-0.6696061,-0.4929196,-1.3982381,1.1134926,0.40272665,0.55331683,-0.8180565,1.0915911,1.6658088,0.28673783,-1.5049359,0.8606528,-1.1423522,0.7502926,1.2348684,0.21447489,-1.3135724,-0.36319053
Normal_GGTATTGGTAACGTTC-1,-4.69446,-3.5100477,-1.9986013,-1.3373964,0.33927158,-2.0082068,-3.5579886,0.8036737,-0.43784615,-0.010106173,1.2072153,-1.4365835,-1.4555708,0.0385116,0.9252306,2.6498277,-0.26769507,-0.18002436,1.7574195,1.9991435,0.9859592,-1.5074232,-1.3168699,0.49063954,0.040429838,0.43761337,-0.4194173,-1.0010461,-1.0518364,1.1895456,2.245924,1.3535051,-1.6573714,0.5830313,1.9160578,-1.0689598,0.08640697,1.237727,-1.1435748,0.72355956,0.6282443,0.05260283,1.6991873,0.50852865,0.48245546,2.210894,-0.47103053,1.0506091,0.3282357,-1.3384576
Normal_GGTATTGGTGGCCCTA-1,-3.7396905,-0.26727295,-1.5675637,2.042949,0.8869282,-3.4573853,-0.9531479,0.4659999,1.2323804,-2.1585343,1.7431748,-2.3645437,-0.6699178,0.24889895,0.7993117,2.5604362,-2.1054957,1.2828667,-0.56908077,-0.06008228,0.29765064,0.7019542,0.33148187,-0.20857316,-0.42101896,-0.017872795,1.1283011,1.5511525,0.4684057,-0.16080089,0.77686286,-0.9744805,1.0936036,-0.28363988,0.26805708,-0.36533514,1.7027403,0.12535097,0.23418185,0.022633798,-1.0914557,0.52760535,-0.10698783,2.9369044,0.17039053,-0.024921274,0.7829145,-0.064335875,0.08172141,0.49860987
Normal_GGTATTGGTGGTCTCG-1,-7.0999794,-2.9904926,-4.4445395,-0.07025524,0.57877856,-1.0496641,-4.616127,-0.42294964,-0.9460928,-1.7273937,1.0413499,1.6737732,0.18223006,0.5346469,1.4548703,1.8047763,-0.64532435,0.78581446,1.7906952,0.9231218,-0.23523727,-0.1916518,0.82484436,0.26862416,-0.60210526,0.0154931275,-1.0324267,-0.83573407,0.56857806,1.1878554,-0.14145416,0.19579688,0.57909405,1.5717261,-3.7947643,-1.7241049,1.6403921,-0.2879618,-1.3825403,0.8212589,-0.30966395,-1.2782443,-0.065660745,0.92120606,0.81714815,-1.536823,2.4849663,0.29773936,1.8669454,-0.81138176
Normal_GGTATTGGTTACGCGC-1,-6.3918157,1.1497773,-7.3392935,3.0218587,-2.099664,-0.79523057,1.0442427,1.6606352,-0.41798332,4.479603,-0.9940219,0.11165733,2.7561643,0.01089156,-2.4871523,0.8661385,-0.5989255,-1.4858776,0.21248138,-0.34774756,0.8211265,-1.0085177,0.8838192,0.38090867,-0.06309909,1.1318417,0.47489494,-0.18576692,-0.8300109,1.188907,0.666081,0.40459827,-1.5651618,-5.4708567,2.7458308,0.68809605,-0.10474368,-0.57461184,2.0922263,0.6516471,1.3720785,-0.13655542,0.021160867,1.2812419,2.076241,2.343175,-0.18778616,-1.7677249,0.9973458,0.4141947
Normal_GGTATTGGTTTAAGCC-1,-12.426546,1.8428293,-13.888125,-1.7840592,-1.2695516,7.644145,0.9407043,2.658877,4.768587,11.51495,-5.8674374,10.98408,3.9271588,-6.316348,-10.591857,1.8586417,6.070343,20.961737,9.354344,-17.370266,11.031429,33.98545,-8.720034,0.8658314,12.67864,-14.839758,-13.918488,3.509489,14.03433,9.464556,-2.3099713,5.5719337,6.974382,0.9732861,-12.992877,-4.8514433,-2.655268,-2.0617907,-2.7177205,6.7111483,1.4902505,-2.9371903,0.8128834,-4.9110966,-8.248282,7.5080466,0.9494447,2.9671304,2.797672,1.4024681
Normal_GGTGAAGAGTACGTAA-1,-2.2160816,6.5988774,-1.3321524,2.3260727,-0.14565678,-4.982355,0.62205684,2.0957053,1.4517267,-4.4886637,0.5736546,-2.1233277,-0.086271405,-0.24696083,-0.9721682,-2.9135184,-0.39279422,-0.3472417,0.17727359,-0.87655365,-2.1348457,0.6121421,-0.20377688,0.51526296,0.061701976,1.1077878,2.3545353,1.8099606,-4.0231414,-0.10621195,-1.3840264,-1.3239387,-1.8560958,-1.2244174,-1.7751957,-2.6219451,-0.8263248,-0.26506898,-2.4264355,0.6653465,-1.2955,-1.4040833,-1.3935935,-2.2920246,0.7096984,1.1757208,-2.1520636,1.078077,-0.7102608,-0.46827218
Normal_GGTGAAGCAAGCTGGA-1,-4.3079896,2.8899448,-2.2386026,0.8293934,-0.046216942,-0.5466319,-0.8929418,0.17038144,0.7800573,-1.5812963,1.6016375,-1.1297956,-0.3849035,-1.8199934,-1.9827608,-0.026161926,-1.0064751,0.7058647,0.83747613,1.3976903,1.0966289,-0.8610497,-1.2974409,-1.2099005,-0.13735802,-0.5801287,0.59038323,0.34126604,-0.63915616,-0.5280549,0.3322983,1.7989004,0.15629397,1.1673152,0.85799485,-1.243905,-1.9222775,-2.1057563,1.1406924,1.1292827,-1.5003535,-0.772702,0.75369656,-1.8928162,-1.3938092,-0.1166581,1.4934752,-1.1507399,0.023543028,-0.011571517
Normal_GGTGTTATCGTTTATC-1,-2.7927582,2.5919917,-2.9389563,1.8615243,-0.44297853,-0.4944166,0.41884622,0.20327578,1.2111622,0.12687968,1.6840801,-0.8419014,0.15804005,0.59262496,0.027276177,-0.1277373,-1.9516261,0.3596587,-2.1803079,-1.7445748,0.33398208,0.52044404,-0.74998385,0.7497445,-0.8626259,0.649698,1.5226439,0.046385996,-0.020325305,1.2651998,-0.5223332,-1.5998589,2.062376,-1.2347358,1.4294775,-0.397151,0.7060445,0.47254297,0.06490713,-0.44670376,-1.3175486,0.43415797,-0.6346978,0.02303673,0.69101864,-0.06862969,1.4298979,-0.84259033,1.8027719,-2.2826114
Normal_GTAACTGTCCGCGTTT-1,-2.0900438,-1.5699308,-1.8955656,2.0536163,-2.3205817,0.76583946,-0.1751645,0.24638543,-0.8211923,2.5790136,2.1491218,-0.8336361,1.3299724,-0.07744539,4.416959,0.100036725,0.41473106,-2.100543,-3.55703,-1.1079122,-0.02652341,-1.186083,-0.13133627,0.29519373,0.7191591,0.41701332,0.4712352,0.53302294,0.065682605,-1.6177375,1.0963042,-1.3837934,0.6114002,-0.19366054,1.5594412,1.7163757,0.9048247,-0.53973544,-0.47507745,0.9895894,2.8438163,-0.5420101,-2.4497313,-0.4717246,-0.6129421,1.5873169,-0.43733358,2.0911717,-1.1111021,-0.7484849
Normal_GTACGTAGTATATCCG-1,-2.950516,-3.4619029,1.5537095,-0.85181165,0.5528255,-1.1523756,-5.6521287,-0.8199292,-3.0393124,0.066435084,3.1364005,-1.2482384,1.3371255,-0.44555146,0.69025147,1.151276,-0.6273218,2.3396842,-2.151179,-0.33138433,1.5118947,0.64676625,-1.0585996,-1.4831301,1.1897348,-0.33400506,-1.8481557,0.81901735,-0.81046313,-0.7512226,-0.10205212,1.5731099,-2.0095773,-0.6473025,-1.6563138,0.9128219,-0.34792417,0.8592006,-0.44632894,0.43477985,-0.58527124,-1.3405403,0.60161066,1.9437948,0.7414277,-1.8566296,-0.2923286,1.189012,-0.33172756,-1.5516694
Normal_GTACTCCAGTACGTTC-1,-4.5789413,-2.7029643,-3.2355077,-0.8218686,0.22874103,-0.3124164,-2.7460792,-1.0560733,-0.9932733,-0.29776424,1.6668699,-2.1922555,1.1636235,0.4697254,2.7440162,-0.4876984,3.1623096,-2.3583355,-1.4105102,-0.8618122,-1.1862284,-0.5904176,0.95291996,-0.09267049,0.46430492,0.5788224,0.62283593,0.92558557,-0.61380523,0.20730537,0.2249065,-0.09294041,-0.9822175,0.6542608,-0.48962566,-1.3349818,-1.1822591,-0.23617226,0.24224329,0.6933548,-0.014544763,-0.78586966,-0.05540545,-2.4593074,-0.359718,0.71477216,0.4579394,0.27426386,-1.5727559,-0.5912025
Normal_GTACTCCGTGTTGGGA-1,-8.938299,-7.365224,-2.065517,-8.110793,6.338539,-3.3108993,-5.9697905,-8.387299,-14.068462,-6.7842407,-8.108965,5.638907,0.13175751,-0.1597732,-6.682885,6.068537,3.8419595,9.133965,6.702088,-16.046515,-5.1650186,-4.434657,6.0874424,21.038153,20.936037,2.2021194,9.539883,1.8122456,-21.880064,0.9107821,-0.5435514,-1.4823142,8.050031,12.279189,3.2115278,-8.220218,-11.878236,-2.737074,-4.923374,4.1294384,-15.742797,-2.4165049,-2.2262285,-8.46923,2.9754677,3.4941473,-8.232559,1.3231763,0.039368484,-11.1606455
Normal_GTACTCCGTTCTGAAC-1,-3.8692229,-1.7538025,-1.7127491,-0.9577609,0.49797812,0.6681885,-1.8659449,-0.9434279,-0.7513276,0.5456973,2.3881867,-0.2684437,0.58196205,0.9410823,0.5143169,0.5649946,0.68427706,-1.164266,-0.82812023,-1.7058251,-0.2538934,-1.1228302,0.5368254,-0.14107586,-0.26042885,-0.9461849,-0.044137206,0.295552,-1.1674727,0.4064793,0.77476954,-0.32825974,-0.32975549,-0.5843681,1.949934,-2.6215322,-0.37003657,0.46068257,-1.7428777,-0.03124707,-0.36797723,0.5710279,-0.8924661,-0.55417097,0.32377744,2.6586738,-0.8880572,-0.94335365,0.31779772,0.025466157
Normal_GTACTTTTCTGAAAGA-1,3.061317,6.7874465,-0.33489135,0.430711,1.4174643,-3.5237424,-1.4570428,0.34358352,-0.7168526,-0.042496864,4.2749453,-0.18874797,-0.78285027,-0.4095278,-0.7363784,-1.5900656,0.26323637,0.6745794,-2.7695723,-3.5892165,-1.3830339,0.3236055,0.8683564,0.9245967,0.9845216,1.7484736,2.03961,-0.26258957,-0.40787572,0.53241676,0.99941015,-0.3260212,-0.40840235,-0.7487162,1.4029,-0.5678528,0.8333093,-0.16473027,0.010178794,1.7438134,1.7461914,-0.18747418,-0.9800807,-0.90279263,0.81114906,-1.1742585,0.043856595,1.0288303,-0.92193913,0.98498935
Normal_GTATCTTAGCAGGCTA-1,-7.254829,1.6966076,-4.6578197,0.90225506,-0.32101944,2.4758854,0.42710677,-0.8218858,2.1916666,-0.27635863,-0.44286773,1.3566456,-2.2735388,-0.1432966,-1.0573276,-1.3518039,-1.3179904,-0.038029388,1.5939912,1.1343341,0.17741206,-1.9409313,-0.13811214,-0.556211,-0.41053018,0.17573787,1.1828202,1.1067395,-0.09789794,-1.1890785,0.68743974,0.5691477,-0.96175116,-1.8603334,0.3813178,-1.0570736,-0.7134789,-1.4859955,1.3649048,0.4236204,-0.73902446,-0.9038786,-2.0326307,1.6353517,0.15356079,-2.3028986,-0.22415675,1.4631157,3.757147,0.5740327
Normal_GTATCTTCAAGCCTAT-1,-5.877233,1.1756657,-3.5352,1.0760602,-0.2012127,0.19783509,-1.0490063,0.34995025,2.8927624,-0.28560466,-0.083779,-0.72887254,-0.5222799,1.4625833,0.89895946,-1.1706077,-0.9557919,0.1619578,-0.68857753,0.97561425,-0.2560416,-0.914188,-0.95257497,0.8238374,-1.3560032,-0.5899163,-0.04949036,-0.2432424,-0.51650107,2.4403815,0.22831014,0.10033048,0.59168464,-0.14999732,0.60709596,-1.3464097,0.6422877,-1.073063,-0.5854734,1.0105886,0.6414737,0.535045,0.78609276,-1.0527346,1.2505144,-1.4141313,0.60680854,-2.604062,-0.10715161,0.7322987
Normal_GTATCTTCATCCGTGG-1,-7.25519,-4.4611907,-1.9096794,-1.343384,0.7342579,-0.3902345,-4.1161094,-1.0262827,-1.6421732,1.5387244,-0.6421209,-0.61284566,0.33786783,-0.8744639,-1.570899,3.0699131,0.21697262,3.1019523,1.027551,-0.1492778,1.3595699,0.9666624,1.0352337,1.6916168,-1.454831,-0.012914082,-2.3438826,-1.7800536,-2.6560564,-2.7883513,0.59093636,1.3806378,0.091003925,0.28354022,-4.3037624,1.4345618,-1.095222,-1.2372015,4.463484,-3.2871628,-0.56214,-0.56141883,-2.0765095,2.08497,0.21496083,0.2968413,-0.4992805,-0.18181229,0.17796637,-0.40851814
Normal_GTATTCTAGGATGTAT-1,1.6644671,11.338778,-0.035518978,-2.1977885,3.122673,-3.4953635,-3.693599,-0.76091635,1.7218707,-1.7225536,1.2571641,-2.747979,1.2996254,-1.2003205,-1.420928,-2.3543482,-0.6157211,-0.4727898,1.6170946,1.2205921,-0.15825273,1.8153542,0.7004461,1.6826814,-0.439468,0.377137,0.61084825,0.67700076,0.28617075,-1.2095021,-1.4728978,1.295077,-1.412979,0.057691313,1.8716384,-1.4486597,-0.08478784,-1.6281761,-1.5066934,0.40685517,3.5524566,0.13715987,2.6608095,-0.73443645,-1.2718872,1.5809525,0.8466026,-0.5661204,0.40804908,-1.0324506
Normal_GTATTCTGTAACGCGA-1,-2.6098816,5.511093,-2.9250572,1.6257738,-0.5841961,-1.2054011,1.6872818,1.2976114,1.9777515,-3.5473046,0.82297033,-0.34143174,-0.42825627,-1.0954189,0.12974688,-2.0860906,-1.9637446,0.7483848,0.4516885,-0.7361413,1.0558324,1.1703161,0.14102638,-0.42436928,0.1830034,-0.31640676,1.8586686,0.3393043,0.032493774,-2.4352236,-1.3960652,1.2160137,0.37750885,-0.052049268,-2.4548752,-1.3171544,0.8672821,-0.33883289,0.015271158,0.11171572,-1.4822531,-0.041478463,-0.44769192,-0.613447,-0.25154427,-1.2694273,0.2739035,0.11760401,0.8408266,-1.2647364
Normal_GTATTCTGTGAAAGAG-1,2.389351,16.190908,0.5497769,-6.447913,5.7148843,-0.6665171,-8.241347,-2.272883,0.558826,5.535359,7.1538625,0.35868374,-0.4959712,0.6544483,0.27891967,-1.5489453,-0.63137233,0.15178084,-1.9835244,0.60134286,-3.3644683,0.26653427,0.64636546,-1.3061335,1.0240419,-1.2603327,-0.5801869,-0.17441808,-0.056452267,-0.3163877,-0.5537927,-1.5943983,-2.015789,-2.5801065,-0.23984453,-1.14253,1.2801292,-3.5816293,-1.9597358,0.5465081,0.5301549,-0.5645038,-0.1550536,-1.9540368,-2.0793777,-1.8987756,0.47712746,1.1175631,0.22698419,2.7789557
Normal_GTCAAGTAGTGTACGG-1,-4.1763973,-3.6295712,-0.65240884,-1.2557693,1.1960254,-2.2725477,-3.6160445,-1.3920925,-2.5604296,1.2849559,1.2285955,0.7067497,1.7078793,-1.1560739,0.596546,0.64373267,0.77302134,0.8995152,1.65231,0.086757824,0.15870205,-0.23495394,-0.5322452,0.47319052,1.6533493,1.3660811,-1.3329762,0.084474005,-0.42101172,-0.8043199,0.19089694,-0.9823734,-0.4717672,1.042697,-0.6723536,-1.3224039,1.5601724,0.7288139,1.486301,1.2932504,0.4627369,1.1598102,-0.3049681,-1.2964396,0.6950266,-0.17847358,1.3979275,-1.4033574,-1.414218,0.21713167
Normal_GTCAAGTCACCAGTTA-1,0.59171283,-4.5615325,6.074143,0.7606722,-2.4730031,-8.883049,-5.2054033,11.089626,8.196366,7.0349393,-5.6718597,-0.77187455,-2.4783556,3.3396213,1.679382,-3.0669625,2.6436915,-0.80912364,1.0156025,-3.3515065,-0.15527841,-2.7089276,-1.2069374,0.8352804,3.7176833,-0.47807008,1.5436875,2.198753,1.242684,-1.0105962,1.8177606,1.3394649,0.6588636,0.43295914,0.21671073,-0.3723074,0.16600753,-0.17393084,0.2399881,-0.4396499,0.43498263,0.5347898,0.6270192,-1.3209115,1.3106959,-0.8951905,-2.6365252,-0.8398451,-2.2725816,-0.74671465
Normal_GTCAAGTTCGGCGGTT-1,-2.604301,6.9957833,-1.5704466,1.4243689,0.2149077,-5.7734966,1.4334953,1.9879309,2.6506774,-5.488798,-1.2646192,-0.17489591,-1.0839807,0.5818725,-1.3782005,-0.34472942,-1.234246,-0.16380008,-0.42971915,1.2093345,0.2036585,-1.3932345,-0.23985173,-1.2316258,-0.9952956,-1.1123246,0.78264344,-1.7687418,-2.2140534,-0.30085233,-2.2195358,2.0792243,0.24246904,0.7463052,-2.2846744,1.310914,0.7166764,1.8052725,0.810926,2.073658,-0.108047836,0.47642338,-1.1267056,-1.0158129,-1.4044157,0.9341581,-1.1762172,-0.072283156,-0.42593294,1.4353813
Normal_GTCACAAAGCCAGTTT-1,-6.02641,1.4738715,-5.2387567,2.119266,-0.86942416,-2.0199382,1.2083379,0.5539158,1.7453077,0.22207235,0.042678725,1.1239295,-1.7788991,-0.54003835,0.08639891,-1.196912,-0.62366164,-0.31928647,-1.9753779,1.595863,-1.4319006,-0.7746566,0.2534144,-0.40265167,0.0050405045,0.0076251365,1.3225678,1.0699047,-1.068526,0.45156863,-2.2444365,0.84971535,-1.969126,-0.97377354,0.7088019,-0.94156164,-0.8492952,-0.70054704,0.50454086,1.2175499,0.22022632,0.9082606,0.03451605,-0.7750961,-0.5868388,-1.0645812,0.8236478,2.5974426,1.9584167,0.79245526
Normal_GTCACGGAGTCAATAG-1,-2.891919,2.0768473,-1.3002378,2.4438443,-0.48876923,-4.4605083,0.9174805,2.07379,1.7068626,-2.7648344,1.0615983,-0.9675659,-1.2632427,0.4812511,-1.3462688,-2.0542681,-1.9384617,0.5275548,-1.675206,1.2205361,0.4569308,1.996072,-0.8424869,0.20304012,0.028912602,-1.5301924,-0.8056509,-0.8908573,0.42402554,1.1103166,-2.2599013,1.2585305,0.820765,0.79495955,-1.9049588,0.23595089,0.5451127,2.374484,-1.5761807,0.20880404,-0.53427386,-0.4348017,0.92698973,1.1795607,1.3375108,1.7187961,0.6097744,0.3365564,0.25797635,-0.8268258
Normal_GTCACGGAGTTGAGAT-1,-4.0771127,-2.1683605,-1.377337,0.2674225,-1.332624,-1.5079924,-1.3571032,-0.57430416,-2.4612415,0.26557404,0.7067562,-0.9995357,0.21127565,0.36971518,2.179949,1.7234368,0.66831315,-0.8944241,0.26664263,-0.04059777,-0.5465517,-0.82560974,-0.1754901,0.46922296,-0.62710094,0.9952491,-1.4657958,0.93942493,-0.6910073,0.70664215,-0.10659729,0.49732932,0.65909564,1.0223851,-2.0636053,1.4567591,-0.141715,-0.19184354,0.113668144,0.5859426,0.92480797,0.2958916,-1.475581,0.8181306,3.329047,-1.562896,-0.87704724,-1.4166222,-0.1740586,-0.3674933
Normal_GTCACGGTCATGGTCA-1,-6.2176833,0.015810145,-5.397213,1.427332,0.6471502,1.0218735,-0.113345645,-0.041434195,-0.95919895,2.253441,-0.59569293,1.4520502,0.088987075,-0.39444116,0.8245921,-0.3510056,-0.69269407,0.52457035,-2.4887946,-0.053624704,0.86416435,-0.82165635,-1.122471,-0.73294836,-3.0502322,-0.2787646,2.1014106,2.3107433,1.1161834,-1.8515604,1.2926704,-1.0258561,-0.89025193,1.7807477,0.67494154,-0.32517788,-1.699414,-1.1234319,-2.1519635,0.19159023,1.0740056,1.0104948,-3.2310863,-1.4051018,2.9156613,-0.45086452,1.5058182,0.728922,1.0947787,2.1559687
Normal_GTCACGGTCGATCCCT-1,-3.459985,0.35186803,0.22852285,1.7835038,-1.2529742,-0.5850722,0.3530675,0.30876267,-0.44180495,-0.12159143,1.7652092,-2.545833,-0.5354,0.38697645,-0.24056938,0.16406539,-0.41609934,0.12815294,-1.4441575,0.104878806,1.7940841,1.0564406,-0.64413524,0.40193,0.264791,-1.4200014,1.7255841,-0.113258705,0.32635403,0.9994061,-0.2507026,1.2781082,1.4378787,2.1101472,-0.29866946,-0.79687697,0.10517592,0.71850705,-0.095582016,-0.93618464,0.12276306,-2.448366,1.153798,-0.80480176,-0.7082727,1.1827446,0.899165,-0.65989876,1.2409538,-1.1303886
Normal_GTCATTTGTCTCAACA-1,-5.717767,2.78112,-5.379694,2.2812817,-1.2203385,0.2586421,0.6268447,1.1149467,1.1092718,2.0152206,0.58400345,2.4581907,-1.2883203,0.46485472,-1.4815251,-1.2195626,-0.38979894,2.1426973,-0.45870167,0.17586072,0.7631582,-0.7847055,0.2890088,0.5754387,-1.5706326,0.6052687,1.9453962,-0.6701247,0.1733248,-0.6178498,0.18662485,-1.6833291,1.3707818,1.7397197,-1.6583943,-0.9662258,1.6892986,0.8584585,0.21935718,0.74221754,-0.88059664,-1.0196844,1.6438127,1.0172355,-1.1471968,-0.6222229,3.2586882,1.2590771,0.56251454,-1.1467099
Normal_GTCCTCAGTCTAGCGC-1,-7.514116,-1.0968224,-6.001156,-3.09468,0.63388294,4.078872,-1.6893065,-3.1288626,-0.54947424,-0.5283773,-1.9422114,-10.051743,6.8731537,1.9313697,-5.407303,6.3618383,-1.1199046,-1.0860801,1.4337578,-1.9622046,-4.1504283,-0.9511663,4.6409,-2.1161883,1.5908906,-3.7892487,9.653955,-11.351857,3.366158,9.052456,-1.8301649,-0.02456472,8.670539,4.9819922,-10.103296,6.0375843,12.994845,7.55158,1.4006753,-0.081663184,0.5795493,1.6664999,16.397669,-2.296569,-3.2450998,-2.7815058,-17.06948,11.692424,2.6216986,0.02767775
Normal_GTCGGGTCAGGCAGTA-1,-6.308339,0.14089166,-5.1428046,1.4232309,0.6105772,-0.9108694,1.9967542,-0.61391765,-0.15914863,2.1844897,-1.4382278,2.2507343,-1.6533868,-0.760941,-0.6765929,-1.5204743,2.465697,0.81267434,1.3570338,0.3189069,-0.5441432,-0.6019106,-1.0649966,0.15390752,-1.6701721,2.3269842,-1.5639956,-2.0878422,-0.2543762,1.5816689,-1.0766178,0.03333408,-0.64317054,1.0606288,0.864594,0.10780598,0.11089485,0.79030883,-0.33199582,-1.6388677,-0.042487558,2.3513875,0.6826678,-1.8407012,0.13761885,-0.90774673,0.37959814,-1.053009,0.20281342,2.8344805
Normal_GTCGGGTGTTGCGTTA-1,-1.4313364,8.793686,-1.7716956,-2.0415373,4.26036,-2.7772353,-2.4694939,-1.5264142,2.8896537,-8.173112,0.0009662678,-5.0449104,-0.45690188,3.092795,-0.26331347,-4.3678017,-2.8172927,-1.758826,-0.02549482,-1.9707983,-0.24466954,2.1972609,-0.048513185,2.0557554,-1.7974917,0.72231305,2.0211585,1.6425505,-3.547273,-0.7472347,-4.0260487,1.3072932,0.020795925,-1.4396417,-0.054976106,-2.514949,1.6373243,2.1817346,-3.2811472,0.37410125,0.8360421,1.1119484,-0.11731993,-0.6542263,4.0837317,5.2596817,-3.164335,2.7267878,-1.7138892,0.20735174
Normal_GTCGTAAAGCTTTGGT-1,-7.0091166,-0.38581422,-7.07124,1.7696397,0.613478,0.19826016,0.8521694,0.9428484,-0.30273643,1.2817669,-0.5980996,4.9540095,-1.4708121,2.1947634,0.258241,-0.21960649,-0.77774096,1.303534,0.19740385,1.8794633,-1.8043824,-1.8290162,0.4486376,-2.148898,0.26779017,-1.4199716,0.14601217,0.23557572,1.7128903,-1.6595737,1.785433,-3.0347717,0.39015368,-1.065959,2.1335323,-3.4899316,-0.7699638,-0.5538003,-3.575611,1.506165,-0.107750185,3.714813,1.8380358,-0.4725402,-1.2734841,-0.42985016,0.7052659,0.82587504,2.638173,-0.045695208
Normal_GTCGTAAAGGGATACC-1,-1.4009615,-4.1161046,2.7344828,0.06110889,0.025577756,-5.0233135,-3.5460482,3.0806372,1.7607229,1.7914623,0.6289767,-1.5838335,-0.9690903,0.075927086,-1.3523266,0.009202476,-0.1744055,0.54063183,-0.9891502,0.53840816,1.3032461,-1.2319951,-1.4676033,0.7730812,0.45497286,-0.8194585,-0.62313646,-0.56909025,-0.12217171,1.5328137,-0.7498559,1.6809468,0.40470037,0.47974622,0.60159546,-0.38725793,1.5366834,0.4288015,-0.03011381,-0.44985977,0.3902282,0.08885387,0.23394586,-0.36793807,0.25371397,0.06294254,2.8494198,-1.1349307,0.5510916,-0.27729642
Normal_GTCGTAAAGTGCCATT-1,-7.527991,0.7634315,-4.067111,-0.6712592,0.8442406,4.188315,-1.4121922,-3.846638,1.9552317,0.9558999,-2.2837963,-2.782251,2.7075002,-1.711316,-4.2346873,3.3741884,2.337653,3.047065,4.8958774,3.893798,7.4815564,-7.1478367,1.1913987,-9.301504,1.5580268,10.670645,0.7898916,-6.1989875,9.323551,-0.46809518,5.8894734,-7.0999684,-11.731225,6.325276,-2.0762632,15.536953,1.6784608,-3.6264138,11.975641,10.225115,2.1149793,-0.96709216,-5.8222775,-11.429222,7.5221133,17.509535,-3.9925935,-0.578392,-3.1343362,-8.223945
Normal_GTCGTAATCTTCTGGC-1,-1.7242568,-1.9972119,-2.5862472,-3.0561805,1.9341187,2.1473854,-5.611491,-2.740393,1.2332578,5.3167863,11.841136,4.143704,1.0194213,-0.42296293,-4.482616,-2.0922382,0.76062125,3.4115374,0.8825396,-2.3167632,-4.4211254,0.45534068,-0.35831198,-2.0454311,0.91833043,-0.35718757,3.0127416,-1.1868318,-0.07348407,0.56763446,0.24330777,-0.7108482,-0.3490387,0.29159096,-0.43073398,0.8519826,-1.492634,-1.8468046,-0.25372064,-1.5810474,-0.8986321,-0.6257008,-0.708849,-0.3429798,0.97057766,1.7420238,0.032508697,-1.3604069,1.7124705,-0.51667243
Normal_GTCGTAATCTTGTCAT-1,-2.7614355,1.2127116,-3.1568356,-1.6340784,0.31778684,2.5107627,-3.8528638,0.292663,-0.6145958,3.2255883,5.1595917,1.5109153,0.61354226,0.17286816,-2.0985641,-0.41581944,-1.8726308,0.3435789,-2.3103952,-4.410687,-0.8364893,-1.712424,0.7676549,-0.38556275,0.86232907,3.052147,0.7311607,-3.2992918,-0.119939074,1.8316185,2.0042179,2.2470825,-2.1505942,-1.4869128,-0.4799878,-0.10978946,2.7061505,-2.028852,-0.68376046,1.2806143,-1.8567464,-2.9314244,-0.53990453,1.2231067,1.6256312,-2.3414476,0.94980925,0.80055624,1.4719553,-1.2915006
Normal_GTGCAGCAGATGAGAG-1,-4.5608244,-0.7128492,-3.8144164,2.5787022,-1.3459234,-0.2891508,2.1940563,1.8433785,-0.8232035,2.319483,-0.49727145,1.4698966,-1.4651853,0.02387403,1.4653449,-0.7420406,0.7380479,-1.8780354,-0.3253392,-1.0075092,-0.6603677,1.9186494,2.2783496,2.7423086,0.24674238,-0.82702875,0.08868744,-0.23048268,-0.2425472,-0.24140859,-1.5006368,-0.5850896,0.8730261,-1.8585806,-0.3171675,1.279779,1.1860834,-0.6875939,-0.03293729,0.5121443,0.9727208,-1.4938414,0.7201251,-0.86147755,-1.6301559,0.002739617,0.2954417,-0.075701684,0.19819622,-1.7482365
Normal_GTGCAGCAGTGGAGTC-1,-6.104802,2.2706873,-4.190906,0.6290296,0.03400829,-1.1473354,2.4168978,1.6839788,0.06338888,3.2399836,-0.6378944,3.4441009,-1.9301589,-1.4257394,-1.8700794,-0.5194076,-1.8982409,-0.50855035,1.701354,1.1360381,0.36878574,-0.25905502,-0.29096097,0.42535675,-1.1041559,0.26442394,0.49755067,-2.0346963,1.8220105,0.59650326,-1.2187778,-0.97633815,-1.8205538,1.4211191,3.821658,3.2395222,-1.4119117,-0.09039806,1.5107446,1.6825414,-2.7418382,-1.6421437,1.2550194,0.4701478,-0.07283363,-1.0736904,3.0485907,2.9521286,-0.1680097,1.0469345
Normal_GTGCATAAGAGAGCTC-1,-5.7437015,-0.085715674,-4.9639845,1.009348,-2.4217823,0.08866516,1.2435411,0.60229075,-1.5668944,1.3982319,0.1900792,1.1429006,0.6422,1.9643995,-0.23463812,0.21989946,0.4499774,-0.06502361,1.7709793,-2.2483442,1.3060035,-0.9269273,-0.5485702,1.2618598,0.023860822,1.9966896,0.72091615,1.2619389,-0.88146704,-1.9587826,0.31303433,2.925633,-0.9167454,-0.85838044,2.847164,-0.40354156,0.42185134,1.5553246,1.4580177,-1.7956523,-1.4078553,-0.26521882,1.3712873,0.23549378,-0.47552758,-1.2205527,1.5562947,-1.7946739,-0.1472709,-1.9516574
Normal_GTGCATAAGCTGCAAG-1,-3.5627544,7.078658,-0.855515,1.2838694,0.7135043,-4.929869,0.66992956,1.2602682,2.3409426,-3.2797515,1.6750569,-2.4662528,0.49769804,-0.53393465,-0.06537974,-2.5959566,-3.2128758,2.4625454,-0.269953,0.70072395,-1.0718124,0.32251135,0.20411634,0.95131326,0.9154864,-0.39377996,0.6653086,-1.9380493,-1.292118,0.4914776,-2.3649886,0.081746444,0.7857391,2.028731,-0.80105025,1.6582457,3.3478484,3.7288492,-0.74362046,-0.57122344,-0.49242377,1.0526606,-0.39935237,1.8524135,1.7637998,3.8969758,2.6283953,0.85554445,1.5185238,-0.78089255
Normal_GTGCATACAATAGCGG-1,-5.07185,-1.811711,-4.1496925,1.097215,0.6732456,-2.1682918,-0.5142775,-0.47070196,-1.1511496,0.23421331,-0.3262363,0.24218407,-1.1489273,0.2792166,-0.07213142,1.6703291,0.31957677,-1.1090429,1.1889176,0.07172425,0.5166969,-0.23680197,-0.69549936,-0.83594584,-0.67698187,-0.50334114,0.20990857,0.98400825,-2.066043,-0.94741946,-0.6153106,0.6173975,-0.52652633,1.3505644,1.1165614,-1.8479922,1.6697322,-0.09096299,1.6219788,-0.16308871,0.75158656,-0.38472065,-0.08973822,-0.10703977,0.19688135,1.8219106,-1.427312,-1.0695608,2.03705,0.9733043
Normal_GTGCGGTCACAAGACG-1,-5.116734,-1.1131711,-4.4814205,2.476584,-1.872675,-0.85002476,2.0638573,1.4828337,-0.5408743,2.9774535,-0.06796711,1.0325994,-0.86386055,0.68225837,0.7221927,0.6941805,0.6101301,0.36516982,-1.1951823,-0.40162954,0.23624128,0.41478157,0.4902795,-0.040463038,-0.18405835,0.87417686,-0.15616547,0.19354598,0.7423165,-0.38661903,0.24862382,-0.019299358,0.93667257,-0.37953594,0.56012815,-0.9336731,0.6750495,-1.0505853,-0.017693397,0.3284684,-0.9658505,-1.8435625,0.66335297,-0.3219001,-0.15456107,-0.846303,-0.32291028,1.3957845,-0.30751973,-1.323596
Normal_GTGCTTCCACGGACAA-1,-4.921246,0.4945198,-5.669834,-1.8963045,-0.62484896,1.1375207,-0.45978236,-0.9546151,0.57628644,3.3348825,0.74098694,1.5836284,1.9231594,0.708096,1.0453286,-0.082258336,0.20203167,0.55085313,-1.3116279,-0.68261933,-1.1543064,-1.4584976,0.71537304,-0.09405675,-1.2109426,2.3017185,4.107475,-2.439227,1.5465549,1.0475099,-0.96464163,0.122262105,0.9676713,1.3692591,1.5051221,-1.314519,0.36172032,-1.3075337,-0.25250274,-1.3970228,1.3011026,-3.170918,0.45653084,-1.8513689,1.7158821,-0.4120094,-1.0271108,-0.9111438,0.29608837,-0.07144386
Normal_GTGCTTCTCATCACCC-1,-3.890122,-3.5376725,-0.56435674,-0.09452044,1.1531212,-2.978581,-3.2177603,-1.5704505,-2.742386,0.62528557,0.50760126,-3.2448525,1.5457405,-0.30066615,-0.23827869,1.4995856,0.08004246,-1.6325008,0.64721316,-0.88061064,0.48229071,-0.43130636,1.789171,-0.66184443,-0.13104716,1.4524539,-1.8171384,-0.40650228,-1.5502683,2.3568952,1.7085881,0.55777246,-0.24309804,1.8635958,-3.9431918,1.2743261,2.7764819,1.3431492,0.9852209,-4.086679,0.93088394,-0.13608603,0.7604815,-2.34741,0.6079763,-1.7010859,-0.56507677,1.0271233,0.5491471,-2.4479797
Normal_GTGCTTCTCCCAACGG-1,-4.221228,-0.91793597,-2.1581855,1.4588549,-0.054096334,-0.17059736,1.9068116,-0.23944381,0.030941254,-0.12714629,-0.9313726,-0.24343124,-0.52154595,0.25407606,0.9143732,0.6413263,-0.028031737,-1.0268024,0.61331594,1.5450867,0.2693215,-0.8007692,-2.7258563,1.0502161,0.22676152,2.39171,-0.7293838,1.7793105,1.080775,-1.3452717,-0.4967313,-1.739106,-0.019464605,-0.4554219,-0.028759534,1.1526654,-0.35418403,0.18511234,1.3200449,-0.4626396,1.691906,-1.190945,0.6475318,-0.78743,-1.3979511,0.6943127,-0.7216649,-1.6929146,-0.07453489,-1.4235258
Normal_GTGGGTCCATGTAAGA-1,-2.0395048,-1.1663879,-1.6374127,0.81010544,-1.2529922,0.26758525,-0.36980113,0.2703757,-0.8321993,2.2990668,3.469337,1.5342658,0.101358645,0.6277314,2.400264,-1.5914415,0.69217056,-1.4688132,-1.6396127,-3.7162707,-1.596092,0.61273366,0.37381378,1.5688487,-0.15163916,1.100329,0.3310344,-0.32119712,-1.1267567,3.4190943,0.76184547,0.30325976,1.1358813,0.08688117,-0.656552,-0.72628546,2.5472248,-1.0561594,-0.381859,1.4847362,0.810986,-0.6901583,-1.8623731,0.2935876,0.07850916,-0.0018038203,1.1260614,0.25633565,1.5545763,-1.0674824
Normal_GTGTGCGAGGTGCTAG-1,-3.4178824,-2.8587122,-0.840837,1.3458859,0.43295798,-1.8868454,-0.027518667,-0.07084675,-3.1915011,-1.6904304,-1.040184,-1.8470327,1.6767904,1.57715,2.0088613,1.1641828,0.15562937,-1.5783257,-0.1880005,-1.4914856,-2.0421093,-1.0460707,3.7324572,1.8792659,1.5993813,-2.842383,-0.54802155,3.0772214,-1.9458823,0.38211274,1.602923,-0.47899163,-0.12901795,-0.32044002,1.00114,2.084785,2.440372,-0.9173709,-0.18441552,1.3002965,-1.1527793,-0.18369138,-1.6549557,-1.1490185,-0.7919106,0.3795165,-0.20736925,-1.450074,-0.411526,-1.7244936
Normal_GTGTGCGGTTACCAGT-1,-7.0336595,0.49209997,-5.503215,-0.37910706,-2.5012147,-0.0924596,2.0558126,0.93751746,1.4992555,1.9611412,1.9913827,2.1804745,-1.334948,-1.2667289,-2.155785,-0.23384666,-0.46409917,0.20306382,-1.7581927,0.7551844,0.0964681,-0.1487822,0.3272864,0.721004,1.2686661,0.60482055,-0.14179374,-2.4187424,-0.79793435,2.644078,-0.48736006,-0.83570004,-0.89030564,-0.25865525,1.695273,-1.9420784,0.66673356,2.169649,2.3594358,1.8255608,-0.4050658,0.22339119,-1.6006571,1.0249772,-0.3747041,-0.3965015,-1.8120975,-1.2384566,0.061542384,-2.7890317
Normal_GTTAAGCCACAGTCGC-1,-5.9781375,0.9314324,-5.7572556,2.4903011,-2.3608854,-0.87314767,1.7928078,1.1989661,-0.2546599,3.5947819,-0.7047525,1.9238799,-0.4857548,-1.8217677,-0.14835574,0.013381429,0.9480317,0.5091887,-0.0032521773,1.39823,-1.1642853,-0.18466863,-0.5206508,-1.5605679,-0.48171127,1.5665997,1.323176,-0.35005918,-1.2528373,-1.5419605,-1.0942898,-1.6756517,-0.8779419,-1.953946,-1.3467404,-1.5687627,-2.133992,1.5293658,0.8995128,-0.31768298,0.84246564,1.6476367,-0.37748957,0.21996742,2.6111357,-0.73471344,-1.0251821,-0.6452708,0.46900654,2.5845406
Normal_GTTACAGAGCACGCCT-1,-7.658391,-0.20489885,-5.322962,1.7730347,-0.44389963,0.47630543,-2.0504737,-0.13338096,-0.8819277,1.624121,0.39382318,-1.3279595,0.82174635,-0.1700685,0.56976616,1.2374296,-1.4251904,-0.89177936,0.00697979,-0.041678783,-0.08445817,0.9793186,0.5305008,-0.05918866,0.77860475,-0.68682307,-0.99372214,1.6731102,1.1165067,1.727821,-0.39089033,0.7895554,-0.23782948,2.8951201,0.73143965,-0.9125867,-1.9020834,-0.12539756,3.1474836,0.52259326,2.159591,0.78767663,-2.650309,-2.5610423,0.023337467,0.7628834,-0.48170048,-1.1707934,0.5921507,2.3694549
Normal_GTTACAGCACTCAGGC-1,-4.4882164,3.4019113,-4.3031654,2.3696833,0.4854315,-3.2757256,-0.004889051,1.9099073,2.1825376,-1.0139103,1.2007635,-0.379904,-1.3015592,0.5427694,0.26846388,-2.4760137,-2.1965377,-0.20752542,-2.6435976,-0.060359377,0.45390993,1.6965612,-0.23406948,0.43330202,0.027913284,-1.1857398,0.06409606,0.94924057,-1.7417978,-0.8315104,0.21779466,1.5241915,-0.6909979,-0.5551822,-1.8430792,-2.399466,-0.56599814,-0.7108425,-0.036428243,-0.16007324,0.18822952,-0.45995116,1.099436,0.9734688,0.71607304,1.7599059,0.7337821,0.8893587,-1.3620174,0.13113688
Normal_GTTACAGGTTGGAGGT-1,-4.222718,-0.22947195,-3.968198,2.23371,-1.5152155,-1.1218823,1.422527,1.6266228,0.20015755,1.1159279,-0.090003505,2.8922865,-1.5565412,0.29735553,-1.0119765,-0.2280361,0.28035828,1.152384,0.27868065,0.05547542,0.9600113,1.2696011,-0.41453385,1.046533,-1.1084048,0.4251756,-1.1882199,0.3207643,-0.69995177,0.6677153,1.6085716,-2.0745356,1.2203515,-0.34380808,-1.9230046,-0.50220126,0.3405517,-0.642854,-0.4379018,-0.96129143,-1.3453993,-0.5596055,-1.8624728,3.3407533,-0.30790797,0.15082388,-0.5215532,-1.2405902,-1.991006,0.41620663
Normal_GTTACAGTCAAAGACA-1,-2.803796,-5.259588,2.9964182,-2.5453956,1.3164176,-4.022867,-4.237255,0.84041154,-1.9109653,-0.57282853,-0.005722503,-0.6522508,-0.4795571,-0.33177945,-1.1769315,1.8430918,-1.1346104,0.037387326,0.91681004,-1.7264117,-0.89159054,0.8460434,0.4772266,1.837491,-0.8208799,1.0770403,-0.019306187,-2.0797553,0.005145203,0.33829767,-1.105444,0.032625712,-0.46738544,0.17910577,2.1908746,1.3672026,0.7391806,-0.107540615,0.345862,0.52069324,-0.40369716,2.004042,1.4452344,2.4489264,-0.3198223,-0.8990169,1.8077358,-0.75694305,-0.7090959,-2.2549877
Normal_GTTACAGTCGTAGGAG-1,-0.86886424,-4.450145,4.656915,0.10944086,-0.29790622,-5.656787,-3.0494907,3.7173595,1.5339382,1.7351148,-0.80230707,-2.0758965,-1.0019903,0.5789304,1.1025026,-0.6051414,0.88770676,0.31234714,-0.9786582,0.8294021,0.36295468,1.2903054,0.13881277,-0.005035619,-0.3585944,0.45639896,-0.8668579,1.6920831,0.66674095,-0.9510815,-1.1024224,0.78808564,-0.14658214,0.19062936,0.2549143,1.2401191,0.32567057,0.04125221,-0.9460486,1.2883215,-1.5182344,0.6939771,-0.27991343,1.0847349,0.6214056,-0.5555768,0.83841276,1.4077204,-1.034519,-0.4860008
Normal_GTTCATTAGAGTAATC-1,-5.395404,-0.36942312,-3.7378085,2.628418,-0.8316944,-0.8019297,1.6989536,0.5206237,-0.40824577,1.5899765,0.36499214,-0.35182777,-0.62091434,0.24339466,-0.3064967,1.7236181,0.1981462,0.18817341,0.83098686,-1.0646526,1.4606622,1.0256808,-0.84870285,-1.326615,1.4200026,-0.715671,1.3209566,1.706449,-0.26543108,-0.62361556,-0.3012895,-0.86878824,-0.17646721,1.1066878,1.1221566,-0.4167454,0.36571643,-2.2830222,-0.41753507,-0.025599742,0.60474616,-0.548935,-0.70061713,1.3651068,-0.11164079,-0.38050124,1.2519403,-0.5559068,0.09749592,0.5322262
Normal_GTTCGGGCACGTCTCT-1,-4.1282387,-6.8577757,2.0702221,-3.5328727,5.4928837,-5.565771,-3.9582825,-0.90152067,-4.0802593,-2.8741014,0.5706151,2.3337514,-1.2392068,-2.9454215,1.5716686,-1.744523,-2.1306744,-0.23313077,-0.29872164,-1.6770251,2.748219,1.0257808,-0.38358143,0.70988977,2.0698626,2.967216,-2.9899507,-0.5220641,-1.2276399,2.498716,-1.0358026,-2.017548,-0.67377245,-1.2066725,1.185949,2.4070897,-0.24402228,1.7866362,-2.6632555,-0.69273406,-1.2846547,-0.18908967,-0.1312961,0.23113048,-2.3085399,1.318927,-1.7854068,-1.6156275,0.82824016,-0.78536934
Normal_GTTCTCGAGATGCCTT-1,-6.032851,0.05635446,-5.4902635,1.5801696,-1.0297928,-0.6688031,0.2871426,1.1996214,-1.0669123,1.8937871,-0.9875111,1.5235499,-0.5336447,0.41666257,-1.362868,0.5905948,0.7908739,-2.1680832,1.9171221,1.2050492,1.8264858,0.68620616,0.018423457,0.9763229,0.082914434,1.0510412,0.7391933,-0.7453317,1.1764233,-1.3301746,-0.2043731,-0.031958748,1.0879297,1.9000981,-0.6054897,0.1654483,-2.3206956,-0.629025,-0.68440294,-1.5602626,-0.66739345,0.07253374,-0.9448871,1.09851,-0.2774012,-0.0102074025,1.3298413,-1.2236264,-0.025595391,1.2332771
Normal_GTTCTCGAGTGAATTG-1,-5.673355,-0.035395667,-4.458855,1.28502,0.7778603,-0.10259331,-0.6868964,-0.081566826,2.1061773,1.305631,1.0061533,-0.5693536,0.3978515,-0.36634412,-0.3477514,0.97152835,3.1612308,1.4122647,-2.6147575,-3.1177657,2.6995754,1.4357744,0.9311757,0.32168412,2.1083379,-3.440328,2.3726933,-0.7458724,0.44978803,1.2086767,-1.4423845,1.3340734,2.494556,1.6829001,-2.519409,1.4173821,0.6003726,-2.2856019,0.18111753,-3.6551263,6.3554087,1.6381615,-1.3772165,-0.3939182,-0.75108236,0.31024715,0.7919127,0.13581786,-1.1679698,1.2423507
Normal_GTTCTCGGTGCTCTTC-1,-4.8678236,1.1982214,-2.9245164,1.4056898,-1.3357552,-0.8421803,2.5605593,-0.6106964,0.73199886,-0.26980576,0.50543267,0.613588,-2.6425028,0.86763275,-1.3042579,0.35966533,0.871862,-1.4773724,0.13138717,-0.8937952,1.0626011,-0.54197997,-0.7077002,-0.3581629,-0.16416368,1.3576595,-0.19969994,-0.5420025,-1.5402718,-0.18021412,-1.6376225,0.9200144,1.9911064,0.119284526,2.679016,-0.5734385,1.4063873,-0.12672606,-1.419328,0.6847601,-0.85877174,0.020956662,0.26877075,-0.7650202,-1.8591919,0.33166662,0.006225026,-0.3984797,1.1288376,1.5972658
Normal_TAAGAGAAGTTTGCGT-1,-6.5167184,-2.9593122,-2.1918359,-1.0474766,1.5888302,0.24387889,-1.8835093,-1.7440438,-0.77818465,-0.76432383,-0.7996659,-2.0448809,2.288451,1.0036442,0.5511068,-0.7913833,4.036654,-1.3519822,0.8180016,2.3884473,0.08934875,-1.2494718,1.714009,1.7952865,-0.4327112,-0.43664637,0.8268966,-1.731809,-0.033689547,-0.1887849,-1.5377115,1.5674608,-1.0103407,1.5791129,-0.9669529,-1.0592277,0.9495453,0.7177843,0.549858,1.8226321,0.17448239,-1.6358573,1.0587627,-1.5685389,-0.7313383,1.0657493,2.512328,-0.33332795,-0.4289758,1.4625086
Normal_TAAGAGATCCGCGCAA-1,-0.15442291,-4.1668596,0.94903207,-1.1369857,1.9041016,-1.1421815,-5.350539,-0.96422917,-2.6457193,2.5404837,7.0029244,1.5165067,0.4990816,-1.0354141,-1.1480424,-1.4669579,-0.32644072,0.48605895,0.018378856,-2.7784925,-0.4625945,2.2337387,-1.5802737,-1.5336416,-0.50365126,1.0777123,-0.109689854,-1.2439202,0.8172421,1.2819113,-0.49687597,-0.89926636,-0.08764265,-1.0220373,0.07807532,0.7271427,0.25397024,0.041237343,-0.43174312,0.4828318,0.3079474,-0.44739404,0.63048303,-0.49740466,-0.026050892,-0.01639455,-0.9956804,-0.03171495,0.9348161,1.32572
Normal_TAAGCGTTCTGCAAGT-1,-6.646649,-1.5662951,-3.3820608,0.88832325,1.6996328,-0.49536607,-0.2875848,-2.667314,1.1921347,-3.9243126,-2.4942582,-4.6094446,1.5788896,6.249955,-0.111155614,2.6056848,-1.0318134,1.3277495,-3.32482,0.8025578,-2.0191786,0.40118277,0.55381864,-2.2085814,-0.10395123,-3.936277,-6.4483557,7.0793924,1.8367,-5.649606,-3.1027749,0.06362897,0.4850924,4.8174787,-1.5318068,0.83696806,1.7159215,2.9707515,-3.8598375,-1.9641463,3.9337776,-1.1149911,2.0206158,1.4554106,0.15458816,1.0537387,1.6497068,11.996323,2.2892544,5.611018
Normal_TAAGTGCTCCCTTGTG-1,-0.8544564,6.431367,1.0279671,1.864543,0.18116406,-3.64651,2.7042203,0.6155908,0.6281136,-4.379604,0.97264653,-0.87788016,-0.43138546,-0.657854,-1.3039552,-0.043946467,-0.601331,0.31700695,-0.82901907,-0.49370176,0.7663387,-1.0529363,0.005396941,-0.09532891,0.6105949,-0.03465724,0.41841438,0.55463487,-0.8288862,-1.1340171,-1.067094,0.26366773,0.43304333,0.18250857,-0.93512976,0.9903219,0.16288514,-1.1961141,1.4814833,0.26809803,0.33081102,0.026104111,0.60638636,-0.13025732,1.326706,-0.33037046,0.35621935,0.48015982,0.030920975,0.93338686
Normal_TACAGTGCATCTCCCA-1,-6.444363,-4.659142,-1.5049587,-0.36122683,-0.23384294,-0.31137744,-2.982402,-1.210805,-2.462688,0.016842429,-1.0887902,-1.2086517,1.4586694,0.55013454,-0.47607547,1.9126607,0.35989878,-0.48708862,-0.6417264,-0.518852,1.3946973,0.023223449,0.26637897,1.402131,-1.711885,0.607675,-0.7415388,-0.32638037,0.20107418,-1.8740277,1.722747,2.1061306,0.9380879,-0.38700023,-1.597515,1.6694447,1.1833277,0.14403778,1.5937109,-1.7611485,-1.3090006,0.11609436,0.55243,0.82720196,3.0464404,-0.28081688,0.54797107,-0.7145475,-0.99218273,0.6489072
Normal_TACCTATCAAATACAG-1,-2.9410126,3.8548133,-2.5179405,2.9335456,-1.4235818,-3.460342,2.367211,1.5519346,0.9435568,-0.046627954,0.8873155,0.94138813,-1.1470872,-0.7576679,-1.1465126,-0.8779311,1.0166323,1.7011707,-0.50572264,-0.54998046,1.9823033,1.3529054,0.2546265,1.6949687,5.12313,-1.0297023,3.6110618,1.6334654,5.9701037,-0.18236548,0.06693148,-1.87141,1.0991857,0.14648244,1.9571409,-1.1136066,1.1298907,0.004239581,-3.5213892,-4.5376134,3.7451122,1.7577102,0.83080256,1.8179306,-1.2224629,-2.9708035,4.9951873,2.1379976,-2.5920007,-4.1280923
Normal_TACCTATTCACAATGC-1,-5.79028,2.992667,-6.1082253,0.37166315,-0.1964982,0.9930464,0.9688891,0.5748196,3.556662,0.97303617,0.29450166,-0.70826495,-0.11077138,-0.5838467,0.18625435,-2.84825,-0.23014295,-0.56634295,0.64676064,-0.78902835,2.2982502,0.73034817,-0.2561201,2.4250307,0.29721883,-1.804284,0.3283741,-3.628278,1.6315273,-0.3282087,-0.05960639,-0.7396835,0.7412178,1.1343073,-0.16790472,2.3627183,-0.33863553,-0.41878155,1.3574246,-1.53288,-0.23545763,0.40650055,0.7537542,2.5400565,0.05593163,-0.056639723,0.2963981,0.34593675,0.73038775,-0.8675893
Normal_TACCTTAGTCTCTTTA-1,-2.6711376,7.5933185,-4.5404253,0.5853592,0.03235129,-4.470116,-1.3174403,1.2294948,3.779611,-5.392857,2.103477,-2.4285965,0.04435468,-0.47641498,-0.48741797,-0.8508246,0.59052217,0.14774977,0.10626954,1.6048566,-1.8255157,2.4108834,1.1905346,0.64919764,-0.08309364,-1.0001259,-1.3043666,4.494352,-0.4432847,1.8837795,2.680582,-1.6221603,1.0537901,0.13380393,-3.4658818,-1.8047944,2.5747635,0.41089714,-1.6175658,1.5569338,-2.7808542,0.5889946,1.6421403,2.4139683,-0.80000293,-2.5652122,-1.3583446,1.4529629,-0.71708894,1.4271493
Normal_TACCTTAGTGTTTGGT-1,-7.0957966,2.2896247,-6.307405,0.69955415,0.10050092,3.9091792,2.4334412,1.7195302,4.3755007,3.8576407,-2.2004676,5.62312,2.7756944,-0.56636924,-3.370149,-1.4748344,1.0008533,0.5668745,1.0243206,1.5519613,1.3871818,0.5815278,-1.6496853,-0.3904112,2.804494,2.5215046,-0.6214341,-2.2194898,0.10868557,-0.60248965,0.2956266,-0.39618185,-3.4142838,-1.7635148,-0.4644596,-2.5495749,-0.2151266,1.5281466,-0.7949852,-1.2594801,-0.5591449,-4.0873504,2.448511,0.52467394,0.568569,-2.0431473,1.8267038,2.078972,-2.7281744,-2.0551527
Normal_TACGGGCAGTAGGCCA-1,-6.096386,-5.2391095,-2.1982527,-3.655193,2.4932523,-2.3640783,-3.1731586,-2.9154716,-2.6753843,-0.45315132,-0.82907325,-0.29097936,-0.13026378,-0.272762,-0.042004306,3.2490954,-0.09850416,-0.44461602,0.5590961,0.6230785,1.0143986,-0.36583984,-0.30345446,-0.6930915,-0.14257422,-1.7264612,-2.3151958,-0.93855655,1.460911,-0.73690844,3.1933384,2.8355243,-0.3885658,2.7688777,-3.174196,0.20927158,0.80122215,0.97727364,2.7736154,-1.5679188,1.0280136,1.4765577,1.893019,-4.001602,2.6683488,1.1120533,1.9540018,1.9887987,2.3849301,0.75317323
Normal_TACGGGCCATGGTCAT-1,-3.1734176,13.920118,-3.8432212,-1.4529085,3.1187696,-1.8214107,-2.5547848,-0.04658446,1.5429304,-0.4236737,-0.2962843,1.3011216,-3.0441015,0.42197368,-1.4699886,-2.1133578,-2.2399333,2.5375128,0.61737424,0.3496635,0.80964947,1.0281718,-1.4589394,0.08229801,1.8535597,0.5876117,-2.1129596,-1.0307095,-3.050831,0.015278552,0.025474997,0.64884233,-4.090433,-1.0624979,-1.5004945,0.22068222,-1.1086302,-1.1821364,-0.061145756,0.47735173,-0.69377565,-2.8437603,1.296963,-0.700442,0.6433793,-0.85702807,1.2345031,-0.79662704,-2.6297767,1.1827028
Normal_TACGGGCGTAAGGATT-1,-5.351341,3.073096,-3.731403,2.0453453,0.40821204,-0.7474356,1.6087463,0.8502389,2.072173,-0.48333216,1.1584227,0.9337298,-2.0473828,0.46218964,-1.3414816,-1.1223665,-2.088052,-0.38328272,-0.6697377,-0.7770596,1.1316513,-0.07029566,-0.68465894,-0.14711568,-0.602241,-1.7420229,-0.40294075,-0.67192626,0.8212072,-0.5499832,-1.8745042,-0.5669592,0.8945727,0.44083196,-0.41521963,-0.40116775,0.43455243,-1.9150817,1.4162022,-0.8699009,-1.6114513,0.29671368,0.10225906,0.32113296,-0.15418003,-1.0465184,-0.34912685,0.017717363,1.9590001,-0.0718551
Normal_TACGGTAAGTGGTCCC-1,-7.6230993,-0.42340037,-7.0587,1.7249821,-2.5011902,2.6134381,0.86680263,3.284631,0.7169028,1.815798,-0.7690453,2.7332664,-1.5293555,-1.1684011,0.41691673,-0.5697047,2.5820312,-1.4414015,1.6501505,-1.0398345,-1.770864,0.4706573,-1.2358576,-0.80222934,0.3783565,0.53949696,-1.8279674,-0.7162742,-0.05544232,0.88861966,0.37894788,-0.98991746,-0.22195743,-1.2214376,-0.08872465,0.5049488,-1.579712,0.6100507,-4.2458053,3.231373,-1.9686396,1.9552314,1.1754857,1.2880217,-0.6551481,-1.8684174,-0.5180357,0.04197052,-0.48315385,0.38407978
Normal_TACGGTACAAGCCGTC-1,-5.6963396,2.113174,-2.5892043,1.502766,-0.5685757,-2.887664,-1.2804104,1.930609,-0.2596153,-0.77737516,0.27308777,-0.98733836,-1.6354545,-0.052233655,1.6554875,1.9371563,-0.769269,1.1522263,-1.2936301,0.045087937,-0.4764251,0.29734704,-2.344418,-0.21232145,0.27867702,-0.3398173,-1.3787869,1.3059653,-0.8117972,-0.8564834,-1.3305869,-0.6122862,0.49837133,1.1213961,0.024277657,-1.1861272,0.13885835,-0.0036850113,0.054834463,1.217953,0.45122623,-1.8444436,-0.9347617,1.2407918,-0.37306613,-1.493063,-2.4221668,0.0907891,0.06642298,0.99228483
Normal_TACGGTATCCGTTGCT-1,-3.0816581,-2.5381896,-0.9257908,-0.15561658,-0.23388703,-1.4929136,-2.9257681,0.16240671,-1.773327,-0.30104363,2.6734688,-2.315942,-0.47938535,-0.57328373,1.8204033,0.9689649,1.5536547,1.5885692,-2.9221563,-0.9136447,-0.3869717,-0.643803,-1.2506787,0.3527131,0.44238478,-0.71226656,-0.23761019,1.4743664,0.11014636,-0.34301493,1.2037903,1.6953259,1.2518859,0.8585556,0.12210562,-1.6714092,-0.03308732,-0.11237319,0.9976433,-2.33451,-1.6072772,-1.6973941,0.62262404,-0.53421414,-0.085653834,1.4500111,1.8341261,0.68486327,-0.9293782,-1.393799
Normal_TACGGTATCGCGTAGC-1,-5.440908,-0.90238696,-3.8116229,1.1354532,0.55373544,-0.7107554,-2.3500116,1.3919395,1.4975626,-0.3409014,0.30618337,0.43753293,-1.8792709,-0.90033424,1.7005769,0.22876637,-0.87177247,0.77970153,-0.05433408,3.025381,-0.86367077,-0.4892927,1.1614431,-2.1111,1.4082665,-1.4026606,-0.9977145,0.30659568,-0.059270862,-0.6230027,-1.4120567,0.40226898,-1.036201,0.4749805,-0.29187715,-1.8037999,-0.57595843,-2.2682638,1.8029441,1.2005243,3.7597692,-0.48134863,-2.520811,-2.047569,-1.2082533,1.4122674,-0.652955,0.6567408,1.800973,1.2757452
Normal_TACGGTATCTATCCTA-1,-7.390663,1.6250694,-7.993319,1.6871488,-0.7805494,1.9044248,1.5948149,1.8750368,2.764521,2.310554,-0.6240443,0.91675997,0.52462095,-1.5807382,-2.0949023,-0.14697136,0.5877048,-0.34451765,0.68744,0.18726239,-0.21708718,0.9978701,-0.07228362,-0.30840567,1.2426069,2.7856205,-1.7102064,1.2785186,4.167672,1.3507743,-1.170747,-2.4985437,-0.763986,-2.2218757,-1.4425025,0.96484506,-0.47388232,0.96220726,-1.1737518,-0.99060637,-1.648272,1.2093991,1.904576,1.4775164,0.57924634,0.585273,-2.9573417,2.6951687,-0.21872811,1.65219
Normal_TACTCATAGATCCCAT-1,-6.679099,-2.1591313,-6.0343676,0.47601888,0.14669687,-0.35063723,-1.7026049,0.076296285,-1.4113905,0.6211748,-0.52944416,2.205842,-0.44141158,-0.47467765,-1.4653918,2.568906,-0.40098956,3.5718694,2.0116117,0.6068202,-0.30146933,-0.53363675,0.20657356,-1.3688161,2.022747,-0.115712956,0.05079517,0.8915535,0.87811804,0.29625517,1.5674586,0.5648489,-0.6565864,0.7894757,1.5235002,2.158158,0.63083655,-0.4993283,-0.42968833,0.4678205,-0.8710128,2.960478,-0.41879767,-0.9023167,-0.53009826,0.35146028,3.071165,-0.7503766,3.151103,-0.32487386
Normal_TACTCATGTGTCAATC-1,-8.045621,-0.56377673,-4.8287673,-0.31670365,-0.17316161,2.864468,1.7794513,-1.4060742,-1.1278341,1.3053344,-1.3854413,2.56522,-0.4628024,2.2044806,-0.19973238,3.2748585,0.123286635,-1.7977082,1.7599368,-0.9329235,1.8619215,0.8097299,-0.50614864,-3.0521076,0.7280219,0.7907491,0.75584024,2.6155274,-0.07475424,-0.64823794,0.7327746,-1.1438425,1.0417136,-1.4222231,2.4549916,-1.4090405,-0.05667874,1.6008803,3.2870562,-2.7413688,-1.6006182,0.7606166,2.128494,2.6357243,-0.99612176,-0.02083867,-1.0886698,-2.3067887,-3.525892,-0.79572195
Normal_TACTCATGTTAGTGGG-1,-6.6794343,2.3185163,-3.611026,1.5503726,-0.88776535,0.9066614,-0.19455695,0.023608468,1.1294066,-1.3163332,0.9007857,-1.3658245,-0.5505333,0.80032295,1.2157354,0.2736591,-0.20850405,-0.6225755,-0.289212,0.11529673,0.04204055,0.6122272,-1.8742912,-1.174575,0.14535049,0.519207,2.7243726,-1.6344595,-0.9992595,-1.739424,0.005138992,-0.4273552,0.6365189,-0.41116464,0.032356273,-2.5448048,-1.4011523,1.0964389,-1.480802,-0.28918505,0.66152775,1.5263243,0.8587461,0.08129674,-0.6286181,1.541276,-0.16052005,0.16701096,0.30457217,2.586447
Normal_TACTTACAGCTGTTCA-1,-4.866807,3.90743,-5.121574,1.8103412,-2.0946767,-0.22054744,2.0862167,1.0664681,0.870536,-0.18085212,-0.19636627,1.3474628,-1.8617225,0.4950253,0.042249057,-1.6146694,-2.2940633,2.0271778,-0.79260063,0.63744074,-0.46071988,-1.2125975,1.2005786,-0.6993489,1.2844447,-0.4794585,2.337337,-1.1363479,0.6483669,0.15649708,0.4878715,-1.663722,0.2178618,-0.2500664,2.7624338,-0.291154,0.75330245,-0.80401194,-1.263869,-1.566526,-0.008065818,-1.3137448,-0.073271655,0.44561273,-2.5260596,-0.8830543,1.2043022,0.081958644,-0.57259256,0.030751424
Normal_TACTTACAGTACTTGC-1,-5.757435,2.9038427,-3.5390227,0.8473069,-0.57787704,-1.5973836,-1.0149709,0.93440807,3.6297052,-2.197318,1.3746504,-1.6436918,-4.024211,-1.0244486,-1.8338951,0.71558416,-1.1930702,0.9795065,-1.024726,0.16178301,1.0545157,-1.9613526,-2.1624308,1.5561987,1.7546496,-0.7668654,-0.952581,-0.7350969,-1.7936555,-0.57603544,0.7547256,-0.6914136,1.1666135,0.5297176,1.2806684,0.14900711,-1.2536391,-3.218775,-0.862324,0.56774116,-0.43747282,1.0819668,-1.6874198,0.28345594,1.8380634,-2.758543,-2.666931,1.8562204,1.107284,0.2129456
Normal_TACTTACCAGACGCTC-1,-2.1443927,13.410477,-1.515117,-1.4945283,2.8110008,-4.9861703,-1.6265455,-0.0124101015,-1.1701354,1.9172189,-1.7272592,-0.7484277,-3.4380927,-0.6580043,1.3472083,-1.1323677,-0.25349066,0.20998102,0.95191395,1.5259947,0.6923876,2.093809,-0.38092566,0.5804469,-3.4933898,0.5978824,-1.844619,-0.8628172,-0.81161827,-1.2321138,-0.2603053,1.0142901,1.2267764,-1.4112345,0.30430964,-3.7323325,-2.219812,-1.5635669,-2.8528519,-0.09274969,-0.5974841,0.40232563,0.377268,0.6951,-4.456107,2.3430493,-1.0951457,1.3309686,-0.5152221,3.0095575
Normal_TACTTACTCATTATCC-1,-4.727077,-4.365094,1.6125039,-1.7712663,1.171916,-3.2381861,-5.278073,2.4193852,2.8015482,-0.3296114,-0.013135461,-1.583395,-0.899832,2.8487616,1.0183376,-0.7674177,-0.238298,0.8071638,2.0107336,-0.07620129,-0.91856307,-1.0410672,-0.08684735,0.6005172,3.2126892,-1.8536193,-1.6009614,0.54372823,0.579925,-0.7584227,-1.1805383,0.13565657,0.06933232,0.99664575,0.16387625,0.28685772,1.1570753,-2.1051223,-0.878709,-0.24569413,1.6872488,0.45715755,-1.4815494,3.3962345,-1.217088,-2.1398184,1.40014,0.34526187,-1.9193044,-1.162651
Normal_TACTTACTCGCTTAGA-1,-4.249257,-2.8920498,-1.1590748,0.62086123,0.2894116,-3.3984127,-1.5549785,-0.30315724,-1.1279085,1.0400412,0.68438303,-1.2831309,-0.21821478,-0.6499867,-0.7776118,0.7281755,0.22749536,0.4102993,-0.7109345,0.036237966,1.9646271,-0.05596536,0.30511865,-0.17017184,-1.3245316,1.1003888,1.1967174,0.6287935,-0.2334832,-1.4484854,1.1024289,3.5882676,1.0735655,-0.8017505,-2.533933,0.8802285,0.6728583,-0.8914757,1.7872771,-1.0086191,1.0616481,-2.3122375,0.020101754,2.1159916,0.24645434,0.9400513,-1.0147687,-0.13688499,0.026908431,-0.6152431
Normal_TACTTGTGTTAAAGAC-1,-2.805145,-2.7872953,1.4154556,-0.32795772,0.85014457,-2.6259854,-2.543016,0.6695433,0.44731906,-0.3987632,1.0364383,-2.0426433,-0.83410305,-0.4983731,-0.26712653,1.2961413,0.96049213,0.34566092,-0.7698995,2.3892512,0.2100389,0.5076636,-1.8562105,0.6681043,0.23417473,0.6673797,-0.32192692,0.65107965,-0.082464725,-0.6843124,-1.3897992,-1.5710827,2.4305482,-0.9334844,1.43703,0.70200247,1.1587225,0.20737496,-0.27545318,0.1525123,1.9928479,0.9514148,-0.67500913,0.74532926,0.032912463,-1.145386,0.96160495,-0.39209482,-0.94754684,-2.1092057
Normal_TAGACCATCCAGATCA-1,-5.1297855,3.005138,-2.7500975,1.4885023,0.03744087,1.3489785,-0.24274498,1.4404556,3.7559626,-1.5753472,-0.43335253,1.3557864,-1.5310193,-1.0539014,-0.29345238,-2.9436681,-1.521866,-1.2361504,-1.2294974,1.6271067,-2.0050464,1.003745,-1.1552854,-0.74696976,-0.23763193,-1.2394539,1.384646,-1.8151282,-2.289703,-0.9158818,-1.7977167,-1.4655505,0.025178228,-1.3927819,-1.8160669,0.46657357,0.9636385,-1.1601577,-1.5831205,0.8317403,-0.19774078,-1.9147902,-1.2801557,1.5010058,2.1422648,-1.1577355,0.85542,0.29543197,-0.71241784,0.51284033
Normal_TAGACCATCTGGTGTA-1,-6.6517005,-1.8034602,-3.7183235,0.7886294,0.4888589,1.0045053,-0.55977196,-1.7285439,-3.1418502,1.0185941,-0.9453101,-0.90476465,2.7825058,0.651045,-0.32365257,2.3223953,1.4857923,-1.1187063,-0.27882645,-0.7238253,0.7542273,-0.1845529,0.9857339,-0.088310406,0.56773484,0.61127096,1.1028887,0.6553797,1.7366053,-2.9291375,-0.48899114,-1.362074,3.0027092,1.5728627,-2.9124472,1.1731122,1.1892045,0.49911913,1.8705674,-1.6204226,1.7735347,3.315373,2.0728304,1.057751,2.561819,-0.83600694,1.1350799,1.149031,-1.9244074,0.29024246
Normal_TAGGCATCAGCTGTGC-1,-2.8281515,-4.3629885,0.079843484,-2.3523834,1.0686687,-2.9737167,-4.341805,-0.08598193,-1.1006927,-0.15895769,1.8517423,-1.3711423,0.51850885,1.0914006,-0.575741,-0.07856599,1.2669673,0.9977816,0.092464015,0.77950937,-0.14308979,-0.6279592,0.10062111,1.4694128,1.2272952,-0.15975934,-0.016099434,-0.9133039,-1.5053043,-1.2366772,-1.4478581,-1.0741799,-0.3041803,2.5788245,0.88135225,1.8124444,-0.23747833,-1.0755726,0.5048784,3.469319,0.0032301638,-2.5739312,-1.0409895,-0.27971768,1.8562667,0.12724598,-0.14052607,-0.20860972,-2.208354,-2.3359551
Normal_TAGTTGGAGAGTAATC-1,-4.0205765,-1.9039398,-0.22770765,0.6089781,-0.1758307,-1.3913586,-2.2639809,-0.6201883,-0.63782173,-0.82206315,1.8100319,-2.2622924,0.9231536,-0.27162105,0.67234045,0.6265189,0.6248229,-0.5071686,-0.5221143,-0.06129238,0.15048489,1.4916153,-1.5612836,0.7151393,1.1654603,-0.58922786,-1.8652624,0.60217017,1.1646563,-0.83109164,-0.96373373,0.24078718,-0.6203946,0.49567047,0.59263927,-1.1811075,0.89245236,0.75729614,-0.1497223,0.08560902,0.6604934,1.0980483,-1.3929701,-0.021777317,-0.48740909,-0.44633645,0.61611164,-0.48312795,-1.1691093,0.25486773
Normal_TAGTTGGAGCTAAGAT-1,-13.386343,5.8287516,-11.999588,-4.252488,1.3010808,13.753918,-6.0833073,-6.6071887,9.292933,3.9374719,-8.381803,1.3006558,5.9517536,2.9126468,-25.621717,10.039258,-25.631214,16.673306,-41.580868,-4.776199,-6.335776,-17.81233,-6.017535,12.095815,-2.2113616,-9.092236,-9.345457,13.994013,6.7639327,-1.6649723,6.0526056,4.319987,-5.229247,-1.2115734,-0.76881164,6.726131,-0.4158075,4.0212584,-1.6605549,-1.2231213,-2.2870226,-0.48621878,0.8559381,-2.639085,4.1249733,3.7832663,3.6514642,-3.2185278,-3.740128,4.186966
Normal_TAGTTGGCACCAGCAC-1,-1.233143,-3.3663063,2.4931493,1.2756494,0.21549778,-3.9321992,-2.3117375,-0.3703367,-1.320721,1.1932399,0.40875542,-2.439709,0.38223994,-3.1954699,-1.195532,2.2331862,-0.40389398,0.21752772,1.4063404,1.2872231,0.11818537,0.7437823,-0.28912264,0.87868166,-1.188218,0.1849626,-1.4469646,-1.343924,1.2941865,-0.42676404,-2.6717796,-0.69878316,-0.70342433,-0.41637695,0.9288891,-0.22232959,-0.042048056,-0.52579397,0.031163493,-0.40067253,1.5867695,-2.5556316,-0.009349446,0.9950939,-0.774217,1.4359261,2.1138442,-1.5502676,0.8274754,0.16851942
Normal_TAGTTGGCACTGTGTA-1,-6.876075,-2.8406417,-5.8039713,0.19262475,0.42800874,0.20710957,-0.48454466,-0.2869911,-0.13405539,0.6121941,-0.8584531,-0.6046114,0.114760354,0.018212115,1.4467076,0.24630131,3.013483,0.32809547,0.26959923,-1.492546,-1.2269648,1.3931255,1.2673295,-0.1212105,1.1916386,-1.532116,-1.032979,-0.8964989,-1.9012588,-0.277672,1.1741806,0.32372582,-1.9944142,-1.1885027,-0.90107965,-3.7096496,0.14201097,-0.6422841,2.3990276,0.3034014,-2.0820475,-0.4614467,-0.37509984,-0.9741856,-0.39757589,-0.38212484,-0.66366774,-0.63933796,-1.0287911,0.6208007
Normal_TAGTTGGGTTAAAGTG-1,-9.315533,-3.2720518,-5.677384,-1.0967113,2.309106,1.361814,-0.5034896,-1.1400149,-0.67422956,-0.4837351,-0.85791427,-0.90177673,1.0640514,1.2396034,-1.7430784,4.921392,-1.6311065,1.606457,3.5983343,4.4178247,0.9851085,-1.4317713,-0.58735895,-2.6563718,4.0955577,-2.873875,0.97466516,2.5771737,1.8198745,-6.8311076,-0.8677469,0.47179246,-2.897549,-0.8073993,1.4528182,3.6832166,0.0050744056,-1.8106848,-0.4156941,3.7963305,4.9391384,3.9774313,1.6337963,-2.2460303,-1.4807873,-7.968147,2.1904058,-4.655273,-0.0064359694,2.841069
Normal_TAGTTGGTCTCTAGGA-1,-4.612334,0.97662526,-2.301766,3.1597219,-1.5834525,-1.2785724,1.4017719,0.61126405,0.9790586,1.3491172,0.6671613,0.57276297,-0.5945955,-0.17317352,-0.2188469,-0.42833713,-1.2812464,-0.3345039,-1.6666838,0.42680052,-0.18341213,1.3248413,0.6272793,-0.6889667,0.4908383,-0.23019446,0.8303188,-0.41734338,-1.0925417,0.97594965,-1.1308335,-1.3978287,1.0587819,-0.863322,0.8330837,-0.108128935,-0.047111038,-0.36223045,0.55533105,-0.5384856,0.6284968,0.5945549,-0.51715326,-0.91516864,-0.8139463,0.048634242,-1.1451389,0.97494256,0.30374548,-0.39800683
Normal_TATCAGGAGCCCTAAT-1,-6.2291555,2.5847633,-4.400978,2.6605272,-0.29575232,-0.57194114,2.0654948,-0.095584124,-0.84832627,0.51149845,-0.30814117,-1.5303419,1.0591346,-0.6372738,-0.9583577,0.5240665,0.38732332,-2.15688,1.4813759,1.7075591,1.1906482,0.5026016,0.85789186,-0.6293748,-0.3546841,-1.1903244,3.5049007,-0.8592972,0.038944226,-1.1475906,-0.17342144,-0.15250501,2.4498985,-0.57580686,1.4523113,-0.18446942,-3.639288,-2.6348903,-0.47978508,-1.5139596,0.16721305,3.3448668,-1.1182497,-2.144945,-0.23454943,1.1449391,0.04026511,-2.3774192,0.7073777,-1.0804499
Normal_TATCAGGGTCTAGTCA-1,-5.3222713,-0.93576694,-2.8505557,-1.6528791,1.3412932,0.39596295,-3.4153094,-0.2680413,0.7641188,-2.1701033,1.636699,0.5284715,-0.50236917,1.9921948,3.5597,-1.3955786,0.0006423447,-0.35287142,-0.44188705,3.4522903,-1.9272318,-0.46925962,1.80912,0.9080074,-1.9236543,-0.838751,-2.241296,1.3944131,-2.1864357,-0.85018235,2.3072493,3.5326421,-1.6099524,-0.07182188,-2.3759973,-0.23837827,-0.33366147,-0.11871552,0.25490156,0.42965615,3.2205057,2.9541016,0.18914106,0.09848248,-0.1943529,-2.3267715,2.4669845,0.42759144,-1.6004165,-0.47948107
Normal_TATCAGGGTGCAACTT-1,-1.7789494,5.8898296,-3.0246952,2.9266608,-0.2629882,-4.947535,1.4499953,1.4648865,-1.4323274,-2.7660632,0.813798,-1.6763563,-0.67925936,0.2761489,-1.1901766,-0.49641502,-1.532573,0.15862636,-0.62932265,0.24528353,-0.3768024,0.5758083,0.6020723,0.15242265,-1.2324129,0.8074855,1.3260223,1.9834691,-0.5666995,-0.12750345,0.53511786,-0.6072035,0.40092328,0.42761445,-0.3634593,-0.6678237,0.07281446,1.7643814,1.1048694,0.3449355,-0.7739029,0.05585977,1.3856523,-0.69097567,-0.27604267,-1.5702355,-1.6043249,-1.7857368,-1.4304799,1.0460485
Normal_TATCAGGTCTCCTATA-1,-5.5999007,9.333563,-1.1029503,0.49174765,1.4073513,-2.6034558,2.5936437,0.13096622,1.9184245,-3.2308226,0.16764307,-0.35966402,-1.7058461,-0.95487136,-1.0827795,-2.0016272,-0.8208197,2.2824497,-0.33958876,0.71216756,2.2229757,1.5709051,-0.25794712,-1.3037415,1.5853046,0.7509135,-1.3250017,-3.400679,-2.4306855,-1.2869489,0.080766216,1.3587064,-0.010768201,-0.012593145,-2.876906,-1.9771955,-0.47327122,3.6828794,0.9313323,-0.44376278,-1.7071072,0.20667712,1.4623961,0.13446596,-0.7526289,1.2919552,-1.3506806,-3.9071076,-4.10712,2.046264
Normal_TATCTCACAAGTAGTA-1,-5.8749857,-0.49877626,-3.6041112,1.0151905,1.3656268,-0.790424,-1.6514529,-1.5116694,-0.63794833,-0.9407809,-1.0927173,-2.0296764,0.9350661,0.7410412,-1.1298627,1.3027014,-3.0357609,1.802754,2.5479178,-0.087760076,4.220972,0.72503144,-0.5669403,-6.419499,-0.12063427,0.876812,0.59050184,0.11208256,2.3505368,-3.2703485,-0.12326056,1.6596076,1.8500425,-0.59828293,2.095939,0.6401957,-2.6799679,-0.5672785,1.0226448,-0.47342166,2.8380618,1.2203616,-1.9895773,1.0081677,-1.8658146,0.38350207,1.0022031,0.98143166,-1.0247198,-0.54828715
Normal_TATCTCACAGAGCCAA-1,-0.5343417,-2.4600291,1.9629291,0.10778726,-0.29577026,-2.9940755,-3.6561697,2.4832075,0.77194077,2.0806944,1.9297109,-1.061117,-0.20626602,0.63926595,-0.2178971,-0.41373417,-0.30503055,0.5699625,-1.8156571,-0.39253572,-0.45021716,-1.0115541,-1.2252637,-0.03869403,1.5315275,-0.039119277,0.0155569315,-1.941217,0.16012298,1.5455959,-0.5829802,0.54494613,-0.44315177,-0.21486102,1.128364,0.38540888,-0.87345797,-1.3634412,0.3417225,1.419529,1.9508821,0.5004194,-1.2846498,1.0157814,0.48964372,-0.13186662,-0.40913203,0.8273203,-1.0919,-0.32197765
Normal_TATCTCAGTCTTCAAG-1,-6.2583647,13.199061,-5.571051,-1.0332907,2.3100555,-1.3233333,-1.4728638,0.8189389,3.8089545,-2.631625,-1.015711,-0.8410786,-4.1765437,2.950002,1.1402891,-4.1841125,-0.14886613,0.016879572,1.8289379,-0.9449842,-0.890414,2.336821,-0.4090082,0.15351106,-0.4295262,-0.032696024,0.7624705,-1.9321808,-3.08308,-0.3503612,-1.3525603,3.2714078,-4.0746007,1.2406892,1.686876,0.22188067,-0.5134202,2.6695237,1.8565816,-1.9856727,-0.90747327,-1.4178166,3.0970147,2.8292346,1.8686604,0.31115493,-0.8164813,-0.34845337,-2.1497054,-2.4133182
Normal_TATGCCCGTCCTCTTG-1,-7.6738744,1.8424008,-5.781553,3.2911255,-2.676476,2.3270648,2.9910727,0.26442313,0.20932311,2.014149,-0.47859195,2.2147279,-1.2727175,0.15719701,0.29391682,0.37610254,-0.940707,0.68727773,-0.50882334,-1.5350567,-0.017747352,-1.0339655,0.56164056,-0.82832736,-0.43858013,0.38391224,-2.1209722,-1.5920432,1.5150921,0.19623815,1.8914557,-2.392072,-1.6488892,0.14269695,-0.2918349,0.8441113,-0.08852553,0.025552534,0.85941416,-1.0815321,-1.228864,-2.0009,-2.2918887,0.3842248,-0.7598832,0.9615647,-1.3074964,-0.92950547,0.6717425,0.39376554
Normal_TATGCCCGTCGAACAG-1,-6.2458963,-1.8756384,-2.4098048,1.4870921,-0.466334,-0.93381304,-1.7788689,-0.5903773,-0.5525391,0.26448828,0.61249274,-1.4447871,-0.6644042,0.41535223,0.046333168,1.8630061,0.9101376,-1.0276058,-0.9702393,-0.970637,1.3878381,-0.38055918,-2.373904,-1.207777,0.17623189,-0.6404861,0.170581,-1.2502334,-0.2770725,1.5208883,0.27076674,0.59760386,1.9427257,1.6296788,-2.0168295,0.8959689,1.5493029,0.6803562,0.120520726,-0.06751442,0.19100758,0.51658535,2.1097646,-1.5625111,-1.2023886,0.12256877,-2.9464061,0.8198884,-0.41940415,0.37130356
Normal_TATGCCCTCAGCTGGC-1,-3.1679103,-6.9287148,2.8701463,-0.93416065,2.5291746,-5.670582,-4.4309974,-2.1603389,-5.766123,-4.322924,-1.3172739,5.522099,-1.1387358,-3.0710578,1.4664937,-6.5063286,-0.22895895,-2.1293278,-2.7722156,-3.173041,3.9460664,2.6675184,-2.5134125,0.5874377,-2.4428756,2.609414,0.22796082,1.8646814,1.8437654,2.0987196,-3.283038,-1.6665235,-2.7472763,-4.0072846,0.6956014,2.6342444,-0.3226379,-2.884254,-3.4190924,-1.8932133,-1.3631643,-0.29074094,0.6741257,-1.3614084,-2.8796365,1.2632141,5.220869,-1.3483003,0.028681142,0.28926128
Normal_TATTACCTCACTCTTA-1,-7.062398,0.6891471,-5.11364,0.046379715,-1.5495484,-0.13345285,-0.07091181,-1.4613793,0.35838312,0.28888765,-1.720179,-1.4800321,0.934678,0.8995911,-2.1111348,-1.1589568,-2.4096024,-1.2901092,-2.217941,1.494186,-1.1652718,-2.6288083,-0.39870602,1.1188297,0.18458915,0.945374,1.1253678,1.5530529,2.2951145,0.51975065,0.307566,-0.23272942,1.1269963,1.272808,-0.40522102,0.03167055,-1.2154223,-0.09245282,0.6696788,-0.69525963,-1.7826194,-2.3047638,-1.5900387,-1.1748592,-1.458284,1.2272741,-2.4916162,-0.04653983,0.28073522,-0.8733376
Normal_TATTACCTCCTAAGTG-1,-4.494284,-3.3565836,3.3718176,-0.78118527,1.5782541,-4.561892,-4.8395762,3.1302736,4.1614523,0.30606896,0.5898427,-2.5889544,-0.21604887,-0.70295817,-0.82964337,1.3530653,-0.5842278,2.6839485,1.8485726,1.0845405,-1.0363774,-0.6842251,-0.74234796,0.39399633,2.9244795,-1.6267302,-0.15432985,-0.834816,1.1494853,0.4918633,-1.3879173,2.128895,-0.24355029,0.9913446,0.3160779,0.3024305,0.063749544,0.47661838,0.1845845,1.199508,-0.033527225,0.21855403,1.9144424,3.9953492,0.710214,-0.7607399,-0.8707263,0.92012185,-0.37602252,0.016351003
Normal_TCAATCTAGGAACTGC-1,-2.022955,-1.7732967,-0.65890795,-1.4454069,0.8963279,-3.369863,-1.6591355,-1.3031363,-1.5554267,1.3432535,0.5372714,-3.4344227,1.3519135,0.46170062,-3.0206373,2.1128926,-0.24436674,2.0422165,0.8488361,0.5662658,2.8387985,-0.894432,0.6271696,-1.8809577,-1.4759941,-0.005672826,-0.8411681,-1.9672557,3.1046827,1.7053428,1.738192,-0.6998306,-1.1669596,-3.1664052,1.1911098,-2.0064268,-0.10951038,1.5776398,0.5516739,1.0878476,-0.8771422,-3.335204,-0.12048302,0.8072206,5.0292993,0.77600795,2.1390688,3.6313412,5.7023654,-2.8985708
Normal_TCACGAAAGCAATATG-1,-6.6747003,-4.276245,-1.4394873,-1.7783645,1.6218072,-1.2334206,-4.44069,-1.2904243,-1.2449005,-2.3551846,-0.013506915,-0.170227,1.7511522,0.69317,1.4433523,1.9295813,0.73595476,1.0506266,0.07702373,1.8296314,-2.0544024,1.1230388,0.13942552,1.0494803,-0.083144754,0.698262,-2.4021742,0.6573952,-0.02525007,1.9412558,-0.31229568,0.4832922,-2.5121028,1.2290219,-2.9971426,-0.049172595,-0.09029736,2.7249906,3.9590213,-1.410329,-0.94697595,2.4117327,-1.1533123,1.8221381,0.92867863,-1.9589993,0.65193045,-0.49410352,0.03231765,2.4620173
Normal_TCACGAAAGCTGAACG-1,-8.241148,-9.764998,-1.0849751,-9.784038,9.158745,-4.5738397,-9.02647,-7.275904,-9.926667,-14.229173,-9.5650425,16.713951,-3.0912285,-0.41331735,-5.482531,-9.02868,-1.4336486,-2.226337,3.7729757,-3.3937938,6.9322767,-4.933755,-2.816551,-6.584874,1.9153033,-8.255682,6.0485516,0.7358912,1.9403456,3.2289004,1.8216687,-6.9758234,3.7136047,-9.167821,0.0044089626,-2.9686074,-4.381675,-0.35750747,6.19726,-1.4270138,3.2643964,7.696455,-1.8388244,0.6322305,-5.6839247,1.3152226,0.0744044,-4.504184,-11.127769,1.8108826
Normal_TCACGAAGTTGGGACA-1,-5.1758647,3.591271,-5.364233,2.616997,-0.77157944,-1.7433742,1.4460456,0.92408526,0.38660416,0.49596336,-0.2904437,0.34408158,0.5579328,-0.056822173,-1.526841,-1.2986475,-2.2416987,-0.27938384,0.06691197,-0.912186,0.10335208,-0.43555817,-0.87276864,1.1979301,-0.47816774,-0.351081,0.9925077,-1.3848871,1.5219952,-0.24224856,-1.3045121,-0.08744802,-2.1302357,-1.1867661,-0.07362206,0.6231108,0.32296172,-2.1301055,-0.20951135,-1.80592,-0.24474604,-0.52328277,-0.17477776,-1.9832474,-1.4077902,1.7953761,-0.1723972,-0.03826333,0.670658,-0.25371444
Normal_TCACGAATCTCCTATA-1,-7.860386,1.6084995,-8.66625,-0.38044694,-1.4467641,1.9743718,2.3668191,-0.14961113,0.49137175,3.3690176,-3.2202976,3.7986422,1.8635062,1.5423474,-0.5265411,-2.1291175,0.5286176,1.6587235,1.7743816,-0.6663578,0.42433155,0.95503235,-1.0928127,-1.6161093,-0.33055863,3.4605675,-1.9817679,-0.6713019,0.47243437,2.4741173,0.590806,-1.7503716,-1.7749084,-3.2115617,4.513057,2.6335628,1.8313574,2.7560043,3.3716269,-4.19722,-0.12495355,-0.8136645,1.2367295,0.28725314,0.6088205,3.2370117,0.63149244,0.8151191,0.16919087,-3.14292
Normal_TCACGAATCTGGTTCC-1,-6.5362635,-2.0320132,-2.5545974,0.34724084,1.2719965,-0.54758835,-0.9829335,-1.8801037,-0.28954795,0.091530345,0.7763241,-1.226039,1.7443762,1.1432583,-0.8749819,1.6430857,-0.49415123,0.91476375,0.9555622,-0.88085455,-0.75162995,-1.8857278,-1.3968949,-1.0293738,-0.8655941,-0.15181215,-0.5586197,-0.7007394,0.27416322,-1.2273604,0.45221972,1.6080916,3.1153796,-1.1158109,-1.6791952,0.7727216,-0.51424885,1.2008506,1.0358478,-0.27999386,-2.2763555,0.49916825,-0.37738964,1.4401542,2.1532898,0.033693753,1.0394169,-0.8932521,-0.06638253,1.0327677
Normal_TCAGATGTCGGAAACG-1,-2.7938645,4.6353674,-2.9959538,2.0795052,-1.1081156,-1.702817,3.1912796,4.5600667,1.2804654,-1.1074215,0.5576471,0.8488214,-1.9858488,-0.56467265,0.9368536,-3.9268491,-1.1210338,-0.28391147,-1.9418215,-0.22640832,-0.028689915,-0.25557485,0.13884968,0.63954866,0.64661574,0.66721374,0.98232687,-0.9473259,-0.88840514,-0.3324525,-1.3091553,-1.235974,0.17949162,-1.7225868,-0.012247321,1.2590775,-0.48642936,0.57042795,0.2936261,0.95291257,-2.2287512,-2.117879,1.0839405,0.2914304,0.13160801,0.6453445,-0.28091848,-0.4866364,3.6543887,1.0720829
Normal_TCAGCTCGTCGTGGCT-1,-0.6458224,4.0185504,1.0286494,0.98340946,2.155594,-5.9183435,0.09466096,4.003121,1.2887954,-9.6930685,-0.56505406,4.156399,6.1557283,-1.4369586,-0.9075101,6.282587,0.53513294,1.0332496,-1.6917961,2.3654857,-2.2346556,-0.83190614,1.9536209,-2.401737,3.1085722,-0.76778495,1.2194532,-0.070540346,2.0076149,-0.4839136,1.4497806,-1.3125205,1.2232981,1.3084959,0.5826718,0.40356508,-0.2125075,0.59985894,0.95154697,-0.9383428,-0.8692509,-0.1828879,3.1693647,0.9616908,-0.7490863,2.3452673,-0.86221176,-0.73307425,-1.2224847,-0.076991834
Normal_TCAGGATAGAGCAATT-1,-5.8820343,-1.0991625,-3.4236462,2.4572318,-2.148337,-0.0792655,2.2286181,0.3010845,-1.8129541,1.3562341,-1.1855876,0.5826867,0.84189886,0.5504106,-0.7684018,1.0048255,0.5863193,-1.3533956,0.08538993,0.13662863,0.03425793,0.38045222,-0.6232081,-1.5056304,1.5955662,-0.043339603,1.1171511,0.10790174,0.66611725,-0.20152979,0.061998114,-2.3206086,-0.6268955,-0.96654594,1.3042183,0.22769417,0.8741978,-0.3681376,-0.89577544,-0.6671197,0.764668,2.1261196,-0.36409092,0.05266887,1.1311709,1.302824,0.35727596,1.6732186,1.6686486,-0.19169158
Normal_TCAGGATAGGACCACA-1,-4.690889,0.2615913,-3.502596,1.1427153,-1.5478626,-3.457556,-0.012547992,-0.25796703,-2.045588,0.5351867,0.63303316,0.22118638,-0.8674974,0.18477908,0.015580665,0.6765225,1.3615819,-0.94568205,-1.3390027,-0.2177672,-0.19229302,-1.13828,-0.93349534,-0.44035345,-0.68790054,1.4509426,0.8810007,2.5733309,-0.476768,0.16066855,0.6080324,-1.6035818,-0.935252,-0.071644805,-0.80071884,-0.19740558,-0.22699028,1.1528592,-0.6987143,3.691912,-0.7752774,-1.3392973,1.4531984,-0.8255989,-1.1936318,-0.78106415,1.5503582,-1.5373957,1.3321459,-0.7257992
Normal_TCAGGATCAAAGGAAG-1,-8.128865,0.63059294,-7.3038774,1.0849113,-0.81968516,2.1254873,2.1562388,1.758885,0.69340336,2.2714474,-1.8534266,4.898018,-0.9396073,0.20113555,-2.6401708,-1.020652,0.36266735,0.38575837,0.6987553,-0.518179,-0.48765388,0.90028006,-0.5709453,-0.929464,1.4040551,-0.3850564,-1.8304806,-2.2180295,0.1374782,-0.20216359,-3.3963106,-0.1881343,-0.9130105,1.3013867,-0.21727476,0.011724215,1.303485,-1.3866419,0.8498985,0.8774927,-1.4053414,2.4506726,0.18182378,-1.7239797,-1.8832425,1.895671,-2.1418383,1.588675,-0.43735385,0.7280727
Normal_TCAGGATGTTCTGTTT-1,-2.6721468,-3.4833512,2.032493,-3.2722564,4.215409,-2.0047047,-5.6812277,-3.4441454,-0.087519996,-5.304274,-0.052320357,-0.089075446,-0.6822252,0.6188222,2.807934,-2.7928066,-1.3507754,0.85101813,-2.1525838,1.9131638,3.1359386,-1.3608228,2.1635869,-1.9953079,-2.4083314,0.5434333,-2.7244253,0.032077514,1.0427276,1.8292419,-0.5130542,-0.17534174,-0.85845387,0.45984113,4.603696,-0.7077851,0.70459545,-0.8683752,-5.3622203,-2.6721437,1.9534179,0.50506544,3.034525,-3.3466172,-1.1665554,0.87822795,2.0771313,0.2536533,-0.46814334,-3.1586158
Normal_TCAGGTACATCATCCC-1,-4.6580496,-1.6785891,-1.7865126,1.1558697,-0.28074953,-1.694726,0.97242594,0.36857322,-0.3735626,0.013202438,0.9198778,-1.6737094,-1.5293947,-1.2574294,-1.376517,-0.0006860461,0.64369446,-1.4364966,1.4797167,3.807198,0.29773206,0.408872,0.98091,-0.30656168,-1.0995548,-1.5049863,-2.0307174,0.15236019,0.6019709,0.8118183,-2.5937443,0.5553452,0.93451023,3.234857,1.0049314,-0.2228671,-0.711805,1.3050786,0.5193907,2.2613702,1.6152488,0.9039575,-1.1029527,0.8746672,-1.7024784,1.2994301,1.9728744,-1.8751323,0.860394,0.752563
Normal_TCATTACAGACAATAC-1,-8.13304,1.1986079,-5.4224553,1.392736,-1.2358148,2.3778272,-0.17554091,1.1496443,0.660766,1.9904625,-1.563339,0.14485106,0.571578,0.7290691,0.90462136,-1.7075548,-1.7057698,2.4452834,-0.09465922,0.8207852,-1.2157701,-1.7040207,-1.323718,-1.6916072,0.091703735,0.8403996,1.8838991,0.10902455,-0.20685163,-0.6699891,-1.0359069,-0.13627169,-0.30536464,-0.5731696,1.0092912,-0.04016151,-1.4630201,-2.2411425,-0.57382447,-1.3436713,3.9296322,1.7842984,3.4567363,0.8396272,-0.7041703,-3.722914,-0.6852605,0.67289627,0.9144232,-0.51024115
Normal_TCATTACCAGTGACAG-1,0.082489096,12.145693,0.68304217,-0.4989876,2.8370724,-3.8563018,-2.12618,0.36574334,-2.7820122,3.907549,-2.024125,-2.1634903,-2.5322778,-0.0391465,2.117162,2.6932983,0.552099,-0.5447416,-1.1498022,1.4034177,0.9379767,0.5967139,1.4477019,0.39834362,-1.6859856,-1.1950164,0.5205767,0.6202739,0.88691527,0.101490304,0.004904232,0.9422903,1.1481559,1.2078255,0.11033529,0.7058916,-0.55399907,-1.4197849,-1.0224593,0.94509214,0.92465997,0.057671346,1.537336,-0.13036606,-0.16576514,1.5682974,-0.0034564103,1.6776294,-1.2645546,1.0387232
Normal_TCATTACTCAAACGGG-1,-6.7315755,1.6154636,-5.8803906,1.5148844,-0.49873587,0.17629614,-0.35160705,1.6410636,-0.56271654,0.53522265,1.5329012,-1.3010474,0.80902547,0.88846135,-0.5932041,2.784859,-1.8107612,-0.6475907,1.8882085,-1.0157912,-1.9896442,-1.3480539,-0.4774753,0.49593538,2.5472388,-0.11321719,2.1874511,-0.13266113,1.3247843,-1.280512,-0.47524077,-1.5445247,-1.5067725,-2.8593428,1.5814097,-1.3837334,-0.7727351,0.13355333,-0.98087555,-0.48507228,-0.6465271,0.46207327,-1.2451407,-0.4624429,-1.6477642,-0.88549197,-0.640624,-0.72871685,-1.1531051,1.9250196
Normal_TCATTTGCAATGTAAG-1,-3.5144222,-2.215039,-0.46610817,0.764921,-0.34335598,0.81855357,-1.123494,0.9104903,0.04332993,-1.6869818,1.2450657,-1.0887365,-0.046908468,0.701547,4.0111833,0.35415038,1.2712219,-0.33315685,-1.4302908,-0.38430232,-0.66669947,0.048057906,0.6831063,1.1605946,-0.14492047,0.34119627,-0.11583616,1.4298712,-0.50112957,-0.4340218,0.71967125,1.1948384,-1.4574226,-0.9563786,-0.20111749,0.16399115,-0.39600006,-2.0098934,-0.046746254,-0.3634412,-0.3338653,0.12283223,-0.86000067,-0.6146584,-1.2093234,-0.50703377,-0.45120093,0.38974527,-0.14212614,-0.6741265
Normal_TCGAGGCAGATCGATA-1,-4.2582107,1.1878994,-2.7993438,1.6738538,-0.290298,-0.4837795,0.28285038,1.1957549,1.0716023,0.3040783,1.1341876,-0.0177191,-0.13149469,0.06599992,1.021467,0.01438304,-0.3264367,0.21954876,-1.5232046,2.2807796,-0.60821074,-0.8695642,0.30209932,1.1777256,0.78537995,0.8140165,1.2980793,-0.06760566,-0.5904884,-0.049087584,-1.0629046,1.6937765,-0.88774174,0.69956803,-1.3218567,0.689655,0.44730744,-1.5195613,-0.8788925,-0.40436703,-0.5032187,-0.042620867,-0.45341164,0.08740269,0.28188276,0.03913182,-0.16460994,-1.2510123,0.14457196,-1.1665614
Normal_TCGAGGCTCAACGGCC-1,-5.793115,-4.8936944,-0.5671684,-0.90528387,1.5672836,-1.5649455,-2.0386307,-1.2875086,-2.358074,-0.46543524,-1.1887593,0.81341976,0.79924107,-0.10564848,1.4061962,2.1105323,0.022199227,-0.09640566,0.3928582,0.54711264,0.73902774,0.9786996,-0.03443357,-0.5653647,-1.8233372,0.34765366,-2.3771002,-1.5981281,0.35417444,-1.4336354,2.3341625,-0.346179,-1.6979954,1.7954028,-0.4248809,-0.49953693,1.6135219,1.7894398,-0.49336788,0.8044033,-0.77925116,0.37845027,2.2072952,0.8637035,-0.40498704,0.1340632,1.1956575,0.748902,-0.81171674,0.62241584
Normal_TCGCGTTAGAGCTATA-1,-3.6149092,-2.777045,0.38324094,0.054734763,1.2390617,-2.400972,-1.797458,-0.4367966,-0.53334504,-0.5795407,2.5645134,-0.7828512,-0.22591142,0.15665027,0.42515677,1.3453225,-1.1822448,-0.0052827117,0.19629948,0.80177385,0.38959488,-0.38308454,-0.902914,1.3620942,0.2866259,-0.26576525,-1.231025,-0.366994,-0.37760246,-0.75673234,-0.7334406,-0.38301957,0.41495746,1.1057756,0.3108079,-1.468599,0.3065291,-0.9229771,-0.53707427,0.9894377,1.0461044,-0.10152713,-0.9980102,-0.022429308,0.5010002,-0.52785313,0.688519,0.109468095,-0.79313993,-0.959713
Normal_TCGCGTTCAAGCTGAG-1,-7.0501,-2.0214329,-4.678123,0.2280986,-1.793544,1.70022,-1.753132,-1.3910506,-0.6761852,2.9431,-2.269939,1.5922945,2.4724681,-2.53434,-0.21896939,6.024573,-0.6995543,2.2574825,3.233838,-1.2933905,0.97233003,5.380993,-3.705499,-5.511458,2.9617066,-1.1491317,-0.28744462,6.3800926,3.5241036,6.651279,-2.4853816,-1.5975592,0.49540654,-1.1805657,-3.9302893,0.34519547,-0.9496148,1.9175051,5.0340366,1.7765117,10.399235,-2.4916544,-3.8581452,-2.736146,0.86213446,-3.1470208,-2.9630668,-4.1465397,-4.481599,2.6313145
Normal_TCGGGACAGAATGTTG-1,-5.7174997,-4.3849382,-1.861291,-1.8296494,1.7547836,-0.7568742,-4.060961,-0.38852558,-1.8713038,-0.76683044,0.8506866,-1.0375676,-0.32923415,1.2091991,2.9674838,-0.47761005,1.9921819,-0.07695863,-0.1323964,-0.6931658,0.34020245,-0.69661254,-0.37924114,-0.43442518,-1.5653627,0.12970826,-1.6992224,-0.53600943,-0.48295,-1.1014477,-0.63805413,0.12755115,-1.0931602,1.6608404,-1.1010642,-1.8653151,1.5539597,0.5805673,0.7638641,-0.092539564,1.9843608,-2.2309408,1.2446096,-0.84700185,-0.2643227,-2.241088,-0.21520357,1.4997942,-0.24998437,1.5575073
Normal_TCGGTAACATGCGCAC-1,-6.660833,0.6355933,-6.3017797,2.4963934,-1.5702136,0.5706275,0.8902628,1.3067747,0.8453578,2.3003974,-0.47097108,2.2959325,-0.008420251,2.7813902,0.30798933,-2.1467202,1.3194876,-0.6414686,1.0554593,1.2752959,-1.8483579,-0.32830715,0.26193312,-0.44504347,0.17998572,-0.5058987,-0.4197396,-0.6071896,0.11173572,0.12766157,-1.013432,1.466811,0.20784554,-0.350437,1.41496,1.858223,-0.7619947,1.2671984,-0.8286726,0.007622275,2.074477,-1.2405845,0.45645037,1.8151525,-0.9200405,-0.9799398,-0.66908836,-0.43747988,-0.33433527,-0.050233405
Normal_TCGTACCAGGATTCGG-1,-4.2903714,-0.17287469,-1.8964207,1.0419793,-0.2886232,-0.7694503,0.03383196,-0.7153175,0.060694933,-1.5961676,0.823392,-2.170183,0.96203434,0.52806723,0.48215237,0.8746517,-1.0192391,0.26299617,-1.4821609,0.19120774,0.051833585,-0.76723576,0.99986255,-0.47513014,-0.44366005,-0.51011693,-1.4321446,1.3218957,0.8484616,-1.3468615,0.16905084,0.88580114,0.22147398,1.5135306,0.15164493,-0.78642887,-0.82557565,-1.9745697,0.49124727,1.1489347,1.5356238,0.22538516,-0.8954464,0.07228715,-0.52695245,1.4211029,-1.4739149,-0.7106447,1.4403576,-1.4144906
Normal_TCGTACCAGTATCTCG-1,-3.583881,-2.029324,-2.68661,-0.37853217,-0.098166846,-2.855724,-0.23247644,0.09538929,-0.78195447,-0.11187658,1.2873837,-1.558355,0.3360366,-0.9884219,-0.27336577,1.8630464,0.7070485,-1.8370954,3.305838,2.2914612,-2.0730262,-0.123418964,-0.82268155,-0.24914195,0.5092518,-2.5837731,0.4365227,1.8254433,-2.3765852,2.464289,-0.5405192,-1.9273819,0.92047316,1.7927073,1.5933635,-0.9463193,-1.7107142,-1.2847931,-3.4987288,0.9373681,-0.96809745,-1.2702651,1.5077411,-0.0852285,1.096543,3.3029933,0.47460097,0.21047136,-0.05694475,-2.6402385
Normal_TCGTACCCAGTGACAG-1,-5.152629,-4.7791677,0.61610556,-1.4883124,1.2700281,-2.0110006,-4.194042,1.2411916,0.7138546,0.02170888,0.2572956,-0.7664489,0.38227007,0.55914825,2.7919402,0.75211173,-0.59064543,0.30009,-0.33873996,0.6322836,0.6961644,1.3296548,-0.019309167,-0.34843388,-0.099510886,1.0531583,-1.7063619,-0.2597187,-1.4388921,-1.6547472,-1.108636,0.8419626,-1.3146509,1.1765486,-0.9096776,1.136354,0.6010697,0.22637375,-1.1786939,-0.36045283,-2.1822345,1.5649725,2.2806518,0.95806867,0.7012062,-0.3498966,1.6713465,-1.4077779,-0.1776399,0.118358284
Normal_TCTATTGCAGTGGGAT-1,-8.284209,0.60844064,-5.2037144,-0.7751779,0.7226871,4.1544743,-1.9031683,1.0934377,4.666334,-3.4297788,-2.0660155,0.9428014,-0.8302289,2.540368,4.048189,-4.298821,-0.45555067,-1.1331882,-2.6364386,-1.405161,1.1881953,0.7136767,2.4893305,2.1486974,0.9766115,-3.714461,-1.6880305,-0.013843558,2.097227,-3.7968395,-2.418648,-0.6443165,3.3618631,0.7185491,0.3934855,1.3167007,-0.8072191,-1.1409961,0.72896564,-3.0757604,0.035014946,-1.9487976,-1.7542574,0.70273584,0.3129317,-0.38317677,1.4328176,-0.61159945,-1.5488328,-0.41923022
Normal_TCTATTGGTTTAAGCC-1,-8.229456,-0.34671262,-5.7401524,-1.3478665,0.86764425,5.040384,0.1721576,0.8316873,1.6861925,-0.39487344,-0.68900466,-1.7959409,4.8775806,1.5340515,3.2986705,-0.7143241,0.27887496,-1.1095153,-0.59344566,-2.4344616,-0.5084264,0.32110748,3.3732727,0.25470385,-0.31136882,-1.919483,0.44076893,1.5993093,3.9954834,-2.028379,2.1231012,-0.85643715,-1.4285387,-0.49249548,-0.6405934,-3.5431483,-2.2426252,-0.082842596,-2.5464509,0.49806437,-0.31923327,-3.3931444,-1.0612587,1.5550325,-1.2536775,0.77365786,0.8668195,-1.392739,-1.0727006,1.1098683
Normal_TCTCATAAGTGTCCCG-1,-7.192425,1.1476839,-5.600523,0.056954846,-2.2147803,1.2396914,0.972753,1.2353057,0.3742778,3.5740016,0.6434512,1.4357498,-1.8506289,-1.0590284,0.9316253,0.3370886,-0.2829798,0.9214033,-0.37556276,1.1573839,-1.3706919,-2.0198262,-1.1896384,-0.27498367,-0.52034265,1.2054644,0.12382732,-1.0332059,-0.6251715,3.1895652,-0.49643385,-1.9377384,-0.41506648,-0.31604934,1.1181536,0.94870484,0.29480886,-2.4739902,-0.6935629,-1.4702426,2.008306,-0.15165855,0.3278429,0.48539504,1.7694016,1.4992875,1.5549028,-3.3187437,-0.59643924,0.9221924
Normal_TCTCATAGTGAGTATA-1,-7.3857403,-1.5683815,-4.88667,-0.3710567,-1.1461391,0.15857992,-1.7036142,-0.8881081,-0.0039576613,1.0932168,0.63503027,-0.63833934,1.0462039,1.0452468,-0.14261568,2.2458296,-0.2151722,0.6085028,0.47392088,0.12564088,0.5388804,-2.4307303,0.43318263,-1.8461837,1.0343177,-1.9830962,-1.623169,-0.9174305,-0.10318228,-0.45080942,3.197155,2.1697586,0.8413956,-0.34869218,2.0366244,-1.971208,0.16281527,-0.776658,3.3295965,-2.4386606,-0.058057997,2.933989,-1.1240053,-1.3731062,-0.73507524,-3.12205,0.637599,0.82189363,1.077689,-1.3307858
Normal_TCTCATAGTTATTCTC-1,-8.155452,-3.641276,-2.917743,-3.917516,2.317722,-0.15274972,-5.4130754,-2.695906,1.8622737,0.49546027,-2.5297542,-5.063439,3.4487638,-1.8293058,-6.744804,2.0003452,-0.018693658,5.512803,4.0905733,2.7139244,2.5199592,1.4538094,-2.681409,-5.657872,2.2607327,3.5769193,-2.7055817,0.20634286,2.6630266,-3.9869351,-4.4800396,-7.608388,-1.2264041,-0.38602397,-1.3044919,-1.107794,-7.1768727,-1.5156856,1.8814269,-2.2287512,-3.3172429,0.9023822,-5.5575037,6.436493,2.3630629,4.0313196,0.10866824,1.3886809,-3.8378398,-0.7499127
Normal_TCTGAGATCCGTAGTA-1,-3.6622503,1.3902556,-2.3146045,0.38776535,0.020763364,-0.20100604,-1.0086229,-0.21191065,1.3432953,1.129909,3.098444,-0.87395203,0.97610015,-0.1829832,1.1202712,0.7128828,-1.3717617,0.05576427,0.63993275,-0.17282659,1.5265923,0.28132716,-0.39633048,-1.5236793,0.85612804,1.5251814,1.0584545,-0.09133977,0.007938719,0.29380128,-0.32854727,0.20032388,-0.7511047,-1.1442739,0.4474323,-0.23748764,-0.06430934,-1.9169687,-0.41016582,1.791796,-1.586452,-1.1133101,-0.938763,0.61894,0.19388363,-0.43887493,0.19658203,0.19360569,-0.7652171,-0.9295146
Normal_TCTGGAAAGGCCGAAT-1,-1.8358356,-3.3769999,0.73568374,0.60379934,0.5783915,-1.7304571,-1.2269162,0.88906443,-2.988004,1.4638938,2.5934591,-1.8640643,1.0656224,-0.2930475,1.6871986,1.6306155,0.839498,-0.84964293,-0.41040736,-1.9278562,-0.74932736,0.81454974,0.5356332,1.4255587,-0.45549107,-0.19407381,1.1628985,-1.0020244,0.6821312,0.053984813,-1.1455506,-0.5839048,0.14844207,0.30288556,0.5173662,0.24517787,0.72977084,0.7910968,0.49151373,1.4960802,-0.023267146,0.81708765,0.8347757,-0.4649627,-0.47193015,-0.5336144,1.2819824,1.3244939,-1.3718392,2.1540146
Normal_TCTGGAACAGTAGAGC-1,-3.4846113,1.0995855,-0.41913006,0.48331273,0.42032287,-2.0634146,-0.17481439,2.293144,2.5765023,-2.452602,-0.14898962,-1.6400288,1.3831197,-0.2533642,1.5310657,-1.1457388,-0.9286008,-2.896713,-1.5301057,1.0736837,-0.11377821,2.8221574,1.9638613,1.380818,-0.18753429,0.17900003,0.053339686,1.7542714,0.6586506,-2.1525362,-0.7027096,-1.9573498,0.82959217,0.69761956,1.1173824,-0.26734915,0.18268685,-1.6810772,2.7967837,2.2037854,-1.4139426,-1.106053,-0.5304649,0.35398358,-0.43713588,2.544757,0.30707008,-0.6667233,-0.899886,0.106022716
Normal_TCTTCGGTCCTAGGGC-1,-4.4522243,-1.4465429,-2.9849758,0.9894955,0.3549989,1.9130887,-0.16125964,0.6126704,1.0746167,-0.060729202,1.0177711,-0.23546416,0.438849,1.9668515,2.7944934,1.1624405,2.3757508,-1.897648,-0.838019,-0.9380364,-0.361893,-1.1218886,0.28367278,0.75054866,-0.79530466,0.33631858,1.2863111,0.68013173,-0.4614688,0.2942036,-0.8513292,-0.5530902,-0.14409243,-1.1818373,-0.8826195,0.8204784,-0.045093544,-0.3018513,0.108329944,1.3700553,1.6008573,-0.7355565,-0.675813,0.93645954,1.5397372,-0.16522795,-1.3325667,0.2560802,-0.67348146,0.75248295
Normal_TCTTTCCAGCGATTCT-1,-3.1360164,-2.926322,1.3797281,0.7421852,0.49207985,-3.3625429,-3.4539628,-1.3838317,-2.0705469,-0.37844998,0.7873697,-0.82967585,0.2827971,-1.7675698,0.87024844,0.8333317,0.5943823,-0.54506594,-1.6128143,0.4768696,1.0389813,0.9967488,0.524223,1.8080133,1.5366918,-0.59202015,-1.3230826,1.4197155,2.3507087,2.0657759,0.7136213,1.1261009,-1.3446972,-1.1036981,2.208598,1.3256638,0.11441511,0.112772755,-2.7872732,-2.255755,0.27668783,1.128446,-0.88875145,1.4065671,-1.0317762,-1.585247,0.44593516,0.071974546,-0.0051433397,-3.9935062
Normal_TCTTTCCAGCTATGCT-1,-5.2452736,-6.7722406,-0.70353687,1.3829101,0.3700795,-5.3948636,-2.195621,-1.6798213,-4.172795,-0.14381792,-0.42979598,-1.2165532,-3.1075993,-4.3210893,2.0523565,0.10819471,4.1874948,1.1937153,-1.546895,4.2155757,0.13819396,1.4698555,-6.740938,-3.202314,-4.4001045,2.290112,0.28719425,-1.4716655,1.2391173,-0.7847465,2.304212,5.2159214,7.885774,-7.1262274,10.502209,-2.7736042,2.469016,13.22945,-4.134503,-6.6768537,3.9087203,-11.256641,1.9796858,-2.185363,-9.931632,-1.235385,-9.98457,2.4957652,-13.072089,-1.039678
Normal_TGAAAGACACTCTGTC-1,-6.512355,0.36034277,-4.0591106,-0.2811262,1.405563,-0.4667275,0.24690105,-0.944694,0.6548209,0.089616805,0.037238926,-0.7578372,0.8717628,0.16457343,-0.8656311,1.4367408,0.17305337,0.20485197,0.225175,1.0261313,1.4612354,3.5210316,0.21830618,-0.7958441,1.1722245,-1.6639743,0.06773805,0.40646276,0.76446724,-1.4852028,0.28813186,2.5424829,2.434307,1.0164418,1.3703636,0.052854918,-0.56293964,1.1038076,0.14451276,-3.973689,1.446851,1.796931,2.6204813,2.0568516,2.4327073,-2.6580884,-0.95758605,1.2013084,-0.8261011,0.07885732
Normal_TGAAAGATCACTTATC-1,-5.1532993,-0.6526888,0.44949174,-0.6982738,2.375586,-4.083373,-4.2551894,0.17086941,-0.279873,-4.6623907,-1.2971283,-1.4550769,-0.7037988,0.8011632,-0.17363355,-0.24825324,0.78741497,1.506523,0.5046195,1.6391581,0.07089831,-0.07259236,0.96520776,-0.6845895,0.9199936,-1.3641231,-2.6144857,1.1917199,-0.51270765,-1.1670649,-2.4397724,0.7577119,0.35354894,1.2340438,1.5797379,0.169034,-0.9326642,0.81872004,-0.9572368,2.0099258,1.0117401,0.45778164,-0.7634096,0.9122851,0.28719434,-2.002803,-1.152958,-0.9744366,1.2303404,-0.12873605
Normal_TGAAAGATCCTCGCAT-1,-4.014175,0.54899025,-2.7097826,1.0321076,-0.29674095,-0.69073033,-0.59591454,-0.8274875,0.7816291,-1.2549626,1.379752,-3.0381634,-0.4304848,-0.048568875,-0.45776862,0.85310715,-0.37888953,0.0700724,0.38236895,0.9432424,0.118755385,-0.5403463,-0.49979338,-0.110875145,-1.0111918,-1.1552438,1.5259049,1.1114267,0.0032018335,-0.9503128,0.19485019,-0.18171912,1.5324198,-1.2868832,-1.502297,1.2093437,1.6844128,0.67506456,1.6387383,1.1854566,1.1202627,-1.6239594,1.7112797,-0.77289164,-1.1093057,-0.57866114,0.1906445,-0.09524504,0.042561755,-1.7589022
Normal_TGACAACGTTCTGGTA-1,-3.7362983,4.7173605,-4.376833,2.4304564,0.12242,-2.50606,1.3665237,1.2585394,0.93601614,-0.91032267,1.661627,1.1359093,-0.82958174,-1.0797312,-1.4591632,-1.9302773,-0.8073152,0.995175,0.78837407,0.20775957,0.46210077,0.7973139,1.3385751,-0.13014773,-0.9530939,0.47430918,-0.8999674,-2.370937,1.7910682,0.8967221,-2.8902538,1.0401621,1.2761214,1.9050655,0.46989176,-2.5008087,1.1361452,-0.18236049,1.1245896,-2.650492,-0.5115628,-1.9032582,2.2481527,-2.1000986,-1.0840276,0.16145816,-0.021653105,0.37276655,1.1410716,-1.8672999
Normal_TGACGGCAGGAATCGC-1,-0.3856645,-1.456538,2.4132779,-2.1500869,1.542834,-1.8042502,-3.5250561,1.2400495,2.25313,1.3007926,4.972023,1.697658,-1.9256666,-0.50849754,-2.7752547,-1.1389898,-0.21991383,0.08113775,0.012755339,2.3666797,-2.487222,-0.68015856,1.1504357,2.501235,1.0567789,-2.6732364,-1.4155694,0.39098412,-0.70355326,0.70753026,-0.5898489,-0.11588399,-0.66994923,0.4938738,0.6114372,-0.34882298,0.13589141,-1.1263775,-1.4118363,0.0010077677,1.584844,-0.031009337,0.18943034,0.0683645,0.3363433,0.4303112,1.2392378,0.14981298,-0.9579766,-0.6215837
Normal_TGACGGCTCACCACCT-1,-1.0388857,-1.6636636,1.819939,0.90717626,-0.21046938,-5.1970906,-2.5933347,1.6775784,0.6793027,0.016673394,2.0627298,-1.6087365,-0.98658526,-2.1915865,-1.6232355,-1.0549214,-0.24601963,1.9147121,1.6196475,-1.2653141,2.3381472,-0.24013211,-0.6903486,-0.4140268,1.1325264,-1.4686669,-2.1965718,0.6469345,1.8495331,0.27759492,-0.26521876,-2.8528152,0.63006055,-0.26382354,1.5056596,1.1124531,1.9625282,1.3553913,1.1665624,0.0062540593,2.6631343,-1.7926319,0.37490624,1.6066549,1.2889489,-2.0349889,0.514828,-1.1568377,0.62202686,-0.099125735
Normal_TGACTAGGTTCGGGCT-1,-5.8970127,-0.17640868,-5.8455987,2.340657,-1.2323012,-2.0815003,0.06977417,1.3496147,0.18559968,0.6403535,-1.2695214,-0.052669555,-1.2231008,-0.025386076,2.6756418,2.0662026,1.0916994,-1.6725012,3.1593912,2.0755157,-1.6055084,-0.77739275,0.5753514,-0.40746045,-0.87375224,1.7053907,-0.76078343,-0.2845838,-0.40206453,-1.427147,0.559679,0.5706031,0.45003963,0.19216995,1.0485287,0.639589,2.2590127,-0.02889243,-1.6946772,-0.7216104,0.95147616,-2.0973015,0.4349332,-1.1702677,0.6699452,-0.32705313,0.9844585,0.70120543,-2.2163794,2.6744077
Normal_TGACTTTAGGAATCGC-1,-4.0579834,-4.427085,1.5243851,-0.9103674,1.5542402,-5.0039387,-3.869588,-0.22228853,-2.917912,-0.41448444,0.93630654,-0.2978988,-0.7434531,-0.80597085,1.3362451,0.26415062,-0.48198438,-0.83692944,-2.128542,0.19412687,0.25299007,1.9295349,-2.2033484,0.8287974,-0.60736006,0.8577022,-2.1587641,-0.51075745,-0.14136694,0.72838694,-2.0508304,0.40207696,0.46087238,0.5200978,1.1574558,2.0179632,0.38827556,1.2764021,-0.54056954,-0.3587903,-1.002681,-0.8142518,-0.11856414,-1.3942857,0.4772264,-0.13484803,0.23078428,-1.2502403,0.16381551,-1.4428548
Normal_TGACTTTGTTGCTCCT-1,-5.589991,-4.0528054,-1.8619982,-0.744505,0.21094337,-1.8187566,-3.9788723,-2.2516637,-4.8959484,1.6698768,0.018437248,-1.9948319,2.2662735,-2.8624706,-0.3184318,3.702166,0.4579015,-1.020799,0.89833987,-0.9442003,1.3036412,-0.058788735,1.0705227,-0.39362895,2.0707276,2.6532252,1.236182,-0.44332582,0.5437279,-1.7602702,1.2179887,0.6514788,1.9470415,3.1622345,-0.87766933,-2.33747,1.1883858,2.415888,0.99205583,-1.223099,-1.7988132,2.8444922,-1.5297055,3.8840516,0.7443275,0.80717754,-0.52031255,-1.5049108,-1.4401814,0.9018043
Normal_TGACTTTTCATGTAGC-1,-5.4219885,-0.7965007,-4.3177586,2.6217394,-1.3447982,-0.6508333,1.2027448,0.7402617,-0.50280756,2.3347456,-1.6389018,1.961686,-0.95884055,0.64147174,0.8473895,0.16350591,0.10295178,-0.7671759,-0.8218157,-1.1178601,-0.5839944,1.413422,-0.60550356,1.8181818,-1.3592333,-0.32427832,-0.82731026,0.019220194,0.37849116,0.3594672,-1.6772882,0.21960479,-0.63719577,-0.76663214,0.86156213,-1.0500127,1.3267499,-0.6009957,1.3060031,1.4398944,0.56167793,-1.4025683,-0.1873743,-0.83145773,0.6745099,0.76257676,0.026326183,0.75086117,2.0489533,-1.1218395
Normal_TGAGAGGAGTGTCCAT-1,-5.7790837,0.9511076,-5.5210876,1.9055796,-2.3537471,0.75251585,1.4501566,0.15677364,-1.5400145,1.9614724,-2.4860055,-1.6640701,2.1141312,1.1881486,-2.1379898,2.4945686,0.9575536,-2.2459114,-1.8408575,-2.5171735,-0.2869707,-0.34350005,1.0652292,0.51773995,0.64967674,-1.2280426,0.5585808,1.0141912,3.5491319,0.7976412,1.846571,2.9526663,1.3509538,-0.93559057,4.2125974,-1.1325568,-1.2645353,1.1190646,1.9332253,0.45018712,-0.14171748,0.4462758,-2.355242,-0.25944883,2.3888369,1.7105389,2.4595926,2.5229769,1.0944142,-0.14627159
Normal_TGAGCCGAGGGCATGT-1,-6.1732335,1.3854088,-4.484729,2.1355362,-0.8827473,1.6681938,0.46704027,0.43417144,1.3851595,-0.92124826,-0.58975005,-0.9537544,0.87312007,-0.16817757,1.9884096,0.6907575,0.102762334,-0.26127073,0.5273365,0.37878966,-0.9556001,0.775296,0.8213394,0.86444694,-1.7061205,0.5076353,2.7517664,0.9592086,-1.8615321,1.4346989,-1.5338894,-2.4273467,1.708455,-1.915108,-0.5058705,0.8433381,-0.11254892,-1.0678339,-3.5721376,1.0531564,-0.28897986,0.010893469,-0.018810786,-0.18242912,-0.1616312,-0.95355433,-3.070601,0.142902,0.71328396,1.391089
Normal_TGAGGGAAGCGTAATA-1,-6.033542,2.5257998,-5.1808343,2.9309347,-1.2428689,-1.3609936,0.5285066,-0.68283165,0.6242105,-2.5839136,-0.77286625,-2.4413505,-0.6389971,1.2760552,-4.0088677,-0.36208016,-2.6344724,-0.26195517,-0.33625096,1.7069625,-0.026516195,-1.0828573,0.20110418,-0.9108963,0.91290283,0.29286566,1.5342727,3.3113303,-0.6011763,1.1299825,-1.2323505,-0.38052374,-0.1300216,3.4095893,0.27915147,1.5839865,-0.38871348,0.2884922,1.7420065,-0.46893996,1.4004079,0.0088399155,-1.7729087,-1.6342263,-4.4046063,-1.3931955,-2.9055095,-1.3987972,1.2654134,-0.77611315
Normal_TGAGGGATCGGCTTGG-1,-6.5279717,2.9766204,-5.7776732,0.62976855,-1.4915037,-1.3989693,1.3575333,1.7312849,0.86453384,-0.2835705,-0.60525894,1.9169291,-0.83674926,-0.05903486,-0.25051522,-1.08738,-1.0869561,2.0204463,-1.5720323,0.5129515,-0.5825543,0.38144702,0.67066616,0.7158032,0.048153315,-1.1032006,-1.6956724,1.6651869,-3.4415321,0.6749413,0.23289405,1.6771474,1.602944,3.2679315,1.7499405,1.1442895,1.6571894,-2.5805278,0.23504756,0.8981379,1.0806296,-1.3359932,0.6182901,2.7054672,2.9241436,-1.8929961,-2.6236398,0.4772659,-1.3966045,1.100823
Normal_TGCACCTAGGCTAGGT-1,-1.300752,6.0175567,-2.3706474,1.3024702,2.0479133,-3.8657017,-0.7049203,1.4029373,2.5146658,-3.5626798,0.8595591,0.3274297,-0.5223134,-0.13114059,-1.6805416,-0.6245169,-1.5620161,0.64637595,0.28195107,0.54640794,0.41957748,1.5813905,1.076952,-0.4284745,-1.2617158,-1.4025674,0.39337784,-2.8594508,-1.6792091,-0.53826743,0.80235654,-0.039994538,1.3853415,0.8657913,-1.2873207,-3.1832612,2.2377596,-0.20548889,-1.2936617,0.4679369,0.1386187,-0.16182499,1.054373,0.2028343,-0.27829972,0.3010813,-0.062893964,-0.7131182,-0.95812124,1.2482611
Normal_TGCACCTCACGGACAA-1,-4.6858616,1.1655561,-4.0042562,-0.69268215,-1.3391035,-1.4592357,0.46953464,-0.5491406,-0.12136805,-2.6255167,1.3647361,-0.97414714,-0.3954469,0.03204314,-0.38311356,0.64244664,0.74372387,1.9240226,1.604732,0.38215,2.3494704,-0.61383873,-2.1161485,-0.94391304,-1.1578555,-0.8693993,0.23408924,-2.0526688,0.02844486,-2.3286052,0.39204305,1.6388644,-0.0791766,0.3518464,-0.07816995,-0.28309873,0.8318592,-0.07475142,-0.88256615,-0.7362165,-1.747012,-0.47045425,-1.8580477,1.5884858,0.28062913,1.2478418,0.11595857,0.59132457,0.68175364,-0.13311651
Normal_TGCACCTCAGGGTACA-1,-2.7294133,-5.1983633,1.4931694,-0.6899381,0.5108248,-3.9193444,-3.4715185,-0.011421624,-4.2087374,-0.2823845,0.54261565,1.4745754,0.7983508,-0.7576679,1.2953805,0.57300204,-0.25973913,-0.54153574,-0.23220883,-1.5223567,-0.044336867,1.3346268,-0.763251,1.7911439,0.4950771,1.8156962,-2.16052,-0.8922298,-0.35394534,0.5185354,-0.2885715,-0.5740458,-0.93826276,-0.9760785,-0.14067054,0.15118171,1.1735089,-0.93317366,-0.9066899,-0.38187814,-0.068214,-0.34649155,-0.32647684,-1.3621916,1.794645,2.4340904,-0.96040946,0.14953104,-0.31407613,0.67609394
Normal_TGCACCTGTTGTGGCC-1,-8.11005,-4.471026,-4.1342363,-2.1540625,3.964791,-0.4606325,-2.5045516,-1.544161,-3.5219097,0.90809095,-1.3728515,-1.1476045,1.3892529,-0.8104686,1.4001328,2.019906,1.7159247,2.5274947,4.0782814,0.4668183,0.18020642,-0.9036333,-1.1010906,-3.888991,-0.6681985,-0.4070317,0.8089283,-3.1712508,-3.7261121,-0.3972139,-2.5660148,-0.70485586,-5.407008,0.6262599,-2.3289666,-3.1388803,2.4224136,3.1082592,-0.2610985,-0.036453266,-2.6342924,1.5522507,-1.584057,-0.90970635,1.5116386,-2.2090693,-0.28537914,-2.5429163,4.0688157,1.5793583
Normal_TGCCAAACAAGGACTG-1,-9.446134,0.53963184,-7.3802395,-2.6818976,-2.3592594,2.5930514,-0.030179562,0.39058614,-0.51875,3.1694329,-1.4009624,4.715223,-0.35627457,-4.457355,-0.78767776,0.7924759,0.5164049,-0.027889805,7.2681065,5.76645,-2.224792,-2.2988775,-0.28535736,-1.7768425,-0.59633064,0.38893244,-1.8781779,-4.39443,0.22651689,-0.4346489,0.38982683,2.7014961,-4.2324476,-3.1401181,-0.156278,-7.574703,1.5935075,1.3780482,2.0028522,-1.8262583,-1.0496197,1.5158975,0.25405237,-3.190484,4.5851016,-1.1271344,2.7804878,1.7946987,-2.0281696,3.93502
Normal_TGCCAAATCTAACTCT-1,-4.974463,-9.989511,-2.4203112,-14.998027,23.875612,-6.5581007,20.18129,-0.6961971,3.2281444,4.577757,1.8650887,-9.582479,2.8297822,-12.236951,5.4050655,1.7205833,-0.8082615,6.65645,7.4785657,-13.09706,-2.775196,-1.2865572,-4.7064633,1.0997554,-15.4956455,-21.488201,3.7665353,-2.2850301,0.80979735,-12.772196,-2.7222996,-6.9736824,-18.747576,-14.267421,0.7511132,-2.9517095,12.815036,-3.8691118,5.969283,-3.6636841,-9.598062,0.7076754,-2.8653882,-13.353818,2.5541694,-9.804107,-12.027961,-1.1341141,-0.20876738,-9.423355
Normal_TGCCAAATCTTGAGGT-1,-3.6527889,-3.1503534,-0.0019225792,0.54863286,-1.0155423,-1.6987333,-3.5324774,-0.0097525045,-0.91883403,0.48869088,1.0773787,-1.3653346,0.23037118,-0.6182768,-0.45816714,1.1252741,-0.91084594,-1.839372,-1.471214,0.28460902,0.3674671,-0.19261052,-0.5730018,0.114923716,0.6108756,-0.5029334,-0.5015573,-1.0261858,-1.6883283,0.16509213,-0.6077531,0.42945266,0.13261752,2.2890124,-0.31245306,-0.9067799,-0.43349835,-0.62047434,-0.20316833,1.1680841,1.1332952,0.87979543,-0.7819936,0.56014377,-0.023340287,0.109362856,0.9478141,-1.03704,1.7586131,-0.083934866
Normal_TGCCCATGTCATGCAT-1,-6.1272964,0.27191693,-5.587784,0.6347382,-0.23032317,2.0601249,0.18426272,1.9116043,1.7310033,2.0811787,-0.67801267,5.5547595,-1.5649729,0.76819897,-0.2617665,-0.42563555,0.4129944,-1.2280629,-0.2576565,0.7575694,0.6236056,1.4150779,-1.9839134,1.6423019,-1.5756507,0.065594025,-1.4167761,-2.3281918,1.2633412,-0.4375464,-0.47710845,-2.0672722,0.5742326,1.2609583,0.5670833,-0.6840336,-0.45726106,1.4903778,0.4935691,-1.4990684,-0.042997777,1.3038124,0.054003667,-0.13735732,-1.658194,1.5289065,-0.14039074,-0.64313745,1.5973003,-1.0385809
Normal_TGCCCATTCAGAAATG-1,-3.1567469,-5.913946,3.9062178,-4.288191,1.8133307,-3.1033435,-7.57101,3.7699685,2.1442075,1.1702625,0.39181608,-0.38929266,0.09829656,-0.9764843,0.37992695,-0.80728644,-1.8187331,1.3723459,-1.5743383,2.479253,1.5087551,1.6878127,-2.404485,1.7331522,0.35458687,1.0603147,-3.3000546,-2.123513,-0.016882133,-0.029103294,-1.5695722,0.47965732,-2.5293498,-0.97922677,2.4614525,0.36160395,-0.01498225,-0.072377585,1.4601427,0.2837377,-0.6025798,0.66790223,-1.1230053,-0.10851858,-1.0622714,-1.7620761,-1.9880362,-2.173529,0.47900265,-1.0102634
Normal_TGCCCTAGTGTGAATA-1,-5.014042,5.611079,-3.567924,1.7412246,0.56872433,-4.3061066,1.5355988,1.3290913,0.88910776,-3.5624506,0.1659348,1.1342137,-2.962308,-1.1069912,-2.5673578,-3.4504535,-1.1868545,2.7552378,2.7776077,2.7234735,-1.116525,-1.0794051,-1.9742727,1.2879932,-1.0401127,0.83033407,0.94538295,1.0799482,-1.9012101,-1.999079,0.04687156,1.5810814,0.09413153,0.10066972,-0.5991075,-0.9911769,-0.29567963,-1.2613775,-0.75530034,1.2199258,-0.5768798,1.5864589,0.29027945,-0.9495338,-0.41006947,-0.031200247,1.2438596,0.46188226,-2.7627301,-0.77660817
Normal_TGCGCAGCAGTCACTA-1,-5.8362546,1.5244665,-4.028367,1.9629143,-0.4990898,-2.497733,-0.5740005,-0.47437868,1.5334828,-1.6745155,1.0629053,-1.2177728,-2.7262685,-1.1660281,-2.8764734,-0.041148987,-2.1549625,2.8741782,-0.17248413,3.7076588,-0.10205019,-1.1724577,-2.0756543,0.22829331,0.383995,0.91538155,-0.49457076,-1.5549036,-0.9210006,0.6545575,0.35009518,2.2927103,-0.90996766,-0.05942685,1.2611511,-2.8348997,1.8654505,1.4871176,-1.808625,-2.4367807,-2.5050282,0.0037408425,-3.453204,-1.3253827,-1.6112237,-0.017419027,-1.9994293,0.5169891,-0.698999,0.53687656
Normal_TGCGGGTCACCGAAAG-1,-6.065701,-0.31300095,-4.8490767,2.3472054,-1.9919015,-0.4175988,1.0262419,0.018235344,-2.5477908,1.035017,-0.672286,-0.4844006,-0.42904124,0.18331666,1.1180397,0.9962482,0.7570376,0.026503943,0.6806487,-2.0836632,-0.036276545,1.2154181,-0.5463494,1.0882638,-0.00312224,-1.0457548,-1.4234154,1.162898,-0.60421765,0.7260034,1.3385502,0.008581145,0.6228713,-2.4220943,0.04172357,0.89251417,-0.4169068,1.6314,-1.198006,-0.016895523,1.302536,0.33356833,-0.32866383,2.1212802,-1.350461,-1.4809746,-0.48982528,-0.13892435,-1.2472317,1.5651169
Normal_TGCGGGTTCGAGGTAG-1,-3.4216912,7.0283318,-2.712478,2.1579626,0.70209235,-5.14389,0.27186653,1.666232,3.226785,-4.2075377,2.6203775,-0.3936538,-0.68358266,-0.36115125,-2.8699932,-0.26479012,-0.6176535,0.6598936,1.3752561,0.4533301,-1.4176425,0.79515135,-0.078859195,-0.8822167,1.1466238,-1.8549693,-1.0787424,-1.1431919,-1.6494715,-0.04271934,-0.3686615,1.4650745,-3.3605244,0.79540175,-2.23923,-1.1725341,0.6834276,-0.0028428186,1.5622247,0.14426976,2.304405,1.1533895,1.73959,-0.5523311,-1.1543097,-0.49142858,1.073448,-0.7233372,-2.376472,1.0433239
Normal_TGCGTGGAGCGATTCT-1,-4.7479887,1.7550272,-3.5763073,2.1596937,-0.6989696,-3.300283,-0.39526078,0.43904677,0.30448496,0.54737383,1.213612,0.3032861,-1.410242,-1.2932972,-0.5002801,-0.62168854,-0.8783335,-1.1228803,-0.45237538,2.5038686,1.6039444,1.0198805,0.5373782,-0.4137527,2.8468747,-2.3969414,1.2587186,1.2168155,2.0264814,-1.6044502,-0.8395711,-1.452703,2.2397275,-1.1725131,2.277719,0.42382467,0.98216116,-1.677322,-0.3968895,0.99152297,-0.9753812,-0.2700809,-0.09631781,1.8174214,0.06676879,-2.692699,2.7375796,-1.6470326,1.4769031,-1.5290918
Normal_TGCGTGGAGTCGCCGT-1,-4.5829134,1.7444019,-2.627077,1.6524755,0.57570183,-1.0885125,0.12738235,0.26355365,1.2798574,-0.52390987,1.5929639,-0.11840531,-2.9604063,-0.71300286,-1.1933641,3.0446649,-2.5798748,2.4614396,2.6086004,2.411053,0.44937137,-1.4757799,1.389869,-0.61863726,0.53404063,0.47024268,1.9558185,-0.17663796,0.3284632,0.61795586,0.065959655,-0.5233669,-0.45615202,0.93982923,-0.58227295,-3.646386,1.3613614,-2.4366796,-2.9538043,0.3638551,1.0067911,-0.13997258,1.0485419,-1.4846526,-1.0942235,-0.5591547,2.3004892,-0.3870516,-1.1525251,-1.0712631
Normal_TGCGTGGCATGCAACT-1,-4.464018,1.2987428,-1.6046379,1.4691601,0.2217749,-2.825629,-0.8630804,0.8854288,0.9607255,-3.6954975,0.7198604,-2.3259947,-0.180687,-0.8805142,0.12203257,0.59574765,1.1740402,-0.20787811,0.23259105,1.6277441,0.043744147,-1.6238662,-0.89718807,-2.2108617,-0.8556841,-1.872261,0.55525124,0.94054615,-1.7577451,0.18599558,-0.7504177,1.0839894,0.51314455,-0.7379712,-0.28687418,-1.038309,0.84427893,-0.6794262,0.99693257,2.6392121,0.03700464,-1.6702313,1.0025475,0.97045684,-0.23253107,0.031304415,-1.3232908,1.7572423,0.067675866,-0.16540544
Normal_TGCGTGGTCAGGCAAG-1,-3.3370237,-4.923253,1.8121197,-0.084897056,0.5473543,-3.631585,-5.2094073,-0.7998556,-1.9395273,0.123282775,2.7838032,-1.6665455,-1.4549528,-1.5097724,-0.31576577,1.9843692,-0.570861,-0.07544963,-1.4837242,-0.68488896,0.7075989,1.4059286,0.025054961,1.4850408,-0.50751746,-0.017545676,-0.7460073,-0.4068091,-0.59955907,0.99747694,0.55813515,1.3859009,-1.2462949,0.8102622,0.3558583,-0.7512485,0.4910125,2.055639,-0.5340525,-0.28115246,-1.071657,0.72206354,0.35742882,-0.09756741,-0.079466715,0.29075244,1.3908522,0.57141477,-0.9255612,1.0181807
Normal_TGCTGCTCAATCACAC-1,-6.3195395,1.1987007,-7.0068026,-0.1781223,-1.2390863,1.9800308,1.9909673,1.2453299,1.8391148,1.8649406,-0.17643134,-0.11615843,0.4288054,0.79231894,0.6917476,-0.6210636,-0.65833336,-1.8841821,0.87279797,0.21208392,-3.105462,-0.97327197,-1.4286767,5.1819644,-0.6099759,0.65671587,-0.8369425,0.040929653,0.91461647,4.107464,-0.6110248,-2.701895,-2.725635,1.6693535,0.053131346,0.61581665,0.72734934,1.1500617,0.17212166,-0.5525873,-0.3035252,-0.8062815,1.4136224,0.81780106,-0.42343453,0.4422065,-0.06389061,-2.9797573,0.78148526,-0.11105508
Normal_TGGACGCAGCGTGTCC-1,-4.135975,3.6657593,-3.91211,2.025968,-1.1381724,-2.3508365,1.1131713,1.1681595,0.67925143,-0.61259973,0.7017751,-0.52267367,-1.8769659,-0.5139666,-1.7377818,-0.45884994,-1.004169,-1.280971,-0.8686636,0.44224623,0.5814615,-0.820087,-1.707296,0.39156133,0.58339465,1.0385833,0.012936055,-0.011724573,-0.82272613,1.0796031,0.8503615,-1.4716917,1.3236175,1.5076839,-0.59353185,-1.3099616,0.025293486,-1.1369257,0.80351263,1.2268995,0.44929984,-0.6756157,-2.0682096,-1.6677252,-1.3950955,-0.9135747,-1.4004885,-0.76028365,-0.02040585,-0.08690589
Normal_TGGACGCCATCGGGTC-1,-2.4643657,12.098219,-0.79606116,-3.9626985,2.5103495,-2.9065428,-2.389325,-1.931067,0.16043079,0.92492676,-0.5350165,-2.6141884,-1.8962429,-0.35105148,0.6683177,-0.5800187,-1.76123,-0.22425632,0.5177409,2.8649852,-0.079198375,-0.6704637,-0.004446945,1.8920367,-1.7686156,0.7086737,0.22836427,0.17528369,0.2658001,0.08811586,-0.39308283,-0.5634923,-0.98330015,0.14841568,-1.36162,-1.1758335,-0.33221775,-2.984656,2.0142977,1.2650461,3.6033652,-0.44793943,1.8246787,2.095468,-1.4980699,1.2244557,-0.70017844,0.78212243,-1.5356001,1.0091263
Normal_TGGCCAGAGATATGCA-1,-4.2121954,-5.38054,2.3300922,-0.83017176,0.86517125,-1.1656922,-4.5389,0.4368104,-0.008196323,-0.21436389,0.6096573,0.09264352,-1.3515538,-0.74667054,-0.421992,0.7644205,-1.237333,0.46538997,-1.5772189,2.3124216,1.1606222,1.542757,-0.70127547,1.2236358,-0.59024906,-1.1491536,-1.7218106,-0.1324683,-1.2354101,-0.10665046,-1.1376246,1.3076444,-1.2182282,-0.35067216,0.5903748,-1.2351211,-2.2242827,-0.83697563,1.1508007,0.37649885,1.811321,-0.06608675,1.5025525,-1.2577344,0.16875775,-0.96300125,-1.8081455,0.56387156,-2.4789352,-0.8505271
Normal_TGGCCAGTCAAGGTAA-1,-5.729008,-4.901868,-0.6469402,-1.5845937,0.7177737,-1.8906643,-4.447441,-2.1107564,-2.896452,-0.7160798,0.013648903,-0.5041113,-0.5965187,-0.30607164,3.0165956,1.8007753,-0.27362478,-0.04159176,-0.17804904,0.44700557,1.1462656,1.0361352,-0.85750294,-1.7020849,0.33783132,-0.4493834,-2.8629947,0.41300714,0.005040239,0.15699159,-1.228706,0.13947229,-0.42080855,1.2219744,-1.2721224,1.3488941,2.8985639,0.3200587,-1.1202253,-1.392884,-2.7704043,-0.016350409,1.4059662,-2.6443713,1.5984166,1.6901584,1.1981397,-0.2080577,-0.7856157,0.790813
Normal_TGGCGCATCATCGATG-1,-5.0878296,3.497625,-3.9981384,0.9377121,-0.10031832,-0.44737005,1.2708874,1.9655857,2.4618483,-1.3123401,0.76587856,-1.5477707,-0.84816206,-0.5042478,1.1608931,-1.9442779,-1.8386041,-1.7770965,0.522412,-1.2912849,-0.57883054,2.117906,-0.8328189,1.3498551,-1.4677169,-0.46821767,0.42152467,1.2313454,0.53311545,1.9467689,-3.0647774,-3.1593928,-0.5266188,0.24964869,-0.3303397,-0.83874655,0.9711736,-0.44205898,1.2094434,-0.29340172,-1.1148872,0.6329043,1.2335359,0.74495244,0.21245436,0.12661746,-1.0111814,0.798245,0.850274,0.21184056
Normal_TGGCGCATCTACTATC-1,-0.8972726,-1.5742782,0.64650506,-2.6797025,0.73943925,-0.35244665,-5.016752,-2.6845329,-1.5992283,2.7657573,8.392753,0.7101481,2.6545904,-0.24846263,-3.6219263,0.14016534,-0.58169895,0.8735881,0.23844281,-0.45134714,-2.6100276,-0.5796603,-1.1340313,-0.81344986,1.0865664,0.8060999,1.8690345,0.1916722,-0.07816738,-2.6387284,-0.7173681,1.6669985,0.37390015,0.6889019,1.0634227,1.135419,0.13504022,-1.4201392,0.1302661,0.7583796,-0.765971,-0.2786541,-1.5746094,1.1218206,2.3789458,-0.53350204,1.4093988,0.30786744,-0.03339338,-1.550527
Normal_TGGCTGGAGGTGTTAA-1,-5.4255376,1.0150214,-4.41341,2.2807326,-2.2281787,-1.0724059,0.93274707,0.644909,0.01012908,1.7480999,-0.47267962,-0.4706013,0.30681676,-0.924703,-1.2551516,0.8692051,-0.77629787,1.2471118,2.3068626,0.38746485,1.2803466,0.7828394,-2.5705457,-0.62187284,0.51203346,0.6257771,1.5752302,1.3047838,-0.26240098,-2.310719,0.48709583,-0.14823075,0.004157622,-0.5243205,1.4975439,-1.3843304,-0.8896694,-2.1567886,0.05934635,0.6836455,-0.2935434,0.3437395,-0.65557057,0.29014003,-0.3974686,0.54311305,1.0711923,-0.7403021,-0.6593035,1.7431877
Normal_TGGCTGGTCTACTATC-1,-6.189171,0.119599596,-4.058391,-1.0578324,-0.9110792,2.6958835,0.2227994,2.7526329,1.0036575,-1.1923474,1.880134,-1.5423034,1.4428618,0.7970734,4.1618233,-0.2981326,1.7570142,-0.2618455,-0.63610977,-1.6667216,-1.0323713,0.99649197,-0.26974973,-0.15203948,1.5749468,-0.65352935,-0.015061033,0.8856295,-2.5290408,0.12535298,1.0444646,-1.773356,1.1573054,3.6975288,-0.29815003,3.2767344,-2.0814946,0.9991902,1.106904,2.9605517,0.028831104,-0.42824334,2.3989942,0.36039773,0.32137337,1.8427633,-2.560658,-0.4400743,1.7441268,-1.0681862
Normal_TGGTTAGCACGTGAGA-1,-2.5195937,5.5173926,-0.9551119,2.2634885,0.48640138,-3.9472613,1.0028037,1.7028357,1.8129783,-2.7534237,0.18661109,-0.0068528764,-2.1661441,-1.372124,-1.9575187,-0.7469319,-1.8529671,1.4006636,-1.7452846,-0.08445765,0.11895776,0.001058922,-0.56263787,-0.391749,-0.83940566,-1.0523876,-0.015998024,0.8222497,0.029517934,-1.3054547,-1.3915365,0.59517014,-0.017831815,1.0448415,-1.5711994,-1.1627994,0.5775739,0.30914637,0.70302385,-1.0009272,-0.46527502,-0.44760045,0.019020937,0.22545865,0.5074937,0.31920457,-0.6750178,-0.13341188,-1.3010108,-0.29254487
Normal_TGGTTAGCATGGTTGT-1,-3.8875628,-2.519156,-2.1628776,-1.5286753,-0.44663498,0.5662039,-3.3480835,0.6179536,-1.1931092,0.5016713,2.0773304,-1.7949758,1.2042605,0.6121662,2.4815254,0.2776607,-0.8124369,-0.14305992,-4.191657,-2.182103,-0.8770205,-0.25275207,-1.7975045,-0.7431247,0.5010042,1.108373,0.52289146,-0.866641,-0.5559908,-1.2494608,1.2247994,0.76526237,-0.48196015,-0.36887237,1.6273464,-0.40534043,1.619275,-0.55086595,0.7849634,0.5234654,-0.50597525,-1.1496738,-2.5427947,0.06612784,-2.0168188,0.47808412,-0.006885188,0.021337355,-1.7090089,2.3337815
Normal_TGGTTAGTCGATCCCT-1,-4.8034863,-5.536471,1.1618462,-1.9946656,0.19409384,-2.6476052,-4.365681,-1.989794,-4.4641805,-0.86488724,-0.5647296,-1.583932,1.6973915,-0.23814274,-0.048695303,2.9130855,-0.5261329,2.4077797,-0.09863897,-0.33790043,-0.67415863,0.2917349,-1.92342,0.9883413,1.5959164,0.91194737,-0.26677758,-2.036591,0.31819224,0.6255478,-0.007055808,1.8264271,-2.85288,-0.37088123,-0.37969333,-1.1321534,-0.69882965,0.29994315,-3.566182,1.5579705,-2.9653378,-0.14225216,0.99349874,-1.130483,-0.57905424,-2.6296775,1.3890911,1.5045804,-1.486325,-3.5860085
Normal_TGGTTCCCAGACGCTC-1,-4.810767,4.7144427,-2.9993365,1.5935509,-0.32178226,-1.7535081,1.8392814,1.6616863,0.6445598,-1.0530013,0.62618744,0.40674075,-3.7855167,-1.0943468,-1.2412753,-0.12438274,-1.5045227,0.3190442,1.6234663,0.5481158,0.06483792,1.7678608,-0.58165354,1.2896578,-0.8157832,-1.4223834,-0.015796268,0.9119453,-2.1681674,0.88135374,0.13996,0.26584458,1.4507116,1.4277123,0.56620514,2.1129363,1.0786297,-0.41949913,1.6448023,-0.4936285,-1.7479609,-0.24168646,0.8502973,-1.3480881,1.021151,-0.75472254,-0.53339297,-1.0414172,-0.15799227,0.6813634
Normal_TGTATTCTCAGCACAT-1,-3.5112422,-2.6660798,-0.7197138,-0.27149153,-0.6942246,-1.3706435,0.005160798,1.0654422,-1.3053725,-0.6938299,0.37636384,-2.6409156,2.2664073,-0.40480494,1.4936002,1.0227128,0.48237038,-2.205279,0.5068222,0.5998583,-0.7840062,1.9239753,0.56900585,1.747612,-0.5188026,0.83066356,-0.16175567,-0.47294515,2.3254354,0.29905045,-1.363034,-2.1510968,0.50463223,2.0393443,-0.118065596,-0.40476543,-0.89132774,0.2837365,-0.4986789,0.37961733,-2.1062007,1.6956636,-0.91569203,-0.7928248,0.5641482,0.1177414,1.4055338,0.60142165,-0.103880346,-0.06348692
Normal_TGTCCCAGTGTGCCTG-1,-2.35754,13.010422,-3.5902352,-0.999824,3.5556579,-3.6636338,-3.5288854,0.5855541,-0.16925417,4.0855956,-1.1132092,0.5356744,-1.989263,0.84728026,0.30434346,1.2146411,0.04819208,-0.16657668,-2.7426534,-1.5645189,1.3716679,0.9697148,-1.1360747,0.7613759,0.39221513,-2.769012,1.1980164,-0.08946293,-0.46326923,-0.7760785,0.06991603,0.079590514,0.6746884,-1.1539676,-2.0631263,-0.8610777,-1.1249505,-2.9771106,0.8553035,2.617063,2.0291417,-0.95782894,-1.344703,0.62223035,-0.47369066,-3.1340172,-1.5000806,1.1243633,-3.0376508,1.3717221
Normal_TGTGGTATCGCGCCAA-1,-4.3342524,0.03345124,-0.9708792,0.55014294,0.39041138,-0.96470743,-2.1474097,1.0849086,0.77850413,0.25012395,0.79690784,-1.6489432,-1.2486197,-1.8899679,0.13899767,1.3928711,0.03836859,-0.08192759,0.2718719,2.8698528,0.74001145,1.5922495,0.1218909,1.460983,2.5141354,1.2421924,0.37055856,-0.53949964,-1.5718969,-0.19525546,1.0953208,1.3952515,0.89416236,-0.73378956,0.2946776,-2.5505393,1.5677433,-1.3169516,-0.9615503,0.74819136,-1.0535123,2.091928,-1.5902877,-2.0424361,-3.6907175,-0.7511575,-1.213779,-0.5239808,1.1133076,0.2680061
Normal_TGTGGTATCTTAGCCC-1,-6.343262,1.1264355,-4.874138,1.2908837,-0.8846944,1.1810775,1.6222607,0.18547851,-0.53142,1.0649318,-0.5024052,0.56837034,0.32469332,0.38810503,3.240811,-0.35411826,2.4823787,1.262173,1.5012076,-1.487539,0.49719012,3.2183375,0.024041053,-0.2623794,-0.59947246,1.0278003,-0.7518689,3.4911482,0.3061342,-0.80349827,0.8169444,1.6605661,-0.84835345,-0.21190919,0.40213394,-2.0029633,-1.0566016,2.7325425,1.8192878,0.22905345,-0.04679221,0.28369865,2.763199,0.20110244,0.9794143,1.7225348,0.8803846,0.60787004,1.559685,1.2596264
Normal_TGTGTTTAGACAAGCC-1,-7.4537883,-3.5207646,-2.9458632,-0.6045241,0.2672905,-0.9360251,-3.4182034,0.07305224,-2.1852174,-0.061915133,-0.2748348,-1.0209671,1.5767012,-0.098007835,1.0086757,1.0811887,1.5534173,-2.9355495,1.3746088,0.011073634,0.1283128,-0.71848494,1.3126135,-1.1487801,1.4078319,-1.5155658,-1.8394837,-1.2792151,-1.7068443,1.6522105,1.356715,2.1282,-1.0932902,2.1306136,-1.2593181,0.36894947,-0.7060109,-1.1026568,2.0766208,-0.2524418,1.0402083,1.0742348,-1.747843,2.945857,-1.3306656,-1.6082922,1.6616515,-0.77396405,-0.22078781,0.56222606
Normal_TGTGTTTGTAAGAGGA-1,-4.5154324,1.1448725,-4.1664944,2.3701272,-0.17235485,-2.0218577,1.2091988,-0.9286547,0.43965006,-1.4738429,-0.17388766,-2.282968,-1.5852215,-0.97229093,0.20549254,-0.58631766,-0.8285878,-0.30120462,1.7350012,0.60359436,-1.0265355,-1.1578892,-0.74696267,-0.17241369,-1.22688,1.1500229,1.5712724,0.68032104,-0.29039058,-0.07913597,-1.1578597,1.9812479,-0.98705703,-0.56596446,0.4799674,0.59212446,-1.4142283,-0.38344157,-1.6919268,-1.71842,-0.15975973,1.4993719,0.92254525,-2.4060478,-1.4350166,1.1169226,2.114562,1.1903199,0.62350386,-0.47812974
Normal_TGTGTTTTCATTGCGA-1,-4.4762473,-5.9496403,2.394588,-0.7723497,0.82339174,-1.517749,-5.353427,-0.30178717,-3.4930265,0.58948743,1.7074475,-0.19807835,-0.6445758,-0.7866931,0.69709533,0.76440793,-0.6379703,-1.1122563,0.44683304,-1.0564942,1.8273544,0.13099979,-2.1659453,-0.7550282,0.9569418,0.3526549,-0.04477662,-2.5735652,-1.0100998,0.52812475,-1.4795715,1.8509314,0.20599659,1.2057049,-0.36067834,0.6859978,1.5558082,-0.02958372,1.5826497,-0.008102629,-1.2889394,-0.019808093,-0.04226874,1.0336311,0.26426467,-0.37554815,0.33654273,-0.7487751,0.096045904,0.27448142
Normal_TGTTCCGAGATCCTGT-1,-7.0943832,-1.6721689,-6.4191127,1.3479841,-1.5895566,2.1128259,1.3703098,1.7752315,0.25646338,1.8989543,-1.3727156,1.6231244,0.23436147,-0.98949647,1.7162467,0.17382511,2.7105615,-2.6821973,1.5876595,-2.088089,0.7491331,-0.32378054,0.025970066,0.12955417,-2.2904685,1.0375873,0.60527676,0.18676576,-0.6822217,-1.220193,0.033658966,1.4808749,-2.5075402,-0.7248105,-0.98675156,0.25881085,-2.3459482,-0.51486206,-2.2244875,-1.7631826,2.963486,1.6540196,1.7572116,-0.5409773,1.0509624,-0.3464803,-1.730407,1.4483322,-1.2719035,1.2768797
Normal_TGTTCCGGTCATGCCG-1,-3.7547083,6.93468,-3.9932196,1.5553036,0.12603134,-3.1325033,0.12379172,0.8593175,1.4214301,-2.4599113,-0.48392737,0.9767673,-1.796436,0.48112762,-1.500631,-1.8064374,-1.929437,0.37273377,1.9193921,1.9104011,1.7867095,2.194579,-1.2183311,-1.9432535,-1.8541712,2.4579687,0.7221985,-1.8882005,-1.1774801,-0.6448546,-0.08031456,-1.2574137,0.06250258,-0.82216597,-1.5556878,1.5407819,-1.5884318,2.4787745,-0.26975483,-1.4222413,-1.3926429,0.848008,2.4541018,-1.77943,1.3637071,0.83996224,1.4136902,-1.1300697,2.0899792,0.7425562
Normal_TGTTCCGGTCTCTCGT-1,-5.431779,-0.050704904,-2.635917,2.4101498,-0.52251035,-0.2533086,1.1042964,0.6028911,0.12307432,-0.15971413,-0.59033805,-0.6784496,0.79313034,-1.1049879,1.0089391,0.40330032,-0.21208578,-0.21448618,-0.083427444,0.39398807,-0.40098658,0.52593625,-0.77821636,-0.8009849,-0.7149559,1.7376605,-0.2818395,-1.3455065,-0.2346447,0.83829296,-1.7118437,-2.1067643,0.46186274,-0.55085444,0.81667536,0.17571592,1.3369516,0.7065546,0.67867655,-0.48399815,-0.17790289,0.15479046,-3.2174513,0.26795837,-0.6278674,2.1479864,-1.3887799,2.776006,-1.3363705,-0.16721061
Normal_TGTTCCGGTTGGACCC-1,-4.3067646,-3.1921546,-0.98566127,0.7719551,0.8167522,-1.782443,-1.9169267,-0.8743325,-2.2086918,0.34813523,-0.6617773,-1.667043,2.107702,-0.105614975,-0.34545287,0.5885356,1.5747643,-0.08219563,-0.46694687,-2.5229127,0.16730157,0.5402167,0.7488389,1.5334405,0.61654794,-1.7152493,-1.2078964,-0.44101742,1.1459016,-0.75545645,0.87627304,0.31725618,0.5864593,2.629143,-3.3144343,0.52157986,2.4687202,-0.72462523,-1.3312175,-0.29575562,1.0614978,-1.008415,2.3977072,-1.8638997,-1.5407467,-1.3304491,-0.4375197,1.4760858,2.113535,0.470762
Normal_TTAACTCGTGCTCTTC-1,-5.508489,0.45606902,-4.178692,2.2290394,-1.8840803,-0.6183584,-0.31430683,-0.2783837,-2.1020803,2.076298,0.77218866,0.9517513,0.47120538,-1.213104,-1.1627836,-0.8454472,-0.43342096,-0.13968769,-1.9897907,-2.5524833,1.6117224,0.8358547,-0.41155544,0.28573388,0.6761598,1.1018344,2.3940723,0.39765137,0.013338867,0.06497579,0.58188736,1.3361393,0.5258358,1.0262754,-1.4091969,-0.34306774,0.1282699,-0.8038704,2.1364014,1.5303859,0.4176412,-0.32791096,-0.4980019,0.21567452,-0.31333393,-0.22219637,-0.2081759,-1.3366246,0.2577865,0.011865506
Normal_TTAACTCTCAAGCCTA-1,-7.673491,1.14801,-7.8777566,0.69148076,-0.69261837,3.632463,0.603947,1.1133127,-0.2836139,3.908621,-0.7296188,2.3544416,0.6342657,-0.13972236,-4.72563,-0.13667402,-0.5673572,2.0230052,1.3044196,-0.39527702,4.2680635,-2.7738347,2.0177352,-2.8346736,-0.9551941,2.1513228,-1.685023,-1.7819089,2.1208894,1.1458657,-0.9939998,-1.2795975,-1.3736957,1.9564877,5.321876,-3.881698,0.8402207,0.4513772,1.1805075,-1.0009514,0.22136123,2.6560006,-1.129958,-1.1144074,-0.81700563,2.184521,0.67864186,0.531774,2.207588,-4.5748076
Normal_TTAACTCTCCAAACTG-1,-7.4834156,1.43937,-3.2360857,0.26192886,-0.30390427,2.7576847,-1.3003031,-3.8630617,-0.7019981,0.07796483,0.40249228,-5.5323086,1.1542168,0.7360094,-1.5757959,3.2067432,-1.0472925,4.1553206,1.2919896,1.0766734,2.6522684,-0.91169256,-2.8165996,-6.8743224,-0.4260008,-2.383817,3.3478854,-2.1769142,-5.2811275,-4.421283,-1.5684303,-2.1757557,0.9574456,-2.751444,2.6695285,-9.390554,-0.23510154,9.080063,3.054909,-2.0316255,0.28987542,5.7602677,0.26542675,8.072762,-0.17673142,2.9634175,2.9372697,4.1664014,4.9238954,-7.6644783
Normal_TTAGGACGTAAGTTCC-1,17.741686,-2.491156,-6.4616027,-0.8161851,0.2509995,2.507445,-2.1276863,-0.813518,1.0024467,0.88858557,-2.1344347,-1.2638983,-2.5442383,-0.6155187,0.34910637,-1.8849019,-0.96216017,-1.3996986,-2.3522973,-1.9626373,-4.461345,1.7792889,-0.58102566,-1.9990422,1.513728,0.4389407,-0.90556467,-3.2803833,0.24435787,-0.94761384,-0.29822493,1.5262072,-1.1400331,0.69210887,-1.3719618,-1.0415598,0.23450713,-2.4162362,0.07425478,1.0205336,-0.14957383,-0.08865622,-0.0063854293,2.4521377,1.0378846,-1.6791315,0.8909902,-0.7210003,-0.57579654,-0.62755305
Normal_TTAGGCAAGAATCTCC-1,-2.2756672,11.893516,-0.7890653,0.78838223,0.82752717,-6.612283,-0.5654657,0.45315734,-0.8015837,-1.7388018,-0.9535159,-2.4267888,-2.7282093,-0.98343885,-0.5441243,-1.1238827,-0.33974385,0.4717542,0.9866008,1.0838872,0.50699484,1.0406115,0.13162564,-1.4140931,-0.8269575,-0.8331895,-0.005067471,0.0984971,-1.7575659,0.03950911,0.68427914,0.38653296,0.8110851,0.03461832,-1.3363826,-1.2878273,-0.8681444,-0.27459395,-0.62553537,0.92049706,-0.5535491,0.30440298,1.1692259,0.1038284,0.7118587,1.968142,-0.48767135,0.56075686,-1.8024251,2.7510614
Normal_TTAGGCAAGCCACTAT-1,-4.6439185,-1.2581908,-3.4513605,1.9266956,-0.20912534,-0.4368227,-2.6073904,-1.5316463,-0.33449385,2.097559,0.42612186,-2.7155259,2.7093098,-0.23715717,0.8843443,1.5120523,0.5018909,1.5344,0.37437928,-0.119169705,-1.5283873,0.66977304,-0.8006197,0.9239138,1.9514278,0.6987585,0.96997374,-0.20128095,3.1542969,-0.24981654,1.4834068,-5.5398197,-0.9039107,-0.5445004,-1.6422466,-0.24952035,-0.98713833,0.566418,-2.7441628,-0.14557697,0.57540995,0.58584505,-1.9078323,3.8728364,0.82607377,-3.0258174,-1.262257,-1.6566386,-2.6204019,0.90079665
Normal_TTAGGCATCATCATTC-1,-7.516144,3.2808685,-5.9007425,0.005933909,-1.1651158,5.444555,2.1473415,1.4861883,1.7875965,2.6223514,-0.6356349,5.13948,0.7070649,-2.1585836,-1.5824941,1.1201963,-1.5368531,3.6949232,1.5938904,0.6979826,1.2972038,1.6420702,-1.6402758,-1.2289541,0.18848854,-0.08623461,-1.4918956,-0.71848696,0.007187805,2.6451628,0.9257643,-0.47228107,-0.51866186,0.57743746,-1.757117,-1.1507999,-0.022191659,1.684295,0.8218473,0.6518562,0.012260006,-1.2646705,2.4110377,-0.4919605,-0.10649836,-1.90913,2.245089,2.5567462,-1.6610644,-4.1192427
Normal_TTAGTTCCAACACGCC-1,-6.6027293,3.0883498,-4.0507245,3.7368689,-2.136964,-0.6041193,1.7193574,0.12142637,0.57670444,-1.2708888,-0.5568609,-2.3343332,-0.73254067,-1.6408098,-1.1609585,0.32879156,-0.11394354,-3.673466,0.367195,0.49303204,-0.23988864,-2.374864,-1.6370387,-1.9468489,-0.20284234,1.5616685,1.1212031,2.3370805,-0.12347186,0.902158,-2.2631996,-0.0834572,-2.3652515,0.9401597,-0.93746996,2.2180948,1.4609047,-2.0353622,-2.892143,-1.489651,1.0902587,1.3499676,-3.8060875,-1.2261503,-2.6865106,-0.9365314,1.611817,2.3225067,2.3374197,0.11780799
Normal_TTATGCTAGAAGCCCA-1,-8.032543,1.454878,-7.684527,0.6388263,-1.9864717,0.3792176,1.1931652,1.1563255,1.1929786,3.6696322,0.04838161,3.893269,-0.52069515,-0.7091869,-0.836818,-0.5550222,-0.6545864,-0.34331638,1.6080674,0.7301485,-1.4459819,1.8207808,-1.9802574,-0.6333568,-0.523091,1.1683451,0.38664111,-0.5277456,-0.25181177,3.920104,-0.109886184,-0.21239619,-0.97733015,-0.9580959,2.7330298,-1.9575181,-0.44095376,-0.2038008,-0.58399993,-2.9488604,-0.5996026,-0.22893862,0.4206478,-1.599895,0.8127907,0.60515475,-4.725683,-0.4608681,-1.8273071,1.5511023
Normal_TTATGCTAGGGTTTCT-1,-5.814955,-6.9344344,1.7973284,-3.2533426,2.6629047,-3.489113,-4.7710176,-1.0335957,-3.861717,-0.19268689,-0.20472011,0.0424164,1.1888249,-1.9053506,2.0819263,-0.6964236,-1.3549563,0.2694371,-1.1022966,-1.2514507,-0.6623087,0.32313025,-1.6992021,1.7168987,1.8051702,2.788213,-4.27028,-1.7769262,-1.4993749,0.23710437,-2.8017368,-0.5138648,-1.4277791,-1.1731807,-0.2194723,3.3186588,-0.9187772,2.3565469,0.7062112,-0.5142254,-3.5944877,-0.54378825,1.4651971,-0.40475118,0.23892397,-3.3460283,-0.027311005,-2.3664582,-0.3914696,0.13512689
Normal_TTATGCTCAAGTTCTG-1,-7.3524323,-0.9401865,-2.2775004,-0.5611984,0.812288,-0.5668229,-3.9188116,-1.7560698,0.16084568,-1.9892503,1.9535661,-2.6669261,-0.8664969,-1.1363022,-0.6448254,2.4231145,-2.6537623,0.6660023,1.2265257,4.1874948,-1.3786281,0.09861207,-0.59216344,-0.08028251,0.4430302,-1.2056278,-1.0835207,0.28252226,0.4961512,1.1356722,0.24378772,1.0443548,-1.495798,2.7950857,0.07933923,-0.18921405,-1.4507715,-0.57395685,3.037289,-2.4789875,1.7401282,-2.0885615,-1.4923072,-0.556667,-1.9621778,1.5035431,1.8763393,0.90194184,-0.6220178,1.5669378
Normal_TTATGCTCATATGCTG-1,-4.228064,-1.8570296,-0.96169895,0.56291866,1.1339884,-2.382373,-1.8319862,-0.37661198,0.61891294,0.6112222,1.0059714,-1.9351016,0.045715485,-1.3797439,-0.2713271,-0.051623207,-0.82410747,-0.36755466,-2.1398294,2.544722,-0.43189266,0.7236902,-1.8329405,-1.2845345,0.07590858,-2.1337564,-0.0007937584,0.33546722,-1.0507022,-1.0026988,-0.9835932,0.14832705,-0.18531136,0.933873,0.104947224,-1.9000175,-0.96859306,0.5770684,2.3075738,0.9102321,-0.46718612,0.7712071,-1.9228419,-2.3313086,-1.3518177,0.096605,-1.8052286,-1.7959131,-2.1023288,-0.7061609
Normal_TTATGCTTCCTTAATC-1,-5.5743237,0.07750161,-6.1676702,0.8233207,-1.6229371,0.8017254,-0.27411586,0.028017472,1.2320741,1.0321382,1.177355,-1.3137013,1.7925223,-0.4843372,2.463953,0.5229082,1.8028219,-1.2291614,0.34622392,-1.2933092,1.4027926,-0.11646205,0.6154458,-0.6625195,-1.3659103,1.5409507,0.6358098,-0.60188,0.09545841,-1.2450042,1.0583411,-2.723049,1.0243312,-0.96269053,0.15500231,-0.13631573,-0.031767514,1.0743748,-0.19037601,-1.395167,1.676344,-0.5576063,-0.7637166,1.4167099,0.22652014,0.24566232,0.18251845,0.34918025,1.58343,-0.31398597
Normal_TTCGAAGCACGGCCAT-1,-5.466035,0.69246536,-3.7582006,0.77156556,-0.83225524,0.48004907,0.641656,1.009448,-0.058470383,1.5135261,-1.4947824,0.21001177,-1.3251164,1.1341245,0.35232276,-0.47771615,-0.1606452,-0.92655456,-0.72424626,1.6519407,-1.3147067,1.0573014,0.5421271,-1.3140842,-2.0439167,0.9468087,3.010841,-0.65744454,-0.6515728,0.77906823,-0.010814046,0.31093705,-0.02367797,1.6598276,-0.467138,-1.2910197,-0.49750668,-2.60898,-0.3666278,-1.8593601,0.5922175,-0.009625581,-0.2329975,0.10170391,0.9419191,-2.0840766,0.16806652,-1.6837817,1.7797474,1.6306733
Normal_TTCGGTCGTCTAGAGG-1,-5.6266236,-1.4094535,-2.3914382,0.737718,0.61371607,-1.165123,-0.7394639,-0.9215116,-2.2813528,1.4758749,1.5485595,-0.7854228,-0.13089931,-0.2483103,-0.6470922,3.1000957,-1.333793,1.6711268,0.053548954,-0.20998116,-0.94507694,1.3943055,0.17448875,0.46721733,-2.2826219,-1.6964262,0.10176052,0.35503605,-0.75951296,-1.2173835,-3.3231103,0.31151724,1.4249958,0.033195686,-2.704139,-0.356526,3.179445,-0.5509346,3.5252,0.88311607,-0.8557848,1.467295,-0.37278438,-0.6780333,-0.41990826,-1.1525232,0.011818361,-1.7420776,0.15268008,-1.0734737
Normal_TTCGGTCTCCAGGGCT-1,-4.191197,9.766765,-5.040533,-0.33556196,2.0834222,-2.2773643,-0.95982224,1.9860461,2.851577,-3.5338442,0.56554794,-2.1666737,-2.6594698,-0.031113,1.4337821,-3.0730445,-1.3605924,-0.22596386,-3.138831,-0.58984184,1.3246086,0.22034907,-0.033088237,0.6791867,1.2611045,-0.5708641,-0.31499854,0.80999136,0.8834614,-1.3341937,-0.8239376,1.3430243,-3.415495,-0.07595008,-2.3139026,1.4625202,-1.9267517,-1.9196779,-0.46145484,0.05372315,-0.11180744,0.26063713,-0.19267821,-1.4499612,-0.920706,1.4666795,-1.3830197,-0.16474387,-1.5905187,1.8372626
Normal_TTCTACAAGCAGGCTA-1,-0.7168036,10.186395,0.61965686,-0.32321048,2.2036045,-5.458088,1.1352707,-0.70007545,-4.643459,1.2866098,-2.6296744,-1.1031195,-0.6913611,-0.4889949,-1.6464384,-0.99643964,0.30519557,-2.978037,0.19197834,1.3405864,-2.02313,-0.80782,0.10813411,-0.9132075,-0.34125397,-1.2941475,0.3079157,-2.626551,0.941843,0.6194263,1.6669382,0.04705138,-1.3672391,-0.8254978,-2.6026454,1.4211334,-0.44353265,-2.453572,-2.7702327,0.9180719,-0.3774855,-0.40729758,1.8688323,-0.0034542053,0.45775127,1.6217183,-0.8369209,1.4308646,-2.2154226,0.12287884
Normal_TTCTCAAAGACACGAC-1,-4.3428926,-1.9820683,-2.4693353,0.97023094,-0.48264554,0.37871018,-0.72259396,0.87170285,-0.9387414,0.853984,0.8360243,-1.4751748,-0.8907155,-1.1033286,1.3147572,0.7970094,0.5440629,-2.3116229,-1.4748485,0.12798178,1.4670622,0.27365237,0.179893,1.7908092,-0.004823584,-1.0088314,0.52665514,-0.01439573,-0.5932986,0.4219297,0.035754748,1.1579589,1.0821909,-0.52901846,0.39584982,-0.39559355,-0.34345,0.49071488,-0.73178196,0.004025927,1.8102992,0.48511073,0.37269428,0.4233445,1.2135204,-1.6033162,-0.8467442,0.3910903,0.99457955,-0.89028805
Normal_TTCTCCTAGCAGGTCA-1,-8.06379,1.0279174,-5.2257495,-1.3790148,-0.052569855,5.319679,-0.6259995,2.2951715,1.8264456,-0.10404034,-0.8468835,2.0661464,0.2516524,0.8814862,7.773625,-5.3019543,-0.354653,-1.9326929,2.422093,-0.12237295,-3.5865881,0.7940268,0.025737146,1.7693009,-1.0270231,1.9063017,0.7445115,2.743309,-1.5666428,0.6649751,-0.9534214,0.15475167,0.5012733,-0.9949175,-0.34271064,2.4496374,0.55468595,2.6879358,0.5198655,0.6990693,-2.541855,1.4892533,1.8378116,1.5656106,2.1462893,0.2601965,-0.9824215,-0.68297017,0.07355192,-0.7330465
Normal_TTCTCCTGTGTTTGTG-1,-4.480616,4.041411,-4.0928197,-1.3968779,-1.8421143,-0.09467073,-0.2460193,1.5708897,2.6080244,-2.9916193,-0.13737169,3.435269,-1.1536406,3.0036616,1.6015047,-1.1009405,-1.875247,-0.49872482,0.529133,-1.8611667,-1.2349808,-0.95905393,-0.9841595,1.1087898,-0.708827,-0.5527372,-2.4924207,1.8008754,-0.25327072,-0.8005081,-2.486163,0.54745185,-0.63741374,-0.87496436,-1.0923865,1.0665907,2.7359614,1.0354238,-0.88827235,0.52544034,-3.1634922,1.9387355,-0.10033366,1.4049096,2.3188555,0.63642734,1.7046096,-0.4539221,2.3653746,-0.95565766
Normal_TTCTCCTTCATACGGT-1,-9.354526,-4.0627356,-5.822021,-1.5743842,1.4533409,2.0013216,-3.9848447,-0.34015307,-0.8552899,2.119605,-1.5129588,0.9013085,2.4323163,-0.49768814,-1.1288257,1.6998369,0.5387012,-2.2149003,-0.093778364,1.0016403,0.35389012,-1.626207,1.6320367,-0.7331443,0.091158554,1.0733497,-0.42846337,-3.2288733,-1.2001319,2.2004812,0.74996316,0.36091483,-1.3750237,1.5569168,-3.6101518,0.91963226,-2.6967087,0.7639014,-1.623929,-5.390807,-0.6679184,0.711574,1.0923768,-1.6110921,-1.4674087,0.87496316,2.7311406,1.7723975,1.6513108,-1.5433923
Normal_TTCTTAGAGGGTATCG-1,-3.209436,1.1870272,-2.7314014,3.2205563,-1.0049479,-2.917745,0.7079398,0.04712224,-1.6375059,0.69236755,0.12735753,-2.0564187,-0.2205494,-0.5446279,0.39082006,-0.14232017,-1.1075191,-0.458287,0.6820073,0.1924686,0.16544503,-0.12063633,-0.1773632,-1.5618968,-1.1405114,0.1804582,0.65036064,0.67464495,-2.7815614,0.4251247,-1.8816851,-0.29678297,0.15129836,0.20425169,0.6901324,-0.61725837,-0.55377346,1.1023198,-0.24431159,-0.7901245,0.88110656,-0.19161893,-0.90145594,-1.2633026,0.77516043,-0.1611304,1.1062368,-0.6033605,0.5564696,-0.5107775
Normal_TTCTTAGAGTTATCGC-1,-8.039031,-0.63679683,-5.509045,-0.93784803,0.0845951,1.5394877,-0.6493691,-2.4680674,1.6914444,0.30358565,-0.81092036,-0.56622857,1.356352,0.8133485,2.2791202,0.11081606,1.100101,-1.9391018,3.0665257,-1.074523,0.07829818,1.1138011,-1.3465945,-0.43812886,-1.2126464,-0.4235677,-1.4328889,1.816168,0.5721077,1.6334186,0.17243285,-1.3273532,-4.643536,1.9068065,-1.2015065,1.6325222,0.18172279,3.2012327,0.69677764,-1.130158,-0.56840837,-2.542815,3.2521973,0.21155624,4.7699537,-0.22748579,2.9616804,-0.98534036,-0.926918,-1.7203223
Normal_TTCTTAGTCAGTTCGA-1,-4.234774,4.1483274,-5.2550797,2.733294,0.17552187,-2.754114,1.1015913,-0.14848943,2.136296,-1.2992996,1.1356026,-0.39302096,-0.15370943,0.023702491,-2.0614226,-0.90842056,-0.13710453,0.7409321,0.00052072905,0.8208695,-0.600165,-0.53894466,-2.5933979,-0.70410234,-0.9084322,0.44202957,0.8553158,1.1558727,1.6661551,-2.13409,0.61608154,3.294457,0.17147619,2.2443254,3.5645444,0.6733098,-0.28001544,0.021973556,-0.04668537,-0.37629154,0.082685776,-0.07870535,0.9379718,0.9022491,-1.1649191,-1.6744516,-1.2246696,2.0153553,-0.93110496,-1.694924
Normal_TTGAACGTCTCTAGGA-1,-2.6576872,7.989296,-1.8066995,2.5034187,0.21454786,-3.1605814,1.7797215,1.0776595,-0.32190797,-1.7355769,-0.037864156,-0.080241464,-1.4589863,0.59611166,-1.489045,-2.1388083,-0.80912054,1.6607732,-0.35556537,0.41304436,-0.18670602,-0.11359996,-1.1571088,-1.1711307,-0.00376465,0.9825868,1.4198788,-0.7969512,-0.16267784,0.9359166,-0.5698955,0.21238723,1.0849984,-1.2285855,-0.2272364,1.6648725,0.012474986,1.3798871,-0.8029182,0.0052511212,0.6193949,2.561779,-2.216166,-0.9782422,0.9821901,0.8163556,0.6432936,-1.3431438,-0.15974884,1.2330892
Normal_TTGACTTTCCGAATGT-1,-1.9558941,5.4700317,-2.1892412,-0.31866622,1.1379445,-4.605782,-0.31644437,2.0810533,1.874916,-3.3434007,2.1175992,-0.5598758,-1.9737562,-0.62191224,-2.3554802,-1.1774865,-0.8403474,0.024918037,-0.33495295,-0.53701097,1.4954834,0.4296365,0.27258432,-0.14862515,1.9524974,0.6339774,-1.0307713,-2.2555325,-0.359028,-0.6567855,0.5062377,0.24741213,-1.2190679,0.45746112,-1.0668944,-1.4190472,-1.3824242,0.23708054,0.085121065,-1.6648147,-0.5618667,-1.127163,0.25367054,1.0248271,0.016913624,-2.8791842,-1.85419,-0.19646141,-1.0326169,-0.50518686
Normal_TTGACTTTCTCAACTT-1,-3.3469505,-3.8480773,-0.53817266,-1.4739568,0.36652386,-3.2817996,-1.8726346,-1.0381007,-1.2100196,1.0921149,1.6880767,-2.5235183,0.37660027,-0.4484764,-0.09752079,2.9488535,-0.20829403,1.5852387,-0.9160198,-0.7848026,0.47471938,0.07590737,-0.9479303,0.4044511,-1.4234755,0.757163,-1.6794544,1.2420721,1.1877407,1.6913176,0.7625296,-0.11916855,0.11186806,1.3365784,0.2881687,0.3883758,1.0043162,-1.1983266,1.8075465,3.2761145,-0.7657938,0.16597752,0.8535719,-0.07000294,0.24629797,0.37764364,0.40485838,2.2153745,-0.35151032,0.98412627
Normal_TTGCCGTCATTCCTCG-1,-3.1557276,-1.705913,-3.5490735,2.1511564,0.2383693,-0.7237829,4.058277,-0.3608754,-4.344501,-1.0172701,0.912661,-2.51356,3.383633,0.32770687,-0.112729095,4.447112,1.4551952,-7.054819,-1.0814842,-2.7347414,-1.9017966,0.06766431,-3.2999113,5.137542,3.3127484,-10.0443945,17.566902,-8.448191,6.3473635,-11.224365,-6.5100055,6.8955092,3.3295178,-3.4434164,-6.306037,-0.34374747,-4.9546347,7.726479,-17.011127,-8.76034,6.146202,10.164231,-6.9425693,5.2659965,10.97078,13.627703,-0.6159996,-1.4472578,-7.3933334,1.5774021
Normal_TTGCCGTTCAGTCAGT-1,-2.8204734,-0.878622,-2.2470036,-0.015856555,-1.2896296,-1.1035329,-0.19422896,0.65850896,0.24484923,1.0050815,3.8189013,-2.079969,0.83367544,-2.218195,-0.09853376,0.38778228,0.38900676,0.02312075,-1.237029,0.6374693,0.7938259,-1.6007811,-0.033619247,0.35545394,-0.123934805,-0.7492712,0.7446509,-1.9330918,-0.6028914,0.99447477,0.91406745,-1.2613412,-0.86893547,0.4078111,0.3565093,0.11712897,-0.07852207,-1.8125365,1.3019997,1.0461123,2.0847664,-0.90328544,-1.1602386,-1.5528198,-0.69725126,-0.17804764,1.1530877,-0.58138114,1.3067627,-0.5323727
Normal_TTGCCGTTCCTAAGTG-1,-6.480017,0.065542355,-4.468215,1.9667091,-0.6996211,2.3866274,1.5948269,0.9070031,-1.4076635,2.2534347,-0.09113391,0.2786179,1.2193463,0.23000914,0.47897443,-0.8357526,0.8386505,-2.5222807,-0.6771082,-1.5166249,-0.80040574,-0.5336493,1.0740407,0.36137518,0.48025623,-0.43525103,1.5731181,0.26575714,-1.2953346,0.8142132,-0.17393239,1.0957981,-0.4699972,-0.526706,-0.048381194,2.1497996,0.93553233,0.7141841,0.046776816,-1.368206,-0.96536267,-0.06511885,0.53934455,-1.3843797,-0.11285109,-1.6366366,-2.5515816,-1.3246783,-0.23088819,-0.40304
Normal_TTGCGTCTCAGCGATT-1,-4.606226,4.561465,-2.708411,2.5161493,0.27718547,-2.2721882,0.5205883,0.45080698,1.7073153,-3.11654,1.3666269,-1.0514896,-2.2870033,2.3353627,1.3515022,-3.3526592,-1.4939368,0.22803697,-0.87922084,1.8044654,-0.9021881,-0.45633698,0.4608713,0.026113877,-0.9131323,0.37094322,-0.12695977,0.0076163732,-1.5264164,0.15087166,0.021631222,1.269543,-0.3934429,0.51447475,-2.153248,-0.9171832,-0.27142638,-0.21246886,0.15883642,0.0075244308,0.82982606,0.634674,-0.68608433,-0.58171666,-0.124170564,0.93975085,-0.33755323,2.4831595,0.52868986,-0.7933009
Normal_TTGGAACCAGAAGCAC-1,-4.132804,4.8062186,-2.375963,2.2525966,-1.292397,-3.5573454,1.8155068,1.5061034,1.6829166,-2.6226075,1.0081736,-0.6682788,-1.3676828,0.65926355,-1.4174199,-2.2992828,-1.2914163,-0.65230983,-1.353685,0.19827667,-0.14321391,1.141526,-1.0653193,-0.49278477,-0.40057385,1.3034952,0.32996655,0.0051187454,-1.1065153,1.2461514,0.010593333,0.44214627,-0.55830353,-0.079901665,-1.2326063,-0.8006345,-0.40167227,-0.044783622,1.6084518,0.2099462,0.60363245,-0.40267816,-1.0301222,-0.6274081,-0.8268464,0.45127198,-3.2972388,0.33391005,-0.51337653,0.7871601
Normal_TTGGAACGTCGCATAT-1,-4.858546,1.0944258,-5.245457,0.67860466,-1.7981837,-0.857475,2.7047064,0.5677601,-0.033083256,2.350841,-0.094509855,2.8922687,-2.3459208,0.382789,-1.798848,0.5031908,-0.5030026,-0.4301266,1.8225905,1.0817071,0.8721117,-2.7312102,-0.29028663,-0.20771429,-2.5204036,1.9403337,0.6326526,-1.4776443,0.14453389,-0.33333325,-1.2755752,-3.7237246,0.40685165,-1.6505419,1.6660172,-1.1856238,1.9332855,-0.96610487,-2.5178516,-0.12810688,-2.9305356,-1.7054871,-1.2614087,0.4579689,-0.49947184,0.049213074,-0.3768651,-1.2225124,-1.3178489,-0.71797955
Normal_TTGGAACTCCGTCATC-1,-6.2116494,-1.1486049,-5.278272,0.8636158,-0.2567554,-1.054525,0.41958538,0.5133269,0.41236445,-0.23547441,-0.3832395,0.3600968,1.1474005,-0.7477579,0.7117599,0.092815354,0.7782932,-2.2672482,0.07060202,1.7579414,0.1758624,-1.2254261,-0.29896343,-0.20098545,0.34222353,2.589645,-1.2782265,1.8381692,0.09926702,0.98947644,1.1388159,0.3035975,-1.4076742,0.278147,-0.3150069,0.915899,-1.458282,1.083441,0.5249724,-1.4723985,0.5222313,-0.012911783,-1.5834574,-0.11768141,1.3596647,1.7341208,0.19139142,-0.036793,0.21122673,-2.3948357
Normal_TTGTAGGCAGATGGGT-1,-8.13509,1.1343144,-8.49067,-2.450812,0.5373339,4.279122,2.8213444,2.0138276,4.264848,2.8994894,-1.5197799,4.1227946,0.81633127,5.891782,-0.9022411,-0.5812609,2.449472,3.8663576,1.322248,1.2500418,0.06750611,5.1324806,-0.7716172,1.8788904,0.595545,0.6487287,1.1962281,-0.23519203,3.128927,0.38118726,-2.2906165,-0.4612998,-1.9928247,0.91770595,-1.1964673,-1.6243415,0.6000339,2.3409557,0.45490947,0.624631,-2.1276546,0.984422,3.1179597,2.8292658,1.7094308,2.0230343,-1.0338017,1.837619,2.754149,0.7255351
Normal_TTTACTGGTAGCGTGA-1,-5.111065,4.779994,-3.83985,2.938852,-0.12353607,-2.1757984,1.9909402,1.2244736,1.7087817,-1.1966751,-0.18614286,0.87163895,-2.9549541,0.49341723,0.2821024,-3.6637728,0.40253526,0.7050337,-0.46803933,-1.586607,1.465109,1.67949,-0.20926204,1.2744073,-1.1397038,-0.12235618,0.77649516,-0.07573533,-1.1052274,1.7339592,-1.2858803,1.3324333,-0.73777306,0.31819123,-0.8709359,-0.034818407,2.768887,-0.056416992,0.3494514,-2.1136334,-1.378318,-1.3293121,2.1244297,0.7390568,-0.39498025,-0.27426422,-2.1201527,-0.8498341,-0.10655204,0.1318981
Normal_TTTACTGGTCCGTGAC-1,-5.275462,-1.1414453,-2.3607485,1.3928349,-1.3902524,-0.7704295,-0.1990067,-0.7424701,-0.60569644,-0.47248155,-0.26070666,-0.59911454,0.6613005,1.9278874,2.812676,0.08648862,0.059557326,-1.0231528,-1.1675919,-1.623602,-0.9432004,0.72314304,0.13358687,0.57020944,-0.5571109,-0.1505049,-0.114912525,1.5779079,0.38794988,-0.34770206,0.703059,1.5551095,0.8530431,0.0058397013,-1.6947316,1.2179127,0.7772272,0.7449944,-0.017874088,-0.11912637,-2.32283,0.07908688,0.4641214,1.0612085,0.43569186,0.996486,-0.6328394,1.0107381,-0.65955037,0.90755534
Normal_TTTACTGTCGGCTTGG-1,-5.3906565,-0.94671124,-3.7122416,1.2974777,-0.050512236,-0.7137688,-0.54828,-0.37233165,-1.5231231,0.16509373,-0.5796165,-0.15150708,-1.0656238,1.114234,3.4788003,0.53769743,1.3824,-0.27960986,-1.7061911,-1.2603941,-1.0831316,0.78455204,1.8830823,-2.1157386,0.41228583,-0.42377776,0.79180706,1.9359187,-0.17706403,0.47809947,1.1477652,-0.1059688,0.602912,-1.5689178,-0.90119106,-0.062139302,-1.2929944,-0.18697956,-0.19486475,1.7464635,2.3561883,-0.4685101,-0.9321972,0.2575569,-1.372003,0.73753315,-0.7779751,-0.7010384,1.6713687,-0.9910124
Normal_TTTATGCTCAACTCTT-1,-5.73052,-1.1720605,-2.484582,0.55612904,-0.12545367,-0.10887981,-1.7513102,-2.021243,-0.14788951,-0.33122656,2.2045825,-3.1042,2.4991765,-1.124625,-2.1359146,2.2283554,-1.9072701,0.5782496,-0.45538887,-0.000331614,1.1448556,-2.1059406,-3.675674,-1.7980691,-0.56848884,0.83819896,0.3462436,-0.13266754,-0.83586764,-0.7630782,2.1487386,-0.7879041,2.3628826,1.2403606,2.1475217,-2.7235546,-0.9170167,-0.6027421,-0.29282245,-0.45752883,0.52550524,-0.5617921,0.86326474,0.11141413,-1.9519514,3.409916,-0.75885075,-0.923902,-1.6384828,-3.6126149
Normal_TTTATGCTCATGCTCC-1,-8.030635,-0.67404383,-5.828719,0.56962436,-0.7542174,1.1194528,-0.31612322,-0.1647402,0.8572479,1.2593048,-0.5593167,-0.66071653,0.8515938,-0.4780087,-0.93536806,-0.04297686,0.4384191,0.40293947,1.337347,0.0032847568,2.4655008,3.053322,0.04862966,-3.5250714,1.1268089,-2.2839453,1.4191182,-1.3104057,0.4185244,2.4722157,-2.8424919,0.052097436,2.0748389,2.0751617,-0.43050173,0.5116819,0.47579357,-1.2250432,1.1266478,0.30662212,-3.9390018,2.371585,3.7695842,2.9784338,0.16190605,3.1267045,-1.2882471,-1.8423426,-2.7740839,0.66594577
Normal_TTTCCTCTCTGCAAGT-1,-7.5387406,2.0260696,-6.5470366,1.5316143,-0.29380763,0.29115418,1.454468,0.8035156,1.6889615,2.4149473,-1.8326656,4.070522,-1.8733,0.6770738,-1.1401209,-0.21919817,-0.54308045,4.670936,1.9710286,-0.38505518,0.8609142,-1.8004797,-0.7979669,-1.2306416,-1.2076346,-0.26656,-0.16634238,-0.42980915,1.254225,0.79173595,-0.3900457,-5.3831506,2.2137115,-1.9137368,3.3798175,-1.9018066,-2.076866,2.1242619,-3.704366,0.06385022,-2.8269978,1.555375,0.6800677,1.6767446,-0.13474883,-0.6878262,1.5577273,1.2248423,1.4070127,2.4921367
Normal_TTTGCGCTCCGTTGTC-1,-7.340943,0.65367925,-6.481496,1.9043583,-0.11390815,-0.045356877,-0.46489942,-0.19911064,-2.136152,2.1025763,-2.2328339,4.1664486,0.61923295,0.8563923,-0.4294615,-0.39791113,1.796437,-0.1661124,-0.2124974,-0.9313889,0.49442205,1.3376553,-1.7280228,-0.31615058,-0.21610926,1.7623389,1.0922871,-0.00995313,1.908213,0.9978171,2.1338122,0.27560857,-0.5244634,0.65551245,-0.37054718,0.23048909,0.43021464,-0.8032422,0.953513,-1.8291497,-0.26750675,2.9621277,-1.5578612,3.0084112,0.041845348,3.9824178,-2.9556005,-3.468359,-2.4360313,0.22387742
Normal_TTTGCGCTCTTCATGT-1,-7.3725243,-0.8835897,-4.478053,-0.2546045,0.3059072,2.5357256,-1.0739912,1.2348187,-0.6233184,1.1387489,0.0305035,-1.2799896,0.21888094,1.6746004,3.0967474,0.8251777,1.6521772,-2.5585048,1.4838486,-2.6544266,-0.6668391,-1.0089582,-0.16498709,-0.41935453,-0.17936985,0.581445,0.5534384,0.76051486,-0.80115926,-1.3660396,-0.3469041,0.22594035,1.4720906,0.785216,-1.09976,1.8307111,-1.8618377,2.6403925,-0.9810283,-3.0458481,-0.29007462,-2.3986804,-1.2856815,1.1473695,-0.8983212,0.29571113,-0.80752295,-1.2563388,-0.8577226,1.3330019
Normal_TTTGGTTGTATCACCA-1,-6.6221886,0.93175745,-7.617044,1.6530641,-0.6057151,2.9155295,1.3442861,1.791462,1.1725342,2.3933475,-1.4850398,3.0680602,1.6449089,0.5368143,1.2774941,-1.3742746,-0.77039033,-0.2465513,-1.0756761,0.11707551,-1.3043506,-0.6230563,0.48826554,1.7259498,1.4031296,1.1019456,-0.44681147,-0.08780226,0.32712305,2.5554903,-0.9395272,-2.3129196,-1.7103933,-0.6735572,-0.94417614,-1.0271869,1.1430641,3.9598064,1.4323623,-0.14581646,0.2534445,0.66435695,0.9592138,-0.6847947,-0.20621446,-0.43998787,-1.5946977,-0.63984585,0.61469084,-3.9934108
Normal_TTTGTCACATTATCTC-1,0.34021747,-0.09798889,0.044887014,3.0984616,0.41746274,-4.7979326,-1.005392,1.4473085,-1.2369002,-0.8420695,3.7008626,-3.7729793,-2.407871,-1.1058164,0.007836436,1.8087742,-1.6822802,2.8266394,1.2565001,3.2744532,-0.21824871,-1.0074522,-0.09624433,-1.091999,3.6485486,2.3522115,-3.9967818,2.0456226,4.8878746,-3.7514577,4.548945,-5.837283,5.780866,0.16560082,4.587085,1.5395416,-0.3645291,-0.7447988,-0.862129,-6.4190297,0.9130293,-6.345591,-3.537066,0.94930464,-0.65751153,-4.3146234,-0.6708231,6.819164,2.0751843,-7.6259303
Normal_TTTGTCAGTCGGGTCT-1,-5.424232,0.6172545,-4.074775,0.7300026,-1.9619937,-0.513481,1.0701789,-0.5237185,-2.2479827,1.5845397,0.59801805,0.5603485,0.41517717,-0.10228936,0.1609421,0.7606557,0.8483456,-1.1591325,-0.46549562,-0.49231657,-0.25967988,-1.1646527,-1.0747072,1.0548756,-0.25818574,1.2874867,0.9848361,-0.173765,-0.34743157,2.3431268,2.8690176,0.78674155,-0.457415,-0.28577277,0.26934195,1.1778115,-0.09424571,2.2493486,1.6873915,-0.5127146,-0.17359403,0.23374353,-0.4327347,0.035359662,-0.20699015,-1.5937297,-0.033070154,-0.9762792,-0.9460867,0.51586634
Leukemia_AAACCTGCAACTGCTA-1,-4.437262,0.84270537,3.410957,-2.0207193,-1.6435418,8.753969,-1.3345422,-2.8713253,1.7509732,-2.7702973,-1.2989573,-0.7955752,-1.1104308,0.64620745,4.0381107,-1.8216017,-1.6310688,-1.189438,-1.348126,-2.5542123,1.6898037,-0.22505479,1.0189661,-1.4994402,-1.0988641,0.8659816,1.3239251,0.9257231,1.2625419,0.07897516,3.9863007,-0.6904698,-1.8800682,-0.007963671,0.7664896,2.4977493,-1.2915325,-3.909134,2.785151,-0.52506596,-5.0946507,4.528241,0.44708857,-5.431071,-0.25618932,-2.3381357,-2.2427084,-0.5814805,-0.15169418,1.9652699
Leukemia_AAACCTGGTAGGGTAC-1,-0.8737246,1.2654341,3.2416685,1.2961563,-1.7786498,2.13919,4.6518016,-0.66305906,1.0602121,-0.9873257,0.40740728,1.9104239,-0.04228765,0.28864944,0.5656713,-2.09628,-0.91189766,-0.82133424,-2.2607427,-0.8785737,0.66958433,0.46385965,0.35448888,0.6895434,0.4144604,-0.07305917,-1.2882397,1.1799834,0.36023274,-1.5062256,1.0326521,0.40994868,0.063866496,0.585636,-1.0634713,-0.14519747,-0.58274096,0.03678385,0.14845751,-0.530529,0.5198903,0.7439432,0.49882177,0.002773932,-0.86218995,0.03327276,-0.016637834,1.1480842,-0.8088517,-0.49249125
Leukemia_AAACCTGTCATGCATG-1,-4.6592727,-3.6309717,4.8055863,-0.5960467,-0.89061177,1.9939613,0.8875431,-0.043283373,1.4217217,1.3896827,-2.2488906,2.760006,-3.240544,-0.3661615,0.68289757,-2.210931,0.7954678,0.4072308,0.29534182,2.9774203,0.93714046,1.8920985,-0.8602847,-0.014981403,0.016655164,-0.31285548,-0.5273453,-2.6323628,0.6540605,1.5045036,-0.34015456,1.5554326,-1.2738798,0.44398883,1.5146593,-1.5592792,0.735114,2.29724,0.030164918,1.6984394,-0.065467484,-1.579321,2.4995832,1.0369879,-0.15699703,1.0604573,1.3477824,-3.6949167,0.7021679,1.1461989
Leukemia_AAACGGGAGGTTACCT-1,-1.6532792,-2.0423753,4.213121,2.6901076,-2.0408094,-0.48633507,2.461608,-0.31129318,-1.3751343,1.5563089,0.013772929,0.27879542,-1.0417391,-0.8759549,-0.4597914,0.62042344,-0.2616663,-0.30712166,-0.87619215,0.085653186,0.7627854,0.7994422,-0.3275223,0.47525275,-1.4410433,0.44209737,0.40809563,-0.15404575,-0.55384636,0.049755767,-0.117362715,-0.93497294,-0.13987643,-0.8267286,-0.12747481,0.48052666,0.44133818,-1.2816381,-0.58398443,0.899292,0.1494742,-0.7056578,-0.15804176,-0.5643128,-0.29325232,0.99745643,-0.1503881,0.44183838,0.056667708,-0.0480228
Leukemia_AAACGGGCAGGACCCT-1,4.1384225,1.8390298,3.1309025,2.3519578,0.07299518,-2.833472,0.52039254,0.5870922,-0.11468575,-0.32380491,4.4424343,0.51141405,0.23237348,-1.3536506,-2.668468,-0.5813701,2.284084,-0.69924366,1.4553362,0.37449372,-1.6199,0.3202782,0.86996,0.4284856,-1.2938879,-0.056841094,-0.8517276,2.4363735,-0.3334124,-0.9798595,-0.9726736,-0.22305658,1.5748407,1.1601193,1.3871413,0.90184516,-1.1030208,-0.061141778,-1.1324404,-0.25073993,0.97735494,0.27720237,0.9003327,-0.055351213,-1.1921127,0.19750637,-0.86138386,0.96845,-0.75575304,-1.2143984
Leukemia_AAACGGGGTATTCGTG-1,-2.0917103,0.70604235,4.158621,2.5188859,-1.8053523,1.7779449,4.4738493,-1.0312881,-0.074223995,-1.9842075,-0.6055213,-0.12256741,-0.23706977,-0.88478506,-1.4079326,-0.40030253,0.21070905,1.0596654,-0.4883665,0.055007316,0.004914775,-0.06942438,-1.3221749,-0.08799535,0.17937292,-0.44800425,-1.2987323,0.9512787,1.023812,0.91045547,0.35972002,-0.5732845,0.28283694,0.7920461,-1.3455112,0.53831756,-0.8808594,-0.8342291,1.4359068,-0.92884433,-0.38611624,1.1242306,-0.68237543,1.7757354,-0.20012052,1.572814,-1.605597,0.13285415,-0.34885934,-1.1153817
Leukemia_AAAGATGCAAGAAGAG-1,4.077917,16.037561,5.9959126,-5.29346,2.8209212,4.379925,-2.069207,-3.4666665,-0.22201419,3.9503727,4.2821493,1.1394835,2.482717,1.5874708,-1.8917179,-2.6214414,-2.417846,2.2330313,1.0804714,-2.0267487,-0.34608468,0.43172932,-1.993868,-1.1785922,3.004665,0.35278246,2.724174,-0.024600836,1.8335074,-2.587335,-1.4632686,0.4628995,-1.8231859,-1.5101923,0.41868111,-2.6500092,0.088627815,-0.90188277,0.9141044,-1.6571741,0.6340542,-0.7132764,0.5128576,1.8835986,1.9131396,-1.1364077,0.54351175,1.367154,-0.4549768,-0.55919534
Leukemia_AAAGATGCAGTAACGG-1,-4.090091,-3.3479822,5.3166175,-0.59602493,0.18124318,0.7773197,-0.81437427,0.32669425,3.0565312,-4.3476114,-2.4004126,-1.6160103,-1.1921148,2.1041605,3.7916734,-1.7091559,-0.5568485,-0.123584844,1.0542966,1.1771369,-3.3235316,0.57756746,3.781453,1.7058604,2.6876245,-0.83032346,-3.3007455,2.39691,3.1882832,-0.28636038,-0.3541007,-2.0097098,-3.8982418,-4.5175014,-2.4206285,-2.1603131,-1.4570298,2.6235087,-2.8640037,-0.19171014,-2.0727067,1.1502756,0.18861213,-0.799701,-3.6332028,0.43688273,-1.6566375,1.1300325,-0.7440433,0.32640234
Leukemia_AAAGATGCAGTCCTTC-1,16.733591,-1.7009752,-2.8862338,-0.822357,0.49859074,0.92393094,-1.1341074,0.0062349136,1.4769423,-0.9477817,0.4582379,-0.56406933,-0.037937537,1.0273521,0.7781006,-0.027188964,-0.8032534,-0.23140031,0.36496437,0.5285976,1.2695283,-0.3173411,0.52724123,0.19713311,0.007639419,-0.23402898,0.36497787,1.5408648,0.23785496,0.6595605,0.2055289,-0.41458428,-0.53408414,0.70908767,0.08605336,0.050174374,0.2061445,0.56806797,-0.061739728,0.76316506,-1.075276,1.5772024,0.9866585,0.28887814,0.0915749,0.64278203,-0.08656242,-0.24833804,0.116370976,0.25888687
Leukemia_AAAGCAAAGACTAGGC-1,3.1652954,1.2934024,3.4515138,-0.067403965,0.69684666,-5.194654,-0.62145394,4.5797687,4.2891297,-4.9041853,-2.7039855,5.5242906,6.2292686,-0.77090675,1.493591,4.880534,4.645473,1.8570378,-1.6731976,-0.8548675,-1.5101485,-0.19096196,-0.012760862,-3.2462513,-0.240551,0.050163202,-0.08854463,0.6918344,1.734318,-0.30004752,0.31539232,0.7141339,-0.32611784,0.7340946,1.0785861,0.38117045,2.1030514,-2.8699656,0.7725595,-3.1021924,-0.6901655,0.48615757,0.52624524,0.31615916,1.4698256,1.2305654,-3.0448055,-4.2515836,2.377949,-0.67029995
Leukemia_AAAGCAAAGATGTCGG-1,-0.4855506,-0.20592842,5.260464,2.1136713,-2.4941401,1.5179541,2.1175964,0.47295597,-0.733494,-0.01796757,1.7345731,-0.78732526,0.6200414,0.34625322,1.1804149,-0.86640143,-0.1952456,-0.7044736,-1.9129744,-2.127133,1.0000228,0.11329135,0.09615575,-1.363787,1.1471543,0.30058166,1.3877215,-0.52102727,1.4589756,0.52314144,-0.53686833,-0.83842474,-0.79686797,0.20165497,0.5609596,-0.7745193,0.016808283,-1.0917115,0.6516903,0.36342436,0.74996793,0.76558477,-1.4762508,-0.8114967,0.6105124,-0.54259175,-0.5668003,-1.1515402,1.4206365,1.1800153
Leukemia_AAAGTAGCAAGCTGTT-1,-0.4362335,-3.2397203,7.0147314,1.5705297,-1.1923096,-3.0254343,-1.8120848,3.0166397,4.273108,1.4191221,-3.9381006,-1.6908023,0.9339739,0.8477258,0.77074957,-2.4080834,0.52906686,-1.1140075,1.2201092,-1.5580381,0.99860126,-0.90336615,-0.07070529,0.66717833,1.2809728,-2.4248042,0.3465906,0.71370727,1.1948558,-1.056136,0.13111942,-0.6742164,-0.25506616,1.1864169,0.16797478,0.8660632,-0.066133745,0.101282425,0.099536,-1.4855565,-1.0778356,1.7268764,1.7100226,-0.22213607,-1.049211,0.45958385,-1.2549003,0.8381533,0.056098897,1.6645856
Leukemia_AAAGTAGCACCCATGG-1,-1.5674428,-0.09425044,4.695056,1.8729187,-2.2751226,0.119050704,1.5922782,-0.08558605,-1.2154429,0.2859153,0.7120345,-0.59294355,-0.7741045,-0.08341911,0.06214889,-0.38904458,0.8882739,-1.5407519,-1.923905,-0.61688226,0.6806309,-0.25737,1.0938754,-0.43338162,0.40333736,-1.0787895,-0.19666162,0.023077145,-1.2277033,-0.3402215,-0.9097108,-0.1084063,0.92094094,1.1452478,-0.55376244,1.1068224,0.08117925,0.21454725,0.7213085,-0.68633443,2.0431838,-0.046737384,0.07477771,0.021409575,0.6263178,1.2891403,-0.8843233,0.7080927,1.1564016,-0.55635417
Leukemia_AAAGTAGGTTCCATGA-1,-4.6335187,2.6252677,4.4178276,-0.30136353,-1.3494877,6.6017237,2.9995177,-0.09732687,2.0741165,-1.5678862,-2.9233477,3.8419166,-3.0466094,-1.0733454,1.0241956,-3.2480643,0.30450878,-1.7744704,-0.71796787,1.122571,-0.271076,1.2780687,-0.37239817,1.64448,0.59525865,-1.1007817,-0.4460948,-1.541258,-0.2762535,1.9305358,-0.6545772,-0.5711233,-2.622199,4.596506,-0.043417636,-0.11445124,-0.28803524,0.61307263,0.6236072,-3.4135888,1.4204526,-0.14037994,-0.67884827,1.1595101,0.7066761,-0.7156692,-0.9125019,0.259987,2.2638946,-2.8694177
Leukemia_AAATGCCAGATCACGG-1,-4.7595716,1.2605094,3.87303,2.2143576,-1.7767246,3.4485605,6.012372,-1.7447001,-2.207002,-1.0660101,-2.896058,1.7176554,-0.59906065,-0.37072957,0.46218932,-1.9267048,0.5195254,1.9729499,1.1322256,-2.890059,0.15305376,-1.3893448,0.9430347,-0.29373437,-0.042342342,0.43031743,-1.390671,0.5569882,0.27412662,-0.51329285,-0.69524026,2.035518,-2.0478117,0.94902045,1.1838497,0.7938013,0.65380526,0.27871123,-0.028621646,-0.88928527,-0.76471066,0.74073756,-0.0059541585,0.8484393,-1.0461009,-0.49385664,0.04227148,1.946239,0.2857245,-1.3598868
Leukemia_AAATGCCAGCGCCTCA-1,2.6366758,3.005398,4.7141576,0.37314224,1.587788,-6.297121,1.9383776,6.3416605,2.7836878,-6.7315903,-1.2199421,8.8790045,10.757854,-1.9857634,1.5056802,8.542002,3.0983882,-0.59200567,-1.4836662,0.8057775,-0.78229284,0.32279897,1.0543182,-2.9547036,-0.29147676,0.47856387,-1.7807113,-0.062967226,0.02000898,-1.0638927,-1.7174361,1.3895191,2.8258429,2.067773,-0.1772409,-1.3657008,0.5122793,-0.506041,0.6942387,-0.77655363,-1.1389325,-1.0544984,-0.5101695,-0.64598787,2.097342,0.73433006,1.0259898,-2.100319,0.20827535,0.5725521
Leukemia_AAATGCCAGTAATCCC-1,2.1642919,6.504562,4.9002256,0.016709467,1.6760161,-4.6586123,2.3833573,5.51942,4.535301,-9.511493,-2.9125957,8.945753,8.962042,-1.4454392,2.325196,9.309439,3.6525319,-0.3393784,-3.5213146,0.71079767,-2.2568614,-0.9024332,-0.08054942,-2.8541095,-2.9991808,0.26846957,-1.4376012,-0.8054317,-2.542712,0.27653313,-1.1444519,-0.42182255,2.2502878,-0.053356316,0.39575514,2.357093,0.17739408,-0.71350247,-1.4568276,-0.882341,0.48164237,-0.51772135,-1.1098125,1.6057223,-0.18548748,1.7212962,0.6598019,-2.4925933,2.2157695,-0.7224375
Leukemia_AAATGCCCATGAACCT-1,-0.4495804,-2.861139,2.9247644,1.7261975,-1.2730875,-1.2840253,1.4446491,1.16984,-0.84486794,0.5704835,-0.15343504,-0.4093376,-0.67873645,-0.8257208,1.2863312,-0.6172666,1.3775913,-1.7897581,-1.2521464,0.09685591,-0.26672658,0.9319457,1.4409485,0.6234015,-1.3684958,-0.8823862,-1.258506,1.0720044,1.2304809,-0.23763967,-0.30058318,-1.8874958,-1.0561314,0.07635509,-0.1569289,0.12487025,0.733929,0.4368076,-0.82205683,0.44343123,-0.48690522,0.7226698,-1.0193152,-0.7406579,-0.03660978,1.038388,-1.3688458,0.07881281,0.69050515,0.046664864
Leukemia_AACACGTGTATTACCG-1,12.764058,-0.6751061,-1.2015138,-0.10589434,-0.5705852,-1.0363181,-0.015087064,0.012484846,-0.82226676,-1.0958327,0.8107185,0.021158734,1.4815984,-0.78062284,-1.0897266,0.7893916,-0.07757561,1.0253668,-0.42328277,-0.24760562,2.0299623,-0.6794096,0.970137,-0.39123052,-1.0879635,0.83190995,0.6849963,0.6406698,0.7496693,-0.40222064,0.88705665,-0.559467,-0.6303003,0.5549325,-0.43694007,-0.6469403,-0.7549265,0.57234544,1.4748664,0.6643264,0.14893627,-0.6083112,0.058633137,-2.2328684,-0.9417593,0.16141368,0.3011098,-0.5242652,1.4379674,-1.2821528
Leukemia_AACACGTGTTATCACG-1,-0.46969506,-2.0851011,4.4016886,2.2162669,-2.0080004,-0.16045511,0.4247606,-0.8972577,-1.5475422,1.4120426,0.9163063,-0.6857545,-0.68687814,-1.2639596,-1.0728443,0.27190888,-0.600097,-0.34374067,-0.43705007,1.4351962,0.28060454,-0.06408494,-0.67965305,0.119925916,0.2946825,0.13887039,-0.5572646,-0.06893253,-1.1984912,-0.6709767,-0.19144194,-0.60385907,0.23527329,-1.2158097,-0.40171838,-0.5947889,0.5248323,-0.08985277,-0.55020505,0.93478566,0.31160924,-0.81220764,0.13982877,-0.98030144,0.08570538,1.1417037,1.0345987,0.78828543,-0.5414135,0.2680608
Leukemia_AACCATGTCACAAACC-1,-4.0954366,-2.4991753,5.9933085,-1.7886511,1.0016873,3.131798,-4.015475,1.8194429,4.8348365,-1.5328304,-1.3576199,-1.7354261,1.1739668,3.1318045,1.1364288,-1.939481,-2.2592678,-0.087485,-0.48132473,-0.4092625,0.36960712,0.69063336,-0.508621,-0.66855,0.12864128,-0.096144885,-2.6848376,0.7369938,-0.041409582,0.08601496,-1.8265755,-0.40833825,-0.48741975,1.492111,-1.1515507,0.8530291,0.59964687,-1.3044318,-0.6335783,-2.44479,-1.5715121,0.29297975,1.0224351,0.14409296,0.6517784,0.5468581,1.0969762,-0.03675822,-0.7838604,1.4724671
Leukemia_AACCGCGCACACCGAC-1,-2.1546855,-2.1779783,4.7834673,-0.7787643,-0.45675063,3.9859974,-1.544986,-3.3889396,-1.7644253,2.204902,5.057476,3.059708,0.24981648,0.21339066,0.27063668,-1.8604897,-0.46092543,0.18387592,-0.68055844,-0.7459702,-1.5766902,0.12222224,-1.9395361,-1.9923137,-1.3277466,0.54116905,2.0536327,-0.82808036,-0.026815286,-1.1586168,0.32847208,-0.12979348,-1.3606942,-0.5414379,1.0869125,-0.30662608,1.9945066,0.87891024,0.054033533,1.4202988,-2.1238282,0.98112273,2.0868845,1.4782757,0.8572337,-0.75496274,0.013193098,-0.5076013,1.2446918,1.195766
Leukemia_AACCGCGGTAAGTTCC-1,-1.9377782,-3.2320673,4.3647966,0.30415007,-0.060890257,1.7599546,1.0259416,-1.4127669,1.4445759,1.0901003,0.049843658,-0.61603934,-1.0482329,-0.61893684,-1.9234159,1.040836,1.40054,-1.9537783,-0.8463661,1.5628229,-0.02496609,-0.48981375,-0.70853376,-0.51315403,-1.8140868,0.86578375,1.2266587,-0.055887707,-1.6397372,1.8745929,-0.7592744,-0.11526508,0.11920459,-0.38796553,-2.2273865,-1.7727151,-0.10444964,-2.3860614,-0.32082197,2.4202595,2.26163,-0.5874912,-0.655083,2.2450528,-1.3992285,0.3380351,0.6229101,1.3667493,-0.39043388,0.5494858
Leukemia_AACCGCGGTACTTAGC-1,0.7058089,-3.1004627,8.279771,0.92001975,-1.4931656,-4.6982746,-2.0081708,6.31099,5.105567,5.229814,-5.5441923,-0.15671533,-1.1954055,3.3087885,0.023480652,-2.3804467,-0.44955423,-1.1910437,0.6287472,-0.89063925,-0.47043568,-0.9099176,-0.40874147,0.12079681,0.19008882,0.44153237,1.4370873,0.722893,1.2329334,0.37791845,1.547213,-0.045629773,0.7430623,-0.42597386,0.683812,0.26430586,-0.4340225,1.1523389,-0.13946418,-0.05805574,-0.2576869,1.3593699,-2.1872246,-1.3611429,1.0027832,-0.6992319,-1.0977747,-0.30717337,0.57486814,-0.8482805
Leukemia_AACCGCGGTAGCTAAA-1,14.310681,2.0047045,1.5434507,-1.1398243,0.8702713,-0.11236004,-1.3512037,-0.38967764,0.16546497,0.061482914,4.920822,3.5378113,4.000808,0.8629315,-1.603547,0.39130986,0.8598169,0.52120495,1.7301525,0.9373302,-0.36911228,-0.4617738,1.3812277,1.2297972,-0.6483318,-0.9265219,1.1872536,2.568241,2.0657117,-1.1336981,0.38306558,-1.1754212,0.77144104,-0.043064363,0.31524518,-0.41186228,-1.1861049,1.3283436,-0.8155542,-1.4972024,0.6025602,0.50718486,1.2908311,-0.50264555,0.8863979,-0.47830996,-1.1683575,-1.5015025,0.2598886,0.45177647
Leukemia_AACCGCGGTCTTGATG-1,3.5177457,2.7675169,4.2307043,0.8253847,-0.07880643,-4.9896636,1.3325179,3.2256105,0.84688014,-3.8462336,0.7384207,2.0832345,4.8263445,-1.3274199,0.17092799,4.0670047,1.1643491,-1.099766,-2.7996528,-0.7962698,-1.2240695,0.443732,1.1774883,-2.0269098,-0.3512411,0.7476738,0.15838356,-0.35939297,1.1853218,-0.21998645,-0.026118472,-0.423664,0.66921324,-1.3762535,1.0713035,1.0122375,-0.47623995,1.7691562,0.94275683,1.3213527,-0.3284465,-0.6323253,-0.6505259,0.19145261,1.7860755,0.8180114,-0.44174874,-0.18663423,0.47667256,1.1503097
Leukemia_AACGTTGAGCTAGGCA-1,-2.490368,-3.3289568,5.9088445,-0.5852823,-0.076751955,3.1260128,1.9947717,-2.208539,-2.2736607,1.3303384,0.7418766,1.866196,-0.40925056,1.3758401,-1.7761409,0.08676919,0.14199622,-2.1918476,-0.2848608,2.4881992,0.827498,-0.35211918,-0.36304456,-0.6721155,0.576635,-1.3938758,1.2621108,-1.4298863,2.3022933,0.60970014,-0.7010007,-0.008160084,0.66499203,0.8406392,-0.45914334,-0.32321954,0.5414939,-1.9472,-0.03731137,1.696243,-0.9809246,0.6324632,0.6873313,-1.3081186,1.0669084,-1.6889263,2.164279,-0.23910648,-0.4861294,0.70490444
Leukemia_AACGTTGCAGACAAGC-1,-2.810257,-6.231075,9.200826,-0.45743698,-0.52389026,0.608739,1.8765781,-0.48788437,-1.2446371,1.2943547,-1.55626,1.969076,-1.1153803,-0.5555142,-4.4099274,2.0869339,-1.3691536,1.8193406,1.5949737,4.2836623,-0.76338047,1.1095095,0.24977547,3.3365333,-1.1649805,-0.4351841,-1.4559802,-2.7295923,-0.81979585,0.2506395,-2.0185444,0.526288,0.48625052,-1.5212315,1.8825238,-0.19514085,0.6248813,-2.1286366,-1.0996264,1.9236984,-3.653634,0.17334202,-0.27813515,-0.12380151,-0.076613836,-0.8814184,0.9254209,0.050849367,0.14298879,1.4428375
Leukemia_AACTCAGAGCCGTCGT-1,-0.75566876,-3.3427627,5.444769,1.6397967,-2.2420168,-1.623048,1.9999523,2.3098676,-0.35577863,1.0147252,-1.0293238,1.9994699,-0.38437206,-0.6206546,-0.43988752,0.87194896,-2.3291624,-0.9616905,-1.4534777,1.9587744,-1.0897741,1.3708644,-0.3267154,0.28053805,-1.0004361,0.66813475,-0.12032467,-1.6722215,-0.8572974,-1.283493,-1.7019986,-2.162542,0.864732,-1.7640299,3.3311768,0.6019326,-0.4367439,-0.8535335,-0.9634927,1.6342939,-0.6309901,-2.6757672,-0.4059955,0.103926994,-0.20259279,-0.35264835,0.82758296,-0.6505352,2.0570161,-0.18426844
Leukemia_AACTCAGGTAAATGAC-1,-2.4564507,2.2649038,2.56076,3.1000981,-1.0590609,0.5538069,4.0486984,-0.5542505,-0.7319275,-0.3043154,0.15359451,-1.3655539,-0.06575094,-0.5438404,-0.6923024,0.32888916,-0.18354216,0.866746,0.3738028,-2.0807939,0.66994655,-0.36155033,0.13323024,-0.15966168,-0.27681133,0.8641466,0.59948,-0.33917093,0.9238477,-0.1647449,2.1833322,-0.15085086,0.42441666,1.2999569,-0.42083266,0.52490515,-0.10657739,-0.37906876,0.41344854,-1.069742,0.067137755,1.1237453,0.92034924,-0.5526171,-1.5691075,0.0964238,0.76134646,0.49139923,0.17969479,-0.019144647
Leukemia_AACTCCCAGGGAAACA-1,-0.063271396,0.403484,5.6156626,-2.337879,0.33304197,5.2836466,-0.1912142,-2.648183,1.7637815,3.092372,7.9906254,5.336304,-0.536192,-1.9918119,-6.5618396,-2.6455977,-0.07407621,0.86033636,2.6646903,2.968785,-3.645452,-1.7408452,0.3680753,-1.7190697,0.113943964,0.13144977,0.2825403,-0.21498302,-1.3400904,-0.3786919,-0.17676215,1.4506001,0.07914544,2.468767,0.26664248,1.0254586,-1.0248557,0.93743217,0.6650825,-2.1904728,0.9718842,-0.45188996,0.08459126,-0.02103724,0.79323685,-1.1344162,-0.7559222,0.7580495,1.8004866,-0.34566328
Leukemia_AACTCTTAGAAACGAG-1,-0.7995666,-1.738129,1.8022399,-1.9732368,-0.82039887,3.6339555,-2.0414846,-0.89037025,1.3237236,-0.22435845,3.807793,1.6641811,-1.1247326,0.8698678,-0.5325852,-0.47818875,3.5556064,-0.709352,1.4863344,-0.06157368,-0.7557334,1.634754,1.6919261,0.5904014,-1.6744208,0.1531615,-2.2239897,3.7682905,-0.20752025,-0.6443778,0.14930953,0.34762883,-1.7847122,1.9440646,-0.8276058,2.3714325,0.9756766,-0.8835671,-1.0661641,-3.2348793,2.1427457,-0.5377409,0.1706215,-2.1530876,-2.2877142,1.8587205,1.1042914,-1.2737367,1.7835239,0.14288518
Leukemia_AACTCTTAGAAGGGTA-1,-1.6711605,1.5611545,3.588181,2.171174,-0.9061616,1.1211343,3.659541,-0.26512665,0.23846163,-1.1227549,-0.4181214,0.3879892,-0.3508788,0.6329565,-1.5241584,-0.21752895,-0.5730336,1.2225606,-3.424056,-1.4814801,-0.34500816,0.50273204,-0.8589262,2.071293,1.5090922,-1.162762,-1.342297,0.37646154,-0.07102674,-1.1057711,0.5330235,-0.7230403,-1.2943859,0.31946892,0.09182112,-0.10159332,-0.5950588,-1.0997454,-0.7757253,0.5116696,2.7375963,0.30303195,-1.0125549,0.4755328,-2.210039,-0.1321956,-0.2361545,0.1891257,-2.0923843,-1.1359224
Leukemia_AACTCTTGTTACGGAG-1,17.61262,-1.6702229,-3.4023075,0.6422033,0.11151282,0.8449435,-0.96638095,-0.12834148,0.67201936,0.079405956,0.80784076,0.31985676,-1.0553275,0.1422758,0.076019764,-0.0129228635,0.5330605,-0.76368076,-0.52925825,0.31821865,1.0247178,-0.53394836,-0.34196144,-0.099282265,0.21190067,-0.029144237,-0.05091363,-0.59744436,-0.8903075,0.315819,-0.2877381,-0.5712078,-0.14225818,-0.19302131,-0.038471803,-0.96703106,-0.025878131,0.37226033,0.56081545,1.014855,0.091589734,0.22529818,0.36572713,-0.42125875,0.6995639,0.040803052,-0.42299616,-0.1934114,-0.26796487,0.7624997
Leukemia_AACTGGTGTACTCGCG-1,-3.2526658,-2.3764133,2.6062512,0.23495477,-2.1323988,3.9715016,1.1763241,-0.8752147,0.4246406,0.39400414,0.10380472,0.66690856,-0.45902175,-0.08907025,3.1713452,1.1618592,1.7663139,-2.5428085,-0.7155093,-0.42323276,-1.3186251,-0.82083786,-0.36665264,0.151191,0.12900816,1.6568464,-0.16831782,2.1638544,-0.46014658,-1.4403574,1.1247634,1.8466368,0.94828427,1.2543105,0.6448452,-0.6490037,0.038205255,-0.21719755,0.21647343,1.8635086,-0.79408544,-0.69201386,-0.090176746,0.25999573,-0.11291838,-2.289296,0.37722585,-0.66701645,1.3270127,1.3580382
Leukemia_AACTGGTGTCCAAGTT-1,-3.8450704,-2.1645994,4.533383,-0.19445089,-1.5826908,1.5032898,-0.25768182,-1.859142,-0.08207689,-1.0048516,0.7861953,-2.9211457,0.74926656,0.82154185,0.48297638,-0.10875688,0.0145158395,0.6785486,-1.3886575,-0.029167222,1.2615865,-0.8805632,-0.68385375,-3.1461742,-0.62461144,1.7702198,0.39656585,-0.14155248,-2.7732263,0.5666778,-0.78631765,-1.0484247,-3.5747972,1.034786,-0.16488302,-0.6295368,0.8820215,0.64922905,1.1272651,0.67828673,0.004575736,0.03210066,0.33766377,-0.2542892,-1.3638633,2.2016284,-1.5203459,-0.7034226,0.21104978,0.35058716
Leukemia_AACTGGTTCACAACGT-1,-1.2292675,0.0046401927,3.1776938,0.81990397,-1.1377139,2.368433,-0.11461393,-0.37201104,1.367386,-1.7568253,1.2122825,-2.2583926,0.6362323,0.44966108,2.5335414,-1.1428608,0.25405964,0.41864178,-0.47392693,-1.8137984,-0.332269,2.169358,0.69114363,-1.3402058,-0.35899737,-0.4720026,1.3476485,1.2803608,-1.2450459,0.18072678,-2.5097356,-0.19350359,-0.37683758,-0.40487245,-1.1384945,-1.3532789,-0.47929075,2.3589106,-0.9840391,-0.16260658,1.0481604,-0.09332249,-1.180291,1.4376788,1.0492078,1.2377384,0.870474,0.5897775,0.9300056,-0.3471765
Leukemia_AACTTTCTCGTCCAGG-1,-4.840224,-1.6665361,5.736235,0.36590254,-0.6804972,3.352433,-0.97860175,-2.7548783,-1.466802,-1.2370722,0.5054934,0.4567438,0.98788387,-0.44492978,0.20030215,1.9899333,0.080516994,0.29822382,-0.44661957,2.036201,-2.1138148,-0.064500205,2.0979404,-1.6269401,2.735396,0.32430506,-0.90855193,-0.95587045,-2.1081228,0.11621334,1.1826248,1.3504575,-2.8472507,-0.36788258,-1.4818709,-1.7528884,-0.2627864,-1.0746678,0.19588734,-0.26005673,-0.022097122,3.079554,2.1009946,1.1625493,-2.253951,1.5419283,-0.10236636,0.021052772,-0.26597875,0.21734272
Leukemia_AAGACCTCACATTAGC-1,17.851995,-2.995335,-3.3187406,-0.47352588,-0.8061422,0.9313543,-0.88732815,-0.10827002,0.7146095,1.0785474,0.77700704,0.9406539,-1.9082595,-0.6671109,-1.5332202,-1.984916,1.0162663,-0.79421544,0.56598324,0.067772664,-1.7427831,-0.13878766,1.8446764,1.1281868,-1.8956385,-0.54445255,-0.60161096,0.4914397,-1.6432408,0.54377615,-0.37663952,-0.33077973,0.76533335,1.739263,-1.1694309,1.7027886,-0.68980014,-1.1800139,-0.35844904,-1.3989172,0.21354032,1.2994876,-0.21746567,0.6763025,-0.2554349,-0.18227379,0.25669554,-0.104878396,0.440858,0.15022157
Leukemia_AAGCCGCAGATGAGAG-1,13.212767,-0.5870507,-1.3171458,0.70149946,-0.7384054,-0.37991259,0.63040745,0.8508213,-0.07486342,-1.5523585,-0.4224496,0.41325676,1.4356561,0.2778403,1.6624303,1.0013067,-0.33105573,0.08158032,-0.0133116115,0.44584486,2.2771165,-0.36176214,-0.9019254,1.8047761,-0.15597677,-0.111720785,0.14562406,0.13736042,0.90880257,-0.12711056,1.1037126,-0.556929,-0.31245905,-0.39200297,0.9926027,-0.55248785,-0.3490334,-0.27237034,0.009297445,0.34843364,0.04786294,-0.6446442,0.4635877,-0.3731433,0.011131975,0.6306542,-0.6289507,0.09061625,-0.30052394,1.2370468
Leukemia_AAGCCGCAGCAGACTG-1,-1.9633529,1.9978576,3.383579,3.3199914,-1.592185,1.6376767,3.8680472,-1.2076348,-0.4260987,-0.7367831,0.03159995,-1.1611848,-0.011240338,-0.8981838,-0.88228416,-0.742339,-0.67093384,0.43789694,0.5183541,-1.3878145,0.7111813,0.7763645,0.50659543,0.318822,-1.0318884,0.7479857,0.8487556,0.2613171,-0.1436031,0.18734851,0.0073972098,-1.6924523,0.09736672,0.51172787,1.4845204,-2.399826,0.119301364,1.8511025,1.6436421,-0.97450304,1.3967959,1.0847645,0.7197453,-0.7432275,-0.06907713,-1.0604836,0.9021205,-1.3892819,-0.75959677,0.7516136
Leukemia_AAGGAGCGTCATATGC-1,7.1674614,19.020811,4.168863,-7.585728,7.454283,1.1756604,-6.2377205,-1.9433486,-4.4262085,10.080166,-2.9790106,0.45828578,-1.4752429,-0.7541086,5.201915,2.4587998,0.97129667,-3.2360713,-1.7978358,0.70522887,-0.46931964,1.4544437,-0.5259548,1.2290951,-1.8985789,0.18154551,-0.43537572,2.5499017,-0.18677138,0.88502425,-1.201351,-2.2793698,0.9386682,-0.5509327,1.7122021,0.0074127414,0.7282417,-1.9486077,0.7314476,2.8477395,0.55686283,-1.5598675,-2.4871788,0.3468628,1.8595148,1.5793123,1.8436383,1.8451192,-0.52455926,2.4209945
Leukemia_AAGGAGCGTCGAGATG-1,15.005854,-2.062865,-2.5086796,0.8177733,0.08488461,1.7769482,0.47074533,0.44534785,-0.2132767,-0.53352165,-1.2256181,0.2699354,-0.915626,-0.33013695,1.9769096,0.043017223,0.14883485,-0.81399226,-1.2329832,0.073109925,0.22991036,0.13169074,-0.5564405,0.61248153,1.1848528,0.3388855,-0.37337893,-0.93414,0.09139464,0.6193322,-1.1949228,0.38454154,-0.4440728,-1.1233563,-0.18683313,-1.092169,-0.041560378,0.58114123,-0.056385815,0.3188054,0.68527347,-0.9856193,-0.5791685,0.7423868,1.6056223,-0.5831208,0.94914097,-0.14828707,-0.13942018,-0.36540464
Leukemia_AAGGCAGAGGTGCTAG-1,-1.3010079,-3.3785992,3.041193,2.393231,-0.483309,0.111847445,2.9131877,-1.3534675,-0.74156797,-0.021352524,-0.11045435,-1.1148707,-1.1075913,-1.114418,-1.6314654,0.76518095,0.71415293,2.121037,1.0156977,0.5661479,0.41944483,-1.8355142,1.2307894,-0.74616945,-1.0878593,-0.50109845,-1.7377411,-0.14263304,-1.4963882,-0.65997934,-1.9179552,-0.51757264,1.4426465,1.5888999,-1.0884434,0.6282234,0.3862361,-1.8645,-0.05707232,-0.18884048,-0.87086374,-2.067129,-1.4529707,-0.5347654,-0.4240784,0.31059417,-0.29048216,0.8992017,1.0808443,1.1745671
Leukemia_AAGGCAGGTAAGGATT-1,-3.2602334,-3.828966,6.4847794,-3.1434264,-0.15506715,-0.82087773,-4.9369617,1.749292,5.3351483,-0.052211452,-4.9042115,-3.8875191,1.3543704,5.4267683,-1.0782889,-0.9517543,-2.2295473,0.746242,0.45754975,-0.4023949,-0.11271167,1.7181065,3.4203036,2.167131,-2.1706402,1.7839425,3.6346896,0.9983516,6.941125,-0.5995285,2.6011667,-1.4887409,-0.3796861,-1.265108,-2.759503,-1.0164219,-2.2394662,2.4447699,1.457878,-2.8124785,-0.46997637,0.24346888,0.59531116,0.24844961,2.0275402,-0.258443,0.011330345,1.5025692,-0.998257,-1.3015774
Leukemia_AAGGCAGGTCCAGTGC-1,2.6551323,13.232992,5.2084594,-4.2411747,2.985703,-1.7662377,-1.2669713,-0.28578314,-1.8304896,3.751979,-1.3344688,1.777228,-1.0658367,0.25860718,1.0043411,1.1582359,1.806084,-1.6933602,-2.696802,-2.2520971,0.30338395,1.5302604,0.77288973,1.0052246,-0.49473992,0.73060656,-0.64450234,-1.0671264,-0.4092399,0.16894153,-0.0072114775,-1.4179939,-2.0994127,-0.69614863,1.3717418,-0.7092998,-0.562677,1.4048153,-1.2769746,3.4022598,1.4555914,1.0789739,0.12854509,-1.9981505,1.1155673,1.035939,1.0496145,1.3806349,-1.8068755,-1.7927933
Leukemia_AAGGCAGGTCTCTCTG-1,-1.3848208,-3.3593938,3.970329,0.5366449,-1.9654037,-0.9257081,1.579673,-1.4480277,-2.9664986,0.41887718,-0.29592332,0.6199272,-1.2267334,-1.0816342,-0.15296467,1.347873,1.1853877,-1.340398,0.63631505,0.54184794,-0.3197843,0.20417048,-1.623197,-0.30123103,-2.332721,-0.33293805,-0.5592998,0.032806326,-0.115024336,-1.618873,1.1838082,0.23939689,-1.4680338,-0.9365449,0.9696265,-1.6899701,-0.50424623,0.5352572,-0.19018653,1.9313806,0.000839896,-0.066752,-0.5874783,0.18804422,1.8329477,-0.55798346,0.36895323,1.3837638,-0.21820803,0.6220791
Leukemia_AAGGCAGGTGGTAACG-1,17.074837,-1.5121399,-3.6840587,0.25871405,-0.19274001,1.0221692,-0.90164423,-0.8627104,0.26997614,-0.56010526,0.12508516,0.26157266,-1.049859,0.47051984,0.68404436,0.23530895,-0.1276772,-0.66943485,-0.8824936,-0.11022383,-0.5039086,-0.588174,-1.6868576,0.44850862,0.69873065,0.43035814,-0.019867912,-1.4351579,0.21485493,0.95280427,-0.81530976,0.4204558,-0.16861692,-0.5783125,0.6050273,-1.14964,-0.6953391,-0.376299,-0.42679194,0.95154774,0.051843766,0.3984029,0.9333366,-0.49393356,1.4247296,-0.09306552,0.50925493,0.36679536,-0.68001956,0.44386864
Leukemia_AAGGCAGTCTTGCATT-1,12.276386,-0.78447473,-2.1369014,1.969603,-1.9774343,-0.37181017,2.1009147,0.527291,-0.49909705,-1.5460699,-2.9393127,-0.91959274,1.6443565,0.45191363,1.9522157,-0.015211274,0.15220077,-0.9721933,-0.08925648,0.93704504,3.0494518,-1.0663408,-0.32782137,1.4334238,0.11524146,0.6372506,-0.9313749,-0.024952399,0.3530277,0.46742395,0.0054819193,-0.5408235,-0.29563782,0.4241027,0.29915908,0.13309047,-0.24573994,-0.921143,0.7484787,-0.25827536,0.08473763,0.34138376,0.49827394,-0.108680435,0.103159085,-0.9286316,-0.7244947,-0.1388183,0.4783039,1.0812874
Leukemia_AAGGTTCAGGCGACAT-1,4.199005,6.221196,3.2284107,1.4767252,0.3466993,-1.4491196,4.3351235,-0.45200884,-1.3563057,-2.0323548,0.6708428,0.1303324,1.3253536,-0.46994054,-1.6387479,-1.0723352,0.6952184,1.4971763,1.5214121,-2.1650221,1.8953089,0.9687164,-0.998649,3.2172275,-1.0777746,-0.33558455,-0.7832564,-0.33529672,1.5158424,0.47494224,-0.6594072,0.6753567,0.5267742,-0.36831442,-0.3398928,0.55361766,-0.032127794,1.5328382,2.6786926,-0.14409602,-0.11943582,0.4608096,1.0413693,-0.84733564,1.9461696,-0.36194274,0.9618384,-0.11671462,0.38793525,0.23365064
Leukemia_AAGGTTCGTCTGGAGA-1,-0.15259044,-2.2765293,4.1017566,0.6821908,-0.9413832,0.11008975,0.96667576,0.13219012,-1.5900247,0.053310275,0.65926415,-0.27046084,-1.4320474,-0.0024269985,-2.2923174,0.9574432,0.90376776,1.5731107,-1.3255001,1.8654311,0.3356135,0.15518324,0.0929576,3.0991812,-1.1405306,-0.5719299,-0.43143263,1.2355272,0.243119,-0.36622304,-0.5271246,-0.88787234,-0.98964274,-0.9914442,0.27340642,0.307577,2.4097292,0.587136,-0.4844937,-0.6821091,-0.20563191,0.40920785,0.26019782,0.99332345,0.042186834,0.8417467,1.6323416,0.06549913,0.7145757,-0.06834114
Leukemia_AAGTCTGCAATTCCTT-1,13.620927,-1.2737675,-2.0599399,0.29732636,-0.4589925,-0.5046843,0.024179067,0.6482498,-0.5340455,-1.196425,0.4817827,-0.40179288,1.6901999,0.002972665,0.92337483,0.018772535,-0.6521818,0.13098617,0.4799075,0.7160454,2.4955251,-0.2704947,-1.1113353,1.1776688,-1.2369373,-0.5023846,0.40519777,0.9285629,-0.7001659,0.14438336,-0.21400476,-1.1767087,0.26660928,-0.58849883,-0.32196718,-0.6258124,-0.53606987,-0.010123866,-0.39166346,0.45737606,-0.22287597,0.5991325,-0.42779973,-0.22559796,0.19728549,0.6497024,0.59671396,0.43730024,0.536553,-0.6024235
Leukemia_AATCCAGCAAGGGTCA-1,1.9887575,-2.886696,7.805887,-0.55015606,-0.96397126,-5.696978,-4.023789,8.928142,7.164641,7.447418,-3.1645823,0.14323606,-0.9993554,2.105802,-0.8193382,-3.108595,1.3572025,0.34809557,2.2659845,-4.323099,-0.8454688,-2.7642965,-1.5040147,0.30052933,1.1806496,-1.2392178,0.5476036,2.127727,1.5772277,0.27312282,2.2125354,0.26968047,2.133136,0.045320135,-0.10086535,-3.3289356,0.6841245,0.8768884,1.3583077,-0.47122416,0.20088813,-0.040860154,-1.6254945,-2.0529847,1.6356356,-1.5526628,0.34844625,0.40308213,-1.6830734,-0.9793985
Leukemia_ACACCCTAGGGTGTGT-1,14.686068,-1.3423456,-1.9998676,0.23719276,-0.14820127,0.17919385,-0.19959521,-0.3102902,-0.6336156,1.0864581,0.1306601,0.15269646,0.27433318,0.5553005,0.8343306,0.03833388,-0.6689334,0.45721242,-0.4584636,-0.5616221,0.16777,-0.24099454,-0.86513925,-0.031197075,0.7110123,0.25592333,0.31116834,0.09029164,0.6532044,-0.43349215,-0.42398024,-0.42098647,0.09609971,-0.8953072,-0.3559822,-0.5015194,-0.0077008437,-0.67122877,0.34688196,1.098219,-0.31212804,-0.7315317,0.878648,-0.49996126,0.1572089,-0.09306453,-0.6986574,0.1803747,0.32400593,-0.33169517
Leukemia_ACACCCTCACATTAGC-1,2.2677436,7.079792,6.6120143,-1.7684277,2.007315,-2.9889252,3.1786675,7.9356937,4.7945285,-8.557097,-3.763662,11.323097,11.041921,-2.5656607,2.8630059,12.707011,2.688254,-1.0641187,-4.7798376,-0.24318309,-5.6048717,1.9147928,3.2809393,-6.7818003,-2.2214592,-0.0562713,0.6970993,-3.7958744,-5.067555,-0.7195944,-0.17844473,3.5145981,-1.2432696,-0.7850018,-0.58308667,2.3387818,1.0399579,-0.38353556,0.11660313,1.3118968,-0.47286347,-1.3607845,0.01610143,3.1297853,-2.3205829,-0.44522586,-1.1531065,3.5440717,-3.8278446,-0.1848388
Leukemia_ACACCCTCACCAGGCT-1,-3.7367775,-3.9547298,5.2625074,-0.4242539,-1.4341947,3.8307796,-0.14407815,-1.7397027,-0.1717275,0.5032523,-0.58861125,1.0324124,-1.293426,-1.0519758,-2.215652,1.9683974,-1.0518736,1.1988244,-0.9697719,1.512496,1.8128008,-1.3061945,-0.7936208,0.34438255,0.5130457,-2.196858,-0.5638313,-1.5118196,-1.2476923,1.1351212,-1.0565156,0.9703634,-0.69365233,-0.150426,-0.27791855,0.14680563,-1.1456255,-2.8903718,-1.1956527,-0.3519476,0.8071186,-1.3787392,-1.1676689,0.64298445,-0.7693474,-1.7356001,-0.92117137,0.19898564,-1.8794073,3.1316075
Leukemia_ACACCCTCATCTGGTA-1,18.569632,-1.6873418,-3.981665,0.023537342,-0.18937227,2.1747425,0.41411653,-0.17932376,-1.3497599,0.9284564,-2.649805,-1.0209681,-1.4248551,-0.03568425,0.9136719,-0.26440597,-0.85599595,0.2725747,-0.17992009,0.16173564,-0.38677067,-0.04548116,-1.2971759,-0.05877793,1.0925477,-0.21541502,-0.29483724,-1.4088676,-0.6961783,-0.40679675,-0.14781737,0.30577716,-0.36257413,0.13045986,-0.40999636,-1.0612831,-0.17197227,-1.1955919,-0.2590529,-0.12513724,-0.45199314,-0.44864982,1.1361727,1.89351,1.2523079,-0.24154851,0.8723131,-0.64767545,-0.06666094,0.56476074
Leukemia_ACACCGGGTTGGTTTG-1,-1.430591,-3.984009,6.4185085,0.10906174,-1.5340718,0.22251664,-0.28592587,1.6504037,-0.71083176,1.1558737,0.019685257,-1.1135027,-0.9430464,-0.032209326,-1.1046057,1.2563183,-0.10787281,0.0056652366,0.3246065,0.14431566,-0.6876602,0.34496805,-0.682876,1.1986064,-0.043581698,-0.84801656,-0.65469205,0.31363508,-0.5626506,0.100388125,-1.699749,0.39108434,0.6193274,-0.5883925,-0.51863295,1.6383444,0.39359224,0.12605608,-0.1984197,-0.8242944,-0.041406106,-1.0036526,-0.4176854,0.103559434,0.41285452,0.86479783,0.9243584,-0.24564224,1.3050973,-0.62584674
Leukemia_ACACTGAAGACAAGCC-1,-4.1199484,1.6091868,4.518665,1.282402,-1.9153056,2.1684868,5.5905757,-1.762575,-2.2393878,-2.4378762,-1.0480021,-0.07805868,-1.5888032,-1.3450987,-2.2563932,0.26401246,-1.0505917,3.2082071,0.84293044,-2.1711352,-1.4981818,-2.311068,-0.91608876,2.6184008,-0.19897667,-0.7138975,-0.36454442,-0.31389394,0.924172,-0.6930828,0.8024521,1.8694066,0.9338896,-1.4398774,0.38652334,0.21592258,2.2104726,0.108976945,-1.6559316,-1.7674958,-0.17991935,-0.109012686,-0.6120472,-0.6734574,-1.6335645,0.68553144,-0.74009186,-0.32565954,0.24664865,1.3057486
Leukemia_ACACTGAAGAGGGATA-1,-4.6175423,-2.3652809,4.3797655,-1.6212256,-1.8562497,7.3368173,3.1930873,-1.9393715,-1.2141256,-0.07448831,-1.2920102,0.18580359,-0.1462089,2.5621865,-0.0055778306,-0.85606366,-0.24004163,-0.8530788,-0.78880453,1.7892303,2.873499,-1.241878,3.1139843,0.44719666,-0.30434144,-0.67263514,-1.80905,-0.29096892,-0.29025558,-2.2395236,0.003862067,3.52246,-2.0150402,-0.5045072,-0.7718476,-1.5977459,1.119168,-1.4219892,-1.1137973,-0.073214486,-1.0440946,-0.9145093,-0.13613647,-2.8186243,-2.8085985,-1.2964675,0.7728681,-1.404316,0.29932842,3.49541
Leukemia_ACACTGACACCAGGCT-1,8.909488,1.7658148,1.021924,-1.0882936,0.42731276,2.4041672,-0.7715277,0.5027932,2.6739225,-4.293797,-1.1695911,-3.0339153,3.2347145,0.9074601,2.5497775,0.1295206,-0.5509757,-0.48182872,-1.046363,-0.0084405895,2.3908672,-0.107424356,-1.719322,2.211774,-0.56410867,0.37546134,0.30250892,1.6548749,1.4703597,2.3134854,-1.6819159,-2.0528882,-0.6792969,0.8813557,0.53709465,-0.2890187,1.4433377,1.4524877,0.25544766,-0.30767632,-0.74280196,0.25499347,0.05305609,-0.768919,1.7376673,0.47733724,0.7845897,-2.6045382,0.12295954,-0.6399002
Leukemia_ACACTGAGTTGTGGAG-1,3.337383,9.735951,5.312381,-2.1025662,0.9006881,1.1453619,1.5598443,-0.6186027,-1.7323341,0.97572076,0.66240627,-0.95083356,-0.12310768,0.24859026,0.4827422,-1.1705633,0.028610148,-2.232021,0.10343709,-2.7390006,0.56949407,0.5238447,0.029074453,2.9777386,0.097745344,1.8208506,-0.63029206,-1.7846185,1.262636,-0.1519925,-1.145776,2.6952524,-1.181841,-1.1180203,-1.1158113,-0.3390697,-1.3753814,-1.7406815,-1.8241305,0.7861636,0.5600689,1.9245598,0.3563223,0.5257708,0.21708909,0.1154633,0.44533253,-1.7634822,0.95001584,-1.9752133
Leukemia_ACAGCCGAGCCACGCT-1,14.966699,-1.7292835,-2.4604115,0.0064781723,-0.54887944,-0.14234734,-0.7474024,-0.19545119,1.2835537,0.14256965,2.5782773,1.0421423,-0.5026647,0.9698472,-0.28087533,-0.16550767,-0.013291378,-0.658528,0.68139976,0.9933816,1.4347286,-0.1477024,0.51362246,1.6149495,-0.7669351,-0.33182377,-0.00069574366,1.03928,-0.6792378,0.6212209,-0.5524122,-0.18121606,-0.029835263,-0.090681426,0.16838841,0.42144454,0.54656565,0.17972885,-0.047108646,-0.10887513,0.22160782,-0.011058734,-0.28962642,-1.0864474,0.32939368,0.098462455,0.027019404,0.2061418,-0.19290961,-0.39266214
Leukemia_ACAGCTAAGTGGGATC-1,12.147129,-0.012031071,-1.4774727,-1.3123701,-0.31071395,1.1536971,0.7692192,1.1726903,-0.81488496,0.078138605,0.8040523,-0.403936,0.9074015,1.2339468,0.74459016,-0.017328233,-0.90930575,0.2524105,0.078644395,-0.20945975,2.4550061,-0.90634084,-0.45095482,0.43947425,0.7198109,-0.09034707,0.1768285,-1.3627857,0.40396416,1.7655118,-1.0427914,-0.13300249,0.97817993,-1.9883269,1.3412224,-0.38598773,-0.103579186,-0.65408444,1.1002266,-0.60665184,0.47749525,0.9636449,-0.59627736,0.15172543,0.71935207,0.1391104,0.5863549,-0.20123881,0.9246464,1.2842369
Leukemia_ACAGCTACAGGGTATG-1,-4.611918,-3.0478804,1.7739247,1.1125692,-0.7083595,1.7129911,3.8045144,-1.7319367,-1.8321494,1.4500325,-0.44955423,0.50377816,-0.86208326,0.423669,-0.9873545,0.61829114,1.5313734,0.56732816,0.2029201,1.0658853,-0.2337077,-0.08949695,1.0279431,1.0592792,-1.1252962,-0.776504,-0.9951947,-2.0662076,0.5170909,-1.3621097,-0.6665429,1.9231687,-1.2634072,0.3103399,-0.5582937,0.30182305,-0.46030447,-0.20232178,-0.44244438,0.5937876,0.09064531,-0.10145647,-0.19186944,-1.3558638,-1.5638918,-0.5819164,-1.1616149,0.23022854,-1.3628516,0.45018035
Leukemia_ACAGCTATCCAGGGCT-1,0.97071654,-1.580267,5.609678,0.37020326,-0.3499314,-0.27451122,-0.20626035,-1.600458,-1.3749733,1.36166,3.1691713,0.039225504,-0.4614415,-0.06230538,-1.0334157,0.49167532,0.38469887,-0.37057647,-0.040678788,-0.6904101,0.12679881,-0.48306382,-0.76481444,-2.0595791,1.3695331,-0.0030333214,-0.41044185,-1.1416857,0.62288076,-0.37869078,-0.8723523,-1.1795517,-0.60320085,-0.9864104,-0.09869824,-0.33638892,-1.4815185,-0.34041882,0.8811094,-0.4207175,-1.0512692,-2.0246668,0.005045749,0.18119134,0.988172,-0.6055442,-0.5180127,1.2681625,-0.58089954,-0.34003913
Leukemia_ACATACGAGTAAGTAC-1,-2.7219393,-2.0390434,4.3864174,0.9154278,-1.6592852,3.4771116,3.354747,-1.5757997,0.17831579,-0.47247824,-0.86816245,1.1058328,-1.8369205,0.9740085,-2.4457119,0.62663865,-0.9142788,-0.5555949,0.12067036,2.607199,-1.4356785,0.32470965,0.096925825,1.8146935,0.048439134,-0.44460008,-0.046405006,0.23598404,0.118810505,0.053524546,-0.21942165,-2.954374,0.44923714,0.5160147,0.73853683,-0.20148824,0.70858246,-1.5648617,0.77947235,-0.35554168,0.7884016,-0.025192723,0.1811588,0.0596419,-1.2527643,-0.22289492,0.5297675,2.639235,1.0537133,-0.03165135
Leukemia_ACATACGCAAGGTTTC-1,18.505749,-1.5328288,-3.480848,-0.13740967,0.70665276,2.2324092,-0.79829925,-0.03934001,-0.3073665,-0.23936477,-1.433446,-0.26645514,-0.96818954,0.33093992,0.06275229,-1.1608742,-0.50483173,0.5626045,0.16279675,0.73109555,0.2136448,-0.5257709,-0.044743173,-0.39912236,-0.38323516,-0.90061504,0.044399127,-0.45955047,-0.66269004,0.7140823,-1.1044705,1.0911732,0.17238368,0.7255598,0.14712633,-0.14617382,0.28697821,-0.36386177,0.23375201,-0.73601747,0.3011763,-0.2210048,-0.27115232,0.8477404,-0.51104605,-0.57431644,0.14223927,-0.18718505,0.0601546,-0.51631993
Leukemia_ACATACGCACCATGTA-1,0.6159062,-5.9575768,10.497556,-6.042894,0.56590736,3.4068723,-9.497755,4.017184,11.44314,1.1643478,-9.48463,-6.2046704,1.3687853,-0.7056848,-11.191292,8.262236,-13.884043,9.289169,-1.2768458,2.8167217,9.817179,25.656263,25.558596,5.661418,-21.604773,16.4987,22.400293,-1.4007678,-5.806309,3.5219042,13.729407,0.50059354,-0.3483169,-6.1912932,-6.3527327,4.4333873,-6.7124715,-5.6204133,-4.782307,-5.4932623,1.9779892,3.1060753,-0.6515034,-0.3514371,3.4412963,-5.0977798,3.205314,4.77463,2.5268924,0.4814185
Leukemia_ACATACGCAGCGATCC-1,1.3343648,4.9579697,5.3796735,2.1695738,0.2652164,-2.780043,3.0116265,0.21131031,-1.5468642,-2.9053285,0.71008533,-0.5850049,0.9128562,-1.0653825,-0.879309,-1.2087256,-0.3683889,0.90260804,1.1386559,-0.9998943,0.3212524,0.5174193,0.84842134,0.09975213,0.9048652,1.3066112,-1.0576943,-0.47301146,1.4679761,-0.6205906,0.7564698,0.3424449,-1.8318667,0.07210428,-0.68998885,1.087717,-0.34471434,0.78424156,-0.94459665,-1.1387684,-0.17209049,0.09421628,0.2092302,-1.2547256,0.37333012,-0.39951363,-0.86001,-1.044456,-0.05767764,0.14736791
Leukemia_ACATCAGTCAGGTAAA-1,-0.8649557,-4.3586974,7.4465957,-0.29719624,-0.9811219,-3.6540132,-0.81036305,4.0229306,3.4017081,4.009585,-2.8907235,-0.23631118,-1.301625,1.586505,-2.9657288,-0.16411015,-0.71609986,1.9928468,1.6206402,0.41196647,-0.064716086,-0.5324568,1.3604181,0.7821709,-0.7534775,-1.2270882,0.4759925,-0.82532537,-1.1922387,0.6647728,-0.67583764,0.60547453,0.89694536,-0.33733553,-0.047574997,0.18123023,-1.5066174,0.03645014,0.14491041,0.13389131,-1.6467072,0.912004,0.5229136,1.3401008,-0.072408855,-0.78551084,-1.8079096,0.3801905,-0.24195935,-0.94439965
Leukemia_ACATGGTAGGTCATCT-1,0.7234205,5.8330793,3.2056274,0.24308008,-0.014130919,-1.0386534,3.8436842,1.1228306,1.3481259,-1.2935753,-0.4831123,-0.7284495,-1.8658551,-1.2030482,0.686835,-1.3209445,0.5879278,0.8812304,-0.97886527,-1.3444749,0.91850924,0.23639691,-0.7647597,0.00857304,-0.13625853,2.2398047,-0.30539274,-0.8039616,-0.5833172,0.32864344,-0.8326975,0.0077615925,-0.4592189,1.6754463,0.2888778,0.9718335,-0.81523836,0.19660446,-0.026794756,-0.29067913,-0.13038151,-0.93465227,0.3630897,2.0364254,-0.18180293,-1.8068154,0.79327196,1.8135242,1.257171,0.07116078
Leukemia_ACATGGTGTACCGAGA-1,0.11353839,-0.935706,3.175634,1.1873559,-1.8230463,0.08053437,2.1720786,-0.24801104,-0.75574696,0.08507992,2.158546,0.7042519,-1.1872392,0.4255119,0.48708126,0.25443092,2.200191,0.4374076,0.7148821,-0.3526158,-0.52438164,1.365025,0.91420656,1.2494658,-0.9057841,-0.3050809,-1.7151526,1.517933,0.23418935,-0.19207406,0.6594742,-1.0962265,0.91544807,-0.3252794,0.5110288,1.1442353,-1.6143005,-0.9277066,-1.2781353,0.22645435,0.33486485,-0.53520286,-0.2785889,-1.1791947,-0.11871326,0.81555206,0.2373701,1.2897336,1.218074,0.49389002
Leukemia_ACATGGTTCCAACCAA-1,5.953382,3.6072907,2.7909155,1.1207457,0.661333,-1.7914554,-0.21969981,0.40794343,-0.5596695,0.32358527,5.283694,1.5569204,0.98041815,-0.098901406,-4.0137706,-1.2791092,1.8889371,-0.62999487,2.1576703,0.57116747,-1.6234535,1.7345833,1.9768648,0.82927984,-1.5816232,-1.1690866,0.06908282,2.1276538,0.10137508,0.3892174,0.75730723,-0.66826814,-0.47859168,-0.6092916,-0.70168805,2.2335649,-0.21960141,1.5074921,2.0431023,0.3157318,-0.4637053,1.416742,0.99799615,-0.36791536,1.1444786,1.1354393,-0.22663075,-0.576713,-1.2604401,0.7113431
Leukemia_ACCAGTAGTGACTCAT-1,-4.4466095,-2.7483158,3.6310608,0.58120596,-0.18097763,4.0868683,1.5891926,-1.5381894,-0.3817988,0.004255637,-0.543583,-0.31225163,-0.99989027,0.11544956,3.032492,0.16025655,1.7984444,-0.67550486,-0.34521958,-0.38421327,0.09904011,0.057199903,0.92028266,0.39496085,1.6470189,-1.4542897,0.8143707,-1.1595823,-0.9282252,1.3863926,1.7145616,0.4232814,-1.3200061,0.813046,0.18979876,-1.8349246,0.20941633,-0.6979904,-1.2924429,-1.1024915,-1.8587437,-0.065697744,-0.7551804,0.50273544,-2.7486837,0.2111839,-1.859655,1.1311218,-0.18255343,-1.03939
Leukemia_ACCAGTATCGCGCCAA-1,-3.701759,-2.8359413,5.1038985,0.64968365,-0.49006462,0.68866146,1.2807072,-0.48157394,0.15397832,-0.091589145,-0.28999206,-0.9707662,-1.5140214,-1.2688141,-1.3248609,3.341676,-2.4158158,0.29897177,0.70501274,1.6583112,-0.3698787,-0.63932365,-2.1224482,-1.359472,-0.3334827,-0.79595244,0.46300304,1.0457058,-0.583584,-0.45166585,-2.2121835,-0.7938844,2.0709429,-0.6933711,-0.33621448,0.26119515,0.064588666,-1.0893958,-0.4281235,1.8312391,-0.9072581,1.53881,1.4509488,2.0369794,-0.38655648,1.5345726,-1.7031591,-0.7419671,0.8197185,1.0504
Leukemia_ACCCACTGTACATCCA-1,14.476808,-1.3373189,-2.3415394,0.7584146,0.4113675,0.98216,0.50556695,-0.42610514,-0.22986549,-0.78665656,-0.8177863,0.13967799,0.88772494,0.068919584,1.1597849,0.42979783,-2.0793023,-0.07394758,0.20259586,1.5579238,2.1951172,-0.6180698,0.18553862,1.4836935,0.7912494,0.042725693,-0.15538134,0.9981835,0.9017467,1.0952207,0.6642687,-0.56215096,-0.71671575,0.28742892,0.20785566,-1.3446438,0.17541821,0.5685492,-0.8229597,0.1888065,-1.1241711,0.68714166,-0.70993805,-0.11836713,0.10036049,0.37561482,0.15996803,-0.41442958,0.6143411,0.1962117
Leukemia_ACCCACTTCTGTCAAG-1,14.747078,-0.43706268,-0.95336586,-1.1661175,0.89267683,2.5851915,0.3848129,-0.3232738,0.86957735,-1.4263057,0.15259972,-0.37563378,2.1896136,1.353599,1.8126272,0.63263434,-1.3811667,0.26082873,0.2622051,0.5523225,3.4414883,0.39755398,0.1059165,1.6546233,1.9282337,0.79176086,1.1339705,-0.33774528,1.0615386,0.59404534,0.1523347,-0.34138343,-1.582087,-1.1340293,0.18003348,-1.6095974,0.35750112,0.65848684,0.99868774,0.07411274,-0.5875359,-0.5854235,-0.2315669,0.77889216,0.13153431,-0.6079025,0.44070172,-0.28665486,0.44591266,0.8249417
Leukemia_ACCCACTTCTTGAGAC-1,2.4819274,6.1341677,4.840562,0.49050114,0.16413411,-1.1928849,2.9003005,-1.130653,-1.0548095,-1.1800886,0.50458264,-0.49580425,0.3611878,0.023632733,-2.6038055,0.17438355,0.075235054,0.061577264,1.2430125,-2.3361611,2.1417897,1.0136377,0.80153894,0.5699527,0.8249104,2.2107756,0.109572396,-1.1339782,0.9407419,-0.1491445,0.4491126,0.49056032,-0.9159972,-0.24950877,-1.6617877,0.32526234,-1.0307779,0.09744663,1.5421182,-0.69252366,0.8380872,0.5827133,0.24747251,-0.8450264,1.571539,-1.2545567,0.42576346,-0.97225636,-0.5532942,-0.44474125
Leukemia_ACCGTAACAACTTGAC-1,-4.7275476,-1.2292433,4.839761,1.6907696,-3.1508934,6.5463862,4.3174744,-0.6696208,-2.4175506,1.4492402,-3.8051515,2.449665,-2.2582073,-2.1441772,-0.3022055,0.7702726,-0.26367974,-1.223524,-3.1944242,1.5893668,1.4707103,1.5701824,3.6313303,2.5328648,-3.425316,-2.1947892,-1.019956,-0.4151269,-2.6979427,-1.3752936,2.5755556,0.9553051,-4.125618,-4.3150206,-0.20930587,3.3429813,0.9214886,9.509668,-2.7105308,-3.3421557,10.695959,-2.7005486,4.8578353,0.92301065,-3.049891,-3.594452,-5.4525056,0.6548437,-0.035742704,-4.0032444
Leukemia_ACCGTAAGTCTGATTG-1,5.626289,-0.31947935,2.932003,0.82912844,-0.9155063,-3.6214423,0.261284,2.2198112,0.28924558,-2.5694165,-0.9569651,1.2485503,4.4114857,-1.7849618,0.4646841,2.7529178,0.52180475,0.28397042,-1.0696368,0.036430325,1.4026766,-0.15202709,-0.17545807,-1.3437513,0.34135285,0.32713178,-0.29447684,0.20844834,0.92741907,1.332233,0.17407851,-0.93179566,0.78027743,0.3686197,0.64171696,0.07042647,0.026310014,-0.74418527,-0.80786264,-0.8195453,0.29800454,-3.0605655,-1.4847268,-0.68686074,-0.5943213,0.7143299,-1.0336232,-1.0206051,1.2412794,1.2267053
Leukemia_ACCTTTACAAGTAATG-1,-2.329951,1.4199356,4.0691504,2.6325586,-2.0866683,1.9080324,4.513416,-1.0653031,-1.4689392,-1.0183907,-0.39742973,1.4579384,-0.6685926,-0.792503,-1.954013,-0.14753097,0.5412077,-0.21103527,0.3707007,-0.6863145,-0.4973294,-0.2876444,-0.014035613,1.447245,0.44224188,0.32195115,1.0333749,0.9917555,2.9277296,0.6606938,-0.081923164,-1.6271213,0.4760244,-0.38097098,1.5840764,-1.5600257,0.43052796,-0.48976886,1.5480129,-1.8770311,0.78714865,1.7345737,-0.8863824,-0.38288912,-0.1492753,-1.1499696,0.59973127,0.4320472,1.028604,-0.42891076
Leukemia_ACCTTTAGTGTGAAAT-1,-2.1882877,-0.73503476,5.220357,-2.2381155,0.5682409,7.025183,-0.52839816,-3.676237,-0.7888755,1.2777495,3.1166823,-1.4580864,1.6293646,-0.5287915,1.6068931,-0.16326366,0.6530642,0.9505232,-1.6736246,-3.467966,-1.6219605,-0.40402547,1.9201438,0.11367617,1.1262418,-0.5638012,2.2842546,-0.1658784,1.3320973,-0.36226335,1.6606756,0.4654229,-1.594689,-1.5178162,0.8006895,-1.6747751,2.3668015,-0.34947684,2.1096737,-1.8639494,1.117565,-0.06682624,2.0241585,1.2259631,0.3693803,-0.15286872,-0.5705194,-0.72475165,1.2200335,1.2059755
Leukemia_ACGAGCCTCGCTTGTC-1,17.083881,-0.95816547,-5.523086,-3.0406132,0.5514144,5.0927625,-2.0208006,-1.0357013,4.331452,-0.3196859,-1.2398484,-1.5100969,-1.6132603,1.0034499,2.1275523,-0.3157947,-0.70990074,1.8671811,-1.4411479,0.879104,1.136106,0.28788596,-1.9571718,0.30116686,0.54186666,0.5387889,0.88441133,-4.558966,-2.4149442,0.591196,-0.31941736,0.9772217,0.3889128,0.2924049,-2.3003783,-3.3718033,0.26863346,-3.3761077,1.3156891,-0.8908377,0.9020396,0.62844497,0.12279765,2.1516256,2.4715648,-0.66700697,-0.20886566,-1.0935918,-0.7740442,2.0220144
Leukemia_ACGAGGACACGTGAGA-1,0.47301343,-3.1180816,6.4958735,2.5783918,-1.4643865,-3.7471166,-0.008569722,3.7572062,3.0575826,1.619328,-2.135401,-0.09717068,-1.261685,0.3243735,-1.6398634,-1.7780669,-0.6565661,1.2917153,0.9907993,-0.8749568,2.4443815,-1.1676099,-0.05975586,-0.49609283,0.981571,-1.2829665,-0.8042039,-0.28489676,0.31948772,0.5137992,-0.26219484,-0.616354,0.73499095,-0.10446441,-0.21811962,0.8373595,1.02282,-0.81044936,0.9243828,-2.5801022,-0.6846094,0.04954042,0.062382203,-0.24954242,-0.26787466,1.2579042,1.2188634,-0.21844976,0.28195193,-1.3054748
Leukemia_ACGAGGATCATGTCCC-1,-5.051085,-2.0301692,4.706728,-2.152997,1.8286549,7.2159863,1.4485172,-2.6994827,2.1183727,-0.91890377,-2.1991806,2.4722784,-0.10335429,-0.9137619,-2.293949,1.8273126,-3.8305795,4.4184313,0.857759,3.1849556,2.636263,-0.43691802,-0.47328103,-2.4011805,-1.1174775,-0.18906797,0.9121544,-1.9300889,3.7401793,0.63990223,-2.2814882,-0.39826757,-2.6491854,3.260157,-0.66866,-0.8123455,1.2822101,1.327128,-0.9621966,0.21290055,0.38984635,0.4829251,-0.016692698,-1.8739403,-4.2331147,-2.0367763,0.7560096,5.3126426,-2.0880034,-2.54642
Leukemia_ACGATACAGCATCATC-1,16.318432,-1.9086952,-2.1502125,0.37451702,-0.28750733,0.6614205,0.0989164,-0.5761182,-0.45934144,-0.71810126,-0.53749716,0.50574636,0.1738284,0.8359539,0.15613925,0.55984837,-0.9613455,-0.42230895,-0.3244077,0.36646736,0.86200804,-0.41933078,-0.5145308,0.5654127,0.97568476,-0.114930436,-0.31038654,-0.2938887,0.9751738,0.5478061,0.19605538,-0.25454265,-0.66362166,-1.4231931,-0.49797812,-0.07101732,-0.09799379,-0.015778229,0.39649037,0.15492474,-0.09575523,0.12195519,0.12494924,0.4236124,0.21517594,-0.21732567,0.12950704,-0.21115996,-0.1760102,0.16488606
Leukemia_ACGATGTGTCACCTAA-1,-2.1825974,-2.7949796,4.989616,-0.19914508,-1.757252,1.0719218,-1.7947516,2.9343076,4.5006886,-0.2476292,-2.616035,-1.198698,1.3452648,2.9507399,2.2910929,-3.6235924,-1.2772504,1.3696036,1.2854297,1.4822282,-0.28764293,-0.19980931,0.12722328,0.7405044,1.5193743,-0.6463728,0.68161815,0.8068843,0.6486398,-2.1474166,-1.5950222,-0.35033908,-2.7770529,-0.59662944,0.24320357,0.8853538,1.0772032,-1.0726585,-4.4681745,-2.0588582,-2.349232,-0.072425015,-1.0784248,0.90900755,1.2658232,0.62183416,-0.1483339,-2.3917644,1.7054973,1.364736
Leukemia_ACGATGTGTGCCTGTG-1,14.366917,-1.2674748,-2.0841084,1.3920324,-0.9723605,0.15984833,1.3379025,-0.28186074,-0.6739212,0.16380076,0.95637476,0.5463903,0.6153764,0.70724803,1.0850987,-0.2416544,-0.1991219,-0.25165012,0.15899429,0.733731,1.9479221,-1.0049062,-0.04120962,0.8239265,0.20650673,0.16961573,0.82739544,0.30548957,0.5418831,0.17899148,-0.09804078,-0.75013846,0.28832793,0.13111822,0.31269816,-0.023114046,0.056984417,0.50913286,0.5942054,0.28189012,0.3005437,-0.35252267,0.25224394,-0.70974797,0.06327943,0.29553318,-0.6515653,0.737694,0.17564893,-0.08527592
Leukemia_ACGATGTTCGGATGTT-1,1.7627043,1.3853008,4.4827843,2.2559826,-1.4696755,-3.0867794,3.4567976,1.200316,0.528298,-2.2387934,0.14020929,1.7275612,0.8730983,-0.22458093,-0.7520321,0.03230716,0.12867768,1.143818,-0.24415715,-0.2014076,1.053019,-2.010948,0.6814167,-1.2451885,0.18188615,-0.45951113,0.25318912,1.2642565,0.53969014,0.89989376,-0.23679967,1.5066712,0.2838437,0.18105365,0.17920235,-0.72243,-0.32645294,1.3183327,-1.9799865,-0.02602714,0.09456317,0.8264064,0.26685226,-1.0491314,0.5302314,0.8663232,0.7332169,-1.4063393,-0.09653425,0.3956187
Leukemia_ACGCCAGAGATGTTAG-1,16.612968,-0.75778735,-2.6512504,-0.85737705,0.772185,0.40353107,-0.7384528,-1.1540973,0.18403283,0.4763753,-0.103802875,0.82071793,1.5269015,-0.0009857354,-0.2904891,0.714582,-0.20646772,1.1070504,0.16261253,0.570442,0.11563297,0.29753548,-0.2541046,-1.2778683,-0.53290385,-0.37774494,0.39574897,0.6852507,-0.104282334,-0.7011173,0.18170626,-0.0943733,0.6876684,-0.36228913,0.46755734,0.94696397,0.016549755,0.6053301,-0.55075735,-0.3597499,-0.8154405,-0.5535152,-0.13295697,-0.5903917,-1.0359787,0.8120651,-1.5723464,1.14754,-0.5036369,1.2389344
Leukemia_ACGCCGACATCGACGC-1,-1.8922813,-0.16102046,5.56426,0.10240086,-0.58562946,3.5794346,0.5712015,0.8566793,2.9235787,-0.37379906,0.34651533,-0.024574608,-0.5930506,0.4883474,2.6609833,0.3746442,0.8312435,-0.6650541,-0.8229993,-0.2599743,-0.08294067,-0.23201159,0.60452056,0.72090733,1.1593374,-0.27300426,1.3852366,-2.087729,-0.4940259,-0.21942152,0.53542334,1.3416387,-0.2865094,-1.1133872,-0.6397195,0.45944384,0.059491742,-1.766633,-0.07743919,-1.3517647,0.60938084,0.51494867,0.026350154,-0.51593935,-0.39753097,1.0688974,0.70526594,2.5047617,-1.5163012,-0.7788351
Leukemia_ACGCCGAGTCTACCTC-1,-1.3888408,-1.9943945,5.1559653,2.1276581,-1.9836875,0.19628786,1.6850287,-0.4914731,-1.7008648,0.20228873,-0.6493605,0.2648004,0.41453058,-0.5186949,-1.541944,0.99047923,-1.8353441,2.0134692,2.3227654,1.4540976,0.3430036,0.28042105,-0.3694476,-0.27449358,1.3643596,0.80375403,-1.3757699,0.8905999,0.14056526,-0.721665,0.5100722,-0.5966425,-0.65566105,-0.73126405,-0.68166393,2.4468007,-1.607843,-0.5139829,-0.72966903,0.06000712,-1.3312465,1.2147346,-0.5754082,-0.64082074,-0.17127775,0.82482654,1.2968264,1.4379386,-0.40716016,-1.7976769
Leukemia_ACGCCGAGTGTCAATC-1,18.602283,-2.2393956,-3.5964215,-0.2686086,-0.6886404,1.5326993,0.803618,0.24560972,-0.6492119,0.14167203,-1.6193725,-0.5950326,-1.0350868,-0.53757495,0.8895157,-0.4701653,0.015212117,-0.48761457,-0.6396514,0.08531093,1.4903598,-0.11844204,-0.053832013,1.1046594,1.2951545,0.14852668,0.5832967,-1.1101956,0.14664409,1.754385,-1.7410975,0.63858473,-0.91573924,0.014458456,-0.06582819,-0.7018285,1.0714312,0.26862732,-0.12045937,-0.3140203,-0.19730479,0.58519113,0.6167842,0.526873,1.3090553,-0.6256184,-0.14780699,0.5089143,0.1880383,0.9807501
Leukemia_ACGCCGATCAATACCG-1,15.654797,-1.635779,-3.668611,0.66030586,-0.5937356,0.8116356,1.3411169,0.20785306,-0.28189835,-1.3953927,-4.5460806,-1.3410826,-1.0774817,0.47577778,0.5006055,-0.16540603,-1.3863935,1.1950586,-0.7423149,0.6228324,2.5399623,-0.18923168,-0.44841665,-0.40820178,0.8130798,1.284385,-0.4717558,-1.3257141,0.4907063,0.25436747,1.125006,-0.40932703,-0.044358514,0.1938881,-0.90052766,-0.43045384,0.76707417,-1.3636328,-1.0362624,0.22174302,0.41770557,-0.10749326,0.085175164,1.3371122,0.49740914,-1.0313393,1.366627,0.6908736,0.08683407,0.3573977
Leukemia_ACGCCGATCGGACAAG-1,1.7397578,5.5238633,3.2316034,0.18646407,1.2101703,0.43326467,0.3034189,-0.1780139,0.37396,-0.621048,2.2894166,-1.3425028,-0.0732291,0.6703494,2.4274833,-0.48614004,0.7630064,-0.6065231,-1.4541969,-2.1033304,0.26524386,0.1662103,0.18868974,-0.74466866,-0.17867279,2.0880122,0.0057449513,-0.06894872,0.5066096,0.31933847,1.3498918,0.22513856,-0.80627924,-0.3351808,-1.7293653,-0.6640481,-0.38424382,-0.54244226,0.029336307,0.6494909,0.3003599,1.5046413,-0.64125824,0.3638731,-1.1232095,-0.9466687,-1.4245896,0.5955232,-1.0508211,0.4144548
Leukemia_ACGGCCAAGTTATCGC-1,-4.4119616,-2.233362,3.5186465,1.6991982,-1.5921957,1.1889074,3.2808259,-1.3548774,-2.888736,0.51186115,-1.7795017,-0.4143025,-0.19981565,-0.03728649,-0.834296,2.0592382,0.34520462,-0.25024518,1.1064925,-1.3553703,-0.6694546,-1.6975616,-0.63548595,1.2664161,-0.15893812,-0.70706075,-0.69873536,1.1762792,-0.5310668,-1.079088,-1.0615226,0.13492493,0.93035704,-0.102256976,-0.6330027,1.8506664,0.15463188,1.076928,2.977855,0.776017,0.024260785,-0.1997468,2.526771,0.4900479,-0.07686973,0.16209407,-1.6672552,-1.7221268,1.0901996,1.902075
Leukemia_ACGGGCTAGCGACGTA-1,-0.8322078,-0.017760525,5.6534724,2.6001804,-1.2189937,-0.061928596,1.5022024,0.2129769,1.566491,-2.852453,-0.22272067,-0.4742949,0.2821352,-1.0542595,-0.65235144,-0.49117512,0.62405723,0.46761352,-0.4560467,0.90498763,-0.9438837,0.18662727,-1.1069347,-1.0839617,-0.53523743,0.8417813,-0.18842323,-0.7951066,-1.5262669,0.065693446,-0.1291198,-0.5451425,1.3623027,1.8073093,-0.25894663,-0.4052563,-1.6002878,-0.31898043,0.7591294,0.48363507,-0.8991588,0.65999013,0.7982972,-1.5009617,1.947221,-0.61277384,-2.0990026,-0.8860586,0.83172953,-0.32267714
Leukemia_ACGGGCTAGCTAGCCC-1,-0.88106686,-3.1509964,7.5297947,-0.67524123,-0.32416847,-4.841815,-4.297498,7.1562138,7.682702,5.991223,-4.1565156,-1.1149392,-2.1174438,3.337065,1.9266294,-2.5057058,-0.16570872,-2.3607078,3.4541419,-1.1605189,-1.3539846,-0.79229873,-0.8296834,0.59791213,2.2753503,-1.5203034,1.1936421,1.272273,1.8204991,-1.2098018,0.16748413,-1.2150055,0.3775935,-0.025544483,0.46813074,-0.7119179,0.44840163,0.47076303,1.0432805,-0.27139613,-1.3871596,-0.52575433,-1.6279037,-2.326046,1.4275012,0.85384506,0.85649663,-1.4446678,-1.8413047,-1.3915067
Leukemia_ACGGGCTAGTAACCCT-1,-3.1471543,-2.4887679,3.7994802,-0.00083186134,-1.8773675,3.1406634,2.6296618,-2.491847,-1.0662742,2.982091,1.2364359,2.66464,-0.55864143,-2.002814,-0.72738063,-0.37103194,0.8859133,-0.83250445,0.1386186,0.80767745,2.0509727,-1.0461478,-0.07175498,-0.7427362,-2.0764246,-0.10166841,1.6472442,-1.8252085,0.17080402,1.0947365,1.8226234,1.9364866,-1.9344587,0.34315428,-2.4088151,-0.14022262,0.05070483,-3.4005675,-0.24183956,1.519665,-0.3833924,-2.4275503,0.22592404,-0.8100713,0.26043025,-2.3146343,1.5393016,0.7674337,-1.9523636,-0.24318299
Leukemia_ACGGGCTGTCACACGC-1,0.16267093,9.34024,5.7520323,0.33866096,1.304102,-0.41737804,3.66339,-0.7980153,0.21350464,-2.700159,-0.64020777,-0.1990466,-0.7631042,-2.2896848,-1.9647814,-1.6385101,-0.38675636,-0.3178065,3.7954924,-1.5980799,1.6014637,-0.07589649,-1.4426609,-0.4676997,-1.7637446,0.09451081,-1.1293896,-0.76793474,-1.7937664,-1.2735773,2.290689,0.8307111,-0.45934832,-0.33861363,-0.20299725,1.549839,-0.34078634,1.1952888,0.42519844,-0.70154035,-0.73279643,0.57164204,-1.8966209,0.7863815,-1.3025154,0.8041098,-1.5711817,-2.2517343,0.83026975,-0.61643285
Leukemia_ACTATCTAGGGAAACA-1,1.6945292,5.9780483,5.382209,0.43904302,0.8850829,0.32519874,1.6779333,-0.62960154,0.47534034,-3.5266085,1.6094413,-0.36224654,1.3721545,0.80652565,0.36505362,-1.9199659,0.22046715,1.6066209,1.4038736,-3.5263898,1.0754132,0.79576546,0.62104326,0.46917516,1.3272592,2.0375247,-0.91332763,-1.1938332,1.471558,-1.231626,1.9207603,0.9557161,-1.30884,0.96510625,0.5849627,0.02724368,-0.54166114,1.7008754,0.073688604,0.28351003,-0.08030638,-0.2928958,1.3885673,0.84653884,1.1236442,-1.4565113,-0.1880484,-1.0820224,-0.14400361,-0.37325415
Leukemia_ACTGAACTCTTACCTA-1,-3.2478251,-3.9936268,5.8630915,-2.1451573,-0.06349638,1.6971314,1.3136466,-1.4014454,1.5594978,0.3806206,0.10396313,-3.0985088,-1.1643885,0.6487086,-2.020148,1.3152062,0.76948106,1.1536754,0.53609765,2.7754247,2.6834404,-0.46151316,1.1036716,-4.4604845,-1.7242618,0.33889765,1.2199115,2.2353997,-3.449152,2.0214446,1.2444524,2.5948822,2.2325768,-2.509323,1.4334003,-2.8198903,0.34258223,0.6014134,2.509251,-0.38401383,2.0339952,-0.73075527,-2.023529,-1.1042451,-1.4264972,-1.0287688,-0.8910967,1.9693538,-0.27174875,-1.6827666
Leukemia_ACTGAGTAGTGTTTGC-1,0.5000409,-0.15669563,5.023153,2.0015137,-1.9134326,-0.3723349,2.7886376,-0.9282346,-1.6742597,-0.7815966,0.7046896,-0.914812,0.3751346,-0.86630386,-1.9449359,-0.6840885,0.44944116,-1.0703423,0.21335623,-0.29761672,1.5321556,0.11769894,0.052550998,0.27190202,-0.7371272,1.1762213,-0.79774207,0.37924534,0.550254,1.6482766,-1.333967,-0.18752968,0.50163275,0.87245834,1.0955151,-0.12931064,-0.021336656,-0.86854535,-1.6334307,-2.3330941,0.62420285,0.44135705,1.2922469,-1.3229243,-0.79117364,0.22557332,0.15872397,-0.38553208,0.49136528,0.64214075
Leukemia_ACTGCTCAGCTGGAAC-1,0.8649952,-2.2465513,6.6036468,0.20670849,-0.7732784,-1.6789628,-2.2140293,4.9768085,2.3514974,4.0242357,-0.4570891,-0.4385903,0.89871,1.6817681,0.7033545,-2.0046563,-0.18916294,-0.45457402,0.62261385,-1.953673,-0.82491213,-0.6278481,-1.8800342,-0.108673014,1.1275082,-0.1160371,1.9436738,-0.26676103,0.5345892,-1.4629267,-0.6838265,0.28985333,-0.8582752,-1.0994759,0.5792038,0.614108,0.8199716,0.46532652,-0.7356578,2.0241747,-0.5751268,0.37687925,-0.97077864,-0.6393493,0.4602043,-0.37543088,-1.2879739,0.9177043,-0.43315622,0.1373407
Leukemia_ACTGCTCCAACCGCCA-1,-0.83918756,-1.443534,7.614086,-0.2200746,-1.6978501,-3.5117269,-3.301842,4.014362,4.2280674,1.0542908,-3.0977213,-1.4833099,3.074789,1.3082983,0.29324415,0.27989975,0.2911977,2.3378694,1.9366399,-1.3405733,-0.053293843,-2.3649125,1.8826358,-0.93208295,3.4136784,-1.5319686,-2.0596979,0.29627743,2.7577322,2.084835,-0.2904991,3.2640784,2.3068275,-0.55641526,0.10003636,0.40133706,2.6413689,1.113498,-0.05747953,-0.2142852,-1.1767236,-0.15708406,-0.6968467,0.5243332,-0.71325386,4.0348873,0.1670845,-1.749811,4.2422833,0.12498572
Leukemia_ACTGCTCCATTCACTT-1,-2.258095,-1.3655285,6.364018,-0.2772749,-0.086652875,-4.0054502,-2.215906,5.298184,5.1913834,2.3184114,-6.006799,2.7925758,0.28628698,-0.89365697,1.1553282,1.2000254,0.084750585,0.37826002,0.60396284,0.06890664,-1.3427919,-1.323371,-0.9665704,3.3761702,2.8909538,1.3387779,-1.2972978,-1.7091923,-0.62329113,-3.7381973,-1.3829218,-3.7610915,-1.7269835,0.853193,2.4552271,-0.7142483,-0.15208985,0.45778236,-0.5792458,2.261436,0.3218511,1.3117054,-0.09132755,2.488203,1.6737703,-0.46490958,-3.3908713,1.443724,4.656171,-2.3959308
Leukemia_ACTGCTCGTACATGTC-1,5.2958226,1.4567864,2.6152043,1.956653,-0.41299242,-2.486051,1.3899399,0.86894566,0.38041574,-1.6217245,2.5720472,0.50170994,1.4795436,-0.2010479,-1.7196362,-0.9649366,1.8479606,-0.053730365,1.1656325,-1.0493028,0.009538453,0.28038535,0.32985127,0.85631907,0.5344291,0.16223994,-1.0523494,-0.024466842,0.5303192,0.14043331,0.20226397,-0.19830777,0.41731885,0.13649452,0.79966533,0.37912995,-0.65882015,1.008253,0.72254103,-0.77433586,0.8698114,0.43811104,0.8527339,-0.8998713,1.7549187,-1.0913961,0.65190357,-0.62460554,0.21891107,0.6314332
Leukemia_ACTTACTAGGCGATAC-1,-2.7380302,-0.9389994,3.6362631,2.9452002,-1.8895139,0.9451525,2.557468,-0.8479127,-1.217482,-2.1468031,-1.1416552,-1.3850181,-1.1794645,0.072997905,0.72683066,-0.015722523,-0.37263018,0.071419075,-0.07092612,0.860898,0.0056629493,0.48287487,1.0160041,1.0643281,-0.2214818,-0.9419709,-0.9892683,0.5715761,0.58216447,0.46111003,2.1585858,0.2818777,0.14305453,0.2416699,0.42458,-0.31225434,0.10644406,1.4059708,-0.01583956,-2.2959054,1.6661311,-0.13721088,0.9439483,1.168108,-1.9953986,-0.4094344,-1.4304187,0.6869171,-0.03274158,0.08857217
Leukemia_ACTTGTTAGGACCACA-1,-1.7364837,-2.5195568,5.6990314,0.4302598,-0.5351709,-0.26277205,-0.6100354,1.2068423,1.044945,1.9910527,-0.6520847,1.1352481,-1.4707204,-1.1100149,-0.8930033,0.04335457,-0.39038566,0.8212759,0.14412983,2.9872496,-0.2770576,0.20869553,-1.65374,0.99549115,0.03539852,-0.76599145,-2.2066832,-0.18147165,-1.6067668,-1.1012118,0.29467362,-0.460921,-0.2738352,0.31199116,0.41988015,-0.55437344,-0.02706431,-0.27832437,0.81067103,0.6000252,1.4867076,0.31260243,-0.14803691,0.5248374,-0.3371841,-0.11300272,-0.95197797,0.9644689,0.22658211,-1.5594624
Leukemia_ACTTTCAAGCGTGAGT-1,16.727724,-2.4139113,-2.6804085,0.44909775,-0.12634145,0.413281,-0.44535714,-0.7706817,0.40484744,0.04114614,0.5584568,0.54404044,0.76498884,1.3067323,0.29657945,-0.20757169,-0.8250774,0.0072906744,-0.6184902,-0.47640362,1.2028192,-0.46136793,0.79984015,0.5333959,0.15733597,-0.8144501,-0.057270177,0.32043266,-0.33165058,0.14087969,-0.4048159,0.51776594,0.31845704,-0.09845727,0.3844268,0.63204086,0.51098573,1.3359456,-0.28703693,1.3255366,0.34363458,0.9580712,0.09784797,-1.1216482,0.20761415,-0.17691235,-0.36878332,0.7497291,0.32937792,0.5924513
Leukemia_ACTTTCAAGGACCACA-1,17.956335,-1.3120086,-3.6598966,0.30192357,-0.48693293,0.21597709,0.48341393,-0.5245097,-0.8564493,-0.1539295,-1.6396065,-0.16474788,-0.9594977,0.28495166,0.5552312,-0.06451056,-0.08323436,-0.3992421,0.014285508,0.35933492,-0.882227,-0.618963,-0.033727307,0.00091457966,0.64750123,-0.16999575,-1.1399093,-1.2094467,-0.44341272,0.85393083,-0.6716001,0.4444936,-0.9104534,0.29632357,-0.6934981,-0.28003725,0.10366089,0.033521023,0.03827525,-0.7692652,0.7836642,0.87843096,-0.14832692,0.7139734,0.8237456,-0.5361439,0.7603701,-0.29776162,0.56788725,0.10411722
Leukemia_ACTTTCATCCATGCTC-1,0.87664855,6.573805,4.506045,1.6466509,0.16501798,0.4538817,3.5946357,0.64005506,0.40654442,-4.1245003,-2.3279357,-0.49537742,2.981382,0.41170427,-3.277883,-1.8101193,0.4145288,-0.08334715,1.3513428,-0.10163766,-0.34091783,0.166727,0.20528612,-0.22709264,2.5028884,-0.953349,0.6780867,-2.1489444,-0.19849502,0.8630369,-0.71392024,1.2578677,-1.1715317,1.2107798,-1.5511005,-1.4754063,-1.999289,1.8990586,2.4403086,-0.18145037,1.0230881,1.1548007,0.5729669,1.3835692,0.23747675,-0.38982576,-1.2865427,0.35197464,-2.1984,-0.86063796
Leukemia_ACTTTCATCCGCAGTG-1,-4.1193743,-0.7615107,2.4499133,0.3889052,-1.1768433,4.960657,0.6207725,-0.22375323,-0.64680964,2.115747,0.4064694,1.4890574,-0.6491822,-2.2078817,-1.3266118,1.3269795,-0.801968,-0.44266245,-0.028696742,1.2895914,0.0149079235,-1.8354616,-1.1918414,-0.35821685,1.5656894,0.14915982,0.45900425,-1.6937488,2.3455024,-1.6449878,0.83242714,1.4088802,0.95266694,0.22273177,0.32206652,1.7045976,-0.24206258,-0.011815996,0.89211845,0.7545696,-0.077793546,2.6349757,0.59051263,-0.27729174,0.77268004,-2.7304537,1.7191098,2.679871,1.5665169,-0.9341723
Leukemia_AGAATAGTCGTTGCCT-1,8.660693,0.29581094,2.032479,1.4548373,-0.82110614,-3.1656196,0.5962319,2.0647376,-0.3438238,-0.2460248,1.2495761,2.4776757,2.2386653,-0.49544632,-0.8322665,2.246423,2.1926253,-0.6698314,0.086188115,0.12208081,1.0846262,0.49742073,0.75177467,-0.10283117,-1.7643371,0.2998138,-0.92754424,1.6842443,0.3702972,-0.36010352,0.57186896,-0.9156157,0.8669217,-1.2496531,0.85774237,0.2948966,0.051485512,-0.6360505,-0.6431387,0.60853004,-0.075937375,-0.7846902,-0.00033341703,-0.21048401,0.691844,0.27944887,-0.063437864,-0.23332421,-0.035608247,0.32341105
Leukemia_AGACGTTAGCTAGTTC-1,0.719386,-1.3718288,2.056445,1.6432915,0.40613714,-0.32265002,1.0215993,-1.1918317,0.06903148,-0.12988117,4.1927614,0.8260463,-2.2854886,0.9276937,-2.7596157,-0.51363677,2.7475522,-2.2820113,1.6676391,2.2719114,-1.5960957,2.2291722,2.5342603,0.82260245,-1.3856181,-1.126001,-0.6725582,1.53234,-0.4202076,-3.5883288,-0.8113681,-1.7261894,2.5599926,-0.99638504,-0.74992394,2.0000024,-0.105546564,-0.7980054,0.85802364,-1.5489246,-0.61124265,2.283035,1.5830525,-1.0130908,-0.19807526,1.3734152,1.9036815,0.35661522,-1.346884,-0.23942018
Leukemia_AGACGTTCAATAGAGT-1,-1.357055,0.93941575,4.7375455,1.3851405,-0.9057042,-0.051701963,3.0844576,-1.5011761,-1.3005402,-1.9312396,-0.57438093,-1.8146341,0.6782383,0.31634578,-0.6026977,0.34323436,-0.82592267,0.5929014,0.18981552,-0.8272508,0.5447713,-0.352296,1.0018421,0.013846166,-1.0474429,0.52711236,-0.77765155,-0.040396392,-0.3744538,1.1744972,1.5538756,-0.3104714,0.7086141,-0.978048,0.2530585,0.8715224,-0.27487814,-0.9246555,-0.5454193,-0.4574975,-0.641933,-1.821329,-0.939267,-0.044065163,-2.2695556,-1.4349086,-0.89397514,0.13691749,0.35728413,-1.3786876
Leukemia_AGACGTTCACATGACT-1,-3.2093825,1.7851417,3.5839736,-2.3656118,-2.0296242,6.3839636,1.1889426,1.7931081,0.3346114,-4.135738,-0.65789205,1.5067518,1.4447026,1.7237695,2.4894338,-1.6363398,-1.0011798,3.592703,4.1374435,-0.33165497,-2.0861242,2.001632,2.070795,3.60513,0.65434426,-0.72729117,-3.5795126,2.023927,1.2440379,-2.310972,-2.583453,2.8844593,-0.90093476,2.5845487,0.8603913,-1.5906714,-0.39703673,4.7120743,-0.7768265,0.930284,1.0564555,0.87361693,-1.3676156,-2.3505712,2.3828309,-4.220808,1.1579312,-5.9129243,1.2847346,0.61438227
Leukemia_AGACGTTTCCCGGATG-1,20.301296,-1.9418103,-4.057755,-0.4517964,-0.013642966,1.6627854,-0.3405028,-1.1940114,0.46453065,-0.17053482,-1.3399367,-0.17732264,-0.76014924,-0.4083304,-0.068885654,-0.568023,-0.76334316,-0.506676,-0.23276433,0.16161655,0.45871225,-0.65686643,-0.14107694,0.621034,0.7572528,0.3347895,-1.3547492,-0.009414977,-0.79262227,1.0797776,-1.862753,0.67730606,-0.6653955,0.006136632,0.012827085,-0.3728837,-0.6649028,-0.5394886,-0.020968836,-1.2035538,-0.19307186,0.3113311,-0.6098871,2.4118218,1.0021652,-1.3906862,0.06790319,0.15042987,0.3226109,0.647655
Leukemia_AGAGCGACATACGCTA-1,-5.4656367,-3.5978498,5.250286,-4.6833925,-1.9624233,9.207394,0.191023,-3.9766755,-2.7836454,0.5680859,0.36443016,2.9594698,1.8447225,1.4129193,1.3982064,1.4141011,1.419388,-0.48772073,-1.389962,-5.3938465,2.015866,-1.8314651,0.38101014,-0.50071555,3.9277,1.4015282,0.31372082,-2.7384481,-1.9645183,2.352347,0.50714034,2.0552025,-0.65898585,-2.1326106,-0.13700192,1.3399603,-3.2995396,0.18512192,0.21060331,-3.0204945,2.384253,1.8332102,-4.2386894,-0.26848516,0.1658031,0.47417003,-2.7114244,-1.052313,-1.973384,5.048193
Leukemia_AGAGCGACATATACCG-1,-8.533936,2.5625415,-2.069716,-3.5583868,-3.907401,13.249438,3.6255417,0.5285326,9.16342,3.9221275,-5.2678204,9.569017,0.9648062,-2.1861696,0.9062024,-5.7045884,-2.5079849,-5.3441296,-4.849662,6.2732677,-1.391599,-2.7588115,3.6109364,2.8441312,0.17851055,2.534699,-2.8502636,-6.9063067,-10.833112,2.174103,3.1641717,-2.7683966,-5.033655,-2.89258,3.740315,-0.76067626,8.765219,11.846136,3.209819,4.9177737,1.6879964,-8.686263,-0.01537859,-6.003133,-3.1560452,12.566521,7.0778737,3.3682835,-2.6590314,-14.114441
Leukemia_AGAGCGAGTTCCACTC-1,4.238794,3.0514133,2.8267472,1.10723,-0.08770824,-0.15730539,1.3908017,-0.5184124,-0.092002876,-1.6326649,0.3806922,-1.0835352,1.5190687,-0.09140178,-1.8193723,0.10956974,0.40221572,-0.48076522,-0.3370058,-0.31927615,2.058089,0.14230087,-0.81454986,0.101500615,0.090708405,1.3413206,0.12845027,-0.5924027,-0.1460437,-1.3793352,-0.40888458,-1.3718859,0.24574964,0.6948825,-0.14329147,-0.838054,-1.3178446,0.2671567,0.14193918,0.49950138,0.3025524,-0.89281964,-1.3451396,-1.140406,-0.027385747,1.5437194,-0.4859845,0.43089148,1.1332548,-0.35977092
Leukemia_AGAGCGATCGTTACGA-1,2.591239,15.798744,3.9167058,-2.6917012,4.8066,-1.9227176,-2.3599098,-1.6744869,-4.9026136,3.3120022,-2.3055038,-1.492621,-0.062577546,-1.1624472,-0.41927427,2.3460467,1.7774235,-1.4698292,0.9975173,1.5553626,-0.993143,-1.5609301,-1.2411273,0.14279842,-0.39915457,0.6722688,-1.6471272,-0.8244378,0.34796837,-0.6745731,7.2056594,-1.4493657,-5.342447,-1.5496778,-0.7551185,-1.0344273,2.0279748,-2.2524285,4.22137,4.8129153,4.202187,2.2259212,-0.76600295,-0.2397583,-1.1595113,-1.2816528,-3.386284,-3.438248,-2.9157588,0.39770186
Leukemia_AGAGCGATCTTTACGT-1,0.6054697,0.76057667,4.613252,1.6203061,-0.009540722,0.14895244,3.2296503,-0.8380114,-0.15839031,-0.2825007,0.8003172,-0.70081234,-0.3666589,-0.15486774,-0.84061587,-0.9644614,-0.16937271,0.4066148,1.3744859,0.33261567,0.088289075,-1.7034311,1.8571528,-1.3222207,-0.8939204,-1.1383154,-0.16444372,-0.8385598,0.34837627,0.25080255,0.0674824,0.84189016,1.2853574,0.13560587,1.0619056,-0.58022046,-2.7964199,-0.261766,-2.1096814,-0.77555513,-0.10767083,0.12403598,-1.066903,0.49423632,2.0107543,0.9695239,1.853328,2.2457805,-0.20736443,-0.7889219
Leukemia_AGAGCTTCAACGCACC-1,12.743436,-0.2327732,-0.43220818,-0.027714236,-0.42463255,-0.73693454,-0.22903594,0.056565557,-0.20094718,0.7562537,4.1961274,1.8552048,2.2113492,0.61424536,-0.3353648,0.043482963,1.2078497,0.067887485,0.20466276,-0.32047474,-0.6562387,0.73409534,0.46980616,0.5534015,-0.2019633,-0.64088047,0.45690304,1.9769356,0.62320465,0.03428654,-0.31125587,-0.15974529,0.87705684,-0.05791005,0.42722234,0.683577,0.6619431,1.5807151,-0.22051036,0.008050948,0.41265696,0.36184904,0.5324117,-0.6494448,0.42208672,0.3737262,-1.1967201,-0.015051337,1.6551653,0.7846214
Leukemia_AGAGCTTTCGCGGATC-1,11.256264,-0.19026296,0.49072915,1.3180805,0.044218756,-1.1294419,1.0422587,0.8622597,0.48704407,-1.0403217,-0.06232382,1.2218075,1.2751688,0.48154926,0.9281152,0.60802704,-0.28920218,-0.05203439,1.1264807,1.2963547,2.473483,1.450542,-0.1890998,2.6229024,-1.0001166,-1.3014613,-0.82736677,1.3055985,0.21233457,0.25230312,-1.0834849,-0.63636893,1.619805,-0.0034441135,0.5949766,-0.94405514,-0.3207568,-0.45184764,0.8241687,-1.370307,-0.28768402,0.19647212,-0.6475825,-1.5908078,0.9310506,0.63883406,-0.7067679,-1.4627625,0.4281313,-0.81087846
Leukemia_AGAGTGGTCCTTAATC-1,18.090067,-2.1818094,-4.3328233,0.11780021,-0.31085253,2.1256635,0.29781863,-0.6532079,-0.5370858,-0.35839882,-2.2504714,-0.85690755,-1.1642792,0.35383898,1.09785,-0.39399073,-1.622175,0.044246025,-0.30281964,0.6123846,1.0653095,-0.65518403,-0.45806515,-0.50823295,2.3782206,0.532447,0.7815266,-1.5644248,-0.66494447,0.31065127,-0.34522453,1.046484,-1.526229,-0.1616089,0.2098362,-1.3419557,-0.39916462,-0.37222737,0.50467163,0.053065326,-1.272263,1.2894425,-0.54891664,1.0036662,1.0048491,0.51892024,1.3935704,-0.1293643,-0.5772495,0.04267753
Leukemia_AGAGTGGTCGGGAGTA-1,-4.443272,-4.2740436,4.454599,1.2114927,-1.0565479,1.5519043,1.0358849,-2.2895079,-2.5139382,0.044955365,-1.1243739,-0.19343238,0.16746819,0.9299549,-0.6972428,0.60181904,-0.48339137,-0.69763553,1.0637302,1.0674671,0.0031861376,0.5831705,1.7439318,0.1795278,0.9402579,-1.3845425,-0.9406918,-0.9686197,0.53752196,0.9068986,1.0439388,-0.9871363,-0.40053114,-0.93406373,0.65438277,-1.2724521,0.9742275,0.4341376,-1.9686179,-1.7162577,-1.0980558,1.2890763,0.2909584,0.11880218,0.557346,0.21963033,-0.9485973,0.36220154,1.5465828,0.7344901
Leukemia_AGATCTGGTAAGGATT-1,-2.1413174,-1.4590528,4.195105,1.2282517,-0.70769274,0.08109491,2.1948416,-2.4951386,-2.4387321,-1.0093715,0.537817,-0.6170138,-0.7444778,0.1573714,0.8574295,-0.39670786,1.5186443,1.1389842,-0.31290975,0.34622684,0.57791114,-0.78251,-0.42835116,-0.52379084,-0.17635287,0.39184824,-1.7571839,-0.43999115,0.44003996,-1.5126098,1.2030436,-0.44675818,0.7715954,0.8981119,-0.15374391,-0.8645162,-0.994857,0.87813467,-1.0219352,-1.5800629,-1.598068,-1.3940456,0.798321,-0.7117395,-0.6496041,-0.52620316,-0.6352316,0.5381242,1.260347,-0.8778488
Leukemia_AGATCTGGTCACCTAA-1,-1.1829783,-0.86255914,5.0753436,2.074456,-0.9969624,-1.4708962,1.5248107,0.2722552,-1.4422278,0.28759518,0.111049525,-0.7673919,-0.59375584,-0.92249405,-0.32619497,-0.074086316,-0.16168095,0.34377033,-0.043728124,1.4421465,-0.1117549,0.29022413,-1.0328882,-0.34478015,-0.5992321,0.83627343,-0.43547302,-0.88358873,-0.23576923,0.4802355,0.43345225,-0.20635751,-0.31858036,-0.050292447,0.5905608,0.20025511,-1.0562663,0.0413058,-0.15231563,-0.43736905,0.7119144,-1.0763891,0.07776052,-0.023823483,1.5292101,1.7825061,0.43651396,0.3870852,0.61726135,-0.31748205
Leukemia_AGATCTGGTTCCACAA-1,2.958739,8.123911,4.8133655,2.9868746,-0.114116296,-3.0692194,3.586277,-0.16292626,-0.9352659,-3.2587,0.96185,0.63545454,2.1416492,-0.6176903,-2.4137497,-0.5575436,1.0056044,0.35683414,1.2610224,-0.8156723,0.26533282,1.0298494,0.76373315,0.7079207,-0.29014993,-0.29381758,-0.59641665,-1.1627976,1.1958042,-0.009443978,1.1703385,0.58591706,-1.0505385,-0.16981652,-1.550929,0.28328228,0.14464658,1.96484,0.36020994,0.5675969,-1.5161273,-0.2251286,0.050569773,-0.76694727,1.5532508,-1.6126096,1.2953869,-1.3399458,-0.9893735,-0.3293525
Leukemia_AGATTGCAGAGACGAA-1,14.524378,-1.5010737,-1.4673259,1.0034934,-0.09362473,0.2893723,1.0545293,0.51869166,-0.63569343,-0.18617134,-0.67314243,-1.0110029,0.45020247,0.18648155,0.76079345,0.44849086,-0.21323478,-0.10085983,-0.4782225,-0.76023227,1.5061395,0.10945096,-0.8070378,-0.08509699,0.17208126,0.34222057,0.38295174,-0.7758229,-0.2073257,0.18078268,0.2930847,0.24694003,-1.1999539,-0.07582095,-0.5941551,0.2987472,0.6397665,-0.160691,0.29084364,-0.45338506,-0.20243837,0.11038684,0.2902596,0.16232014,-0.16696833,-0.25466788,0.27962968,-0.08306749,1.01503,0.14059433
Leukemia_AGATTGCGTAGCTTGT-1,-3.5644383,-2.0291555,4.131404,-0.93925774,-1.3438044,2.5401938,0.032563638,-2.13029,-1.5835799,2.1108527,1.4061077,1.6276425,-2.5770984,-1.5993441,-0.05722231,0.19056225,0.98836976,0.29851744,-1.0735255,2.0337687,0.5500653,-2.4329824,-0.3450806,-1.0804046,1.7947398,0.6542051,0.034918092,-0.7851886,-2.4662988,-0.2064031,-1.0947808,-0.08998149,0.3621168,-2.0192757,-1.8706981,-0.94125664,-2.0953937,2.7240024,1.5613436,1.6227108,0.42643827,1.3394605,1.9542838,-0.4770675,-1.0301502,-2.2061565,-1.1826837,-2.5143278,-0.09472039,-0.43159285
Leukemia_AGCAGCCAGTAGCCGA-1,-0.9694683,-3.171142,5.5295925,0.9587675,0.331873,-1.7341976,-1.9409826,0.48893273,-0.19802895,0.98581153,-1.1081691,-1.5961931,0.94234467,-0.9531035,-2.062127,0.07569516,-0.74724704,0.987722,1.3304952,-0.4463087,0.82911557,-0.87280613,-0.011910489,1.498477,3.0534909,-0.9771166,-3.3874197,-0.016170792,-1.9572848,0.8892701,-0.3258976,-1.129948,0.5981046,-1.0632069,-1.0313005,1.2536416,1.4275072,0.8985196,1.221596,0.43008083,0.1755543,-1.2301817,-0.88218546,2.512833,-0.5492929,1.3495162,-0.464212,-3.1135871,0.38563958,1.2346802
Leukemia_AGCAGCCTCTTGCAAG-1,-2.729422,0.392967,4.65383,2.093629,-1.3770629,2.6080582,4.0012665,-0.95867574,-0.027644807,-0.23663813,-0.8619822,1.3236115,-1.2450807,-0.16832215,-0.8219998,-1.8641248,0.8611875,0.4996819,0.0031890136,1.4812919,-0.65528476,0.7149403,1.1418155,1.881057,-0.76771003,-0.7075609,-1.0544655,0.48997417,-0.55414104,0.59235054,0.8728934,0.50999427,0.13653874,0.49518493,0.94752926,0.81551266,-0.45537862,0.51663315,-0.3578598,-0.28881425,0.94334483,-0.6017416,-1.2008814,0.21198109,-0.47370854,-1.1835153,-1.4152921,-0.13139252,-0.7344687,0.6134263
Leukemia_AGCATACCAGACGTAG-1,-0.8795751,-2.6702807,7.218178,1.0542643,-1.9400787,-2.0749862,-0.74330187,1.8144217,2.7880418,2.0681777,-3.4090261,-2.293921,0.120278105,-0.020925658,-1.5502625,-1.0391039,-1.309835,1.5737439,0.909926,0.16349165,-2.0049062,-0.86394936,1.2979577,2.673401,-0.015318013,-1.0667689,0.08606202,0.42795646,1.293847,0.9396006,-0.18343244,-0.7398208,-1.0175693,-2.9270325,0.71432513,1.3274463,0.19032623,0.27009827,-0.8210177,-2.1029503,-0.25465825,-0.2900068,1.6407554,-0.036687765,-0.3301723,1.4716504,-0.68598723,0.58899987,0.75137365,1.8020791
Leukemia_AGCCTAAAGAATCTCC-1,-6.7760077,0.46898076,-1.8660426,-1.8096303,-0.2562403,10.2464075,2.1456602,3.037564,5.3165836,-0.2955206,-1.9861149,3.482561,1.3796707,0.014399425,3.4434938,-5.910059,-2.2475379,-2.4363089,-3.6017933,-0.013046952,0.57945096,1.9566407,5.5292926,4.8014245,-2.4033577,0.79857516,-2.6276102,1.6656517,-2.0663583,-4.389363,-3.1776166,3.1706412,-4.025489,2.8348749,-0.11547821,0.39146122,-2.8567078,-2.0456007,1.6250669,-0.54431826,6.887556,0.58140576,-3.3859568,-2.7122312,-1.4842167,-2.3298671,-0.7874449,4.7878103,-4.079897,-5.680998
Leukemia_AGCCTAAAGCCAGTTT-1,-4.886903,-0.5375572,2.7810452,-1.0294188,-1.7194496,6.960131,2.776643,-0.8103665,1.8815303,-2.4924104,1.392201,-0.34793192,-2.2191677,2.5676606,4.627698,-0.62637955,1.9162441,-1.7225844,-0.43317083,-2.141064,-0.77573764,-0.2203722,1.3078537,-0.30628255,-0.68802696,-1.0824013,-0.80276644,-1.2336307,1.6456559,-0.58843565,2.6172101,3.4082513,-0.024511721,0.9321492,-0.5897939,0.8479135,-0.8368799,1.285506,0.60114706,0.8188482,0.13222693,-1.1906836,0.3692309,-1.4759132,0.31992507,-2.061873,-2.6191518,-1.0552851,-3.8055148,1.2654313
Leukemia_AGCCTAAAGCTAGCCC-1,-2.133934,1.3598858,1.2799017,1.3071394,-2.4521601,2.5816054,2.667916,-0.5736658,-0.64490896,-0.27321595,1.068159,0.6833334,-1.103085,1.2247319,0.79686207,-0.5030179,-0.35934985,-0.8305483,-1.5800291,-2.9454148,-1.0546038,-1.8954906,0.0036131921,-0.08617807,0.17327508,0.8235996,0.5738756,-0.6543438,0.28151876,0.8505754,0.80747503,1.704541,0.64358735,-2.5122743,-0.5558385,-1.9819777,1.636263,-0.8433663,0.41283137,1.5858954,-2.249009,-1.0878775,-0.09841051,0.35213423,0.6428705,-0.009898562,-2.0643153,1.688809,0.6037017,0.6754088
Leukemia_AGCCTAACAGATTGCT-1,-1.3403953,0.36380064,6.3805614,1.2175333,-0.91649157,-1.6224128,1.3874211,-0.9195874,0.7319324,-2.7005875,0.5536187,-1.3715686,0.6678942,-1.8014743,-3.0758128,-1.3573935,-0.6549076,1.5335114,1.7100126,1.2806549,1.1594938,-0.01672448,-3.0234413,-0.97740626,-0.6591827,-0.25067332,-1.7889678,-0.78989625,1.500644,-0.031065792,-1.5458184,1.9672885,2.5462072,1.140746,1.5147495,-1.0132722,1.1457379,-0.5053437,-0.1756458,-1.073126,1.715107,-2.1587844,-0.38255402,0.6087628,-0.08137378,2.6455767,-1.7250154,0.22872554,1.9621031,0.8124787
Leukemia_AGCCTAAGTTTCCACC-1,4.1388984,7.8100815,5.516386,-1.6524448,0.9862632,-0.8281466,-0.5950872,-1.6937977,-1.3552042,-0.23104374,4.40233,-0.9182258,2.736162,-0.8451273,-3.5356143,-0.6395367,0.38417074,1.8895227,1.5352162,-2.6315944,-1.7483454,0.57408303,0.018016107,-0.8476216,-0.62563163,0.6031309,1.4432136,0.47328082,-0.660064,0.3500399,0.5483196,0.8795373,1.1143314,-0.420652,-0.63390434,1.107891,0.36145878,0.59479344,1.0276622,1.0748253,-0.31748033,-0.7322008,0.43441355,-0.15384471,0.3940017,-0.87320685,0.13204123,-0.6170327,0.61293185,1.8983014
Leukemia_AGCGGTCAGAGCTGCA-1,15.955193,-1.7286626,-3.1542974,0.6931402,0.16852872,-0.21156791,0.467682,-0.38427472,1.2880002,-0.64355767,-0.74243516,-0.015834305,-0.20515777,0.78056353,1.0853807,0.53377646,0.086509995,-0.4665808,0.7901991,-0.058714125,-0.18033974,1.0112396,0.2849732,2.9992666,-1.391638,-0.23104209,-0.4645388,0.43809286,-0.7672525,0.37489876,1.8401897,-0.9473486,-0.15343538,-0.09679465,-0.49675134,0.47821477,-0.97719705,-1.0672379,-0.5830548,-0.904082,0.59344435,0.35335025,-0.47933212,-0.20972155,0.69847965,1.3723972,0.4301455,-0.21408336,-0.43315426,0.064660564
Leukemia_AGCGGTCGTCGCGTGT-1,0.41755125,-2.6758392,5.375664,0.3060653,-0.97977716,1.5057479,0.35973886,-2.6118684,-0.8207235,2.290843,2.6661732,1.321237,0.27328995,-0.5266418,0.58946574,-1.3434496,0.89444745,-1.5339215,-0.8206716,-1.4161079,-0.29642344,-0.19723184,-2.2202206,-0.77847904,0.3331343,1.9779879,0.25573248,-0.5523453,0.39036262,0.68950844,-1.738696,-0.20991036,-2.1604018,-0.51272917,-0.07014586,-0.4530433,-1.2635148,-2.253167,-0.99420094,-0.14693163,-0.90266955,-0.5845697,-0.25254843,0.55218977,-1.7326853,-0.5913776,-0.029922897,1.3588526,-2.5814738,-0.5201001
Leukemia_AGCGTATGTACTCAAC-1,-1.1169684,-2.7639415,3.504829,0.4477766,-0.90562326,0.1723441,0.7860661,-1.21233,-2.2999406,1.7403728,1.9960577,2.943947,-0.23187825,-0.9558283,0.7109169,0.09661403,2.0390124,-0.62710047,-0.19691736,-1.4298826,0.6409215,0.45002323,1.3274686,-0.318575,2.069103,0.5860229,-0.60072744,-1.2734917,0.10719464,1.9700454,0.041895997,0.9543551,0.7787171,1.0306603,-0.016053323,-0.9295088,0.45409095,-0.1103567,1.8873887,0.9195481,0.6666931,-1.0644989,1.275686,1.0239375,0.49668398,-0.35359553,1.6571052,0.8281655,-0.082478546,2.2687035
Leukemia_AGCGTCGAGCACAGGT-1,1.7811607,7.739264,2.685229,-2.077617,2.8173563,1.5505182,-2.5488248,0.58067787,2.4110422,-6.5965886,3.1470444,-1.7486426,2.329618,2.917749,2.1868975,-1.6071613,0.40062934,1.5673034,-0.6552759,-3.4822757,1.7298708,1.5692871,1.0261766,-2.0221083,1.511018,1.7648091,-1.5608993,-3.4440317,0.89387375,1.3453195,-0.3001789,-2.5175805,-3.063397,-1.7930725,-0.6508355,-0.13876078,1.9850116,3.2385943,1.3464428,2.3480275,0.37214133,-0.3406826,0.062927246,-0.82470655,4.602023,1.6066111,-2.8226414,-2.0073175,-1.9368232,0.8880106
Leukemia_AGCTCCTAGCATGGCA-1,13.918323,-0.5108652,-1.1058532,-0.4485093,0.3055271,0.8506758,-0.4692203,-1.2720224,-0.643385,-0.03264366,0.5054914,-0.7154363,1.1225151,0.14728712,-0.33222073,1.5684747,0.49730682,0.8613383,0.6568198,-1.2964058,0.44209087,0.31878087,-0.017341062,-0.194489,0.03824636,0.6174515,0.4562234,0.3462412,0.67255926,-0.16800618,1.0639129,-0.21527871,0.17950946,-0.94232047,0.53774476,-0.48415756,0.37546015,0.5099422,0.30903697,1.3712312,-0.87589836,-0.84450567,1.05618,-1.7300758,0.166455,0.5827123,-1.0833125,-0.30805293,-1.0132817,1.2098716
Leukemia_AGCTCCTTCCCTAATT-1,15.379555,-2.1615312,-2.343694,1.0632076,-0.1822722,1.1601603,1.2408993,0.038348015,-0.033908475,-0.44963393,-0.905713,0.031925112,-0.33843902,0.6318578,0.81643945,-0.028552668,-0.7719178,-0.6585938,-0.054465324,-0.67556304,1.0962375,-0.83334947,0.25080067,1.50836,0.16456306,-0.25659,-0.31032944,-0.14198416,-0.71072435,1.9488224,-1.5048826,0.20865603,0.0833489,-0.6498754,0.5419993,-0.46607953,0.78521395,-1.7536808,0.9607996,0.51184803,0.06278159,-0.29455975,-0.547508,0.23658219,-0.7028041,0.20058759,1.083155,-0.36572403,-0.7433855,0.55390406
Leukemia_AGCTCTCAGGGATGGG-1,0.94267046,9.217231,4.4350395,-1.750752,1.7344588,-0.334452,2.0126472,1.0556343,0.8190664,-0.9196435,0.9364227,-0.020962149,-0.43714756,0.25756314,0.84533185,0.19492681,0.39454138,0.4476221,0.076256916,-1.3134208,0.56207305,1.1881157,1.2341279,-0.042909585,2.2903976,0.96021664,0.3204329,-2.1189823,-0.8382045,-0.2598896,-0.37095302,-0.867476,-2.9641209,-0.9241592,-0.4054081,-0.104639985,-1.4215978,2.5203748,-0.07115856,0.76226217,2.0203362,0.16293624,1.0933362,1.0928495,1.7614264,-0.3718761,-0.17933853,-1.2620555,-0.18770544,1.338979
Leukemia_AGCTCTCGTGTCTGAT-1,8.498389,-0.39862862,0.038006097,-0.02227713,0.48306343,-1.5922186,1.8902847,1.480495,0.1314994,-0.6941595,1.7427772,0.36759776,-0.19011578,0.8920415,0.9625849,-1.0269989,1.8540385,-0.14610374,-0.20325954,-1.154764,1.4080809,0.5231648,-0.056377243,0.7184264,-0.6821897,0.28292066,-1.4915158,1.6531045,0.40387756,-0.13213083,1.0274715,-0.84841484,-0.13735174,-1.7375106,-1.129995,0.48288137,1.7365925,-0.7347723,-0.4710384,0.2596464,-1.3854018,-0.0034768612,-1.0389156,-2.0851555,0.022914631,0.82389444,1.5884327,-0.82733446,1.4230497,0.70659584
Leukemia_AGCTCTCTCACAATGC-1,-2.1538007,-0.5386767,4.024217,1.2080052,-1.4953154,4.3348827,2.5164013,-0.99936426,-0.777577,-0.050763976,-1.0906184,0.44528222,0.84360105,0.59483504,0.97765654,-0.014932998,-0.05091628,-0.88102955,0.9340518,-0.22164237,-1.648328,-0.97253925,-0.5901481,1.0154858,-2.4960914,0.08619356,0.44489923,2.337557,0.36533374,-0.28833497,-1.0711386,-0.5741154,-0.53483576,-0.53701365,0.914429,1.0268368,2.7600188,0.12783733,0.18634664,-1.0995191,-1.6518909,-0.95009685,0.95492786,0.16614786,0.32186088,-0.20333123,1.4485394,0.7424797,0.90554535,-0.014716793
Leukemia_AGCTTGAAGAGAACAG-1,0.8435471,3.6090317,3.0140502,-1.0567989,1.3647084,2.6226077,-0.47183773,1.515283,7.256509,-8.95265,-2.4060862,1.9082192,6.411578,0.64858013,3.8630958,2.3801174,3.1047196,1.5635729,0.9277162,-1.6203239,0.95532364,2.3459065,-0.11825878,0.58280927,2.5557773,0.24952498,-3.4007812,-2.4114933,1.2125692,-3.0016837,-2.5726407,-3.6468263,1.712443,-1.1740761,2.92472,-0.15788864,4.588307,-5.190233,-1.6828493,-7.13944,2.1498666,3.3193128,-1.370665,0.9474733,0.30787557,-1.8061861,0.034290373,1.0799837,-1.3977267,-4.9536147
Leukemia_AGGCCGTCACAGCCCA-1,16.064926,-0.84687257,-2.4795985,0.07842054,0.913502,0.3083734,-0.15118875,-0.0077811093,-0.038194694,-0.17383926,-0.5776092,-0.43147263,0.31299204,-0.101336025,0.5550114,-0.39793724,-0.28106096,0.30832762,-0.3398604,-0.81819415,0.32252654,0.6595512,-0.59348243,-0.3038626,-0.30311352,-0.17057703,-0.4946967,-1.0869074,-0.5902306,-0.09690537,0.22517587,0.18983884,-0.421338,0.46593443,-0.30918148,-0.09808426,0.4779134,0.68381804,-0.043163553,0.32281357,-0.1932105,0.16118565,-0.54762274,-0.721282,-0.5665646,-0.22923787,0.38297114,0.106253,-0.5577198,0.018455828
Leukemia_AGGGAGTAGACAGACC-1,21.872623,-1.9148076,-5.427784,-1.5954521,1.1135255,2.438105,-1.8117142,-1.7564849,0.23864919,2.3446991,1.0567498,1.4616693,-1.4787745,0.08141693,-2.5213928,-1.9174421,0.51509404,0.4987267,0.39628804,-0.14243108,-4.0486236,-0.14372861,-0.043662824,-3.1500034,-0.72755915,-0.7193065,0.8728681,-0.2779757,-1.0181173,-0.6405244,-0.47623047,0.4311129,0.58703417,0.9988989,0.065179415,1.02077,0.0017214771,0.036150724,-0.09420469,-1.6995939,-0.6002479,0.5546715,0.10936413,1.2812201,-0.57840943,1.394934,-0.009615201,-0.07147733,-0.042954564,0.28624883
Leukemia_AGGGATGAGGGCATGT-1,-6.3300166,-2.18471,2.3627837,-0.54444426,0.2019558,4.585608,2.4305859,-1.3507001,2.7074516,-1.0583912,-1.7525668,2.6349976,-0.736208,-0.017845552,-0.19612148,0.6129915,-0.022903709,-0.40590665,-1.9052217,2.0362806,1.5459383,1.5483706,1.248301,-1.4415176,0.0559415,-1.2188061,-0.05351533,-2.2485335,-2.619754,-1.9727602,-0.33205092,-0.37531525,1.3728136,0.8975793,-0.16166495,-3.3918216,2.0122972,-0.32053018,-0.12799647,0.5317139,0.31335378,1.3626177,-2.2118294,-2.0544229,1.4524623,0.521874,0.8945833,1.2461292,1.2814813,-0.17504385
Leukemia_AGGGATGCACTTAACG-1,14.005508,-0.780473,-1.4677006,1.3993838,-0.83162296,-0.026935117,1.8978376,-0.069395065,-0.31620342,-1.0934155,-0.53997225,0.34994376,0.79492265,1.2313476,2.4379952,0.054597747,-0.49081528,-0.2758125,0.5045191,0.060646135,2.3752773,-0.43257478,-0.36649534,1.752414,0.8484779,-0.72175705,-0.8370958,-0.41681182,-0.8458368,0.07340005,-0.493764,-0.14466718,0.3872876,-0.5691643,0.66323835,0.13171795,0.3322625,0.5900783,0.4269782,0.7806014,0.94469523,0.38281298,0.06607069,0.21290794,0.7747128,-0.09344723,0.40918216,-0.15112555,-0.29323822,0.10649531
Leukemia_AGGGATGGTCCAAGTT-1,2.8911874,11.920214,3.9821053,-1.0191967,2.227,-4.510343,-0.375373,-0.5808244,-4.67635,1.1088228,-1.8562179,-0.49597657,-0.4045229,-1.8786649,1.384117,2.967061,1.3397499,0.021163598,1.5091732,-1.0594431,-1.29653,-1.7841805,1.513654,1.3419856,2.0129607,0.44101867,-0.42152497,1.0238119,1.3700258,-1.1801871,5.190572,0.25882816,1.2119788,-1.0032108,-1.2127193,1.2234255,-1.1502347,-2.7448225,-1.7232949,3.6220765,2.0095785,2.187083,3.501475,-1.0121096,-0.7530265,-3.7574167,-0.08989126,-0.76177704,-3.7092419,1.0669384
Leukemia_AGGGTGAAGTACGTTC-1,-0.12336857,-2.3161461,5.7113547,0.5341481,-2.0144074,0.102646604,1.500154,-0.5740975,-1.6557847,2.1945207,1.4357092,0.3094047,0.2826907,0.6120783,-0.6514237,-0.8959644,-0.16053969,-1.5443257,-0.9587011,-0.80193657,1.2976267,0.5450012,-0.011986115,-0.10352494,0.81079584,0.30818844,-0.04865754,-2.2646897,-1.3324699,0.4951184,-0.5097337,-0.78119016,-0.47287175,0.09418097,0.17281191,0.14154813,-0.18212543,-0.4906714,-0.1733102,1.4174378,0.29001474,-1.3432386,-0.19715194,-0.08239987,-1.90651,-0.7756428,1.2022526,-0.17793095,1.330097,0.13542216
Leukemia_AGGGTGACAAGTTCTG-1,-2.3782275,-3.3159256,6.8157325,0.50126237,-1.3862785,1.6521738,3.4938526,-0.9220892,-1.593642,0.3265366,-0.43208987,0.84319806,-2.599135,-1.252445,-0.35944754,0.6156141,-1.3339521,-1.1886573,0.016622875,1.6489353,-0.95990556,2.7006793,-1.1135824,2.187159,-1.6389322,1.3249089,-0.036830824,1.0646875,-0.5481034,0.119509324,-1.0608424,-0.1503332,1.3795923,-0.5945353,0.1751101,-1.9192044,0.8523386,-1.3099321,-0.7221323,0.43812144,-0.80792564,0.317478,-0.7889147,-2.0085073,0.6343456,0.711799,-0.8302822,-1.0647514,1.3213704,0.22182964
Leukemia_AGGGTGACACAGATTC-1,-2.181495,-1.6043833,4.4666414,0.2287057,-1.213261,2.3365488,2.310381,-1.4670067,-0.62803036,0.7554513,0.5067452,0.8017546,-0.7596498,-0.66114736,1.2566797,-1.4376289,-0.09003703,-1.2410446,-1.3244411,0.19021934,0.26359832,2.2274697,0.3703174,0.73764473,-3.449957,-0.38055697,0.14938672,-0.7076233,0.23179214,-0.9829172,0.7179034,-0.9078072,-1.0292863,-0.5196903,-1.1525629,-1.412284,1.6787522,-2.5561728,-1.2025589,0.7312927,-0.083217785,0.09593829,0.66125137,1.8114413,0.47136703,-2.012681,-0.087385915,1.3687017,0.866103,-0.29399985
Leukemia_AGGGTGAGTGACGGTA-1,14.058093,-1.8929093,-2.154899,0.40767288,0.34849557,1.0107199,0.6713761,-0.29285184,0.2844124,-0.36905408,-0.89299625,0.18092869,-0.64646584,1.1360697,1.4616984,-0.4262561,-0.23461494,-0.6099753,-0.980621,-0.07552428,0.18224926,1.0568665,-0.043418486,1.0238165,-0.2723626,0.08381256,-0.13094495,-0.18271415,-0.7467514,0.5368209,-1.1510198,0.2543308,0.050993584,-1.2041179,0.11039443,-0.50289905,0.58224726,-0.4896191,0.27884012,-0.5924,0.48543447,-0.4269761,-0.6958403,0.61075944,1.0958593,-0.41123012,-0.7331939,0.467973,0.33285514,-0.5626764
Leukemia_AGGTCCGTCCGAATGT-1,13.817056,-0.41327104,0.06414466,-0.45220286,0.65866095,-0.51941186,-1.2136117,0.24557434,0.61946565,1.2478597,4.298277,3.3913636,3.3720946,0.40201592,-0.10710854,0.6264809,2.8371997,0.61705166,0.47202235,0.84910256,-0.9677202,-0.5922561,0.36259848,-0.6666578,-2.223414,0.1485317,-0.025128573,2.551507,0.39554787,-0.65369505,1.3605889,-1.5574487,2.0011518,0.3746244,0.43809626,1.4069157,-0.38515657,-0.21379457,-0.49451235,-0.16842414,-0.49958262,-0.07235564,0.89353997,-1.1306106,-0.7032498,1.0456913,-1.6995776,-1.52516,1.2995638,-0.19499719
Leukemia_AGTAGTCCACGAGAGT-1,3.9073832,2.3346367,5.455724,1.6190349,0.8910059,-4.241224,1.4573183,2.115181,0.10359066,-0.5891228,2.5323203,0.9677804,2.3381896,-1.0634807,-0.9539528,0.6172565,1.8834794,0.6700846,-1.6367109,-1.6288605,-0.66496086,1.1681304,2.1221397,0.77010155,0.29830703,0.42168,-1.2976282,-0.25013256,-0.18022607,1.52795,-0.75424814,0.030618267,0.03181716,0.030464813,-0.19272672,-0.30514443,0.23697256,1.2312335,1.3730764,0.7987945,1.7587522,-1.1222864,0.9298145,-0.1867499,0.95823383,0.1778068,1.2263465,1.2963902,0.927794,0.13146675
Leukemia_AGTAGTCGTACAGTGG-1,7.3145194,1.2530001,0.25075358,2.002541,-0.88839376,-1.9971836,1.8542151,1.1956742,-0.60970086,-1.8968362,-0.14751194,0.14457119,1.9587607,0.9661927,2.0691319,1.8275443,-0.11199428,0.37896204,0.67131156,1.029968,2.479541,0.15504849,0.15105109,2.357197,-0.029156253,0.38714078,-0.2831928,1.0090275,0.37699902,-0.030778004,0.4467439,-0.76326984,0.24550557,0.3077144,0.40887678,-0.24254099,-0.11398826,0.040775925,-0.2021103,-0.6262914,-0.05057621,0.5082178,-0.36041254,-0.75352687,-0.4006215,-0.13823497,0.68752146,-1.4886359,-0.27402747,0.5347396
Leukemia_AGTCTTTGTAGTACCT-1,-2.5389132,1.4786645,4.148991,1.5905496,-0.76773185,1.1685162,3.7199347,0.12217161,0.14251906,-2.0027773,0.25256857,-0.50533813,-0.052440956,-0.13842936,0.7836761,0.43962407,-1.1574837,2.4680476,1.107655,-1.1871152,-0.65828264,1.6135873,1.1121145,2.700593,0.7160366,1.2542223,2.2490392,1.279553,1.3938302,1.5024589,0.6991881,-2.0484931,-1.277659,-0.8368826,-0.551525,1.9087672,0.13131694,-0.026257513,-1.658499,-1.279253,1.3458623,1.8084408,-0.24686763,-1.926642,-0.34583318,-0.51302314,0.8323933,-0.35437122,0.8414956,1.5388103
Leukemia_AGTCTTTTCGCTAGCG-1,3.9636786,2.706717,2.630866,-2.2061477,1.2112907,-0.45808238,-2.031523,1.7600905,3.2296844,-0.17794432,7.9338465,2.234489,-0.17055558,-0.6507555,-4.406558,-2.8068314,2.0732954,-2.0600348,0.93707126,-0.3118295,-2.3291738,-0.92563075,2.036247,0.6239736,-1.8339622,-2.5589547,-1.5363154,1.0231004,-1.0325024,-1.1008995,0.14312617,1.1166459,-0.08446763,1.3811909,-1.2638702,-1.5434809,-2.400029,0.74694747,0.3060751,-0.55081046,4.1024003,1.8997217,1.0718231,1.0688298,-0.64149433,0.69626313,0.377367,-0.51811427,-1.4955866,-0.8410895
Leukemia_AGTGAGGCAGGACCCT-1,14.270015,-1.0100721,-1.0512886,-0.4580411,-0.013512549,-0.17530599,-0.7293264,0.2995506,-0.107058145,0.39799112,0.9017582,0.5427595,1.1876321,1.10185,0.52699226,1.0454025,0.25870875,-0.032913655,-0.53296864,-0.50919795,1.3147911,0.2801409,-0.812648,0.45162883,-1.0205379,0.8266086,0.45915452,-0.3758867,-0.23229666,1.2358149,-0.045464892,-0.86114854,0.2084022,-1.4227409,0.16502531,-1.1925837,0.75851256,0.45157188,-0.10805808,1.7073617,-0.76145893,-1.6338874,-0.18032466,0.21919708,1.3383806,0.9794096,0.5440598,-0.61086893,0.2409518,0.1698234
Leukemia_AGTGAGGTCTTAGCCC-1,-1.1653955,-3.5112038,6.8920426,-1.4727337,-0.5649633,2.2187862,-1.3471615,-1.4395089,-1.595066,1.6614146,2.6671796,1.7679329,-1.6950527,-0.88083786,-3.5085478,-0.5596825,-0.12172667,0.2640692,0.41622302,2.5692832,0.7281452,-0.3731232,-1.296594,-1.1935762,-1.5834496,0.38429853,1.3911598,-1.0700473,-1.7849363,-0.172137,0.15684034,3.5430439,-1.7680293,1.3063034,-0.6193834,-3.2171187,0.6535611,-0.21890296,3.1980295,3.8107421,0.4269288,1.7436246,0.17726229,0.84957594,0.22903122,-0.25857475,-1.5617621,-0.05874377,0.21400002,0.685481
Leukemia_AGTGGGAAGCTCCCAG-1,-2.3822799,-0.5135175,3.155154,2.7718077,-2.2246544,2.557194,3.2523646,0.0109334495,-0.59531444,-0.8045215,-0.9255682,-1.0381005,-1.6612178,-0.011998558,0.8535691,0.6916156,1.1814867,-1.8274989,0.12466417,-0.9657509,-0.158976,0.044044502,0.9343375,0.15706252,0.51775813,-0.33992782,0.6231874,1.5155203,-0.12026504,-1.9455376,-1.1348342,0.45315665,1.515112,-1.4865794,1.275208,0.93918705,0.8887079,-0.51185954,-0.56022346,-0.2860892,0.76267165,2.2934113,-0.25254342,0.12455048,-0.11101128,-0.6069406,0.04100926,1.7493163,-0.062221475,1.8411331
Leukemia_AGTGGGAAGGATGGAA-1,12.454224,-1.3503735,-1.1619257,1.2355322,-0.24921595,-0.41435513,0.46473947,0.24852318,-0.17946781,-0.28118807,-1.2549471,0.39224967,0.39575756,-0.36866474,1.6798644,0.13115571,-1.2882881,0.22775355,-0.38853902,-0.33073765,1.7537519,0.6861729,1.0694788,1.3461539,0.98804176,0.10500969,-0.55616564,-0.037715778,1.0114175,1.6369597,-1.298384,-0.964327,-0.8619282,-0.53693515,-0.47199175,0.38965347,-0.66729456,1.8759042,0.004574236,0.5895747,2.2413254,0.55606556,-0.75823164,0.34094298,0.37832928,-2.5847752,0.08221846,-0.25731614,0.31996024,-0.8453064
Leukemia_AGTGGGACATTATCTC-1,-0.9286807,-3.1748223,5.489331,-2.760792,-0.6589984,4.288483,-3.5547657,-1.4675293,-0.34252396,0.8288487,3.154167,-1.2710938,4.589017,-0.14082891,-0.6660194,-0.06978568,0.06761975,0.22131918,-0.39376515,-1.2760427,0.80171245,-0.3073062,0.93799096,-2.5511823,1.5379128,1.0897454,1.7566922,-2.109461,-1.4095418,-1.7577428,-0.68128777,0.19577353,-1.0996265,-0.78963256,2.4414537,-0.35640794,-1.2291435,-2.2742918,0.5659264,3.8183362,-1.0121605,-1.8692578,0.7021017,-0.81714654,1.3005521,-0.7885957,2.3811324,-2.2917364,2.0532904,1.0119488
Leukemia_AGTGTCAGTTCGCTAA-1,4.4602323,3.3862498,3.7935376,0.988062,-0.24754414,-1.9424442,-0.16080157,1.3501655,0.18831296,-1.3564123,5.4230027,1.6382005,2.506301,0.67671406,-1.6484921,-1.0749152,0.5362155,0.32112715,-1.6670231,-2.963479,-0.2801997,0.31897336,-0.3592631,0.10698239,0.85906863,0.91559696,-0.96758693,0.007827335,0.18123686,-0.4904331,-0.55495447,0.81969833,0.11436882,-1.2916912,0.28546223,-0.18216947,-0.061713573,1.2604771,-0.011319512,-0.94123507,1.4500043,0.08639097,-1.1902658,-0.76646334,1.3769698,-0.07053292,0.08566457,-0.028179439,0.37471253,0.8232066
Leukemia_AGTTGGTTCACCGTAA-1,-1.983078,-2.2348702,3.8587432,2.5082896,-1.1491601,-0.41599938,2.4872472,-1.1389797,-1.1377896,2.0634537,-1.863295,0.17237836,-3.2631104,-2.121449,-1.149794,1.0306646,-0.9451068,-0.7137721,-0.64527977,0.41686004,0.9082124,0.8073751,-0.5030085,0.72855765,-0.757695,0.5390937,-0.11258842,0.8080867,-0.5392476,0.62000066,-0.99785894,-2.4758246,-0.6748753,0.36799517,0.21874775,2.468559,-1.4333218,-1.5102532,1.5069306,0.6106362,1.8923877,0.5362731,-1.5799063,-1.9594467,0.5411806,0.42596698,-2.9701066,-1.0543888,-1.4331354,-0.21325238
Leukemia_ATAACGCGTCAGAGGT-1,1.7796317,-3.5222244,6.0716567,-1.6024388,-1.2256134,-3.4954247,-1.1987861,2.2763674,-0.10195274,4.8741174,-1.167248,1.184399,0.078307666,0.27783123,-0.9566685,-0.3735694,0.26032513,0.8984226,1.4725825,0.5650871,-0.5910567,1.8399826,4.5996504,1.3484898,-2.7987072,0.061394412,1.4563082,0.957144,-1.008699,-2.270354,-0.922813,-0.5034152,0.8354799,-1.3263009,0.34362516,0.14312766,-1.1856936,0.6064037,-0.6330455,0.94038343,-0.08964026,2.0681155,0.2976275,-0.19687773,0.6084363,0.7753371,-0.7337928,-1.007255,1.6617033,0.47732404
Leukemia_ATAACGCGTTCGTTGA-1,2.3849025,4.914987,3.0581331,0.83971304,0.14008741,-1.5652665,3.0109913,0.7834413,0.09700947,-2.5095978,0.68066573,0.8552766,0.19845165,0.51068246,-0.06126427,1.1654758,0.9854761,-0.6709756,0.4626052,-1.1977036,1.0233815,-0.7564097,0.6033528,1.6426755,0.075328164,0.20717338,-0.8056234,-0.60187435,1.1665249,-0.06387658,-0.59245795,-1.2781632,-0.08221227,0.38736495,-0.26005524,0.16210194,1.7160888,0.8747693,0.7914862,-1.5283027,-0.30861157,-0.47777048,-0.6524177,0.36924368,-0.18383493,-2.5175464,-0.8064903,0.25520438,0.9081241,0.2591499
Leukemia_ATAACGCGTTGTTTGG-1,13.895788,-0.5896106,-0.44557,0.04218572,1.3088115,0.19368653,0.82462233,-0.15782808,-0.8780401,-0.11587302,0.17342931,-1.2312732,1.1146765,-0.19863701,0.21234472,0.838231,0.57163537,0.2951565,-0.9403324,-1.371533,0.5623949,0.015857274,-0.6439481,-0.26984304,0.8609399,-0.15613922,1.3077977,-1.192302,0.47069028,-1.400852,-0.048770647,0.6052702,0.4216022,-0.9699588,0.906935,-0.90595424,-1.0623435,0.6481426,0.069112964,1.3885407,-0.05271603,-2.42719,1.2445841,-1.5084071,0.46408606,-0.5909341,0.08431823,-1.2231448,0.60534215,-2.1596677
Leukemia_ATAAGAGAGAGACTTA-1,-0.19114277,-4.043389,9.22185,-0.16031083,-1.1439499,-5.665787,-2.9673703,6.564477,5.050859,7.407738,-5.709991,-3.3994248,-1.0791625,2.4082859,0.5097045,-3.2358356,1.9565804,0.38344446,0.7118857,-4.5788946,-0.74439114,-3.0530453,-2.0936122,0.16645283,-0.08122776,-0.09555346,2.882781,3.0824149,1.9285494,-0.7744099,1.5318239,0.58127016,1.3859061,-1.1556908,-0.14715117,-0.39089766,0.69188994,1.8985202,-1.1997147,0.15893544,-0.28161144,-1.3876488,1.9680083,-0.018750038,2.1777763,-1.510906,-0.6391522,0.3659684,-3.1064444,0.02800235
Leukemia_ATAAGAGAGTAGTGCG-1,-2.196065,-7.2100816,7.5632806,-1.8934182,0.30924964,-2.1840606,-3.624416,5.11406,1.1170465,1.795847,-5.0786953,1.3459098,-0.5806836,-0.9651496,1.7497085,-0.937847,-2.2745602,0.3507997,-1.3653411,0.91932195,0.34984073,2.9369845,1.3502712,4.3505177,-1.805134,3.763399,0.11493543,-1.9774126,-1.2074684,-1.38644,1.4653628,-0.46994072,-1.4676288,-1.4989604,-1.8388072,-0.120400324,-0.9441008,-0.756146,-1.8248123,-0.31634218,1.7892923,1.3219228,1.8323551,0.83612597,0.19918545,-0.9253966,-2.214916,2.3401499,1.2652472,-0.76288265
Leukemia_ATAAGAGCAGATCGGA-1,18.977558,-2.0174716,-4.523148,0.31591535,0.59913987,1.7556329,0.13960989,-1.4789021,0.49119735,0.84672856,-2.0568845,-0.60726225,-1.5007044,0.0753812,0.26802108,-0.7716794,-1.0808212,-0.32028732,0.3405169,0.14603727,-0.96462566,-0.4234985,-0.8243837,-0.7651713,1.0896555,-0.33006138,0.5013669,-1.4712602,-0.36900285,-0.006861083,-0.4515942,1.5570059,-0.4725503,1.0716954,-0.35205388,-0.30085388,-0.061832592,-0.6405698,0.59342176,-0.51393485,-0.6185979,0.29894954,-0.08520566,1.2998157,0.3509305,0.20171109,-0.088552676,-0.0008380353,-0.08216524,0.06528245
Leukemia_ATCACGATCAGGCAAG-1,10.907219,-1.7363788,-0.20752658,2.2702324,-0.9468754,0.69086426,1.9180193,-0.0780708,0.115670905,-1.1360972,-1.782547,-0.81192285,0.765017,0.4633348,1.1495398,1.3401088,-0.6946064,1.167317,0.09104007,0.38450998,2.724056,-1.2953876,0.47979876,2.0190687,0.4677907,-0.2520737,0.25447255,0.1283225,0.93431765,1.6188082,-0.2702774,-0.11259674,0.13391043,-0.6866165,0.13008042,-0.1771004,0.3013276,0.7019492,0.53163147,-1.2740049,-0.052710637,-0.3980421,-1.5500172,-0.07197803,0.11276356,-0.46264935,-1.4011501,-0.7727917,-0.4762793,1.0607464
Leukemia_ATCACGATCTTAACCT-1,6.05472,16.44895,3.2228127,-10.109905,7.173247,4.26105,-8.11966,-2.0680676,-5.4346433,9.67438,-0.17376226,-1.2160896,-2.360784,-1.5934204,2.0567985,4.1184297,-0.2614405,1.5373348,-0.67129356,-0.76133806,-0.80397964,3.1912162,0.4058535,-0.21934748,-1.2273271,-0.66113377,2.7911355,2.0262516,1.3791364,-0.08816545,-3.0476878,-0.8360111,3.5936356,-2.1008258,-1.8471935,-3.376658,-1.3513612,1.0190258,-2.519371,2.5223649,1.674459,-2.439825,-3.8280134,-0.86901003,-0.9758709,-3.9033644,-1.4204042,-1.7648517,2.0082455,-1.4066074
Leukemia_ATCATCTAGTCAAGCG-1,-1.5735539,-2.043745,3.754814,1.0904318,-2.30741,0.41464788,1.9080973,-1.6298457,-2.2343562,1.3540626,-0.72652596,0.97093934,-2.2349348,0.11231863,1.130168,-0.19584101,0.19083524,-1.0486935,-3.1916108,-0.12726542,-0.15099809,-1.0570818,-0.18935475,1.2114947,-1.909533,0.2141261,0.3384368,0.49876404,0.4701957,-0.7045675,0.70082575,-0.41515723,1.9131075,-0.8047167,1.3163208,-0.53364587,0.46419665,0.26285294,-0.9126322,0.17351747,1.8707553,-0.5672064,-0.37742934,0.018225612,1.4846501,1.4413308,-0.36360428,-0.9113939,1.4277099,0.83662987
Leukemia_ATCATGGAGCCCGAAA-1,2.9842255,-2.8572187,5.795485,-0.6702125,-0.8308237,-1.1569673,-3.775766,2.915567,3.712495,2.3302388,3.9229336,1.1526885,-1.299168,-0.59440064,-1.4531852,-1.3440057,3.0963264,-1.6741015,1.3232964,-0.75201565,-0.8525785,0.27287084,2.4120522,1.5453321,-1.5355692,-0.575938,-0.8201961,1.7350678,0.27455434,-1.5075861,0.3233369,-1.1552752,1.281402,1.2329763,-1.3085928,0.34781158,-1.2563678,0.37927875,0.26945227,-1.0831069,2.2351477,0.84238493,2.2576654,-0.9499989,0.14512302,0.074428216,0.6153071,-0.34028283,-0.7530613,-0.12353046
Leukemia_ATCCACCGTCAATGTC-1,17.466656,-2.06542,-3.7721016,0.33861393,-0.62556076,0.6545954,1.4435383,-0.9067922,-0.51242006,-0.21502629,-2.789408,-1.2826529,-1.3603741,-0.009463942,0.42383403,-0.83580744,-1.3006988,0.4874602,0.49398625,0.006351972,0.047942724,-0.1439132,-0.43724242,-0.60041726,1.3665487,0.9876537,-1.2979904,-2.129144,-0.6087518,0.5994873,1.01603,0.68326104,-1.3251307,-0.16399786,-0.63253593,-1.3681693,0.35861862,0.029828921,0.14105341,-0.06627397,-0.9515226,0.48126456,-1.0114241,1.6536075,-0.766371,-1.079931,-0.07789344,0.8964382,0.110378295,0.45818844
Leukemia_ATCCGAAAGTTCGCAT-1,-0.6814044,-1.5594693,4.8198934,-0.6855024,-0.73447555,3.6493285,-0.005532026,-1.4590224,1.0109346,1.7898499,3.509651,0.12045811,0.6437231,-0.16482194,0.13666229,-0.5663132,-1.1097089,0.051900145,0.18122067,-0.98792386,-0.66226095,0.26222104,0.13921875,-0.75007796,0.59366846,-0.33729774,0.5462725,-1.4338804,-0.2118602,0.53237754,0.07823806,0.05943501,0.95922595,-0.35447538,-1.5085609,-0.8425475,-0.7040193,-1.4254053,-0.2808583,0.43227714,1.3723189,-1.4652122,0.7360775,0.30540064,-0.77913964,-1.0002846,-1.1600475,1.0117964,1.1969047,0.95422614
Leukemia_ATCCGAATCGAGAGCA-1,1.5672051,14.016296,3.5313609,-1.8044391,3.4532847,-0.646775,-0.6594112,-0.7550673,-1.4352305,1.6777766,-1.9403677,-1.0730488,-0.3155595,-1.0982901,2.4340081,-0.47754875,0.07748972,-0.09985619,1.1715288,1.128139,-0.12567104,0.6565454,-0.98572814,0.70968133,-2.770027,-0.30966023,0.11369328,-1.799216,1.1645682,0.28207737,0.3634206,0.33429086,-0.31835648,-0.55834895,-0.079283066,1.2500561,-1.044492,-0.08553677,-0.4163757,2.042234,0.41322386,-0.14499646,-1.787632,-1.1062346,-0.9084001,-0.86809343,-0.6337937,0.7706153,-1.7402343,1.3081381
Leukemia_ATCTACTCAAGCCCAC-1,-0.23600705,-1.4493817,5.555926,-1.0579705,-1.6072329,2.3696556,-0.30916703,-2.2111392,-0.019101758,1.0581453,3.1644084,0.48283955,1.3274629,0.19845079,0.74453014,-1.1862285,-1.9141679,-0.07329227,-0.88686913,-0.7092739,1.3027365,0.32112846,-0.08169008,-0.87280595,0.17401701,2.1031778,1.9278784,-2.8488004,-0.21961856,0.32512745,-1.2388614,-0.009251928,-0.8363473,-0.14743954,-1.3577569,-1.4723825,0.060919303,-1.7518247,-1.1405123,-0.6373938,0.16157305,-0.007832278,-1.7361928,0.4334564,-0.94945186,1.3074546,0.86746424,2.0698543,1.5951662,-0.8816889
Leukemia_ATCTACTCAGGGTACA-1,-3.8321788,-0.6949064,1.9248202,3.2869885,-2.0055718,2.0982103,2.4383392,-0.7619793,1.2132964,0.7629207,-0.5273774,0.22887047,-1.0438046,-0.061611015,-0.36219293,0.116772935,2.8285167,-1.5200593,-2.8954036,1.3263621,0.079688966,-1.2129879,0.80362743,-1.3386809,-0.09164232,-1.729031,-0.64986694,-2.445584,-0.907901,0.70337266,-0.024108967,1.0342317,-1.2529602,1.7738042,-1.5319215,-1.8026084,0.6447309,-0.77616775,2.5593472,-0.83519614,3.0740767,-0.18658282,-1.7208605,-0.21467689,-3.163537,-0.5895075,0.7396925,1.2276942,-1.3291345,0.7392489
Leukemia_ATCTGCCCAATGGAGC-1,-0.36797807,-3.6997046,8.139795,-0.20451833,-1.8847338,-2.7924795,-3.1705737,4.8095016,5.150628,4.4612,-2.5518036,-1.800793,0.44513923,2.380723,1.4311554,-3.045432,1.0346503,-0.30061814,-1.5183666,-2.8880548,-0.11688647,-2.2249289,-0.81300116,-0.15062876,0.96821725,-1.0758288,1.7429843,0.44226205,-0.29633543,1.1159536,1.0646428,-0.2320397,0.4270742,0.20209369,-0.44648373,-1.5662133,0.6974939,0.89402276,0.9596484,-0.24617264,-0.83603173,-0.38510332,0.024371626,-1.6533362,0.6087799,-0.29514092,0.55835575,-1.7990878,-1.3511416,-0.8355815
Leukemia_ATGAGGGAGTATCGAA-1,0.36106044,2.6723704,4.7053366,-2.4767754,0.74114263,5.806874,-0.68780744,0.60099596,2.684865,-2.9584486,4.2552376,0.99204004,-0.39828053,1.3008912,1.1337507,-3.5963051,0.58241636,-1.5078499,-2.896682,-2.565224,1.7170315,0.41614115,0.013420469,0.20490564,2.9256825,-0.508347,0.53477055,-1.5742339,-0.15145485,0.29619658,-0.6151445,1.324304,-0.8436983,-0.05534291,0.5745101,1.262234,-0.88644546,-1.6266686,-1.3043281,1.6028289,-0.9035556,-0.6320017,0.56759244,0.9299371,1.0057428,-1.1931068,-0.6027727,0.8411062,0.16512418,-2.0266557
Leukemia_ATGAGGGGTCTACCTC-1,-0.1075503,-0.31698635,6.321995,0.61153144,-1.1760885,-1.7314441,-0.25060222,0.7666557,2.0994732,-0.917438,0.9094192,-1.3010266,-0.35422093,0.55726093,0.36946496,-2.3202364,-1.3018295,0.21920449,0.34746838,0.41691074,-0.5341459,0.24709508,-0.040575158,0.18558665,1.1271831,0.55141777,-1.1626458,-0.22600903,0.11073913,-2.4615004,-0.25479302,-0.029839156,0.8212454,-0.46653947,1.0887296,-1.2969259,0.82360995,1.8517941,-1.354496,-1.8291707,0.04099887,-1.9902254,1.8724613,0.033181414,1.5945193,1.9107376,1.9308164,0.52642184,-1.3323113,1.9741554
Leukemia_ATGGGAGCAAGAAAGG-1,-2.3363883,-0.6445724,3.7992816,1.5891118,-1.8424236,-0.9236223,1.7051668,-0.74349463,-1.8346292,-1.3490857,-0.35588545,-2.1934059,-0.7089793,-0.61191416,0.93667066,1.0398561,0.3691067,-1.4135927,-0.8401483,-0.75848013,0.4141381,-0.5707507,-0.15929928,-1.6801485,-0.21827127,-0.6480089,-0.6338471,0.31941175,-1.5572307,0.46472716,0.0888954,-0.91245615,1.404411,-1.4678073,-0.2005465,0.23018353,1.3741105,0.34204334,-0.19415091,1.6133822,0.4962728,1.6312419,-1.5104395,-1.025968,1.3994004,0.20321254,-0.10682158,0.45530534,-0.24537799,0.98532015
Leukemia_ATGTGTGTCGTACCGG-1,12.763944,-1.2107054,-1.0254476,0.5805273,-0.9439446,0.9625525,0.4880725,0.09918088,0.92720985,-0.2889012,0.64656425,-0.49389598,1.5860443,0.1318185,0.11543956,-0.43586466,0.12325587,0.02750302,0.013968574,-0.22113822,1.7365421,0.19774795,-0.6962828,0.7646649,0.97880876,0.918704,0.39695495,-1.0860325,0.43114674,0.63941866,-0.72299665,-0.5769036,0.12275032,-0.5233374,0.44278896,-0.6993044,1.4096435,0.13483217,-0.26668373,0.13875355,-0.09514055,-1.3070593,-0.13832518,-0.61765635,-0.035722338,0.53131086,0.66778386,-0.68407995,0.78588945,0.064115286
Leukemia_ATTACTCAGAGGTTGC-1,5.8930683,0.61902887,3.0323913,3.272005,-1.1520758,-4.316489,2.6054928,1.5165585,-1.6981221,-1.6704019,-0.016098531,0.4158381,1.5171714,-0.4686608,0.0889299,0.6361099,1.497328,-0.32393962,-1.549175,-0.74610454,0.12867604,0.7588888,-0.053834125,1.3894244,-0.4366163,0.53366745,-1.0680293,0.40724552,0.67791927,0.14032981,1.1473,-0.0037271304,0.46843857,-0.42055112,0.5022954,0.48094976,-0.08517766,0.27265334,0.54168504,-0.0068218145,1.1352602,0.10387093,-0.21031556,-1.6144485,1.1950997,-0.53989136,-0.14637414,-0.018160013,0.0628477,-0.8279025
Leukemia_ATTACTCCAAGCCCAC-1,-4.226407,0.6102854,3.7796247,0.50584847,-1.2270284,6.9681864,2.1435,-1.9458692,0.91528827,-3.6890638,-1.2385206,1.9702655,-0.40087792,1.1976,3.7026772,-1.923494,-0.2911561,-0.32673687,-2.3561015,-2.7254155,0.50680166,-0.41464525,-0.008711637,1.5656246,0.5041433,-1.5369437,1.229772,0.87656426,1.3342569,-1.1825982,0.15915625,-0.3512021,-1.277259,3.3838325,-1.0773274,0.4148802,-1.2492585,-0.3792096,0.12969287,-1.708827,-2.1114347,0.6408536,2.6332471,0.2365874,-3.1366765,-1.8095155,-1.8174844,1.0739557,-0.9338593,-2.3187978
Leukemia_ATTACTCTCCGCAAGC-1,1.523031,6.229333,3.769533,1.0913084,0.0228669,-2.5019183,2.4251328,-0.92432976,-0.31376326,-3.3858607,0.5520922,-1.1922448,1.5398004,-1.052505,-1.1792524,1.2340347,0.41583776,-0.6139034,-1.8820059,-3.4116588,-0.8402703,0.04566477,0.20714213,-0.38480031,-0.39387664,1.0814058,0.10853932,-0.5833171,2.0677915,0.33974904,0.65725684,-1.2381884,-1.4102665,-0.46770006,-0.45218834,0.42896622,-0.7032272,1.6008921,-0.92143947,0.17095254,0.10917275,0.12959899,-0.851499,-1.6129556,0.87516445,-0.6568907,0.5516397,-0.07604477,-0.6118612,0.29187202
Leukemia_ATTATCCCACATAACC-1,17.23004,-1.7908071,-3.0065873,-0.45935866,0.33119547,2.3284645,-0.009101121,-0.20902683,0.5276513,-0.64276344,-1.1349454,-0.12269545,1.0394311,0.18122822,0.6921893,-0.07491504,-1.0129042,0.33343282,-0.043647017,0.16837682,1.5687277,-0.4785514,-0.70444745,0.76412,1.4900234,0.16291472,-0.38054565,-0.94936705,1.0098035,0.18079554,-0.90967447,-0.07411872,-0.8651489,-0.23588566,0.22537072,-1.1536121,-0.36298752,0.3435941,0.19448042,-0.14582871,0.7486683,0.7335617,-0.41435555,1.9070374,1.0810665,-1.8048415,-0.0805252,-0.6727754,0.32069853,-0.034633912
Leukemia_ATTATCCCAGTCCTTC-1,-2.9675088,-1.3734182,4.892484,1.8378607,-1.6260223,1.849688,3.8878777,-1.1480845,-0.91883034,1.1800344,-0.92264986,0.9527753,-1.5264138,0.16628964,-1.3447253,-0.8767189,0.16202128,0.28004143,0.3364955,1.5106223,1.7156729,-1.2003413,-1.0674026,-0.42089278,-0.53454006,-0.66690886,-1.3439898,-1.5161965,-1.1863213,1.5588926,-0.07005713,-0.7469635,0.31201133,1.9494355,-0.40706718,0.18810685,-0.24133834,-2.5875359,-1.4407004,-0.4091253,0.95680934,0.17579126,-1.2270035,0.007384437,0.13524799,-0.8549958,-0.09902892,-0.76803905,0.96848893,0.45599756
Leukemia_ATTGGACAGATGAGAG-1,19.374933,-1.7652043,-4.5218854,-0.47672388,-0.04051941,1.8412324,-0.4055025,0.029990017,-0.9954236,0.29615456,-0.14379425,-0.07129679,-0.17942767,-0.25316343,0.65913165,0.41830483,-0.89043653,-0.10838623,0.27439052,0.46138906,1.3235605,-0.9935913,-0.33408472,0.73394614,0.19663312,-0.43063557,-0.1925823,0.12288219,0.48502487,0.82111937,-0.41771385,0.10698962,-0.95342696,-0.14964561,-0.9336807,-0.9118995,0.7206233,-0.29439265,-0.7093173,0.15544593,-0.6806722,0.41825804,-0.6737537,0.91902035,0.092641495,-0.18515225,1.3977027,-0.01608416,0.21248388,-0.6942331
Leukemia_ATTGGACAGTCCTCCT-1,-3.7519286,-1.3504188,2.697917,1.5130885,-1.965866,4.2899356,3.3050501,-1.3855273,-1.7927756,-0.19339414,-2.0162046,-0.2743296,1.6277848,-0.27126524,-0.24701494,0.258187,1.203722,-0.3585401,0.5916372,0.112573415,-0.49142647,-1.3246783,1.7557958,0.2310324,0.5538278,1.2687522,1.2489688,-1.4636377,-0.8325785,-1.2584243,-0.17643696,-0.579969,0.07752834,0.08443479,0.98871636,-0.32825354,-0.276036,0.25507063,2.817145,-1.2492079,1.9646316,0.48661843,-0.31571683,0.2616396,0.19540434,-1.2752641,1.0611718,0.7709479,-2.8585522,2.0776863
Leukemia_ATTGGACTCACCTTAT-1,17.580734,-1.6383401,-3.314143,0.35290307,0.47623876,1.5537386,-0.592418,-0.8984002,-0.17922619,-0.47111225,0.3921071,0.4762804,1.0381423,1.3561577,0.7340806,0.06323747,-0.031782176,0.23053943,-0.4684348,0.21037763,1.4209677,-0.1209959,-1.0528003,-0.09388286,1.1556618,0.64094645,0.082589336,-0.3446557,0.14354362,-0.7269705,-0.45091146,0.010955981,-0.81667536,0.3190885,-0.2685582,-0.6987727,1.0071435,0.048922125,-0.21371117,0.094262585,-0.3615635,-0.04251664,-0.09157121,1.1234025,0.43861908,-0.46232373,0.15253878,0.006069357,0.66340864,0.52787477
Leukemia_ATTTCTGCACGAGAGT-1,2.8024442,8.027681,1.4058124,-2.732432,1.8538276,1.3420944,-2.8379939,1.1759365,-0.45853478,1.0622365,2.8009832,0.2651039,0.6167066,0.62863916,0.32822758,-3.1266415,-0.06482633,0.058365524,-1.18395,-4.273869,-1.1026009,1.3889225,1.8067883,-0.34086567,1.5184253,2.4938605,-0.86374044,0.32071784,-0.06705394,0.62573665,1.1782129,2.2550635,-0.6580473,-0.5689101,0.8776521,-0.55990773,0.079309806,-0.96604455,-1.3394623,2.6811662,0.9115036,-0.5471762,0.8742535,-3.3968885,1.5851333,-2.229482,0.9221915,1.6823161,-1.2990568,-2.2208302
Leukemia_ATTTCTGGTTGATTGC-1,14.177742,-1.7372565,-1.8305058,1.0886403,-0.93175596,-0.32542968,0.7578168,-0.4238639,-0.62296486,-0.044588592,0.6496694,0.3377433,0.31037393,0.3618566,-0.043415513,0.047927864,0.099892996,-0.84586513,0.45597553,-0.40952104,1.9036086,0.38847584,1.4047,1.6274815,-0.09435931,0.036348276,0.33034834,-0.12932448,-0.013162099,0.96076936,0.12295123,-0.09580491,0.28401783,0.32752067,-0.9953404,-0.17324615,0.6747236,-0.18999131,-0.19264263,-0.9133498,0.16018358,0.5119972,-0.53093606,-0.26369956,0.16315952,0.7295873,0.5595491,-0.46059272,-0.3372718,0.8389785
Leukemia_ATTTCTGTCCTGTACC-1,-3.647396,-6.4541183,8.576769,-0.83132535,-1.2556354,-2.4572263,-3.8164546,5.6755447,6.622165,4.8343663,-6.0545382,1.6821986,-2.349254,2.4967663,-0.6705307,-2.1184702,0.1268443,0.19970024,2.4521365,0.7328691,1.7519636,-0.91396713,1.0022736,0.04308879,0.42174643,-1.5593303,-0.10435084,-1.415564,1.9404037,-1.8218601,0.96063864,-0.9687076,-2.3124537,0.8176867,-0.358418,-0.04165886,0.059336904,-0.5471215,0.8538862,1.1867068,-0.17893949,1.4115177,1.1688482,0.70643187,1.1216888,-0.09083688,-0.9119501,-1.1476647,-1.0764533,0.5035512
Leukemia_ATTTCTGTCTGTTTGT-1,1.5126251,7.396322,6.4309597,-3.8976245,2.8044128,-1.1231151,0.3011527,11.096558,10.25074,-12.284893,-3.0400994,16.929638,15.448237,-2.5083768,3.9581835,13.497198,7.096835,-3.0167508,-6.947255,1.4238853,-4.9961047,0.28386682,-1.5524325,-7.254222,-4.908598,-0.5481226,-1.4709711,0.45344767,-6.3764844,3.8271365,-2.3409035,0.14732091,-1.0868465,3.5261798,-2.7786546,-2.896884,-1.5729104,-4.9966173,2.2512815,3.033071,-1.1553596,-1.1792794,-1.3911105,5.6050158,2.222761,-3.9340239,1.3783066,-2.94942,-2.4616024,-2.7424736
Leukemia_CAACCAACAATCCGAT-1,-3.6464205,-1.5246662,3.1348212,0.36331183,-1.2841711,2.3652213,1.4197646,-0.021256823,-2.7180827,0.8992701,1.4836842,0.34707138,-1.8130971,-2.216816,-0.8904987,0.5576034,0.3693663,-0.7963145,0.15062433,2.605808,-0.16067992,-0.61019033,-1.952581,1.0715791,0.13173471,0.6931318,-1.4477952,0.21333991,0.72992086,-0.73820025,0.022042273,1.1516848,1.5245557,1.226112,-0.3396379,-0.6108085,-1.3074348,-1.2858889,0.9761276,-0.60310966,-0.0743426,0.4082151,1.5051835,0.17471236,0.35451022,-1.7049773,-0.13735542,-1.6137846,0.14907208,1.6658696
Leukemia_CAACCAACACTTCGAA-1,-0.455794,-3.5233877,5.9769287,1.000829,-0.5294269,0.33063293,1.0579796,-0.7349885,-1.1240207,2.4589415,0.6964288,1.1757396,0.15036961,-0.6124935,-2.242036,0.6220153,0.50895816,0.38340196,0.20732157,1.1578532,-0.26552317,0.17553173,-0.58501846,0.6071481,0.07144537,-0.6408861,-1.8679128,0.39487734,-1.3400729,-0.38638324,1.3162402,0.16708599,-0.67444,-0.71303403,-0.5328936,1.048147,0.42717215,-1.0828483,-1.7791797,0.38970262,0.4641256,-0.90361935,0.09002133,1.6295702,0.76865244,1.6182951,-0.5836522,-1.1552162,-1.5716039,0.7950088
Leukemia_CAACCTCAGGTAAACT-1,-2.7609427,1.1761888,3.9958258,2.3596754,-1.7480261,0.9933058,5.8022356,-1.2777146,-2.0638473,0.21636647,-0.47932065,1.2327478,-1.3620304,-0.46019322,-1.8122901,0.98715156,0.5105724,0.30033472,1.0234787,0.55456585,0.79523396,1.0362934,-0.21852927,0.042561367,0.74388456,0.20691381,0.37966377,-0.38254157,0.09809679,-0.4660142,0.27855027,-0.056594115,0.58166337,0.96144843,0.007489005,0.85868937,1.0472281,-0.27574968,-1.2623185,-0.65363055,-1.6080533,-0.07592445,-1.6251673,-0.1580706,0.29829502,0.44918668,0.0152703505,0.13706411,1.5497011,-0.1151579
Leukemia_CAACCTCAGTACATGA-1,-1.2223154,4.545406,3.7193186,2.3066475,-2.9806855,0.7734085,5.5398164,-1.0477102,-1.9138706,-2.904293,-0.24333383,-0.45327833,-0.7315887,0.42670995,0.5921707,-0.79117715,-0.37250122,-0.37881914,-0.22134998,-2.0754113,0.28597218,-0.5932753,-1.2738444,-0.4827283,0.22983828,0.60117126,0.40744117,-0.8496589,0.3564075,-0.16714522,-1.0103098,0.66364425,-1.8782617,0.7268069,-1.1810896,1.4794202,-0.93379223,1.2755572,0.86665535,-1.619231,-1.2756034,0.28617117,-0.16275986,-1.3774219,0.43397388,0.8867996,-0.06752263,0.42299336,1.1006376,-0.58889234
Leukemia_CAACCTCTCAGGCCCA-1,-4.351539,0.92488927,3.4523687,1.2001933,-2.5690222,4.2479606,4.0702443,-3.0886679,-0.41190267,-1.4182471,-0.9339854,-0.9463538,0.54820126,0.52354366,1.3297509,-0.23473166,-0.15266182,-1.381123,0.71398956,-1.130877,0.8881033,-0.1398535,0.6580586,-0.93388575,1.3298266,2.3521013,1.9154515,0.2723137,0.0972779,-0.50677806,0.44273132,-0.42646986,-1.1313635,2.7244878,-0.123155296,0.38500956,0.03575865,-0.31583473,0.5690444,-2.194732,-1.6634489,-0.09307592,-0.20383781,-0.9741109,0.22703494,1.1173183,0.08300534,-0.31912246,-0.7526589,-0.31638315
Leukemia_CAACTAGGTTTGACTG-1,1.4325958,10.58287,2.1968892,-0.44028997,1.2669268,0.48086792,0.25583825,-1.3980064,-0.92031,-1.1217599,1.006956,-0.103590734,0.608737,1.1329598,0.3706383,-2.097425,0.31692097,-0.6693131,0.5024397,-0.8829958,0.35362735,0.0757361,-1.1577646,-0.76640415,1.3321036,-0.44733003,-1.50619,-0.29498142,-1.6170776,-0.0067119705,1.9155998,-0.36690477,-1.7097594,-1.0779895,-1.8712871,1.3600196,-0.47811583,0.96410334,-0.44114164,-0.1947303,-0.44334552,1.7394209,-0.17212269,0.60771674,0.3255005,-0.045228235,-0.55508137,0.7814294,-0.23936394,0.058629256
Leukemia_CAAGAAACAATGACCT-1,1.4169768,21.949545,5.9190073,-8.126552,6.8972044,6.4224563,-4.707371,-3.7846382,-2.4134989,2.229738,-6.2359586,0.67139816,-1.384591,-0.39810854,4.695541,0.018732274,1.171022,-1.4169909,1.3418651,-0.66626287,5.3986197,-0.9418703,-0.47743565,-0.9588731,3.619825,-1.2623775,-2.6306355,-2.937757,-0.060143415,-1.0564227,1.000214,0.43745556,-2.5040476,2.0602043,-0.7890995,2.373896,4.136937,-2.1003566,3.8787055,-3.1904814,2.4716928,0.1165362,2.7733233,-0.22518906,-2.1130729,2.5947747,-1.2651268,0.75571865,1.2233523,1.311887
Leukemia_CAAGAAACACGACTCG-1,16.615217,-1.6447475,-2.6209824,-0.00777219,-0.52328926,0.9604622,0.95645756,0.20929573,0.53678066,-0.38569757,-0.1883585,0.24380329,0.29462627,-0.2791714,-0.64883256,-0.69487476,-0.30162358,-0.42482963,1.203795,0.837229,0.9801812,-0.01794778,0.3875463,1.8751773,-0.82317436,-0.6606455,-1.5800022,0.36582145,-0.31467736,0.17116456,-0.019171575,-0.8509338,-0.5160495,0.72285545,0.07067461,0.10186723,-0.47611824,-0.91045886,0.027963864,-1.051039,0.6380864,0.46779916,0.39408433,0.0005110631,-0.45543855,0.10560607,-0.51691955,-0.039400786,-0.43971843,1.1447998
Leukemia_CAAGAAACATCCCACT-1,-3.8118088,-0.60138166,4.3442087,1.6226419,-1.0850478,2.293781,3.6728594,-1.0674396,0.7022987,-1.2641081,-0.5020017,0.76131666,-0.37383363,-2.087183,-1.8728682,-0.6211636,-1.5506928,2.7715862,1.7843285,0.65925604,0.25697067,2.643043,-0.5114286,-0.29362926,-0.45743862,0.04850671,1.4950806,-0.6076988,-0.9054114,-0.914652,-2.6621094,-1.3203571,-1.7666272,1.8219386,0.3437898,-0.3194084,2.8606768,0.40187627,0.93075216,-2.2846978,0.57607245,0.44743806,-0.5772369,-1.545915,0.42980254,0.723026,3.3573003,-1.4865841,0.6580948,0.26256508
Leukemia_CAAGATCAGGATGGTC-1,15.470187,-1.153626,-1.2672837,0.9861718,-0.5174831,1.2664129,0.6258002,-1.0586206,-0.23926885,-0.35152876,0.053486712,0.60016716,1.519243,0.52925986,-0.5029594,0.92099166,-0.55835074,1.343223,0.77817976,0.59442425,1.9330035,-0.66541666,-1.1548243,-0.66142225,-0.4882574,0.2120133,0.7090067,1.0921546,-0.17182256,-0.4016789,0.90383804,-0.08128497,0.019905789,0.21005642,-0.7894837,-0.43617982,0.591185,-0.19673604,-0.05493294,0.58859926,0.0075882026,-1.6271693,-1.0054471,-1.2590646,-1.4159677,0.42790252,-0.5526057,-0.07885603,-0.70249856,0.31679076
Leukemia_CAAGATCCAATACGCT-1,15.369876,-1.6968964,-2.3648417,0.5514676,-0.3071203,0.34636572,0.07805142,-0.20478666,-0.1945266,-0.50507027,-0.03171485,0.95533717,-0.054467965,-0.06462365,0.41019458,-0.5938803,-0.13601425,-0.44488403,0.7705784,1.0890976,1.2868792,-1.2153275,0.040289707,2.159576,-0.022805084,0.50857157,-0.7529026,0.31122935,0.5837141,0.21440127,-0.2580467,-0.019670583,0.09226301,0.77323496,0.5389328,0.23368351,-0.18478584,0.54241365,0.495071,0.34235293,-0.055838972,-0.45878533,0.62833714,0.6995029,1.1278452,-0.28852996,0.18289247,0.50603306,0.52269554,0.25123307
Leukemia_CAAGATCTCCGCGGTA-1,0.02435213,-1.9454862,3.4519868,2.0699685,-1.0231516,-1.1379597,3.5581565,0.07193849,-1.5853826,1.4366201,0.17586523,-0.8869445,-1.3874562,0.6451912,-1.455587,-0.4705071,0.5990793,-0.7113543,-2.4359813,0.6996909,-0.72071064,-1.3451579,-0.97023195,0.46760708,-0.83342844,0.10661803,0.40693083,0.32105702,-0.31535828,-0.86923796,-0.31406656,1.4261876,0.88568383,0.93358004,-1.1675653,-1.0068324,-0.60711664,0.116653375,-0.35466763,1.2207502,-0.3744537,-0.86163116,0.99944466,-0.6636011,-1.0946556,0.2522737,-0.9951089,0.16790842,0.5671574,0.8468355
Leukemia_CAAGATCTCCTGCAGG-1,-0.18492351,-0.63995576,4.145479,1.5955545,-2.186669,-0.05397207,1.2006807,-0.12500899,-0.36154842,0.4965382,1.3251853,-0.83037364,-0.38597682,0.13345352,-0.19519094,0.12922251,-0.36731058,-0.82624745,-1.9809493,0.6664131,0.68166286,0.713113,0.12296631,0.3232064,0.51361316,-0.3037039,0.42537323,0.032557774,0.55098784,0.6470369,-0.35223573,-0.97898704,-0.5534263,0.56233853,2.2468393,-1.497035,-0.3904111,-0.91012853,1.5347812,1.3203214,-0.12288311,0.20730056,1.172764,1.0178493,-0.22222811,0.3337967,-0.13670701,-0.15350889,0.027517347,0.085304506
Leukemia_CAAGGCCTCTTCATGT-1,16.893826,-1.6438485,-3.0034213,0.5468401,0.016321493,0.41624817,0.26387694,-0.3415039,0.3116158,-0.11371563,0.43883166,0.40145037,0.102078624,0.5074868,0.574941,-0.55200857,-0.850383,0.4696101,0.3841862,1.179211,-0.8842351,-0.5161603,0.3975117,0.11954416,0.6490858,-0.27087888,-0.81513244,-0.2503519,0.61420274,0.3977989,0.14167948,-0.14021246,-0.14556083,0.28982466,-0.18234485,0.2237244,-0.11066531,-0.38128144,-0.20932117,-0.031170458,-0.0144385705,0.68848705,0.27576998,0.7034862,0.17094497,-0.112716116,-0.43787292,1.2418385,0.35709134,-0.04952287
Leukemia_CAAGTTGAGCCCAATT-1,-2.6384218,-1.6307746,4.27722,2.0609436,-2.2785056,0.5814941,4.093079,-2.9528463,-2.5322528,0.7955906,-0.6093078,-0.4316122,-0.7470094,0.9050351,0.20966236,0.47916442,0.4350564,0.5482917,0.809,-1.1303053,1.1637105,0.75218177,-0.7368757,-0.8880337,-1.7041624,1.2615112,-1.3298452,1.5729412,1.3541734,-1.060867,-0.27949843,1.8026823,-1.6880052,-0.4181527,0.15288574,-1.4931859,-0.79906315,-0.22195508,-0.9647373,-0.98806876,-3.0465784,-0.07572092,-1.1522282,2.5415177,-0.6984764,0.34050515,-0.39860994,-0.35583013,-0.42007142,0.1744486
Leukemia_CAAGTTGAGTAATCCC-1,12.888498,-0.4741916,-1.6802174,0.77095765,-0.4052113,0.30313405,0.59605086,0.3094776,-0.13359642,-0.53220236,-0.3048561,0.088107824,1.0372957,0.99604446,0.59941214,0.68396026,0.40830564,-0.30078128,0.5086752,1.0212635,2.240702,-0.98301834,-0.28537118,2.754665,0.3355856,0.38826087,0.4329358,0.43196267,0.12895377,0.7686531,-0.38417062,0.029720657,0.47215405,-0.15958752,0.82914555,-0.7189869,0.450917,0.6351917,0.20904477,-0.95379484,0.119713575,-0.46942067,-0.27172923,-0.7324555,-0.038112063,-0.5984101,-0.6311577,-0.6237907,-0.49660376,0.1351364
Leukemia_CAAGTTGCACTTACGA-1,6.633518,2.675309,1.981341,1.8666942,-0.7330753,-1.599906,2.2240047,-0.103547946,-0.4499838,-0.38867337,1.9239947,1.1099108,1.1892922,-0.30130348,-0.56445175,0.09798568,0.33816674,-0.9994792,-0.885409,-1.1348852,1.6979624,-0.06926903,-0.30591488,1.5678257,-0.24327734,0.41232824,0.41974056,-0.72468245,1.2396173,1.5504144,-0.24476783,-0.0783825,-0.30725977,-0.35966605,-0.0011997886,-0.64673805,-0.14859524,-0.6550671,0.6085556,0.22441143,0.15460816,-0.68097657,0.47300503,-0.864208,0.24996106,-0.50472456,1.1775568,-0.06407062,0.645408,-0.023800664
Leukemia_CAAGTTGTCCCGACTT-1,1.1603779,-4.0425835,5.257097,0.086266525,-0.9971755,-2.607778,-1.5563593,2.9661791,1.9131653,2.8639247,-0.39993703,1.2107973,0.42445287,1.8914832,-0.05369573,0.059895094,-0.35859475,-2.3187728,-0.18566723,-0.7892453,-0.83303255,1.2691616,0.1575168,1.1774448,0.13103999,0.586393,0.69228524,0.41855922,1.3146652,-0.6079995,-1.1795896,-0.7190017,-0.0950096,-1.0508627,1.4959973,0.71534306,-0.18183456,1.4354357,-1.4105933,-0.16628824,-0.77073467,1.3330004,0.5486483,-0.45327145,2.551651,0.8227337,0.6572038,-1.4601506,0.6143163,-0.20402294
Leukemia_CACAAACCAAGCTGGA-1,10.303772,-0.034045853,-1.4392557,-2.8321314,1.0883871,2.0828252,-0.32770866,0.18470706,2.847003,-2.7249198,-1.4701433,0.5071555,0.5878542,1.9927601,1.38489,-0.65373963,-0.2448669,1.5708647,0.6762329,-0.3875718,1.1570747,0.44435266,0.076921605,-0.9932645,0.16170678,0.012593846,-1.0298729,-1.755582,0.8119071,-0.6463223,4.118154,0.6842109,-1.256082,-1.101568,0.5192306,-1.9342527,-0.48836294,-1.5787928,0.6726653,3.5804524,1.378821,-1.3086385,0.35050482,-1.9034998,-1.0396843,-0.48669037,2.7652702,-1.008958,-1.0533984,-0.16953586
Leukemia_CACAAACCACTGAAGG-1,-1.2074631,-1.6563139,4.585792,-0.7487871,0.18346077,5.637318,0.46411395,-2.3184788,0.8830947,4.4673405,3.4017682,4.282799,-0.02304415,-0.8419813,-1.7025152,-1.2497402,-0.54255193,-0.031056572,-0.7847892,0.9109643,-1.0128441,-0.74029756,0.16040024,-0.4954903,0.09578989,0.8683245,1.6954685,-1.2731228,-0.3968568,-1.0485033,-0.4172024,0.560976,-0.9773229,0.1358416,-1.2681199,-3.1427372,-1.0452007,-1.9873205,-0.084319115,-0.44056478,-0.7905313,-1.1294091,0.4749606,1.1550314,0.50788236,0.13227129,-0.2972904,0.94530034,1.5467625,0.09436714
Leukemia_CACAAACGTAAGTGGC-1,-3.8479412,0.9384135,2.618004,-0.12399913,-1.7059156,4.474208,3.325049,-1.333477,0.73177546,-1.3377976,-0.88915664,0.9192632,-1.6715907,1.3918583,0.29911983,-1.3833498,0.6422992,0.8566904,2.5157733,-0.30478942,-0.83397603,0.16555952,1.1160059,0.9527397,-1.0880848,-0.2760271,-2.2961993,0.6920139,-0.94922525,-0.3485746,-1.0622449,0.19761783,-0.2739854,1.4428769,0.66392714,0.711314,-0.10709578,-0.012075862,-1.243078,-1.0913206,-0.26222098,0.6681696,-1.7371534,-0.7675485,-1.2073698,0.5665046,-0.54270357,-0.14659013,0.007461253,1.1304325
Leukemia_CACACAAAGTTACCCA-1,4.5882187,16.071907,3.2437317,-3.1701627,4.6460648,-2.446043,-3.230508,-1.8551635,-4.254586,4.676374,-1.5908217,0.12889346,-0.6395887,-0.5728256,-0.50444174,1.7900037,0.21183859,-1.4015696,1.8359404,2.698715,0.040371124,0.13456687,0.7122519,-0.085785575,-2.0361233,-1.5303934,-0.12765935,2.5176058,-0.52611506,0.49902585,1.0909384,-0.46931955,1.9163917,-1.470262,0.6542244,0.8570547,-0.1603649,-0.24659246,1.0229143,-0.58478475,3.188975,-0.4758706,-0.39347908,0.7001039,-2.8883085,0.79567385,3.6234148,0.14261295,-0.9592298,1.3058591
Leukemia_CACACCTTCGACGGAA-1,0.29825947,4.6061277,4.004309,1.8949943,-0.6348781,-1.9753762,2.5449557,0.58722365,-0.5454346,-3.7235687,-1.2262253,-0.6040152,1.7200081,-0.35573274,0.47642517,0.18769227,0.19151275,1.5072718,2.3665595,-0.05855627,-0.011725591,0.61717665,-0.7381617,-0.9856987,-0.31599957,0.091703124,-2.2673764,-1.057963,-0.9713744,0.03986518,0.9457538,0.97226787,-0.083321646,-1.6042902,-0.0654634,0.8977117,-0.19068632,2.5966415,1.5690016,1.1516218,-1.0606986,-0.45228186,0.71342224,-0.57245755,-0.6077103,0.58157223,1.006352,0.18177098,-0.72163653,-0.1177477
Leukemia_CACACTCAGCGATTCT-1,-2.6690102,-3.511439,5.766006,-0.8040923,-0.72744215,2.9235165,-2.8009052,-0.7898816,2.672358,-1.8678646,0.113367535,-1.6283902,0.012131422,1.4914068,3.0897243,0.49151084,-1.3355143,0.85406953,0.028342528,-0.4173661,0.6123644,0.7039015,0.9282791,0.74598694,1.2017374,0.36578208,-0.38600796,0.64079124,0.76397455,0.56838816,-0.48827675,-1.0620924,-1.2473828,-1.4536546,0.15191019,0.28994003,-1.0973091,-0.2663694,-0.100612715,-0.8638401,-2.2547398,0.80338305,0.97830445,0.47402275,0.33903775,0.7637327,0.53965014,-1.034614,-1.7128373,0.15957525
Leukemia_CACACTCCACAGGTTT-1,-4.8085012,3.3210738,5.880558,0.78851026,-0.65297455,3.7277493,6.8717732,-2.5683746,-1.4057657,-3.1536162,-0.48320326,0.7301417,0.07318758,-1.4934455,-3.0948231,-1.8959638,-2.5330956,0.6457472,1.6688159,-1.4039004,-0.28188092,-1.1952013,-1.4676841,-0.2941838,1.0895476,1.9703315,-0.93061537,-0.5157931,0.716129,0.23154901,1.5261246,-0.38515505,-0.9551254,-0.5082848,-0.04978948,0.110963605,2.2022653,3.2377844,0.45180553,-2.453777,-0.12840988,1.4344193,0.05840041,2.5631478,0.39150786,1.6008387,-1.1446686,-1.627588,1.7792292,1.6123884
Leukemia_CACAGGCGTAAATGAC-1,11.936831,-1.1533763,0.2070667,1.568305,-0.8911382,-1.1337025,-0.41768643,1.0636365,0.72040313,0.18453972,0.5744045,1.8658575,2.2255256,-0.13074958,-0.38612023,1.0889091,0.7450307,0.62595564,-0.33297938,0.49664855,1.2769871,-0.63257724,-0.39455417,-0.9508659,-0.92717713,-0.52985764,-0.5167402,1.2863314,-0.31534725,0.7667297,0.6743849,-0.5302778,0.7205257,1.1461154,-0.44292122,-0.3826408,0.66168517,-0.80903566,0.52226156,0.34249052,-0.64674544,-1.3137097,-0.22191502,-2.282759,-1.5122055,2.258336,0.016168311,-0.4467874,0.49470115,1.6119009
Leukemia_CACAGGCTCCCATTAT-1,-3.1247914,-2.5184984,4.787672,-0.29833272,-1.2402878,1.256732,0.93605757,-1.7011564,-1.449412,-2.3725495,-1.6806916,0.15575373,-1.0969765,-0.5739752,-0.50165397,3.1066892,0.11328817,0.49489787,0.4452342,1.7820587,-0.4830881,-1.7356691,-1.5326837,0.88669246,-0.23483379,0.12321035,-1.920993,0.6575921,-3.4201653,-0.02394754,0.9430476,-1.3875324,1.1533926,-2.4653351,-1.7476333,2.3971422,-0.21426134,1.3010067,-1.5864217,-1.7121168,-2.2439215,-1.1488632,1.974101,1.0142901,-2.588611,-0.34634122,-2.1598094,-0.8649857,1.5955731,-1.2967104
Leukemia_CACAGTAAGACCCACC-1,-1.14378,-2.9585636,5.9295893,1.1291881,-0.71317106,1.0871851,-0.6668625,0.65136707,2.1410012,-1.1574084,-1.040285,-0.44136637,-2.6294086,0.37151504,2.2662327,-0.24477856,-2.392107,0.72537595,-0.6583328,0.96783894,0.31168318,-0.21878977,0.86780214,2.1001725,0.29192334,0.11207608,-1.6831688,-1.2555853,0.5590075,0.57249236,-1.6848524,-1.9686359,0.39123264,-1.0795177,0.25234607,0.846919,-0.26556543,-1.5617359,0.32679856,0.18124081,0.46218163,0.37711668,-0.5711243,0.2999425,-0.99139106,0.5528794,-1.0305972,1.3519973,0.5810224,0.05965975
Leukemia_CACAGTAAGGGCTTGA-1,15.264949,-1.3861518,-1.6897807,0.39236507,-0.5189286,0.21912423,1.566018,-0.40766498,-0.1267941,-1.3040854,-0.15283714,-0.056628443,0.53415674,0.38961527,0.8777387,-0.59055173,-0.937241,-0.42489678,-0.081606545,-0.05615216,2.2562084,-0.6930207,-0.97232884,1.5593835,0.044868562,-0.24232186,-0.5810255,-0.1657751,-0.0059725135,0.90549606,-0.77703553,0.64414984,0.3028344,-0.36066914,0.04080715,-0.72917175,-0.76281947,0.41695553,0.7479964,-0.77923137,-0.020555062,-0.07997592,0.09285615,-0.17405418,1.2000179,0.12970102,-0.16415636,0.31856328,0.27148685,0.69858456
Leukemia_CACAGTACAGACTCGC-1,18.693054,-2.7761855,-4.528294,-0.08286813,-0.5466192,2.6710749,1.7168201,-0.9169524,-0.114404544,0.554196,-5.034631,-1.3595046,-2.1215758,-0.32224134,0.75062853,-1.2204238,-1.5177975,-0.46952787,0.07301373,-0.68048936,-0.8671447,-0.45098153,-1.1149203,-1.1505373,0.8338363,0.92988807,-0.26863372,-2.6656091,-0.108277075,1.4317038,-1.5936068,1.3062545,-0.5947171,0.5451855,0.37061065,-1.3576388,0.28630763,-0.8801818,0.45085028,-0.8131818,-0.5446317,0.3520065,0.2695229,2.260543,1.9674454,-1.080106,0.55134815,0.34510463,-0.86644584,0.9259401
Leukemia_CACAGTAGTAAATGAC-1,14.700999,-0.021204775,-1.1786712,-0.6597565,1.2563841,1.502525,-1.7106043,-0.63067377,1.6147821,-1.0967544,1.2154008,0.34664613,0.9873613,0.89229995,-0.5484013,-0.6519945,-0.13468301,2.0145502,0.20610677,1.0364419,1.0798585,1.1360108,0.5746954,-1.4013766,1.746983,-0.22774898,0.329864,1.7777752,0.3613986,-1.6063282,1.3156687,-1.4592298,0.48024848,0.9475392,1.1679515,-1.0845503,1.158459,1.3079655,1.4229698,0.15524794,0.85849965,-0.79961574,-0.3497746,-1.2979643,-2.5089197,0.59335035,-0.523689,0.49924767,0.29598773,0.35851845
Leukemia_CACAGTAGTCAAAGCG-1,-4.908223,-1.9621214,3.6223533,-0.34210876,-2.6411066,3.295471,3.2386453,-3.9344273,-2.1345356,0.032111958,-2.0599968,0.17836495,-0.31837347,0.77153355,0.07336419,0.5756438,-0.18781161,0.6126827,0.35292536,1.4802666,1.1442606,-0.7908695,0.69013065,-2.0558505,0.87971276,-0.7009096,-0.046703804,3.18478,-0.24699725,-1.4130038,3.71878,-1.020522,2.999785,0.7422704,2.457973,0.46298617,0.31904292,0.54524595,0.266183,-0.1939246,-1.2194035,-1.1814996,2.0717049,3.1988165,-0.8892969,2.0096653,1.1130259,-0.3484483,0.3874034,2.757404
Leukemia_CACATAGCAAGCTGGA-1,1.9938939,4.253037,4.3034844,-0.49970618,2.505353,-3.5364056,1.563945,7.07466,2.9180548,-8.685381,-2.6541982,10.215507,8.185829,-2.1054118,-0.5862068,11.104775,3.7168117,1.6158861,-3.0435517,1.9947248,-1.9521602,1.3007323,1.8566697,-3.8148797,-1.5748365,-1.4323837,0.88646644,-2.3866553,-1.3552296,1.4461243,-0.9956621,0.59316355,-2.167778,0.85186404,1.6093016,-1.4612002,0.4743087,0.046921685,-0.42659494,-0.9704298,-0.5633642,-0.2311181,-0.20389599,0.62315685,0.23797339,0.068473175,1.0867755,0.4115196,-1.6248991,0.9802547
Leukemia_CACATAGCACACGCTG-1,17.97775,-1.6341841,-2.7998378,-0.6857744,0.43968976,1.5218905,-1.8702185,-0.48030856,0.6072255,1.6524653,3.938761,1.6253572,0.9018758,-0.5808177,-1.747271,-0.8367731,0.58524656,1.3005383,0.97032565,0.5487289,-0.87672216,-0.001500531,0.12826854,-0.89696395,-2.0698483,-1.1634492,0.65389395,2.02554,-0.043392774,-0.91996557,0.9409068,-0.97679234,1.293763,0.692013,-0.6552633,1.7488314,-0.49032724,0.9192631,0.87898195,1.1594936,0.29866618,-0.4607431,-0.2433301,-1.0231642,-1.7283542,1.7248188,-2.2087862,0.5319213,-0.09790586,-0.24763608
Leukemia_CACATAGCACTGTTAG-1,-0.29417184,-2.3974462,6.86884,-0.36423403,0.27747095,0.15052551,-2.4000425,0.08385384,2.0284927,-0.68246067,2.3007333,-2.619481,1.5660986,2.1174655,-0.36497343,-0.13645564,-2.1010692,1.0811949,0.60493636,-0.16056591,-1.0671903,0.46630204,0.31079686,-1.1949027,3.2124918,-0.62914264,0.10126134,-0.69446796,2.0263555,0.53540593,-0.04206584,-0.46274507,-0.37636447,-0.15703268,0.1088147,-0.38094008,0.024624323,-1.4691752,-1.3788648,0.14028762,0.2425099,0.043235768,-0.15901741,0.0018403644,0.9097155,-1.2492076,-0.2835909,-0.906806,0.53027874,0.050994918
Leukemia_CACATTTAGCCGCCTA-1,-1.6496322,4.40202,5.42888,1.9422472,-0.95744604,0.1851756,4.1721363,-1.267298,-1.0923684,-1.0868129,0.6540783,2.3752139,-1.7202532,-0.12898104,-3.545853,-3.1269999,0.55216205,0.024397047,0.4268644,-1.3507164,-1.5572097,0.18847603,1.1161835,1.8848121,0.69627935,1.4715567,1.1064942,-1.6849444,-2.1844645,0.34743872,2.2207875,0.27343875,-2.0384123,0.014877492,-1.2535999,0.18394406,0.7076471,1.6796297,1.5016034,0.6796992,1.8272768,-0.5863767,-0.84713477,-0.15163669,-0.11992584,-0.57385933,0.13050686,-1.8030083,-1.0251713,1.2947811
Leukemia_CACCACTAGATGAGAG-1,-5.062037,-2.4480116,3.0322561,0.49200433,-0.37236747,5.415491,0.79613835,-1.4858,0.859859,-2.2678545,-1.436006,-1.3199707,-0.021651454,2.470669,6.2830033,-1.8720577,-0.8148977,-0.5594082,-0.8049275,-1.5092914,0.2609513,-0.16949229,0.63117296,-1.0052828,1.0551147,-0.7987782,-2.3793015,-1.323611,0.86463195,-1.0134914,0.50208175,-1.1656696,0.29086623,1.7972538,0.36297798,3.0240037,0.2140599,-0.7447909,-0.31036624,-0.6470209,0.56094944,1.9693162,-2.2649581,0.2930867,-1.327197,-0.0113056665,-1.8050323,-1.3727537,-2.0008013,-2.151912
Leukemia_CACCACTTCACTATTC-1,4.297145,2.8384085,4.0630484,1.0562055,0.3322948,-1.0797119,1.7513049,-0.27112746,-0.5328695,-1.981558,2.964658,-2.0258613,2.1735294,-0.2141911,-0.7900338,-0.41447917,-0.11115652,0.43974912,-0.23503016,-3.3309216,0.957011,1.5304734,-0.027484698,-0.2433561,0.8634418,-0.119224384,-0.14363623,0.1697955,1.7270995,1.9706138,0.0451468,-0.22130854,0.68968374,-0.6809029,0.46961746,-0.3147221,-0.35075608,0.5615818,0.025637139,0.29935592,-1.1811333,-1.4804552,0.117703795,-0.42564237,0.79241085,-1.2691646,1.3864896,-0.9613552,0.24574147,-0.2487478
Leukemia_CACCAGGAGTACGACG-1,17.750772,-2.9125953,-4.160548,0.09622227,-0.046025194,1.2303725,0.22682242,-0.24018666,0.57711303,-0.9742802,-0.802758,-0.17227535,-1.443306,0.4234352,-0.027833156,-0.81798977,-0.56400216,0.5482498,0.97806835,1.2331617,-0.5775099,0.776766,0.423629,1.0773851,-0.98724174,-0.18713993,-0.03833687,-0.5920149,-0.2221528,-0.9424305,-0.539787,-0.31846464,0.3250372,0.7455218,-0.5077401,1.3808808,-0.343692,1.0886563,-0.5848491,-1.0756263,0.041614525,0.24634771,0.018706322,0.70440876,0.3050498,0.71436995,-0.14252622,-0.5325927,-1.1695194,-0.98323405
Leukemia_CACCAGGCACGAAAGC-1,14.169074,-1.5292287,-1.3755913,0.18697461,-1.1811359,1.3441701,0.8423668,0.12466467,0.122052886,-0.8336839,-2.1984067,-0.59727454,-0.53446686,1.4081246,2.0338283,0.7196632,-0.7632948,-0.29367208,-0.10388495,1.0759978,3.1516695,-1.1322867,-0.93676865,1.5001377,0.9718244,0.44039753,-0.8754666,-0.46249747,-0.20911585,0.47517586,-0.40709046,0.4587065,-0.15250061,-0.55557704,0.7077232,-0.6210875,0.20430039,-0.29165772,-0.4166441,-0.51140285,-0.12614596,0.0952787,-0.5984363,0.0153555665,0.90925425,-0.39769015,-0.70418936,0.43946564,0.20597981,0.084791034
Leukemia_CACCTTGGTCGAATCT-1,-2.2051215,-1.4627256,3.7000704,1.1436751,-2.0800622,1.3380945,1.7932607,-0.43058264,-1.6286482,0.41114283,-1.0239949,0.12545276,-0.85472625,-0.853385,-0.30505,1.207979,0.67490894,-0.27540752,0.44619334,1.4575782,0.37132767,0.82466483,0.07959046,-0.67113656,-1.3250581,0.64888805,-0.12347325,0.5234541,1.7651776,1.9914587,1.8752122,-0.94397247,1.1572454,-0.8721821,1.4513605,-0.09422276,-0.626405,2.19893,1.1199667,-1.3659337,0.35921013,-0.7415387,0.22017375,0.21238963,0.83384985,-0.5115171,1.3219482,0.30770183,-1.0310053,0.87419224
Leukemia_CACCTTGGTTACTGAC-1,18.012255,-1.5819929,-3.5918744,-0.44427884,-0.17518862,1.4317906,-1.0643226,-1.045866,0.32732746,1.5843517,1.7298052,1.4912186,0.14687066,0.52604747,-1.1335107,-0.34643155,0.4145917,0.9130265,0.90977126,0.39349306,-1.0296587,-0.10454863,0.49992567,-1.2342148,-1.5200124,-1.1972376,1.1690514,1.5350326,-1.0041714,-1.3740143,0.6144633,-0.047484543,1.7319069,0.5985389,-0.39809296,2.2052097,-0.31497824,0.9150963,0.17578891,-0.8699099,-0.57183844,-0.06222938,0.050275702,-1.3951105,-1.7688817,1.0190109,-1.8527278,1.0729457,-0.98088497,0.5179691
Leukemia_CACCTTGTCATCATTC-1,16.884846,-1.1989377,-2.4411368,-1.9809299,2.1903224,2.3750906,-1.8549702,-0.19163214,1.4059564,-0.8678822,1.3823665,-1.014446,2.1452224,0.2608551,-0.9310447,1.2233392,-2.081639,2.024759,1.2154368,1.3302741,1.0996133,-1.0166746,0.27867153,-0.054201007,-0.07047441,-0.5345245,1.2039661,-0.031080548,0.12822273,0.56296194,0.9496653,0.072315075,-0.63685817,-1.1338782,-0.72630656,-0.6164358,-0.59082943,-0.66775775,0.32371086,-0.17151852,-0.31685966,-0.085024856,0.03130437,0.8072361,-1.4879715,-0.2721406,-0.22247727,-1.7343433,-0.83158606,0.3927
Leukemia_CACTCCACAAGAAAGG-1,17.502779,-1.9951408,-2.9384506,-0.39061952,0.7093766,2.1572187,-1.2152,-0.2136509,-0.031216761,1.0593739,0.6726973,-0.0027208582,0.29241845,-0.036305126,-1.692052,-0.6581199,0.3797331,0.96349305,-0.025691953,0.6227261,-1.6449436,0.074249685,0.6968287,-1.8228114,-0.62811786,-0.29952568,1.0178294,0.40845975,-0.3907424,-0.9193923,-0.14365755,-0.36837542,0.3992428,0.5596242,-0.44046623,1.3411733,-0.16078478,0.012389426,-0.33023039,-0.9238564,0.23848964,-0.27088138,1.1275907,-1.1041877,-0.77025586,0.8309192,-1.2573185,-0.17993528,0.021547528,0.19179584
Leukemia_CACTCCACAGGTGGAT-1,15.352435,-1.9212881,-1.8935707,0.61250275,0.2155146,1.4413506,1.5056913,-0.58129823,0.96698296,-0.41002825,-2.3603919,-1.5811441,1.6606598,-0.4507286,1.6340151,-0.023479603,-1.5479519,-0.876873,-0.43178758,-0.51642793,1.2922676,-1.0047519,-0.22940008,1.0692863,1.0186048,-0.49563217,-0.90808666,0.11599032,-0.23178479,0.13741362,-0.108526304,0.4893072,0.87933564,-1.5087047,-0.182073,0.02043663,0.23075083,-1.8623127,1.2110281,0.62022585,-0.084391415,-1.4098247,0.52435315,1.1972599,-0.049375586,0.2100892,-0.6234052,-0.78808826,1.0563409,-0.5471943
Leukemia_CACTCCACATGTAGTC-1,15.899126,-2.1820488,-2.4910603,0.38292107,-0.61123216,1.1515948,-0.24787143,-0.20516041,-0.102462806,0.69385034,-0.9833907,-0.83370805,0.092071384,0.11933696,0.545604,-0.55304784,-0.31373194,-0.083968624,-0.88980806,0.27986023,0.5979716,0.111439936,-0.5110208,0.76239,0.56641746,0.22935215,0.35142773,-0.08402353,0.13502151,0.86703575,-0.42048833,0.39653873,-0.5817295,-0.7080908,-0.42640874,0.020672318,-0.37397754,-0.5563659,-0.11174914,0.752543,-0.34774467,0.4874429,1.0017736,-0.012401641,0.36592224,0.034109473,0.13052733,0.60580695,-0.17831092,-0.045907065
Leukemia_CAGAATCAGGCGACAT-1,6.0508695,0.44655555,2.7421014,1.5213329,-0.06635062,-2.4506311,1.7080898,0.71318066,-0.6756242,-1.7530942,0.819143,-0.9522888,2.197275,0.62901175,0.73271376,0.6302494,0.10944911,-0.031320106,1.0032485,0.31357908,1.6137067,-0.66426593,-0.22704531,1.1668288,0.5939334,0.6555185,-0.42315146,-0.8232348,1.680354,1.1250432,-1.6608281,-0.82507926,0.24069792,-0.47849503,-0.46496508,0.58083266,0.53968406,0.73251426,-1.1179829,0.38995028,1.0079924,-1.099177,-0.7884482,0.2702293,0.65551174,0.0018843587,0.4448453,-0.94003373,0.42051664,0.6208271
Leukemia_CAGAATCGTTCTGTTT-1,-0.7221975,-3.6134932,5.887384,1.1619637,-0.69331586,-2.152428,0.57652026,3.9319305,0.4714578,2.0800653,-2.6302698,-0.003982987,-0.8182402,0.71978426,-1.6366698,-0.068245575,1.0194719,-0.73051465,0.56174326,-0.33003792,-0.8602635,1.101521,0.013257556,0.7153222,0.91089946,-0.086497664,-2.1357872,1.1981263,-1.4259875,1.2964889,1.0830817,0.8719505,0.84219146,-3.4893517,-0.91677547,0.33272466,1.1282265,-0.16737087,-1.0219593,2.3179054,0.032746952,0.53155154,-1.3949049,-1.8393246,0.44943067,1.4658947,1.6265886,2.0469646,-0.39124063,1.0243179
Leukemia_CAGAATCTCGTACGGC-1,16.38478,-1.5051509,-2.9778283,-0.5309934,0.582038,-0.13642238,-1.7015992,0.059975848,0.6266546,1.4015352,1.5581368,0.63023496,-0.5303364,-0.3632684,-1.8579453,-0.5399005,0.8613218,-0.5035507,0.14638087,-0.06770536,-0.63916034,0.4493333,1.3512877,0.1586721,-2.268225,-0.23827453,0.21452308,0.6671874,-0.8265705,0.17068002,-0.3669334,0.011129816,1.3298876,1.4054242,-0.48760277,0.63757664,-0.05421378,1.2629405,-0.490074,0.15755236,0.3407175,0.8724682,0.37468773,-1.534813,-0.67666966,-0.2258517,-0.27214646,0.35802352,-0.2603092,0.120066
Leukemia_CAGAGAGAGCAATATG-1,6.3475723,0.6360723,1.5311395,1.063844,-0.8480096,-5.345852,2.5403953,3.2786772,1.0947865,-1.9027268,-1.4592043,4.101512,4.921253,-0.4612865,1.3323345,4.5651507,3.388053,0.0021502129,-1.7348877,-1.9789733,-2.1033676,0.8599426,0.31977472,-1.4534221,-2.1077473,-0.5783935,-0.52215874,-0.34470418,0.79129994,1.2067034,-0.5539597,0.33520842,1.4282297,0.40126032,0.3966699,0.96128565,0.25869378,-0.99380213,0.61178076,0.19566342,-2.312489,-2.5400388,-0.48611587,-1.9755791,-0.218822,-0.22617133,-2.4007576,-0.27086803,2.6590772,0.22350006
Leukemia_CAGAGAGAGTCTTGCA-1,0.88729763,5.198913,5.0474777,0.7055485,-0.93996507,0.8675861,4.6321096,-0.7474971,-0.18681252,-2.872297,0.8818786,0.68188953,0.81024766,-0.5722925,-1.1351348,-3.219738,-0.95494914,0.8003078,0.8398043,-0.9868989,1.4479159,-0.90008,1.4839678,-0.9913905,0.7362411,3.3078122,0.2515122,-1.7675946,-0.22097868,1.4389894,0.99656755,2.4691148,-0.8119316,1.7632263,-2.1199176,-2.032771,0.3469427,-1.1881087,0.80715144,-0.43765405,-1.8974621,0.3855425,-1.32177,0.60835433,-0.92208433,-1.6286048,0.2537855,1.4097071,0.630829,-0.50552034
Leukemia_CAGAGAGCACATCCGG-1,14.736359,-2.1880946,-2.3131664,-0.26823482,0.34057066,0.113813505,0.61039627,-0.3002867,-1.382073,0.03630196,-0.49015167,-0.61933124,-0.29596427,0.08677996,0.6916036,0.5515363,-0.12995462,0.67903614,-0.105043836,-1.5557024,-0.08950225,0.48539785,-0.87811166,-0.11980799,-0.72532576,0.44122237,-0.50050974,-1.164959,-0.5535999,0.14408492,0.92098457,0.015622527,-0.049265977,-0.43482992,-1.0020003,0.41127762,0.39867845,0.42689362,-0.04171048,1.4235538,-1.8111876,-0.14407106,-0.53714013,-1.2541807,-0.33698824,-0.2759201,-0.87095696,1.0164841,-0.96688664,-0.47369096
Leukemia_CAGATCAAGAGACGAA-1,0.6027153,-2.2298155,6.293294,3.3231804,-2.2358835,-3.8467977,1.9984405,3.8280501,1.5649004,2.7852569,-2.1582694,-1.4631971,-1.1486003,0.73778325,-0.25308648,-1.0270042,1.9520719,0.28383532,0.9100763,-1.4395622,0.4205676,-2.2867894,0.53388023,0.36355218,1.7402788,-0.09924919,0.049759742,0.44820645,1.5989807,0.48296985,0.54798204,-1.1934047,0.33336076,0.5785789,-0.04646065,0.48142323,-0.52177703,0.36678553,-0.21767867,-1.6113553,0.03464901,-0.95021147,-1.1200812,-1.2753152,-0.9758525,0.6129564,-0.45759723,-0.5798288,0.2722465,0.5542779
Leukemia_CAGCAGCCATAGAAAC-1,-0.29449093,-2.0404234,6.009752,2.3465478,-1.6613984,1.6523743,1.476234,-0.5617129,-0.518877,0.8673439,1.386282,0.45636216,-1.4770349,-1.815135,-0.35655594,-0.73021424,0.54292226,-0.26614356,-1.4748199,1.0243961,-0.36922538,-0.67530686,-0.37935507,-0.75614965,0.22965354,1.1492547,-0.42024344,-1.5976459,0.23856612,-0.046127453,1.9864796,0.34196585,-0.60504776,0.5676648,-0.6245484,-0.3115144,0.4089857,-2.6232772,0.5068685,-0.62637764,0.02647898,-0.6392281,-1.0591971,-0.3210577,-0.9266554,0.36079568,-1.117013,-1.099464,0.45897418,0.37250164
Leukemia_CAGCAGCGTGTCCTCT-1,-1.9063394,4.0224724,4.867396,0.6132834,-1.3236661,4.425291,4.477284,-1.6044163,0.34034976,-0.6239428,-0.4291354,-0.23677911,0.39872444,-0.7030225,0.47262245,-1.1389551,0.8400885,0.94474167,-0.48158064,-2.5319371,0.07218446,1.5177927,0.009662858,0.25836146,0.5792339,-1.2529354,0.11602408,-0.05540181,0.08590634,1.0215876,-0.09904379,0.63027763,0.8085706,-0.05969609,-0.40804923,-0.65211815,-1.1292379,0.5155841,1.9759139,0.33336058,1.2356414,-0.60599315,0.63731396,-1.4815935,-2.1063054,0.17937039,-0.7500566,0.045843065,0.2606811,1.5268539
Leukemia_CAGCAGCTCCATGCTC-1,-1.6608602,-3.4959617,12.166321,-1.7706102,-1.0136297,-6.2462935,-5.314814,10.163326,12.668189,7.2716217,-8.671294,-3.426749,-0.35752386,4.858665,-1.2746594,-3.342182,0.7793536,0.6481087,3.514112,-2.2451828,-0.60562634,-5.273597,-2.5552938,-5.7398252,3.7492898,-3.4369857,0.41175342,4.055999,2.7704208,-1.7068311,3.6764321,2.1230738,-1.0667893,0.8452864,-3.5232959,-3.7065706,0.10543645,0.55490774,1.9109206,0.7611848,-4.0859756,-0.050370436,-1.8590302,1.2681234,-1.123905,1.4194807,-2.7389054,1.3691299,-1.6603111,1.7361484
Leukemia_CAGCATAGTACGACCC-1,-0.31718037,-2.7097723,6.354682,-1.1260734,-0.69896656,1.6076283,-0.36237547,-0.90603185,-0.26721087,2.633885,4.240453,1.5904493,-0.13101454,0.4323359,-1.4446687,-0.777466,-0.50104314,-1.0490152,-1.6454998,-0.61982876,-0.42253992,-0.75928307,1.9199882,-1.6998729,0.6407642,-0.82809764,0.48690516,-1.812791,-0.34915987,-0.5846033,0.073315345,2.1027532,0.45303902,-0.4262304,1.0625957,0.61878264,-1.7089448,0.15335724,-0.2588524,1.643303,0.268973,-0.9494869,0.5374845,1.4074922,2.1033716,0.85376054,1.5654757,-1.1483546,0.5280136,1.0686928
Leukemia_CAGCCGATCTTTACGT-1,0.27843785,-3.0056312,8.618382,1.3422452,-2.4160783,-2.3274367,-2.212445,4.783895,5.486801,4.4549656,-3.299212,-2.175376,-0.35967842,2.1868477,0.28690708,-1.6564351,-0.84112173,0.67160267,2.09749,-1.7923299,1.3886272,-2.057725,-0.06468289,-0.6810514,1.7994143,-0.6630616,1.937566,0.8291056,0.65348834,1.3082772,1.2128891,-0.8107881,2.0911226,-0.94923455,-0.9305529,-0.9422668,-0.17921448,1.0585628,-0.15671185,0.98373824,-0.8012885,0.94237304,1.1407183,-0.32289958,0.9846495,-0.52538234,0.27927396,-0.23457235,0.13286985,0.35054252
Leukemia_CAGCTAACATGTCCTC-1,-3.003585,3.7128973,4.338612,1.6160281,0.23941006,3.271255,2.5973463,-0.85611534,1.5139543,-4.2001433,0.3786241,-1.7597823,-1.2471167,-1.0376253,-0.3566245,-0.72892076,2.0070293,-1.3191938,0.21776687,-1.9333413,0.24685967,-0.21594283,1.0730009,-0.98592764,0.7585281,-2.075188,1.7575988,0.271331,0.7401552,-0.5030924,0.8752215,0.70780885,-0.85306334,1.0174439,-1.7107037,1.7560698,-1.3297179,1.9812647,0.86490697,1.9711119,0.46540764,0.62912846,0.698074,1.3203644,0.100614965,-0.6917136,-0.42614058,-2.5529163,-2.8763442,3.9656577
Leukemia_CAGCTGGGTAAATGTG-1,19.563707,-1.9503961,-4.4026933,-0.23917347,0.76656836,2.4554913,0.054581307,-1.3249711,0.17713384,0.57013863,-2.04421,-0.02219502,-1.2386701,0.9460179,0.5607151,-0.22403868,-1.4442445,0.35935667,0.67416364,0.3629534,-0.6202659,-0.23036234,0.08873756,-0.44912678,0.58432436,0.043655194,-0.6215009,-0.28279418,-0.8882699,-0.48319826,-0.3961364,0.62878424,-0.29109696,1.0221162,-0.69693315,0.4944528,-0.52230936,-0.21783094,0.22128725,-0.9848857,-0.8692671,1.0599974,-0.68523455,1.307049,0.08982423,-0.02823494,-0.82522064,0.02514996,0.30718875,0.21619277
Leukemia_CAGGTGCGTACGAAAT-1,1.6517786,7.400178,3.5709112,0.82169396,1.1112213,-3.2060244,2.1119945,-0.120005436,-1.2628682,-3.4062262,0.46718118,-0.9166075,-0.15519421,-0.29046112,-2.848209,0.19401605,0.69100857,1.2245791,2.0234282,0.75695336,0.16717227,-0.3692859,-0.46423241,-0.17490843,0.18936357,0.6928568,-0.40889442,-1.4287341,-1.4150028,-1.3116188,1.2046452,0.9800776,-0.52697414,1.0977576,-1.1710997,-0.33426228,-0.5978105,2.4325113,0.8391513,-0.22394373,-0.24587548,0.19841258,1.228089,-2.5645359,0.24320544,1.3970103,-0.27181607,0.1473919,-1.90758,-0.27876797
Leukemia_CAGGTGCTCATACGGT-1,-1.6044527,-1.1218437,4.3314867,2.6979465,-1.8553814,-0.76341945,2.98465,-0.39969447,-2.5818238,-0.19947268,-0.5447951,0.40086174,-1.0978196,0.6733394,-0.9936415,-0.24947086,1.0683048,-1.7694948,-0.4723042,0.6880133,0.87823904,1.3635381,-0.27173048,0.7361526,-1.0587778,0.8651822,-0.9669268,-0.14180191,0.27365178,0.5211662,0.11633311,0.38188696,1.6124284,0.6563703,1.5216119,-0.38162747,0.2666138,-1.5380837,0.33678743,-0.79519296,-0.83643943,-0.32771862,-0.32056287,-0.57638615,-0.7763765,1.0643244,-0.84810066,-0.11425817,0.70199025,-0.1319339
Leukemia_CAGGTGCTCCTTCAAT-1,15.856023,-1.544763,-2.1166484,-1.2750506,0.2742933,1.7683128,-0.12852465,-0.042656388,0.59433895,-0.257911,-2.369897,-0.8488749,-0.1879359,-1.0995846,0.3219109,0.20798689,-0.92217726,-0.48727852,1.8437967,2.439879,2.4421666,0.75251013,0.752781,2.0889113,0.119443774,0.3802756,-0.25503844,0.5624572,-0.038167335,1.0967785,-0.6688189,-0.6283924,0.5378244,-1.2727321,-0.6539044,0.5042001,0.52855355,1.3502914,-0.29108053,-2.2358234,1.5155048,1.1444303,-0.061992884,0.87669194,0.9694443,-0.8527038,0.9695537,-1.3061298,-0.72297263,0.5059926
Leukemia_CAGTAACAGTTATCGC-1,3.1948938,5.6059504,2.351637,1.0953845,-0.39883536,-2.8513815,1.646908,-0.16745272,-1.2439196,-0.42945874,1.130714,-0.24063525,0.83879286,0.044469234,-0.3471136,-0.9897307,-0.051154353,0.34511214,-1.3246958,-2.4527898,0.32440373,0.63508046,0.438348,1.5234363,1.1371055,0.54175633,-0.049881846,-0.02216677,0.644405,0.27187172,0.6466934,0.5258547,-0.72912884,0.2488226,-0.02835334,0.4122216,0.1420405,2.4059932,0.10297372,1.1424235,-1.211437,-0.16795833,0.808346,0.663266,1.2566953,-0.45111722,0.44311213,-0.3748946,0.20553316,0.41615048
Leukemia_CAGTAACGTGCAGGTA-1,16.129135,-1.7574438,-2.2428775,0.54377186,0.07887398,0.40928212,0.4539691,0.039062183,0.9245097,-0.38493365,1.2189332,-0.88567513,-0.2606617,0.108782165,-0.08437747,-0.09823032,0.54234034,2.062226,0.54708093,0.98408943,1.0449479,-1.2733074,1.2277666,-0.5899859,0.71817607,-0.07969118,1.7402349,1.6136062,1.7455741,-1.143961,0.4603606,-0.8212634,-1.9413652,1.4696872,-0.2097308,-0.17314488,1.1747383,-0.66105145,-0.10567627,-1.8128164,1.0146588,0.7236123,0.20865673,0.09107573,-1.4298762,-1.9410086,-0.2489454,-0.09969756,2.0227227,-1.3664069
Leukemia_CAGTAACTCATTCACT-1,9.843808,1.0805386,-0.19737461,-0.033145398,0.96010333,-1.4321702,1.6192129,0.9315535,-0.23458613,-1.5928029,-0.20122054,-0.15647045,2.3490121,0.7822789,1.1200588,1.3496051,-0.68130386,-0.5715537,0.8191684,0.82909703,2.2573023,-1.2008204,0.58681333,1.2843833,0.73561364,-0.111529246,0.2523389,0.46424466,1.1872202,-0.23564136,0.48436677,0.036710963,-0.3236819,-1.4309242,0.36723113,-2.1461592,-0.30048677,1.089762,-0.1454567,0.9675938,1.4451829,-0.64470845,0.5303122,-1.0977724,-0.73499954,0.96796924,0.24069618,0.008641881,-0.2847509,-0.37865222
Leukemia_CAGTCCTTCTTGTACT-1,11.9094925,0.2921078,0.30208784,0.45376763,0.34082198,-0.86476076,0.41204965,0.093569435,-0.5605302,-1.1289692,1.207499,-0.25958672,2.0027559,0.41512153,0.04087645,0.44987506,0.19874182,0.80946004,0.5169308,0.38161793,1.6095414,-0.6833522,-0.038758546,0.8202348,1.0326272,-0.15832818,-0.3581425,0.24874265,1.4718624,-0.7705926,0.36792013,-0.6385847,-0.02164018,-1.2364136,0.66638666,-0.20054318,0.63187104,-0.44668433,-1.1173974,0.6301276,0.57313514,0.2468803,-0.4200142,0.077528454,-0.111118816,-0.20547375,0.27138123,-0.70342875,0.16352774,-0.22685081
Leukemia_CATATGGCAATACGCT-1,-3.8629358,-2.992527,4.397792,0.8980976,-1.1207291,1.2519456,1.5955839,-1.0497811,-0.46737054,-0.9740599,-0.90539265,0.54198694,-0.44464076,1.1308041,0.72652143,0.29073256,-1.3863897,0.8909592,1.7521547,-0.24457341,1.2162117,1.0058339,1.3050255,-0.056244023,0.03671284,-1.7476779,-0.8067821,1.3054667,0.21755402,1.1480303,-1.6773138,1.7122489,-1.1489482,-0.29522476,0.8194327,-0.14227337,-1.4620495,1.1839702,0.3902491,-1.6515794,-1.9022475,2.8065128,0.02562758,0.09883366,0.02903414,2.5928042,-0.29491508,-0.8783726,1.958272,-1.4496906
Leukemia_CATATGGTCGGCGGTT-1,-0.019535117,-0.35939723,4.055763,1.9197758,-1.7923616,3.079405,1.3953961,-0.7478012,0.3471181,1.861198,2.3851428,1.4160795,-0.61968076,-0.5029218,-1.2166185,-1.2514328,0.43528065,-0.1210729,-0.23170173,-0.9839334,-0.7042333,0.12801938,1.2145122,0.71664,-0.81605756,1.0800127,0.41513044,-0.71259975,-0.7714331,1.2705085,0.8310724,0.37590504,0.25937882,1.0335311,0.18713179,-1.0383757,0.052948922,-2.2956417,1.6662964,-0.16767864,0.8636087,0.0031052476,-0.53233117,1.106907,-1.8047273,-1.4978356,-1.2614661,1.0813272,-0.377527,0.011281345
Leukemia_CATCAAGAGCGTGTCC-1,18.046515,-2.5007458,-4.2910132,0.14492276,-1.0470043,1.5787601,0.10972921,-0.13444811,-0.51613224,0.37188417,-1.7294492,-1.7555859,-1.165536,0.19723715,1.0049661,-0.8095635,-0.18560405,-0.013861917,-0.56178015,-0.95381856,0.99519414,-0.843402,-1.3606853,-0.7716177,1.4046705,0.83777314,-0.15620261,-1.6912237,-0.0769127,1.0356396,-1.0074404,1.7603104,-1.680385,0.037540495,-1.1924952,0.15714462,0.5370818,-0.60748005,0.7360143,-0.39957833,-0.3162578,0.07454695,-1.0021467,2.034112,0.65723854,-1.0541606,0.8149806,1.7000333,0.8045878,-0.16498563
Leukemia_CATCAGACATGCCACG-1,-2.9494526,-2.7426038,4.840912,-4.2655106,1.3411604,6.076573,-4.1055427,-3.4932451,1.1725098,0.6630532,8.458796,2.1579757,-1.184629,-0.023688786,-2.2284677,-1.1817682,2.1117523,3.6616857,3.2728164,0.51821834,-5.418071,-1.2054741,-0.58348787,-2.0602925,-0.8744836,-0.66635185,0.49407503,2.1341274,0.06598962,-2.9074144,2.0776112,-0.28137103,2.926336,0.75134003,0.052393857,2.2164156,-0.07182549,-0.22381641,0.81296504,-2.6817546,-1.2943349,1.1194701,3.1626163,2.0080497,0.2348196,-2.39135,-1.1046168,0.27284375,-1.2310716,4.4543214
Leukemia_CATCCACGTTCACCTC-1,10.000842,-2.50434,-2.036322,-1.0803348,0.076984115,-1.312713,2.198416,-0.4936361,-2.0959063,-1.801224,-11.661109,-6.855335,-11.328716,-8.183902,-3.610448,0.16652308,2.735013,-2.0090165,-4.774711,-7.0758705,-17.39681,7.0939813,0.3373305,-8.080397,1.993254,2.3892574,-1.9423908,-1.917422,2.4718447,-2.7779005,1.8095759,-0.29177663,0.7210278,1.4422532,0.98221743,1.9124701,0.809814,-2.326201,-0.79325366,-0.8791856,1.5053707,-2.1253338,0.2169163,-1.2748193,-0.11991672,0.10380016,2.8942401,-3.015469,0.75177884,-2.8052166
Leukemia_CATCCACTCATACGGT-1,-2.467835,7.2225556,3.9776504,1.503265,-0.3120149,2.0514674,5.3380303,-2.6610365,0.8564212,-3.0278876,0.59829634,-1.4396173,-1.1227369,1.6807157,-1.4722017,-1.4799049,-1.194662,-0.2965636,2.0675485,-1.2708075,0.13055694,-0.6236897,-0.67351085,-0.14120391,0.855504,0.065537855,1.3701149,-1.4491911,0.77015704,0.34799218,-0.41260403,0.45920148,-1.4417961,-0.3936611,-1.2532933,1.2884918,-0.87885463,2.2219768,1.087302,-0.8517872,-1.7824093,2.4123669,-0.45805198,-0.5681065,0.6099989,1.131937,-1.0527014,-0.042563204,-1.3748335,1.4618062
Leukemia_CATCGGGCAATACGCT-1,-2.8399613,-1.0326738,2.9817102,1.919455,-1.4426901,3.0208287,3.9683433,-1.4261789,-1.59596,-1.148895,-1.7753658,0.07930683,-1.151724,-0.5877696,-0.86486226,0.65023607,0.77442825,-1.9557666,-1.188576,0.041105796,-0.8427795,-1.2952303,0.16171241,-0.9061012,-0.5804135,-1.4464011,1.3444104,2.5510302,1.5560124,4.1521926,-0.52376205,-1.156299,0.6922108,-0.8318019,-0.9090595,0.021152817,-0.7995342,-1.0248308,0.17219679,-1.1270913,-3.401884,-0.8951529,-0.8404146,1.308976,-0.6874015,-1.1606576,0.74078286,-0.42023754,0.26964658,-0.50556666
Leukemia_CATCGGGTCCAGGGCT-1,2.6144416,7.936319,3.3873386,0.7984132,1.0976672,-2.9923768,2.8018696,0.95432806,-1.10798,-2.160665,-0.32002047,-0.020720823,-0.06683438,0.6683342,-1.6587874,-0.8908113,-0.09148684,-1.1125008,1.1749287,-1.1255167,0.84608686,2.0591893,1.147148,1.2348585,-1.5068089,1.2583703,-0.099092886,-0.3699242,-0.419223,0.29017282,1.0981065,1.3284789,-2.2717223,-0.40631866,-1.8570889,2.234282,-1.1826938,2.995382,0.8236892,1.0091232,2.1624498,-0.14986445,1.1352854,1.3701326,2.0651023,1.1757004,0.18608442,-1.5815235,-0.75514454,-0.0649886
Leukemia_CATGACACAGATGAGC-1,15.010078,-1.4848522,-2.392877,0.6511329,0.56218386,0.47257328,0.79060376,0.21841516,-0.3821312,-0.7537199,-1.383773,-1.1717901,-0.21320514,0.9123754,1.5492107,0.31206927,-1.1373496,-0.5109236,-0.514527,-0.6992551,1.536538,-0.51118934,0.3208183,0.96178925,0.9516927,0.31150597,0.842009,-0.8667681,-0.17129986,0.3062184,0.10547784,0.04566347,0.20018196,-0.21702291,0.16249932,-1.4773362,-0.38361496,0.8895286,-0.24532627,1.0387948,0.38588408,1.1349618,-0.3203785,0.46767104,0.5708629,-0.0279924,0.65947545,-0.276039,0.52866715,0.60189134
Leukemia_CATGACAGTGTTTGTG-1,-5.113002,2.4688656,-1.05565,1.4707907,-2.3206007,5.145138,2.3603883,-0.21725388,1.2786193,2.6442626,-4.0203557,0.28104413,0.8336132,-1.5686715,0.55093074,-2.175557,1.3153036,-3.166968,1.7051811,0.29038447,0.7266011,-0.53470385,0.527088,-0.29663044,-3.0214555,2.8774045,3.385238,1.9148773,0.9512491,-1.300206,-0.99386,1.1885428,-1.9882579,-0.12242915,4.2269583,1.6222996,-0.793344,-0.31187552,1.0141515,0.7477894,-2.5983906,-0.7120829,1.1385105,-2.9851522,1.3385677,0.30927292,4.439027,0.57689863,-1.0413916,-1.1893271
Leukemia_CATGACATCCAGAGGA-1,18.6437,-2.1733778,-4.091213,-0.1843246,-0.004412204,1.9605926,-0.105840884,-1.7129124,0.26042914,0.16645353,-1.5803767,-0.22605725,-0.19978562,-0.25652874,-0.0609618,-0.3822631,-0.1906128,1.3617489,1.0290734,1.2325599,-0.19099583,0.32935855,-0.6266395,-0.9831461,-1.2890164,-0.16877803,0.86659807,1.5905404,-0.098862134,-1.1198364,0.67809147,0.046302583,0.11235689,0.64427024,-0.6388316,0.30910948,0.0147450445,-0.5452434,1.0586714,0.24461927,-0.23674616,-0.2942803,-0.39838636,0.41031626,-0.6924425,0.87139356,-0.39685416,0.40760866,-1.3760314,1.083132
Leukemia_CATGCCTGTTCAGACT-1,-0.752515,-2.2875636,6.972555,1.9656608,-1.3991593,-1.2104716,-0.17446408,-0.07938484,-1.1933177,0.5016788,1.7171397,-1.6274765,-0.040418033,-1.0029106,-0.052265283,0.29986623,-0.2981789,0.48880553,-0.19024457,-1.0242049,0.6089579,0.34708825,-0.4135105,-1.1149554,0.29835105,0.8020381,-0.39651546,-1.0756042,-0.08006118,0.4492383,-0.44019595,0.49307826,0.43582833,-0.7515006,0.7598212,-0.14785984,-0.19135822,-0.09393432,-2.1735954,0.11676272,0.15926015,-1.8667768,1.4570773,-0.40537784,1.1846514,-0.6408491,2.2116191,-0.06359139,0.4689928,0.8172308
Leukemia_CATGGCGCAAAGTGCG-1,1.2747643,-2.0137272,5.6240306,2.9662542,-1.619754,-3.1707277,1.8112184,1.0327756,-0.9250368,0.7792367,-0.1389114,-0.74369323,-0.81221944,-0.03314396,-0.20998524,-0.98928845,0.93508303,0.39202285,0.28324965,0.6669955,-1.0090818,-1.4266552,-1.981403,2.0409586,-0.9981336,0.14946249,-2.0158293,-0.24068962,0.041855697,1.9527231,-0.2778737,-0.51095784,1.7610939,0.051614743,0.70728165,0.24277514,1.15768,-0.63010037,-0.86300594,-0.117911644,-0.22745895,-0.08813788,0.86512405,-1.1040335,-0.13136974,0.52737874,-0.116044514,0.3930508,0.29814288,0.5828965
Leukemia_CATGGCGTCATCACCC-1,-2.378586,-2.5675752,5.1420083,1.7087508,-0.14869155,0.6265305,0.6994551,-0.32095617,0.519449,0.40778184,-0.44050848,-1.8199804,0.76197207,-0.58159316,1.2864318,1.8520392,0.9246996,0.20230073,1.1543463,0.2430692,-0.05849341,2.5608528,-0.6663179,-1.1248473,-0.7611228,-0.14713745,-0.047219463,-0.8207702,0.5788197,-0.27405888,-1.474544,-2.7002223,3.1742885,-2.615078,-0.7598748,0.49983492,4.040006,1.8176659,-1.0173837,-2.057399,1.2512925,2.4559357,1.6148407,0.57701397,-1.0880883,1.5458182,-2.4104614,1.1241759,1.3015133,1.440095
Leukemia_CATTATCGTCAGGACA-1,13.196196,-1.3064784,-0.5227009,0.16029763,0.6502073,-0.09475279,-0.11263089,0.71804184,-0.1191407,-0.41576484,0.27056265,-0.074306056,-0.22919965,-0.17774577,-1.0042336,0.8834604,1.769037,-0.32035547,-0.32876524,0.42939967,1.4534936,-0.024744598,1.2052613,0.3851061,-1.267481,0.41003242,-0.1277803,1.2626412,-0.10919183,0.1676175,0.137073,-0.22363251,-0.09795357,-0.2113494,0.7494617,-0.15090108,0.21776022,0.43331972,0.7017107,-0.0015923487,0.120571494,-0.7626872,0.81918955,-2.2459478,-0.906317,0.13470513,0.81658924,-0.18023545,-0.0903271,-0.010242348
Leukemia_CATTCGCGTCAACATC-1,-0.5169422,-5.4064264,9.104372,-0.28951135,-0.9530585,-5.8808746,-4.5771766,7.2136993,7.102301,8.374341,-6.302268,1.9754158,-0.9362849,2.3052225,-1.9608674,-1.757366,-0.535747,0.91286635,1.7837795,-2.022607,0.7505199,-0.48595515,-0.40715253,-0.45312965,-1.7915058,2.521473,2.840762,0.107998595,0.9354855,1.2078066,2.01275,1.0128093,-0.21771166,1.8011378,-1.387254,-1.2640554,-1.7297399,1.3569661,1.8681438,0.28422096,-0.53778076,4.1941466,-1.4494995,-0.11782871,-0.025989063,-0.3261204,-2.2018938,2.0628726,-2.4655795,0.1792248
Leukemia_CATTCGCGTCTGCCAG-1,9.871653,0.7950672,0.9191572,0.7691625,0.26371604,-2.613309,0.94338626,0.98323935,-0.53589153,-1.7876592,1.2355882,0.13939783,2.270999,-0.14282447,0.21512926,0.89100707,0.16837825,0.31192687,0.32376212,-1.4471105,1.6477318,0.21007754,-0.17293705,2.8416007,-0.80581975,0.31166503,0.86924565,0.3550842,0.64776015,0.31222603,-0.2112519,-0.64136654,0.7464446,-0.45952836,0.7681498,0.9873128,-0.62690014,0.7865385,0.13046709,0.9018226,0.5058522,0.3490217,0.045617383,-2.606402,1.0362747,-0.0059802905,1.756986,-0.22558503,0.9381293,0.9632865
Leukemia_CATTCGCTCGGCGCTA-1,-3.3111255,-4.038042,4.211029,2.0757995,-1.8922473,0.36959743,2.4596207,-1.1721199,-2.9271908,1.3284774,-0.53982496,0.8814991,-1.7321752,0.49227276,-0.58726996,-0.13608947,0.15339348,-1.7470082,-2.0984783,0.9157684,-1.2010401,-0.438706,-0.6964756,0.03937166,-0.42547312,-0.42813423,-0.4849242,-0.9388307,-1.1905276,0.8544429,0.1901669,-0.4850122,0.63149107,-0.7994366,0.60286933,-0.962416,-0.971112,-0.6452706,-0.54168504,-0.4042778,-1.3302363,-0.09140055,0.20979007,-2.2831142,0.013261802,-0.60189223,-0.73811567,-0.9119234,0.24095355,1.6819613
Leukemia_CCACGGACAGAGCCAA-1,-0.3018341,-3.000786,6.4075265,0.22181804,0.06720061,-2.0922866,-3.8718412,3.3117986,4.6819034,3.085418,0.45016843,0.06144323,-2.6038532,0.43677342,-3.063283,-2.2561662,1.8987476,0.7035905,3.255968,-0.021105224,-1.4427518,-1.9262013,0.7961439,-0.26631337,0.32701823,-1.5401016,-1.985128,1.8380587,-1.4770659,-2.6306129,-2.269713,0.009930382,-0.15961751,0.48188907,0.3336019,2.2596414,-1.7296264,1.9832077,0.86989045,0.01051613,-0.4123302,-0.1388696,-0.22596553,1.0986354,2.4890234,-0.2095146,-0.9832596,-1.2114497,-2.6171474,1.0501182
Leukemia_CCAGCGACAATGAATG-1,1.4752053,6.765718,3.5896063,2.3497324,0.05404752,-1.627152,3.3124893,0.50412863,0.29102784,-2.743627,0.22146207,0.84217745,-1.6083112,-0.39952144,-2.1532738,-0.005040262,-0.66006625,-0.18576173,0.5054556,0.30650848,0.3018912,0.032869168,0.5000972,-0.21583799,0.30850455,0.2633375,-0.79562086,-0.9322699,0.5896418,1.0406501,-0.12982748,1.008433,-0.34672037,1.3118225,1.768144,-0.7434318,-0.014502105,1.9947889,0.26299286,0.32656994,-0.8486601,0.45643002,0.09739858,0.62241894,1.3447863,-1.6578611,0.6860542,0.7601255,-0.25069416,-2.6299858
Leukemia_CCAGCGACACAGCGTC-1,-0.7783295,-2.7052531,6.0366974,-0.25456694,1.1364001,0.093848884,-0.67625004,-0.4776784,-0.079803415,-1.0381328,0.7964272,-1.5098472,1.0982502,0.37661567,-0.8554209,0.32673398,0.36724523,1.585411,-0.37682262,0.5381997,1.7874246,-0.6566359,-0.7039997,-0.8003145,0.37892473,1.7498353,-2.289505,0.13836561,0.55343187,0.21491699,-0.42571938,-1.2851839,1.5734308,1.0549417,-0.68562925,0.20352763,1.0439916,0.108123295,-0.9387951,1.6614246,-0.72940624,-1.2112234,-0.3350267,2.0434728,0.26282668,0.87329364,-0.3001076,-3.5621755,0.015204204,-0.046023067
Leukemia_CCAGCGATCAACGGGA-1,-1.0796555,-1.6963683,6.5448875,-0.21853246,-1.1904373,-4.959052,-1.1060544,7.697535,7.745604,5.2034554,-8.94063,2.2000942,3.8595438,-0.7363241,2.459184,-0.6057603,-0.83693,-0.37762776,3.5399427,2.0296767,-4.1896496,-1.2811377,-1.2807044,1.5539641,1.8466873,0.6972557,1.1722548,2.9445035,3.7511492,-3.9160402,-0.9918086,-4.2571692,-1.8142629,-2.3554602,0.12139213,0.17800026,-0.9912246,2.7267048,-1.8204598,5.3147144,2.2881646,-1.5638909,-0.93494457,-1.5130894,0.9145041,-3.9983056,-4.0140786,2.0702367,6.542929,7.925071
Leukemia_CCATGTCCATCCCACT-1,-4.1425166,-2.3838594,5.119895,-1.3194845,-1.2761353,6.122249,-1.2951467,-1.9769307,1.5823245,-2.9326358,1.287463,-0.5647843,0.82273674,1.99539,3.5802078,-0.8207423,-0.5313056,-0.9297838,-2.4718933,-1.3749292,0.6941466,-0.75124145,-0.7959678,-0.37993598,0.60312986,-1.4341301,0.39710504,-0.38781676,0.15495999,-0.11187245,0.32741034,-1.0611395,3.6001318,2.0035474,-0.6250189,-2.749525,-1.2783685,0.41021514,0.3890414,-1.0905378,-1.8797723,-0.020467486,0.71207863,-0.6335735,1.3803566,-0.098576136,-0.418405,0.29107356,-1.2803144,-1.8328365
Leukemia_CCATGTCTCAACCATG-1,-1.2461674,4.7040343,3.8732595,2.4295685,-1.6076809,-0.75320345,5.5642076,-1.1901528,-0.97888994,-2.1813042,0.46050888,-1.7191656,0.6954108,-0.6866102,-0.114330165,-1.5374196,-2.1631548,0.00010482619,0.3771495,-1.911444,0.42760924,-1.012762,1.3200401,1.0201057,-0.12522165,-0.17781994,0.26704982,-1.0061388,2.4095523,1.7003068,0.84421164,2.0602076,1.2123666,0.17644434,-2.9856553,0.11559674,3.4748943,1.4392886,0.18271773,1.0827361,-1.9665993,-0.6788536,1.060758,1.8769311,-0.243585,0.9246745,-0.30362833,-1.3406068,2.8553464,0.85389197
Leukemia_CCATTCGGTCTCATCC-1,9.319821,-0.6913686,0.23754802,0.53505784,0.38902515,-2.0407147,0.07647982,0.62329775,-0.14594728,-0.5450811,1.1847044,-0.6325524,1.0449013,-0.10787544,-0.07856706,1.4649328,-0.17531194,0.79081225,1.3283812,0.85492146,-0.49033532,-0.417268,-0.35034436,0.31409335,-0.71401495,-0.34182099,-0.2360904,1.146992,0.8176332,0.052821152,0.11789871,-0.6950918,0.113873094,-0.75337774,0.818381,1.222666,-0.23037717,0.62930477,0.45880055,-0.36673105,0.18652168,0.37201357,-0.72065467,-0.22380851,-1.137304,1.8308496,-0.05294115,-0.36373717,0.54695636,0.6717319
Leukemia_CCCAATCTCACCACCT-1,16.800644,-2.6486542,-3.331797,0.44075933,-0.38613844,0.532736,0.5699242,-0.2538413,0.42191538,0.27961144,-0.28858465,0.024055203,-0.73614305,-0.016093375,1.0192449,-0.9499053,-0.7808952,-0.14580831,0.56548107,0.31212285,-0.4076279,-0.17832382,-0.7302268,0.749798,0.1126154,-0.33154663,0.08475761,-0.3780463,-0.84355146,0.38882777,-0.96401906,-0.15100527,0.41587085,0.108173035,-0.74829245,0.07768807,-1.0706319,-0.38870138,0.2969013,-1.1415683,0.2709317,0.42938682,0.4224324,0.6089384,-0.29695866,-0.45470163,0.1686711,0.07290011,0.034820314,0.13528645
Leukemia_CCCAGTTAGTCAATAG-1,-3.228586,-1.5581138,3.389625,1.1175575,-1.7594533,3.6768572,2.8602884,-1.012711,0.04832972,-0.18900707,-0.25782138,-0.21192612,0.12727353,0.13749434,-1.1706241,2.1871645,-0.11431495,0.5997799,-1.709501,1.7695307,-0.6189818,-0.31729692,-1.744985,0.30553585,-0.23494124,-0.16395189,-1.5062056,0.06765268,0.54824656,-0.15868187,-0.255221,-1.0519199,1.5630482,-0.6639391,-0.60717577,0.09980978,0.0851532,-0.36854494,-1.1595386,0.49360034,0.026242811,0.61244076,0.4153646,1.558038,-1.4287056,0.5192872,-0.077575356,1.1169662,0.7415215,-0.28406236
Leukemia_CCCAGTTCAGGTCGTC-1,16.090055,-1.8454642,-2.151003,0.7096811,-0.6110772,1.2954856,0.79217386,-1.1079073,-0.6026588,0.64039624,-0.46878716,0.54129446,-1.5544416,0.36143303,0.3799827,-0.57441443,-1.0112867,-0.0788827,-0.2625797,-0.8568962,0.17970808,-0.4037948,0.19523014,0.23046704,0.09720647,-0.046922337,0.37799197,-1.2135172,-0.27215314,0.13224037,-0.5319551,1.1608286,0.3472331,0.73880535,-0.5886093,-0.79192126,-0.36074662,-0.43171334,0.582325,0.53465265,-0.2313122,0.47588253,0.36597356,1.416594,0.88195574,0.70849097,0.0884178,0.1588554,0.4204099,0.5462612
Leukemia_CCCAGTTGTTGACGTT-1,-1.1090021,-6.2529564,7.0858665,-4.908888,0.513587,-3.458645,-9.648632,8.252337,13.315614,6.322679,1.9218153,2.3892586,-4.8909845,1.6712668,-2.695936,-4.0829887,0.7353067,-1.3143499,2.999587,2.0160396,-3.413131,-1.7655469,-1.1993583,1.4073757,-2.2829585,-3.6034987,1.3270303,3.0491722,-4.0330024,-1.0591002,0.7864893,-1.200246,1.6802605,3.5982268,-3.7785118,-3.087194,-2.0294077,-0.101295486,0.91396993,-0.29946843,3.1304884,0.3427574,1.1373154,-1.8843781,0.16161534,-2.0803878,-2.5644066,-0.7980251,-3.8482888,-1.7700061
Leukemia_CCCTCCTCACGCCAGT-1,-0.24702393,-2.146388,6.0624814,-1.941378,-1.9810518,6.2133417,-1.1158061,-2.9882543,1.1353432,2.3616147,6.001015,5.1978436,1.3279985,0.018269174,-1.8464983,-1.9469907,-0.086114,0.24304102,1.234787,1.7877806,-2.555114,-0.8057737,-0.64963746,0.73933417,0.5709661,-0.38050336,0.16242391,-0.31667927,-0.4790319,-1.9463258,-0.23872058,-1.6417058,0.723276,0.47940958,-0.8649621,-0.29345074,-0.5060129,0.32841432,0.057606824,-0.76245636,-1.2944303,1.7437352,-0.3068467,1.5427189,-0.36824206,-0.9001339,-0.73381,-1.0448538,0.7335616,-0.8216372
Leukemia_CCCTCCTCATCACGTA-1,-2.2542284,-3.7933106,6.007251,0.34077653,-1.279518,0.7509191,0.82027566,-2.3351436,-1.9350502,0.4720172,-2.398478,-0.51727474,-0.048795808,-2.133941,-3.1709976,1.5000916,1.9537765,0.2822146,-0.08898804,2.3610039,1.5410768,0.46468884,-1.3203884,0.67039007,-0.57330346,0.33595353,-0.20402543,-0.9632166,-0.96816075,0.19208932,1.1130124,-0.15974799,2.4377396,0.8645368,-0.07292034,-0.1229375,0.8125402,1.5281411,-0.94045985,-0.8056655,2.6745625,-1.8580405,-2.070276,-0.14680867,-0.15478477,2.4854906,-1.6983173,0.44045538,-0.4646162,0.39319885
Leukemia_CCCTCCTGTTATCACG-1,-0.6647528,-3.6095347,5.7138615,-0.2622682,0.37549174,-0.95728606,-3.019399,1.809315,1.28934,1.4625335,1.8562644,0.5647745,-0.82747483,-1.7101645,-3.9406743,-1.0421902,0.2920638,0.2754045,2.1465268,5.305146,-1.8833321,0.77909946,-0.17712075,1.9444275,-2.2459888,-1.4756112,-2.9313629,0.7202208,-0.91979814,-2.565286,-1.229331,-1.5510523,0.19023836,1.2183248,-1.4293892,1.1980006,0.20789486,0.73857766,-1.6014166,0.42306796,1.4930469,1.3488283,-1.161821,2.0111318,0.6400537,1.3055792,-2.8168454,3.4238927,-0.10365964,-0.18535353
Leukemia_CCGGGATCAATGTTGC-1,-3.5205371,-2.6676366,6.285231,0.67204404,-1.6583056,1.7430629,2.3821461,-2.27437,-1.852254,-0.23833416,-2.6459734,1.0450099,-2.6653264,-1.5498917,-3.8793943,0.73435265,0.6851693,0.931828,2.1107478,0.865801,1.5135782,-0.026609505,-2.3292146,0.7522991,-0.2415523,0.32897952,-2.367822,-0.11813078,-2.4113226,1.1999534,-2.0774314,-0.5796599,1.1418961,-0.55861783,2.8536346,-0.05960378,0.44795996,0.66603476,1.089461,-2.1576183,0.53123385,-0.73403925,1.0424492,1.8787994,1.4367746,-1.2038791,-0.7046609,-0.548793,0.56617427,-1.3032594
Leukemia_CCGTACTTCTGCGACG-1,3.0070622,4.380928,3.636661,-0.054132514,0.39760903,-3.8000665,2.8716962,7.3402596,4.9672713,-7.0062847,-1.7788472,12.378635,7.686737,-4.8714914,2.5837429,9.143994,3.5356388,-1.65273,-4.098199,0.87293434,-2.408077,3.1153657,1.9587942,-1.3026285,0.29355115,-1.4214841,-1.2288363,-2.5171373,0.06737744,1.4274026,-2.2010376,0.61553097,-0.06552542,1.3819368,0.6560045,0.69462794,-0.011955276,-1.3803941,0.7757429,0.30051437,-1.9356438,-2.2263541,-0.97261393,2.7788634,-1.0400008,-2.6879556,-0.3821364,0.35278523,2.1693523,-1.3319086
Leukemia_CCGTGGAAGCATGGCA-1,1.928044,5.5901866,3.9090307,0.83296955,0.13681898,-3.8212976,2.8953137,2.1983078,1.8489646,-3.8060005,-0.33912447,1.4142554,0.9687542,-1.1274825,-1.2619373,-1.2737459,0.7400514,-1.3733386,1.4513371,-1.7166429,-1.0519991,1.6666327,0.732748,2.196608,-0.54460865,-0.7836124,-1.1808008,-1.5718261,-0.34976295,-0.88173,0.34865862,0.3836774,-1.6659094,0.6473784,0.37402683,0.3248886,-1.1905535,3.2303483,0.4674826,-1.1794075,-0.26820993,0.3604891,1.8741035,0.31671083,0.1504002,-0.08602332,1.4523175,-0.79020506,0.54376405,1.1114453
Leukemia_CCGTGGACACGCTTTC-1,-1.3714497,21.612787,1.8043315,-8.310928,7.46729,6.365987,-7.268015,-1.5941957,3.807177,1.487719,-6.6381097,0.8596911,-2.4983263,1.4340585,4.701882,0.91461843,2.0921988,-2.274021,-2.8790996,4.5224385,0.40863976,1.0173779,-0.9438961,4.968182,-0.4441521,-2.675523,-2.805213,-5.1383533,0.025458934,1.7183331,-1.371385,-1.4407672,-2.3439302,5.211834,-4.5482244,-3.6790988,2.0735245,-4.455767,1.0529171,-2.5629575,6.7739253,2.1621625,3.8769798,0.79868716,-1.3225195,-4.22693,3.9377718,4.2308774,-9.423087,-4.416308
Leukemia_CCGTGGATCATCGCTC-1,20.637184,-2.4497538,-4.582488,-0.77307206,-0.4697528,2.2067363,-0.30805212,-0.46719557,-0.6259726,0.8604882,-0.255676,0.5971421,-1.772064,0.72001946,-0.5252636,-0.92846173,-0.87208337,-0.6350401,0.32509026,0.3828519,-0.5752177,-0.20955439,0.11912793,-0.19218723,1.1030439,0.2988844,-0.6504531,-0.4977668,-0.48006722,-0.106260516,-0.9703043,0.78913426,-0.5360134,0.047503207,-0.28719434,0.03743547,-0.18955423,-0.21472833,0.6438347,-0.46399468,0.042096354,0.77598864,-0.03689245,2.0302632,1.6672871,-0.18906711,0.7643777,0.07165299,-0.043495703,-0.23761047
Leukemia_CCGTTCAAGATGCCAG-1,1.2055036,2.8665004,4.0647545,0.35856992,-2.8412423,0.7567024,2.8996294,-0.8583976,-2.487656,-0.026290087,3.044182,0.625993,0.7080929,0.03273381,-0.38538492,-1.0029403,2.8049777,-1.196173,-0.83375376,-3.1609328,-0.75076026,0.5843352,-0.14687642,0.3643461,-0.17717625,2.3142283,0.63037914,-0.03173696,0.5508488,0.5653167,1.320464,0.24475859,-1.6738565,-0.55281305,-1.4258636,-1.4211874,-0.67168415,0.061318114,-0.9084974,1.4261589,0.5883542,-1.1628991,-1.7791299,-0.7689852,1.0637854,-1.162602,0.76560116,0.12295042,2.2245505,-1.4831182
Leukemia_CCGTTCAGTTAGTGGG-1,-0.51444644,3.208058,4.1309423,3.7248497,-1.3740113,-2.845604,3.6357672,0.36827144,-1.4582914,-2.6871157,-1.0257562,-0.80290043,0.44953763,-0.67136616,-1.2772732,-0.47240075,0.044220857,-0.38651764,0.3719217,-0.9790225,-0.45974866,-1.1100457,-0.53368205,0.16290063,0.9996461,-1.1982867,-0.301868,-0.7246508,2.3746994,1.083529,-0.62408483,-0.2182582,0.41612893,0.38708428,0.25740838,0.2814536,-1.1033545,-0.4687273,0.7997403,-1.4164906,-0.44147852,0.82124835,-0.82524276,-0.78498316,1.800396,0.9258122,0.956594,-0.38682002,1.4623499,-0.5459358
Leukemia_CCTAAAGAGTATCTCG-1,6.1675773,11.543359,2.694884,-2.5556185,2.932806,-3.49567,-2.2696404,-0.17963448,-2.1371734,1.956991,0.08835187,1.0893629,1.0855883,-1.6136523,-1.9241534,-0.2646618,1.5930475,0.09926024,1.7311779,1.2556646,-2.9918075,0.38095626,1.5654533,-0.35340247,-0.31393352,-0.18699707,1.1186966,1.6788776,0.79230046,-1.1812458,2.28051,-2.2000623,0.43524426,-1.7644038,1.3291874,-0.15382293,0.24546182,0.24897768,-0.40099555,1.3486042,3.2721264,1.8906758,2.2138674,-0.6219339,-1.5189776,0.53112745,0.99686325,0.6274024,-2.5557148,-1.1721436
Leukemia_CCTAAAGGTCGCATAT-1,-1.79992,1.9142759,2.6646264,2.1692686,-0.81202805,-0.45961234,3.5253487,-0.7940856,0.14558434,-2.6805112,-0.14767222,-1.0080149,-2.1641011,-0.7464451,-1.6414562,0.5461766,0.71510714,-0.2776336,3.0558958,0.3681497,0.22290206,0.853144,-0.5522495,-2.1498294,0.09665547,-1.1993294,-0.55826896,0.39508396,0.40342528,-2.443663,-1.1001655,0.082089186,1.7322208,0.5054136,-0.29159576,-1.3676938,-0.89088523,1.5453976,0.8195075,-0.8942029,-1.4238918,0.9181831,4.0780487,1.6987264,1.5028671,2.2708318,4.7470694,1.1475607,0.40550825,2.122103
Leukemia_CCTAAAGTCTTATCTG-1,-4.4804187,-2.1268482,5.527089,-0.40010574,-1.5340078,7.0480857,3.1551926,-2.502498,0.10581684,1.6909503,0.43302807,0.33414382,-0.43414018,-0.09970915,-0.4767521,0.44418958,0.007928441,-0.35345346,1.427131,0.4889481,1.2336297,-2.0312278,1.1023656,-0.5479309,1.3889091,0.756762,1.9739046,-1.5062827,1.0983516,0.22759064,1.2939074,0.17986056,-2.2419603,2.399399,-2.8939283,-2.282511,-0.9338177,0.39171818,2.0641768,-1.3196931,3.827573,0.08972133,-1.2699063,1.5741692,-1.222081,-0.18915571,-1.8670589,1.69218,-4.1875324,-1.133935
Leukemia_CCTACACAGATGTGGC-1,0.32932502,-1.3499769,5.318142,1.892144,-1.5576974,-2.4551167,0.777615,2.8637567,3.2339768,0.6215964,-2.9025154,-0.6012965,-0.7097414,1.0376852,1.7892798,-1.747793,0.3905542,-1.0083036,0.19336328,-0.7456241,-0.4557659,-1.9910794,-0.04375494,0.65506595,-0.05841432,0.03270955,-0.06357005,1.812929,0.1518844,-0.3474531,0.65508866,-1.9981734,1.0053582,-1.1319299,-1.5397422,0.5884937,-0.20559503,-1.3079237,0.22974214,-0.79182404,-0.94253004,-1.0672618,-0.5531498,0.64570063,0.90833586,-0.18959185,-1.4641273,-0.6036382,1.0590931,0.9932728
Leukemia_CCTACACAGCCACGTC-1,0.5014889,6.898846,4.3770423,0.76556164,0.74082255,-2.0487297,3.092705,-0.32288343,-2.7875898,-5.2353463,-1.6978588,0.5533662,1.8010558,0.76127183,-1.280282,-0.43561262,0.15987283,0.097715095,2.7189946,-0.31803787,0.37410593,-0.90129834,-1.0597457,-0.4279845,1.2407017,1.300713,-0.90539557,-1.455828,0.21112935,-0.21684696,0.21114427,0.62686014,0.15049075,-2.0489302,-0.79642475,-0.72686464,-1.7837794,2.0670507,1.8218985,-1.1899422,0.018961787,0.4728457,1.4499817,0.42531133,0.5472376,-0.108728886,-1.2723758,-1.2060422,0.24220188,0.52028036
Leukemia_CCTACACCAGCGTCCA-1,15.707534,-2.2554793,-2.925817,0.5054721,0.9169239,0.73406124,-0.16611528,-0.61197877,-0.35260674,0.5192436,-1.15513,-0.7226621,-1.3449605,-1.0322374,-0.51433045,-1.1368941,-0.6526994,0.5019407,-0.4081811,0.109905325,-2.04879,0.7047978,0.047815967,-1.5928762,-1.3357165,-0.16766044,0.746334,-0.9205354,-0.717519,0.119625755,0.8626696,0.26540905,-1.0405699,0.7651759,-0.033907477,0.42160973,0.15240999,-0.2983455,0.19090891,1.2019356,-1.0738847,-0.15385462,-0.018448355,1.7339684,-0.27816615,-0.008250713,-1.098109,1.3529085,-0.44719672,-0.027730389
Leukemia_CCTACACGTGCAGTAG-1,-0.97186315,-1.0619968,4.898879,0.55623525,-0.57883346,0.8222919,1.2554545,-1.4314518,-1.3884999,-0.37018502,0.98806065,1.7748845,0.22849278,-0.2921793,-1.889848,-0.10830147,-1.9187629,0.5375813,-1.0586956,0.7444608,0.82233864,-0.76145405,-0.46024337,-0.9805411,0.026021339,0.7249055,0.4095559,0.10407548,-0.07520245,0.44197828,-0.7652098,-0.5246813,0.07983252,0.609132,0.11912761,-0.8108675,-1.059594,-0.32162923,1.5273623,0.17816257,1.1540561,0.5439203,1.1976321,1.5171344,-1.843156,1.5293967,-0.5428273,0.15650834,-0.18380485,-0.6861676
Leukemia_CCTACACTCAAACAAG-1,15.498123,-1.2060189,-2.2089972,0.78275204,-0.101986945,0.63424426,-0.12251919,-0.052177012,0.017625045,0.11074841,-0.6545516,0.010517543,-0.5864509,-0.00096664776,0.17633356,-0.048140686,-0.03727271,-0.14656352,-0.60615975,-0.6893087,-0.24677959,-0.34549186,-0.09963084,0.097943716,0.6315094,-0.40605056,0.43000504,0.034496445,0.001213321,0.43000033,-0.4047053,0.027206464,-0.1083777,-0.085342735,0.25821432,-0.22254299,-0.17156747,-0.431001,0.9374633,0.36987096,-0.014312132,-0.83785015,-0.41171905,-0.590025,-0.21033366,-0.41177395,0.044152755,0.83092874,0.14705673,0.1407407
Leukemia_CCTACCAGTTCCGGCA-1,2.2653894,-3.9298582,7.7817006,2.1898346,-1.6990664,-7.008444,-2.118817,8.806308,5.74007,5.77906,-5.294493,-0.98131704,0.0181245,2.2487414,-0.26803276,-2.0999997,3.046642,-0.75681406,0.4264961,-2.7949696,-0.972832,-1.1398746,-1.0739616,-1.96334,1.3498542,-0.7548275,0.9896281,0.41001445,1.46487,0.15292884,0.59157175,-0.7833906,1.6312134,-1.2640887,1.8614126,1.134894,-0.24320376,0.07279902,-0.46226496,0.7848994,-0.23271124,0.532244,-0.1187186,-1.5919802,0.28531197,-0.51362014,-0.13026516,0.06765737,-1.4487035,-1.7700926
Leukemia_CCTAGCTAGAAGGACA-1,13.725105,-1.4300908,-1.2025019,0.42535374,0.0062578027,-0.6627395,-0.17637907,0.21021375,-0.41980478,-0.52274513,-0.7087517,1.2730318,1.0083824,-0.1061075,0.3266546,1.7095851,0.85637146,-0.1570714,-1.3378788,-0.30303153,0.53922117,0.24410939,0.12205546,-0.14190604,-0.21107747,0.48375902,0.49018213,0.0625873,0.6121621,0.2938471,-0.04594539,-0.66442025,-0.48765072,-0.7289257,1.0204978,-0.31823796,0.43939444,0.8231184,0.19918282,0.13024701,-0.28777188,-1.2141677,0.90539503,-0.91131324,0.10435499,0.8964763,-0.5405803,0.35516497,-0.21792032,-0.49155802
Leukemia_CCTATTAGTACAGTGG-1,17.087769,-0.2327762,-2.5321395,-0.6477437,0.1579936,2.0945604,0.045193315,-0.871119,-1.0020083,0.619356,-1.3734374,-0.14981878,-0.36874422,0.98584384,0.1336416,-0.5969763,-1.2530901,-0.19729608,1.1687324,0.15062995,0.73198414,-0.7958208,-0.7956579,0.9547143,2.0875006,-1.2470938,0.59466183,-0.8814524,0.660758,1.3540318,-0.8254976,1.6991893,-1.0097083,-0.67415494,-0.21773833,-1.2841532,-0.6106076,-0.5485848,-0.3194288,-0.29530627,0.6684772,1.5189351,-0.5751925,1.661452,1.4400237,-1.2882992,0.7611558,0.58845174,0.4967353,0.09476182
Leukemia_CCTCTGAAGCACCGCT-1,14.521987,-0.96724665,-2.2492547,0.10306169,-0.016300742,1.3437656,0.59644586,0.30646268,1.0554403,0.23179014,-0.33220825,-0.048600487,1.286295,0.62889105,0.75481343,0.74167794,-1.0232346,0.5161326,0.31050965,0.64977133,1.4775653,-0.7899781,-0.8676719,0.59868675,-0.635166,-1.3933295,1.1619779,0.8110314,0.0041450905,0.8085595,0.15442449,-0.7554765,-0.95698136,0.96011615,-0.056438472,0.04138243,-0.48984417,-0.6772139,1.1523086,-1.0892292,0.020438483,0.38831112,-0.86737657,0.46142876,0.3909908,0.022969412,-0.20599245,-0.6425188,0.2247959,0.0019126378
Leukemia_CCTCTGACACGAGAGT-1,16.82377,-2.581369,-3.089649,-0.2753986,0.8459441,1.3709782,0.06961711,-0.82033134,0.36110586,-0.34342304,-0.39791477,-1.0217861,-1.3129927,-0.606365,-0.8930268,0.66091293,0.04328415,-0.3610434,0.011922619,-0.5954311,-0.80750144,0.2232083,1.2356735,-1.2189738,-0.347649,1.3414317,0.6136182,-0.5217239,0.23901087,-0.33970943,0.46818912,0.33611846,-0.38326854,0.13145106,-0.29438055,0.27779293,-0.23747592,-0.37919688,0.18552224,0.24749225,-0.45487177,-0.11637851,0.017287677,-1.1375793,-1.0682119,0.14004575,-1.6132859,0.03048292,-0.11011009,-0.8682272
Leukemia_CCTCTGACATGCGCAC-1,17.093233,-1.4917608,-2.8196425,0.5265905,-0.3135755,0.9863019,0.29404455,-0.13765465,-0.62143004,-0.046494555,-1.3290503,-0.6307836,-0.6667464,-0.7378949,0.9508471,0.5144953,-0.90705717,-0.029491454,0.4403996,-0.11009248,0.516156,-1.3361306,-1.7251744,-0.30636734,0.9499174,1.2848324,0.05580775,-0.79691875,-0.51573163,1.179477,0.1912742,0.27366096,-0.92378795,-0.9428867,-0.56232005,-0.06459429,-0.12697534,-0.42783532,0.6247726,0.35408223,0.031121051,-0.21641186,-0.6436584,0.5920358,0.2798215,-0.37898794,0.25963762,1.0898626,-0.39158192,1.0684136
Leukemia_CCTTACGTCACAGTAC-1,-4.3608627,-1.1885912,3.2294016,1.062999,-0.8644891,2.1640058,2.3461225,-2.5870123,-0.5003383,-0.17231607,0.62067103,-0.42732912,-1.3630685,-1.8443251,-0.5277264,2.5793417,0.07587993,-1.3326255,1.6405709,1.4681224,-1.9045465,-0.5779784,-0.49813446,0.578276,1.9408779,-1.0209572,0.96735007,-1.0243454,1.3420689,1.6707971,-1.911925,-0.74177533,1.6923338,1.9262685,0.57496566,0.20605458,0.16968948,-0.5880788,0.7325603,-2.331629,-2.379491,0.43017387,0.4263744,-1.1362165,0.68335444,0.122645475,2.1952674,0.21397603,-0.032626104,2.6841862
Leukemia_CCTTCCCGTTATCGGT-1,-2.4408593,-1.1937089,3.6896715,-2.3672435,-0.8557478,4.555804,0.13872555,-3.3241313,-1.4204158,0.15813313,0.53461915,-0.46092874,2.151075,-0.38374493,1.5016935,-1.3038579,0.07592725,-1.167533,1.2544972,2.064962,-1.3893688,-0.697131,2.046453,-1.4835917,1.047145,-1.0263762,2.6367443,-0.52913857,-1.1454717,-1.2423822,-0.39681625,-1.3410007,-0.6776177,-2.3004134,-0.6104788,-0.57104605,-0.0061297803,0.70645714,0.18333413,-0.22149637,-2.381464,-1.2313051,3.4721565,-2.4495757,-0.9332223,0.85443527,-2.099762,0.32697937,-2.184447,0.5420601
Leukemia_CGAACATAGACAAGCC-1,-3.2126522,0.09322107,3.566399,1.5076816,-2.100264,2.464892,1.5302233,-2.994778,-1.801538,0.8006577,-1.4516358,-0.43604112,-0.42267546,-0.89729786,0.14984135,1.1911961,0.33136025,-0.91700494,-1.9974916,-1.4667274,0.92807406,-1.4953463,-2.0358713,-0.70119774,1.1464659,-1.2972298,0.9555536,1.24026,-0.5200498,0.33060196,0.026541242,-0.87161124,0.97185487,-1.2590234,-3.3224788,-0.45435324,-0.8405905,1.2572849,-1.4540951,-0.31650934,0.91642135,-1.5137147,-2.0383735,1.3496692,-1.7867669,1.3911406,-1.7352397,0.49074784,0.7553431,0.31767708
Leukemia_CGAACATTCTGGCGAC-1,-3.2761395,-2.559078,5.6505756,1.5825858,-1.8469113,2.8405015,0.54789346,-1.3214059,-0.9620549,0.24535309,-0.38054743,-1.4828205,-0.46347308,-0.11663536,0.32786676,-0.70426375,-0.18252762,-0.40288246,0.54419476,0.0135016125,0.6732086,-0.35738584,0.0098695895,-1.8104889,0.29030976,-1.2518822,-1.4787214,0.54656506,-0.3788904,0.7592546,-0.11695553,-0.87216127,0.85227185,0.85345966,0.7740213,0.6928936,-2.3079464,-0.22238335,1.0093217,-1.2451414,-0.3581489,-1.8390235,-0.4877363,1.8276939,-0.27206558,1.5339774,-2.324189,0.5943391,-0.49722305,1.2317632
Leukemia_CGACTTCGTTTGTTGG-1,20.128035,-2.5479763,-4.445623,-1.7826065,0.3782132,3.016862,-0.16989943,-0.58679485,0.51085943,-0.398926,-0.93027353,0.08919147,-1.9153322,0.051706776,0.040299676,-0.83134514,-1.284145,-0.2773324,0.71693575,1.4747232,-2.279222,0.5421222,0.0355368,-0.5546352,0.37077105,0.708316,-0.41407406,0.12951203,-0.13562015,-0.4632592,-0.70424646,-0.28321412,-0.52166563,0.060466733,-0.11729492,-0.7658873,-0.54101557,-0.54526263,0.17763922,-0.033048425,-0.6612681,0.11462206,1.12257,1.048028,0.29361567,0.055865686,-0.13188069,-0.014283122,-0.22437854,-0.527364
Leukemia_CGACTTCTCTGCAAGT-1,-3.3337352,-1.3753649,4.9472904,0.92361504,0.13194986,1.993108,3.405474,-1.6406422,-2.1042638,0.5476819,-1.3178455,1.347404,-0.35948175,-0.12898506,-0.6063312,-0.21357502,-1.1304159,0.22715388,-1.011534,-1.0325112,-1.1240484,-1.3820944,0.82858694,0.6721217,0.46164945,0.61196893,0.2067823,-0.09331839,-1.8672577,-0.46409586,-0.68196154,-0.40822172,2.1348786,-0.81085426,-0.06149456,0.0809951,-1.5085727,-1.4411035,0.82604736,-0.5921576,-1.4459423,-1.0376012,-0.016217675,-0.34933802,-0.6821926,0.8158631,1.0811986,-0.26142764,0.5772025,-0.32520843
Leukemia_CGACTTCTCTGCAGTA-1,-1.9247931,-2.4640195,4.9839993,1.4525732,-0.72899824,-1.1211597,-0.08552762,-1.6776134,-1.5202216,-1.2309166,-0.00609232,-2.1075864,-0.5386775,0.74429953,0.9931659,0.113785185,-0.54504615,-0.8539906,-0.52710027,1.2447711,1.291293,3.0650468,1.6596925,1.1418133,-2.8129454,-0.55579627,-0.40944594,1.9617143,-0.762114,-0.6313589,-0.6618246,0.3996737,-0.5860405,0.30705163,-0.43264914,0.80278677,-1.7499744,-0.7325043,0.36222744,0.9894302,1.5213337,0.3540904,-0.6497671,-0.664838,1.0768949,0.4632932,0.6906525,1.242253,-0.7942375,-0.55234385
Leukemia_CGAGAAGAGAGCTGGT-1,17.26438,-1.6777803,-2.060398,-0.29260594,0.29265794,0.5019312,-1.728411,-0.20568363,0.14847104,0.9954615,2.6192667,1.8642439,-0.056787517,0.1454471,-1.6147269,-0.44715372,0.2704458,0.24026304,0.610745,0.8769476,0.09703118,-0.9333278,0.84436345,-0.11183043,-1.4337122,-0.49516335,0.06679641,1.7463186,-1.772658,0.56870085,0.55769247,-0.5207215,1.0975758,0.18212906,0.15284038,1.7129343,-0.28999454,1.0605549,-0.38428956,0.22030798,-0.35022953,-0.29770997,-0.85477597,-1.7955962,-1.8241688,0.17254807,-2.072356,1.2325941,0.24747144,0.25072426
Leukemia_CGAGAAGCATCGGACC-1,-0.8110257,0.8415717,3.7413306,2.063833,-1.1755868,-0.996384,1.7578346,0.41799816,-1.6587635,0.6153888,0.06762302,0.46447814,0.07121712,-0.5234593,0.62316436,0.56090534,1.4737383,-1.6937762,-0.9392797,-0.08009414,-0.14754611,-0.40152,-0.23533511,-0.4247409,-1.1331277,0.77787757,-1.2164629,-0.57401615,-0.6310622,1.2114336,-0.038598873,-0.9750991,2.0361156,0.89391476,0.52446645,0.14921287,1.8863823,0.1929116,0.50234824,-0.27818152,-0.027560856,-0.6875515,-1.6910974,-0.96720594,1.1641401,1.9552807,1.2778494,0.075818144,1.5929662,-0.20062926
Leukemia_CGAGAAGGTCCAGTAT-1,-5.31998,-2.0590947,3.6503603,1.2708596,-1.4247434,5.768538,2.1528945,-1.2098507,-1.9010981,0.87186456,-1.0903335,1.7292701,0.52548295,-0.095486276,-2.2512465,0.113580026,0.19098118,-1.3044889,0.24218267,0.7146837,1.9396335,1.5138471,-2.6932137,1.0486453,-2.0435104,1.801428,-0.018250309,0.7917219,-0.68843395,0.79038215,-0.89906406,-0.25979587,-0.64261574,0.6899167,1.6240544,-1.7525535,-0.491466,-1.4942887,-0.58714557,0.7327318,-0.014554175,0.06380217,-0.0017744283,-1.1792122,-1.3346143,-0.92688096,-1.1683062,-1.7125514,0.40166646,-1.2087901
Leukemia_CGAGCACCACCTTGTC-1,18.208086,-3.0768569,-3.896826,0.7021211,0.40114278,0.58955276,0.29419726,0.07955279,0.7340107,0.5238339,-0.25659907,0.08993713,-1.497432,-1.4634929,-0.3354193,0.66373986,0.5291161,-0.40937012,-0.3335909,0.22821793,0.96692705,-0.29400337,0.90711886,-0.11404469,-0.9672243,-0.65259886,0.0053015472,0.90429085,-0.87327725,-0.8077241,-0.24742489,0.17556882,-0.072419584,0.16068278,-0.60109735,0.64182425,-0.283877,0.53893304,0.030911295,-0.39765754,0.25574553,0.34380972,-0.1463067,-1.2632957,-0.6660494,-0.038839873,-1.2532111,1.2583941,-0.039273366,-0.724273
Leukemia_CGAGCACCAGACGTAG-1,14.977125,-2.0615225,-2.9091356,1.6724069,-0.75752705,-1.0895467,1.2605867,-0.27352437,-0.19505358,-0.4186418,-1.8850827,-0.34539235,-0.35014412,0.22358806,0.78321564,0.53395605,-0.17833367,0.11829777,-0.4514365,0.79282725,0.9905295,0.23240648,-0.8044953,0.21835323,-0.07890373,-0.037907187,0.49110815,0.5550352,-0.39653736,-0.33922043,-0.13853417,0.08866166,-0.31681752,-0.3672101,0.8936577,0.6680376,0.055624243,-0.09430315,-0.29521266,0.18733786,0.47567686,-0.208411,-0.16637203,-0.581886,-0.053805247,0.4652827,0.00792562,0.05003896,-0.339255,-1.0296317
Leukemia_CGAGCACGTTACGTCA-1,15.897059,-1.8744507,-2.9604871,-0.34363335,0.035821814,1.1593143,-0.043142717,-0.30507776,0.21244022,0.71395624,-0.5267984,0.81986743,-0.2718969,-0.00707204,0.6472757,-0.54815143,0.005275266,0.46881497,-0.29377627,-0.5962289,-0.6349564,0.24209699,-0.60441387,0.05021415,0.10173814,-0.2532294,-0.24366722,-0.55284077,-0.874173,0.11511801,-0.03086553,1.2386384,-0.036729764,0.36555105,-0.9832523,-0.44653237,0.574223,-1.1884521,-0.4171438,0.4883365,-0.87489706,-0.1562405,-0.41585544,0.057262864,-0.6140427,0.2814347,0.21714623,-0.4744239,0.33104053,0.47878572
Leukemia_CGAGCCAAGGTGACCA-1,-1.4076355,-2.049595,5.3551908,2.1356711,-0.8413003,-1.8641295,0.73596,0.3753188,-0.19525364,-1.5052019,0.5031022,-0.07023862,-0.72987866,-0.21174265,-1.8520538,1.5327052,0.047245093,1.070462,0.46368465,-0.029459389,0.20050256,0.0503364,-1.1650523,-0.70876956,1.2016821,1.0127362,-1.2647774,-0.28155717,-1.253222,-1.6470704,-1.5588832,-1.717301,0.98221844,-1.1593763,0.3839503,0.57015306,-0.6358023,1.8895049,-1.7274606,1.36048,0.79073346,0.7848552,-0.3298337,1.0741665,1.5176363,1.2585044,0.34363836,-0.22628741,1.4043268,-0.4520894
Leukemia_CGAGCCAGTTAAGACA-1,-3.3125684,-2.8074768,6.4522166,-0.43544552,-1.5076205,3.643532,2.5838165,-2.1450794,-2.1313715,-3.1333044,-1.9774171,-0.054670643,0.72047925,1.6413316,0.058941137,-0.0029103074,1.2048078,1.3014232,0.1631746,1.8414239,0.016589392,-0.69442195,1.769421,-2.220262,1.4043,-0.7912284,-1.1948233,1.093304,-0.7711831,-2.556883,0.25769642,1.2321639,1.8011427,-2.2979348,1.4105788,1.0077418,0.10051082,-2.1483033,0.35818127,0.5285816,-4.6242585,1.5723755,-3.3958151,-0.4187011,0.7286972,0.47746384,0.047210705,-2.1227562,2.4618475,-1.0575683
Leukemia_CGATCGGAGCTTATCG-1,-0.40822363,-2.913249,8.106054,-0.81651044,-2.2316065,-4.0537,-2.1576424,4.703325,3.4677186,2.690013,-3.1502297,0.017551545,-0.76113254,0.97650903,-0.5313908,-0.20555781,-0.41257858,-0.66988444,0.81007195,1.2612147,0.2608022,1.1979299,0.0025344864,1.437379,-1.195776,0.53019625,1.409114,0.2932669,0.9351755,0.0550816,-2.0309646,-1.4857707,0.60378224,-1.2386731,-0.44588655,0.1866874,-2.1689608,-0.1358112,-0.48643565,-2.4208117,-0.40766785,0.9482658,-0.045947142,-0.07862581,3.208597,-0.9089119,-0.87576467,-2.0339384,-1.0471631,0.3378844
Leukemia_CGATCGGCAATACGCT-1,16.999031,-1.128127,-2.8957741,0.24651061,0.15454231,1.4861599,-0.8665969,-0.82683945,0.588639,0.6382813,0.45731193,0.33250204,-0.7565584,1.2329538,1.0644943,-0.46603215,-0.35153896,0.10573713,-0.39897764,0.80625075,-0.207613,-0.27428293,-0.3539201,-0.11909821,0.78596455,0.01965095,0.18399425,-0.22510895,-1.1651889,-0.5079076,-0.42785084,-0.36763638,-0.3609653,0.33933833,-0.9540111,-0.45082274,-0.3273639,-0.22157873,1.3542446,0.67624766,0.99808776,1.5032307,-0.04573755,-0.7359631,-0.08503524,0.16112436,-1.674223,-0.24345969,0.08121795,-0.49745968
Leukemia_CGATCGGGTCTTCTCG-1,9.854739,2.0502374,1.6239451,-0.875933,0.19372572,-2.8743005,0.5990305,1.18705,-1.1842211,-1.3449699,3.1728258,1.6008389,3.4035735,-0.59471935,0.8949399,1.1490135,1.1471137,-0.72899204,-0.22582318,-0.9502644,0.10193544,-0.12839985,-0.8590283,1.1448764,-0.3951716,0.67190856,0.13121514,0.99372697,0.5185105,0.47756022,-0.29405096,-0.8533376,0.7120683,-0.9823734,0.36370084,-0.03482409,1.2086579,0.44423762,-0.44027478,1.4803233,-0.25671422,0.73560655,0.26975468,-1.7269112,0.9585161,-0.15877959,0.3940797,-0.5374063,0.23575376,-0.58495206
Leukemia_CGATCGGTCGCGATCG-1,-1.5041183,-2.9348679,4.585241,2.5033064,-2.072702,-1.096483,3.0814378,-0.013218792,-2.0811179,0.3977981,-1.3331616,-0.33947244,-0.82067996,-2.3222451,-0.35869065,0.66178364,0.27915257,-0.073880576,-0.99767363,-1.1637444,-0.63076454,1.1398796,0.7205317,0.6862239,-1.5522424,0.15068714,1.0391341,-1.4386197,-0.24900153,-1.1134666,-0.93752867,-0.5986184,0.7507115,-1.42547,0.29393375,0.7569669,1.2014124,-1.2060604,-0.38147384,-3.1408439,-0.8948484,-1.2929738,0.39908725,-1.7827613,-0.4723817,1.2994303,-1.0265541,-1.0855535,0.059227098,0.48551613
Leukemia_CGATGGCCACTTAACG-1,15.014629,-1.0999008,-1.1610123,-0.33350658,0.9697225,0.08124314,0.40766507,-0.19677171,0.8828879,-1.7907162,0.4924357,0.40827653,1.4141243,-0.6363875,0.9679415,0.8446148,-0.36519432,0.6450525,1.5679482,-0.49856585,-0.0035821944,-0.5412791,0.2634455,-0.21131551,0.558627,-0.50599873,-0.44146344,1.688939,0.8567109,0.21048474,-0.2405267,-0.7227027,0.09842498,-0.50141305,-0.24599142,0.6751097,0.06527581,1.3271884,0.49970904,-0.38052145,-0.3564532,-1.021028,-0.6872894,-1.5324874,-0.997238,0.21432121,-0.39715406,0.055603236,0.34182653,1.1339805
Leukemia_CGATGGCGTCCGAAGA-1,-2.4735644,2.8544312,3.777322,1.6832844,-2.229024,0.3182952,5.5457425,-1.5734713,-1.025873,-2.4126701,0.0036374687,2.2614913,-3.0405266,0.7992391,-2.3311808,-2.1284902,-0.81548905,1.0990207,0.1969588,2.0051684,-2.6978064,-0.9140971,0.04348023,-0.51865363,-0.015728598,-0.598895,0.8680102,-1.9910679,0.6168122,0.92636716,0.13092376,1.9252223,2.415584,-0.83210766,-0.15268968,-0.56565356,-1.5392104,-0.05271761,-0.13964629,-0.27606615,1.3506027,-0.19789681,-1.4298851,-0.48278385,2.1060047,-1.6273197,-1.4593081,3.5837274,-0.81550956,2.4623384
Leukemia_CGATTGAAGACACTAA-1,16.295221,-2.347762,-3.2049997,0.67774874,-0.17583084,0.8361327,-0.088641725,-0.094048604,0.6193743,0.07976591,-1.1364341,0.54389256,-1.0269872,0.07397514,0.1787203,-0.7886834,0.2951627,-0.19793004,0.84242505,-0.077599145,-0.35495475,-0.07001358,0.86853576,1.6140959,-0.40865138,-0.5047596,-0.47055656,-0.16929689,-0.4530274,0.2513317,0.082662776,0.7593312,-0.3324167,0.56232786,0.11872899,-0.120491676,0.2623369,0.101102345,0.42566872,-1.254388,-0.13368331,0.16519666,-0.33884466,0.09247483,-0.30440202,-0.026993655,1.3240908,-0.50014967,-0.45787844,-0.16504264
Leukemia_CGCCAAGTCAACACGT-1,14.5396185,-0.7089698,-2.6346917,-0.7622128,0.3605241,1.345774,-0.025113156,-0.12746945,0.3041668,-0.6844027,-1.3895038,-1.2637054,0.8695739,0.16740954,0.5583162,-0.12482582,-0.14756064,0.39710173,-1.3764135,0.051117454,1.2469448,0.12761635,-0.6758829,0.7976312,1.6057967,-0.15726897,1.8713882,-1.5628946,-0.044715315,0.5668608,-1.4278026,-0.85823303,0.5120963,-1.0758383,0.14807126,-0.22060262,1.2304109,-0.18458278,0.9461824,-0.078232996,0.21728954,-0.53025925,-0.39420092,0.43643504,1.0159413,-2.3545327,-0.8094275,1.4689974,0.49308324,1.0315746
Leukemia_CGCGGTAGTTACCGAT-1,5.2435527,4.64657,3.207553,0.9413614,0.06618444,-2.9617355,1.4235076,1.8546317,-2.4913025,-2.5628896,0.57607424,0.10333953,1.402338,-0.7844871,-1.9393928,1.375056,1.3767953,-0.40069008,0.02428709,-1.4072239,0.19291309,0.2785643,-0.6400708,1.5152081,-0.43253615,1.9023724,0.26281407,-0.3845917,0.54633605,-0.87341976,0.005889172,0.5456617,0.75463605,-0.8128988,-0.17459819,1.6063724,-0.31829017,2.0998735,0.12201825,0.41323134,0.6551366,0.10897436,-0.19430155,-0.7822003,2.2411866,-0.35496408,0.16356045,-1.7946715,-1.310577,-0.18257792
Leukemia_CGCGGTATCACATAGC-1,0.13703404,-3.4927216,8.936403,0.20843154,-1.717987,-3.790553,-3.3771136,9.721664,9.931714,6.501438,-3.6052115,1.9384975,-2.2954848,2.6841767,0.8067785,-4.1139374,2.8527372,-0.20744318,2.1279137,-0.7720166,-2.0101333,-3.7812493,-0.41571936,-0.89839023,0.59539926,-2.51154,2.929677,3.4491258,0.06589775,-0.9128573,1.6167836,-0.4607429,1.5638921,-1.0739791,-0.3322407,-2.229776,-0.9259098,-0.95303065,0.38232008,2.0562937,-0.2694266,0.3439551,0.96445996,-0.21003889,1.8163737,1.421504,-2.2712507,1.1313877,-1.3956927,-0.4679304
Leukemia_CGCGTTTGTGTGACCC-1,-0.1021393,2.379231,3.506241,1.7551143,-1.4705477,1.4175539,3.1687167,-1.4166075,0.04257022,-0.46773064,-0.29160538,0.04014979,-0.84240276,0.1573815,0.7795613,-1.983515,-0.09801423,-1.0901511,-0.24327883,-0.250361,0.44316182,-0.52154285,-0.8051891,-0.36054698,0.41886556,0.5964986,0.9633613,-0.30635095,1.0634065,0.518429,0.8976361,2.4108186,0.42897537,0.53143215,1.1888012,-0.97191477,-0.4240405,-2.488092,0.228151,0.039067395,1.0684721,-1.5763378,-0.3023199,0.6793681,0.3475467,-0.71257704,-0.3926272,1.5526171,-0.13772576,-1.769658
Leukemia_CGCGTTTTCAGGTTCA-1,1.6090997,-2.2375646,5.860323,0.29293644,0.29828042,-1.9253197,0.1472484,1.2450984,1.6522949,1.4803473,0.45042178,0.07917724,-0.46077153,0.49231485,-2.0778673,-0.19450328,0.81028175,0.77626365,-0.23951472,3.4240801,-1.7269127,-0.19890405,-0.32739154,-0.9116156,0.69945073,0.5563594,-2.0559826,-0.022998815,0.4133463,-0.4434956,0.16749212,-2.0441453,-0.0011464059,0.11835933,0.8981508,-0.93598646,-1.0251877,-0.5551064,-1.6418037,-0.3612967,-0.852385,-1.0503308,1.3379399,-0.9998333,1.5893204,1.2518561,0.19331692,-1.0856091,0.24989252,0.50238883
Leukemia_CGCTATCCAACACGCC-1,-5.297571,-1.8083831,4.826965,0.37391198,-1.780316,5.11974,3.305645,-5.5011654,-1.9266129,-0.39043117,-2.5716095,2.5616646,0.6970097,-2.0035696,-4.154942,0.598242,0.107448235,-0.7912909,1.9398109,1.6550177,1.0863427,1.4853694,-1.8818979,-0.41121316,-3.1096122,4.20982,2.3631318,1.5323639,-0.61629206,-0.853769,0.9477143,1.8877113,-0.61351883,-0.49247485,0.5849401,0.27221364,2.1091566,-0.068426535,-0.98081875,0.43040663,-2.5292106,-1.5499164,-1.066942,0.0045562005,0.71810585,-0.98772943,2.2931635,-0.06436895,-2.0817304,1.0611854
Leukemia_CGCTGGAAGAGGTTAT-1,-3.4152975,-0.46808755,3.2196488,1.3423213,-0.49345437,0.13045722,3.6569073,-0.9693642,-1.6483475,0.5515939,0.0703575,-0.9963773,-1.1045097,-0.19998115,-0.063811444,2.1974745,0.7180003,0.14616431,1.560395,0.7071787,-1.7032229,-1.9463518,-0.096344374,1.4618115,0.48976183,0.6085284,-1.8556805,-0.7859166,2.1347275,1.7463634,0.05897616,0.8552956,-0.8058406,0.6334405,-2.1537726,-0.3315368,-0.13808627,-2.7601583,-1.1652838,1.6272963,-0.807496,-1.6182014,0.8755127,0.120246574,-1.3917483,-0.860987,1.1076906,0.28558707,-0.44792634,0.91446865
Leukemia_CGCTGGAGTAAGAGGA-1,-2.6702042,-3.6166658,6.51485,0.98380214,-0.56041306,-1.0248052,-1.3984016,1.0867369,0.040974222,1.0170932,-0.4930313,-0.2218612,-1.3693635,0.33328685,0.9694954,-0.43533677,-0.67655104,-0.5412892,0.9173164,1.3047016,-0.5019309,1.935911,-0.7550134,-0.87803096,0.9306745,-1.7467431,-0.8660791,-1.3712645,0.72087467,-1.6634909,-2.0788667,-0.06818288,0.3085144,-0.16721037,1.1897577,1.3254297,0.031196764,-0.33626974,-0.24312842,-0.7572861,-1.109594,1.2950159,-0.8789345,-0.35762,1.9737982,0.5470714,-0.84695846,1.0128131,-0.258117,-0.5858464
Leukemia_CGCTGGATCGCGGATC-1,12.292898,-1.0657372,-1.6273752,1.0973349,-1.5083783,-0.8753813,0.9432493,0.61242396,-0.43988374,-0.8681156,0.26931426,0.31266338,1.2302219,0.60177857,1.1225454,0.09338348,0.32687274,0.08057594,0.6852261,1.5117496,2.010925,-0.92877567,-0.4235337,1.7605337,0.7350208,-0.13915151,-0.48189732,0.6300926,0.8445992,0.19527717,0.08249777,-1.1894166,0.0045802826,0.07101559,0.89169055,-0.6193389,0.15695885,0.5654113,0.44038114,-0.5287778,-0.25911364,0.22446272,-0.3549802,0.45695558,0.15933077,-0.1743529,0.526274,0.036702726,-0.046993762,0.2516992
Leukemia_CGCTTCATCCGCGCAA-1,-3.0066674,0.13095158,4.086998,2.0620797,-1.6071256,1.6041355,4.2116632,-0.67459285,-1.860013,-1.425958,-0.1411476,-0.91211194,-0.12260602,0.2024522,1.397488,-1.98291,1.185865,-1.8256241,-1.170341,-2.70839,0.48787826,-1.7853476,-0.49287155,-1.5994534,0.99633366,0.7306442,1.7927722,-1.6225114,-0.080570154,0.8361407,-0.2902197,0.85262984,1.0102364,1.3006577,-0.6397729,-1.3211192,-0.14615375,1.201812,0.3876553,0.56886077,-0.29088935,0.8609012,0.8427857,0.57752556,1.7215173,0.17040175,-0.50556046,-0.8567915,0.8693798,1.1198013
Leukemia_CGGACACAGGCATGTG-1,16.204433,-1.8445094,-3.497684,-0.26605144,0.49405894,-0.5756551,-1.1581421,-0.18265478,0.035591435,0.5907841,2.891312,1.246515,0.86366963,-1.1656407,-1.5394255,-0.5168413,1.4552418,-0.019272648,1.3831598,0.3199904,0.1414296,0.15625349,2.079077,1.7526919,-2.7231042,-0.68077016,-1.9478197,2.8760867,-0.24288686,0.089841165,0.059089743,-0.93376577,1.2189554,1.723588,0.17464823,1.0381007,0.9032775,1.2753682,0.4888784,0.5288657,0.54652625,1.4286859,0.7347337,-0.95497006,-0.19020107,0.54260737,0.43835518,0.023984535,-0.37929803,0.5925721
Leukemia_CGGACACAGTGCGTGA-1,18.214067,-2.6135411,-3.8206813,-0.9298631,0.24195418,0.9258918,-1.5912873,0.75103724,0.45998213,0.75119096,2.5258384,0.91522425,0.33518213,-0.1644253,-0.79299086,-0.37608117,-0.029920382,0.4685046,0.6359399,0.67156583,-1.1022228,0.3828044,-0.09784218,0.060237844,-0.8955749,-0.7961331,-0.60486805,1.0827534,-0.60100734,-0.9566573,0.51705784,0.24975277,0.7130434,0.6049321,0.51189166,0.77184415,0.63955927,0.8349014,0.10376746,0.3915342,0.36027473,0.52373236,0.10766025,-1.1668513,-0.9658027,-0.08132101,-0.88662565,0.59437793,-0.014262504,-1.2484804
Leukemia_CGGACACCACTAGTAC-1,-6.289555,-2.2959223,2.3411818,2.068357,-1.2758788,4.947118,2.9190652,-3.2357697,-2.8041358,0.086118005,-0.5303353,-2.9035394,0.41789302,1.2283599,0.4393697,1.5407248,-0.7405724,0.082734615,3.4599416,1.220741,1.0110538,-1.7915145,1.2072982,-1.679798,-0.4695487,-3.6641512,1.1418896,-0.6749126,0.56686735,-2.8578122,-1.7004251,1.8688538,1.5817047,1.8791485,-3.962769,4.858608,-0.5882493,-0.97858053,-2.432021,-0.13439554,2.1944466,3.3200681,0.70016265,-0.5824567,2.263094,-5.02898,-1.4888245,1.5587263,0.2930073,-2.1170378
Leukemia_CGGACACGTGAAAGAG-1,1.9555357,-0.18868782,5.69929,2.580935,-1.4291444,-4.269737,0.2443358,4.3115616,1.9094223,-0.29904103,0.46600953,0.25479284,3.1353498,1.150095,0.02870039,-0.93684465,1.4676044,0.67434335,-0.5284939,-1.6204858,-1.1442115,-1.8500012,-0.011137785,-0.92107725,0.42664224,-1.1685095,-0.014521892,1.0067452,0.274823,1.2980206,-0.751537,-0.61252874,0.6766413,-1.6570811,0.22917157,0.2885303,0.9757633,0.037479546,-0.8186516,-0.1772942,-1.5487992,-0.8773662,-2.617405,0.045730684,1.2817081,-0.48537603,-0.20891371,-1.4868903,2.9522214,1.273502
Leukemia_CGGACTGAGCGATAGC-1,-2.2571177,1.0328186,5.2987037,-1.8560941,-1.0055944,8.627269,1.3461131,-0.07102708,3.5829184,-2.049599,-0.418819,-1.9095768,1.1009157,-0.56161886,1.642147,-0.3854549,-2.6662703,2.2784185,-2.1155775,-1.4394221,0.6395764,-0.0029053874,-2.2906938,-0.15858157,-1.205178,0.9486888,0.64085305,1.6325254,-0.4847755,1.7374904,-1.7236315,-0.06691887,-2.371027,-1.9594568,-3.7601326,0.011479078,0.7359485,-3.044254,-0.8835882,-0.97334427,0.42593423,1.6847988,-2.005766,1.6446867,-0.24239433,0.63270646,-1.9996183,2.184926,0.6014754,0.46897697
Leukemia_CGGACTGGTGAGTGAC-1,-1.8756288,0.8444837,4.3486004,0.38945064,-1.6907927,5.599016,2.6223693,-2.447614,0.34191477,0.5792227,2.1527662,2.5203633,-0.33657736,0.6428887,0.8220911,-3.8803864,0.26451045,-0.69980603,-1.3513579,-1.2251682,1.312023,-0.88441277,0.54648703,-0.1410747,0.97002316,-0.19935818,1.2985251,-0.043028075,-0.0583063,-1.1271183,-0.19873144,1.8601239,-0.89503276,0.38624778,0.26340568,-2.0951447,0.6218444,-2.1109216,0.822676,1.537519,-0.54432833,-1.5058454,1.4178284,-0.4707849,1.6531584,0.5017776,-1.0362785,-0.28666055,-0.10604641,1.6768037
Leukemia_CGGACTGTCCAGATCA-1,-1.8487055,-3.4769213,7.0851827,0.5082291,-2.2800593,-0.87220633,0.24062432,0.066981874,-1.4072222,0.81823397,-1.0339363,-1.9146476,-0.13623033,0.1484609,-2.0871425,1.6710949,0.063352734,0.022177592,0.55307615,1.6581408,-0.36185405,0.2776073,0.7773794,0.659848,-1.057094,0.61410373,-0.02707451,0.71962553,-1.3343621,1.3708408,-1.2647053,-0.68775475,0.8621906,-0.045792278,-0.3032371,-0.61756724,-2.0945182,0.8746557,0.44076255,-0.25365075,-1.9725752,0.5628813,0.88754755,0.27267486,0.7060989,0.09777307,2.9995635,-0.58237606,1.166731,-0.08792657
Leukemia_CGGAGCTTCTGAAAGA-1,17.419292,-3.1046188,-4.1797323,-0.15935366,-0.25650638,0.6819273,0.8315398,-0.026557442,-0.7745343,0.76884705,-1.3915484,-0.22393389,-0.3707347,0.28994375,0.023280093,1.0483985,0.1319316,-0.11151594,-0.5033819,-0.008721547,-1.3740104,-0.05620881,-0.6636693,-0.86952144,-0.5576983,-0.7253115,0.0955978,-0.8377927,-0.7291827,-0.63396865,-0.3240771,0.047968924,-0.381514,-0.7411768,-0.58490056,0.88545454,-0.2884109,0.9091615,-0.093081154,0.63660055,-0.2755394,-0.83286554,-1.3363876,-0.83790594,-1.1876606,1.0908495,-0.8655749,0.42697185,-0.63547,-0.797422
Leukemia_CGGCTAGTCAGTACGT-1,-4.6865926,2.6226425,3.5658357,-1.0629168,-0.3131154,4.484219,1.4541487,0.533522,1.642641,-3.6157703,-0.68787354,0.37506893,-0.52183753,0.44081372,-0.16633579,-0.45715898,-4.280368,2.3083816,3.2497718,3.0866115,0.105104014,1.707241,-1.3419929,-0.6865343,0.16062433,0.0076419986,1.5905398,-1.8596807,0.277133,-1.4247402,0.5613717,0.3894264,0.18291779,-0.6961901,-2.835901,0.49372682,0.48875022,-0.30478558,1.363435,0.41466114,-1.089915,-0.16745503,1.4263942,-0.3445309,1.1584413,-1.9874079,0.7478627,-2.6703756,0.10685764,3.5411687
Leukemia_CGGCTAGTCCAAATGC-1,3.167343,9.074181,4.8838162,-3.1396792,3.9635687,-0.35298094,-3.383813,2.1387746,-1.0036851,2.8545778,0.7656276,-0.32847694,-1.9023111,-0.57710356,3.2680652,-0.62099713,-1.8280855,-0.42341512,-3.3704042,-2.1227815,-0.8315925,0.38547072,0.8189869,0.66382533,0.40958107,0.30800408,-2.4299595,0.22856432,4.1231227,1.5986453,1.1188761,-3.4424715,-1.7643379,-1.1382225,-0.7800722,-4.4522867,1.1111941,-0.07279654,-2.7563727,-1.0537602,2.506791,-1.2101674,-4.221964,-0.224132,2.13925,-4.0917597,-0.29310173,1.2429869,3.4569871,-1.6802216
Leukemia_CGGCTAGTCGGTGTTA-1,-1.8521973,-1.0462939,3.5467234,1.1433002,-0.42098987,1.9280117,-0.883031,0.8665845,2.7682734,-2.8371716,0.3972325,-0.7975036,-0.07553237,2.5068264,1.2872766,-1.632205,-3.2962773,0.067743585,1.0047684,1.3986857,-2.5311444,1.0101279,0.043951813,-2.6483703,0.7550477,-1.6972249,-3.0253754,-2.0643919,1.4254967,0.5676512,-2.8939245,-2.1840472,-0.5095072,4.3618674,1.695276,-1.116265,-2.6931877,-1.3194522,-3.3554301,-0.86532694,-1.8975077,-1.7514395,-1.3149722,0.119258404,2.2534034,-0.38729334,0.08300811,0.06404512,-0.17910902,-1.0474668
Leukemia_CGGCTAGTCTGTCAAG-1,11.462531,-0.7626714,-1.1385037,1.4349236,-0.40262526,-0.86671627,0.104260296,0.29706487,0.8172226,-0.45426905,0.8322637,0.59985745,0.9517023,0.64449,1.2042103,0.9011635,0.5315117,-0.93173957,-0.9940249,0.07510443,1.5219648,-0.65007305,-0.034609977,1.9521453,-0.13299912,0.926211,0.09955237,-0.5189315,0.88136953,0.21907106,0.27618375,-1.3386393,1.3353071,-0.45503917,-0.35777488,-0.9552946,0.90757394,-0.63231605,-0.11230505,-0.12244257,1.1301214,0.09121584,0.1534434,-1.0535306,0.3587794,0.22332841,0.4785641,-0.27291664,0.5280857,-0.14437558
Leukemia_CGGGTCACAGTCGTGC-1,-2.0741456,-0.19312915,3.7165058,2.342031,-2.989887,-0.6575776,1.9281492,-0.3272558,-0.41758922,-0.3422537,0.22552617,-1.165577,-1.0578575,-1.1550415,-1.059452,0.20233446,0.46891883,-0.99071467,-0.97965825,1.814737,0.68116647,-0.19216143,-0.50245005,-0.9166183,1.4078165,-1.4860308,-2.1614997,-1.1185504,-1.8274021,0.9553711,0.48078686,0.049026813,0.1142962,-0.77843755,-0.3771853,1.3579712,1.1288484,-0.41792446,0.58371663,0.3111072,0.30235812,-0.42548516,-0.22893296,-1.6046289,1.1247832,1.0261396,0.34394243,-0.54336524,1.6438849,0.25645575
Leukemia_CGGGTCAGTTGGTTTG-1,14.72887,-1.9516634,-1.6907802,0.9018839,-0.4977427,0.6365447,1.0327561,0.41700867,-0.69615215,-0.4833849,-0.86813486,-0.7424849,0.9283221,1.6089383,1.1273334,0.1822268,-0.20410122,-0.3149625,0.49794292,0.69616306,3.574157,-1.622794,-0.8229435,1.9769115,0.15266554,0.33481055,-0.7098055,-0.573011,-0.6332467,2.0377166,-0.99911374,-0.036575466,-0.66055876,-0.67551935,-0.59753156,-0.99246234,0.8682693,0.21954985,0.013084161,0.12646422,-0.55486643,0.74171895,0.3304071,0.9531524,0.642247,0.21840955,0.3992773,-0.26198,0.59968776,0.8059672
Leukemia_CGTAGCGAGAGTACAT-1,19.443771,-1.3945001,-4.379771,-0.7149261,0.30488184,1.748794,-1.3186555,-1.3496599,0.28421807,0.6592507,-0.5349568,-0.27687535,-2.0281775,-0.7503339,-1.1079441,-0.1616027,0.29209986,-0.4163036,1.0023017,-0.08725349,-1.0655333,0.34303978,0.31784058,-1.25547,-0.66403425,-0.17168105,0.5126756,-0.40532032,-1.0563778,-0.17790708,0.51315516,0.80156636,0.04591367,0.42384538,-0.9845664,-0.9149556,0.2439953,1.5295092,0.6595877,0.5074563,-0.68170565,0.34261066,-0.7089702,-0.9815933,-0.7071921,0.19945823,0.3235352,0.01844836,-0.58941865,0.4430339
Leukemia_CGTAGCGCAACGATGG-1,-0.34096545,-2.115004,4.5052867,0.85446626,-0.2287081,-0.26229417,-1.2956055,-0.020996256,0.124173604,-0.9937109,0.13848265,-2.30373,-0.70781153,0.49943402,1.630737,0.042795382,-1.0557826,0.08072083,-0.12941647,0.68114066,-0.044010833,0.66828686,1.3962195,-0.40957376,0.7851902,-1.1195993,-1.2342359,1.696352,-0.88519883,-0.8957444,-1.2064013,-0.8444423,-0.92274934,-0.98666435,-0.08920536,0.22738142,-0.98971575,-0.65600413,-2.0945911,1.3694824,-0.5391584,-1.3915352,0.597925,0.4767718,-1.7595592,2.0953538,0.2895221,0.4426073,-1.6413312,-0.3834022
Leukemia_CGTAGCGCATCGTCGG-1,-2.6778007,-0.38268888,2.756932,1.1731117,-2.9445097,2.5104952,3.024383,1.3025302,-0.6252235,0.58268344,-1.4020339,-0.63631004,0.29729718,0.55532956,0.31831816,-2.4817524,-0.28962868,-0.12379552,-1.5496097,-0.9257946,1.0625308,1.2238997,0.36919054,-0.3564858,-1.8986489,1.1521783,0.59884715,1.0870904,0.28292382,-0.45111543,0.8305475,-2.001054,0.8677903,1.0708523,-0.22978348,1.4192907,-1.3509382,-1.0403126,-1.3501498,-0.035627913,0.68668145,-0.020796634,1.7999731,-0.31051886,0.48705962,-1.8963914,0.5597151,-0.1478339,-0.7492115,0.09638933
Leukemia_CGTAGCGTCAGAGGTG-1,17.398287,-0.9878015,-3.692044,-1.0476079,1.6615801,0.28363445,-0.27188098,-1.1014218,0.31083593,0.20526235,-0.52228785,-0.38590997,-1.8771423,-0.5196815,0.5645769,-0.010099398,0.84228593,-0.94077736,-0.85921824,-2.3884988,-1.4434165,-0.19352782,0.13517009,-2.7850602,0.12721203,0.77425426,0.46288413,-1.3016096,-0.2879319,-0.67114496,0.13404612,0.50735486,-0.5721397,-0.799427,-0.76200527,0.104354635,1.4611255,-0.16947581,0.47844648,0.7381588,-0.2960412,-0.30642238,-0.5365366,0.019189257,0.033459708,-0.25151634,0.6918878,1.3827769,-0.99344033,-0.3857184
Leukemia_CGTAGGCTCTCTAAGG-1,-1.8321366,-1.5189761,5.6336017,1.4314492,-0.50653017,1.4660031,0.46389565,0.30720603,0.29481944,1.3676281,0.32821792,0.19941492,2.2804363,0.120408826,-2.1361692,-0.8676833,-0.2037135,0.7713168,0.59803647,0.6984185,-0.65368634,-0.88138413,-1.5362678,0.41015399,0.3526299,-0.23381732,-0.99099183,-0.5945791,-0.9572091,1.3548453,-1.9373628,-2.053603,1.0658419,1.9144181,1.5506465,-2.074958,-1.2899749,-1.3021537,-2.626287,-0.51893973,-1.429559,-0.9308396,0.50564164,0.70395523,1.2786524,0.36342883,2.3527715,-1.6135073,1.9098356,0.8777338
Leukemia_CGTCACTCACCAGCAC-1,20.120441,-1.7939898,-5.21479,-0.64477426,-0.06527582,2.1583788,1.3014861,-1.0353513,-0.27571413,-0.016008416,-3.9357333,-0.6345656,-1.7817371,-0.32652432,0.89844924,0.013114043,-1.9315332,-0.41729245,-0.33241054,0.23320988,-2.0433164,-0.3815271,-1.1726096,-0.92709446,1.5990558,0.45491308,-0.21018785,-2.4335487,-0.34111628,-0.12406612,-0.5184269,0.93556106,-1.3854003,0.35091302,-1.100884,-1.6391277,-1.0339876,-1.0389048,-0.6853074,-0.72650665,-0.41349557,0.20938975,0.67043746,3.2057118,1.325221,0.050341006,0.5557577,-1.3537555,0.63378394,-0.04033622
Leukemia_CGTCACTGTGAGTGAC-1,15.197377,-1.370702,-2.0638206,-0.53977066,-0.18422736,-0.07743476,-0.87193596,-0.15689,-0.046351075,-0.07215186,-0.5180673,0.2722533,-0.02256035,-0.95066094,0.09344314,2.4804235,0.07792832,0.8738578,-1.4979045,-1.4011841,-0.38280636,0.9403811,0.6062845,-0.42843115,-0.76231873,-0.37999344,0.6166114,-0.17209785,-0.17641796,0.96460265,-0.06382096,0.44766244,0.31723356,-1.091705,-0.523112,-0.5141133,-0.78983414,-0.4329426,0.803362,1.0867589,0.56212795,-0.6208651,-0.05108095,-1.2264313,0.0493928,0.42079988,0.24926598,1.0404236,0.0018216112,1.5454601
Leukemia_CGTCAGGAGGTACTCT-1,14.953622,-1.2064946,-2.463369,0.09559555,-0.20526561,-0.0077067646,1.0390477,0.085023016,-0.69213647,-1.3299972,-0.7914653,-0.2918028,0.113790594,0.22513378,0.9343045,1.0802894,-0.34838268,0.4862036,0.25347626,0.4980821,2.876734,-0.21113917,-1.0077142,0.58686054,-0.47857738,-0.84234273,-0.8040535,-0.3192055,0.35328168,0.026182262,-0.064185604,0.20223835,-0.5867298,-0.905415,-0.59853774,-0.0058242464,-0.12661366,0.12203684,-0.06850882,0.9064109,-0.4555876,0.8219747,0.30792686,-0.5094121,-0.26682523,-0.8159454,0.786343,0.5488562,-1.1406353,0.20912533
Leukemia_CGTCCATCAAATTGCC-1,0.5802783,-3.9505126,9.828214,0.10752355,-2.5455182,-4.4184427,-4.530047,7.6136975,7.3874345,7.384775,-6.2682385,-3.0053325,0.51041806,2.6889374,-0.53298324,-2.7068818,0.59269494,0.60307753,-0.27376238,-4.101902,1.8234891,-4.127429,-1.4260514,-3.4597898,4.3434715,-0.8648297,3.766807,-2.4634397,1.4180571,2.432307,3.1874914,1.5063304,1.9161782,0.3102628,0.10668735,-3.090731,0.50879717,1.6913149,0.88752,0.4635832,-0.93689996,-1.4274361,0.22867481,-0.81294215,-0.6146499,-0.1629724,-2.66889,0.4917493,-3.4512877,-0.034355953
Leukemia_CGTCCATGTCTTCAAG-1,0.55683297,-1.6481525,4.6580615,1.5735795,-2.0570076,-1.6813399,2.4282062,-0.55388975,-2.250346,0.91117775,1.2995675,0.5270729,-1.7195386,-0.7904583,-0.7351191,0.49459225,0.5343595,-0.0828171,-0.6268338,-0.44158366,0.92952764,-0.20611994,0.09770784,0.121330686,-0.023021974,0.12811013,0.50953376,-0.13948826,1.7154788,0.18940796,-0.12019887,0.4219657,1.0142845,1.0128111,-0.80190796,0.014396246,0.34773988,-1.1360608,-0.19036233,-0.56382495,0.37658226,-1.3165923,-0.86619,-0.67363364,0.3259795,-0.007036158,0.21074927,-0.019064562,1.6659129,0.46019143
Leukemia_CGTCCATTCCTTGCCA-1,2.3582604,13.111429,4.474216,-2.074115,0.9537652,2.5123982,0.03799559,-3.9682977,-2.4075272,1.0799731,-1.55473,-1.3943334,-0.6340116,1.0786608,2.4771912,-1.3733201,0.6064618,-0.29093727,-2.4182675,-3.5416276,-2.1067176,-0.0023426395,-1.4944772,-1.6707256,0.93593633,0.7831514,-1.1866966,-1.7981362,2.0216632,0.6764765,3.7593572,0.29258668,-0.44829652,-1.7658502,-2.1663604,1.1413684,-0.1593306,2.1425624,0.83477926,1.5897902,1.7255995,-1.3573024,0.9009344,-0.6315744,-1.8206521,0.59930325,-3.1606183,0.7485589,-1.2699244,1.3873764
Leukemia_CGTCTACAGACACTAA-1,-0.5329184,-4.1481466,7.5010123,-1.4300559,1.0433154,3.9707737,-2.8292058,-3.0110955,0.4429644,-1.0066569,1.7704408,-5.139276,0.95086837,1.0596018,0.7721755,0.9241321,-1.5560746,0.80567324,0.748152,-2.7108574,0.9392918,-1.0294602,1.8951733,-3.34956,3.0697832,-0.7123783,2.097989,-1.4868853,-0.83119434,1.640289,1.5881035,0.5222891,-2.78188,-1.3714355,-0.65890014,-2.112168,-1.3812711,0.67879057,-0.28623593,4.0660496,0.97170436,-1.6758095,-4.6661406,2.4462135,-1.1001071,0.4047601,0.87624997,0.2656168,0.05574633,1.8040155
Leukemia_CGTGAGCGTAGTAGTA-1,2.521468,0.5252997,8.175598,1.4911553,0.68388337,-7.70982,-2.7189264,7.8908944,4.056061,0.8432787,-8.349879,-1.699594,4.741013,0.76220745,0.97613794,7.5185995,2.7324462,1.2427112,0.2684291,1.1293321,-0.77112234,-2.7332149,-0.14299057,-8.690127,-0.056485087,-0.108647294,4.3901772,0.46971974,0.5440487,-0.36978522,1.972639,3.7113605,3.153039,-4.8861628,2.830364,6.409315,1.6366504,-4.5104284,-2.2796838,-5.600949,-3.4823718,-4.420023,-1.1333578,-0.85547227,1.4420549,6.335709,-4.333105,-0.39511132,4.9226913,4.1995983
Leukemia_CGTGAGCGTCCGCTGA-1,-4.001673,-1.6615102,2.889509,-4.170956,1.6368287,7.505781,-1.753866,0.9813964,6.523265,0.5112878,-0.42126733,1.2511835,1.2799054,-0.025548002,3.6483316,-0.5264574,-1.776053,-0.8965683,-2.1643183,-1.1259979,-0.7978048,3.2332122,-2.4313612,3.7354155,-0.40085745,0.883155,-2.2488503,-0.022201419,-0.5364151,-0.44437027,-0.4782897,-1.5851389,2.0899847,2.1141415,4.2129445,-0.84532374,-3.0864787,-1.3938564,-1.9947034,1.7165711,2.9209554,0.6106122,0.63373876,1.7150586,2.327676,-0.64669085,0.30422664,0.041738562,0.33051768,-2.1671665
Leukemia_CGTGTCTCATTCCTGC-1,-2.8199885,-2.2075577,2.6993942,2.3946922,-1.6922474,1.4424915,1.4220276,-1.4259177,-0.45832637,0.68620974,-1.1967353,-2.8203206,0.6208357,-0.53342086,1.4294271,-0.61100405,1.5939894,-2.0086482,0.052814655,-0.44412974,0.077289715,-1.0102239,2.3405983,-0.83850753,-0.32231748,0.57429516,-0.060918964,-0.7682132,-2.8378053,0.78347975,1.2867483,0.29116598,-0.54187304,0.15349628,-1.5182562,-0.3877595,-0.010184145,0.7154903,0.5905037,-0.92477447,2.6550786,0.47039744,-0.5918339,-1.6975892,-2.943867,0.9492994,0.32211754,0.24809319,0.09908234,-1.1869137
Leukemia_CGTTAGAAGTTGAGAT-1,15.253763,-1.4176292,-2.4285994,0.11437107,-1.0972242,0.57967734,0.9246487,-0.29694396,-0.1880484,-0.40196347,-1.2774073,-1.2707895,0.70505536,0.32766977,1.4404415,1.1742979,-0.9971575,0.2272243,0.3195566,0.31109282,2.444753,-1.1760553,-1.0100172,1.10298,0.53303367,0.05322997,-0.12975188,-0.40812024,1.0671865,0.09124408,-0.06517257,0.116408154,-0.6526962,-0.2547407,0.36728063,-0.24809535,0.96508276,0.20729321,-0.40758035,-0.66228503,1.0054865,0.5239752,0.37206596,-0.38486314,-0.9350203,-0.7227025,-0.06921472,0.3216321,-0.15408887,0.016207254
Leukemia_CGTTAGACACCTATCC-1,-3.8042808,-1.835718,4.522048,1.1855234,-2.2480307,4.4384265,2.0114026,-0.38693905,0.40908316,1.6525997,-1.1590693,1.0496488,-2.296449,0.73685265,-0.49401307,0.6326189,-0.1783737,-1.4372362,-1.3292743,0.44678107,-0.8254096,-1.8074156,-0.39185736,-0.17251712,0.24440888,-0.2067024,2.0029056,-0.597306,-1.365045,1.0953584,-0.35614347,0.5761061,2.276544,-0.035178833,-1.4370456,-0.47542688,0.6024288,-0.041474033,1.8297505,2.423027,2.2768867,-0.37570396,0.025963258,-0.49184695,-0.90078956,-1.2246817,-1.1297818,1.7476778,-1.0764331,-1.1012456
Leukemia_CGTTAGATCTGCCAGG-1,0.41876772,2.18392,2.2807264,1.9301621,-2.4186285,0.31698504,2.8594816,0.7773537,0.26851642,0.30009705,1.4967331,0.015977012,-0.64286286,-0.32093778,1.6548033,-2.6521568,0.7875076,-0.20674865,-0.8919859,-3.413072,-0.45564872,0.627297,-0.027325014,2.4868555,-1.3647884,0.39816022,0.7374371,-0.17703608,-0.4607444,2.5590699,0.95121145,0.7176171,-0.15373722,0.06815284,0.053186715,0.87070525,2.3129346,0.20753449,1.8052242,0.6912749,-1.442407,2.1746845,-0.496938,0.5467642,-1.8244973,-0.33266264,-1.7224069,-0.10129904,-1.2361941,-0.69323695
Leukemia_CGTTGGGAGGCGCTCT-1,-4.3726377,-1.0842837,3.99767,1.0041465,-2.651533,4.7746744,2.8992915,-0.92653173,-0.9898832,-0.88384,-1.0655414,-0.8995227,-1.5901555,1.6507702,1.8619219,-0.09958418,1.0182602,-0.9172072,0.31770557,-0.045022395,0.72488856,-0.13709643,0.677372,-1.1815265,-0.28776047,-0.88549083,0.46033928,-0.07936951,-0.10327735,0.47649032,0.5913337,0.5446244,-1.1060823,1.2747251,1.3079728,1.7216313,0.6250495,0.8176835,0.18929645,-0.03129861,0.8085125,0.94218796,0.3713174,-0.14195363,-0.5813159,0.9759219,-0.82831657,-0.78629255,2.2166123,0.54830253
Leukemia_CGTTGGGAGTTCGATC-1,-0.57010055,-0.9442851,4.6817656,0.95966727,-0.7686355,2.639998,0.8813742,-2.0373762,-0.117529444,0.65973705,2.1625195,-0.87089276,-0.5946169,-0.93656904,-0.19952372,-0.64962703,1.317376,-0.377461,-0.024156148,0.945526,0.36014745,-1.0760444,0.2567441,0.15143675,0.9503338,-1.4469041,-1.6635274,-0.9725165,-0.24721041,-1.0068028,2.6445875,0.94016474,0.97091347,-0.12628935,-0.84041667,-1.9571393,-0.5023677,-0.81335634,1.3956395,2.1010444,1.6067992,-2.260373,0.26016852,-1.3667833,-0.09989074,-2.25209,0.79235685,-0.41494074,0.8769402,-0.053288803
Leukemia_CTAACTTCAACTGCGC-1,-3.1022801,-2.8039505,3.7964342,0.21877286,-0.72435117,3.1227133,1.3179442,-0.060047824,-1.4971179,-1.0933386,0.51789474,1.80663,-2.1991496,-0.5981018,-0.26926133,0.10946424,1.8388374,0.67552984,-0.1455723,0.9015072,-0.38136193,-1.3598588,1.8552713,-0.101593465,-1.1171601,0.010123146,0.5020555,-0.07671768,-1.3321087,0.6031262,0.45812383,0.3062784,-0.33147204,-0.12363714,1.2176675,0.43603745,-0.95819014,-0.7046789,0.4155342,0.33482894,2.6051323,-0.75026417,2.0504189,0.1660387,-0.5178187,1.3193228,-1.5043539,0.9184144,0.9307718,-0.24140927
Leukemia_CTAACTTTCTCGTATT-1,-2.7568014,-1.4685355,9.539843,-4.733119,0.9837403,-0.9724768,-3.8275611,5.7502327,5.5810738,1.0847996,-5.888206,4.101434,2.7341628,1.2629675,1.1970179,-0.6324425,-2.0305576,-0.23654681,2.085029,3.8163729,-2.9086084,1.0692072,-1.4812572,3.1962612,4.8950696,-1.030906,-2.2683167,2.4825366,-0.37409583,-4.85369,-2.9941647,-0.093429856,-3.9524167,-1.1269764,-0.027836787,-1.1259567,0.8924614,1.7318248,-2.646704,0.37779707,-0.50248086,1.0660815,0.42100468,1.4202687,2.097532,-0.74320096,-1.026104,2.5716703,5.5318394,0.8072934
Leukemia_CTAAGACAGAGTAATC-1,17.564724,-1.5529742,-3.3090093,-1.1766387,0.8299483,1.5333432,-0.40794417,-0.25959367,1.5855548,-0.20968144,-0.70213664,-1.194484,0.89332706,1.9943787,0.49106318,-0.7653588,-1.437791,0.66646606,0.69979835,0.2379815,-0.052759226,0.89457315,1.1319445,-0.5841201,1.4291157,-0.84862465,-0.16783774,-0.2748015,1.1405885,0.77804923,0.099142864,0.35583076,-0.63685197,-0.25273407,0.34452304,0.017112268,-0.12907182,-0.79877293,-1.0185643,-0.2870791,0.33182117,-0.062581465,-0.12225699,0.39690688,0.22326262,-1.0736421,0.6231818,1.3082174,-0.19517751,-0.10908255
Leukemia_CTAAGACCATGCCTTC-1,14.942762,-1.4496568,-3.3323574,0.092067935,-0.31579086,1.2541748,0.41047272,-0.49600038,0.10425708,-0.39844394,-0.90322375,0.11950368,0.6279048,0.80521894,-0.11925136,0.75723,-0.060976703,0.8282163,1.0069574,-0.45014,1.900719,-0.11240875,-0.541405,0.17060147,-0.13927712,0.4177242,-0.940999,-0.028167954,-0.52131873,0.658572,-0.4334118,0.47179827,0.40036967,-0.028049827,-0.38047498,0.29582602,0.564479,0.40652597,-0.63600165,0.6025269,-0.66359043,-0.071123175,-0.7191294,-1.7280501,0.18896993,0.10114009,0.5575212,0.9415984,-0.31319556,0.6288989
Leukemia_CTACACCCACTTAAGC-1,-1.6158187,-0.55214995,4.2840867,1.6998925,-1.4274018,0.77663237,1.7685142,-0.014281623,-0.23682944,-0.7895343,-0.34173614,-0.58877856,-0.5765816,0.23500875,-0.86135584,-1.1624663,-0.68351483,-0.12203161,-0.65306693,0.4107991,-1.2126417,-0.08971988,-1.1399481,0.17285568,-1.8397125,-0.46530917,0.4551243,-0.106514014,0.30525717,0.5942575,1.2893035,-0.14060406,0.44437167,-0.5280435,-0.60859305,0.49709305,-1.2569646,-1.8830942,0.09971917,1.4358417,1.0396328,0.51258135,0.59943,-0.3206455,-0.029977292,-1.207082,-2.311767,0.5383738,0.4123718,0.735112
Leukemia_CTACATTAGATATGGT-1,17.571999,-1.4552759,-3.0794487,0.20208676,-0.3186584,1.2671078,0.739938,-0.42975256,0.09753319,0.07263518,-3.0971308,-1.5325394,-0.38178027,0.26156735,0.8848469,-0.46425372,-1.1290941,-0.57476676,-0.9405857,-0.3723311,0.6929032,-0.27393985,-0.40807968,0.18640941,3.0530143,-0.6052981,0.4664122,-1.7864847,0.03991321,0.28060973,-0.92760223,2.022169,-1.4896668,-0.2624912,0.7504417,-0.4468169,1.963086,-1.0473454,-0.9704119,-0.58427674,1.0428602,0.7636531,0.39676186,1.2276788,0.79333395,-1.6510361,2.2770183,-0.3981422,0.6076987,0.63967216
Leukemia_CTACATTCAACTTGAC-1,-4.477508,1.6989249,4.454494,0.045892276,-1.9332957,4.1733994,2.352525,-0.9452632,0.878447,-3.749243,-0.32924983,-1.3675547,-0.4414285,2.9758267,2.6992984,-2.8974197,-0.111215234,-0.9030424,0.22769086,-1.5742596,-0.22508919,0.84243256,0.071035914,-0.064566396,-0.46846983,-1.2474713,0.20932508,2.6430213,2.3246994,-1.1897111,-0.09973246,1.2642908,-1.6825986,2.5302806,0.9812492,0.87234247,-0.4050573,0.42606944,0.11062277,-1.7347655,-2.120786,2.5354853,-0.9212857,0.39268306,-1.0212005,-0.08879204,-0.06281728,1.0760186,1.519322,-0.15672542
Leukemia_CTACATTCATGCCTAA-1,2.4931417,5.0492043,3.2860339,0.503267,0.2765525,-0.02018426,-0.14455685,0.5291279,1.0232049,-2.2169473,0.8302897,-1.6652813,0.26922646,1.9146245,1.7806046,-1.8391261,0.5879118,-0.6784177,-0.48716375,-1.8542886,0.4805123,1.5890919,1.7588193,0.72408426,-0.4296341,1.8646022,1.1887903,1.583428,1.7026339,0.7401254,-0.16504996,-0.1597506,-1.4375893,0.1897609,0.94234794,-0.20210369,-1.7270212,1.7778549,0.5788162,0.105185695,1.4862728,-0.46634027,1.3086601,-1.0189291,0.72136086,-0.27902016,-0.17571622,-0.29400033,0.8974053,-0.5936921
Leukemia_CTACCCATCCCAAGTA-1,16.053093,-2.012411,-3.0218103,0.7506074,0.047675885,0.21561271,-0.24441868,-0.71435255,-1.0851144,0.0984078,-0.4961735,-0.2807267,-0.7034371,-0.3970855,-0.80488783,0.68822324,0.19688441,0.28511667,-0.56294477,-0.7531494,-0.043286532,0.016601272,-0.83486116,-1.8215339,-0.11459664,-0.32320365,0.533689,1.0073533,-0.7266745,-0.59935933,0.91239995,0.19002886,-0.0670205,0.31782797,-0.019085247,0.65139806,-0.5436143,-0.35540077,-0.005538889,0.9550297,-0.23282185,-1.1345466,-0.10269479,-1.7029288,-1.176722,0.094281964,-1.8549604,0.3433585,-0.30960184,-0.7856113
Leukemia_CTACGTCCACCTATCC-1,16.5566,-2.0173025,-2.2773018,-0.18500146,0.24600264,0.37651637,-0.7865588,-0.6234638,-0.09923577,-0.00642038,0.85330296,0.08263698,0.29700822,-0.51515543,-1.1599475,-1.22373,0.48597458,-0.06203767,0.90371716,0.6114683,0.24976437,-0.5489836,-0.8035537,-0.43922505,-1.5510712,-0.070968315,-0.61821324,1.8410928,-0.9873805,-0.38197795,0.6260497,-0.26725802,1.1766211,-0.18234237,-0.80056006,1.0028431,0.36229232,0.965324,-0.619487,-0.4184848,-0.6731575,0.5463591,-0.97142375,-1.1088434,-2.4975576,0.96545774,-0.9494689,1.0879374,-0.35822657,-0.70481074
Leukemia_CTACGTCTCAGTCAGT-1,-3.233946,5.7493563,3.3726885,1.4486523,-0.997101,3.9626803,3.6138258,0.2640673,1.8029988,-3.6036038,-0.2272529,0.16121553,-1.0142254,1.0914004,0.0763102,-0.8775217,1.6280985,0.42674974,1.1337713,-2.053697,0.33084178,-1.3639104,-2.4441178,-0.7487047,1.5346806,0.6604831,-1.108559,-2.3243976,1.3210053,1.4440407,-0.33857065,-0.38976997,-1.5600725,0.1672065,-1.8823559,-0.23149909,-2.0999393,1.2977662,0.11213777,-2.4975188,2.0079286,2.0402339,2.4587133,1.3157568,-0.2658308,0.6304018,-1.1548615,2.3398247,-0.19879796,1.0979427
Leukemia_CTAGAGTAGTCATCCA-1,1.5990014,0.9378904,1.2689679,1.2540017,-1.3470922,1.2203918,0.59083503,-3.1914766,-1.3334115,-0.00611005,-0.60981935,-3.758068,-3.1585715,-2.0657437,-4.201,-2.1888657,-0.4957235,-2.524297,-2.4779994,-7.7496147,9.531222,11.166496,10.172856,-4.7046356,-6.4021754,-3.468988,9.399983,15.992743,4.2497907,4.9134903,-3.997014,1.8679212,2.4398673,5.6986923,16.493698,-0.492319,11.37661,5.622904,17.079603,9.969782,-10.587128,7.476406,11.187945,11.302057,1.1070001,0.67645234,5.09173,-5.081174,-5.108127,0.47072288
Leukemia_CTAGCCTCAAGCCTAT-1,15.963172,-1.2723031,-3.4600782,0.52167934,-0.801023,1.9506332,-0.08825844,-0.6090001,-0.0987744,0.5524623,-0.54492533,0.56574064,0.3784494,1.1554077,1.0345955,0.13109906,-1.0558152,0.19199535,0.1340616,0.9696494,1.2280675,-0.9807873,-1.2149138,1.039218,0.6784579,-0.70730734,1.0280101,-0.50224817,0.04289767,-0.06329368,0.006936921,0.08011307,-0.27802882,-0.33907482,-0.555768,-0.3371532,0.16687524,-0.4727833,0.8709723,0.24591678,0.14861387,-0.29636905,1.0724094,0.28385836,-0.1153459,-1.0080062,-1.0607804,0.4285181,-0.7941252,0.30132702
Leukemia_CTAGCCTCAGTGAGTG-1,15.353198,-1.2800401,-2.5043023,-0.36876833,-0.026068017,0.15021838,1.2599508,0.35411564,-0.12384159,-1.0296913,-0.42769384,-0.36278605,0.9802645,0.29246294,1.3953836,0.85962343,-2.2558708,0.844038,0.7841366,-0.10200929,3.9484563,-1.794636,-1.205095,2.8873622,0.56050944,1.2341088,-0.8688808,0.7481596,0.87076885,-0.36709705,-1.8226818,0.19811974,-0.062888764,-0.26895386,0.43474555,0.056598473,0.17297977,0.6556242,-0.22111863,-0.29603076,-0.04855734,0.45311114,-0.5986003,0.9527131,-0.34406668,-1.0447206,-0.17568673,1.3125572,0.63673645,0.77661145
Leukemia_CTAGCCTGTGATAAGT-1,6.911874,2.273666,1.9193306,0.55363697,0.094191924,1.6033114,-0.14173481,-0.074787945,1.0252318,-1.4790586,3.7276573,0.9377337,4.1584115,2.2765465,0.14895298,-1.6692793,0.68620455,0.8310152,1.6478119,0.33901918,-0.33650702,-1.3483485,0.8087464,0.41505677,0.7181845,-0.2534258,-0.49935663,0.8748697,1.231555,-0.48781,-0.72903466,-1.4833572,0.33821005,0.782267,-0.28416902,0.17903173,-0.46512976,1.145679,0.8432292,-1.7182252,0.1457751,0.42678455,0.2721821,-0.88090193,-0.26961944,-0.6143787,-0.83743715,-1.9392347,1.3686324,0.3162548
Leukemia_CTAGTGAAGTGGACGT-1,11.953215,-0.75536615,-1.1745356,1.0201707,0.22147298,-0.75090164,1.6360111,0.9835776,-0.64157784,-2.549226,-3.1896765,-1.015841,1.1737697,2.301074,-0.33236247,2.250887,-0.92987424,0.070785165,-1.3083935,0.3180715,2.6269097,-0.97925156,-1.6923914,0.0854027,0.24395323,-0.29198486,0.10662728,1.4397352,0.92213535,0.054004956,-0.44784155,1.7361579,-0.36093956,-1.5979862,0.34356627,0.0715203,0.1828524,-0.008732378,-0.112313084,-0.46454516,0.61626977,-1.1119609,-0.12765531,-0.1420099,-0.055226147,-0.19463843,-0.18024258,-0.018226676,0.95183426,-0.7451517
Leukemia_CTAGTGATCGTTTATC-1,-5.10397,-1.882056,3.0302162,-1.0481253,-1.8512046,3.8814342,2.1286745,-1.776481,1.7987102,-2.6362045,-0.39591575,-0.6878714,0.7582381,1.689267,2.9544857,-0.9447127,0.3234577,0.019708352,-0.4492908,-0.19356698,-2.3180373,-0.2228862,-0.38881037,2.8887138,0.36330616,2.8114095,-1.6137261,1.4292856,0.50498897,-0.25173146,-0.13551275,-0.49456987,4.2532086,-0.6580977,1.3256898,1.8928221,0.12666167,-1.4309591,-1.1631166,-1.1395603,0.09575727,2.8507147,-3.4828353,-0.5429016,-0.37050068,1.3829888,0.13981414,-0.21750998,1.4572085,-2.7637646
Leukemia_CTAGTGATCTTTAGTC-1,-2.128114,-2.7668438,3.7538698,-0.19620897,-0.43800062,2.2722905,-2.6394732,-1.4242963,2.119166,1.3599893,2.0736222,-0.8493889,0.5773185,-0.76998174,-0.16430037,-0.3318332,-1.5647413,1.0085753,-0.7436267,-0.71110314,0.32140943,-1.5635552,0.30710953,-1.2247638,0.22595982,-0.37824348,0.4205367,0.19332114,-0.65838,0.27382803,0.20009482,1.2322654,-0.80392873,-0.1402928,0.6342995,-1.1572808,-0.9821967,-1.144311,1.4672472,0.3973822,3.67037,1.201028,-0.37714508,-0.9646214,-1.4281737,0.10227922,-0.3895806,0.1621233,-0.27810284,-1.1894996
Leukemia_CTCACACAGTCGTACT-1,2.6688917,9.532878,4.1978035,-0.14876936,0.9433888,-2.417723,0.9022041,-2.3406222,-1.9081212,-1.0907078,-0.10247432,-1.9364389,2.0310667,-1.6920928,-3.5539174,-0.62322646,0.76375985,-0.13480997,3.1019878,-2.187245,0.5316786,1.1696717,-0.65333253,0.048395116,0.5244294,0.59560025,-0.29382923,-2.2370553,-0.8446795,-0.7559779,0.5796638,2.175038,0.63886267,-0.998492,-1.6103182,0.070804834,-1.5207148,2.5024054,-0.000846047,0.30097392,-0.30514416,0.9527868,-0.7748235,0.9313014,1.295506,-1.1245207,0.03681207,-0.022706164,-1.1117313,1.7912691
Leukemia_CTCACACCAAAGTGCG-1,-3.4411411,-3.7943819,6.658482,0.3073209,-0.297512,1.3793594,-0.09382456,0.073189154,0.8681935,0.3698676,-2.5033526,1.0827761,-2.9327621,0.6100438,-2.2073932,1.9210533,-1.5650511,0.62924397,1.3729277,2.9005833,0.37027353,-0.9581562,-1.2051493,-1.2151618,-1.1356442,-0.22934736,-0.99206173,-2.0949597,-3.7610745,0.5391603,-1.5117607,1.3404748,-0.51865476,-1.2780472,0.74517846,0.7198285,-2.2651892,1.412828,2.5749686,1.7191043,0.53596497,-0.37076983,-1.6514543,0.49534792,-1.8661269,0.7585179,-1.502916,-0.10670676,-0.9365743,1.934515
Leukemia_CTCACACTCTCATTCA-1,-1.4515408,-1.6851132,3.3763285,-2.0358202,0.363306,5.6028323,-2.2344377,-1.4994925,1.0340948,0.49010992,5.49487,0.79391694,1.817319,2.4496934,0.2211346,-1.6941017,0.45112908,1.1310328,-0.09384473,-2.1362536,-1.6875533,1.6929798,2.0158467,0.6207568,-0.80226696,-0.91501975,-1.4765161,2.2666018,0.43431374,-1.3260957,0.42842194,0.43544906,-1.6555247,2.1721108,-1.986333,0.5698454,0.068654254,-0.9888166,-1.2984946,-2.1535037,2.197047,-0.8000069,-0.23527311,0.35215682,-1.499234,-0.45648566,0.538371,0.6906526,0.38263693,-0.7080165
Leukemia_CTCAGAACATTCACTT-1,13.189314,0.4322994,0.071533434,-1.4080831,0.42058933,0.15947536,-0.6586841,0.9650819,1.2308801,-0.54350406,1.569278,1.6227049,2.0919292,-0.2113658,0.07497421,1.3812969,0.740895,0.83273923,-0.47514024,1.6333288,1.0351738,0.5416685,0.23862393,-0.58488756,0.26283938,0.84339637,0.978273,0.27301937,1.6472491,-2.1931303,0.197182,-1.2527194,-1.3423918,1.08488,1.3302323,0.8484781,-0.32865027,-0.06287167,0.19131407,0.8851632,0.08518202,-0.4284545,1.0887368,-1.5756884,-1.0197028,-0.26280168,0.23992102,-1.5858508,1.1091423,-1.569364
Leukemia_CTCATTACACAGAGGT-1,-1.9666712,-1.9657679,4.506352,0.636453,-0.28223073,1.9165384,2.4122965,-1.328485,-0.0072939266,0.625952,-0.08153534,0.8201663,0.13656743,-0.386275,0.13091554,0.098420165,-1.2186408,0.64778906,-0.9771836,0.59679395,-0.2323867,1.2352809,0.6982081,0.9484808,-0.56219375,-1.0195848,0.9379028,-0.7464162,0.28209195,-0.6920344,-1.802315,0.1380706,-0.57584435,-0.00936182,0.28942624,0.6965506,0.24908386,0.5416896,0.24248731,0.076190054,-0.29403716,-0.13493738,0.014921141,0.3097343,-1.3525394,0.6036368,1.0801109,1.6369048,1.0034031,-2.9675455
Leukemia_CTCATTATCGCGCCAA-1,0.8695501,1.3743098,5.590805,0.5701306,-0.13483028,0.53651136,0.82980496,-0.39292425,-0.15717033,-0.20892625,1.4422876,-0.2257827,1.3360382,1.0155712,-0.1236305,-0.29517445,-0.4627552,1.014858,-0.7506936,-1.8717135,0.05940828,-1.4118391,-1.2103333,0.5364064,0.77242357,1.3435562,1.988927,-2.1099656,-0.37367618,-0.39179397,1.3281052,-0.21917166,0.41331452,-0.00918294,1.3245567,-0.505716,-0.1776072,-2.3862357,-0.00056372315,-0.5177603,0.19962415,-1.0284458,0.62475073,-0.647738,-0.44213006,0.18209629,-0.7948474,1.7846856,1.9663811,0.8124698
Leukemia_CTCATTATCGTCCGTT-1,-1.1022981,-1.992343,6.1798663,-0.049751602,-1.7167819,-0.3226392,0.959325,-0.6023834,0.40329108,0.7000019,0.87613565,1.1324254,-0.19120431,-0.33402464,0.32864437,-0.35623342,0.009590053,-1.5248197,-1.9556689,-0.2967042,-0.8851193,-0.08234948,-2.1750817,1.3912289,-1.541905,-0.5073639,-1.153506,0.8089695,0.1608117,0.97838855,-1.1374514,0.34651738,-0.63585955,-1.7941322,0.19664961,-1.6325045,0.73041874,0.31400704,-0.061589956,0.33952406,-0.5113202,0.49873313,-2.2741144,-0.090492606,0.16765761,-0.12468543,1.4045454,0.010122061,-0.029620232,-0.36458057
Leukemia_CTCCTAGTCAACGCTA-1,-5.4938874,-1.1432434,4.704783,-2.8313386,0.7389178,5.474525,0.63132393,-2.1244192,4.015819,-4.816583,-2.9436543,-1.0003504,2.7023962,3.3907735,6.255322,-0.9290448,-2.7493963,1.0849994,-0.78507996,0.9204916,-1.3100036,4.0950165,0.8225546,3.3953905,-1.4267466,-0.11802569,0.08843238,0.22090001,0.82173645,0.67311376,-0.4337171,1.3792435,-2.705823,0.49931628,-0.4293272,0.35864267,-1.7076224,1.0929108,0.57123256,1.2625828,-1.1960964,1.6952891,3.5901046,0.76425695,-0.7231616,0.37284353,2.7318945,0.37088448,-2.4509773,-0.798579
Leukemia_CTCGAAAAGACACGAC-1,14.906275,-1.2754204,-3.1704073,-0.3042857,0.07047377,-0.037825067,-1.0494415,-0.59210306,0.07048227,0.28198105,-0.46273687,-0.84900475,-1.0199834,-0.25310507,0.40480408,0.9350364,0.48764414,-0.33290476,-1.3067056,-1.0383403,-0.2531514,-0.04918917,-0.51900595,-1.4247575,-0.23700577,-0.24733604,-0.22241223,-1.5792696,-0.94888824,-0.21869105,-0.25702572,0.31353587,0.39559412,-0.79927456,0.39126602,-0.30105442,-0.47199592,0.3092328,-0.6249735,0.8575644,-0.14900307,-1.4048185,0.09481141,0.025439585,0.21262017,-1.276654,0.2363671,0.30383512,-0.50799495,-1.6044463
Leukemia_CTCGAAAAGAGGTTGC-1,10.681771,0.08776591,0.07540996,0.68464726,-0.6393861,-1.1235657,-1.3933265,0.82046753,-0.09202938,-0.41120088,3.1025383,1.0419465,0.35215417,0.6311614,-0.31037638,-0.14901954,1.04358,0.17667924,-0.3417849,-0.2571787,0.7147701,0.9542435,0.8447275,0.57527626,-1.63434,-0.5932342,-0.38214338,2.1241665,-1.7710413,0.03972106,0.961034,-1.0383976,0.46879557,0.09191119,0.107857704,1.6222409,0.5377204,1.3975991,0.29442894,0.14924794,1.1109648,1.0682294,0.26868457,-3.0234706,-0.5570145,1.2117133,-0.03331368,-0.012282344,0.27053294,-1.5831325
Leukemia_CTCGAAAAGTAATCCC-1,17.79236,-0.9039648,-3.221209,-1.3121278,0.3416541,2.1925268,-2.100928,-0.7773909,0.6168267,0.77563035,-0.09477708,0.3290969,-0.28989455,0.27459955,-0.6707829,0.08863967,0.99891746,0.6521874,-0.058594294,1.1398911,-0.5132881,-0.033193883,0.5789205,-0.9012105,-0.9414851,-0.4441918,1.4529269,1.0500296,-1.3185602,-0.6810724,1.2396466,0.24794772,0.8965902,0.12540644,-1.0357745,1.2018389,0.05808909,0.43934792,-0.60494035,0.5092347,-0.08556349,-0.46627045,-0.22959755,-0.46138284,-1.5455036,0.35901308,-1.997188,-0.77382076,-0.50772244,-0.8641873
Leukemia_CTCGAAACAGTCCTTC-1,-4.9700065,-2.3040993,2.3572967,1.6582217,-0.70058924,2.8289335,2.1074278,-0.5455095,-0.79248035,-1.0799643,-1.1938901,0.59869343,-1.1979816,-0.66070026,-1.0317273,-1.0057158,1.6270913,0.3732386,0.99122876,1.5514072,1.4821906,-1.5584059,-1.6195494,-3.3865767,0.9822814,-2.505744,-0.9080158,-0.4548244,-0.635612,1.9679796,1.407842,-0.0034036178,1.6773968,-0.7306777,-1.396216,3.3446023,-1.1298718,0.094465025,-0.14636052,0.6163358,1.3092313,0.15889446,1.8049719,1.8888866,-0.93703884,-0.9137527,0.19708441,-1.9114096,-0.831841,0.9462431
Leukemia_CTCGAAACATATGGTC-1,-0.25263357,6.6668763,3.5193877,-3.5802248,2.869684,-2.2404544,2.1995618,10.113246,8.838548,-11.065158,-3.4619555,15.872174,13.505865,-1.7406684,1.3701724,13.242257,4.8100004,-0.5468864,-3.4647896,2.150517,-6.3162513,-0.19192688,3.5054243,-9.411278,-1.3639879,-0.92640036,-0.17446046,-3.5825574,-5.482627,3.8653805,-3.988715,4.4052835,-3.390682,-1.4304695,0.12734808,-2.8897777,-1.8028811,-2.6224775,1.2382196,1.4806885,2.8852792,1.7450372,-1.5317591,4.0416956,-4.4515114,-3.2460456,-0.76161486,0.9438163,-4.824846,-0.6536581
Leukemia_CTCGAGGAGTATCTCG-1,1.2497727,8.315862,2.9705205,0.7466259,-0.41596502,-2.0602622,3.881427,-1.0240507,-1.7800932,-2.3106222,-0.13983636,-1.4676139,-0.11321564,-0.8628321,-0.7274034,-0.57210267,-0.5610315,0.8167878,1.5388601,-2.5351079,-0.66332,-0.45846894,-0.54246193,2.132753,-1.4090704,0.11200498,0.07354502,1.1675233,-0.53635997,0.331499,2.8076015,1.7231869,1.2132962,-0.13830353,-1.9337032,-0.12964976,0.6612692,2.0678182,0.32078087,-0.33564574,-0.8370725,0.7624609,0.44884884,0.9372577,0.49118367,1.0659621,-0.6946674,-0.008852703,-0.89051855,1.3289813
Leukemia_CTCGGAGTCACGATGT-1,-2.5565782,0.48413485,4.287388,2.3109655,-1.8331752,1.3625407,2.8283148,-1.287303,-2.9869666,1.0313433,-0.035671245,-0.04713795,0.0053369063,-0.45176974,0.24299681,-0.06812257,1.1604338,-0.31107274,0.5759397,-0.8169701,-0.9543023,-0.29287973,-0.27976006,-2.3010292,0.56097907,0.9691622,0.4541377,-0.3081624,-0.5087053,-0.88653725,1.7691997,0.37389556,-0.40792665,-1.5193448,0.7993014,1.2272407,-0.029797887,-0.75950795,0.45805982,-0.030412853,-0.33141547,-0.9016655,0.50440264,-1.3765757,0.62130547,-1.0879649,0.3994353,0.0447921,-0.2941147,0.56828547
Leukemia_CTCGGGACATTAGGCT-1,17.589085,-2.217631,-3.3630235,-1.1468754,0.5992472,1.3597188,-1.3635588,-0.8630083,0.37089443,0.30756313,0.8038415,0.8878231,1.2285578,0.24142787,-0.8140271,-0.38988414,1.1488497,1.6106333,0.7372886,0.46937415,-0.17210433,0.06040027,-0.32641575,-0.45136225,-1.2590187,-1.0842605,-0.30047116,1.5521505,-0.9466108,-0.8034594,0.70347595,0.2731169,0.042021286,0.4003487,-0.3477896,1.057117,-0.14087452,0.6265436,-0.41108698,0.06843726,-0.4567718,-0.24575596,-0.07815694,-0.5256329,-0.5864294,0.6614188,-1.8200585,0.5777777,-0.37902918,-0.3310358
Leukemia_CTCGGGATCTCTGAGA-1,-5.0393414,-0.3867118,7.9029675,-0.7863854,-2.4020145,9.093584,3.402355,-5.3942995,-2.1035848,-4.6539183,-3.743254,-7.2925305,1.7095655,-2.948935,0.41088808,-0.305861,-3.6509087,3.6180549,12.104386,-5.9940825,-0.23516762,-3.9236224,-16.097734,-14.95494,-12.031432,3.9215395,12.601706,27.746422,-10.468962,11.409092,-18.47759,-5.337161,-11.416929,3.1408215,-10.188678,-0.8330823,5.4027586,-5.282464,-14.274497,7.3980274,2.4549882,-6.837663,-6.284822,-0.29901186,-0.9326564,-2.8741703,5.8410954,1.761212,-5.9866986,-3.3370502
Leukemia_CTCGTACAGAAGAAGC-1,-0.32025644,-3.0040138,4.6451893,1.7498858,-0.046919756,-1.402699,2.8043594,1.2373977,-1.632911,1.4718828,-0.41339597,0.051769666,-1.2156067,0.574282,-2.4800622,0.8463801,-0.45351437,-0.103382595,-0.9323667,0.61183363,-1.4496619,1.381804,0.53396094,-0.55749387,-1.4907746,0.54351044,-1.025382,0.4684894,-0.7512096,2.0084221,-0.32719713,-0.3148271,0.548541,-2.1657972,-0.23962715,0.29341704,-0.30934238,1.5351704,0.79639757,0.1329408,0.88795155,1.5743935,0.69418913,-0.7257491,-0.5304565,1.0541089,-2.9112954,2.2426531,-2.7363591,0.52243584
Leukemia_CTCGTACGTGCAGACA-1,16.451853,-1.8604621,-4.7581205,-2.1778035,1.4609543,1.6473646,-1.4126323,-0.8772039,1.9490573,-0.74060553,-2.5955808,-0.4797144,-1.721476,-0.38804257,-0.22923887,0.7966626,-0.031615835,-1.4973216,-0.529439,0.95662117,-2.2641966,2.5317993,-0.6654585,-0.64118165,-1.864407,-0.61024916,-0.0853688,-0.5317027,0.025377188,0.7781215,0.97443783,0.09175704,1.4650394,0.06965269,-0.19175008,0.24386248,0.48174492,-2.2226303,0.7898043,1.8598914,1.0105826,-0.6496832,-0.19122638,1.7241054,-0.52736056,-1.9873778,-0.16755283,-0.059294846,-3.8083098,1.7021568
Leukemia_CTCGTACGTGGCTCCA-1,-0.041974172,-1.4447641,4.171387,-0.42285737,0.4414284,2.0816808,0.45575324,-1.4042896,-1.2786435,1.897262,3.2275615,2.1092262,-0.2463232,-0.6707388,-0.522071,0.21551226,0.98970336,-1.1559196,-0.13877527,-0.19725536,-2.8109512,-0.19821632,-0.7246815,-0.8947586,-0.02208183,1.5182201,-0.7075045,-0.94603294,0.14060116,-0.37337962,1.517375,-0.4002269,0.75508976,-1.1300128,-0.084762976,-0.61494154,1.4900674,0.10625228,0.23398755,-0.7511867,-0.68905705,-1.4115882,-0.20602818,-0.11029264,0.30659184,0.70553476,0.8570811,0.5236719,1.1786125,1.6949594
Leukemia_CTCGTCATCCGCAAGC-1,-1.4752538,-5.823661,8.613983,-1.1895002,-0.904425,-2.4338229,-3.9168978,7.817071,6.815432,8.716085,-10.583611,3.2206202,-1.871326,-0.1045964,-5.1928844,-0.25074866,-1.9186332,-0.023128467,2.044872,3.5267715,0.900054,-0.062013723,-1.1904706,1.1409107,-3.5636342,1.8049726,4.194189,-1.3998983,1.896052,-1.6138103,-1.9912835,2.5223043,-2.5028224,3.1614246,4.008051,-0.15402158,-3.3712025,3.3378093,-0.016906418,4.730805,-1.2034703,5.567595,-2.1340156,2.2644222,-1.7951607,-1.8473705,-3.5637708,0.9107985,0.6246007,-5.113506
Leukemia_CTCGTCATCTTAGCCC-1,-2.5164104,-2.9387226,5.35635,0.36859933,-1.770031,2.9346583,0.64051294,-0.73282665,0.5613408,0.9556811,-1.1151974,1.2480358,-0.88882416,-0.30362034,-0.07860419,0.36825576,-0.72111,-0.29215038,0.08704716,0.22800288,0.24696061,0.04793094,0.95072985,1.3001518,1.7617522,1.1672398,0.5524841,-2.4999933,-1.7032317,-2.0537453,1.0812762,-1.1010687,-1.828272,0.9156391,0.34731126,0.19411829,0.7121267,-1.7771528,-1.6593623,0.95255864,0.7874334,-1.1634016,0.6405769,-0.3349812,-0.99703616,0.3105038,-0.830552,-0.74531007,1.5793916,-1.7406601
Leukemia_CTCTAATAGGCACATG-1,-3.4652283,-1.5862288,4.116665,0.3330215,-0.8697939,0.10912662,0.9902103,0.5599705,-0.87920606,0.93224907,-2.173125,0.19376448,-0.31213266,-0.7686111,-1.8850178,-0.44554394,-1.0158534,1.0631278,0.63541436,0.81603694,-0.24155852,-0.9112726,-0.67913747,-1.430839,-0.6222012,-0.68091094,0.5270773,-1.0188162,-1.316021,-0.5460666,-1.2732074,-0.97275615,0.08613821,-2.704105,0.73420405,-0.6049613,1.558476,1.7617719,0.38384664,0.34023917,-0.49629954,0.38911834,0.814228,0.37726972,-2.4371257,1.6482136,0.31317776,1.5012206,0.465824,-1.7692913
Leukemia_CTCTAATCAGTCAGCC-1,-2.7069068,-1.3374931,3.8683472,1.4401474,-2.5079083,3.0952792,1.044561,-1.6321541,-0.97200316,0.5462791,-0.89381623,0.078375414,-0.46041507,0.50673234,0.53986084,1.3074714,-0.88699305,2.0397286,-0.522678,-0.19494134,0.38910887,1.064012,-0.40798563,-1.0532985,-0.083418384,-0.8931259,-0.4435723,1.6044605,0.6369269,0.74176645,0.355149,-0.7180557,-1.2997085,-0.70669466,0.021422656,1.5676764,-0.505959,0.7966341,-0.4797094,0.111594476,0.2244929,-1.1591798,0.054231815,0.54915106,-0.32773808,0.28920206,2.1012814,-1.2027062,-1.63206,1.0025635
Leukemia_CTCTAATGTTGTTTGG-1,0.13829271,1.333855,4.86838,1.276238,-1.1541737,1.5060581,1.0892935,-0.90400636,-0.26930285,-0.13725758,1.804831,-1.5228721,-0.5705443,-0.5350578,-0.1341648,-1.6656147,-0.74453,0.27569023,-1.0758481,-3.310477,-0.42867145,-1.0649056,-0.6807684,-2.1333246,0.48131612,1.3689963,1.291766,-0.0039199693,-0.050228145,0.11725421,-0.030686008,-1.2846045,-0.7515152,-1.0833569,0.9792367,-2.5707192,-1.3709784,-0.6822877,0.9836513,3.3891134,-1.0104252,0.26710635,0.6452748,0.9092296,-0.12102378,-1.2276777,-1.5310842,1.7816995,-0.26569003,-0.6281463
Leukemia_CTCTACGAGCTGTCTA-1,-1.7208083,-1.8096637,3.2996798,-0.72812545,-2.1186085,2.8645241,2.2899797,-1.2052292,-2.0407367,1.1533824,0.30565023,2.8019304,-0.8726806,-2.0200908,-1.9429064,0.19562283,0.3405809,-0.79906964,-1.0585566,0.8687829,-1.1480577,0.20628397,1.095363,0.5703519,0.57004815,-1.2822746,0.3393714,-0.2626274,-0.11085103,0.14633119,2.4324672,-0.49330986,1.5741425,1.1841955,-1.3139046,-2.2126606,0.6890747,0.68619996,1.7846917,2.7406216,0.5258702,0.5438749,-1.8276719,-3.2648559,-1.9731747,0.95552856,-1.0083014,-2.0230107,-0.8902826,-2.7688208
Leukemia_CTCTACGGTACCCAAT-1,-1.5622041,-1.3611902,3.076792,3.087068,-2.705557,-0.28019273,3.3761277,1.8694506,-0.36558548,0.8244455,-1.8247198,-0.3952031,-2.2445776,-0.031630807,1.1741397,-0.8498667,1.1152663,-2.1480668,-0.48345673,0.012504878,-0.55079967,1.5497506,2.4239287,0.96809304,-1.390105,-1.1149284,0.9672084,0.92880017,1.1118416,-0.77465224,-0.76494706,-1.1790149,0.23746568,-1.2075679,0.51621634,0.38442335,0.42192176,1.0198961,-1.2686763,-0.48190558,0.9018209,1.5194639,-1.1739322,-1.2159191,-0.31813148,1.3064344,-0.6895047,0.3326747,0.8054227,0.2874186
Leukemia_CTCTACGGTCCGACGT-1,-4.155098,0.018787947,6.4563804,-0.038975358,-1.6672542,4.4576335,4.2705956,-2.0059385,-1.0656531,0.7262846,-1.5099293,1.8111986,0.3504501,-1.6049836,-1.4682664,1.4926193,-2.8282259,3.2421904,-0.5726611,1.6494142,-0.9493153,-1.3618081,0.96306556,0.11829271,2.784843,0.8248731,-0.93982035,0.17375079,3.4610133,-2.1052623,-0.921387,0.6779058,-0.1252978,1.0634851,2.3355126,-1.699932,5.073528,-0.45111394,-3.0632377,-3.0758512,-0.80229664,0.11735538,-1.452916,0.27987453,0.933995,-0.1351861,3.1030207,1.388693,0.946625,1.8098718
Leukemia_CTCTACGGTGGTACAG-1,-1.6467063,-2.420588,3.8629098,2.21952,-2.5992968,1.5226971,2.5139434,-1.3747853,-0.5415824,1.5930979,0.4583752,0.1962832,-0.8378261,-0.688368,-2.0268939,-0.42307556,2.285402,-0.5660624,0.36562747,1.6612374,-0.7214719,-1.3408198,1.0647573,-0.69806373,-1.3407569,0.8648193,-0.40430042,1.9756932,-1.1950326,2.0951154,-1.3545823,-0.110075764,-0.80248386,-1.1773916,0.8936449,-0.7847269,-0.59437156,0.5585773,-0.0437518,1.14639,0.083348766,-0.92206,1.7150975,-0.2017762,-0.08146479,0.23383445,1.5688238,0.19729978,0.19569646,-1.3326987
Leukemia_CTCTACGTCAGTTAGC-1,10.86606,0.3963766,-1.0608908,-1.5041687,0.1331383,-2.0290675,-0.72845423,0.34710225,0.5574627,0.84019613,3.8487535,1.6884502,0.50907385,-0.31227398,-2.0942366,0.8728155,2.5986254,0.47017583,1.9756984,2.2862387,-1.6827068,-0.30459404,1.3292224,1.298617,-1.5459886,-1.9072723,0.24857058,4.279049,1.8521315,-0.6970713,1.0610964,-2.0173488,2.732553,2.4460027,-0.5102829,2.4847093,0.1831487,0.6099883,1.5814224,-2.1035547,1.5209199,1.5133165,-0.111621514,-1.5130824,-3.1178737,-0.1500908,1.898935,0.16184588,1.4053411,-1.0225098
Leukemia_CTCTGGTAGGGATACC-1,4.0613775,3.1929364,2.631038,1.9775738,0.030851183,-2.2053266,3.4607687,1.2022171,-0.59517425,-3.7152014,-1.3888916,0.91830754,0.8755575,0.47354573,-0.949553,-0.38164303,1.0868692,0.4698663,-0.7054476,-1.3391469,0.34774697,0.8381968,-0.33911932,-0.45592913,0.42682743,1.4223773,-1.7375652,0.31117192,-0.39925274,-0.677378,0.9782533,0.73628134,0.4237842,-0.7242612,0.13289218,-0.28779632,-0.088894725,0.59469104,0.46727103,-0.14033523,0.45449033,0.40210354,-0.27731895,-0.4878998,-0.6499241,1.331902,0.46716568,0.14680858,0.10414046,-0.5954657
Leukemia_CTCTGGTCAGCTGTGC-1,15.634052,-1.6210243,-2.1177468,-0.104337245,0.29909557,0.6459999,-0.43701223,-0.87336224,0.63153964,0.14682388,1.3586777,-0.45841664,0.48144385,0.017954173,-0.60316515,0.8343118,-0.1809856,0.8145405,-0.16911484,0.33576307,1.1410321,-0.5513286,1.0767738,-0.6626825,-0.828809,-0.5812328,0.9366086,-0.8210361,0.66709673,0.59398824,0.19851592,-0.37869298,-0.59901285,-1.1382538,-0.49074483,-0.20367344,-0.97917485,-0.44188693,0.67381567,0.6018693,0.8330952,-0.46458852,-0.43075773,-0.6502319,-0.9900041,-0.15424398,-1.2685246,0.33809328,-0.3508491,0.063872635
Leukemia_CTCTGGTTCCCAGGTG-1,-4.9936714,-2.3578644,7.766638,-5.2904105,-0.4140779,12.843498,-2.6458256,-2.5500531,2.9775531,1.9745815,4.10111,5.9298143,1.1213893,0.17885284,-5.7045784,-0.8043207,-2.9336667,1.2917595,0.6861607,3.6475277,-2.3364325,-0.31657904,-1.4111172,-2.8451316,-0.35844448,-0.13662952,3.23403,-3.5587034,-3.184027,-1.1922716,-0.8719106,1.499531,-1.2146916,-0.07684131,0.41430426,-1.5574359,-0.9756389,-0.9188034,1.0187975,0.78404826,-0.93966204,-1.778387,1.2561677,-0.2998383,1.3357177,0.8102384,-2.3744483,-2.4554157,-0.48481998,1.6904371
Leukemia_CTCTGGTTCGGCTTGG-1,-3.073405,-2.9388077,2.856666,0.84831214,-0.2555757,1.9727196,1.0739931,-1.2478377,-1.4001783,-0.8195664,-0.5153873,-1.1997863,0.047837127,0.46680707,4.340157,0.5518954,0.46708316,-0.8469462,0.011601341,-0.28618562,-0.63447195,-0.4867994,1.3801578,-0.2742529,0.4206031,-0.72228885,-1.369041,0.1950652,0.7798249,-0.40555945,1.6254293,-2.0860972,-1.580232,0.33584905,-1.4172944,0.8691411,-0.8322157,-1.3047429,0.8287163,0.49999136,0.5980768,-1.3704897,-0.7380075,-0.0079199495,-1.1534534,-1.1619512,-0.8253222,-0.5281474,1.3854871,-1.111345
Leukemia_CTGAAACTCGTGACAT-1,0.37084818,-4.479522,6.2364497,0.5829922,-1.8582798,-2.8843558,-2.9011323,5.549827,3.3265846,3.524289,-5.521052,0.20145224,-1.8131192,0.11776138,-0.27704927,-2.2817793,0.31485367,0.08282311,1.2069176,0.50750023,-0.46321693,-0.9984687,-0.9601982,-1.7078111,-0.13862617,0.79622227,-0.001143608,0.3477001,1.6597878,-1.474849,1.3133731,-0.32029015,0.38808247,0.7311312,-0.36627862,-0.45903352,-0.4285476,1.5545257,-0.099549085,0.9889071,-1.2170851,0.7035121,-0.014387101,1.4558997,-0.15532184,-0.22282237,-2.250157,-0.4646004,-1.370908,-0.92524046
Leukemia_CTGAAGTCACCGGAAA-1,15.90165,-1.9643513,-1.976103,0.4710795,-0.1700125,2.0376337,0.13618603,-0.27001444,0.24687529,-0.05091521,-1.1121094,-0.727483,-0.38156396,1.5031586,1.0731965,0.71461993,-1.3981827,-0.94912916,-0.30956173,0.7661797,2.0230546,-0.33249545,-0.7260801,-0.24110557,1.2207468,0.079845935,0.6291843,-1.6286768,0.26609775,0.66981673,-0.17331432,0.2702941,-0.65190965,-0.5571655,0.9032695,-1.033909,-0.21384148,-0.7812284,1.2417196,-0.08509257,0.5683835,0.26847288,-0.18261568,1.9545153,0.80476105,-0.017261766,-0.33069062,-0.5337216,1.0995221,0.9630004
Leukemia_CTGAAGTTCCGCGCAA-1,-6.2506557,-0.65877694,3.6277785,1.0561254,-0.9828288,5.9260316,3.171738,-3.2834785,-0.082267985,1.9347718,-1.446091,0.72071075,0.085729055,-0.76916265,0.78853357,-0.38003865,-0.27311546,0.17897516,-0.541127,-0.07207688,0.591739,1.3706195,1.6465148,2.948873,0.4672005,-0.042073555,-0.310186,-0.8822326,0.21483237,-0.49018112,2.1036441,-0.1989626,-0.19551279,0.88808566,-0.8896272,-0.035937775,-1.3368962,-1.219744,0.17799357,-0.9280803,0.9016503,-1.269466,0.97763044,-0.2671935,-3.8380458,0.3593043,-1.47353,-2.0803156,-0.38108215,0.621519
Leukemia_CTGAAGTTCTTGACGA-1,0.61662495,1.7219843,4.824097,1.2880632,-0.7119578,0.4214692,2.0326862,-0.38331726,0.9698708,-1.3919406,1.6810261,-0.7623396,1.2492493,-0.14988491,-1.259607,-1.6414452,0.02329809,0.572166,-0.29931706,-1.1747324,-1.4532967,-0.6615802,0.21481697,-1.2107751,1.6925144,0.5727604,0.7294272,-0.86124057,0.48200744,2.3633676,-0.64602757,-0.53455675,0.18841574,0.35346645,-1.6740314,-0.67495894,0.08506438,-0.036827046,1.1913731,0.7644363,2.5679326,-0.87853235,-0.29011393,0.7005386,0.31466314,-0.8920843,-0.19402042,-1.1743518,1.2690456,-0.48677433
Leukemia_CTGATAGAGACAGACC-1,-1.604985,-4.2560663,8.631029,-0.7948116,-1.8943589,-4.7079506,-6.046562,8.328685,8.708068,7.279126,-7.477452,2.0393867,-2.6950517,1.6808088,-1.5129926,-3.7259445,0.5959179,1.733976,0.8887281,-2.373564,1.3544725,-4.834693,-0.9580916,-1.1925324,1.1034445,-0.5040896,1.6076989,-0.5984409,0.053769164,1.6707401,1.4766153,0.82168806,-0.931141,0.8489261,-1.286143,-2.5978475,-2.8829436,2.1716614,2.0944955,0.9484372,0.9673028,1.3994392,1.6041667,2.850961,-1.5772033,-1.3344084,1.5503778,0.14250728,-1.8002748,-0.5414333
Leukemia_CTGATAGAGAGCTTCT-1,-6.388047,4.7142305,-1.9298738,-19.341099,5.2789755,20.608175,-14.946382,-2.5651665,36.565662,-20.78166,11.924336,-0.6349803,-43.64032,-14.122236,-9.059027,26.30261,27.661098,-12.905284,-0.25871888,-6.711283,16.691656,-9.660729,1.7412086,4.4486957,6.801721,3.9893398,0.48953438,7.072315,6.4067183,1.0547575,0.7084234,-0.14490673,-5.441514,-7.766852,-1.8066521,5.0316176,1.1745485,5.514859,-4.2445216,-0.06204284,-4.6866055,-2.1615329,-0.4803888,1.6661835,2.359128,-2.3664532,-1.4785297,2.0401096,3.6914196,2.0657163
Leukemia_CTGATAGAGTCCCACG-1,-4.4925184,-2.790146,4.473514,1.0183988,-2.116823,4.9360385,4.1158056,-3.1641517,-1.9394125,0.54392445,-0.6130726,0.23070146,1.1487182,-0.45766354,-0.037626024,1.158688,-0.48746502,-1.2796354,-0.06639086,-0.05150519,0.92698586,0.5476704,-0.03834675,-2.211689,-0.40203756,0.16727169,2.5977888,-0.47314173,-0.50006324,0.049887784,-2.4299324,-1.30794,-0.24554048,3.6150022,-3.7662344,-1.5008233,-1.4755276,0.90555775,-0.43421525,0.120292135,-1.3565962,-1.5975103,2.4836864,-0.075723924,-0.62339693,0.07987644,1.6424433,-1.682175,-0.5602899,1.4691428
Leukemia_CTGATAGTCCATTCTA-1,11.522546,-1.5986068,-0.7290227,1.1064631,-0.16716868,-1.6098801,0.5651759,-0.17489865,-1.1426963,-0.6645594,0.22846878,-0.20232871,-0.16218048,0.072169624,-0.6037449,1.1719801,0.2565942,0.29482415,0.14511256,0.76174855,0.82581013,0.4354599,0.4260436,0.055391017,-0.34974235,-0.2409029,0.43229595,0.7786635,-0.02944974,-0.6505078,0.9030037,-0.8400221,0.62969315,-1.2764713,0.79264754,0.5322576,-0.67767304,1.1023768,-0.64290845,0.7002217,0.53872186,-0.62537384,-0.15728353,-2.0603564,-0.50384706,0.11646218,-1.3529172,0.6931334,0.24693495,-0.5893549
Leukemia_CTGATAGTCTCGGACG-1,-2.4668522,-5.5701137,7.189011,-1.3213495,-0.88317615,-1.800783,-2.4888654,4.299324,2.2554433,3.2629638,-2.475284,1.0950124,0.038923465,-0.033659264,-0.15004249,-1.4629722,-2.840286,0.4447507,-0.3156121,1.1088545,0.8540577,1.3450217,-0.47841722,0.7610381,0.4026353,0.60321695,-0.39732516,-1.8440574,0.63967085,-0.9698534,-1.9328636,-0.7230141,-0.54309136,-2.369094,2.6418087,0.40118328,0.44219363,-0.4781813,-0.54877675,1.4358512,-3.44209,0.5485584,0.8563916,2.7585711,1.8040593,-2.749849,-2.129638,1.8395376,1.6661069,2.735269
Leukemia_CTGATCCAGACAGAGA-1,6.8765016,1.5278758,2.4741232,1.1919023,-0.5022373,-1.5607884,1.3917214,0.6179258,-0.26904353,-0.51877594,2.2663386,0.9595412,1.7974545,0.3276171,0.31297824,-0.44541472,0.5918702,-0.6109865,-1.0862232,-1.6670117,1.514225,0.5046337,1.0044925,1.133344,-0.17397292,0.42477402,-0.04851911,0.39969543,0.5453255,0.8302801,0.5140458,-1.1135868,0.55082303,-1.1693469,0.1308604,-0.3934017,0.24658321,0.4666007,0.06548025,1.2990588,0.30690962,-0.5900274,0.18905976,0.23545134,1.0537088,-1.4997939,-0.7537518,-1.6980494,0.46813974,-0.7302729
Leukemia_CTGATCCCAAAGGAAG-1,-3.361907,-1.8276311,2.4588282,1.4762524,-2.7973466,0.06926511,3.0823529,-0.60775787,-2.2863724,0.37467963,-0.8650276,1.538178,-0.5489731,-0.78979313,-0.31546095,1.6666008,0.4856195,1.0749631,-1.8888078,0.96580386,-0.29331926,-0.99213713,-0.56149614,-0.056316722,-0.039016653,-0.71796167,0.23337108,1.7954689,-0.33051738,1.7261541,0.57690454,-0.047449727,0.94047517,1.2553781,0.35277426,-0.39729786,-0.298358,-1.8857179,-0.30489197,0.36216652,1.2086476,-1.899971,0.75939494,-1.1579798,1.3494055,-0.25435537,0.2857552,0.8210943,-0.3419072,-0.59697986
Leukemia_CTGATCCGTGACCAAG-1,0.59952766,-2.104008,3.2174103,3.9692504,-0.99992955,-3.9373035,3.367348,0.5393962,-2.9012675,0.3473167,-1.0802737,-1.9527591,-0.6705584,-0.17334384,-0.3293077,-0.04434991,2.3602521,0.40057784,-0.639281,-0.06108854,-0.5666144,-0.7609558,1.3927366,1.4646488,0.24660516,1.1370665,-1.1788998,0.82528317,2.479006,0.30972806,0.77894175,-2.5181506,1.109614,1.2736157,0.3272664,0.13595152,0.53273547,-0.80778116,-1.7262385,-0.1767646,2.1518173,-1.4158187,0.38741663,-0.84923166,-0.9127965,-0.94705313,0.6144186,-0.08493879,0.07672907,-1.6696384
Leukemia_CTGCCTAAGTAGGCCA-1,-2.4333045,-2.889542,3.9489508,0.98250765,-1.6653023,1.7663587,2.4947538,-0.578624,-1.4172201,0.64257973,0.2929535,-0.95232844,-1.1496961,-0.669467,-0.3730254,2.383954,0.9002697,-0.61379504,0.6807744,-0.6957085,1.1817485,1.736345,2.6160998,1.6912056,-1.2891179,0.35130164,0.011055212,0.39470944,0.8644713,0.3924159,0.2788324,-0.27285868,0.40416476,0.09482944,-2.1523652,-0.6543067,1.907231,0.40560496,-2.4071033,-1.0427275,-2.8340359,0.30499232,1.8160973,1.5630034,-0.67673355,0.33461714,1.7035762,1.9884248,1.1678386,0.015642364
Leukemia_CTGCCTAGTACTCGCG-1,16.786755,-2.3194253,-3.0993075,0.8651808,-0.3929283,0.55563253,-0.30914652,-0.3158325,-0.6961108,0.9502515,-0.18850654,0.15340991,-0.6560056,0.2888043,0.14405757,-0.21387388,0.25194776,-0.14156389,-0.9404596,-1.0745484,0.015662283,0.12997647,-0.71902573,-0.32316035,-0.21702981,-0.11008052,-0.08485868,-0.8030572,-0.51841235,-0.06737443,-0.013426312,0.85426533,-0.04059944,-0.19989556,-0.44870988,-0.019045815,0.30462897,0.14321455,-0.037529044,0.4452404,-0.84638965,-0.3199361,0.25514257,-0.2356051,0.18661891,-0.114770256,0.06478244,0.23146042,0.08378649,0.017441135
Leukemia_CTGCCTAGTTCCACTC-1,-0.073488966,-1.2757794,5.452229,1.9176346,-1.287644,0.13666767,1.5620538,-1.2815651,-0.82454723,-0.9836302,0.34902492,-0.83384365,-0.66760594,-0.16990817,0.1888417,-0.37790337,-1.006011,0.15498973,-1.0546821,0.6689895,0.040511552,-0.46453565,0.2530996,0.48893604,1.241761,-0.34031832,-0.32354215,-0.92697155,0.8465384,1.2496876,-1.1043733,-0.06708763,0.7816057,0.3045007,0.20838828,0.36139816,-0.8085534,-1.4560148,0.47229746,-1.6200749,0.6357459,-1.0930339,0.95075744,-1.2547687,-0.08135394,-0.46458352,-0.021730758,-0.07449916,-0.16676888,-0.18430701
Leukemia_CTGCGGAGTCTCAACA-1,3.872234,4.2141905,2.8407218,-0.0047649257,1.1425691,-0.5541654,0.1027517,1.0479646,0.8446266,-1.6903155,3.7684662,-0.4696715,1.7416022,-1.8473854,-0.4335964,-1.5466985,-0.4044743,-0.74699634,-1.5687577,-3.519007,-0.49623802,0.9307923,-0.36210796,-1.4553523,-0.41686133,-0.3113897,0.36626258,-1.0029681,1.2077776,-0.141505,0.125101,0.23206656,-0.53683853,-1.4989741,-0.12746458,-1.6867805,-0.0058447323,1.4172944,1.047303,2.7528334,1.6004633,0.32460713,-1.0319496,-2.4982748,-0.9260229,-1.1523471,0.85810244,1.4396678,-2.559253,-0.15315007
Leukemia_CTGCTGTAGATCTGAA-1,1.2378584,-0.7607847,4.193964,-0.107498,-1.314339,-0.06564994,2.547681,-0.08514568,-1.4743143,2.4534945,2.7793937,4.145241,-1.4379184,-1.1231077,-1.3242098,0.005345606,1.425855,-1.306145,2.0713942,1.5317675,-3.6522367,0.73890036,1.4405992,1.4180809,-1.8090739,-0.43909487,-0.83235085,1.4622449,0.47938386,0.4155719,-0.25709218,-0.4763213,-0.13371779,0.421352,1.6258153,0.49225935,-1.251815,0.33849984,-0.16671214,0.09450824,2.0413456,0.86388487,-0.5889429,-0.8300653,-0.4170408,-0.19144784,1.3099324,-0.40728796,-0.12935412,-1.3691462
Leukemia_CTGCTGTAGGGCATGT-1,-0.76621354,-5.967038,7.536172,-0.3466322,-1.0464321,-2.814071,-2.9183083,1.4602123,0.45194465,1.8102895,-2.8139763,0.33239815,-2.4581082,-0.9733422,-0.36717412,-0.9702435,-2.941806,0.6009841,-0.072877005,2.9091976,0.07868303,2.0712302,1.9193908,2.0723429,0.48332283,1.2799896,-1.9821553,-1.4274955,0.46098292,-0.41758016,0.5965634,-1.2356255,-0.34902337,-1.6164546,-0.3347522,0.41322255,-0.6748606,-1.4840796,0.09517466,0.80798346,-0.5979741,-0.32089922,0.83284515,0.9192137,-1.0348392,-0.14680603,0.030834366,-0.25953463,1.7500732,2.1800048
Leukemia_CTGGTCTCATCACCCT-1,8.194013,0.9306637,2.3237078,-0.83544576,1.6073408,0.2330777,-0.18095198,-0.8288123,0.9786108,-0.72894156,4.485369,-0.26387408,2.8299704,-0.1777968,-0.67888105,-0.416145,-0.5876408,0.80989724,0.59150285,-0.59688187,0.04230654,-0.32359582,0.2960275,-0.1069713,-0.24871427,1.5044615,1.3510467,0.6267752,2.5546198,-0.85757095,-1.473095,0.06093587,0.82852006,1.4941001,0.63825035,0.80441684,-1.0780357,1.2677449,0.8444433,-0.54072523,0.33611515,-0.96494204,-0.30977893,-2.5622084,-0.28684267,0.003055422,0.8414358,-0.33623686,0.39190397,0.40913764
Leukemia_CTGGTCTGTACAAGTA-1,-2.6024742,-3.4709315,4.570504,-0.30235153,-0.22422573,0.2958927,-0.8367168,-0.0487268,-2.2136312,1.1637175,-0.33483464,0.015796602,0.04437656,-0.62143385,-1.851863,1.4653711,-0.22041957,0.77579343,2.6411064,1.1375209,-0.5606268,-0.012072682,-0.9725259,-0.7215764,-0.0015937525,0.57412493,-1.5331501,-0.78209376,-0.46773553,0.41044477,-1.2878753,1.3989764,-1.4632943,-1.0787729,0.15947491,-0.54345226,0.45617926,0.954433,-1.527941,1.7231246,-2.441658,0.52023524,0.24697754,-0.47109783,0.4642196,0.9494929,1.349713,-2.0410113,1.2518852,1.0551472
Leukemia_CTGGTCTTCCTTGGTC-1,-4.6241107,1.9658033,6.5594153,2.646679,-3.0391812,4.526266,3.4721463,-3.526403,-1.1407686,-0.6113808,-0.043291148,-1.1918527,-0.09175461,0.470275,0.8930623,0.67857546,-0.4782679,0.8376627,1.3980241,0.073670454,0.35182276,-0.7912701,-1.948012,-0.523462,2.3387153,0.46986672,1.2105422,-2.415336,1.2414953,-2.9591658,-0.012394629,0.24835317,-0.049316425,0.6140004,-0.69800115,-2.4689777,-0.7521434,-1.7212052,-3.076993,-2.483496,-1.3091288,1.2839059,0.54568815,0.9988014,0.33836117,-2.3342278,-1.8540574,-0.8173382,1.2150911,1.5650796
Leukemia_CTGTGCTTCTCTGCTG-1,16.1322,-2.6261995,-3.4367023,0.50538605,0.529033,-0.0682365,-0.72525245,-0.9173022,-0.99775463,0.7333417,0.48702154,0.47924855,-1.0262351,0.8128315,-0.7261003,-0.979246,1.6671972,0.95483744,-0.09426299,1.5883787,-2.073588,0.12052908,0.94904494,0.31325805,-1.4839876,-0.5108225,-0.14924341,1.2721366,-1.7561775,-0.12275135,-0.13523841,0.3821035,0.85236824,0.06351486,-0.67954296,2.319404,0.22226678,1.2657596,0.7056414,0.5098818,-1.194867,0.6699064,0.35296705,-0.85846317,-1.6650817,0.53892404,-0.9771884,0.76538426,-0.08717018,-0.5909656
Leukemia_CTGTTTACAAGGACAC-1,5.484214,3.3409889,1.3108156,2.6887631,-0.45228326,-1.6760606,2.3792686,1.0110813,-0.07866596,-2.8656435,0.35611704,-0.5476883,0.9167769,0.6252403,0.2635401,-0.024062086,0.64089525,-0.6862202,-0.022769127,0.15573725,1.2185278,0.48372227,0.534745,2.0901015,-0.39541364,-0.06934516,-0.33616024,0.29163277,2.066704,0.47593048,1.400356,-1.0227207,-0.19700688,-0.6298363,0.22824658,0.15639204,1.0356134,1.464191,-0.79520047,-1.1331767,1.2329952,1.304594,-1.6178994,1.1121815,0.5782161,-1.0272608,-0.0059853294,-1.2352035,0.39541075,-0.013939107
Leukemia_CTGTTTATCCTAGGGC-1,1.9358197,7.610181,3.9448292,-0.53944623,1.3122938,1.1402888,0.082194485,-1.9776474,-0.9142669,-0.16798668,3.7226489,-0.72688466,0.49749702,0.94011897,-0.28622842,-1.788108,0.70780987,1.7788935,-1.0016043,-2.394733,-0.19251615,-0.5531802,-1.0019135,-1.5960137,0.91543436,0.99724257,0.095392704,-1.9234313,0.7229622,-0.22622778,0.9367712,0.27979326,-1.1810964,0.1895109,-1.1337055,-0.017462159,-0.95276916,0.1603636,1.4628701,-0.5441657,0.71133137,-0.6534706,-0.8520792,-2.0775092,0.36037302,-2.0687137,-1.7679172,-0.029512895,2.0848544,0.7984018
Leukemia_CTGTTTATCTGATACG-1,-2.0042503,5.771812,4.22152,1.2709049,-2.3266249,0.86181134,4.877318,-1.3965644,1.2909342,-3.6071486,-0.82642424,0.45780098,0.89189714,-0.26573527,-0.8797283,-0.69867116,0.08113302,0.05675228,-1.1840329,-1.489409,0.88231456,0.13356666,-0.8776067,0.9740735,0.082966246,0.014932021,-1.1574678,0.601413,1.430926,-0.98870355,0.45489398,-2.0746112,-0.41217482,1.8020138,0.9115532,-0.005930378,0.316402,-1.1642377,2.1240315,-2.2256696,0.9783369,1.0221175,0.019459993,0.5299276,-1.2261419,-1.5038878,0.39895114,-1.5204754,0.7967454,-1.5960743
Leukemia_CTTAACTCAACTGGCC-1,12.134776,0.089701764,-0.04206934,0.20711297,0.2624894,-0.049592897,0.52879417,-0.18380381,0.9344781,-2.968976,0.16658083,0.17832501,2.363345,0.72277254,0.843691,-0.02927579,-1.0868056,1.4455012,0.8582308,1.2616072,2.6321588,-0.8919994,-1.2185465,0.8871113,0.239231,-0.053282857,-2.2352328,-0.22448693,0.7254719,-0.9914348,0.6659667,-1.0209963,-0.7529472,-1.2090225,0.8228523,-0.20400612,-0.21256611,0.5120346,-0.59289503,-0.48969665,0.15990646,0.64864665,0.31152835,0.5368916,0.11821509,-0.4412977,-0.17369953,-1.1035365,-0.38655412,-0.66154313
Leukemia_CTTAACTCAGGTTTCA-1,-2.7366867,-1.8407531,3.9392912,1.5561271,-2.4403825,2.3026261,1.0051885,-2.6439214,-1.49927,-0.8987793,-0.65819,-3.7708144,0.9289916,-0.15034316,-1.9653836,1.7177433,-0.92498744,1.5849496,-1.1201172,0.7946958,-1.1569729,2.2263606,0.48119968,-0.45725954,-0.831065,1.3642561,0.7582674,-0.26646605,0.24862452,2.3234956,1.660769,-0.6484065,0.0073914174,-0.33828944,-0.64940155,0.3252083,-0.45277566,-1.3565114,1.3885478,0.13013534,-1.2349731,-2.0713897,-0.22633559,-0.1409517,-0.8594033,2.010796,0.50869346,-0.34410974,-1.0166564,0.5467942
Leukemia_CTTACCGAGTCCGGTC-1,0.9098302,7.3359513,3.9186952,1.7010306,-1.200267,-1.8103644,3.2532232,0.39918202,-0.5424043,-4.5052004,0.56609076,0.8997224,1.4278533,-0.13161317,-2.8001385,-2.408895,0.53669864,1.4734616,0.38802132,-1.6660172,1.0066721,-0.69644433,-0.9043757,0.57352394,1.3564221,0.27168217,-2.0429392,-0.7459959,0.21732306,-0.5390482,-0.17267118,2.8091924,-0.7204637,-0.40737554,-0.978045,-0.46416,-1.1811719,3.2247562,2.0276563,-1.53717,0.017096609,1.4492354,0.12945694,-0.6322426,0.7980178,-1.7251965,-0.33779374,-0.74504596,0.21619761,-1.093939
Leukemia_CTTACCGTCAACCATG-1,-1.6437745,-1.9015381,2.0855966,-0.12019557,-1.646235,1.8421375,3.4724529,-0.35338914,-1.1606748,0.6467743,0.62799585,-0.3175838,-1.3454287,-0.51847917,1.8733028,1.6969146,1.8157297,-0.3178568,0.4799563,-0.9444054,0.54278904,-0.9258958,0.30538297,0.47885594,-0.8841384,-1.0484824,0.38977122,1.811121,0.25252366,-0.24601467,-0.5183787,0.4432419,-0.549853,-0.5768086,0.969986,0.13883333,-0.22659187,0.38718766,-1.9269168,0.8267491,-0.6569435,-0.09455421,-0.82036763,0.094289094,-1.14669,-0.0063957274,2.0164642,-0.095580265,0.9376429,1.3333827
Leukemia_CTTAGGAAGAGTGACC-1,20.137909,-2.191875,-4.6703744,-0.2561625,0.19611037,2.819562,-0.01166213,-0.49691623,-0.2856016,0.0138811795,-3.1021242,0.20068395,-2.9871883,-0.92068815,-0.056698535,-0.07249448,-0.70015943,-0.36338228,-0.09729866,0.5068727,-2.5923684,1.2103745,-0.28865445,-1.401734,0.63206893,-0.85733426,0.09416867,-1.0232527,-1.1287829,-0.55453926,-0.6181632,0.7099871,0.5671871,0.7345668,-0.862447,0.017087545,-0.39703947,-0.45877433,0.07233736,-1.1996822,-0.0529097,-0.12463615,-0.23476075,0.65546715,-0.046602968,-0.20005235,-0.747765,0.7324301,-0.66576475,0.013020849
Leukemia_CTTAGGAAGCCGGTAA-1,0.19259213,-4.701379,10.291766,-0.45737898,-1.715434,-7.179637,-3.750237,8.077067,5.6820207,7.63862,-5.9408603,-0.2105274,-1.1570417,2.3323462,-2.8366122,-1.9539984,-0.19316998,0.21248469,3.4559715,-1.1822205,-1.4032629,-2.3758755,-1.7910813,0.067689225,1.9980837,-0.60667026,1.0086502,1.8674891,1.084964,0.8488058,0.73100656,-0.7296586,-1.1783627,-1.2448667,0.20590195,-2.5283377,-0.45859227,2.6943047,1.6977414,0.79621595,-0.91053754,1.6443878,0.7266434,0.98923117,1.9354081,-0.3789789,0.52380514,0.9590155,-2.2033143,-0.38394162
Leukemia_CTTAGGAAGGCAATTA-1,0.68380773,-2.2499237,8.158756,0.5804411,-1.5627067,-4.0503983,-0.9751012,4.9224825,2.6361787,2.4327166,-2.380464,-0.87497616,0.45459872,1.021704,-0.87125957,-0.68494594,0.51194537,0.33232027,1.8537514,0.011839991,0.032719936,-1.1198988,-0.08807809,-1.4282985,1.5894444,0.030928161,-0.85987437,0.81191105,1.1760931,-0.20175779,0.47270405,0.2312889,-0.8039781,0.27914745,1.1555735,0.49188173,-0.3686241,-1.3961961,0.5577393,-0.9119084,1.4905086,0.7470787,-1.166769,-0.13678053,-0.120890066,0.5119799,0.35312214,-0.7839404,-0.80384576,-0.90265054
Leukemia_CTTCTCTAGATGGGTC-1,15.3421,-2.3997242,-2.563229,0.1822739,-0.1833123,0.55859363,0.26099896,-0.450992,0.23790064,0.46519223,-0.41833603,-0.13902918,0.042545103,-0.3572486,-0.08986952,-0.5045639,-0.64468026,0.13605283,0.5835588,1.1358494,-0.27764365,-0.029388154,0.3249753,0.1689501,-0.5026621,-0.42546904,-0.37773126,0.92245466,-0.24912709,0.18725826,-0.41667297,-1.2085409,0.20305865,0.12099656,0.8336578,0.18655337,-0.88290864,0.24520883,1.0596163,-0.20058835,0.47705555,0.43698263,0.0045327204,-0.9062632,0.10022831,0.21587496,-0.90944415,0.04695927,0.70423925,0.059812702
Leukemia_CTTCTCTCACCGGAAA-1,1.6641883,-3.2913852,6.8263454,0.02223844,-0.2476389,-1.2264277,-1.5284033,-1.2490758,-1.361627,0.73323554,2.7248108,-1.5061516,1.103357,-0.3367168,-1.4207348,1.0445833,-1.4076301,0.20434664,0.6982543,-0.9240754,-0.19417763,0.084961645,-2.2672598,-1.080815,0.35313392,0.0108311605,0.9723005,-1.7736664,0.45695966,1.5246781,-1.2006297,-1.421588,0.15212129,-1.0957785,1.1123198,1.4326733,-0.67796266,2.149654,0.7467509,1.1681592,-0.18767506,1.309207,0.2143675,0.6263027,1.0916789,0.62366694,0.19325772,-0.15784337,0.14172311,-0.83323413
Leukemia_CTTGGCTTCTGTTTGT-1,17.785112,-2.846318,-3.120821,-0.33136314,-0.76563996,1.5180621,-0.68239176,-1.0069389,-0.31171313,0.79172844,-1.255957,-0.6800022,-1.4672428,-0.773467,-1.2669479,-0.29091516,0.2933384,-0.4710767,0.26560828,-1.1126344,-0.48810738,-1.3042014,-0.42213592,-0.33192974,0.38067523,-0.16276446,-0.89477545,-0.46426842,-0.7516931,1.3766729,-1.0894039,1.2649783,-0.5884999,-0.28130713,0.3683738,0.38701695,-0.3571358,0.199167,0.36398047,-1.2108966,0.12518609,0.5976447,-0.35080254,1.0611466,0.80238503,-0.3113797,1.132878,0.9436758,1.0498769,-0.25151035
Leukemia_CTTTGCGAGGCACATG-1,-3.656519,-6.956841,7.543504,-5.023949,3.5257263,2.4276917,-1.4744213,0.112250686,-1.1008661,0.83313334,-3.099867,5.3660574,-1.6678009,-4.331441,-3.1743333,1.2310696,-2.564797,-0.21173508,0.9397756,8.35845,-2.173942,2.318933,1.2283144,4.4977164,0.46597326,-0.11174772,0.01923086,-4.5584035,-0.97493637,-3.7047446,-0.983888,-0.94715613,-4.637383,-3.527866,-1.1062285,-2.9265256,1.6474603,0.9167236,-1.3317639,3.369721,-1.2138708,2.2279675,-1.3132954,0.40856546,2.146928,0.02654473,-2.5741246,-0.20132776,4.6868095,1.9384929
Leukemia_CTTTGCGCAGTGGGAT-1,11.764867,-1.6051782,-0.39260623,1.9745167,-0.84485793,-0.59589607,1.5331169,0.8224767,0.04165542,-0.7182583,-0.6203419,-0.5952869,1.5117224,0.65603405,0.8161336,0.5171933,-0.84018314,-0.25488645,0.6593197,1.0017664,2.370299,-0.7052232,-0.15994729,1.7470026,0.40506926,-0.03551564,-0.22687295,0.16146645,0.70155054,1.8707415,-0.89314574,-0.7641835,-0.23786417,-0.45057005,0.07081516,-0.3077048,0.15750414,-0.5535761,0.9529909,-0.15013976,0.44042867,0.40582228,-0.16759184,-0.62058413,0.5217735,-0.1448917,0.120503604,-0.54936075,0.5941114,-0.09857978
Leukemia_CTTTGCGGTCCGCTGA-1,13.544519,-1.027957,-0.77602166,1.238789,-0.2230155,-1.2027888,2.2299864,0.39365688,-0.6557151,-0.58282924,-2.2611065,0.37061533,0.12744533,0.4483543,1.4510411,0.13813025,-0.16491589,0.26618606,0.95499116,-0.40241992,1.9207412,-1.7393074,0.30522946,1.4149235,0.053220876,0.59952635,-1.2003142,-0.055332072,0.09075784,-0.2864907,-0.3828011,0.7736971,0.707228,-0.24638072,-0.47739217,-0.7219133,-0.3409407,1.2557467,-1.1914281,0.57691824,0.5108554,-0.8780131,-0.091045976,-0.44668487,-0.48581684,-0.49309403,-0.5093827,-0.54179096,0.16936187,1.0106617
Leukemia_GAAACTCTCGCATGGC-1,0.73082656,-0.6609491,6.0978656,2.6170673,-0.7291766,-4.0529704,1.372698,3.0527673,0.26259118,-0.14573787,-0.41142744,0.20727049,1.0031339,0.36565828,-0.9077364,0.80001456,0.4287947,-0.23347394,-0.29508635,0.0790297,-0.6249658,-1.1708814,0.13586217,-0.17048717,0.90547884,0.65284747,-0.70143163,0.49091676,1.4753611,0.582203,-0.5522298,1.238538,0.80230194,0.17669058,0.31056917,-1.307239,1.4251562,-1.0640613,0.2029759,-1.9763632,-0.7688818,-1.8770441,0.763986,-0.5973157,0.35319546,1.0425653,0.57983637,-2.27667,1.0737854,1.48946
Leukemia_GAAATGAAGTTACGGG-1,-2.7049613,-0.1531124,3.5065255,-0.8617477,0.36852542,5.096469,2.4581037,0.8080081,1.3233017,1.0943772,-1.3071398,2.003077,-1.0093751,-3.6531286,-1.9718021,-1.5785179,-3.0721402,-0.02973667,0.9667925,2.9937527,-0.956735,1.2983985,0.41645858,1.405071,-1.5477934,-1.8922315,2.1943004,0.95012814,-1.518094,1.4693342,0.308219,0.07470602,-0.14440583,1.2915411,0.20529772,-0.66176254,1.4479495,0.92566085,2.4229379,1.5388746,1.6831032,-1.9868765,-0.47821623,4.6992145,1.3048693,-0.025193242,0.35570213,-2.0286329,1.0561686,1.1779494
Leukemia_GAACGGAGTAAGAGAG-1,17.484539,-2.4038444,-2.6723263,0.5396131,0.066975206,0.8857796,-0.24168046,-0.81298524,0.0045620217,0.8273295,0.37238264,-0.4009826,-1.2996614,0.010605263,-0.7182391,-0.6941901,0.03025574,0.4440458,0.31939527,0.660352,0.2980145,0.26093164,-0.1382461,0.11278119,0.7155087,-0.6175824,0.29747283,0.78660357,-0.32709867,-0.71732396,0.3280625,0.37954077,-0.21979123,-0.051187783,1.0504501,0.87048244,-0.25552702,-0.47424656,1.0054413,-0.09278841,0.07240419,0.14020501,1.129337,0.05238121,-0.8926112,-0.6546687,-0.67316866,0.91359425,-0.6066531,0.58796954
Leukemia_GAACGGAGTAAGTAGT-1,0.7130161,-1.8087583,4.691343,0.3194975,-0.5788456,3.5057707,0.02465794,-1.714716,0.8362808,2.0830085,6.29748,2.6260686,-0.49324608,2.0227478,-0.36210454,-2.6756232,1.3428255,-0.385944,0.4555633,1.2108366,-4.0121975,0.24148981,3.045481,0.4103611,-0.95703304,-1.6987201,0.23137042,1.8319432,-0.4503983,-0.6111324,0.16460015,-0.8418622,-0.13694207,1.6921014,0.12667902,1.5533073,-1.3947055,-1.023187,0.5149511,-0.78419566,0.4959706,0.7996839,-1.5500709,-0.06657547,-1.6519483,0.06112465,-1.1102645,0.5809472,0.6096397,0.21039581
Leukemia_GAACGGAGTATAGGGC-1,4.351644,23.563902,4.4552197,-8.657085,8.79062,0.482201,-7.0349865,-3.6589818,-6.905532,10.386162,-5.7593484,0.7137717,-2.7904146,1.0213182,3.160725,2.1415238,0.28503615,-1.8305506,0.8079347,2.258837,0.9227388,-0.9657767,0.7218727,0.35743865,-0.56756115,0.64294195,-1.6559932,0.07732367,-0.50473374,1.1275932,-0.8112046,-2.2467177,0.854337,0.7935149,2.7462792,0.06236666,-0.32455564,-0.8966849,-0.9715155,-2.711435,-0.18582524,-1.002423,-1.2411975,1.2466884,-1.2439895,1.6718999,0.09980824,0.82360446,0.66547775,1.031418
Leukemia_GAACGGAGTTAAGTAG-1,-2.2588797,-3.6934738,3.9243333,1.7559804,-1.150769,0.14961709,0.22550951,-1.495922,-2.4421785,1.1737409,0.15029229,-1.2407115,-1.051272,-0.75705504,-0.3540185,2.1434765,0.714049,-0.36532775,0.17116264,0.29367113,0.22266537,1.0263675,1.190544,0.7581565,-0.067428336,0.78528553,0.8444865,-0.34855092,-0.76152176,0.9460992,0.0393655,-0.054427344,0.69962233,-0.9634981,2.0876617,0.7937106,-0.86143583,-0.57080233,-0.14072505,-0.35295212,-1.5483085,-0.426846,0.20542912,-1.6628727,-1.0825363,-1.3402208,0.12244923,1.2204654,-2.7172086,0.29281303
Leukemia_GAACGGATCTGACCTC-1,0.01103033,-5.244381,8.313872,0.09013674,-0.8780034,-3.2696807,-3.0247629,4.530808,4.753944,3.404286,-2.201856,-0.24763031,1.5375494,-0.07493785,-0.7513731,-1.6134378,1.1151835,-0.19437426,1.9336472,-0.5129539,0.62943095,-1.14986,-1.6954793,-0.3861855,0.11961696,1.1432316,1.5860277,0.090627894,-0.9712306,0.8668114,1.923093,0.25659165,1.1195575,0.43560162,0.011823371,2.2355843,0.78236526,-1.0690585,1.4831934,1.5861447,1.1851934,-0.01395475,-0.8353651,0.43669477,1.0544052,0.088352785,1.8348932,1.0284529,-0.2285749,-0.22875714
Leukemia_GAAGCAGCAAACGCGA-1,14.062601,-1.335466,-1.8797989,0.55685854,0.19972633,-1.025194,0.09749028,0.4257326,-0.47001976,-0.8243092,-0.38176724,0.31456888,1.2451084,-0.26734588,0.3464299,-0.08000418,0.46818665,0.43269718,-0.12616053,0.56095254,0.6709714,0.6173144,-0.96525186,-0.03879042,-0.5418034,0.14239618,-0.29175183,-0.28604835,-1.047754,-0.102754414,-0.27565274,0.68552214,-0.12682495,-1.6157918,0.14294788,1.049714,-0.24309595,0.8908626,-0.25617495,0.4263365,0.4104602,-0.10248906,-0.8327004,-0.57829267,-0.23277038,0.19840345,-0.87923473,0.033203837,-0.2654304,-0.6366502
Leukemia_GAAGCAGCAAGCGAGT-1,0.032145076,11.595644,4.855606,-1.8160862,1.8958323,-1.7258458,0.9529473,-0.6467999,-1.2416695,-0.83409655,-0.97635716,-1.470803,-0.87418,1.2614969,-1.2193671,0.7794694,-0.8858473,-0.97115856,-0.7277464,0.6886186,-0.65102655,-0.7944804,-0.31021336,0.53897697,0.12199166,-2.208564,-0.27091876,0.29716635,-0.36985177,-0.95896995,-1.0801939,3.8984914,0.056763884,-1.4467593,-0.92387503,1.1822762,-1.859609,0.61513954,0.27931124,2.3371205,-0.590239,0.2006144,1.1359885,1.3799337,0.87738,-0.38503262,-0.7425413,-1.8278531,-1.4868208,1.4545689
Leukemia_GAATAAGGTTCTGGTA-1,-2.187711,-0.19844899,4.6223736,0.77428997,-1.979018,0.5796093,1.682136,-1.4457114,-0.39648417,-0.37704024,0.016410157,-2.3626938,0.3769315,-1.1514524,-1.8765247,3.0627828,-2.3359668,1.1912762,-0.81864226,0.4012703,1.8941995,-0.4098471,0.5670961,-1.5621498,0.8082573,-0.37884936,0.2555397,-0.78892773,0.44437903,2.1153507,0.8029466,0.7143142,0.7824216,0.034882035,0.89771,-1.4052451,-1.7546653,1.2821487,-1.2319423,-2.1114476,1.3728406,1.3347749,-1.5912379,-0.55095875,-0.35114938,0.91453224,0.34563166,0.8296065,0.90411323,0.23654956
Leukemia_GAATGAACACCGATAT-1,-0.020725906,-2.4092183,3.3699985,-0.79454327,-1.1359872,-0.6662284,-1.686931,0.34855008,-0.30838636,1.3772861,4.765141,-0.47863004,-2.502601,-1.66068,-1.9888624,-1.19789,2.6289768,0.7239664,0.7806238,2.2936273,-1.1681235,1.5920439,1.354047,-0.48726767,-0.883797,0.0040339157,-1.1438926,0.97048885,-1.2072077,-3.160018,0.19883396,-1.2411684,-0.703852,0.60935485,-0.6949363,-0.35292968,-0.35375404,0.4520916,0.91717064,-2.5934215,1.6884642,1.2352352,1.7820449,0.96017784,-2.8884337,1.9323708,-1.8680853,-0.31119514,-0.6111882,-3.1456156
Leukemia_GACACGCCAGATCTGT-1,-0.94202423,-2.9398956,5.2841787,0.9857771,-0.46099183,0.012245824,2.0372958,-1.8728629,-2.9111903,0.62388927,0.44083226,-1.2004876,-0.93048733,-0.48569682,-0.4462744,0.85142875,-1.182052,-0.6289924,-1.0959115,-0.77867407,0.6895267,-0.72050726,-0.7988086,-1.3093146,-0.19424358,-1.6404598,2.2276125,-0.8767263,-0.18723375,-1.0386623,-0.8175842,-0.28698522,1.0364863,-2.3549862,0.97235215,-1.6598643,-1.946419,-0.06727459,0.44053233,0.8405822,1.0305623,0.7343758,-1.0192128,1.3905878,-0.30905345,0.43140668,-1.368069,0.8497829,-1.0694386,1.927917
Leukemia_GACAGAGAGACACGAC-1,0.8714817,6.8201547,3.9645627,0.63593274,1.0349177,-1.5553548,0.65333146,-0.65936106,0.12699236,-1.0923939,0.14453818,-1.4269919,1.3558545,1.0727848,-0.022399262,-1.1864061,1.1898416,0.21975985,0.856878,-3.0977945,-0.727551,1.4051116,-0.18256094,-0.015954915,0.71151596,0.72552925,-2.6795993,-0.088454306,0.8977293,0.4649175,1.2866875,1.4592468,-0.9279317,0.1843768,-0.86960083,-0.15944664,-0.41743225,0.96715546,1.6505616,1.8555332,1.0861335,-1.242217,0.8922847,-0.6825926,2.0845878,1.5672216,1.292251,-0.26128364,-0.42528126,-0.5932704
Leukemia_GACAGAGAGCCACCTG-1,16.979353,-1.9354894,-2.675108,0.8615616,0.030341312,0.56310445,-0.2319545,-0.2607888,-0.21399373,0.5603721,-1.5464373,0.0043276376,-1.0428566,-0.26149958,0.14468688,0.91701883,0.059975274,-0.0929259,-0.057102505,-0.57744503,-0.7978414,0.53402895,-0.36943102,-1.1128243,0.76161635,-0.59938043,0.1675188,-0.33655173,0.6822157,0.83420414,-0.08026576,0.39118367,-0.61199284,-0.56441003,0.15496397,-0.8952399,0.31236532,-0.59609747,0.7361241,0.959484,0.22384004,-0.4475626,-0.7425501,-0.30192956,-0.5846741,-0.4536909,-0.16299647,0.61030084,-0.91459304,0.020603735
Leukemia_GACAGAGAGCCCTAAT-1,-2.1268232,-3.3851953,4.4701347,1.3821158,-0.36274165,0.8070225,0.6721927,-0.94818205,-1.16433,0.76730376,0.4357561,-0.9996535,-1.2801228,-0.052490015,2.4971395,0.32685894,-0.60125923,-0.44129956,-0.12652506,-0.1393812,1.5555433,1.7284319,1.1330606,0.7568815,-0.6303448,0.21380006,-0.5900397,-0.10434569,1.1200008,-0.5930141,0.1243223,-1.0675707,0.28110898,1.41069,1.8378028,1.2904269,0.45133376,0.08867383,-0.02280854,0.39863873,0.86596864,-1.4319855,-1.1290963,0.24988896,-0.43294653,1.1415905,1.2765024,-1.683503,-1.7505288,-0.42702428
Leukemia_GACAGAGAGCTAGTGG-1,-0.8184106,6.683996,4.464752,0.6898352,-0.253685,0.05185917,3.158338,-0.27964664,0.9510916,-1.2720098,0.23700702,1.0144558,-0.9914377,-0.5309947,-0.78060144,-0.016781528,-0.34953624,-1.0228863,0.394761,-0.074690096,-0.5762468,0.92173964,0.2897602,1.2699183,0.35931006,0.75444883,-0.14726125,-1.7866486,-0.38703448,-1.0578053,-0.8893992,-0.9660614,-1.0264482,-0.29509318,0.07367023,-1.2326069,-0.2831682,2.6411822,0.7198028,0.9552035,-0.004835372,0.2512678,3.6249077,1.9321411,0.8821633,0.58241063,0.8254228,1.1687777,-1.8733112,-1.7273382
Leukemia_GACAGAGCACTGTTAG-1,-1.2119721,-4.2869554,5.121234,1.9124948,-0.4269346,-0.45400724,0.955067,-1.0832204,-1.5982814,2.9461663,0.49066842,0.42696038,-0.6949521,-0.84214705,-1.3604987,-0.15108386,0.9149063,-0.33491972,-2.3330207,2.0773218,-0.6062431,-0.88776207,0.72798675,0.5296142,-1.1530707,-0.30752414,-1.8680593,-0.26998782,-0.9453058,1.544246,0.5178125,0.7285973,-2.4622676,-1.6627969,-0.13492769,0.6994451,0.57776326,0.27883357,-2.2569451,1.1813009,-0.37274617,2.671064,-0.41749775,-1.253548,-0.6920621,2.4811497,0.59451354,-1.7326218,-0.15035756,1.729811
Leukemia_GACCAATTCCAAGCCG-1,16.734945,-2.0273194,-3.2052624,0.19275922,-0.5511493,1.0957046,1.2867681,-0.81037194,-0.20873764,-0.5874085,-2.7557774,-1.2791761,-0.07682774,0.09545277,1.4399687,0.6930634,-1.0249431,0.33236793,0.0006102259,-0.76751256,0.47444984,0.56246305,-0.42006692,0.28750744,0.6654687,0.14669296,1.1582894,-2.4593837,0.11840032,-0.5748483,-0.36769038,0.92294186,-1.1612625,-0.75868523,0.13538133,-0.49619806,-0.9663893,-0.7943914,0.68225515,-0.26701418,-0.7938419,-0.47484526,0.5346915,0.67379725,0.26929244,-0.1609432,-0.24586463,-0.45042747,-0.6133481,0.15159741
Leukemia_GACCAATTCTCGATGA-1,19.082502,-1.2918555,-4.0622773,-1.2226479,1.224413,2.4457943,-0.90993875,-1.7466947,0.6303739,0.8959243,-0.47477794,-0.1322823,-1.1460679,-0.58411634,-0.7114783,-0.5716706,-0.50890875,0.6545951,-0.28049594,0.20628196,-3.2790744,1.0878998,0.36809462,-2.750939,1.0106632,-0.077235736,0.4926941,0.019616198,-0.13470322,-1.952067,0.27864128,-0.1670641,-0.55968183,0.7556433,-0.58390725,-0.83393395,0.2465821,0.5943908,-1.1363376,-0.22277308,0.57030773,0.42833817,-0.12741736,1.2563196,-0.46036193,-0.38380012,0.8826752,0.5245365,-0.014034747,-0.81583863
Leukemia_GACCAATTCTTTCCTC-1,-4.9656243,-0.75777215,5.7667527,0.25611243,-1.934735,5.458169,3.4496915,-3.4016018,-0.96373194,-3.0209703,-0.7485576,-2.2649686,2.3595018,0.99883986,-0.50111943,-0.2614536,-2.0143387,0.084138736,2.912375,1.1190329,-0.86708015,-0.68639743,-2.079404,-1.5335892,1.1116384,-1.304667,0.79323906,-1.5469123,1.219132,-0.8350514,-2.6559017,-0.21579753,1.0495495,1.0748249,0.9168977,-1.3762368,1.3485733,1.8482003,-0.5076907,-3.915056,0.007643565,-0.85593086,3.04983,-1.1773883,-0.09371773,0.043480664,1.1280618,-0.8302926,-0.03916551,-0.98851943
Leukemia_GACCTGGAGATGGGTC-1,1.1510099,-4.31694,7.2904315,1.2715156,-1.5697078,-3.6456237,-0.4550474,4.9412103,3.5998764,4.8787084,-5.465709,0.2515278,-1.2283559,1.2024636,-1.1207504,-1.9465747,-0.17893593,0.9173369,1.3673172,-0.1979393,0.47050443,-0.6447698,0.08996095,1.5865718,-0.23367918,-0.29317185,0.33485708,1.0978571,0.39003974,-0.29687303,1.4375714,-0.9168782,0.7138223,0.14731549,0.06639977,0.6163704,0.004472873,0.94572085,0.57501864,-0.8118152,-1.5514029,0.25159582,-0.78290087,-1.2208879,0.88425756,0.73103255,-0.5548504,-0.049717065,-1.5575705,0.05799999
Leukemia_GACCTGGAGTTCCACA-1,3.326339,17.101383,4.982288,-9.13869,6.5548024,4.293623,-6.975379,-2.9365451,-2.7301192,9.145125,-2.139593,-0.007711785,-1.7974582,-1.0007614,2.5644405,2.3112068,0.5798266,-0.12089907,-2.810572,0.10261533,1.8546767,0.876179,0.87111425,-0.20405456,-0.22768006,0.3184549,1.6687479,3.008367,1.9922088,3.2356226,-2.6634052,-0.28325337,1.6808395,-1.5594636,-0.10214784,-0.19605313,-1.0797327,0.26673406,2.6334498,-2.5176084,0.7668737,-1.065546,-0.8053785,-2.2651534,-2.4004104,-0.12013484,-0.22510667,1.0563693,0.7604668,1.086775
Leukemia_GACCTGGTCCGCAAGC-1,-1.9145919,-2.877363,4.061272,0.60701066,-1.9426439,-1.1672603,0.69276655,-0.19364667,-0.32863754,0.36485216,-2.8519428,-2.007593,-0.11513465,0.0601273,-1.0983723,0.30143362,-0.8617428,3.6738222,0.021549432,0.450075,-1.1071342,0.10118154,1.2257164,1.8132577,-0.47797227,-0.01377371,-1.8283066,1.4766593,-3.4184175,-0.43266958,0.46057716,-2.6286845,0.4624087,-1.1667621,2.2024188,1.8917503,-0.8252505,2.569631,0.3556591,-0.32865584,-0.9640948,2.2881794,-2.0602539,-0.9472852,-0.8504193,-2.0767987,-2.511353,2.913567,-2.2419984,-2.6479743
Leukemia_GACGCGTGTCTTCGTC-1,-4.4747834,3.0663471,1.8337541,2.6199653,-1.7815689,3.6887949,5.887497,-1.9833404,-0.6913041,-0.73702395,-1.1527404,-1.1709853,1.9313939,0.9078907,-0.9524771,-1.5455925,0.11073601,-2.6374226,1.7244934,0.6666353,-0.6478656,-0.51416737,-1.436249,-1.4279288,0.41221923,1.4990599,-0.7864949,0.43381485,-0.8847397,1.7812645,-0.037038222,-0.6774837,0.9361434,0.115388766,1.3702765,-0.1836312,0.034367856,1.5131125,1.9823339,-1.7690992,-0.018811021,0.33198163,-2.208746,-0.26271304,-0.21697725,1.6808956,-1.4789307,-0.6359414,-1.5073762,-0.19136149
Leukemia_GACGGCTGTAAGGATT-1,3.992087,7.0383983,4.2352295,0.04768867,0.7549203,-4.062475,1.3919804,0.6787161,-1.6894509,-2.4857335,2.169032,0.0885951,1.6890473,0.34811196,-1.7383676,0.16478053,-0.14840686,0.2537527,-0.14444762,-1.7781196,-0.8716482,1.5383825,1.1610142,-0.120693535,0.26429227,0.050169293,-1.2185755,-0.022635847,0.63676864,-1.198044,0.07010251,2.2947023,-0.4498715,-2.3486648,-0.15044266,0.005040176,-0.2613151,2.4174645,-1.3791108,1.1479498,-0.417314,1.2789338,2.0718794,-0.673017,3.037067,1.7268969,1.1442164,-0.60001796,-0.03738475,3.1709476
Leukemia_GACGGCTTCAGCCTAA-1,-3.3858495,-2.053605,4.2279425,1.9842163,-0.4056922,-0.7736537,0.9494936,-1.71009,-2.5829225,-2.8935106,-0.72047323,-2.4674573,0.061353352,-0.27003154,-1.7476144,1.5515842,0.18266141,2.6615632,1.0895342,1.3722433,0.10659249,-1.4221891,0.7503735,-0.64653265,-1.2240137,-0.6365606,-3.179153,2.2008893,1.558908,-0.45114064,1.8025618,-0.051904537,2.1118639,1.1435516,0.3379332,1.6041319,-1.1331602,2.4980953,0.50221384,-1.1473691,-0.8907873,-0.21129508,-3.0038064,0.27780297,0.9235983,-0.52643037,1.3124683,3.0517035,0.040021975,-1.7834858
Leukemia_GACGGCTTCAGCGACC-1,0.2569452,18.770786,5.4889607,-5.02126,5.78873,1.8625367,-5.2340755,1.1713151,0.3485096,3.6739452,-8.375347,-0.5575836,2.3242092,1.023319,1.4910678,2.1747756,-0.30462372,-0.43341076,1.0965412,2.308567,2.2074316,-4.0738564,-1.8898189,-5.459913,0.6845361,-0.95859796,0.47212324,-1.6978984,-2.6947951,1.4661286,0.2581614,-0.434215,3.877903,-4.357602,3.7031028,4.3910623,0.7014299,-2.0529745,-0.56599545,-7.49454,-2.1695185,-0.1396451,-3.566555,1.8581774,-3.1123486,3.5239975,-3.5306084,2.8181844,4.3687844,-3.2289352
Leukemia_GACGTGCTCGCACTCT-1,21.627932,-2.7277994,-4.7255816,-1.0212946,0.39947405,2.6396642,-0.22174756,-0.42254013,-0.28442875,0.77415645,-0.062134262,1.0667262,-1.3687129,0.053637918,-0.89617497,-1.0466512,-0.65418863,-0.16253142,1.7442752,0.45175824,-2.4454708,-0.2744753,0.56570274,-1.1770834,0.39305326,-0.5256166,-1.9306835,0.5099242,-0.7026099,0.03878075,-0.2715611,-0.06871736,-0.22009489,1.9307597,-1.1171778,0.64294636,-0.23311138,-0.073976904,-0.30480525,-2.0859303,-0.66906315,0.9936654,0.43086535,1.6726122,0.2114587,-0.62804824,-0.5161113,-0.8349854,0.46981844,0.12359283
Leukemia_GACGTTAAGAATCTCC-1,-0.5686945,11.992168,2.7175949,-4.244368,4.0629754,3.0450792,-4.123817,-0.8315312,0.43949676,0.61117995,-4.1401205,-0.5908032,-1.2756734,3.514963,2.7973957,-2.54981,-0.46343276,-0.13501027,1.7451457,0.27180555,-0.46245748,-0.3644028,0.18339653,-1.5696588,-1.8721858,0.8299289,-2.2425365,1.8206536,-0.3040834,0.12425969,0.38672093,-1.1266956,-1.8778585,1.8424895,0.29613644,-1.5993261,-1.5032572,-2.0569577,-1.0861436,0.006866039,-0.6580374,-0.3316914,-0.03450112,0.7539664,-0.9113672,-1.9634501,-0.43640023,0.6030061,-2.8929653,-0.13418747
Leukemia_GACTAACAGAGACTTA-1,18.24192,-2.8068793,-3.8116925,0.12771377,0.16917707,0.49653512,-1.0845616,-0.27785802,0.43247533,0.3818437,-0.37361827,1.0428284,-0.7923945,-0.738196,-1.2079042,0.27761292,0.23523492,-0.1015142,0.6110079,0.73634106,-0.34828898,-0.38135105,0.7236754,-0.46524608,-0.86091006,-0.9895707,-0.5274559,1.3511829,-0.34151167,-1.3455693,-0.41658315,-0.45877576,0.29500207,0.7506801,0.36858833,1.4378117,-0.73732483,0.21504928,-0.35571992,-0.6152065,0.12073571,0.140095,-0.24617468,-0.6128498,-1.2857504,0.3610817,-0.42829502,0.9739094,0.7932491,-0.7490594
Leukemia_GACTAACGTCTCCACT-1,-2.8798304,-0.4124394,4.4068265,2.6805878,-1.4086943,3.7532687,3.5907254,-1.9735379,-0.4839635,1.1674553,-0.44531244,-1.8106022,1.1768779,-1.5880255,-2.7420044,0.8974772,-0.3239562,-1.2050743,-1.1029794,-1.025386,1.8616849,-1.075791,-0.77554065,0.2716106,0.016949506,1.3112658,1.4382901,-0.95337415,0.8406003,-0.23980302,-0.8016966,-0.9198146,1.4876088,1.1744825,-0.4592536,-0.31697357,-0.67323923,-0.5986451,-0.6503331,0.5231682,-0.18321769,1.5800047,-0.6628173,0.9261243,-0.9146187,-0.29386792,-0.49167067,-0.85509425,0.48262197,-0.2331486
Leukemia_GACTGCGAGACAAGCC-1,6.232378,0.38432315,3.7953732,1.4911066,0.122469865,-1.2149167,1.1443001,-0.3429933,0.23390405,-1.0069376,2.3982458,0.41937032,1.720854,-1.4145148,0.33666167,0.88919556,0.04350403,0.3949448,-0.64803696,-0.4404432,0.13474925,-0.32974854,0.48539937,-3.394365,0.46786758,2.128812,0.7441369,0.4416782,1.0325832,-0.4267098,0.96727586,-0.51108253,-0.18652487,-0.42155534,0.8387112,-1.3366929,-1.1801896,-0.33918765,1.1915661,1.8409336,1.147317,1.2356708,-2.4222045,-2.6111884,0.1545582,-0.42910624,-1.5072281,0.24354511,2.377371,0.74633974
Leukemia_GACTGCGTCCTCGCAT-1,19.951326,-2.3460207,-4.9161267,-0.16277955,-0.37776583,2.626481,-0.61202985,-1.0622985,-0.5973291,0.84466445,-2.678296,-0.72477156,-2.6709611,-0.1965524,0.32194838,-1.6882013,-0.22790337,1.0980169,-1.3712975,-0.4581606,-2.993059,1.8065025,-0.73144925,-1.8533739,1.340347,0.8582364,0.013502932,-2.1945558,-0.4869824,-0.034573507,-0.21231033,0.63946295,-1.0799824,0.012418234,-0.8859482,-0.54565054,-1.1114081,-0.7701984,0.08538512,0.19543158,-0.2979612,0.6061418,-0.025621738,2.7655623,0.6862605,-1.2916396,0.31035087,0.586155,-0.18716115,-1.2063886
Leukemia_GAGCAGAGTGTGACGA-1,-3.4256494,-0.9092723,4.2831473,1.386453,-1.7053237,2.1859953,2.7179434,-2.3187497,-0.91867054,-0.40454796,-1.1726569,-0.082698785,-0.06529413,0.35288903,0.45103508,1.3462185,0.5614135,-0.15825528,0.14427784,0.5213642,0.64979434,0.2695112,0.64566755,0.58844364,0.45650142,-1.0423521,0.3398241,2.3175895,-1.2058996,1.3103627,0.8046074,0.43262607,-1.4172603,0.4730962,0.21573348,-0.42415643,1.3887008,-0.22475572,-0.15838987,0.44443962,0.3704044,-1.1122804,0.77374935,-0.5072005,-0.014987821,-0.3706643,0.45341253,-0.30101326,1.2677449,0.8067353
Leukemia_GAGGTGACATTAGGCT-1,-2.2449105,-2.6359437,7.0224023,1.8435129,-0.82123286,-1.7643213,0.5819101,0.76149946,-0.40435457,-0.8778605,-0.9759439,-1.8497102,-0.022075785,-1.225401,-1.0243245,0.12506384,-2.2663746,-0.7202009,0.20997453,1.1902521,-1.233897,0.3672258,-2.2513087,-0.2999966,-1.8758111,-0.35411754,-1.7618135,0.030219167,-1.7249364,-0.11684488,-2.8545005,-1.0029236,0.89703995,0.031075751,-0.6989565,0.36244702,0.25227913,0.2635405,0.6883281,-0.81309325,0.8183106,-0.01910373,-1.4046868,1.4665593,2.4468305,2.3177533,-0.40662837,-0.41682068,0.10695641,-0.57044566
Leukemia_GAGGTGAGTCGCGAAA-1,-3.748176,-0.007442649,1.968268,1.5255048,-1.7620348,3.9855232,4.0815024,-1.8575246,-0.01682774,1.4144943,-1.3544577,2.1434436,0.019529542,-1.0057733,-0.48264658,0.705241,2.378753,-1.1267512,-0.12464091,1.9728979,-0.1598334,-1.112105,-2.9762611,0.25801235,-1.6197323,1.5356565,-1.1599854,3.2427747,-1.5366774,0.6841439,2.0623667,-0.055379197,-1.2999002,-1.2032268,-1.1381385,-1.2611705,2.5339134,-1.2995646,0.20905532,-1.240315,-0.26903793,-2.6240723,0.023183418,-0.76921004,1.449488,1.2362447,-1.3667691,1.9482197,2.7623427,-0.14709854
Leukemia_GAGTCCGAGACTAAGT-1,2.304897,18.53019,4.481914,-4.9906077,4.6446786,-1.3503087,-2.7707453,-2.7421546,-5.23044,4.393675,-5.1532726,-1.1282029,-0.25163695,1.0531244,1.5634433,4.5076013,1.5575528,-0.9769943,0.36777246,2.6960337,0.52097136,-1.6825237,0.27363938,1.3724304,-1.7187057,-0.32504454,-2.5597475,2.018451,-1.5786045,-2.648528,1.2953092,-0.43434852,-0.5409406,0.76301897,-0.8048414,-0.9537685,-0.106480025,0.3427455,0.62605923,0.395785,-0.14017315,1.7802663,0.011866612,0.79008603,0.5752846,1.2534487,-0.6127516,-0.153368,-1.340978,1.3080171
Leukemia_GAGTCCGAGATGCGAC-1,-4.255205,-1.8268002,-1.3979475,3.3053484,-2.8261526,3.103402,3.6970375,0.30221143,0.15165584,4.452747,-4.7281494,4.2867374,-0.53379154,-2.1279304,-1.4801601,-0.42200664,1.062931,-3.9636862,0.22099128,2.5564353,-1.8848654,-0.53641784,3.7593799,-2.5208616,-1.9390264,-1.4897131,3.9779553,-1.4401683,-0.9787638,-0.035213556,1.7991579,-3.3519647,-0.8731242,-2.151115,1.4999893,-0.10260319,2.339288,4.3048687,1.6581079,4.019412,0.2691794,0.09066096,-0.7453991,-1.5905756,0.79356486,9.707269,0.11112465,-2.0670502,-0.8136615,-1.1978314
Leukemia_GAGTCCGAGTCTCCTC-1,12.185553,1.6144446,0.6573198,-0.35366517,0.29199538,-0.42272675,-0.5151383,0.07769658,-0.23624739,0.19640829,1.0586803,1.8285317,2.6225328,0.24055387,0.8542387,0.20147842,0.17443816,0.36790866,0.38473576,0.99371433,0.33636567,-0.5716476,-0.54410815,0.48724008,0.30118918,-0.42081589,0.3779578,-0.027886048,2.4940658,0.09494417,0.3451925,-0.13876185,0.50114995,-0.45531338,1.2032552,-0.715905,-0.83882815,0.43018252,0.6411363,1.4442328,-0.032976095,-0.47015792,0.49379188,-0.42415106,0.8226086,0.23926267,-0.15715759,0.4574172,0.30760238,0.19058731
Leukemia_GATCAGTAGACTAGGC-1,-2.7588663,0.7675867,2.1573203,2.4953508,-0.49669874,0.47734392,4.0817966,-0.6955957,-2.0395803,0.1643697,-1.9281703,1.3218112,-1.1498191,-1.0609694,0.4214612,-2.670698,1.6848567,0.004024872,-0.5233893,1.0205051,0.30271766,-0.29337445,0.23879342,0.05180153,-1.110798,0.7775348,-0.35560724,1.0951191,-0.04730973,-0.95917964,0.83919585,0.4563952,-0.31412134,1.2004979,0.97019494,-0.16994247,2.3228261,1.5865774,-1.3291042,-0.15178469,1.2433485,-0.92075926,0.6273195,0.83288,0.88885754,1.224568,-0.3978773,-1.3581344,-0.76145566,-0.7572658
Leukemia_GATCAGTCATCACAAC-1,1.2074859,-3.9546669,8.67879,-0.99240154,-1.6976149,-3.8858366,-4.4071484,6.646185,5.5078545,7.6358604,-1.6919342,-0.22632785,-1.5735676,2.116693,-1.1751115,-2.7647562,0.98336256,-0.6554761,0.42412648,-3.1074946,0.004968654,-3.0563488,-2.4944777,-1.798884,0.8841622,-0.80535406,2.206175,-0.06360585,2.1136832,0.16539924,1.794393,0.91928506,-0.38827133,-0.7477386,-1.3064675,-1.9228706,-0.48199207,0.56762797,2.0513299,-1.6775925,-0.80759317,1.2755064,-1.0418215,-0.19933207,0.7962135,0.061746605,0.7254721,0.015644196,-0.89642173,0.44877136
Leukemia_GATCAGTTCGTTTATC-1,-2.6218228,-2.7833002,3.3517787,1.5520207,-1.5371993,-0.55556315,0.9867333,-1.9717302,-2.4132056,-0.3438725,-0.3392163,-1.5177904,0.033524953,0.5783608,-0.94465476,0.9175133,1.3496104,1.5053611,0.15679528,-0.9598503,-0.7875609,-0.98626924,0.6751235,0.59612507,1.6305599,-0.27048957,-0.94938475,1.0621581,-0.048081588,0.5398061,0.27539313,1.0930951,0.95297307,1.4509498,0.09284217,0.18156192,-0.74309343,0.34242165,2.1750245,-0.7290856,0.85832083,-0.36587593,0.97508085,0.91789687,1.3047128,0.6004192,0.7817491,1.7000861,0.20682408,-0.080179706
Leukemia_GATCGATGTACCTACA-1,12.85163,-3.1670873,-3.3105931,-2.5274882,-0.39571494,-0.043938123,1.9082044,-0.9463825,-1.6490238,-2.2861056,-14.189677,-6.5075226,-13.412172,-9.52426,-6.303503,-0.26730815,3.1960807,-1.6256268,-5.2145815,-9.222695,-21.3301,9.532359,1.6338156,-11.279249,0.5391987,2.8254805,-1.8281618,-4.171216,3.0358772,-3.6683085,2.6351275,0.28156176,-0.5049282,2.5768955,1.522578,1.3257445,0.7730728,-2.4410574,-1.5673273,-1.4490575,1.4012963,-2.1237466,0.8783643,-0.78844285,0.92673093,0.33596963,3.813719,-4.892521,0.9937706,-3.944736
Leukemia_GATCGCGGTCCTCTTG-1,0.09943963,-1.0066934,6.08479,-4.6534095,-1.4232556,5.5000944,-0.642879,-1.6279726,1.0921024,-0.59281474,3.2607968,0.43659765,1.7447168,2.4737165,2.988567,-2.5657353,-1.4759815,1.1490116,-0.42035574,-0.8282602,1.0679361,1.7164177,1.8344494,-0.54781646,-0.8789474,-0.33468646,0.86990094,-0.7220617,0.24796571,-0.9392191,0.39044952,-0.3989987,-0.7237539,-1.9092895,-0.23317209,-1.3535055,0.84378123,0.7593841,-2.4719179,-0.57033217,-4.0045714,-2.7163498,-0.25954247,-1.7881961,0.9308724,-0.852482,-0.72739124,-2.2537892,-1.4462833,2.4642484
Leukemia_GATCGTACACAGTCGC-1,-0.9095329,-3.267176,5.288464,0.0950333,-1.412972,0.096740656,0.90205324,-0.8746027,-0.032803413,1.9716787,1.0270791,1.6744554,-1.6937515,-1.5269525,-0.8195793,-0.17982312,1.0950648,-1.2833743,0.96338415,2.8289986,-1.1043459,1.2835667,0.2994232,1.566395,-1.7270701,-0.5218057,-1.2303852,1.1023208,-1.4575145,-1.0873502,-1.9158018,0.17448151,0.51043296,-0.12193703,0.8011485,0.7337273,-0.21073167,-1.1964865,-1.8465511,-1.8850186,-0.35472882,-0.8926964,1.3960127,-1.010611,0.68078357,0.45819193,-0.60713345,-1.2788419,1.1805902,-0.46239513
Leukemia_GATCGTATCAACCATG-1,-1.9517655,-1.9376618,4.3920383,1.2251849,-1.40915,0.76349217,0.8689658,-1.4432483,-1.14037,-0.3372711,-1.6751978,-4.9832654,2.238916,-1.8072135,0.58895284,-0.084401906,1.184765,-0.9716577,-1.0690472,0.16643487,-0.27110875,1.2875926,-0.02695123,2.825997,0.21402493,-0.91212916,1.7081223,1.9816691,0.5419461,-0.4526199,0.45724726,-2.0158727,0.88972473,-2.9431236,1.2313877,-2.2450137,3.7623153,2.3285196,-3.4746828,2.4823427,3.8270397,-0.924177,0.21831524,-3.0709515,-5.647565,-0.23862348,3.1102083,5.346775,0.982624,1.3978301
Leukemia_GATCGTATCCACGACG-1,17.021849,-1.6347816,-2.7417645,-0.47401434,-0.1630844,1.1274977,-0.28391922,-0.20316416,-0.31701323,0.7251706,-0.34377158,-0.32252583,0.004757106,0.65022,0.8259389,-0.5824896,-0.22322933,1.5345219,0.95015347,0.95272577,0.43818638,-0.7085333,0.09106376,0.45381013,0.5879112,-0.1608583,0.8757448,-1.540417,-0.5038781,-0.84266245,0.57676154,-0.6122207,0.57785875,0.8154239,-0.595614,0.21681884,-0.9826967,0.61917686,-1.1084075,0.67236674,-0.93622094,-0.3856532,0.70874184,1.2042751,-0.054135278,-1.0840636,-0.07570068,0.10034627,-0.11145641,-0.06842836
Leukemia_GATCTAGAGATGTCGG-1,-1.4805027,-3.1995764,5.6860037,1.2112814,-1.2935514,0.84193665,2.6062276,-2.1245234,-2.6637428,-0.81139714,-0.42622942,0.30370575,0.028122004,1.640212,-0.6631044,1.4598912,-0.2966072,0.21031667,0.49399328,0.74146795,1.3984009,-0.98514974,0.32347545,-3.1602886,-1.1277473,-0.16223356,-0.9555022,-0.71255577,1.0650718,0.48674265,-2.6532266,-0.21871974,-0.48920426,-0.73124504,0.675887,-0.53690416,-1.2897874,-0.72344273,0.9867448,-0.037892655,0.028246477,2.4043372,-0.45855242,-0.9974362,-0.12757221,1.1722968,-0.58149076,-0.35720697,1.5256872,1.9008056
Leukemia_GATCTAGGTATATCCG-1,15.374381,-0.80854654,-3.6179338,-1.2981907,1.18191,2.5266187,-2.0346203,-0.65161616,2.1406074,-1.1305743,-0.35034946,-0.38691062,0.054524977,0.6323496,0.65999216,-1.1593056,-0.7892977,0.9360095,-0.17235892,0.69155055,0.36837542,0.5214611,-1.3983799,-0.7328702,0.23342282,-0.45729104,0.27341497,0.21071787,-0.27531746,-1.5677315,0.38808015,-0.4157905,0.9328973,1.4008911,-0.5821008,-0.13455413,0.59096956,-0.009086442,-0.89433324,-0.51442057,-0.6486301,-0.73852515,-0.77928215,0.1459301,-0.27314714,0.16933252,0.4865236,-0.6905346,0.53679645,-0.9829601
Leukemia_GATGAAAAGAACTGTA-1,3.3998082,9.21118,3.857436,-0.83609694,0.29373524,-2.1432736,1.7147621,-0.18343307,-0.5801651,-1.761198,2.8705094,0.38532737,0.73538226,-0.024031619,-2.2182982,-1.4443578,-0.43732783,-0.21528366,1.709327,-0.51832503,-0.938941,1.4437555,0.9606784,-0.47958112,0.16307947,1.331362,1.6471517,0.16356768,0.5018842,-1.9591534,2.1507,-0.9162245,-0.5477944,-1.6923317,0.06569704,0.4165568,-0.055119153,1.8611213,1.220278,-0.20054382,2.0202997,2.2944753,0.6955612,1.4167787,0.25162813,1.4810989,2.3577373,1.1695911,-2.6336546,-0.7266254
Leukemia_GATGAAATCACATGCA-1,17.525642,-2.9227183,-3.8955321,-0.114771366,0.598507,0.72101694,-0.9765266,-0.7356801,-0.29825258,0.26880315,-0.28873223,-0.1306789,-0.6436871,-0.8971515,-0.4355157,0.673632,-0.5309349,0.19148652,-0.4581771,-0.30466354,-0.51305205,0.36488467,0.28927925,-0.53719,-1.2877942,0.18454497,0.31978977,1.0237892,-1.043201,-0.26049918,0.58836514,0.46766502,0.59712297,-0.87678874,-0.36045328,0.50453234,-0.5138187,0.8783487,0.4148955,0.7357618,-0.32676893,0.6918955,-1.109504,-0.7333902,-1.4532418,1.9805856,-0.27588338,1.3120943,-0.98656243,-0.71773046
Leukemia_GATGAAATCATCTGTT-1,7.442296,1.8978977,0.9584936,1.5563595,-0.056238018,-1.8180823,2.1695242,0.042570747,-0.055375323,-2.3220985,-0.06687389,-1.9440905,1.5834663,0.9683897,0.09831878,0.32314277,-0.38504344,1.2288468,0.21127024,-0.31829634,1.2791804,-0.9850356,-0.09665169,0.5478521,1.2040732,-0.14339447,0.3913243,0.15439183,1.833401,-1.1128409,1.8551587,0.89383256,-0.50011474,0.06487914,1.6026831,-1.3803233,0.7428581,1.6257066,-1.554888,-0.26881397,1.3606663,1.7663674,0.78913426,0.76856714,0.06447631,-1.1400174,0.80136144,-0.5598567,0.37576687,-1.7190835
Leukemia_GATGAAATCGTTTGCC-1,19.19695,-2.6996613,-4.008522,0.008014232,-0.06964927,1.9964498,-0.4064559,-1.0838197,-0.43075,0.9786162,-1.2987757,-0.31229746,-1.4756976,-0.1608756,-0.41531584,-1.1101625,0.0889797,0.20595054,0.12956291,-0.23757422,-0.5712848,0.50212556,-0.71763307,-1.1292146,0.12258151,0.5796718,0.31746906,-0.017896002,-0.812301,-0.3055311,0.14034453,0.3673177,-0.08986264,0.5289017,-0.5755893,0.3310104,0.31081003,0.57161576,0.45888966,0.8777804,-1.2040466,0.33376622,-0.14324735,0.046595313,-0.5494424,-0.40195236,0.0743553,0.67979354,-0.6404694,0.34001866
Leukemia_GATGCTACACCTCGTT-1,-3.6965399,3.3276258,4.3638997,1.0836527,-1.0949433,2.9907172,3.82393,-1.0369728,1.0225142,-5.4343514,0.6200223,0.41670537,-1.2842984,0.7104688,1.9051111,-2.4276252,1.2654651,1.7079784,-1.0201935,-1.5769392,1.2461618,-1.0797069,-0.98691726,-0.3766192,1.2412957,-0.3956732,1.382849,0.9417821,2.6877663,0.50005704,0.7350493,1.5768746,-0.010619536,1.4444495,0.26750323,1.4227959,-0.04243381,0.50826067,1.1882097,-1.1953945,-0.606925,1.5472811,0.6753794,-0.26987007,1.5119221,-1.0134227,0.4914906,0.72319746,0.21931265,-0.39413068
Leukemia_GATGCTACAGCTGCTG-1,-3.347844,-3.0754805,4.696742,0.03443828,0.2529781,2.3816075,2.0477734,-2.1572196,-1.8949221,-0.45778555,-0.6429339,1.5556482,-0.26641366,1.1985753,0.8763023,1.0988714,0.25479633,-1.1330953,0.50677955,0.21940708,-0.14420338,0.6176643,-2.1854343,1.8058382,-3.3445318,1.5650443,-0.60026,-2.0408874,0.8490957,0.38418967,1.1283578,0.49727616,0.5203539,-1.6875477,-0.6440694,0.9292857,0.9640333,0.17280719,-0.37021083,-0.39768806,-0.08909141,-0.29672456,0.8032711,0.11716243,0.0071408665,-0.23584148,0.31169415,-0.21423565,-1.2282369,-2.2039795
Leukemia_GATGCTATCGTCCAGG-1,-4.6066217,-1.9776176,2.8309553,-0.9225138,-0.96364117,4.7121677,1.834326,-2.5975316,0.88836724,-0.30832425,-2.388377,1.8879291,1.3684763,0.048516575,-0.1481853,0.8475341,0.32388365,-1.1608472,0.59729815,-1.0657455,-4.1252804,-2.3972416,0.09572845,0.81565,-0.21497576,0.8928945,-0.58659035,0.14117806,1.0611151,0.6928427,-0.009186347,0.35177845,0.18262719,-0.44754192,0.6627998,-0.54871976,0.3473196,1.6347629,-1.1417644,-1.0148458,0.31074768,-1.7935472,1.0913483,-0.3932259,1.3093472,-1.1914004,-1.3458314,-0.85788244,-0.6146127,3.0749576
Leukemia_GATTCAGAGCATGGCA-1,16.38001,-1.2648613,-2.7858412,-1.5578994,-1.2143034,-0.14313293,-0.634784,0.25059596,0.97811145,0.32184553,0.99997413,-0.20890911,0.47000682,1.0567526,-1.6959218,-1.3269359,1.4295093,-0.635305,2.0383422,0.52580625,1.039841,-1.4339806,0.33151272,1.9440491,-0.44252914,-0.6443425,0.065133125,1.8408589,-0.83338463,0.11987528,-0.6447916,-0.13847366,1.3273042,0.7765314,-1.0222211,1.0125785,0.12232691,2.0054944,-0.309703,-1.1089745,-0.4187036,1.922255,-0.15525557,-0.7815014,-1.3350582,0.82205606,1.086284,-1.395734,0.42189625,-0.19675426
Leukemia_GATTCAGGTGTATGGG-1,18.843344,-2.12109,-3.6189284,0.25789577,0.65724087,1.870201,-0.2488981,-1.3221626,0.48659357,0.8056758,0.21484332,0.69581133,-1.034384,-0.1709819,-0.5579422,-0.61858255,-0.41384143,-0.25897634,1.3540732,0.9019334,-1.8160472,-0.6722356,0.93847156,-0.23797415,-0.037093155,-0.22686988,-0.20679118,0.9920107,-0.37929183,0.59071314,-0.99520016,0.34969562,-0.110604174,1.3930346,-0.7545066,0.07922177,-0.6157443,0.4715888,0.23120409,-1.0075668,0.31508294,0.4117072,0.052091766,0.6870317,0.23981738,-0.3895862,0.2185901,-0.09339162,-0.046560146,0.085734025
Leukemia_GCAAACTTCTTTACGT-1,12.541709,-1.2250013,-1.3411072,1.3347994,-0.2672248,-0.04642361,0.5087805,-0.07640887,0.47395083,0.04148514,-0.23921098,-0.13069305,0.7599705,0.6001817,1.1422968,0.40573168,-0.34761244,0.18262787,-0.07184981,0.15040775,1.9848439,0.009811143,-0.26903817,1.1953653,1.0221057,0.065592885,-0.56474495,0.80938625,0.46189302,0.10103313,-0.07941314,-0.17384362,-0.29756218,-0.16060317,0.05279079,-0.078469135,0.03851274,-0.31904075,0.46091953,0.36932123,-0.00060263695,-0.06919497,-0.11734004,-0.5920111,-1.0213071,-0.33250737,0.58628875,0.192098,0.25128368,-0.35628873
Leukemia_GCAATCAGTGTGAATA-1,0.8459575,-0.032328803,5.6985517,-0.12323386,-0.3537078,0.9038497,1.9256809,-1.423082,-1.1567796,0.59390223,3.9187229,1.0434577,-0.6199256,-0.79641366,-2.234869,-0.20559628,0.4964732,-0.07568123,-0.29119766,0.3493298,-0.18205117,-0.22107041,-0.2352892,-0.13414949,-0.40655455,0.5625508,-0.09951801,0.1493326,-0.5226381,0.7967318,0.23362556,0.5773223,-1.2861626,-0.22161828,-0.19911836,-1.0097651,-0.2445913,-0.5667633,-1.0678351,0.22405106,0.39074114,-0.596391,-0.3948189,0.30673972,0.6045596,1.4755638,0.2790242,0.8478132,0.20317562,0.6485895
Leukemia_GCACATAAGCTCAACT-1,15.438374,-1.2446089,-2.1962752,0.69718134,-0.6474629,0.39736456,0.22298056,-0.28486547,-0.5786664,0.11887446,0.06535412,0.13392283,0.9467305,0.49323636,1.1479117,0.0013524548,-0.57425743,0.03906104,-0.17025505,0.74142045,1.2783568,-0.15800956,-0.50623274,1.8205081,1.2801943,-0.08395044,0.5368697,-0.04317407,0.4850927,1.2937537,-0.53954756,1.0992861,-0.5445398,-1.1155142,-0.31988478,-0.8106741,-0.77481484,-0.840041,-0.022025013,-0.10923891,0.7592374,0.64507204,-0.43469065,0.8369107,1.5520606,0.24748395,0.161435,0.47400725,-0.31292692,-0.02037257
Leukemia_GCACATAAGTGACTCT-1,-0.92133754,-0.5240302,6.022769,0.94769436,-1.9934131,2.9813926,1.7714777,-2.6429012,-1.1802684,-0.761941,0.9296169,-1.0295506,0.89341867,-0.14474384,1.1869773,0.88931024,1.4274671,0.03819342,-0.5138663,-1.7495067,1.8505796,1.4978583,0.44821286,-0.57396483,0.3578774,-0.9947845,0.029438723,-0.16036877,0.9462698,1.622426,-0.33526024,0.35860255,-0.9312278,1.2003461,-1.2546835,-0.46467224,2.0792336,0.7498121,0.22065812,0.55578655,0.38639072,0.71434176,-1.358623,1.0711575,-1.3778455,-0.027197955,0.45110783,0.71655446,2.0513837,-0.39792365
Leukemia_GCACTCTGTATGAATG-1,0.4661687,-4.6561484,6.1389747,0.382382,-0.2560129,-2.4318852,-2.5318892,2.6108148,1.7258625,3.2929575,-0.9949913,-1.0444252,0.017911805,-0.34621903,-0.5332545,-0.93866545,-1.2688419,0.5175783,0.41311544,-1.4802555,0.62869126,-0.44297573,-1.3710648,1.518877,1.6117824,0.4790422,0.5693126,-0.48907688,1.1017557,0.45651284,-0.42783403,-1.3460503,-0.99019414,0.21226728,1.3340939,2.4006588,0.281371,0.955092,0.98320705,1.2150491,1.0420376,-1.2254437,-1.5899829,0.5499549,-0.3362323,-0.16304411,-0.8208077,-1.1740291,-1.2008791,-0.7563583
Leukemia_GCACTCTGTTAAGAAC-1,12.549053,-0.5567453,0.0043890513,-0.046145752,0.41998628,-2.2050767,0.07184712,1.5998639,0.46673533,-1.0843977,0.64494884,1.5429217,2.9935079,-0.039984997,0.49033353,2.7573256,1.0994105,-0.07958216,-1.4046737,-0.991657,1.3644248,0.46337345,0.15617241,-0.23564926,0.25529927,-0.39286304,0.9762185,0.7273621,-0.4658988,-0.1461374,-0.012508859,-0.16369997,0.47872496,-1.2770786,0.6627564,0.08467713,-0.03863212,-0.5350724,-0.56995445,1.0167947,-0.11306543,-0.06758842,-1.4205241,-2.4385931,0.31562805,-0.24859779,-0.034119014,-0.41423374,0.39861354,0.70596814
Leukemia_GCAGCCATCAGCAACT-1,2.8284898,3.9519496,5.874284,1.4357294,0.5190479,-4.509564,1.5763563,2.6074855,2.0776937,-4.034028,1.1240102,3.3173618,5.3390903,-0.97486013,-0.011400449,2.7850077,1.3790007,0.69566804,-1.588903,-2.175351,-0.48024532,0.70244855,-0.19985066,-2.211362,1.2817593,0.9425232,-0.7319093,0.45109415,0.64511615,0.65580237,-1.8250554,-0.27842695,-2.0569859,-0.08028751,-0.055523608,-1.995665,-0.9441591,0.27564922,-1.0863664,-0.118931785,0.86548644,-0.14575322,-0.35807282,-0.37634042,-0.32183126,-1.2544845,0.4979794,-0.16471235,0.3082808,-1.1131158
Leukemia_GCATACAAGAACTCGG-1,14.072561,-2.093278,-1.9725189,1.3236969,-0.60968816,-1.1155612,0.61853623,0.60615516,-0.3998112,-0.7022516,-1.0507216,-0.7763812,0.28475168,0.05531158,0.38547385,1.0097468,0.85689974,-0.3125084,-0.055873923,0.18475685,1.6415684,-0.07684054,-0.037202504,0.68714684,-0.20132536,-1.2928202,0.120818816,1.133232,-0.11851831,0.19163464,0.04955902,0.046699163,0.123150736,-0.77114004,0.5558857,0.63097847,-0.021872675,0.7708186,-0.39289817,0.20868547,-0.33710805,-0.22968867,0.68380016,-1.6417423,0.41191006,0.73528177,0.15930821,0.13259697,-0.43404475,0.22743061
Leukemia_GCATGATAGATGTAAC-1,-3.0923727,-0.467051,4.3856363,0.61727786,-2.615719,2.902367,4.1785197,-1.0160425,-1.4399097,-0.857237,-0.7357348,0.08632621,-0.6838202,-1.4134636,-0.93795925,-0.39446378,-0.097208984,0.26336238,0.8629724,0.16016513,0.18910769,0.5175897,0.33668897,-0.81808263,0.19803086,-0.7474903,-0.6677216,0.75997007,-0.3024285,-0.5517422,0.7232435,-0.5696644,0.6129044,2.7443547,1.6480118,-2.0740428,-0.26906574,-1.092908,-0.06100738,-1.0280046,0.42936853,1.9225684,0.44261256,1.7458441,-1.6981236,-1.3013349,1.3646222,1.7317475,1.9070374,-1.0113988
Leukemia_GCATGCGAGACTACAA-1,11.624661,-0.4616315,-0.45428067,0.46156266,-0.4159608,-2.4410203,0.64372104,1.6653857,0.35765645,-1.8478848,-0.16107894,1.7416883,3.4469774,1.2155797,1.0553291,2.9573324,1.0491467,0.062538356,-0.006015601,1.0496085,2.5624843,-1.0962033,-0.62400043,0.29814464,-0.049532503,-0.21331196,-0.015363909,1.7603202,1.4998568,1.1470258,0.15277326,-0.9218709,0.85701853,-1.2454978,0.5534485,-0.7665618,1.2303512,0.1429144,0.6378799,-0.037583552,-0.55175215,-0.6476499,-0.94566894,-0.3822999,1.1602603,1.2634054,0.10648012,-1.1315271,1.0000116,-0.04205882
Leukemia_GCATGCGAGTGGTAGC-1,15.927199,-1.066196,-3.1184704,0.7159377,-0.8745781,1.072147,0.46327356,-0.7815351,-0.08981883,1.0392355,-1.3846027,-0.040429857,-0.34236795,0.116884224,0.6310004,-0.3561046,-0.59087753,-0.13261454,0.22007415,0.16777167,0.089697264,-0.42278898,-0.48011148,0.46232057,0.9859843,0.16067922,0.2777053,-0.39012802,-0.527888,-0.43408516,0.03126743,0.3584144,-0.24210103,0.08879903,-0.41727906,0.32478455,-0.27377182,-0.1024984,-0.2661125,0.55862635,0.25081283,0.11782858,0.71001786,0.07545854,-0.18843009,-0.62271124,-0.71343285,0.26055226,0.1294332,0.24863103
Leukemia_GCATGCGTCCTTCAAT-1,8.948741,0.15154468,1.7394639,0.15445866,-0.33793166,-0.9746589,-0.2092318,0.23344001,0.6084328,-2.4580522,-0.10177945,1.26754,3.1767786,-0.46183378,-0.32660377,0.9268746,0.5695131,-0.025636889,-0.8631313,0.93925714,2.2538862,-0.74429333,0.642484,-0.56855166,0.117982805,0.5479999,-0.50658363,0.61530215,0.63012403,-0.76437694,1.2169836,0.42651135,0.64429927,0.3804502,-0.07791753,0.19601718,0.5460794,-0.12329496,-0.91766405,0.26235354,1.0537293,-0.20681155,1.8180568,-0.5829925,-1.0076454,1.1299899,-1.7701979,-0.57372445,-1.1991783,-0.8885993
Leukemia_GCATGTACAGCTGCTG-1,9.884842,1.0193819,1.5840518,-0.22977446,0.49056613,-1.876228,-1.0756896,2.3600328,2.848777,-1.9812164,1.3231938,3.165722,5.4902525,0.21647918,0.45441392,5.0881667,1.9508222,0.21783654,-0.89665145,0.5089796,-0.49255845,0.38937533,0.6676716,-1.7769654,-2.2812731,-0.32931605,1.3453394,1.2012349,-0.1238794,1.0177206,-0.85143775,-0.12514432,0.812206,-0.46299917,-0.3533126,0.7785685,-0.22311945,-0.32665285,-0.27919742,-1.0718566,-1.5688722,-0.39014375,-1.3570213,-2.2885923,-1.7342447,0.32668442,-1.5377568,-0.77406114,0.6067585,0.44931403
Leukemia_GCATGTAGTCTAAACC-1,15.762213,-1.789075,-1.2887391,0.028249253,-0.15374528,0.7241407,-0.4959913,-0.20494036,0.34680513,0.8402551,1.4112668,0.5164468,0.7902269,0.14735903,-0.409366,-0.87743086,0.34524903,0.9998381,0.51041543,0.22128177,-0.217212,-0.21970218,0.43694383,-0.45434543,-0.4837831,-0.05645803,1.0424259,1.1915518,-0.09707742,-1.1824027,0.15065235,-0.025037235,0.7753637,0.83274853,-0.14996892,1.0470151,-0.008953827,0.5459536,0.11197633,0.7948206,0.5633496,0.32826844,1.1204542,-0.45614806,-0.490097,0.57409924,-1.7632046,0.35633475,0.9556465,-0.3241024
Leukemia_GCATGTAGTCTGCAAT-1,-0.7462693,-1.5935099,3.1630852,2.2057204,-1.8815722,-1.241587,0.27410707,0.18967997,-0.64649594,0.23913082,0.21686375,-0.56606525,-1.0949174,-0.058311783,0.7896271,-0.8147886,-0.11883963,0.2218333,-0.37185773,0.044304565,0.41157448,0.029773587,0.30012283,1.2937789,-0.39916548,-1.0142304,-1.7729642,-0.005172979,0.87846124,0.033982508,-1.1097764,-0.625566,-0.9401927,0.113826334,0.6447011,0.79266,0.38739428,0.42031235,-0.09917667,-0.21501647,-0.1952589,-0.16360313,0.40648532,-0.29559097,0.05885361,1.5111947,0.35607287,0.14295915,-0.7702472,-0.030672364
Leukemia_GCCTCTACAGCTTCGG-1,12.928082,-0.8009922,-0.8506012,1.769644,-0.43193424,-0.27466816,2.7891371,0.4278391,0.3428283,-2.3615508,-1.5837735,0.48317343,2.4874277,1.2609366,1.4747841,2.3843796,-0.27484316,-0.22898574,-0.48217458,0.7465016,2.739589,-1.0768694,-0.04754716,0.38001198,0.73250633,-0.5770765,-0.92473865,0.5354672,0.7907427,0.27841547,-0.5681485,-0.3584757,-0.024258409,0.12557575,0.9191149,-0.48441756,-0.028440239,-0.045894153,0.15041324,-0.2921437,-0.13690454,0.1836598,0.36811873,0.50377095,0.82385206,0.47695565,-0.5901923,-0.88898647,0.11426331,0.36373642
Leukemia_GCCTCTACATTTGCCC-1,14.8074465,-1.9326134,-2.6419892,0.033211242,0.7307194,0.66049063,0.9432531,0.898659,-0.010461172,0.21449871,0.27010947,0.4101597,-0.6542883,-0.19637083,-1.1277779,1.4866048,-0.76549923,-1.0071231,1.4228522,1.3345317,1.4997604,0.032313917,0.7216487,2.244182,-0.115548074,-0.03680125,0.36498836,0.40881357,0.43586203,0.7620586,-0.33351377,-0.1172739,1.5726209,1.2105953,-1.1492004,0.25951946,-1.4495201,0.80382884,-1.0318772,-1.3195101,0.5883767,0.9666499,-0.27705023,0.081469215,-0.013204132,-0.048037346,-0.018042857,0.12660383,-1.4769579,0.5433588
Leukemia_GCCTCTAGTTTGTGTG-1,-2.4822454,-3.0464613,6.381662,-0.21955872,-0.3133948,2.4534383,-0.19003804,-0.12423159,-2.8987997,0.67119807,-2.4389024,-1.3975415,0.5154662,-2.2949696,-0.08787854,2.6396115,-1.60023,1.7646031,2.614184,0.7667409,0.66114265,-0.22464986,-1.677404,-0.18480177,-1.7127792,-0.16999127,-0.7913437,3.3492424,-1.2040156,2.1324642,-1.3483875,-2.4632576,0.6176156,1.5271186,-1.895645,-1.1680297,-2.231466,0.57680345,-0.53271365,2.040295,0.02650018,-2.7000308,1.783749,1.7189698,-0.28205413,-1.7107164,-1.3591559,2.0529342,-2.286414,-2.0001059
Leukemia_GCGAGAAGTGGCTCCA-1,-2.2826433,-0.61025125,5.138156,2.73017,-2.5308616,1.3159118,3.2295144,-0.2603682,-0.540912,0.94820684,-0.06099219,-0.01020038,-1.1077689,-0.6995461,1.4513671,-0.3896832,0.5028491,-0.749196,-0.98178744,-0.11878931,0.28235304,1.4672706,-0.5318831,0.59451234,-0.76270825,-0.96812606,-1.4476193,0.74598706,-0.11736971,1.2189841,0.3354791,-0.16430064,-0.4733781,0.7914945,0.15514235,-0.5459333,-0.04323596,-0.7529457,0.7875989,-0.37156352,0.40616044,-1.3853556,0.4575025,0.9827955,-1.3722693,0.46956444,0.38516164,1.6381975,0.18044582,-1.3746153
Leukemia_GCGAGAATCCGCAAGC-1,15.073883,0.4467743,-1.5555292,0.37246785,0.2918113,-0.2901161,-0.2016842,-1.3254687,-0.08566546,-0.2907665,0.15827887,-0.70979875,0.6518901,1.7761241,0.42564827,-0.03125192,-0.17507899,-0.658076,0.6348937,-0.74943894,2.3163736,-0.15738423,-1.2817477,0.498455,1.1010072,0.11354119,-0.5865008,-0.5408787,0.0021874814,0.5497,-1.0867854,0.45205024,-0.17315835,-0.7413087,0.35489246,-1.5808247,1.0757757,0.90132666,0.053205665,0.8628821,1.2693199,0.33636197,0.74089134,-0.6260714,0.5948084,-1.0654638,-0.09776917,0.07548954,0.6530467,0.6559341
Leukemia_GCGCAGTCATCTCGCT-1,-1.0589565,-2.7718685,4.2723317,1.2926799,-0.045248035,-0.3155666,1.2801771,-0.044447392,-1.0074452,-1.8857077,1.9012288,-1.2044734,-0.48030847,0.905433,-0.25569764,0.2064525,-0.06066639,-1.3606354,-0.39854306,2.7585766,0.35613072,0.74369335,0.16789837,-0.9702372,0.21318479,-0.52363586,-1.0763599,1.9262178,-0.4753979,0.43365255,-1.183831,-1.2816702,0.5164563,0.6261377,0.6332981,-0.49957657,0.59545535,0.16573948,0.675398,-1.8352894,-1.106754,0.16084644,1.3215402,0.4028176,-0.61477864,0.022557454,1.2266206,-0.16645119,-1.5757222,-0.44944727
Leukemia_GCGCAGTGTGCCTGGT-1,-0.19364999,5.7743273,4.783062,0.6767912,1.0542328,-4.680939,2.4188263,1.404412,0.5246603,-3.820939,-1.6337916,0.26473138,0.9302348,-0.4328806,-0.48448026,-0.62332445,0.14922619,0.49741226,1.1893603,-0.77083963,-0.26694268,0.65243673,1.1091741,1.1511441,0.120623074,-1.4862795,-0.09350436,-0.7987895,0.3868132,-2.1834168,-0.5626408,0.58732164,-1.1196585,0.8234746,0.601746,0.2700505,-1.0131137,0.7081132,-1.0141966,0.434652,0.36662382,-1.477867,2.2824512,1.068964,1.8413007,-0.06767478,-0.5809916,-0.44409144,-0.42502213,2.0092103
Leukemia_GCGCAGTGTGCGAAAC-1,15.469882,-1.73003,-2.6266599,-0.20108998,-0.56228197,0.22114027,0.09675851,-0.63984525,-0.06712551,0.42750344,-0.11955957,0.21098712,-0.7734447,0.2311486,0.4312386,0.57729995,0.21847259,0.0070649753,-0.9009622,-0.51120275,-0.28075066,0.73573136,0.35799295,0.68698204,-0.22489163,-0.19501872,1.0306972,-0.34464034,-1.5555835,0.45372975,-0.40357536,0.1442604,0.62265927,-0.62637746,0.4788057,0.4815955,-1.5266694,-0.2030525,-0.6013872,0.76131064,-1.0811121,-0.953024,-0.44657457,0.04569546,-0.20212562,-0.9576515,-0.10426726,-0.30083862,-0.38579252,0.48891702
Leukemia_GCGCCAAAGACATAAC-1,-1.4817089,-3.066153,5.4535856,1.4992611,-0.60250676,-0.32489657,1.6347603,-1.8437636,-2.7318616,1.3943367,-1.3355521,-0.17706555,-1.8504305,-1.7453101,-0.93602294,0.21910465,-0.52390003,-1.598388,-1.5888728,0.5268398,-0.8021172,-1.3950685,0.7584982,0.37882766,-1.681779,-1.3581967,-1.0435698,-0.15429448,3.160092,-1.3027784,-1.4392074,0.03622818,3.556056,0.6562977,1.0907004,0.630916,0.8864522,0.88392174,-0.7445536,2.3865135,1.5260279,0.15184636,-0.86703676,-0.59172595,0.32123592,0.42002818,-0.43769917,1.3075293,-1.6399815,-1.0624108
Leukemia_GCGCCAACAGATGGCA-1,-3.1075215,-2.9095201,5.600085,0.3242282,0.6162625,0.9980059,1.6351393,-0.56274694,-1.3861666,0.13967842,-0.77349925,0.12558772,0.3196928,0.7468782,0.26381782,-0.69512576,-0.06389918,0.33869916,0.5908064,1.1042812,0.34996802,0.7930537,-0.20195922,0.12465969,-0.33749,-0.46682727,-2.4136817,0.76436776,1.1479545,-1.7053295,-2.769892,1.1881934,-0.37142155,-0.65320104,0.6666388,1.2289,-0.04807593,0.20633003,-0.05395518,1.4202236,-2.3298929,-0.19557637,0.9376784,1.7450255,-0.86196405,-0.9636504,0.4124461,0.7870403,-0.6389674,-0.08934316
Leukemia_GCGCCAAGTCGAACAG-1,10.623248,-1.2078065,0.08256672,0.5396995,-0.2434624,-2.0121615,-0.6267973,0.9483089,0.15018168,1.0772964,2.349705,2.5500953,1.0880691,-0.08209274,-0.80225986,0.7836371,1.9871305,-0.5922523,-0.0011744382,-0.21495071,-1.1815082,1.4739461,1.6790845,1.5035585,-2.591539,0.12289197,0.20207603,2.447934,0.16346748,-0.92005426,1.0887272,-1.1894662,1.2899559,-0.5752768,-0.17229994,1.66729,-1.0660908,0.45103648,-1.1198999,0.25227648,0.23673299,-0.3583102,0.8352083,-2.2686832,1.0039922,0.18810107,0.4618115,-0.5604178,-0.33077544,0.032997154
Leukemia_GCGCCAATCATCTGCC-1,18.736485,-2.8007076,-3.324243,-1.624501,-0.20194949,1.4683595,-0.20289408,-0.68742126,0.2379315,0.9211866,-0.2674916,0.7971859,-1.342982,-0.09411448,-0.74760973,-0.6516758,0.117850356,-0.8183067,-0.12830274,0.042485606,-2.3376968,0.49948475,-0.09617773,-0.9695504,-1.2446538,-0.51068056,0.50259054,-0.7444853,-0.759294,-0.5488604,-0.006355296,0.7457207,0.26556042,0.5089165,-0.7036595,0.17643405,-0.1648597,-0.17148072,-0.0034511634,0.52963793,-1.042857,-1.0874748,-0.63273835,0.025087545,-0.6699323,0.6540061,-1.2377945,0.051666085,-0.19660547,0.07987499
Leukemia_GCGCCAATCATCTGTT-1,1.4799144,1.3970809,3.6569488,0.11219828,-1.1198164,-0.93005663,0.5111558,-0.20913616,1.0451521,1.2002658,4.0337315,1.1345797,-0.5258504,-0.6829661,-1.8296019,-1.4337337,1.1420324,0.19245704,1.5533558,1.051914,-2.7551923,1.5378724,1.1066806,1.1257046,-2.0907526,-0.29867336,-0.36243746,-0.079420544,0.9344531,0.58221775,-1.0161401,-1.398479,3.2341056,2.5007446,-1.2618725,-0.18795536,0.44386977,-0.22011296,-0.17305689,-0.25616315,0.104904704,0.16074072,0.7552979,-1.224043,1.4872141,-0.13184677,-0.63253826,-1.9466515,0.029157294,0.304557
Leukemia_GCGCCAATCATGCAAC-1,4.6762905,9.5391865,2.958191,-0.5209189,2.010237,-5.364008,-0.39435098,-0.5428407,-3.528271,1.3455946,0.88329893,-1.1472753,-0.95124733,0.822497,-0.67668015,-0.09544398,0.2746034,-1.314739,0.45545423,0.41989443,-0.22863427,0.36961108,0.42713934,0.29176944,-1.1657262,-0.34523398,-1.2650775,0.656663,-0.4840666,0.34867844,1.2544092,0.4329637,-0.8648109,-1.2281451,0.24549328,1.1181961,-0.29688454,1.2445961,-0.47105652,1.2947251,1.392077,1.1132319,1.5580941,0.31151262,1.3573732,0.7800885,0.60357153,1.3136613,-0.34462202,1.64854
Leukemia_GCGCGATAGGGTTTCT-1,-5.6169834,0.28571358,2.6804967,1.7396244,-1.2993032,4.6848063,3.581198,-3.6275148,-0.5422874,-1.655105,-0.84732234,0.88941413,-0.11358392,2.4467351,1.6918384,-1.7267525,-1.2187374,-1.0382686,0.71301556,-0.60885227,1.0417794,1.2088813,-0.5316926,-2.5116012,1.7801453,-2.6734672,3.674741,-0.9088689,3.553681,1.8639357,-0.3158449,1.9421377,-0.13609627,0.1816726,-2.3539512,3.4135678,-2.0740638,0.20467901,-0.46907762,0.5990096,0.68604404,1.4679048,0.58969957,-1.5513133,2.0341337,-0.9639967,-2.471091,-2.006052,-2.382005,-1.3375565
Leukemia_GCGGGTTGTCATATCG-1,-1.9331167,-1.3441291,4.1509056,1.1392034,-1.582114,2.366444,3.2488642,-1.497255,-0.43547833,-0.03960999,-1.6624715,-0.4757842,-0.19729589,1.4282174,2.4596481,-0.73562324,0.72685534,-0.8539134,-1.0867358,-0.07710839,0.35178405,0.62736297,1.2371693,0.89639765,0.19379148,-0.08640458,-0.42287156,-2.0195165,1.0304682,-1.2031473,-0.2966848,-1.261768,0.2467474,1.6816472,0.43845406,-1.2886869,1.9223195,-0.9373473,-1.0982533,0.15970227,0.10668149,-0.17202732,0.54017556,0.4638461,-1.9007227,1.5480528,-0.43132702,-0.39575258,-0.4864915,0.2519347
Leukemia_GCGGGTTGTTCTGAAC-1,-2.0202427,-2.3419013,3.4801562,2.004674,-1.5339553,0.24071409,2.120571,-0.54500306,-0.42741087,0.4467606,0.0017928093,-0.54851913,-1.0984037,0.21257181,1.7806025,-0.338387,0.31271443,-0.71536386,-0.9172021,0.82733804,-0.6763243,1.3675319,-0.42302674,-0.019526457,-0.21701099,0.49150854,-2.089023,0.80440855,-0.9153865,-0.5089927,0.24790257,-2.7011368,0.6631928,-0.6585768,1.2231556,-0.96211916,0.5060936,-0.5370558,1.0422286,-2.313091,1.1642029,-0.7466819,-0.09337571,-1.5158128,-1.0170485,1.8571609,-0.6809053,-0.7784253,0.25448346,-0.121941686
Leukemia_GCTCTGTCAGCGTCCA-1,-3.4790533,-2.9681659,5.80151,0.38332194,-1.5827237,1.2728598,0.6311635,-0.65383005,-0.1853079,-0.30637214,0.05358591,-1.0211095,-0.5562464,-0.47657552,-1.5262836,1.2751224,-0.569939,1.214381,1.8649514,3.4481437,-0.14924026,-0.69912875,-1.2799357,-2.6688576,0.19100343,-1.400968,-0.59348077,0.29604363,-1.3049186,0.44993228,-1.8204869,0.14919046,-1.0891768,-0.2507941,-0.753791,-0.8011475,-0.35009906,1.316061,0.35523975,-0.17527731,0.2178434,0.45032245,-0.4023377,0.6278003,-0.23530701,0.64013803,0.55286175,-0.8692521,-0.9931177,-1.4330267
Leukemia_GCTCTGTTCATGCAAC-1,-2.8008313,-0.029554946,4.3202596,2.7211087,-1.650496,3.467172,3.568306,-2.9609165,-1.1953962,-1.3357648,-3.6081274,-1.6993715,1.9553202,-0.7280004,-4.163915,1.8804104,1.2750927,4.3761244,-1.9832103,-0.9562684,2.9474163,3.744466,2.594273,1.3800532,1.173948,-1.3441167,1.0408918,1.0270653,-0.78331757,1.4741557,-1.2205088,2.2447445,-0.17951322,3.202088,2.141741,0.45788035,4.186829,2.5981665,4.601447,2.2289195,0.33109456,0.24432659,-1.5504243,-3.1761527,3.9093673,-2.3520646,-1.0348462,0.433833,-0.5250461,-2.8957522
Leukemia_GCTGCAGTCACCAGGC-1,-1.403069,-2.900786,4.5361743,1.2951407,-0.8726077,-1.7473859,0.5283832,-0.055887513,-2.4866266,-0.52724534,0.90478116,-0.73041993,0.004789304,-0.044473633,-1.0018178,1.4805529,2.5466201,-0.3615404,0.83712023,-0.6947539,0.6932869,-0.18496816,-2.7049417,1.427447,0.9139652,0.54233813,0.16372699,0.08034532,0.090836376,1.0760314,-0.54991376,-0.7297126,1.1610055,-2.815887,1.7298754,0.49452582,1.2785914,-1.2189691,-0.49570006,0.31878826,-1.3714975,-0.04007074,0.17956185,-0.17956296,-1.1019231,-0.0610454,0.5710413,-0.30578977,-0.07274411,0.1561851
Leukemia_GCTGCAGTCAGTCCCT-1,-3.1075068,-0.9525168,4.7287755,1.739543,-1.3565433,3.46845,3.5568204,-0.33731666,-1.2202209,-0.211316,-0.28969678,-0.73879665,0.3697148,0.3001916,1.4120077,-1.0144775,-0.48832133,-0.18485883,-0.7060451,-1.5490727,0.516493,-0.49001408,1.939641,-0.022836905,0.4974344,1.5338103,-1.2787989,0.7630579,0.9522788,-0.8236897,0.04140892,0.2153007,-1.766528,0.9408239,-0.683569,0.16238514,-0.14967452,-0.36049774,-0.1898965,-0.9045802,0.8461202,0.23338664,0.9238489,0.14569032,-2.3942196,0.0021585657,-0.2644296,0.25870028,-1.3986071,-0.36489478
Leukemia_GCTGCAGTCCATGAAC-1,-0.25406057,-2.742935,6.1755056,-0.74229395,-1.1801025,2.701064,-0.22806469,-0.58703005,-1.5710906,1.9051661,3.5317597,0.46108255,1.2614619,0.9407363,0.69493145,-0.32027388,-0.81847435,-0.038203046,-1.7266724,-1.7071114,-0.24267462,-0.57676697,-1.5897067,0.18133596,-0.62077475,1.5292681,0.3403839,-1.3504701,0.63308793,0.84000707,-0.16525997,0.5145053,1.2172056,-1.0818385,0.42189905,-1.3733383,-0.23632845,-1.1504579,-0.095017776,-0.6816021,0.8303651,-0.42391825,-1.0585918,0.7417245,1.338807,1.477659,0.18618105,-1.8237561,0.29741764,0.030092109
Leukemia_GCTTCCACAGGATTGG-1,17.905455,-2.2439356,-3.1850288,-1.0581762,0.8566787,1.6212475,-0.37766832,-0.7936815,-0.32823712,1.3761728,1.1289253,0.16399938,-0.046528447,0.9632094,-0.4894818,-0.50600123,0.019050984,-0.3703106,-0.7894564,-0.41384262,-0.41181713,0.48090282,0.1058453,-1.0519702,-1.4747821,0.28782362,0.47515884,0.39895862,-0.8769343,0.22492307,-0.31520346,0.31386727,0.12937783,-0.36712638,-0.33016187,0.089714095,-0.117621906,0.4720049,-0.13450342,0.18988588,-0.30664632,-0.97350836,-0.0791424,-0.17130403,-0.935234,0.6512282,-0.70863396,0.38178355,-0.47113997,-0.055148818
Leukemia_GCTTGAAGTATAATGG-1,18.20001,-2.04119,-2.9138937,-0.03776189,-0.45809522,1.9084674,0.36057463,-0.55044985,0.3235809,-0.60693884,-1.9759305,-0.85702294,-1.411875,-0.08958043,0.31768322,-0.16188464,-0.21692573,-0.31674218,0.4929052,0.38182604,0.76360774,-0.11202142,-1.3395768,-0.33528185,1.7816437,1.2272683,0.10789438,-1.2191082,-0.4056679,-0.48274857,-0.47053608,0.22474267,-0.4092755,-0.7511408,0.2639509,-1.6869797,-0.262598,-0.8839571,0.08899073,-0.37237984,0.14805748,0.8021573,0.09962594,2.2373545,1.5005041,-0.4563695,0.8336514,-0.2575664,0.23637141,-0.6946232
Leukemia_GCTTGAAGTCTCACCT-1,-0.8298801,-3.1735625,3.554239,1.7997607,-0.6581336,-2.505967,1.11298,0.8832486,-0.64316285,1.1814889,-0.601692,-1.0048604,-1.2954696,-0.4626013,0.8469641,-0.39150596,0.42117888,-0.9057478,-1.2121092,2.363795,0.47348422,1.2418294,0.12568426,-0.3622459,-0.688533,-0.67539555,-0.87392306,0.26761934,0.80384284,-0.007480076,0.5637568,-0.81220996,1.1138501,0.034095157,2.3393638,1.9332523,-1.164872,1.5598922,0.26879287,2.287613,0.72083217,-1.7517112,-0.7198186,-0.5994886,-1.5684365,0.6236807,0.3247332,0.7263007,-2.3199918,-0.4370774
Leukemia_GCTTGAAGTCTCCCTA-1,15.150315,-1.7931186,-2.5091188,1.2076,-1.0707781,0.6028797,2.2913187,-0.68434006,-0.96519995,-0.32043263,-3.313672,-0.95171356,0.07322706,0.01779332,1.3414414,-0.6141103,-0.9860711,-0.37661818,0.529005,0.98254275,2.0523686,-1.612464,-1.0572819,-0.118302874,0.93141717,-0.08824,-1.1927745,0.918845,-0.32211557,1.0037236,-0.37425858,0.63765645,-0.70707667,-0.51568764,-1.0589345,-0.9794047,0.5853112,0.17458305,-0.6740181,0.0142203905,-0.24955264,0.3601353,0.53893214,1.8699439,0.58520883,0.05608296,0.33688885,0.85294294,-0.033207897,0.46020314
Leukemia_GCTTGAAGTGGCAAAC-1,-0.18660852,-0.70710754,4.307974,-0.6366681,-1.8804001,0.2395156,0.5578209,-1.4018618,-0.9172339,1.9265985,3.458254,1.1453432,0.51548994,0.7932869,-1.6043535,-1.5573251,1.0337572,1.1823173,-0.89085174,0.36471167,-1.0245088,-0.42958653,-0.24448186,-0.6996675,0.58121914,-0.049667045,0.5989945,-2.0520697,0.072276264,0.39744568,1.4261789,0.69135123,0.8862316,-0.5038481,0.46785098,-1.0423336,0.6250779,-2.6476886,-0.596592,-0.31768155,-1.3972582,-1.562568,0.39645624,1.610195,1.6547341,0.55228627,0.25077543,-0.260978,0.8285114,2.577865
Leukemia_GCTTGAAGTGTGAAAT-1,8.022756,16.1397,4.876839,-6.23981,7.1771936,-0.14353135,-5.103421,-1.7523166,-3.8779242,7.504749,1.1058921,1.9368403,0.73747146,-0.23185092,0.40922624,2.2643206,1.1638496,-1.9154195,0.17406523,-1.8667756,-1.7098141,0.1356714,0.9079117,1.8035966,-0.5087757,-0.51923615,0.50554,0.027810825,0.08448627,-2.3691173,0.66804713,-1.8607031,2.7502658,0.14236407,1.4118054,0.70325124,0.320032,1.1144252,-0.15284848,-0.25372344,-0.1302521,1.419939,-1.7520078,1.0370752,-0.4705281,0.37123623,0.32317728,-0.57977945,0.2047991,-0.7906497
Leukemia_GGAAAGCAGACTAGGC-1,3.5674067,22.428982,4.940646,-9.665653,8.878016,2.1618707,-7.9623594,-2.8040695,-8.838835,11.67917,-5.294148,1.9151146,-2.302963,0.4055794,4.456327,6.054124,4.8802805,-2.5751173,-1.1538963,3.626615,1.6996652,-0.64034545,1.9586799,0.3494125,-0.2772218,-1.3992403,-2.203063,0.33183748,-0.703684,0.9599886,-0.53269243,-0.55409896,2.2676814,0.75827515,3.2973382,-1.106761,0.71202886,-1.5804563,-0.7640453,-0.2584115,-1.152388,0.62847924,0.5205146,-1.4495674,-1.0342277,1.3113198,1.7017612,-0.15053184,0.7310969,0.88677347
Leukemia_GGAAAGCAGAGTAATC-1,-3.44853,-5.95389,8.161721,-2.32733,0.5088748,2.0283527,-0.94274527,0.011766415,-0.38016346,1.267925,-0.7555083,3.3722172,-2.6192558,-2.1296737,-3.7620027,2.0168471,-3.2546933,-0.99351406,-1.7984357,5.058958,2.4090066,4.6115484,1.7640396,0.5274405,-2.3940346,-0.3522518,-1.8699341,-0.6269617,-1.0146555,-0.5493484,-1.435949,-0.70247245,-0.48094216,-0.14546187,0.6015614,-1.789055,-0.53911805,-1.3478435,-0.5510176,0.81143534,-0.7270643,3.6580622,1.1705679,0.97866756,0.2976038,-3.1855094,0.7692355,1.0101565,1.9195589,0.029025566
Leukemia_GGAAAGCGTGTAATGA-1,-0.6526187,-2.6911573,5.253072,-0.3626256,-0.36128482,0.712657,-1.0602417,-1.2932922,-0.21224342,3.7135844,3.652878,2.614852,-0.8601668,-0.5515487,-1.4002638,-0.4739882,-0.49957418,0.85328877,-0.89288485,-0.07060112,-1.6154106,0.37193677,0.51385677,-1.3929796,0.6494175,1.9010274,0.19886248,-1.9321436,-0.5356103,-1.0024978,-1.5918932,0.23841417,0.15443614,-0.47695407,1.4189773,-0.8425761,1.073192,-0.31840438,-0.9213235,1.0666857,-1.1642683,-0.69667935,0.4947123,-0.2824446,0.75016576,0.15671635,-0.3203289,0.18589196,0.91883206,2.0269554
Leukemia_GGAACTTGTCCGTGAC-1,12.218494,-0.2955055,-1.5344131,0.63019896,0.017614236,0.91372305,1.0295357,0.8406057,0.21125907,-0.9007743,-2.8172257,-1.2041236,1.1931673,0.5305122,0.7155804,0.84527224,-0.50064385,0.1100133,0.4518415,0.33469948,2.9376562,-0.90116364,-0.7996118,1.4619482,0.99337053,0.0043191398,-0.79552495,0.20452729,0.58731484,0.64915746,-0.9940313,0.86515415,-0.7759786,0.4021021,-1.0555494,-0.586815,0.0024761648,-0.23868124,0.23583755,-0.49262038,-0.12166655,0.04115167,-0.31840745,-0.016865926,0.38918278,-0.9180798,0.15742144,0.20077963,-0.3773525,0.43265173
Leukemia_GGAACTTTCGTACGGC-1,-0.30621853,-0.5113727,4.0443554,1.4462987,-0.48029217,0.16194783,1.8481243,-1.3811,-2.1184905,1.2193935,2.6829638,-0.6560353,-0.27880675,-0.19187738,1.33057,-0.8851961,-0.69027174,-1.1769446,-0.6118483,-1.3890184,-0.061229806,-0.78517,-0.1856463,-0.40144527,-0.5097561,1.1697624,-0.4037714,-1.2741209,0.119912915,0.5850219,0.8074806,-0.99101675,0.52240634,-0.50041556,0.2608901,-1.0700763,1.0706586,0.44811577,-0.9927063,1.4218366,0.24771515,-1.3180828,-0.3574629,0.22861986,0.47799703,1.2253295,0.41088822,-0.31977835,1.3084561,-0.58258575
Leukemia_GGACAAGGTGCACGAA-1,-1.0680244,-3.730876,6.4379234,0.26773173,-1.7314916,-0.457759,-1.1789347,-0.29572564,-0.7840679,1.6357453,0.22252081,-0.21555851,-0.087076806,0.22417231,0.13751249,0.8224486,-0.1690927,1.476236,-1.869127,1.6890528,0.8264646,0.53784144,-0.3279247,1.5441451,-0.15509598,-0.5301119,-1.0705587,-0.893426,-0.70611423,0.36319566,0.13702999,0.899292,-0.90178007,-0.9074398,0.01944564,0.4988445,0.9566268,1.0967667,-0.9911158,-0.8626116,-0.8803482,0.48387456,0.64693475,0.6508379,-0.26723635,-0.91204923,0.4330905,2.1361563,-0.43465465,-0.25264892
Leukemia_GGACATTAGCGTTGCC-1,18.583559,-2.4649858,-4.2484436,-0.17992778,0.27323475,1.3119946,-1.1437234,-0.76921177,-0.33317816,0.524007,1.090706,0.41312063,-0.3470723,-0.15371579,0.32520807,-0.4515705,-0.60332024,-0.15692355,-0.056897484,-0.035898667,-0.8745603,-0.4059668,-0.4998699,-1.4929816,0.5963901,0.67344105,0.44482648,-1.2014866,-0.40391156,0.16327989,-0.07836334,0.6036214,-0.18757553,0.21351771,-0.10469351,-0.31750864,0.55902237,-0.8999597,0.2398854,-0.31305382,-0.039353676,0.059149753,-0.48548466,0.26066622,0.674287,-0.20376012,-1.2958317,0.48936048,0.045760036,1.353027
Leukemia_GGACATTAGTGCAAGC-1,-0.69476956,-3.862168,4.5208383,-0.2884623,0.7708908,-1.3155094,-1.6678545,0.73808634,-1.6265358,1.0259031,0.6434606,-2.6998224,0.66210914,0.29981434,0.11533962,0.20769382,-2.1400456,1.6736233,-0.2856576,-0.81369823,0.5372044,1.1658797,-1.98459,-0.38008583,-0.19582728,0.20063579,-1.6727332,-1.3918239,-0.6753641,1.0695409,-0.23108149,-0.25037378,0.12984002,0.89992195,0.4238598,0.25950357,-0.72845554,0.26787978,-0.27945423,1.9169813,-1.1885083,0.33618507,0.81168044,0.9834631,0.21125503,-0.11467042,-0.7431086,0.5187273,-0.018503949,-0.18027315
Leukemia_GGACATTGTGAGGGTT-1,-6.318464,-0.077889435,2.845314,-0.79983896,-1.0298451,8.813288,0.4683581,-2.1662433,3.2098029,-4.3891735,-0.99479383,-1.4944189,1.7927063,4.7869678,7.003168,-0.87276256,2.779169,-1.0337018,-0.27942404,-1.7208058,-1.627743,0.7289393,1.1749142,1.351234,-0.496488,1.0561595,0.77594924,3.679716,0.15212491,-2.5296013,0.38586468,-0.36593726,-1.8723981,1.7208452,-1.6081281,-2.442515,-0.5190273,3.9154143,1.6167097,-2.8217592,-1.2467079,-4.2746706,-4.3773637,-3.308873,3.5970461,3.3269324,-0.15481375,2.0384123,-0.83858645,0.775287
Leukemia_GGACATTGTGCGAAAC-1,-2.659739,-3.008821,5.1067123,-0.93243605,-0.9186096,4.8490844,1.0111884,-3.143731,-2.2214205,2.2997437,-0.449623,2.470879,-0.344251,-0.98731285,1.7252095,-0.3089569,-0.379195,-0.11792796,-5.126104,0.016490387,-1.4504758,-0.08328195,0.2966156,2.979026,-1.0961686,-0.06301055,-0.22462733,0.11475925,0.92616093,-0.15700898,1.9140183,-0.035003606,-1.9106355,1.0127958,-1.9310244,-0.67743486,1.6350158,-0.016297631,-0.5218602,-0.20292544,0.7986623,0.31146953,1.09714,1.0350789,-0.3165162,0.4331511,-1.1127257,-1.9943104,0.492655,2.1412613
Leukemia_GGACGTCCAAATCCGT-1,0.65866804,10.472515,1.5944726,-1.109939,2.673745,1.1648659,-1.1655538,-1.6501144,-0.88867,3.1021597,-1.2408007,-2.355528,-1.0162315,-1.3341112,0.40229747,0.7934539,-2.4702425,0.24068046,-2.1763399,1.3152608,-2.8675153,-1.5713763,1.0552648,0.53367656,-1.8032012,-2.2302046,0.35796186,1.1838182,0.017510418,3.1288414,1.2642413,0.2968271,-1.2523024,-1.3471677,-1.3295871,0.084641,-1.6665521,-0.7469411,-0.8886659,-0.43154445,4.7488527,-0.20113224,0.6118705,0.7193937,-1.4164586,-2.2132902,0.15616116,-0.44704264,-2.4609034,2.4126234
Leukemia_GGACGTCCAATGTAAG-1,15.987512,-1.7816048,-1.7669302,-0.74513274,-0.23676372,0.21505028,-1.29411,0.70497346,1.3811026,0.56807977,1.0225517,1.4023513,1.2420791,-0.5197522,0.074151814,1.364517,0.42705378,0.41583753,0.53928673,0.9240809,-1.3796952,0.6111201,0.87050384,-0.0005272507,-1.1257418,-0.70089877,-0.2357993,0.53106135,-0.49067497,-0.3323774,0.58243966,0.29428196,0.6827426,0.052212402,1.1777679,0.18041387,-0.39013055,0.32079658,0.35134727,-0.39301175,0.5036326,-0.59525293,-0.7879764,-0.80766296,-0.24994914,-0.6038576,-0.49493986,-0.24585119,0.1950976,0.34287643
Leukemia_GGAGCAAAGTGCCAGA-1,-1.2861763,2.4598722,6.2270846,-0.10364433,-0.672195,1.9745436,4.0757823,-1.0859668,-0.4088569,-1.8440707,-1.0973253,2.164221,-2.6110344,-0.1147794,-2.2208326,-0.70376253,1.2574056,-2.2145267,2.6581767,0.21320793,-0.19767177,1.1390184,-0.58540136,2.1242187,-0.8984279,2.0948188,-0.0008396353,0.039129578,-2.534573,-0.30317855,-0.17545044,0.61428934,-1.207491,-0.21350285,3.759255,-1.5510911,-1.2727836,2.6254818,2.5258777,-0.3939166,-3.2427993,0.5722715,1.6281625,-0.84242123,-0.7622693,-1.6788836,1.1362746,-1.3324527,-1.5559251,1.7198529
Leukemia_GGAGCAAAGTGTTTGC-1,-0.6468785,-2.590823,5.171326,-1.2870027,0.16155201,3.3161497,-1.2259461,-1.0409867,-0.20859945,2.0043154,3.3471184,2.6929986,-0.26315805,-0.22929752,-1.8631314,-2.3354893,0.84013003,-1.6245916,-1.5355039,-0.19193599,-0.8322621,-1.3747126,-0.939001,1.2262123,-0.30732596,-1.1417032,0.44692838,-1.6342776,1.0853755,0.67131394,-1.396244,3.9441037,0.28986952,-2.2895236,0.5173,-1.6356933,-2.1846645,-3.7846212,0.29381073,2.3574421,-1.2596992,-2.4604979,-2.5967376,-0.7188666,0.04275535,0.4400534,-1.316378,-1.6305493,0.72236055,1.3945894
Leukemia_GGAGCAACACATGGGA-1,17.88824,-2.658973,-3.2700176,-0.17904137,0.10305876,0.9617559,-0.66444165,-0.8656059,-0.058241922,0.20945281,-0.5314843,-0.016913136,-1.409815,-0.5349955,-0.30588052,-1.0661626,-0.22945026,0.4551615,1.1574572,1.064999,-0.5911077,-0.7430297,-0.1862119,0.746272,0.14999518,-1.3313979,-0.5471493,0.34110498,-1.303733,1.653492,-0.9036091,0.092776954,-0.46608678,0.19046248,0.3800778,0.57713926,-0.46335828,-0.14121214,-0.24706846,-0.51806015,-0.95330966,1.240004,0.16705424,0.27361086,-0.694716,-0.15151276,0.53106886,0.12572248,-0.34544352,0.64238393
Leukemia_GGAGCAACATATGAGA-1,1.9290375,-5.888414,7.4471188,0.43721628,-1.3254623,-6.703098,-7.7258563,10.199713,12.568042,9.284569,-6.006182,-4.1393137,2.3243346,5.163125,-1.7965578,-6.874591,7.5242963,-4.4313297,-0.05598055,-12.738609,6.39286,-14.760695,2.2273324,-4.8804173,-0.9220648,1.6010559,6.0953894,-2.89949,-10.000595,5.8531866,6.156892,11.124742,2.8437705,13.203929,-12.606694,-3.6002357,11.234585,-0.1864596,2.1216033,-12.391462,0.14359725,-1.0517424,1.6615655,-8.339937,-12.10558,3.3108015,18.941235,-6.5411096,4.279652,4.147367
Leukemia_GGATGTTGTGAAATCA-1,-2.0103164,-2.8651547,3.2445164,0.40159228,-0.8653404,0.5508105,2.9478483,-1.293125,-0.53140706,-1.0666242,-0.929884,-0.19358782,0.1376845,0.29852563,3.0420666,-0.5993165,-1.0695982,-0.30398655,0.36849576,1.0385909,-0.26307905,0.17657328,-1.9912248,-1.1445564,-0.31770277,-1.8132302,-0.48459733,0.76487124,0.20462115,-0.21905625,1.5363184,0.0763719,0.14787926,-0.4101653,0.19149795,-0.2955888,-1.8245084,-1.9199598,-0.1231249,-0.6970672,-0.14174427,-0.290356,-0.0014896562,-0.75347394,0.11477397,-0.2942312,0.19520706,1.6043303,0.928728,0.018520607
Leukemia_GGATTACTCCGCGTTT-1,-0.13498108,-2.2646513,4.8487234,-1.209946,-0.40369308,1.0904746,-3.7757094,-0.7732325,2.6336994,2.460185,5.584772,2.7238305,-0.1317621,0.30894202,-2.515696,-1.4110951,0.37979022,1.0579603,0.9338419,2.3033903,-2.7501504,-0.21178065,-0.5578046,-1.1136597,-1.3852143,-1.683058,-1.0863185,2.7562716,-1.2665942,-1.2224754,-1.4473417,0.32052127,-0.13446476,1.642081,0.48327908,1.9692127,-0.49436778,-1.2656364,0.8245389,-0.3337076,1.7889202,-0.79976887,0.8450048,1.6515722,-1.4665897,0.22046079,-2.1915398,-0.5067018,-0.46159005,-0.21569966
Leukemia_GGATTACTCGCTTGTC-1,17.590702,-2.0747125,-2.3944678,-0.10857492,0.3513671,1.210649,-0.29595435,-1.140453,0.6110232,0.34181812,-0.47998807,0.30518198,0.4501889,0.13419099,-0.36085305,-0.6887669,-0.6917178,-0.4117667,0.33451438,0.5571577,0.54320675,-0.8228907,-0.20637347,0.087468825,0.32904214,-0.036776137,-0.14895351,-0.17348531,-0.8503111,0.12342326,0.46983945,0.7661309,-0.8145248,-0.35586897,-0.8816112,0.46691316,-0.037868664,-0.12646396,-0.38500655,-1.1157272,-0.21638325,1.3540623,-0.4240249,0.6738669,0.19312735,0.085779384,-0.13149333,0.18412416,0.19492325,-0.6747958
Leukemia_GGCAATTAGAGTCTGG-1,-2.3014355,-3.6204667,6.543598,1.1911007,-1.1953284,1.4944764,3.0349982,-1.5312862,-1.161641,-0.8987308,-0.92844313,-0.15432426,-0.514846,1.7721411,-0.22097194,1.512937,0.62051016,-0.2718476,1.4045331,-1.4442269,0.8577056,0.29122603,1.2680929,-0.18121521,0.54469025,-0.5651482,0.47356328,-0.6868492,1.2208345,0.82602346,-0.5292214,0.78940713,-1.1136358,0.2596409,-1.099572,1.056412,-2.1381395,-1.8214924,-2.7365584,-1.2483143,-1.0012959,1.4254757,0.9656138,0.50454557,-1.0278387,0.14086427,0.35681418,-0.1626796,1.6434813,1.1767883
Leukemia_GGCCGATCATAGTAAG-1,15.718821,-1.2823833,-1.0955845,0.42695892,-0.76496935,0.94151944,0.112787366,-0.6921866,0.47261322,-0.14661323,0.5277464,0.6417949,0.64558715,0.45658162,-0.316783,0.029144589,-0.7702212,0.43070954,0.62920624,0.8915863,2.0757766,-0.8316202,-0.15942898,1.2398242,0.3537523,0.07852134,0.5870521,1.1656276,-0.2599783,0.8234212,0.17634457,-0.20006673,-0.5217584,-0.4970488,-0.16489466,-1.0939103,-1.0443245,0.026385853,0.4841325,0.37622088,-0.24063835,-0.50622815,-0.26392192,0.51399285,1.0160884,-0.79619145,0.14768325,0.35074523,1.5100154,0.51022744
Leukemia_GGCGACTCAGCGTCCA-1,14.098975,-2.248618,-1.4879711,0.25595224,-0.26101765,-0.91844094,0.18163286,0.31416386,0.47621542,0.42464092,0.40044916,-0.91073114,0.6693312,0.3529911,0.17032433,-0.50356066,-0.23261486,0.8350422,0.596256,-0.86868376,0.5886368,0.15072817,0.40433067,-0.70347226,0.0129261315,1.1479795,-0.06965923,-0.16279685,-0.41189495,0.009562474,0.5226171,-0.0119061405,-0.29361624,0.5423873,-1.2185285,0.33905205,0.5834055,-0.52145064,-1.0700301,0.42693588,0.4348747,-0.9617015,-0.232278,-2.2025933,-1.7821347,0.13557398,0.5555385,0.11074885,-0.40474424,-0.09152731
Leukemia_GGCGACTGTTCTGTTT-1,13.455386,-0.9842881,-1.6201367,1.7071664,-0.69567746,-0.18685813,1.1270394,0.22202738,0.07180765,-0.4660919,-2.0929596,-0.1773774,-0.61920726,0.15104483,1.1806748,1.0172974,-0.982472,-0.52332854,-0.9814341,-0.4194159,1.2997037,-0.49221972,0.16469863,1.3175464,-0.18789105,0.10808065,-0.35013548,-0.45297047,-0.071888775,0.7039281,0.71595484,-0.6074352,0.3665065,-0.73869497,-0.37012362,-0.86730516,0.39005947,-0.20074014,0.3452869,0.3683496,0.0820948,0.11211365,-1.6729016,-0.6497953,0.2623289,-0.89822525,-0.17095034,-0.09825258,0.8633584,0.26987967
Leukemia_GGCGACTTCTGTTTGT-1,-1.9140184,-1.0156354,6.258735,1.0569121,-1.0436971,-0.35668463,0.8937941,-0.6607676,0.5127139,-1.8745747,-0.97138685,-2.6587014,-0.5637894,-0.41577142,-0.42878428,0.61396825,-1.7679212,1.6604111,1.684434,0.5340858,-1.9877405,-0.7719301,1.3077568,-0.55750203,0.38774735,-1.6387141,0.5766665,0.047138758,0.53187436,1.1479173,-2.3622382,-0.9713054,-0.6686546,-1.8458419,-2.2512565,-0.35684553,-3.9464805,2.8576267,-0.4016669,-1.6077412,-0.6840047,-0.96609706,-0.16472921,1.582215,0.96611917,3.7635086,-0.12926479,-0.23793027,1.2613719,-0.5478012
Leukemia_GGCGTGTGTCCTAGCG-1,-0.66621774,4.030036,5.0466194,2.8460517,-2.2032156,-0.69885784,5.284174,-0.64030015,-2.7649617,-0.5177334,0.7974377,0.10920418,-1.2779802,-0.4401884,0.68645644,-1.5008307,0.8041401,-0.852628,-0.5032267,-1.7044368,-0.21349473,0.5849032,0.45595178,0.9877512,-0.064145945,1.2184381,0.21211413,-0.30993274,0.7037627,-1.1144394,0.99800414,0.44976556,0.2687552,0.78718615,-0.94029343,0.079926275,-1.3071489,0.49915826,-0.35932133,0.43398666,2.2093084,-0.9557616,0.84994745,-1.3201134,0.6469076,-0.9352177,-1.5910492,0.6652421,-0.7117658,-0.2719829
Leukemia_GGCTCGAGTGGTTTCA-1,1.0067368,13.112809,4.091915,-1.5678139,2.5715327,-1.1543596,0.7539623,-1.2650857,-2.976868,3.7446601,-2.7166934,-0.34331504,-1.2859066,-1.0046932,0.9288867,-0.054664083,2.4851918,-2.9448867,-1.2497613,-0.35067412,-0.5416984,-0.2852435,0.8839936,1.7682753,-2.0378702,1.0635756,-0.30496815,0.38211495,0.39938542,0.32734904,1.3056928,2.3112915,1.6693832,2.1794038,1.0830076,0.7994629,-1.8477463,-0.82147527,-0.4037105,1.3028426,1.2815858,1.4243615,0.2700189,-0.1404431,-0.46424708,1.0439118,1.4746206,0.08438933,-0.8574694,-2.4225767
Leukemia_GGCTGGTAGAACTGTA-1,-3.634968,0.000636037,4.5197344,-1.5575701,-0.8934171,6.049707,-1.5549456,-1.370116,3.820964,-2.4977512,-1.0396246,0.39394358,-1.6626236,1.7892116,3.8371563,-1.220229,-1.6496266,-2.0147228,-1.1735061,0.15522668,1.9951965,3.7838101,-0.56010354,2.2229614,-2.04573,-1.003058,-1.1720272,0.09026777,3.0229237,-1.1111178,-2.2241898,-2.29527,-0.5167894,1.3279173,1.3557911,-1.5167102,1.4791527,-0.743801,-1.3286649,3.2983017,-0.47528502,2.1337078,-0.09820557,1.4520725,0.72829074,-0.29969707,2.6746979,0.17588627,0.8166147,-0.2348454
Leukemia_GGCTGGTCACTGCCAG-1,-7.1141987,-3.1630385,1.5026499,1.1527826,-1.4814925,3.2714868,1.8864243,-2.2270806,-0.57390535,-1.5878357,-3.5127368,-2.3897648,-1.4139842,0.5140349,2.5063539,-0.6456023,-0.31568465,-1.8827326,-1.1033305,-1.6998426,1.2640336,0.22331521,3.7298043,0.11015696,-1.4042739,-2.1479847,2.8638597,0.4075824,0.26533177,-2.636948,-2.5592191,-1.192527,3.6665435,-0.57551086,-1.8665537,1.609456,-0.9288366,1.1690869,-0.9118308,2.5596557,-4.1042953,-1.0517865,-0.647352,3.500654,0.99202406,0.15813439,0.25237745,0.6272567,-3.9807832,-0.9719892
Leukemia_GGCTGGTGTAGCCTCG-1,5.126901,3.0553923,3.258988,1.7935898,-0.798263,0.37396824,0.16354518,-0.06830674,1.4257438,-3.437781,2.7473462,-1.3321345,2.6745422,1.3302174,2.0467954,-0.98941815,0.61586803,-0.85749733,-1.2937865,-3.2893205,1.7763053,0.15995944,-1.0068016,0.6336735,0.2672778,2.0309544,0.4780864,0.44733417,2.5181117,0.099355035,-0.9278624,-0.39207476,-0.47306725,-0.32668412,2.0255053,-0.2532978,-0.67363274,0.8720446,-0.4069414,-0.41794014,0.2856674,-0.0554858,0.11400494,-0.7180441,1.8111666,-0.6570711,0.88708085,-0.13077949,1.7286202,-0.9206085
Leukemia_GGCTGGTGTCAGAAGC-1,8.581099,-0.23615532,1.4218264,1.2038879,0.34901813,-4.476345,1.3853121,3.5007877,1.9699188,-2.5660515,-1.3523709,4.4915347,5.0841904,-0.18090522,-0.30667967,4.0202093,3.2091134,-1.2675263,-1.7318261,0.061372,0.60568416,0.07916467,1.2937105,-1.3503615,-0.99528044,-0.18535824,0.6953233,0.33676147,0.93988705,-0.33519685,-0.10285771,0.7884224,2.77293,-0.41493955,0.2589919,0.1320832,1.5462885,-1.5396956,-0.7832466,-1.667723,-0.27402264,-0.9266818,-0.5150389,-0.7866669,0.25876206,-0.28359103,0.22023638,0.7018563,0.47724113,0.030348063
Leukemia_GGGAATGAGGCTCTTA-1,-0.83297384,15.613241,5.0409565,-1.2771363,3.5215108,-1.1626543,1.3836255,-2.777406,-4.2753973,1.9681648,-4.092121,-2.6705012,-0.018944958,-0.045005467,2.1562743,0.8062277,-0.14876418,-1.1453257,0.7459777,-1.1844927,0.92774016,-1.8318197,-1.1208994,-0.017564956,0.12587513,0.121037945,-0.44487774,-0.09320764,0.09930565,0.0392958,1.3137215,-0.13294035,1.0112967,-1.1007288,-0.058475524,2.0703137,-1.429137,0.6210635,1.4808218,0.5521563,-1.4630184,2.8452072,0.29247144,1.4818443,-0.9464941,-0.9988387,-0.099499926,-2.2519016,0.009440812,0.380271
Leukemia_GGGAATGCAGGATCGA-1,-3.326464,-1.8424058,4.000864,1.4383937,-0.27733704,0.46926335,0.4799979,-0.44528568,1.0181751,-0.90844077,-0.04543675,-0.27971324,-2.1007192,-2.1613224,-0.35775882,-0.09741173,0.20252897,0.036700774,1.7129242,1.8807423,0.9453437,0.11226269,-0.5804946,1.4846699,-1.0973952,-0.7746588,-0.9344369,0.9741896,0.26903686,0.79194665,0.21620819,-1.2778745,2.492049,0.28828192,0.7059289,0.055609312,-1.9514751,-0.6931929,-0.38419488,-0.6176156,2.6911204,-2.9146461,-0.04075929,0.59751594,0.4922046,1.030814,-0.6212959,-1.6527143,1.0977646,0.8051474
Leukemia_GGGAATGTCGTAGGTT-1,1.4147623,-1.9835442,5.595893,1.0637852,-1.7576708,-0.98964113,-0.70209384,1.006838,0.11633093,0.92270285,1.850693,-0.49254885,0.14345875,0.26066658,0.44841516,0.27859625,-0.2939873,-0.7056101,-0.5433985,-0.84529483,1.4590241,0.13084377,-0.8557854,-0.07292579,1.6114998,0.5692871,0.11997567,-0.66616625,1.3381664,-0.103132315,-0.04943478,-0.7809903,-0.20748775,-0.7659326,0.9949312,-0.65524083,-0.7651276,0.3598179,0.046897754,1.1778007,0.35840783,-1.0489048,0.3100055,-0.7199583,0.5741745,1.0883654,2.096118,-0.8149615,-0.3879197,0.19536886
Leukemia_GGGAATGTCGTATCAG-1,-0.5540777,-4.6460156,7.6317863,1.9412048,-2.071363,-5.5752053,-2.4088955,6.9392886,6.5171824,5.8489933,-6.6862264,-0.8987045,-0.22559994,2.6977935,1.0660816,-4.7357664,0.89180756,0.56612706,-0.13286726,-4.627066,0.62077105,-2.1988356,-1.7349308,-0.9415635,1.4969879,-0.05143051,1.3543928,1.6332687,2.0908911,1.6654304,0.8969188,-0.944191,-0.57765365,-0.6419728,-0.6923697,0.42812234,0.057473775,0.9166634,-0.55020165,-1.8280611,-0.80033183,1.2009716,1.5232227,-2.300173,-1.1585369,0.4539462,0.13897583,-0.03728486,-2.2215915,0.45859587
Leukemia_GGGACCTCAGACGCAA-1,18.579594,-1.5924878,-3.708776,-0.31358522,0.3499135,1.2437955,-0.59560895,-0.19036733,-0.65806335,0.8590153,-0.7463123,-0.14572716,-0.5174611,0.42520902,-0.31328595,-0.07989458,-0.72623867,-0.18415105,1.1820955,0.7729613,0.6250236,-0.5221096,-0.5289288,1.7220299,0.053478606,-0.94898003,0.26229143,0.80274826,-0.25999713,0.3611785,-0.48868948,0.5199985,0.086770676,0.21844092,-0.0680741,-0.29731017,-0.4809567,-0.11143366,-0.53419656,-0.93116605,0.10582963,0.52430195,0.2344074,1.0022506,1.0346142,0.18120529,0.42786464,0.16657627,1.0590993,0.2316369
Leukemia_GGGAGATGTGCCTGTG-1,-1.1726178,-0.22007655,4.5430956,0.5243615,-1.7779163,4.1025305,1.5749657,-2.0988646,-0.22679162,1.3134271,3.4934397,2.053213,-0.12003763,1.3449807,-2.0122108,-0.28054056,0.4093922,-0.98264325,-0.9160741,-0.5898271,-0.8208385,-1.2548428,-0.715094,-0.59842086,0.8807764,2.2740667,-0.17892137,-0.17397702,0.4869111,1.4506547,0.03857837,1.9396596,0.11096055,-0.8884069,1.4587648,-1.0473961,1.5933709,-3.3825598,-0.4632788,1.5186738,-0.33987087,1.3528109,-0.25508553,-0.4569229,-1.4260238,-1.2310131,1.1561359,-0.602086,0.46019116,0.55302614
Leukemia_GGGATGACACTTGGAT-1,17.595196,-2.3519628,-4.140352,1.1209052,0.080879584,0.99527806,0.9593538,-0.6683498,-1.2638115,-0.5085251,-2.504061,-1.4180843,-1.2130544,1.1360656,-0.017455274,-0.6992217,-0.35476032,-0.032426316,0.19808446,-0.37187517,-0.7483456,1.4275366,0.0008358412,-0.4370319,0.8738345,-0.1913639,-0.13150868,-2.1500916,0.05675658,-0.5279755,0.18036707,1.5693622,-0.5512187,-0.71349376,-1.4910468,0.06284044,-0.45446768,-0.78040504,-1.4170476,-1.545815,0.26244515,0.2789795,0.2117443,1.3017431,1.2320758,-0.13747407,0.23221993,0.5127711,0.7688444,-0.029443646
Leukemia_GGGATGATCGTACGGC-1,13.542716,-0.78946006,-0.49896178,0.55746514,0.17556864,-1.004432,-1.0155313,0.0031096835,0.18120833,0.58648837,1.8477174,0.5223804,0.5473628,-0.11438926,0.2680146,0.09583583,0.13323142,0.65826625,0.35531443,0.11069607,0.45985818,-0.33442408,0.2541407,-0.043077234,-0.07115048,-0.40319258,-0.4578228,1.0058941,-0.15292725,-0.2973012,0.3860391,-0.37054715,0.39659214,0.20061897,1.0073899,0.2205295,-0.33698606,0.3665225,-0.23472281,0.10553298,0.5515497,0.14622024,-1.1704736,-0.6475784,0.07908064,-0.30063856,0.1283317,-0.33720905,0.29114977,-0.06396899
Leukemia_GGGATGATCTCCTATA-1,3.1923535,9.057001,5.339816,-2.4012399,2.2725317,1.5944464,-0.44677597,-2.8936224,-0.6002584,-0.04983995,4.9658365,-0.9009914,1.6187619,-2.6939171e-05,-3.8576193,-1.5267526,0.0064267986,2.925723,1.7605636,-0.7490501,-1.97797,-0.8026632,1.1692654,-0.13368963,-1.291449,-0.12247696,-0.7081508,-0.13083167,1.2821558,-1.8974701,1.4319918,-0.66092414,-0.58289605,2.3634925,0.019613465,0.6862842,-2.8808107,1.4099175,1.4294811,1.4783409,-0.37700418,2.9572794,1.5633746,-0.8394797,-0.46786082,-0.06152329,-1.9551528,-0.6698371,0.10759035,0.005512347
Leukemia_GGGCACTCATAAGACA-1,1.1794162,7.5273685,4.05497,1.2044735,-0.71076363,-3.6813288,2.908091,0.14072059,-0.23763268,-3.1421287,-0.02590085,-0.4656338,1.3989298,0.3739012,-1.1202676,-1.6875402,0.764539,-0.65804404,2.9437094,-2.0073113,-0.46419558,1.2892568,-0.98990035,0.12374783,-0.18531102,2.08663,-0.61292285,-2.4097805,1.2177393,0.2758691,1.4814727,0.8718942,-1.2123123,-0.76069325,-2.1849117,0.17356025,-0.12307321,1.2496406,0.28771237,-0.13317882,-0.25831696,1.8788472,2.0120857,0.49899167,1.6355058,-0.7033505,-0.93591154,-0.678035,-1.1022159,-0.48322126
Leukemia_GGGCATCCAAGTAGTA-1,-5.0524364,-1.5103743,2.7239246,-0.646378,-0.7192935,5.618986,-0.73986,-1.9201456,1.160454,-2.5623033,-0.82709676,0.7871039,-2.2965038,-0.22040778,3.6947663,1.9274559,1.5880853,-0.9559542,-0.4985326,-3.8157225,-1.6302832,0.24806736,-0.64448875,-0.46734053,-0.19688508,0.5232979,0.75631636,1.8652433,-3.3199387,0.26012507,1.2521818,0.43670678,0.6980024,1.8783339,-0.5911169,-0.37096915,0.17340171,-1.3994125,1.7183526,0.48179415,0.37598997,0.93982977,-1.2576566,1.1011522,-2.8255594,2.130604,-2.8385694,2.5770292,-2.6764874,-1.0908287
Leukemia_GGGTCTGAGAGGACGG-1,2.7747426,5.0872025,3.534471,-0.42759013,-0.48853847,-2.4509876,1.9609466,-0.20398517,0.09251332,-1.1440756,2.7319446,-0.07991952,0.19136608,0.3754056,-2.6476138,-2.0885212,1.0082785,-0.5989839,2.4667678,0.043342922,-1.1428152,0.6609531,1.839778,-0.30942783,-1.1866595,0.48391476,-0.07355334,0.37215185,-1.0134834,-0.34637854,5.002592,1.8406876,-0.84941804,-0.16000041,-1.6381853,-2.1402066,0.51760906,0.35902247,-0.41415125,-0.14195494,-2.5722024,0.82797676,1.4553556,-0.06269134,-1.5215601,0.60856104,1.8810134,-1.5447917,-1.3240054,2.6494555
Leukemia_GGGTCTGTCTCGGACG-1,13.69688,-1.6242136,-1.7073058,0.52102894,-0.2088966,-0.6313617,0.32431263,0.28305078,-0.6896879,0.21644618,1.2679381,0.6340367,0.75233126,1.2064854,-0.5066884,-0.11453743,0.49848795,-0.72849333,1.7014062,0.33591974,1.1057309,-0.8223919,0.6425628,1.4226816,-0.05340601,-0.27570146,-1.1652646,0.90423983,0.37000218,1.1707582,-0.46788806,-0.93218535,0.74816895,-0.88492393,-0.22920817,0.2564024,0.66959715,0.51112044,0.54694945,1.2570211,0.83123904,0.6633202,0.07930272,-0.2279963,0.45484647,0.73139644,-0.44777834,-0.47070572,-0.116448246,0.7180186
Leukemia_GGTATTGCAGTGACAG-1,-3.4643445,-1.6402098,1.8408732,1.1853646,-0.7917022,2.0507689,2.007213,-1.2025218,-1.282142,-0.8295081,-1.9091882,-0.33395922,-2.074222,-0.47324106,0.37933797,1.4528242,-0.31699157,-0.6602975,-0.3789664,1.6866666,-0.59789985,-1.9050122,-0.52943367,1.5244523,-2.043767,-0.8629983,-1.0745596,-0.3007795,-0.37345195,-1.4935224,0.054073073,0.7786516,1.4764509,0.4306758,-0.44691798,1.9331057,-0.29443258,-0.42243633,-0.17260125,-0.5836592,0.8116404,-2.7562037,-0.55197763,-1.4495192,-0.4387932,0.94856745,-2.0751805,-0.5681102,-0.43578467,1.298287
Leukemia_GGTATTGCATTCACTT-1,-1.3089335,1.733305,5.3917413,-1.6009228,-0.8680074,7.5290256,0.82189006,-4.0829864,2.2870975,0.91102135,7.4805384,2.9335697,-1.1438028,0.4193265,-5.8342257,-1.0391841,-0.4564005,1.3295702,1.7880726,0.78457105,-1.6045076,-1.5520542,-0.57679796,-0.8373538,0.49679172,-0.46243525,1.0848421,0.49315408,-1.0379789,0.6031934,1.3464801,1.0846096,-0.40713573,3.5454617,-0.31093973,1.4606473,-1.1294866,0.30520964,0.75509197,-3.1694138,-1.1001714,2.1661525,1.3591988,0.42886904,-1.0632722,-0.4428872,-2.4173589,0.35340858,2.3917453,-0.9220048
Leukemia_GGTGAAGCACGTCAGC-1,19.19073,-2.2232597,-4.8737373,-0.8891957,0.72552836,1.8626083,-0.41391098,-0.7850015,-0.15063584,-0.90983665,-1.9049413,-0.677677,0.1332431,0.092533894,-0.38464418,0.90381014,-0.6353345,0.63779914,-0.2302181,-1.1897725,-0.73226935,-0.24457632,-1.1516742,-0.6697506,-0.9791311,0.46253672,0.3060072,-1.4035724,-0.1812275,-0.5050953,0.9042048,1.3382056,-0.46977258,-0.98006797,-0.6337985,0.23125024,0.3723551,1.2010832,0.707321,1.4204218,-0.8801777,0.31310242,0.07763719,0.21292123,0.105064586,1.1475174,-0.6684673,-0.10768199,-1.0844399,-0.94049895
Leukemia_GGTGAAGCATATGCTG-1,17.700754,-2.467629,-3.9880679,1.0623549,-0.4668912,0.71010184,0.8325815,0.36174047,-0.1677577,0.7638374,-2.1358378,-0.49371624,-0.7708304,-0.23552833,0.54651713,-0.8089102,-1.0775561,-0.8493271,-0.18966947,0.11657766,-0.12699793,0.5650125,-0.27121484,0.96550184,0.64542264,0.21206895,-0.910083,-1.0904918,-0.45450243,0.7366507,-0.69136363,0.6118485,-0.54475355,-0.5414477,0.118509285,-0.0944542,-0.109035924,-0.5165005,-0.05199679,-0.3567848,-0.33097515,0.29434943,-0.18828683,1.5984542,1.9521734,-0.669774,0.47852376,0.23670939,0.1286125,0.58314145
Leukemia_GGTGAAGGTACGCTGC-1,-0.13577,5.212771,3.2097876,1.968038,-1.3405528,-1.5694057,2.5874267,1.1105936,-0.6283677,-2.2817235,0.058419827,-0.24528477,0.3077173,-0.94544566,-1.0599539,-0.3816492,0.48141992,0.05465483,-1.11197,-1.5241923,0.36387292,0.72844636,0.87817425,0.29635417,1.8187715,-0.14031605,0.5996438,-0.057498705,-0.45088372,-0.22899473,0.8563331,0.25335914,0.37544814,0.65701073,0.39185962,-0.69979846,0.34668633,1.3147042,1.319361,0.4991381,-0.2852526,-0.07303283,0.5835346,-0.608967,0.9145037,-0.270155,-0.13249695,0.4429065,-0.8364531,-0.98746973
Leukemia_GGTGAAGTCGATCCCT-1,12.657468,-3.1227174,-2.7467844,-1.331135,-0.28368002,-0.38877097,2.3433611,-0.6213094,-1.7988752,-2.2984312,-12.957405,-5.6427407,-11.169182,-8.024327,-5.2823825,-0.021147732,2.5093393,-1.187035,-3.4895885,-6.830591,-17.00644,6.686103,0.8158172,-8.913967,0.7114622,2.1381714,-2.8260422,-2.9429696,2.009449,-2.8033936,1.4956939,-0.97588307,0.41016805,2.159095,1.1869384,1.7081857,-1.0464996,-1.0795362,-1.5583177,-1.4029074,0.79529417,-1.7037778,0.3351229,0.13058141,1.2060517,1.0610385,2.7840915,-2.4565501,1.5483706,-1.7476748
Leukemia_GGTGTTAAGCTACCTA-1,-0.56767565,-3.2809207,6.865626,1.098598,0.3785572,-4.755995,-0.6588552,1.7874235,0.08693339,2.5766168,-1.6587121,1.5415629,-0.04726957,0.5026303,-0.4932316,0.03800184,0.14141409,-0.20660916,0.16404864,-0.5862766,0.21815982,-0.6343287,0.32103777,0.94966894,0.7071034,0.8557998,-0.48834813,-0.35132736,-0.15538466,-3.5131688,0.04621513,-0.7368904,-1.8052963,-0.35471714,-0.2901681,-1.2144705,-0.34543878,2.3615983,-1.2123404,0.49358818,0.36706007,-1.0892898,1.5887684,-0.8121694,0.9826085,-0.92005783,0.5548592,-2.920976,0.7751806,0.4070157
Leukemia_GGTGTTAGTACGCTGC-1,-2.440169,-1.5009704,4.531831,1.2143086,-1.1128677,2.839423,2.8258383,-2.101389,-0.9167955,-1.1103379,-1.8322002,-0.0043630064,1.1434432,1.6508248,2.368286,-0.2961736,0.36751562,0.6857502,-2.0966578,-1.0665293,0.7069081,1.4740711,0.975706,-0.15612663,0.55818874,-1.3304404,-1.506074,1.0399595,-0.51270217,-0.545178,1.696816,1.6680902,1.4730927,0.8554381,-0.1778448,-0.11137401,-0.7867839,-0.592212,0.5137419,-1.0297076,-1.9719535,-1.9552736,0.34611157,-2.2249484,-1.6020606,0.78353435,1.2632868,1.6385154,0.5128703,-0.20026006
Leukemia_GGTGTTATCGCCTGAG-1,16.391262,-0.34479082,-2.0508752,-0.50237083,0.14681737,1.3181212,-0.91606486,-0.99810994,1.8745865,-1.4220991,-0.93149287,-2.1294785,2.1989424,0.4862526,1.1849706,1.1092684,-2.199379,0.7970572,1.2191119,0.21753529,1.1742356,-1.3685964,-1.4817114,0.59794426,1.8169178,0.19092697,0.9084027,-0.78195167,1.6796815,0.3112068,-0.14196533,-0.7322652,-0.9433935,-0.5474215,-0.13081132,-2.0736098,-0.840986,-1.3245816,1.4052513,-0.31307513,-0.3101025,-1.332813,-0.75104743,0.07987913,0.85662884,-1.0740342,-1.5441536,-0.25410068,-0.30948392,-0.05941431
Leukemia_GTAACGTCACGGCGTT-1,14.7967005,-1.7981148,-2.8270347,0.29603145,-0.47650015,-0.45177358,-1.5313364,-0.05509093,1.2557108,0.93550026,2.9852269,2.640077,0.1477858,-0.21849655,-1.2112814,-1.0800629,0.85849684,0.015099885,1.2597353,1.0507237,-0.17394459,-0.4314243,0.9125215,0.90987146,-1.5338073,-1.0794978,-0.37526378,1.7608107,-1.4837466,0.6424949,0.15130867,-0.8144867,1.0158379,0.98062944,-0.481337,1.0976938,-1.635628,0.5493079,0.027633278,-1.0263515,0.88265413,1.0908862,0.23877865,-0.37985283,-0.4243361,0.48208258,0.06940731,0.2109617,-0.29968622,0.33891973
Leukemia_GTAACGTCATAAAGGT-1,-5.4261103,-2.2289598,3.2948084,1.2569557,-1.9131417,3.876311,3.0948274,-4.0201507,-1.1459131,-0.56687516,-1.7518547,0.79037833,-0.97581714,2.09597,-1.1177757,0.04793709,-0.6805324,0.6106024,1.4589937,1.0313604,-0.14980225,-0.6789034,-0.7083708,-1.7440289,-1.0104449,0.22489886,-1.5554125,-1.0005165,0.48589158,0.7066992,-0.4052758,-1.6385602,0.6326681,0.8937504,0.9898867,-0.9179694,1.6078477,0.2020264,0.8312815,0.4567208,-0.14335774,3.6190908,-1.8568575,2.5363204,1.5426009,1.8354931,0.45527962,0.33570012,-0.53845334,0.63046473
Leukemia_GTAACGTTCGCCCTTA-1,1.2757834,-3.1599505,6.5778,-1.615845,0.799077,1.8290075,-3.802434,-1.3259192,1.4017719,3.1747859,5.9519787,1.6034648,-0.12633441,-0.9390222,-3.4605458,-1.4137472,-0.3117796,-0.00029134296,1.796065,1.9845976,-3.3829362,0.17520466,0.0418185,-1.4384822,-1.3682373,-0.82504684,1.44247,-0.28828773,-1.7932311,-0.3525313,-2.5028958,0.53286034,0.6008849,0.9347898,0.6427373,-0.16188326,-2.0620606,-0.80152863,0.8358402,-1.2979507,1.1030154,-0.54282314,-0.052737694,0.5189549,-0.23853281,0.5908096,-0.83208466,0.33486673,0.59202886,-0.98920727
Leukemia_GTAACTGAGACTTGAA-1,4.1054096,2.9722297,4.110802,2.73018,-0.89826685,-0.32970396,3.547008,0.20548324,1.0698844,-4.18665,-0.58361965,-0.026015265,0.7826614,0.39762652,0.5126986,-0.5204156,-0.03808393,-0.21417587,-0.15157405,-1.4217502,2.3068943,0.66360146,2.0343423,-0.04211113,1.2703398,-0.1448285,1.5888509,0.75362664,1.0592109,-1.0513778,0.33104208,-1.0841179,-1.1738697,0.9823269,1.3932153,-0.13452595,0.4532715,0.087090515,1.8667841,-1.5537074,1.7999265,0.72414964,1.0480196,-1.7336801,-0.25005814,-0.36685345,0.3491486,-1.3859652,2.9096975,0.11710275
Leukemia_GTAACTGGTTACGGAG-1,-1.4536397,-4.507397,5.523159,0.048468567,-0.7694723,-1.6581674,-0.6948628,-0.73830247,-1.3680278,0.17277758,-0.4899709,-0.01709832,-1.6861751,-0.6863519,1.5703686,-1.4743383,0.7476234,-1.5796161,-0.92267275,-1.2104557,0.29676473,1.3616846,-1.0785685,1.4651381,-1.6672646,0.44623527,-0.0915595,0.6213493,-1.0963497,-0.27403858,0.7233867,0.51640576,-0.59375393,-3.611097,0.6070417,0.5692136,-1.4552994,-0.42724854,-1.9475961,0.71915424,-2.6510084,-0.0418682,0.8728211,-2.0181236,0.79596305,1.7354144,0.28700307,2.690441,-1.0434953,2.791907
Leukemia_GTAACTGTCCTGCCAT-1,14.891324,-0.7970679,-2.006798,0.33438754,0.4780276,0.371536,0.8192005,0.12703457,-0.2655845,0.11977838,-0.30131066,-1.5143391,-0.10762267,-0.7673565,-0.23132135,0.33385682,-1.0740625,1.1435727,-0.6534176,-0.108041905,0.9011974,0.10775101,-1.2693988,-0.05779304,0.74534404,0.52853364,0.8810828,-0.7693841,0.3314453,-0.41275778,0.36375105,-0.07295004,-0.563065,-1.5597163,0.3812574,-0.006825259,0.11306378,0.22976987,-0.39932287,-0.5639558,0.91480374,-0.4002437,-0.38288867,-0.26331422,0.27066192,-1.2994162,-0.21939597,0.4956596,0.80037314,0.7857239
Leukemia_GTACGTAAGACAGACC-1,-1.4428561,0.32394102,3.7603734,2.346431,-1.5127004,1.4291557,2.870785,-0.36903796,0.66432756,-0.82524765,1.5195286,-0.6895042,0.4383525,1.5021989,0.84094864,-2.2057226,1.1008576,1.4900756,-2.5465052,-0.60015965,-0.17458294,0.66377455,-0.09618246,-0.072397314,1.1957036,-0.9780573,-0.92590445,-0.97378325,0.6978502,1.351292,-1.5624956,-1.1897438,0.040811397,-0.32075068,-1.0588557,-0.6112663,-0.7577378,-0.7199693,0.060084157,-0.29510492,0.38216168,-0.06682638,0.2356148,-0.07431209,-0.33892682,0.7560981,-0.22682883,0.81187445,1.9226477,-0.7311182
Leukemia_GTACGTAGTGATAAAC-1,-0.4215249,-3.9508123,8.768692,0.100916035,-2.3723023,-6.22536,-4.2581434,8.219043,10.028222,5.3166265,-7.6259537,-1.4796176,-0.8621036,4.0707965,1.2917421,-2.7486064,0.22529046,0.7917642,2.3718486,-4.0335546,-0.37226537,-3.3513064,-2.4573288,-0.35789585,2.1390162,-1.3089875,2.2595541,1.6779232,3.7550843,-0.85019034,1.976495,-2.2770174,-0.14116016,0.8854321,1.5257305,-1.496597,0.57040536,1.4787534,0.5892039,-1.5191094,-0.558489,2.2913501,-0.43971047,-1.7900915,1.5631597,-0.8452333,-2.2380006,-0.07607155,-0.9896014,-0.88106316
Leukemia_GTACTCCCAATGTAAG-1,-1.6164212,-0.23849297,6.4007106,0.059650242,-1.9677023,2.7096536,1.053897,-2.8179753,0.845477,-0.96174085,-0.41361108,-3.7417555,1.2481729,-2.4690542,-6.360318,1.8008034,-1.9401606,2.2121093,1.0736582,2.1174803,3.967626,-0.1355101,-1.4598405,-3.2206979,1.4606483,-2.2835557,3.6349988,3.6953483,-0.41511798,3.1790776,-1.625685,2.641484,-0.5134994,-1.9613291,5.1559687,-1.9294409,-0.77365905,-1.0098238,2.7975187,2.1646528,4.562496,-1.1266893,-2.4595249,4.565327,1.161894,3.0411918,-0.06769244,0.28070587,-0.033041906,-2.7314227
Leukemia_GTACTTTAGGTCATCT-1,-1.6215764,-2.2215366,5.4936433,1.7282331,-0.5164808,-2.5958755,-1.7725788,0.61614394,-0.49397007,1.0303216,-2.0930574,-0.77362764,-1.4112183,-0.016222157,-0.116475925,0.47258618,-0.5338622,0.5016701,0.41014984,0.76100606,0.60059476,1.8744435,0.7688234,1.8434544,-0.18807192,0.05356469,-0.40389055,0.8256937,-1.2630236,0.14648864,-0.34944823,-1.9162823,0.17171328,0.47887343,1.5768384,1.1990142,0.17030264,0.23607239,-0.04565315,-1.9254941,-0.010342592,0.7498063,0.5957013,-0.1776064,0.34645346,-0.3137141,-1.1589729,1.1605102,0.0300569,-1.4863063
Leukemia_GTACTTTGTGCCTGGT-1,0.8185332,-5.0528264,5.2375426,-0.20048761,-0.62768614,-1.7778432,-1.1376389,0.20516753,-0.9218165,2.423317,2.1898823,1.912619,-2.0256147,-0.74972117,-3.4517024,-0.81240237,1.1544973,1.4178501,0.89701444,4.328296,-1.6606095,1.5372592,1.2672316,0.17939933,-1.6702634,-1.7138151,-1.7797756,0.95724636,-0.8640516,-1.1744064,-0.36060068,-1.2622623,0.58774114,-0.027050778,0.9762537,3.1585474,-0.3123895,2.4115696,0.15338326,-1.3672868,1.7670755,-1.4554422,0.71630764,-0.50696874,0.0059325416,1.9806049,-1.4014385,-0.6228546,-0.6156811,-1.3131444
Leukemia_GTACTTTTCCAATGGT-1,-3.152934,1.3980005,4.132717,1.3014933,-0.5391404,2.767399,3.5173314,-0.93477577,-0.7063283,-2.9300773,1.706169,-1.6475418,1.2293863,-1.6257737,-1.4970864,1.0593361,-0.54369235,1.7153193,3.2254183,1.1650528,-0.3619488,-1.6890138,-0.5158224,-0.11957574,2.9549217,-0.6344166,-0.7054839,0.109183565,1.6943226,-0.63856953,-0.069021024,-0.091831006,0.05992048,-0.13717076,1.2383696,-0.6412291,-1.5178777,-1.0581576,1.4668647,-2.173854,0.121153764,0.9258135,-1.191977,0.7975195,-0.6118757,-0.5357526,1.7416289,-0.978245,1.4449533,0.9612764
Leukemia_GTAGGCCCACGTGAGA-1,5.424702,5.9972787,4.8048587,-0.567516,0.22953372,-0.6236266,-0.31855074,-1.5136498,-0.44922757,0.7340031,5.544381,0.659337,1.1203918,0.5788717,-2.8059638,-2.2736561,0.3186662,0.36882046,-0.86457396,-2.053687,-0.49850294,-0.048961304,0.22180863,-0.4733443,1.0198766,1.4915998,1.0693011,-0.73139995,1.3746724,-1.0654577,1.1593387,1.0120127,-0.5172962,0.46445847,-1.8807764,0.242223,-0.7423302,-0.6000447,-0.114566,0.33459955,0.40559146,-0.2045323,0.16725366,-0.24091533,1.0781265,-1.4026244,-0.7325609,-0.5302813,0.76634127,1.130589
Leukemia_GTAGTCAGTACAGCAG-1,15.835195,-2.1394384,-2.6059692,-1.3678195,0.19241564,-0.1248124,-0.86007077,-0.03937481,1.1771363,-0.19786105,2.579236,1.0299792,0.5253924,0.4097298,-0.40200993,-0.47077385,1.5381051,-0.4006574,-0.70488364,-0.5283411,-0.3935838,0.20290199,1.1637219,0.048415694,-1.0875896,-1.012206,-0.15346977,1.1052461,-0.41417652,-1.1529002,-0.040271353,-0.8647657,0.5916182,0.5326853,-0.38088655,1.5519931,0.06045647,0.61684763,-0.07031966,0.4903417,0.6804469,0.8160814,0.8610165,-1.4601246,-0.9376412,0.4217451,-1.2367764,0.1029942,0.92701703,-0.48022965
Leukemia_GTATCTTTCTCATTCA-1,3.3472688,5.4248004,4.7566953,0.8995948,-0.37028256,-2.2291028,2.4742248,-0.27058923,-1.0847442,-2.1157136,1.9897864,-0.975578,0.036527272,1.1236598,-0.9010955,-1.1733546,1.4702939,0.067012176,-1.016374,-2.5795238,0.35710803,0.28111446,0.43776092,1.358534,1.9274836,0.6298311,-0.5803102,-0.2679905,2.121881,-0.76156044,0.4701788,-0.82743406,-0.32552838,0.05490008,-0.076072946,0.29745507,0.04787327,-0.491379,-0.78620607,-0.7486692,1.5863262,0.3394683,0.21875754,-1.6264567,-0.09532188,-1.717066,0.9359424,0.5770599,0.1513486,0.1708378
Leukemia_GTATTCTCAGATGGCA-1,2.2582967,10.1020975,2.4252355,-0.127264,1.4295579,-2.0117333,2.0056295,0.1750545,-2.4500008,0.0411309,0.6695335,0.9757799,1.3495747,-0.74155337,-1.1222739,-0.43080014,1.0399203,0.54588664,0.79994035,-1.4305872,1.3774265,2.3588762,0.33213022,2.5147688,-0.79447305,-0.7131954,-0.77235186,-0.057362296,1.1401548,0.10092436,0.9633772,3.1764765,-0.39637336,-0.51777077,-0.35087633,0.31515667,-0.6690017,2.2350433,-0.53861517,2.8186462,-1.404467,0.60255975,0.5764159,0.7801707,-0.5223135,1.2494216,1.720674,-1.2252394,-0.4545392,-0.23891185
Leukemia_GTCAAGTCAAGTCATC-1,4.454263,9.106931,3.6104116,-2.3172495,1.2263792,-0.15212803,-1.1010915,-2.3790963,-1.1590794,1.2571601,3.9023457,-0.021334067,0.70314145,0.4979321,-1.5965972,-1.1779261,0.000193995,0.6835167,0.61910844,-0.89812857,0.20177357,0.31294757,-1.0802491,-2.4075854,0.7217494,0.5896362,0.98541254,-0.5281597,0.34327757,0.08044228,0.1958355,-0.6221011,1.5876093,-0.30261457,0.4717188,-0.030259363,-0.6375373,1.1020448,-0.5228887,-1.215035,-0.5298037,-0.416312,0.090739764,-1.62523,1.0157304,-0.12223164,-1.0646319,0.045956578,1.1825203,0.63207877
Leukemia_GTCAAGTCATTAGGCT-1,17.526005,-2.2503245,-3.3904004,0.69987273,-0.13134174,0.53302675,0.4798226,-0.6184359,-0.22973858,-0.09348202,-2.2942567,0.23779386,-1.1802981,-0.20706458,0.56977993,0.35397014,-1.1349562,0.035022926,-0.35758114,0.66868144,0.39174217,-0.09743869,-0.44406098,0.42554364,-0.33506218,-0.48222503,-0.45019758,-1.2814696,0.015997587,-0.7319512,-1.0854707,-0.38589767,-0.44096673,0.8597336,0.64602715,-0.94131225,-1.3231503,-0.8692682,1.4999268,0.7933841,-0.6407382,-0.033893097,0.5468802,0.7521998,0.72761905,0.35710326,0.19678079,-0.62680465,0.38687563,-0.3486787
Leukemia_GTCACAAAGACTTGAA-1,3.5491261,4.2080536,4.498067,0.067792505,1.0810267,-3.1946805,1.6834537,-0.15099983,-1.8767068,-1.8706939,1.4033535,-0.57491827,1.9469898,0.027672091,-1.81924,0.72678596,-1.1739098,-0.9180849,-0.31564817,-1.7909201,1.2472061,1.0016625,-1.5224593,-0.6243762,1.4006529,-0.1890139,0.21478662,-2.6914742,1.5831997,0.17815019,0.19844347,0.3563272,0.9840145,-2.1910188,-0.007964596,-0.9977882,0.39288205,1.5029242,-0.8441494,1.6558076,1.1041182,-0.33856523,-0.115474395,0.09832176,1.7128903,-1.0339822,0.61047864,0.08436483,-0.5389229,0.12647358
Leukemia_GTCACAAAGGTGCAAC-1,-1.4173614,0.34286946,3.9434521,2.6877196,-2.0694075,-0.15604062,4.2271814,0.8560416,-1.2812979,-0.13197716,-0.47376895,-0.22623992,1.0942144,-0.27126265,-0.28594548,-0.22818935,1.2518632,0.19448808,-0.85284656,0.045106776,0.7306338,0.9266255,-0.19346654,0.6314442,0.40382087,-1.1589262,-0.17131633,1.2901843,1.1344224,1.0197461,0.81084776,-1.1337001,0.07163441,0.11498369,-0.13700388,0.6253566,-0.54229933,-0.63366044,0.46513253,-0.18780634,-1.5876119,-0.50264466,0.057372127,0.54401404,0.17908642,0.5337679,-1.1795845,0.12481991,0.75251454,0.56913316
Leukemia_GTCACAATCAGTTTGG-1,14.503347,-0.89720076,-1.101258,-0.14907879,0.13488436,1.4254566,-0.32997563,-1.0092094,-0.18224636,0.21204568,0.76668984,-0.3555216,1.3767705,1.3308388,0.7151413,0.55350125,-0.44547498,1.3240546,0.32152194,0.9747866,0.9057655,-1.1402345,0.10163869,-0.11862378,0.5201905,0.002795162,0.39481047,0.16111532,0.3976683,1.0112786,-0.24822658,-1.1000038,0.23026676,0.3017741,0.24007875,-0.8112661,-0.39795062,0.7120427,-0.29253244,0.3430992,-0.4483167,-0.10699042,-0.53473365,-0.99694467,0.47861347,0.968533,-1.1529945,0.12079373,0.31177992,1.0989076
Leukemia_GTCACGGAGATCCGAG-1,-1.3365765,-1.1494529,3.6840785,2.7075193,-1.2563456,0.033594087,3.3457026,-0.613794,-0.5615882,0.45438182,-0.7326739,-0.5435155,0.48341492,-0.14122996,0.35605606,0.23987545,1.3786453,0.50567025,-0.46640137,-0.55762774,-1.1786449,0.3507389,-0.4609389,-0.33112752,-0.14985412,-0.22477368,0.13398202,-0.91208017,-0.8485186,0.24912843,0.22051221,-0.9038599,1.0177476,0.82178915,1.0717307,1.4654555,0.24890023,0.38942614,-1.047868,-0.4930677,-1.0226698,0.7954043,-0.838319,-0.12354611,1.1778206,-0.6947275,-0.32359058,-0.5282889,-0.23593524,0.75912356
Leukemia_GTCACGGCAAGGTGTG-1,0.0050039887,-0.89875686,5.4025,-1.5265018,-2.2064486,4.7172513,3.6252124,-2.31958,-2.056175,3.4104445,3.4670832,0.9749052,0.34728983,0.5579888,-0.4774434,-1.7613205,0.9972889,-2.8025563,-2.2100139,-2.6948159,0.11900451,-2.4451025,-0.077173874,-1.9230647,0.8460794,1.8929876,0.6897201,-2.5502574,-1.8582749,1.3966734,2.1222727,1.2701366,-1.3711581,-2.1433384,0.55977494,0.15445356,-1.970422,-1.6818389,0.010184984,2.5076768,0.8637594,-1.4548775,0.043238636,-0.49806318,-0.82559687,-1.8023349,1.9277209,-0.012856248,-2.0480564,-0.31687889
Leukemia_GTCACGGCACGAAGCA-1,-2.8684886,-2.2341962,6.214629,-2.4599164,-0.4903697,6.6730733,-0.07176895,-3.1364822,-0.56924266,1.5980631,3.370434,3.3756173,-1.0192077,-2.185835,-2.0853155,-0.19515812,-3.33159,-0.25790966,-0.6205268,0.6393606,-0.09362421,-1.3586984,0.40108714,-1.3232112,0.38425103,0.69665223,3.6396,-1.6094722,-1.0506469,1.2837249,0.61672056,0.36563987,3.1921186,-2.139468,-1.1487525,-1.1817454,1.2462523,-3.8758445,2.77445,2.9011245,-0.71189374,0.7246648,-0.32144445,2.559776,3.427528,-0.5044098,-1.0691868,1.5245184,-1.495705,1.6804993
Leukemia_GTCACGGTCATTCACT-1,0.028576024,-3.3981357,8.461934,-0.6028206,-1.3417466,-0.8282252,-3.140407,3.337133,2.306636,4.816007,-0.3610025,-0.82928824,-0.6469728,0.8492919,-1.0372123,-1.2940478,-0.45630798,0.728262,0.880359,-0.5955054,-0.5882617,-0.21803889,-0.8381726,-0.73878103,0.74783015,-0.12471811,0.2686496,-0.7832351,0.46258798,0.3510164,1.4558889,0.9066733,-0.23078151,-0.762191,0.5556701,-1.6042434,-0.8293675,-1.1834611,1.5068651,1.2262127,1.130102,0.2840255,0.49914902,0.06501857,0.18821405,1.0714464,-0.49288642,0.71967953,-0.43229628,1.4641031
Leukemia_GTCATTTAGAAACCAT-1,-4.7152815,-0.9992588,3.5513854,-1.8781573,-0.88704056,3.7374692,-2.0111651,-1.0116196,2.378736,-2.401435,-0.2551563,-0.7327102,0.177226,1.5748821,1.8352728,0.121992394,-1.0379354,2.9477632,0.50255835,0.38650054,4.183392,3.4674873,1.9023335,1.2941573,0.38189408,0.44175828,-3.085106,-0.22459033,-1.6613839,-2.8036597,-1.1534822,-5.3546624,-0.6164538,-0.8003141,-1.66446,1.2169356,-0.37912545,0.43733495,-0.17300987,-0.5341883,0.34107542,0.59526163,-1.0504198,3.5929186,-0.8119097,-1.3675795,0.36858734,-0.59295714,1.12323,-3.358978
Leukemia_GTCATTTCAACAACCT-1,-4.157054,-0.66739565,4.0389504,1.8016028,-1.8515483,3.216726,3.3733675,-1.0079055,-2.182424,-1.7388824,-1.4378487,-1.5477055,-0.2428325,-0.0214488,1.1746343,0.08150682,-0.32991222,0.5989428,0.38229614,-0.85187703,-0.86573726,-2.0797231,1.5878348,-0.7147303,0.91186565,0.029799385,-1.7920879,2.0788708,0.69924635,-0.0762613,-0.034776278,1.3123829,0.51049113,0.48471972,-0.57596844,2.0670168,-1.3407786,-1.064159,0.3557943,-1.6758459,-0.8513548,0.017840348,-1.5741695,-1.8929012,-1.0030313,-0.34725332,-1.3294379,1.178127,0.65410566,-0.24956857
Leukemia_GTCATTTTCGGTCTAA-1,-3.735956,4.695021,-0.182874,3.3948507,-1.5095757,1.374176,4.951767,-0.16808686,0.94657224,-0.6198597,-0.27461284,-1.3008039,-0.59921044,0.24079524,-1.2866812,-3.164125,-0.6605016,0.89010626,1.3316052,-0.7126197,-0.0020745138,0.68509036,0.08180422,-1.3150269,0.7470343,1.0432657,1.7060878,0.14773254,0.07951119,-1.9259924,0.036100525,-1.5289948,-2.0284631,0.2691381,0.860903,3.154384,0.6317698,-1.2638606,-0.8282902,0.9012746,1.3827587,-2.01719,-3.8223274,-1.8968279,-1.7132342,-1.080839,-0.63583076,-1.6698357,-0.38145632,2.6565838
Leukemia_GTCCTCACAATCGGTT-1,12.640214,-1.2837448,-1.711524,-1.3801202,1.6620761,2.2310817,-2.77419,-0.6413795,3.506217,-1.3150442,0.81662285,-2.0522556,1.2835697,-0.4851966,-0.4703532,0.8158745,-0.120207906,1.7520624,1.186601,-0.639296,2.3549352,1.1986399,-0.8491491,-0.684608,-0.3558387,-0.15334745,-0.038211484,-0.013151561,0.43347245,-1.8285841,1.5564328,-1.1835057,0.31593016,0.98852515,-2.6634886,-1.7075707,-0.12887883,-1.2361834,-1.366258,2.0540762,-1.3600237,-3.0614405,-1.0812535,-1.9417461,-2.8978393,0.6482774,-0.8045958,-1.1700364,-3.1022449,0.63132006
Leukemia_GTCCTCACATCCGCGA-1,16.63636,-1.5620304,-3.0179007,-0.47369373,0.2247316,0.5331428,-0.86707723,-0.77932626,0.87557185,-0.115526035,-0.9536009,0.6196961,0.08794355,-0.15596607,0.26925075,0.76763535,0.042413995,0.39334908,-0.32129323,-0.53888136,0.06592818,0.32147032,0.21525437,-1.5277758,-0.49308467,0.17799403,0.3965978,-0.22955194,-0.4098593,-0.33743465,0.15097043,0.7515578,0.2348533,-0.050595354,0.12230974,-0.7225785,0.4302971,-0.38248473,0.5825961,0.16067864,-0.73137826,-0.93338567,0.074057706,-0.51620513,-0.25969368,0.5021563,-0.80857706,0.6143354,-0.008627173,0.12564166
Leukemia_GTCGGGTTCCTGCCAT-1,-4.6591635,-2.600023,5.9116316,0.64469326,-1.5871351,5.595014,1.7797493,-2.4790084,-0.9167098,-1.0026548,-1.4953369,-0.70235944,-0.067743376,0.3514534,1.7450069,-0.6711251,0.40615535,-0.1244726,0.3753559,-0.016803158,-0.827835,-0.75752616,0.47725585,-0.31343192,-0.88716626,-1.7836603,-0.41666752,2.3038492,-1.9515146,-2.3501868,-1.8563436,1.8935468,0.68154263,-0.6202074,-0.10641586,1.5693326,-1.858763,0.732504,-1.3131413,-1.4379363,-2.696448,1.6826549,0.26282728,-0.14474253,2.1023839,1.833018,1.6691015,-0.5344719,-2.7739806,0.1960562
Leukemia_GTCGGGTTCGACCAGC-1,1.9654926,3.254377,2.621183,2.3870335,-0.31312355,-1.0506357,2.555546,0.26589057,-0.21419144,-1.9399534,-0.30044913,-0.58355325,-1.0340539,1.3039876,0.49870235,-1.3167305,0.30281374,-0.42583314,-0.8543027,-1.3298467,1.2162062,-0.4578523,0.27382576,-0.07623279,1.0908244,0.81361234,0.26865134,0.55357856,1.4075627,-1.446731,0.10999868,-1.0671948,-0.3663481,1.6158755,0.7055468,0.8233401,0.09958764,1.544098,-1.2035056,-0.10544759,-0.03968414,0.27909115,-1.0305077,-1.8020906,0.15594311,-1.2990986,-0.210483,-0.21718422,1.2268243,-0.11477473
Leukemia_GTCGTAACAACACCCG-1,1.6973772,-1.5288172,4.0133495,2.2884512,-1.5537289,-2.024255,1.5667261,0.51939535,-0.7331429,-0.63673395,2.5192025,-1.0415722,-1.5133183,-0.11282775,-0.035134107,0.6968253,0.41364762,-0.61799175,-1.5353742,-0.8916106,1.6529527,-0.22922488,0.5608492,0.010191512,-0.8269873,0.11468254,-0.7625518,1.3149359,0.7531209,0.5466686,-1.0983303,-0.5333995,0.3916972,-0.81760734,0.41042367,1.1286672,0.2039926,-1.2734578,-1.4059669,-0.86770916,-0.024026155,-0.3141027,-0.52211833,0.22665006,-0.58811647,0.4915748,1.1064265,0.5419822,0.60494393,-1.0474832
Leukemia_GTCGTAAGTCATACTG-1,-2.6597376,-1.4403535,4.279008,2.1448076,-1.5070921,2.4432778,3.7120275,-1.3439198,-1.5225763,0.28206918,-0.499046,-0.31647497,-0.025842596,-0.27842164,2.3156643,-0.23710454,2.3154898,-0.9314987,-0.5563843,-1.2241893,-0.76400274,0.25926983,-0.7232338,0.8349821,0.80760044,-0.86359656,1.8961034,-0.32862428,1.1406119,-0.5731067,0.25088075,0.13142323,1.112419,1.0775112,-1.3238815,1.9495755,-1.1351757,0.09897419,-3.4827375,-1.0823754,-0.8292533,0.08611418,0.5580472,-0.35247976,-1.2428883,-0.81666917,-0.53724426,1.3109736,0.1728548,-0.34487504
Leukemia_GTCTCGTTCTGCTTGC-1,-10.142132,0.69711834,-0.29476887,-4.187098,1.2106513,16.470537,-5.4581923,-1.3098924,8.87433,-7.538777,-3.7232437,-3.22101,-0.15470594,6.9082036,9.232791,-2.1577473,-5.8173776,10.661654,11.413948,4.0861087,2.5656796,-0.6523013,11.174287,-10.22276,12.184619,-15.863245,-3.209927,-5.40539,-8.063341,2.9593625,4.8155766,8.342868,7.1942673,-5.3242693,8.532747,26.915554,4.124167,-10.350212,-4.4416847,7.435683,2.424672,7.0365286,-2.6672404,-8.112747,6.3430185,-3.0373602,7.4297357,0.64250845,-4.8105335,-1.3996913
Leukemia_GTCTTCGCAATCTACG-1,15.904848,-1.5400475,-3.1367366,0.42792773,-0.65919065,0.9786083,1.2899905,0.32174033,0.05626992,-0.62085986,-2.9838827,-0.6519418,-0.5357055,0.051974718,1.6136175,-0.113795385,-0.6748525,0.09371908,0.67498344,1.1020819,1.9157574,-0.2582324,-0.6600218,1.2865626,2.2268946,0.0079402635,0.034521665,-0.76176,-0.5693382,-0.18366604,-1.0912054,0.62906104,-0.8513437,-0.32591516,-0.18785723,-0.24657881,-0.0679195,-0.2678752,-0.5885528,-0.17937067,-0.20344236,0.9295933,0.46996203,1.3182662,1.2745929,-0.43237332,0.15571451,0.20454063,0.62887377,0.84490633
Leukemia_GTCTTCGTCACATGCA-1,-1.8560264,-2.7530766,5.7076793,1.2226391,-1.2755882,3.084165,3.2053735,-2.071272,0.03286182,0.10905896,-1.7015786,0.61746716,-0.9359439,-0.60841995,-2.4968722,2.3791468,-1.295808,1.8796215,0.07897206,-0.5426385,1.1561732,0.3324412,-0.76755273,3.0746503,-0.15723707,-1.6265147,-0.31905323,-0.8423276,1.5982642,-2.059753,0.25132143,-0.62131447,-1.0449134,0.15192863,-0.53482753,1.542665,-0.6461608,0.3571783,0.4152019,-1.2527262,-1.5248506,-0.95575607,-0.3180611,-0.7295262,-0.55254775,-2.422964,2.9536238,2.6286922,-1.2061226,-0.6506541
Leukemia_GTGAAGGGTGAGTGAC-1,4.4128976,3.859678,2.8487515,-0.24755691,0.651646,-2.931242,0.19108585,0.62229663,-0.5198455,-1.4772046,4.456745,1.3439152,0.2889928,-1.2467475,-1.1896825,-3.267911,1.5743375,-1.8530285,0.577087,-1.4669945,-2.8527062,1.839307,0.6954623,0.15067086,-1.5903236,-0.7164806,0.0014347692,1.7858884,-0.43306997,-0.8679358,1.3409156,-0.08134947,-0.030612031,0.95425844,-0.52014613,1.836525,1.5359472,2.0914352,-0.14928599,-0.044316705,-0.21282305,-0.21706681,0.33927906,1.4978915,0.9025917,-0.23777395,1.338157,-0.7640148,1.034452,-1.6372875
Leukemia_GTGCAGCGTCAATGTC-1,17.75193,-2.0582738,-2.9205287,0.021327682,-0.558319,0.2906058,-0.37648514,-0.7370783,-0.20107295,0.14982484,0.46579987,1.0872138,-0.24764489,-0.12356415,-0.7878246,-0.28209093,0.4400666,0.21205032,0.9062277,0.6840923,0.42740682,-0.7152044,0.8284557,0.77776706,-1.4059461,-0.087252334,-0.56459826,1.87304,-0.7267572,-0.3709598,-0.30061188,-0.4076144,0.6335567,1.0788349,-0.6699816,0.75337666,-0.8301529,1.0344311,0.154042,-0.17171659,-0.40409032,0.27153227,-0.19210215,-0.79038906,-0.74989235,-0.61947554,-0.5700318,0.052601397,-0.10405446,-0.05124336
Leukemia_GTGCATAAGTTGCAGG-1,3.1220644,1.5531385,4.563524,1.5521137,-1.6808077,-3.0918076,2.474549,2.020067,-1.262627,-1.0294586,2.2427163,0.2812462,0.7802487,0.24889095,-1.3104485,-0.17207076,0.19187582,-0.5284332,-2.161358,-1.1686542,-1.08005,-0.4516255,-0.14380917,1.3142531,0.019872302,0.7806783,-1.1565144,-0.11905203,0.30176717,-0.17678747,-0.7794268,0.76769054,1.4787791,-0.5713775,0.074242346,0.025188409,0.48006728,-0.52063584,-0.5450897,0.49142238,-0.13141514,-1.284669,0.18462226,0.30880228,0.8070528,1.7788346,1.1042106,-0.09610278,-0.0075508864,0.7869533
Leukemia_GTGCATAGTTCGAATC-1,1.9213787,3.7662697,3.036774,0.096245594,0.029873332,0.19087672,1.5177761,0.74725634,1.3003922,-1.7004353,4.1073585,2.5912251,0.79333895,0.10889247,-0.73203063,-2.6889434,2.816475,1.2154291,1.8705748,0.48460156,-1.5902916,2.3773055,1.0512011,0.5282104,0.22888991,-1.1524206,-1.7498082,1.1060165,-0.21090662,-1.7452474,1.5325115,-2.5785584,-1.2007202,0.24281593,-1.2399722,0.09866648,-0.48500133,2.4569564,-0.71003693,-1.1357596,-0.1127469,-0.7262404,-0.6712195,1.4123136,1.3503221,2.147904,0.7278607,-0.038764305,-0.57533544,0.400453
Leukemia_GTGCGGTAGGAGTACC-1,-3.571527,-0.89102966,4.730768,1.1153508,-1.9840572,1.7483963,2.510104,-1.056535,0.19632222,-0.41717222,-1.249674,-0.00984192,-1.7749256,-0.11534422,0.17295982,-0.66238207,0.04924511,0.91404355,-1.6260668,2.161561,1.8260578,-0.84815407,-0.6800124,0.4479947,-0.13095598,0.5530186,0.094752125,-1.9121304,-0.37319824,1.2390054,-0.63335025,0.81125855,0.8630192,1.3499631,0.25155342,0.9333602,1.4383711,0.22073066,0.7610262,-1.8635876,-0.3986555,-0.11955297,-0.010852556,-0.23819208,-0.6264333,2.5968604,-0.08768288,0.82304925,0.28475794,-1.9933928
Leukemia_GTGCTTCCAATGGATA-1,1.9761316,7.0095215,2.8034804,0.8785525,0.20845754,-1.7890173,1.5753345,0.10683141,-1.4180646,0.06713763,-0.88486534,-1.2525334,-0.81148255,0.28041908,0.5189953,0.87818927,0.32872558,-0.49073523,-0.08519941,-0.92395604,0.6667025,0.7058501,-0.6237323,0.40577906,-0.7137407,-0.27957788,0.051146857,0.9204085,0.8086921,-0.65302837,-0.6986473,-0.88250476,0.0023625193,1.2869405,0.8502931,1.9187322,-0.88495386,0.03431091,1.7244923,-0.16094697,0.16048197,-0.6667849,0.7220092,-1.3506083,-0.64811575,-1.9680191,0.27481198,-0.44230014,-0.95416474,0.35943267
Leukemia_GTGGGTCTCAGTGTTG-1,18.190157,-1.5571861,-3.3925548,-0.75916547,0.6436441,1.2015569,-0.9551772,-0.56702375,-0.8572917,0.3269834,-1.2457298,0.057679284,-0.71276206,-0.05226026,-0.26662695,-0.4290814,0.04260559,0.14643344,0.10900557,-0.5160384,-0.51891035,-0.3579416,-0.24246414,-2.2224243,-0.96813923,0.062105034,0.11406864,-0.29523683,-0.43643582,-0.76064485,-0.16332136,0.32921347,0.29780054,1.1299727,0.39409578,0.17675571,0.29106584,1.2248081,0.37540758,0.7441944,-0.69972485,-0.8019574,1.1476624,-0.73363596,-1.277162,1.1234561,-1.0974971,0.47847345,-0.038845565,-0.059257656
Leukemia_GTGGGTCTCCATGAGT-1,18.773087,-1.8535665,-3.032796,-0.4924804,0.71630996,1.203984,-1.4243155,-0.73827636,0.39963886,1.5410132,2.427327,1.0499504,-0.56034535,0.21944584,-1.5391749,-0.86674595,0.8295804,-0.28320947,0.4115969,0.12653059,-2.1229115,0.30898786,0.13234696,-0.6324402,-0.9528567,-0.45865732,0.08459123,1.6183213,-0.9682948,-0.9247691,-0.1208873,0.26443192,1.1302785,0.49678725,0.30252603,1.7062802,-0.49571604,0.53694916,0.09471822,-0.9380966,-0.20598663,-0.19924173,0.31003615,-1.2507027,-0.47896135,0.3589065,-0.8603874,0.6017115,-0.14282563,0.051465727
Leukemia_GTGTGCGAGTGGGATC-1,-0.77241904,-2.4712713,3.8217347,2.8759277,-1.0261029,0.024578564,2.629906,-0.34579155,-1.069254,0.9245334,-1.2712256,0.62360823,-0.2993777,-0.6804017,1.4351538,-0.18578129,0.5640545,-0.203876,0.15874745,0.0037888873,-0.026798291,-0.15416716,0.7653874,1.0778792,-0.5623431,-1.1821462,-0.63565946,0.24131864,0.4922993,-0.023208527,-1.1406695,-0.42772347,0.2441358,1.1288507,-0.19780235,1.0698532,-1.3701633,-0.10468814,0.024666497,0.9969306,-0.02923261,-0.4147895,1.5368572,-0.44377515,-0.79738414,-0.31210503,-0.7467304,0.3695304,0.6072167,-0.09256572
Leukemia_GTGTGCGCAAATCCGT-1,17.319792,-1.8428212,-3.8851748,-1.1286472,-0.322623,0.5679257,-1.1544919,0.40514216,0.47530204,-0.15328662,-0.43512952,0.7411066,0.37798804,-0.20415348,0.6931662,0.39716783,-0.75443316,0.29298106,-1.1252717,-0.45983213,-0.48986402,0.13935652,-0.18918282,-1.1059465,-0.41775844,-0.04498198,-0.23726954,-0.58404475,-0.626151,0.17244431,-0.222162,0.09476001,0.68105036,-0.2155301,-0.3388761,0.579374,-0.77300256,-0.20667575,-0.4264947,1.7402502,-0.62013745,0.31977797,-0.11559829,-0.9874853,-0.266243,0.2221309,-0.44556582,0.5531267,0.42146564,-0.41368845
Leukemia_GTGTGCGCAGTATAAG-1,1.7904465,7.434581,4.2119746,1.3190141,0.67215985,-3.292172,2.182729,0.055646498,-2.093694,1.4515824,-2.1363738,-1.5191109,-2.6344643,-0.76128036,-0.20205954,0.20037659,0.74081177,-1.685006,0.65232956,0.070350416,0.041163635,-0.6935627,-0.11574221,2.236201,-1.8361644,0.6541498,-0.8504648,0.6033772,0.070364885,0.1613905,0.038539227,-1.1389191,0.11834765,-0.47711438,-0.09577071,0.31070492,-0.47065416,-0.3225457,0.0414509,1.2704585,0.05220003,-0.19216871,0.8585115,-0.38815582,0.4578268,-0.24250565,0.6807021,-0.7842779,0.9654989,0.37194124
Leukemia_GTGTGCGGTGTGAAAT-1,7.6180177,3.6362886,3.9486573,0.34327522,0.30755553,-1.9138801,0.25630856,2.0244322,-0.71558046,-2.744411,5.463349,0.54824483,1.9570916,-0.5567641,-2.1840205,-0.31852877,1.8952891,-0.5773122,-1.0909793,-3.0419037,0.046962373,-0.09424075,0.023420338,0.22337642,0.8642219,-0.51841533,-1.0261024,-0.34556317,1.0548089,0.61296993,-0.5353041,1.0409422,-0.9577188,-1.4026787,1.087443,-0.041335963,-0.19027744,2.1384842,-0.38903186,-0.20867842,0.4484806,-0.832512,-1.0554442,-0.72514975,1.1905789,-0.09205351,0.36550993,-0.10940853,0.7090129,0.59970653
Leukemia_GTGTTAGCATGGTAGG-1,0.77000755,-3.8649974,8.06956,0.71675307,-1.8889843,-3.3531587,-1.2597878,4.115904,1.2373673,2.7289672,-1.9938942,-0.014887855,-0.14358981,0.48849043,-0.7368116,0.5129813,-0.062092982,-0.24267901,-0.35438228,0.08211229,1.4317247,-1.2907004,-2.128066,-0.11810656,-0.9309419,0.21673544,0.19294164,0.35192427,1.0153813,0.74868083,-0.5011172,-0.5796979,0.5217056,-0.12476695,-0.051863346,-0.11833973,-0.370407,-0.26544356,0.090864345,0.08986005,-0.6662056,-0.6495838,-0.5408893,-0.89235157,1.0331429,-1.0594375,0.33998844,0.14064538,0.037896626,0.54860145
Leukemia_GTGTTAGGTTGGAGGT-1,21.956875,-1.9603734,-6.6075907,-1.8734181,0.49897552,2.9913924,-0.35954213,-0.94785774,-0.7112804,1.176555,-3.855539,-0.0806227,-2.8486977,-0.9193747,0.121120684,-1.4134402,-1.4746435,-1.0540458,0.278582,0.36503828,-2.7543147,0.45422804,-0.43880126,-1.2929776,0.68281484,-0.38651088,-1.1703745,-1.4971135,-1.1968071,-0.29652813,-1.747955,0.518261,-0.58218145,1.7342548,0.93748295,0.08365403,0.286371,0.20435883,0.68868923,-1.1027012,-1.187159,1.0120726,-0.44814807,2.5467143,0.82302314,-0.91441345,0.89171237,0.93572783,-0.61249834,-0.46379596
Leukemia_GTTAAGCAGGCTAGCA-1,-4.5745254,-1.7906723,4.3454394,-0.25729108,-2.1843228,5.527191,2.5168688,-2.748938,-1.6304157,1.0304406,-2.5338438,1.4399923,-0.7797435,-0.29553458,-0.7250309,0.6069366,-0.9861156,-1.3094838,-1.0740342,3.9923391,0.32443598,-2.272191,-0.8798116,1.1809771,0.2060926,-0.6776122,-0.7944833,-1.098178,0.41184273,-0.33510813,0.6783387,1.5050035,-1.590904,4.667928,-1.6228768,3.2281168,-0.62457335,-2.4610977,2.3880484,-0.7956422,-0.23086672,-1.1282452,-0.018992092,0.32051995,-1.152333,-2.7800744,-0.272646,-1.3628534,-0.2728484,0.8701853
Leukemia_GTTACAGGTAGAGCTG-1,-2.1907978,-2.245677,5.6344748,-1.0012373,0.06864736,2.1137934,-1.309055,-0.7610166,3.5964565,-3.479782,-1.1520752,-2.324273,-0.27655247,3.6499555,2.876003,0.065798104,-1.0902753,1.105558,-1.3914127,-0.41661355,1.2394003,0.6995575,-0.16286375,0.22426108,-2.6708205,0.47568345,-1.3727235,-0.997449,0.212678,-0.91808945,0.32106256,0.76765174,1.9362103,-2.6248026,0.12520806,1.956356,1.6036829,-1.000957,-0.11681686,0.8036409,-0.19677387,3.2301166,2.830981,-0.15365297,-0.34566888,0.19930373,0.17436354,1.3044685,1.3409576,-2.4915416
Leukemia_GTTACAGGTCTTCTCG-1,9.778324,1.0342021,-0.11607863,2.2847238,-0.62957746,-1.8264123,2.2141132,0.00057034893,-1.2034721,-0.08514596,-1.1221242,-0.47497478,1.6386182,0.25252312,0.546489,0.006047796,1.146093,-1.620892,0.013001169,0.8485943,1.5578924,0.0731548,-0.90523875,1.4788328,0.6087494,-0.41176334,-0.6583881,0.5867698,0.49805427,0.930186,-0.123324,-0.5725252,0.12324777,-0.28847304,1.0082428,0.12977196,0.3059843,-0.64632064,-0.5740858,0.54577756,-0.061267637,0.010179611,0.48506054,-1.5763574,1.5484682,-0.55099976,0.979556,-0.2883432,0.05165367,0.14302775
Leukemia_GTTCATTAGACCTTTG-1,3.6178591,8.675224,3.6079652,-2.7348886,1.4593785,-2.825433,-1.78225,-0.51841146,-0.41142634,-1.0383558,3.2855146,-1.528741,1.2683727,-0.12442467,-2.8935876,-0.2237038,-0.9376081,1.9611877,-1.1396888,-2.2995636,-1.1690303,2.5301144,-0.7542722,2.2744544,-1.0034668,-0.2501498,0.51011986,1.2878071,0.3581738,0.3108959,1.661851,0.3318033,0.45185313,0.800454,0.25075573,-1.1979098,0.2600036,2.9947598,-0.29727134,1.3589617,-2.1590476,0.34984705,0.5520572,-2.1688702,1.442753,0.057332337,3.9605842,0.6353015,-1.4509401,1.7207015
Leukemia_GTTCATTGTATCACCA-1,-5.0181365,-0.78278196,4.768183,1.0983701,-2.978349,5.950303,4.1253853,-3.0303476,-0.69133025,-0.35256633,0.061715275,0.22269839,0.8539443,0.37265372,0.43577662,-0.14689022,0.4670406,0.5568913,-0.5067845,-0.64504725,-1.5828825,-1.6461768,0.06538168,0.47444716,3.3474689,0.87017053,0.019835597,-0.028892158,0.535691,1.0246633,-0.30774423,0.6359783,0.51027715,0.8062875,-0.43249825,0.54826885,0.0045057815,-0.90438986,1.4379892,-1.5823416,0.4283686,0.08146458,0.50561994,-0.1567984,2.0221388,-1.2652519,0.8136792,-0.5394076,1.3589746,-0.23975308
Leukemia_GTTCATTGTGGCTCCA-1,5.7598276,0.87629694,5.7915783,1.415673,-0.48919302,-7.6550865,1.4782542,7.502196,3.7090683,-3.6501122,-2.5093968,8.760834,9.40992,-1.3990774,0.41924095,9.290181,4.6815734,-1.1530049,-3.0792267,0.4978114,-2.563777,0.5592492,2.469314,-4.5776887,-3.5626194,-0.7822295,-0.8982883,0.54875344,-1.8452234,0.25557637,-1.6991129,0.5979572,2.2514942,-0.15705289,1.2745067,1.4712515,0.36942112,-2.8857026,1.085552,-0.6586614,-1.1761508,-1.9014646,-0.82300067,-0.6831332,-0.5354232,0.27251896,-0.28601605,-1.4395361,1.2568796,0.8789284
Leukemia_GTTCGGGAGCAGCCTC-1,-0.83206636,-1.3519534,3.4270892,2.5984497,-2.3762817,1.5576497,3.7028677,-0.77872014,-2.0813541,0.5102695,-0.5915787,0.8419216,-0.94797707,-0.6890279,1.6334531,-0.83484685,1.3873197,-0.091865025,-0.51466185,-1.3940812,0.18041344,-0.062028173,0.017820807,0.70139945,-0.94288945,0.5023217,-0.6677972,1.526566,1.2662238,1.1410629,1.5919925,-0.7891374,-0.082813345,1.140525,-0.9780517,-0.8148417,-0.5014586,0.57036114,0.36298704,1.931285,-0.78067505,-0.67564297,-0.6696895,0.84480417,-1.1827087,0.56140727,-1.0351067,-0.3652462,-0.37000117,0.3983827
Leukemia_GTTCTCGAGTGAAGTT-1,18.51336,-2.8344085,-3.7929978,-0.8915997,0.30032107,1.0090649,-0.7654049,-1.4262389,0.11708497,0.27940515,-0.90237623,0.4442718,0.18729715,-0.2943354,-0.7531343,0.07709719,-0.52983373,0.8461355,-0.20941365,-0.22812423,0.061354086,0.04394834,-0.63912004,-0.81370205,0.092674,0.67454237,0.120295644,-0.62537324,-0.88095015,-0.21889356,0.9363596,0.13693975,-0.8881165,0.5381358,0.86255836,0.4214973,-0.4788183,-0.40188223,0.16194843,1.3037362,-0.6299849,-1.0283521,-0.043733325,-0.2731707,-0.46392912,0.4712042,-0.5397011,0.52169925,-0.83139145,0.3059621
Leukemia_GTTCTCGGTTCAGCGC-1,17.999207,-1.9975021,-3.2968063,-0.113691054,-0.83840907,0.95882386,0.39148003,-0.98296094,0.31751275,0.99261916,-1.1486568,-0.12084409,-0.66920197,-0.20755208,0.33958146,-1.1692945,-1.0349324,0.4055978,0.1940642,0.47042105,-1.4655355,-0.06819868,-1.2870421,-0.9691771,0.642934,0.6520448,-0.15342923,-0.72852147,0.19911173,-0.5365813,-0.78924316,1.3251379,-0.211794,0.5996208,-0.24352306,-0.15532935,-0.41695222,-0.7892545,0.8562841,-1.0222411,0.60844356,0.26223475,0.6070153,1.5322537,0.8290425,-0.86268234,-0.19961387,-0.35776138,-0.12524942,0.08796688
Leukemia_GTTTCTAAGGGATACC-1,5.0557375,5.825123,2.2279847,0.036956005,1.0277053,-1.7069563,2.6030984,0.59164286,-0.6559978,-1.4136406,2.1488807,0.73940927,1.2547212,-0.34198165,-0.15121633,-0.35062644,0.22666748,-0.12382479,0.6550651,-3.047175,0.99103034,0.76444125,1.3203249,0.64080054,-0.29475546,-0.3641717,-0.5120939,-0.7948897,1.7212753,0.5384859,-0.17441759,0.0574646,1.1126505,0.43001845,-0.69554734,-0.12503676,0.11000202,-0.12784539,1.4299848,-0.26675394,-0.69646376,0.6588286,0.53794235,-2.3119357,-0.9525115,-1.6273004,-0.054956865,-1.1144618,0.1282951,0.07767719
Leukemia_GTTTCTACACCTTGTC-1,-2.3670905,-4.0704803,5.23458,-0.3071681,0.44726422,4.4832487,2.4404547,-1.5993929,-0.22815616,-0.17403813,1.0695031,0.0890674,-0.12275018,0.5300464,0.20473576,1.1691767,-1.0491158,1.4666005,0.7264575,-0.551683,-1.3641443,-0.7577946,-0.1428343,0.31872737,-1.2716296,0.27558812,0.54783034,-0.13355981,-0.39459425,-0.7739505,-0.4288861,-0.72586924,0.7719175,-1.305666,-1.3766019,-1.3378239,0.25323644,-0.049316227,-0.7760547,-0.5361575,1.7420868,0.9852182,1.0683699,2.5045755,-0.27152818,-0.32386205,0.9000089,-0.08585661,1.0029067,-1.5525173
Leukemia_TAAACCGAGGACATTA-1,15.021668,-2.075036,-2.174722,0.83225316,-0.59152097,0.15784228,0.5315305,0.19857651,0.5656565,-0.14400508,-2.1142719,-0.9647919,0.4546831,0.3389864,0.48699084,0.41044047,-0.5462698,-0.23024528,0.42795604,0.8753595,0.5790886,-1.5620075,0.060900137,1.328796,1.2272915,-0.44400465,-0.37913933,-1.3623301,0.05605328,1.4255438,-0.88216054,1.020457,-0.97239727,-0.73327535,1.0138696,-0.09468901,0.2307403,-1.4171629,-0.36979213,0.32060194,0.121778645,-0.8949957,-0.13942334,0.8099868,0.35994765,-0.05772294,0.865887,-0.7118115,0.17631926,1.4365622
Leukemia_TAAACCGAGGATCGCA-1,1.4981804,-0.8762233,3.615068,2.889593,-0.528434,-2.954921,0.96686405,2.7885933,2.0971828,0.69972485,-0.6652042,0.25814396,1.4645472,0.12332738,-0.561568,-0.002070402,1.1982305,-1.2580363,-0.8512704,-1.0097638,-0.9207307,-0.35345295,-1.3103013,-0.13722958,-0.58363223,-0.746613,-0.17604823,-0.37292904,0.32175657,-0.3919132,0.8737916,-0.9120524,1.6581137,0.14351779,0.26385558,1.0083895,0.7454721,0.22268553,-0.19601005,0.92569673,-0.041542668,-0.49623534,0.5187321,-0.6553764,0.5166448,1.7243496,-0.059893142,1.1902751,-0.7943884,1.0149596
Leukemia_TAAGAGAAGTCGTACT-1,1.3315569,8.044154,4.509704,1.2671243,0.018822135,-2.5154593,2.2668397,-1.0312302,-1.883856,-1.5635502,-0.9993898,-0.26442736,-0.16572304,0.115096696,-2.0609174,-1.5046772,-0.33388314,1.4476831,1.580535,0.34755296,1.350258,-0.5994472,0.7775799,0.30322,0.727025,-0.13120638,-0.4944568,0.029944498,-1.4439906,-1.9619533,1.0509493,2.3342757,0.54312664,0.57400024,-0.3102395,1.7991047,1.3493772,2.1704514,0.44070762,-0.9235122,-0.02556486,0.49846113,-0.16539955,-0.020616472,0.99944854,-1.9633939,1.777139,-0.46724424,0.8601856,-0.08117968
Leukemia_TAAGAGATCACCACCT-1,-3.2805517,-1.2755749,2.1365447,1.0995661,-1.4863172,1.2210913,1.6923407,-1.4930534,-0.7254405,-1.7633743,0.018831192,-2.2366104,0.11963957,1.3023149,1.4936087,0.036026478,-0.4005886,-0.14996065,2.3229501,-0.8145956,0.044107657,-0.6597785,1.0530503,-0.61368454,1.571916,-0.75637484,-1.2765208,2.5716088,-1.1814909,0.15651844,-3.8869648,-1.8757493,0.6217412,1.2584224,-0.7775795,0.025727766,-0.4243938,0.25182706,0.5479423,-0.893686,0.58268374,0.21988158,1.4396099,1.0011276,-1.6443992,0.6618652,-1.0931665,-0.7081694,1.9610133,0.37743995
Leukemia_TAAGCGTGTTATCGGT-1,3.6278346,18.635504,5.3419504,-7.5507402,7.63469,3.2896876,-6.803981,-1.9366957,-2.830477,4.8706875,-3.1892533,0.5103385,0.57198405,2.068401,4.933596,3.431786,-0.11735373,-0.8330499,-2.0912297,-0.69751245,1.1359243,0.5798432,-1.4176624,0.5680265,3.5762165,0.58628213,1.032172,-0.265033,2.9471607,1.0464742,-1.9379288,-2.9133015,0.34466076,1.1535776,4.92741,-1.5691628,2.1670752,-3.3703094,-0.2816229,-4.0322943,3.4042816,0.6451297,-0.68999344,4.6444,0.093795516,-1.6012027,-0.5289746,0.9081344,-1.0954384,-2.640306
Leukemia_TAAGCGTTCTCTAAGG-1,-2.252064,0.41625363,4.7585177,2.4953058,-1.1496872,0.78555685,2.360475,-2.2433355,-2.1714761,-1.2661729,-1.8614764,-0.5897943,0.5508367,-0.90848285,0.36289564,-0.08720224,-0.44370317,-0.72527707,-1.8200262,-0.56395596,-0.26606435,-0.46369788,-0.7504987,-0.64574933,0.8991017,-1.3231928,0.90620464,2.212484,-1.7530597,1.0852304,-0.52823013,-0.36707044,1.8768182,0.99232477,1.3561919,-0.19086692,0.45156965,0.123581484,-2.8900368,-0.40821382,-1.0545115,-0.84267855,1.1079781,-2.0361161,0.74366987,-1.4667788,0.47298574,-0.012279225,-0.61741245,0.123364456
Leukemia_TAAGTGCAGGCACATG-1,17.190693,-2.1334155,-3.6132314,-0.013514164,-0.255141,1.5917649,1.2831987,-0.39719218,-0.291394,-1.1539154,-3.6788423,-0.8303043,-0.95072514,0.22781588,1.0698609,1.2042588,-1.5639824,-0.20415744,-1.1132934,-0.46157554,1.2582753,-0.45987263,-0.13805254,-0.10223892,1.2650819,0.114189856,-0.015515315,-1.2545902,0.16360049,0.58874744,-0.19851139,1.4108199,-0.72374994,0.007973873,0.26186642,-0.9520041,0.44865963,0.23157565,0.5340969,-0.7808246,-0.34765828,-0.28724423,-0.14973685,0.43543646,0.72738624,0.36407697,0.8046428,0.23868155,-0.34493712,0.9904393
Leukemia_TAAGTGCGTGTCGCTG-1,16.351633,-2.1879735,-3.210475,0.9140048,-0.023220398,0.6536737,0.056792915,0.28191337,0.70473415,0.22397494,-0.3328911,0.32496125,-0.51636577,-0.09121654,0.2906887,-0.5437827,0.114849105,-0.45738602,1.1150888,1.0602196,0.89571553,-0.96714073,0.44907227,2.0123842,-0.600344,-0.035066303,-1.9576974,0.5549216,-0.22774738,0.27644482,-0.44415087,0.32222024,0.74415135,0.15931615,-0.6526127,0.7430706,-1.0869479,0.5710312,0.45683536,-0.31647244,0.4647555,1.2742012,-0.35018653,0.42878026,0.42743272,-0.101916544,0.28512597,-0.27653557,-1.0170708,-0.6899451
Leukemia_TACACGAAGGAGTCTG-1,0.73182774,-0.78224367,4.298582,0.55849385,-0.70687354,1.8164029,0.9034054,-1.5988955,-0.5860671,1.438142,4.0080733,2.2777073,0.15635255,-1.0247264,-0.6784779,-2.0650623,0.49001038,-1.1103193,-0.15608692,-1.2261904,-0.2934535,-0.34152302,-0.22230847,-1.2527425,-0.32289335,-0.15477201,0.8461509,-2.6148753,0.1252534,0.48898095,-0.26210943,0.67063314,0.60058165,-0.83265066,0.22468299,-0.58476233,-0.21580195,0.83948743,-0.32788587,-0.075028956,0.84494513,1.2017828,-1.6602494,-1.6920463,0.65194327,-0.6481626,0.36010534,0.1339114,1.0503752,0.24130476
Leukemia_TACACGACATTGGCGC-1,2.4015293,11.473326,3.5898755,-3.1713336,1.6329958,1.841532,-1.4532017,0.09610789,-0.28574964,0.5408867,0.62222856,1.8085814,-1.6273793,-0.40217757,1.9841393,-0.6985852,1.59525,-0.5032362,-0.8760747,-0.26827836,0.4666864,1.447694,0.21216114,0.6688631,1.4840558,0.5235758,-0.64315176,0.28376886,0.10050258,-0.35283345,1.2242666,-2.1007018,-2.993801,0.6777419,-0.34805223,-0.17811172,0.035381407,0.011721994,-0.748232,0.376016,-0.67925453,-0.21352838,0.049855642,0.7429893,-0.2381646,-1.4082717,1.2684363,2.1551745,0.2820761,-5.630685
Leukemia_TACAGTGAGGGTCGAT-1,1.6656023,18.366892,5.1048856,-5.5912733,4.548791,2.0230563,-1.5767012,-3.4178984,-5.2682605,5.52025,-3.2915857,0.52530307,-1.7462039,-0.12985013,2.4620523,1.5048522,0.54042757,-0.89480424,-0.3974928,0.88729316,2.182897,0.08018069,0.5196072,1.2009012,0.25610405,0.016242282,-0.10635275,0.123073585,0.14149645,0.32365763,-0.8997217,1.5425777,-0.78877914,1.6233336,1.3553045,0.8985309,0.78473425,0.33194464,1.9345831,1.4158483,-2.6728268,-0.025578786,0.9159111,-0.56983495,-1.2646139,-0.3334016,0.6162451,-2.547343,-3.228053,1.2956268
Leukemia_TACAGTGAGTCCTCCT-1,11.398566,-1.5082818,-0.18688492,0.52915996,-0.08687428,-1.1649909,-0.54649216,1.3063818,-0.8458667,-0.11122571,0.10773155,-1.2221102,1.127983,0.17004204,0.31940868,0.92357993,0.6189639,0.21778111,-0.510294,0.25531554,0.3197395,0.035754535,0.030298276,0.31529662,-0.88388693,0.31309342,0.49167803,-0.033886448,0.03358276,0.42272192,-0.1085342,-0.26803863,1.077392,-1.411704,0.054335035,-0.0717436,0.51321065,1.4705635,0.4539418,0.89435333,-0.79727846,-0.8710367,0.17266111,-0.95924896,-0.87423515,0.37160993,-0.6947133,0.1884988,-0.6435179,0.01212249
Leukemia_TACCTATTCACCCTCA-1,-3.813669,-3.5444117,4.7180934,0.78800076,-1.2303003,2.6920328,2.0384889,-2.8348162,-0.7137598,-0.9037794,-0.3384317,-0.2828061,-1.5165155,-0.1571976,0.035890095,-0.724307,-0.5723775,0.630973,0.45173094,1.9092789,0.7321126,-1.0207225,0.42835262,-2.168951,1.2550751,-0.48231763,-0.1375373,1.0504557,-0.4201385,-0.67000073,0.5087008,-0.39505687,0.19412746,2.2486942,-0.16725156,0.69765705,1.3271346,0.7130225,1.040048,-0.4318424,2.0887907,0.6373625,0.8206202,0.20364632,-0.7431517,-0.008146658,-0.32827502,-1.9645333,1.4958532,0.21328363
Leukemia_TACCTTAGTAACGACG-1,18.639164,-2.2600932,-3.7016494,0.484012,-0.17194259,1.6364881,0.037418257,-1.4909842,-0.02195925,0.88541234,-1.9695834,-0.5261912,-2.7399786,-0.85941774,-0.2567235,-0.4152339,-0.25350553,0.71656585,-0.20391198,-0.2952258,-2.5233228,0.39482123,0.28401288,-2.4495451,0.67391616,1.221816,0.82466286,-0.93274724,-0.46036363,-0.6386625,0.19539772,0.02346516,-1.2823405,0.36128554,-0.47865874,-0.28387174,-0.18019496,-0.28325436,-0.45988032,-0.8815896,0.8668143,-0.6803403,0.69983715,1.9366894,-1.0467502,-0.16318089,0.49375024,-0.6029585,0.16401613,-0.40795994
Leukemia_TACGGATAGCTAGTCT-1,1.3837004,20.557396,5.527412,-5.595642,7.105463,-1.0633847,-3.157452,-2.36697,-6.8673763,8.9803705,-7.8982215,-2.2039235,-1.1592107,-0.2561508,3.6358595,3.6721969,2.23329,-1.4736705,0.1966806,3.6082323,-1.3679321,-1.6929549,-1.4301718,2.6032188,-0.693853,1.3985868,-3.5071352,1.0479761,-1.1138275,0.18000808,-0.28272927,-0.7603225,-0.15413572,-1.2238513,1.3751767,-0.42019036,-1.5896521,-1.0587262,-1.8778783,3.2376106,1.6998792,1.5251716,3.0052907,1.322825,-1.344569,0.19847792,1.1472087,-2.6299653,1.4098672,0.86850685
Leukemia_TACGGATCAATAAGCA-1,-4.0066066,-1.8630232,4.4260316,0.76583827,-1.6013203,3.8342097,1.9993274,-2.7785854,-0.40860516,-0.032499596,-0.7633796,1.8184503,-1.5347235,-2.049555,0.32079622,-0.14357796,2.5693052,-2.8655531,-2.1699421,0.08413415,0.8525697,-1.7316979,-0.7292242,0.1528354,-0.8699302,-1.6834244,-1.179498,-1.2967327,1.0954412,0.35804772,1.4107295,0.34208348,0.58453494,-0.35681617,0.43953776,-2.2423077,-1.2065151,-1.1419445,-1.0737861,1.356269,2.1818476,2.075961,-0.9345033,-2.5372036,-1.8605087,0.25494698,-0.8641151,-0.9787496,-0.8672319,1.4035606
Leukemia_TACGGATGTCCGAGTC-1,14.974701,-1.8562447,-2.043041,0.8325292,-0.8295786,-0.43574524,0.8942257,0.49852878,-1.2658747,-0.52175146,-1.0105445,-0.7289546,0.83383113,0.037655123,0.66679657,0.5596526,-0.72008604,-0.63332725,-0.5091485,-0.17135932,2.743004,-1.0696653,-0.38477513,0.6222326,0.886499,0.98447186,-0.86247855,-0.58073986,-0.5044618,1.0023896,-0.3799734,-0.31729206,-1.0735888,-0.13333662,-0.43679276,-0.4270145,-0.0030535564,-0.6337133,-0.6931911,-0.43041232,0.8089291,0.12899455,0.12610756,-1.1288049,-0.5640236,-0.8050792,0.36397254,-0.36690372,0.11867604,0.75030696
Leukemia_TACGGGCTCAGGCAAG-1,-3.0912848,0.16625981,2.8777947,3.4830558,-2.5996523,1.4767665,3.8034592,-0.015709175,0.3306288,-1.0024362,-1.4070007,-0.5678779,-2.1175358,-0.51147,1.1396769,-0.5993748,1.4528903,-1.0820097,0.7169864,0.05466446,0.9176529,0.95298654,0.67336655,0.20940569,0.09943245,-1.0722528,0.48931065,0.6848357,0.66269445,2.0706546,-0.09329744,0.1532558,-1.1779625,0.8703233,0.30550447,0.6901434,0.04378804,-0.22574273,0.1759814,-0.16163805,1.7285858,-0.2743529,0.58580196,0.6445256,-0.04832077,-0.625041,-0.6400803,1.3033577,2.6523075,-2.1790383
Leukemia_TACGGGCTCCAACCAA-1,17.30588,-1.2485808,-2.5084028,-0.31718683,-0.5173663,1.4052187,-0.33092415,-0.044639092,0.5493774,-0.81607234,0.7181831,1.530528,1.5410768,0.22284946,0.21349373,0.39113835,-0.10193909,0.6852419,0.7031287,0.54039884,1.1970906,-1.1631627,0.5097076,-0.64714664,0.24274959,-1.1955823,-0.14226615,0.25998423,-0.5748025,-0.6206232,-0.29067072,0.82138,1.002131,0.80644095,0.26038307,0.3671705,0.8978504,0.37429866,0.21660362,-1.0915726,-1.0148557,0.2670451,1.1860217,0.0688058,-0.16741626,0.21846037,-0.065382786,-1.0494497,-0.07857056,-0.38620138
Leukemia_TACTCGCTCCCTAATT-1,-0.60066384,-0.19197614,3.2699475,0.84672105,-2.5289874,1.4488873,1.0735629,-0.85330266,0.5327966,2.2884254,3.7484298,2.6328692,-1.7446926,0.74530214,-0.5688994,-1.0752207,-0.29503524,-0.107921876,-1.0485853,-0.41992792,-0.7893715,0.56784743,0.07870784,-1.2649143,-0.43253478,-1.1108993,1.0803941,-1.4625981,-0.6314689,0.5917916,-1.3005935,0.5892615,-1.9885375,0.911774,0.76899594,-0.5411332,1.1357601,-0.46329048,1.8682424,0.3912328,1.7684491,0.25677934,-0.18142429,0.56249434,0.3112841,0.3482957,-0.7017089,0.84937364,-0.6372339,0.81086
Leukemia_TACTTGTCACAAGACG-1,-3.8051496,-0.45609432,2.816672,0.72674555,-2.1630256,2.852825,3.330111,-1.5594081,-2.1333976,0.2985902,-1.1140625,-0.44216833,-0.78265715,-0.014795398,-1.2137498,1.6355408,0.7968873,0.717479,0.5266333,-1.357965,1.7081834,1.5681196,0.095982246,-1.1090138,-0.5588692,-0.8800139,-1.2275016,1.9738911,-0.80156505,1.6280222,1.7768279,0.687756,-0.1298614,0.5236173,-2.2437515,0.4414406,0.4606862,1.999289,2.1643617,1.1049975,0.9513325,0.3235658,-1.0740229,0.065101035,-1.1245584,0.43107468,-0.5148312,0.4594915,-2.533106,1.106743
Leukemia_TACTTGTTCTCGAGTA-1,-0.1647284,-1.3121059,4.326527,2.6527882,-0.81690586,-1.6643797,0.6483035,0.45899776,-0.36045226,-0.84646857,1.6125233,-2.2386422,-1.4056273,-0.1328844,-0.8132805,1.2512019,0.3504487,-0.3643273,1.1028411,0.6742027,-1.3032867,1.3316094,-0.19240801,-0.48952594,-0.5902368,0.8135642,-0.35283315,0.8787043,-0.5503473,0.24486108,-0.49304023,0.28895295,1.2205869,-0.110021554,1.6210659,0.8373534,0.38973388,0.41696396,1.3535379,0.39308435,0.98438406,-1.2101183,1.5435821,-0.5511382,-0.21680015,1.1837518,0.47862607,0.2936153,-0.024818817,0.11458724
Leukemia_TAGAGCTCATGCCTAA-1,1.6546435,9.572136,3.382949,-1.5516886,-0.15079048,-0.573888,2.2355378,-1.559485,-1.2894821,1.2242709,1.1048731,-1.0371931,-0.16686752,-0.13853146,0.7002898,-1.0603979,0.49909845,-0.10588886,-1.2717649,-2.1841104,0.71732634,0.6602439,0.2003508,1.6747209,-0.7193282,-1.341403,0.66042006,0.8766656,2.105254,-0.67249584,-0.6794596,-0.44899902,1.2512525,0.98356396,-1.4701166,2.043659,0.0813688,1.153826,-0.07445295,1.1787167,-0.25140455,0.6626343,0.21850076,1.5388904,0.4993765,1.2934084,-0.25824207,0.22039387,2.2909164,0.6351211
Leukemia_TAGCCGGGTCGCATCG-1,-3.5995872,0.42708114,-2.6950712,-39.01635,-5.501387,44.226,-3.3825567,85.90868,-42.95745,-15.148453,8.472576,-11.985377,-2.9237885,-6.641683,-6.9545,-4.9281554,-0.1655735,3.050003,-0.105410315,1.6630981,1.6138296,-3.7102094,-2.794014,1.6279737,-2.283458,-0.70097584,0.3626898,1.2151768,1.7185271,0.14989334,2.0056474,-0.3164889,1.2913393,-0.06757232,0.3629006,-0.08140472,0.69273883,0.19731577,0.9690473,-0.7119265,1.4534769,0.1838855,0.83926797,-0.48704842,0.29747763,2.7210572,-0.16471013,0.51207185,-0.63664514,1.1815943
Leukemia_TAGGCATAGCCAGAAC-1,-1.4901937,0.35124356,5.37046,1.6413287,-0.49983558,1.8695679,2.2668145,0.11727535,-0.682687,-3.1712062,-0.28844985,-1.2672867,2.309247,-0.18330456,0.7678053,-1.3746274,0.71347284,-1.0541517,0.5897952,-0.54742724,-0.22810812,0.9552023,0.41644716,-0.2542669,-0.5750357,0.5024839,-0.30288616,2.345979,-0.021995965,0.8962358,-1.9563085,-1.414106,0.8019446,2.205733,-0.046074577,0.8547668,-2.247117,-1.7590778,-0.18551557,0.661849,0.36503837,-0.39320388,0.92986155,-0.3111177,0.9683268,0.36046857,-1.4382324,-0.40822127,1.1711285,0.14085847
Leukemia_TAGGCATCACATGTGT-1,2.190885,15.411913,5.3690057,-2.7736645,3.1344073,-3.1805065,-0.5988422,-1.6275073,-4.8510704,2.788559,-2.8665202,-0.5983987,0.4767495,0.14603648,0.62549585,-0.4704008,-0.44729194,-0.56873524,1.6139673,-1.0388712,0.52959114,-0.61561215,-1.9232202,0.71848625,0.6910083,1.8002361,-0.7637448,-1.7590401,-0.15375797,0.79652184,1.3639201,-0.1979076,-1.1154419,-0.16648006,1.0947802,2.574365,-1.2911384,2.14561,0.07556692,0.9978766,-1.2958548,0.12195905,-0.38717216,-0.4555056,-0.04595002,-0.32784757,0.29231328,1.3332281,-0.268394,0.4199548
Leukemia_TAGGCATCAGGAACGT-1,-4.335514,-1.2031637,2.3007264,-0.6420454,-2.5911252,2.3708687,1.7708386,-1.3389806,-1.3778613,-0.9615374,-1.0428449,0.9076528,-0.822406,3.6055596,0.6682898,-1.4967554,-0.96649474,-1.3198533,-1.8564491,-2.3018885,1.2369044,-0.838033,0.72930145,-0.34654984,-0.9984768,-1.0926019,0.5107634,2.5732293,0.22604519,-0.56049496,0.15171807,-0.4314533,0.6373283,1.1334783,0.19838068,-1.7571791,-0.8485629,-0.24373111,3.2622721,0.86628306,0.24802114,0.49432144,0.45634604,3.4331505,-0.21590085,0.37968153,0.4145557,1.9150896,1.012675,-0.98610014
Leukemia_TAGTTGGCAGCTTCGG-1,11.616081,-2.9156241,-0.38627374,2.7973878,-1.07395,-2.0510335,1.800183,0.5909411,-1.069422,1.2540848,1.114413,1.289632,-1.9939234,-0.35040486,-0.39668727,-1.2687277,1.8616692,-1.2405405,-1.0714607,-0.8214499,-2.3687093,1.2092273,0.748079,0.83793616,-1.5106566,-0.11145165,-0.5028157,0.47237226,-0.10047802,-0.78006744,0.6101625,-1.5547439,0.664232,-0.80351716,0.95791,1.322336,0.27782944,-0.732229,-0.19631433,0.5166131,0.6551632,-0.5963485,0.017350813,-0.63347065,-0.23519221,0.32294935,0.15831675,0.7010773,-0.0487423,-0.054290917
Leukemia_TAGTTGGCATCCCATC-1,18.105177,-2.2468436,-4.2259307,0.06929815,0.39307857,0.92242867,-0.4171058,-0.6507938,-0.24158832,0.4226947,-0.8830965,0.05513166,-1.2346793,-0.33692807,-0.24495414,0.3078452,0.11043523,0.35241708,-0.077401035,0.031447485,-0.8152534,0.029742118,0.2328546,-1.5258849,-1.1129682,-0.11696968,-0.005395723,-0.030769471,-1.9406874,-0.45609203,1.2779373,-0.19685908,0.6676607,0.9185665,-0.3024364,0.8416398,-0.2490729,1.0526389,0.08465672,0.523263,-1.3314126,0.26552865,0.030455768,-1.2865553,-2.1135905,0.48238012,-1.1680503,0.67041034,-0.2886632,0.41349244
Leukemia_TATCTCAAGACGCACA-1,14.91554,-1.1202229,-2.3401353,-0.01631569,-1.0716537,0.060141377,1.5974897,-0.6929911,-0.08050836,-0.057333257,-1.9226168,-1.2428104,-0.62474394,-0.23488344,0.9256306,0.024511723,0.65705127,0.18570946,-0.5860121,0.0004516488,1.1666354,-0.25968975,-0.31942847,0.568928,0.5486328,-0.33647877,-0.41361386,-0.38585922,-0.2200555,1.4251062,-1.5515746,1.6423047,-0.017820772,-1.8030965,1.2098051,0.14929383,-0.029282289,-0.8521449,0.45212573,0.37682265,0.26634687,0.43990666,-0.28703302,0.2968754,0.21153846,0.24710728,0.74643534,0.13383941,0.80353117,0.8379312
Leukemia_TATCTCACAAAGGTGC-1,-4.028835,-0.3103257,2.5355392,0.6726017,-0.78024065,2.0112855,3.049599,-3.9269724,-2.9291258,0.27131793,-0.11585541,-1.1846617,1.7681394,0.059243392,-0.36842498,1.0187118,0.59077305,-2.0961561,1.627133,-0.24113996,-0.57133955,-1.2832696,-2.8753095,-0.21956317,0.15442441,1.7204787,0.7197413,0.950991,2.2066307,-0.19719405,3.2134094,-0.12800366,0.8228932,0.48241603,-0.48909095,-0.72551143,-0.6235205,1.3815048,-2.586727,-0.69857454,-1.2972697,2.1879742,0.7852119,0.100225106,1.2258377,-0.4499353,-0.04268898,-1.655143,-1.1137818,2.4449265
Leukemia_TATCTCACAGCTCCGA-1,-2.7012515,0.46198553,3.5666344,1.1096184,-1.7403814,2.8146126,4.541459,-1.5941497,-2.3326125,0.6037665,-0.46497324,-0.08251307,-0.9150101,0.2589739,-1.3347036,-0.0038196882,-1.168147,-0.7057583,0.73443484,1.382398,0.21145815,0.17591533,1.5101297,-0.8866376,0.07412304,-0.6792291,-0.18182506,-0.79727703,-0.87414724,0.29719085,-0.19585676,1.0029935,0.45339325,-0.102122344,0.30608374,-1.2414359,-0.00546983,1.2032591,2.1671116,0.64224935,-0.8858371,-0.07548088,0.87862253,-0.8588905,0.5946814,-0.32373005,-0.9929359,0.6589759,-1.3787882,1.2306565
Leukemia_TATCTCAGTTGCGTTA-1,18.241844,-2.0524554,-3.3829567,-0.27854753,0.6233881,2.2072525,0.30922014,-0.7220993,0.4833403,-0.2956388,-1.7088323,-0.074990354,-2.6747,0.060778182,-0.091343485,-0.47384998,-1.6093979,-0.7392538,0.8200548,0.6383229,-0.37768814,0.5797797,0.3039793,-1.517277,0.23277503,0.8741115,0.629261,-0.12714076,-1.3999838,0.41233763,-0.9860478,0.5601043,0.6396894,-0.5055679,-0.4739629,-0.3734495,1.2010655,0.47351372,0.1876964,-0.8443252,-1.2983161,1.2092228,-0.38190764,1.3658762,0.5790533,-0.29106197,-0.6641801,0.8881751,-0.9432458,-0.18072234
Leukemia_TATGCCCAGCGTTTAC-1,13.190571,-0.32117295,-1.055851,0.175956,-0.20609584,0.14744973,0.48138797,0.8903685,-0.99513584,-0.09885492,0.15933712,-0.2797748,1.5211062,0.27520505,1.5715117,0.27154598,-0.6223621,-0.20196624,-0.6428884,-0.007848801,1.2932699,-0.03207146,0.013394546,0.278582,0.54275477,-0.5300976,0.42806235,-0.24835382,1.3275212,-0.32017708,-0.15137559,-0.41111988,-0.40876064,-1.4874157,-0.2624112,-0.76090884,0.7509681,0.38772133,1.1143,1.1877612,0.31006125,-1.1971906,0.24690504,-1.9305791,-0.59726226,-0.4513882,-0.28370392,-0.05298588,-0.72202736,-0.5885499
Leukemia_TATGCCCAGTGTCCCG-1,17.7521,-2.4856548,-3.4028628,-0.62910354,-0.122982554,0.82141304,-0.9626024,0.27742642,-0.8026974,0.13423474,-0.25476497,0.14788103,-0.00024115854,0.4370372,0.16959031,1.0847105,0.38777587,0.13220902,-0.22561088,0.17979227,-0.22882016,0.27348512,-0.6877962,-0.30451107,-0.3804513,-0.51249135,0.15489972,-0.18656328,-0.26143795,-0.044891693,-0.19136226,-0.15487659,0.5008469,-0.37148145,-0.16360894,0.24984187,0.327642,0.9237749,-0.43892124,0.754671,-0.986403,-0.52793735,0.3552962,-0.33890337,-0.26839492,0.4807688,-0.7054738,0.71982205,-1.1709353,-0.4957561
Leukemia_TATGCCCCACCGTTGG-1,4.1199374,30.708752,5.1334662,-21.52572,14.471258,9.858209,-15.284513,-2.6352117,-2.7178516,10.685407,-5.070262,-0.20041141,0.27906892,1.0784235,1.2541184,4.7116756,-0.692148,1.5935813,0.46307826,2.9061303,-1.97111,0.44014886,-2.4197068,-1.7083293,-5.909645,-5.6095557,6.20533,1.7673813,2.1279018,1.701417,-8.497918,-1.6233411,5.5566382,5.4592295,-0.18734361,2.6260507,3.159925,1.4391038,-2.6127582,-7.7571106,-4.2044587,-3.433836,-1.3757114,-1.9661986,-0.16747831,2.4274132,0.5707448,-3.4448314,9.115023,-2.5109377
Leukemia_TATGCCCGTCACCCAG-1,17.261967,-3.7912683,-6.8027387,-3.92119,1.0564694,1.852943,2.254732,-0.44538063,-3.070078,-3.31538,-17.843931,-7.3383107,-14.870445,-9.802049,-5.608505,-0.2953503,1.8259827,-1.5954129,-4.784487,-9.515589,-22.863537,9.59326,0.77636695,-14.100631,1.8978723,2.4641225,-3.335509,-5.459877,2.2515485,-2.9819634,1.9988369,1.1027007,-1.0914236,3.8884969,0.6778424,0.15400703,0.665856,-2.1425004,-0.9304605,-1.7278583,-0.85721326,-0.9863282,0.65291375,3.786906,0.50347155,0.28209183,4.8042107,-3.2827492,0.072938226,-3.0859494
Leukemia_TATGCCCTCAGGTTCA-1,16.971981,-2.2923954,-4.4089,1.2312055,-0.82297647,0.361488,2.0657258,0.10465494,-0.5441715,-1.0961161,-3.9696581,-0.9494829,-1.2098938,0.34567738,1.2264199,-0.36382383,-0.77476865,-0.48185766,-0.11088991,0.18172273,1.2389725,-1.0370173,-0.6652519,0.40466207,0.8208113,-0.39686316,-1.1327645,-0.9911422,0.20601328,0.90563434,0.4588532,0.5388106,-1.3909465,-0.502309,0.9091881,-1.325927,-0.2006562,-0.7139999,0.8128901,0.34654415,0.012077169,0.776269,0.06611658,1.9573021,1.202591,-0.99232274,1.3891015,0.24354458,0.9046393,-0.6588782
Leukemia_TCAACGACAAGCCATT-1,17.970226,-2.7564168,-3.146408,-0.09171911,0.13635863,0.89557004,-0.32252312,-0.6247018,0.4375312,-0.17993703,1.238808,0.62205213,-1.043744,-0.10573982,-0.75633043,-0.16684757,1.1831154,-0.36334693,1.2081926,1.7234588,-0.47310925,-0.18115374,0.36691698,0.48199773,-1.0891782,-0.84974825,-0.015038453,2.1376288,-0.37496534,-0.26330096,0.39472917,0.21356022,1.2546008,1.1150973,0.34204125,0.7312317,-0.07563271,1.802501,-0.69109637,-0.76731646,1.5742515,1.5609179,-0.96329266,-0.90791726,-0.58823633,0.7800648,-1.2494873,0.48548695,-0.033822168,-0.48841426
Leukemia_TCAACGACACAACTGT-1,-1.8986645,-1.928391,3.5477676,0.3378621,-1.6151383,2.22009,4.4832582,-1.2143345,-0.675128,1.0095892,-0.59247833,1.2703222,-0.15940027,-1.6482773,-0.49714136,1.0951844,0.08520664,-1.6773751,0.46063828,0.5275948,-0.20660798,-0.3435894,-0.10760719,0.6699088,-1.0202714,0.05728205,0.30760443,-0.90754807,1.0590774,0.52925766,-0.9591691,-0.96794295,2.9549134,-0.6187281,-0.026130755,-0.53342676,0.07816529,-1.3314544,-0.84305173,-0.8106598,-0.28419808,0.0047337664,-1.013162,-0.58719146,0.13522203,0.82593,1.7847252,0.11527583,0.041035704,-1.4831041
Leukemia_TCAACGAGTTAAGGGC-1,15.844721,-2.5247867,-2.3112187,0.07896847,-0.08884656,0.69363326,-1.3568666,0.56640285,0.6620506,1.3705044,2.069913,0.42343855,-0.5787592,0.14411888,-0.8886542,-0.8914827,1.0114825,-0.093590245,1.1309798,1.4357624,0.47693405,-0.79155326,1.0250129,0.898054,-1.2664576,-0.38756675,0.24637926,1.2239698,-0.9106436,0.6671451,-0.55873567,-0.32725573,0.6517452,0.9462276,-0.44163877,0.81922287,-0.005505746,0.2636576,-0.072038904,-0.73596776,0.21056274,0.50895035,1.0540975,-0.22318323,-1.2876182,0.25009352,0.86384636,0.19772817,0.16612662,0.040443424
Leukemia_TCAACGAGTTGGTAAA-1,18.343096,-1.7395326,-3.7098393,-0.7864715,0.8080388,0.702088,-1.0504951,-1.3594126,0.58781815,1.2939599,1.5265013,0.81965566,-0.7359092,0.082976036,-1.2145444,-0.41064882,0.6141719,0.29795825,0.20495184,0.6364686,-2.1751378,0.46868512,0.4815885,-1.3849024,-0.32924893,-0.55466336,0.5453134,0.19112134,-0.4282691,-1.0907682,0.5571933,0.17239429,0.60743594,0.56692725,-0.28178528,0.33365285,-0.1710344,0.37994954,-0.67201805,-0.21174565,-0.036788452,0.6883101,0.92834055,0.22975598,-0.34969336,0.2479277,-0.7963124,0.3579361,-0.111148626,-0.48931715
Leukemia_TCAATCTCATGTCGAT-1,11.814379,-1.0105455,-1.027005,0.25754267,0.25397247,-0.41756263,0.98945796,0.3891767,0.5087996,-1.5292703,0.025692722,-0.48272955,3.0866766,0.27764228,1.5138781,1.047444,0.085153975,2.6002264,0.27730188,1.1893007,1.7012243,-1.2220869,-0.5392429,1.4803358,0.41924384,-0.5772624,0.5309965,0.6703665,0.68312407,0.81105196,0.8644936,-1.3036082,-0.0011141298,-0.6623738,-0.18722367,-0.35554633,1.6520892,0.094218664,-0.77301383,-0.2669622,-0.3572308,-1.2885467,0.13156351,0.64064074,-1.7738347,0.8812202,-0.3730391,-0.99034405,0.9500093,-0.09351768
Leukemia_TCAATCTCATTGGTAC-1,19.975471,-2.0868583,-4.12318,-1.1524532,1.3171753,2.5804453,-0.8826722,-0.7201607,-0.18083555,0.46398923,1.1846999,0.5750353,-0.8246638,-0.4897051,-0.64226544,-1.8717241,-0.4240388,0.33824304,0.48543355,0.42288116,-1.2871164,-0.85837924,0.41644755,-0.8606034,0.28181222,0.16745226,-0.1489078,0.57005686,-0.55921113,-1.0958169,0.20897408,-0.25566724,0.26548025,1.3358871,0.73732704,-0.21604954,-0.093953446,-0.24705745,0.33342627,0.43784446,-0.11476004,0.07373782,1.0795313,-0.1251639,-1.1544045,-0.25504553,-0.6153329,0.03788753,-0.51268816,0.24463962
Leukemia_TCACAAGAGCAGATCG-1,-1.2140152,-2.9789865,4.7335544,1.2474462,-0.4293769,-0.3129666,3.0343971,-0.2766044,-1.4230307,0.078781284,-0.17870998,-0.03691809,-1.9386722,-1.0542821,-0.58164316,1.31596,0.058648802,-1.5416527,-0.5447157,1.2651311,0.78467286,-0.25050592,-0.4717235,-1.1243061,-1.1591679,-0.9116358,-0.5643155,0.6309872,0.3987553,0.6776358,-1.3290906,-0.907741,0.49609545,-0.3100161,-1.1995163,0.8400049,0.43103117,-1.208942,0.7318519,0.48654735,-0.90139294,-0.8847262,1.8168156,-1.3190061,-1.0128732,0.8006467,-1.4223646,-1.637377,0.7209697,1.7920674
Leukemia_TCACAAGGTCACACGC-1,17.935463,-2.3547592,-3.7645617,0.017561981,-0.79165286,1.2176592,-0.2946206,-0.58857936,0.13992214,0.7837073,-1.3787973,-0.13407099,-1.2720727,-0.22875161,0.970471,-1.2523922,-0.74418885,-0.34833413,1.2210103,0.6961492,-1.3513476,-0.65079033,-0.59157276,0.1305615,0.19638653,-0.4393904,-0.3739726,-0.5012438,-0.71560246,0.65846336,0.13183737,0.61601686,-0.7188292,-0.22352342,-0.14674217,0.20880431,-0.010112519,-0.5885836,-0.33034894,0.00085165194,-0.13200982,0.86712855,0.0362699,1.1856061,0.366357,-0.2401197,-0.5710776,0.6504414,0.008531055,0.64942753
Leukemia_TCACGAAAGCCTTGAT-1,-1.4510845,-1.5866982,4.630194,-1.347298,-2.7354653,4.1854863,1.7494857,-3.121466,-0.053927362,1.6747468,3.803015,1.3054607,0.14327176,1.5327938,0.84024143,-1.571882,-0.5870507,-0.21107553,-0.18329595,-0.5034795,-1.6980015,-0.9687769,1.9973308,-1.6578217,0.63431793,-1.6254747,0.6076034,-0.25903356,0.6072123,-0.6312744,0.4837608,0.62968975,0.3626909,0.18491004,-0.13211209,1.5190679,-0.4950463,-0.9069724,0.6323872,0.36843193,-1.295861,-0.14862123,1.5142466,0.5403279,-0.47481877,-0.5972369,-0.9945743,-0.013122066,-0.01445931,-0.32046467
Leukemia_TCACGAACAATCACAC-1,-1.7419844,-1.514076,5.9750834,-0.9341626,0.512865,3.7132719,2.3011608,-1.7302651,-0.16675879,-1.4545504,0.1329376,-0.33103147,-0.80190545,2.3677027,2.040836,-0.08686216,-0.8549603,-0.9722909,-0.438567,-0.7374772,0.71603405,-0.57398075,1.5840384,-0.3767267,-0.2504569,-2.1229796,-0.44569013,-1.6695797,0.22833566,-1.2203714,0.06794438,2.1035028,-1.5806903,0.27349934,1.159505,2.9942074,-0.3192157,-0.6621413,1.463867,0.6749394,-1.530544,-0.269719,-1.098993,-1.7642635,-1.1633853,0.7552889,1.3673353,0.6426816,-0.9157445,1.242317
Leukemia_TCACGAACATAGAAAC-1,-4.4222775,-0.15441298,3.831239,0.8653943,-0.9069402,4.149007,3.1419644,-1.8315591,0.8379024,-1.698658,-2.9853332,0.8909459,-0.8549785,1.6048764,-0.86139125,0.7616781,-1.8873239,1.509372,-0.8727857,1.4279879,0.04423946,-1.0014234,2.1313603,0.34317568,0.537173,-3.1576433,1.5383308,2.276601,-0.08323794,-1.3181294,0.093895555,1.7689575,-1.7817637,0.5310926,-1.1608783,-0.9867064,0.7719604,0.61324894,-0.7064649,-0.4031687,3.5003996,2.1829605,0.1858435,3.8110728,-2.3577297,-3.1048498,-0.3304784,-0.67842084,2.6090715,-0.9032936
Leukemia_TCACGAAGTTTAGCTG-1,-3.83163,0.09093761,4.019999,0.26476,-0.9496575,3.483833,3.574335,-1.2162036,0.037482366,-0.5887554,-1.3655105,-2.0962493,1.4878353,0.18403822,2.586154,0.0535056,-1.9495691,0.1110055,0.07546447,-0.6607466,1.2068152,0.8928642,2.1054688,0.8218369,1.5099589,-3.3192878,-0.03720487,0.8758106,0.18743098,0.092456885,-1.4663098,-0.80146325,-0.057302624,-0.59153146,-2.00973,1.6028,1.0869989,-0.4312271,1.7636818,-1.6812332,1.1402199,-1.4511014,0.240004,1.7111613,1.397332,0.13285103,-0.88579816,-1.5054309,-0.30675852,0.6805208
Leukemia_TCAGATGAGCTCTCGG-1,-3.581748,-2.8342922,6.498496,-2.0793824,0.10303532,0.115058504,-1.835438,2.8460402,0.49960715,2.9982712,-5.3126006,6.2776628,-0.1669218,-2.5122662,1.4442334,2.9791632,-0.92595005,-0.5374693,0.36322892,4.1209283,-2.7671828,1.2536043,0.11531695,1.9777259,-0.8029924,-1.4681401,-1.7684411,-0.43835303,-2.9764977,-4.5385146,-1.3550593,-0.014505577,-0.95900434,-2.400942,-0.2207964,-1.3266637,-2.7600036,-2.5647967,-3.5428708,3.2390888,-1.3336109,1.9427931,0.7390545,0.66122663,1.3759298,-2.7523518,1.4229996,0.64535874,3.7375166,-0.06131904
Leukemia_TCAGATGCAAAGGAAG-1,-2.2809691,-4.245726,4.4931235,0.3908225,-0.5999877,0.41353053,0.68271065,-0.24741015,-0.7358753,0.0010925115,0.9150126,-0.24446835,-0.92450064,-0.44190717,-0.44329435,-0.598689,1.7779083,-1.35159,-0.58099717,-0.22866735,0.9882126,0.116788864,-1.8373868,-1.3130832,0.009526886,1.025611,-1.135876,0.41820022,-0.030100377,-0.7017999,0.650492,0.77583665,0.32053483,-0.8998809,-1.2632415,-1.1471994,-0.5926203,-1.9572906,1.841608,0.42056736,1.4604434,0.76690483,1.6149203,0.43089333,0.4181967,-0.7365765,-0.7679159,0.47620943,-0.7873077,-0.9852791
Leukemia_TCAGATGCAGACGTAG-1,-0.81622356,-0.3720123,6.505381,2.1078002,-0.8225088,-0.32593405,2.6301785,1.5932349,0.14053427,-1.4268125,-0.31166756,-0.5943524,2.3908694,-0.8585063,-2.074067,-1.2245688,-1.0111462,0.96949077,-0.041439302,0.44957697,0.7616033,-0.76099455,-1.295854,-0.2668819,-0.16548839,-0.63796633,-1.7620435,0.58836854,0.70044714,-0.619913,-2.0864434,-1.2165335,0.12093455,-0.8159557,0.87546295,-0.49886516,0.009877348,-0.55577797,-0.8325548,-2.2709007,1.11636,0.4731374,-1.0362089,0.24882182,0.45241186,1.5868912,-0.9001982,-0.8223957,2.205931,0.20866302
Leukemia_TCAGCAAAGGCTCTTA-1,-2.1133497,-2.2837613,4.0466766,-0.79564714,-0.9307643,3.4317787,-0.9390368,-2.1950605,-0.8580938,-0.08405898,0.040218502,-1.0911103,-0.9288795,-0.9988783,-1.9332837,1.1246381,-1.7616764,1.6046848,-1.0704266,0.38154435,1.085957,0.9955802,-1.9647802,1.2359042,-2.1132686,-0.9887416,-0.63650835,0.2121546,-1.3527424,0.92040175,-1.9129189,3.0407221,-1.2128376,1.2337812,-1.0796832,-1.372445,-1.4419252,1.1520822,-1.2491133,-0.4258438,-0.27733737,-0.7189845,0.5535281,-0.08866339,-0.16745842,-0.15376513,-1.9562972,-0.94640493,-4.238511,-0.7552965
Leukemia_TCAGCAAAGTAGTGCG-1,4.6114407,1.5551853,3.024955,2.7732255,-0.49996054,-2.633583,2.4044929,0.87809914,-0.03041686,-2.2375321,0.06300949,0.7593215,2.411528,0.26805487,0.2095616,1.1600375,0.9448395,-0.2867528,-1.6636035,-1.0120054,0.99730974,-0.8621866,0.883534,1.3651018,0.48094454,-0.29019272,0.034346968,-0.33993927,1.7619524,0.15806521,0.19576822,-0.26516974,-0.37494346,-0.14226557,-0.07400386,1.3313426,-0.077770114,-0.13047013,-0.14028986,-0.76296246,-0.621558,0.012622795,0.45299754,-0.6844845,-0.07820766,0.22302964,1.0033895,0.06032673,0.08279938,-0.067090854
Leukemia_TCAGCAATCACTTACT-1,1.3692548,7.8626304,4.063791,-0.1883068,1.0148273,0.14155217,2.6914907,0.10070517,-1.2899199,-2.9328697,-0.29085892,-0.13677654,3.0816948,-0.17060775,0.5929277,-2.000519,0.66003674,0.6564621,0.49994558,-4.497693,1.1620965,0.15423411,0.69210845,1.4738455,2.1003854,-0.12541513,-1.1328231,0.63606614,0.8520693,-1.6317327,1.1409034,0.4192696,-1.9598213,-0.13029829,-0.39418936,-0.8789866,-1.2422348,1.1200728,-0.25301042,-0.8502914,-1.4502414,-0.43968698,0.8663986,0.4510012,0.035578113,-2.1935344,0.26794463,-2.4776974,0.06878354,0.2995361
Leukemia_TCAGCTCCACGAAGCA-1,-3.7796037,-1.3326836,4.616772,-2.032947,-2.1954103,6.4449186,0.574661,-2.5497904,0.37854743,-0.9535123,1.5290226,1.5027316,0.44391018,0.6927884,1.6599429,-0.7127452,0.41750288,-0.888487,2.2646818,0.5680762,-2.0671434,-0.07173861,1.638784,1.4643975,-1.822571,0.59589034,-0.5345028,0.08474528,0.19128865,0.8913769,3.0573807,0.2613914,-1.463475,-1.3930435,-1.645976,0.67574894,-1.285042,0.47118124,0.450202,1.552541,-1.9520384,0.85733193,0.7792146,1.871146,-1.2845542,-1.7527132,0.31360462,0.22368552,1.0193915,0.6134231
Leukemia_TCAGCTCGTGGTTTCA-1,-3.5698855,-2.5586083,2.527283,2.575887,-0.8450021,-0.30629593,4.1823597,-0.34796467,-2.6361609,-0.115621544,-1.1569519,-0.6465425,-1.2491131,-1.074103,1.8704752,0.9732935,0.5958469,0.33576238,-0.14383422,-0.071924806,-1.0844264,1.9293407,-1.0939177,-1.4079351,-0.98882693,0.40435272,-1.057506,-0.09499844,-0.8999135,-0.6723364,0.7941492,-0.6435426,0.07811531,1.957648,-1.2761117,0.8438307,-0.55815905,2.013866,-0.26886052,-2.1638188,1.5062634,0.21725994,0.21973406,0.7831944,0.71764094,0.36783528,0.18600449,0.8370971,0.80321854,1.0807748
Leukemia_TCAGCTCTCTGCTGTC-1,-2.2974577,0.29012862,4.754631,-0.24930732,-2.1965477,7.095659,2.21568,-1.3137137,0.6272174,0.32225332,0.0014422735,0.93153775,1.0193979,-0.97914433,2.4624963,-1.2075396,0.69056046,-1.4850979,-1.6864958,0.11594174,1.8327589,1.0276968,0.26457214,-1.4365351,0.65251124,1.8742596,1.0606245,-1.2837538,2.7394452,0.25198472,1.6668047,-1.928761,0.90641356,-0.91061354,-2.3949287,-0.94547945,0.92375785,0.027338387,-0.20375144,0.17944092,1.2114241,0.41300982,0.5166301,-1.0082239,0.8482923,1.5606829,-0.49069807,-0.5962963,-0.15519828,-0.2544183
Leukemia_TCAGGATCACGAAGCA-1,-3.7303712,-3.0075858,2.1954958,1.7448231,-1.683453,2.0824332,2.8882873,-0.9814543,-2.5693617,0.5109754,-2.7063894,0.59523815,-0.32846692,-0.3537854,-0.31714562,0.38744998,1.738924,0.28790346,-0.8888492,-0.2535041,-0.032633007,0.6684414,0.09173823,0.21392329,-0.80314213,-1.1276964,0.83807576,1.2111133,-0.4967908,0.16034593,-1.1674666,0.164816,1.8344945,2.3182917,-0.53864086,1.1443155,1.205602,-1.027001,-0.8504558,-1.8612931,-1.3774235,-0.62184817,0.115992345,-0.49700484,1.4790674,0.037218742,-0.1936169,1.902552,1.1318963,-1.3940363
Leukemia_TCAGGTAAGAAGAAGC-1,-2.1862402,-1.8784193,2.6954496,2.6911695,-1.8828368,0.5556727,2.7485588,-1.4692762,-2.2038867,0.70302445,-0.5101537,-1.1080564,-0.6155799,-1.1850082,1.2502717,0.38893983,1.3090247,-1.5458285,-1.0401543,0.2842522,0.97014654,0.28110287,1.0117856,-0.79542714,-0.11718278,-0.49717668,0.19137664,1.8977013,-0.30791023,0.18680753,0.47049114,-1.4373924,0.52447355,-0.021676905,1.1362473,1.0067993,1.0061187,1.4220076,0.605323,0.1810809,0.96601623,-0.307796,-2.214995,-0.83201706,-1.0091379,0.4967523,-1.5399649,1.2781976,-0.682879,-0.65444434
Leukemia_TCAGGTAAGAATGTTG-1,4.8414063,4.244194,2.1593795,-0.5513389,0.2936771,-0.31663355,1.6116893,0.8597888,0.86319333,-4.177192,-0.84088534,0.4988406,3.9777246,0.58475316,-1.3574921,1.057326,-0.44109514,0.3075918,0.6214623,0.5942598,1.2943075,0.5321123,0.18537779,1.5521634,0.31520686,-0.7881941,-1.5442401,1.5534352,2.0229244,-0.36575884,-0.8337588,-2.123382,1.37232,-1.0372262,-0.1830445,0.8306846,1.2484161,-2.1984713,0.52464926,-0.47491857,0.49394056,1.1962866,1.2691612,-0.0008096308,-1.1341833,-2.8171048,0.7486004,0.03818962,-1.3648978,-0.7370727
Leukemia_TCAGGTACAGCCACCA-1,-8.560264,0.9902588,2.2701087,-10.142474,3.4558043,16.37916,-5.2332044,-5.745783,19.379456,-11.654031,-0.7555951,-4.64958,1.6043373,2.0730464,7.733568,8.220807,-4.681396,3.3386884,5.345132,-2.4541588,-15.580266,-4.8404155,-26.838318,9.783311,-15.8026495,10.979431,0.44733843,-11.561364,4.872354,10.728231,3.2678945,-10.3094635,22.48772,0.70852053,0.6258718,-2.548803,4.679958,-2.9382086,1.7911729,7.578021,2.9399753,13.644971,9.245665,-6.5333786,3.2116184,4.392118,-0.17415945,0.15723862,1.5217527,2.9187875
Leukemia_TCAGGTATCACGACTA-1,18.252966,-0.51943463,-2.5032709,-1.0287887,0.14138028,2.4334455,-0.23493177,-0.5385227,0.36921373,0.0045039365,-0.7566842,-0.57016397,1.6293354,0.6641486,-0.08868847,-0.9294823,-0.6930096,0.16240597,-0.053319283,0.7934345,2.0423925,-0.6782462,-1.1767384,-0.18407592,1.2013212,-0.6098743,-0.01578497,-0.61922306,-0.79491585,-0.7816006,-0.6491793,0.49763143,-0.13452104,0.85741025,0.12224777,-1.0785288,-0.5122331,-0.56199086,-0.031584367,-1.0176342,0.09531326,0.38925368,0.9825222,0.8433354,-0.13404527,-0.061432466,-0.59021336,-0.033249427,-0.121359326,0.7426913
Leukemia_TCAGGTATCTTGACGA-1,-4.424453,-1.8536254,4.085198,0.9737278,-2.8024645,5.4432683,2.5309772,-2.1052945,-1.9641396,0.0760089,-2.2925537,-0.62971365,0.64243764,1.4278035,3.3736613,0.82460874,1.4939476,0.5717632,-0.29662144,0.0646299,0.9488313,0.54091966,1.1610699,0.42882457,1.036086,-2.2735732,-2.151829,1.6690032,1.1760081,-1.1356229,0.6034174,-1.8926686,-1.1705573,0.21109776,-3.0055163,2.4935079,-0.4325564,0.545731,0.09590378,-0.9865583,-0.6895181,-0.6681224,1.0323089,0.9166795,-0.24415088,1.7673132,0.6225284,-1.2580527,1.6269255,1.3951141
Leukemia_TCATTTGCACACTGCG-1,-0.7900736,-4.025552,8.82814,-1.2106959,-2.1920738,-0.93682086,-2.2451391,3.1245675,3.2517304,1.005731,-4.568458,0.2226669,0.5247769,1.8551998,1.0036576,-2.5271826,-2.2273965,1.7343206,0.21476322,0.075673215,0.023144625,-1.0223279,-2.5932765,0.9632451,0.7963768,1.0587893,-2.2376027,0.06463701,0.9461326,-2.6475997,-1.7707644,-2.0946836,-2.2684257,-1.2510533,-1.6942075,1.4366275,-1.7208823,-0.44044262,-0.0821139,0.0669841,-1.888235,1.4445999,1.6419042,0.016697738,0.073068745,0.0397796,0.06732631,1.080315,-1.312468,1.177472
Leukemia_TCATTTGTCGGCTTGG-1,-1.0068855,2.1942878,3.329169,1.3525716,-1.1812541,-0.28085768,1.6375701,-1.5543121,-1.0848881,-1.1281767,1.047071,-0.7901925,0.9344674,-1.1390246,-1.6294863,-0.453664,-0.7875749,0.25042373,-0.07414155,0.32920036,0.8877548,0.9545496,-0.104979575,0.28402212,-0.5649043,-0.7417291,1.9133128,-0.055752013,-0.098492175,0.9864076,-0.52488554,-0.3307123,3.154338,-0.589022,0.3736004,-1.120337,0.6644755,1.7404059,-0.19545203,0.48929417,0.6459958,-0.5156607,-0.8497438,-1.9721698,0.42407402,0.38633046,1.2440426,-0.08073861,-2.134013,0.4135981
Leukemia_TCCACACAGGTTCCTA-1,3.7165422,3.9476686,1.8855094,2.8627257,0.15614189,-3.667591,1.8944536,0.37117594,-0.56397825,-4.4335055,0.4970185,-0.9296891,2.473505,0.7828089,-0.6298251,-0.81231564,0.3237594,1.3708885,0.68056136,-1.2621258,0.91509885,-1.25618,-0.378581,-1.5049796,0.42500144,0.37171146,0.092873015,0.8341447,1.0902674,-0.31762695,2.1061373,-0.19912557,0.03901992,0.50968707,0.56790644,0.47631422,0.21014965,0.81119734,0.5637976,-1.2278566,0.0065355063,2.0639985,-0.7213113,-0.5703708,-0.37498525,-1.4125745,1.3298181,0.96599925,0.22450875,-0.22066733
Leukemia_TCGAGGCGTCTCCACT-1,-3.7971158,-0.771352,4.4083133,1.0006859,-1.1428323,4.714094,3.2998192,-2.3899484,-0.24248151,-1.3733335,-1.4008927,0.82743305,-0.36050388,0.94661224,-0.1626703,-0.2834781,-0.6914545,0.67320466,2.2827172,-1.1373065,-0.7758626,1.8346822,2.7677352,3.1958287,-0.047991533,-2.9067025,-1.5708511,-2.1461434,-0.79496604,0.6547051,-1.7413293,-0.21183103,3.2745757,-0.4895707,-0.72776836,2.1070058,3.2819476,1.7827704,-1.6700667,-2.1282365,-0.6722593,1.6681609,1.3884614,-2.821176,3.1857388,3.0940528,0.3896961,-2.353453,0.21981406,0.743113
Leukemia_TCGCGAGGTCAGTGGA-1,2.826966,13.485027,4.20723,-2.8709989,3.5841467,-0.669853,-0.8223898,-0.97739106,-3.0724106,1.759116,-2.6679482,-0.47969532,-1.4169241,1.5076953,-0.21534827,-0.024110135,1.1087203,0.46426782,0.5621433,-0.04391411,-0.11946457,0.3086723,-1.3095424,1.2642769,1.2903441,1.4870099,-2.0012188,-0.5840715,-0.35520953,0.2513547,-0.14322397,-0.1965076,-0.16163325,-0.9289005,-1.1159554,-1.115346,-2.4222536,0.90720695,-1.5424182,1.3664702,-0.16934519,-0.24210697,-1.2527117,0.19920687,0.6407303,-1.0749482,1.5445977,1.3311806,0.2234326,-1.7572893
Leukemia_TCGCGTTCATTCCTCG-1,-1.8107141,-2.3638518,4.2721624,0.4697672,-2.016199,1.6928864,3.5338757,-0.5473427,-2.6257432,0.5047732,-0.39294308,1.8040141,-1.9626621,1.1360757,0.037549756,1.1077305,-0.07382594,-0.6442567,-0.85191786,-0.33114475,-1.034673,0.0980403,2.2972991,-0.11531368,-0.6384118,-0.31702524,-0.0065233777,1.7418209,0.35315362,-1.306166,-0.68551725,0.49836296,1.0730715,-0.5465174,-0.17933218,0.16773626,-1.2134405,0.73541266,1.3977025,0.5231679,0.052326195,-1.1594586,0.9430643,0.2518247,-0.9540771,-0.32192847,0.13286221,-0.6296254,-1.282924,0.40541324
Leukemia_TCGTACCAGGGTGTGT-1,-5.2980022,-1.3449769,2.8432512,-1.4329164,-3.6310768,5.338815,5.4073105,-2.3947532,0.83250725,1.5560673,-0.8150249,2.7735906,-1.7482327,-0.8953697,-0.29308575,-0.99677783,0.6276893,-0.14350732,-1.0002177,1.7465842,0.10087089,-1.3697461,-1.3684303,1.5506265,-1.1479578,-1.7847203,-2.5977607,-1.9754018,-0.51342916,1.0455483,0.7102894,1.1522626,0.2803487,1.279101,-0.8691469,0.66971076,-1.3646152,-0.64491355,1.7487057,-3.1445336,4.234868,1.4288694,0.8300997,-3.7502549,-1.5773132,-2.2537713,-0.4832212,-2.2268426,-0.4521433,1.629775
Leukemia_TCGTACCCAGTCAGCC-1,-2.0789127,-2.7957337,3.3691127,1.0969111,-1.4749777,3.0360498,3.0491776,-2.2154648,-0.761939,1.294052,-2.2976842,0.37324053,-0.48414776,0.65953654,0.8231028,0.625792,-0.09167754,-0.30800617,-0.8280461,1.5236032,0.625715,0.95395565,-1.6160802,0.3333973,-0.46500382,-0.11143639,0.25205052,0.4008435,0.40390688,1.5156673,0.09030241,-1.3467869,0.06466274,1.2599471,0.14594185,-0.006060805,-0.48717096,0.054929003,1.9742051,0.20029223,1.0561908,-3.035923,0.86848044,-0.7621552,-2.8762212,1.0424147,0.13666745,0.460724,0.63599753,-1.5821732
Leukemia_TCGTACCCATCCAACA-1,13.21231,-2.016919,-1.0845293,0.7686791,-0.31995833,0.037642766,1.2876842,-0.59148455,-0.52073866,0.28479254,-0.6732908,-0.6626438,0.59666914,0.6393836,0.19035673,0.18873794,-0.14311981,0.009687688,-0.049365006,0.33941433,1.4045708,0.23496778,-0.5793256,1.0517695,0.5472919,0.5413914,0.21858014,-0.33949003,0.31498936,0.6722878,-0.42329046,0.2315099,-0.3994537,-1.2182167,0.09936285,0.0761281,0.84117943,0.58811367,-0.18139565,-0.24898072,0.3432188,-0.6048129,-0.7884402,0.4313354,0.14813787,0.43196145,-0.23850155,0.31265,-0.40636346,0.2015967
Leukemia_TCGTACCGTACTTAGC-1,-4.9199195,-3.1782207,3.0851421,-0.50132453,-2.0230577,2.8049622,1.9301392,-0.29866588,-0.8834464,2.2279954,-0.86342025,3.0003476,-1.9485251,-1.1024774,-0.5066965,0.4376605,0.2923769,-0.45650113,-1.6582643,1.7374531,0.8651472,0.6964076,1.0913584,0.83231586,1.1683422,1.5517468,1.7722304,-1.4306203,-1.9392104,0.60617244,1.2075505,0.9899132,-2.4986727,0.29203218,-1.8805652,-0.66890985,-2.092683,-2.212722,-0.43734688,-0.7375639,-0.79450613,0.123138785,0.449409,-0.36682612,-1.3712405,-0.4929162,-2.275306,-0.12993397,0.46018165,-0.9997429
Leukemia_TCGTACCTCATGTCTT-1,15.540723,-2.008418,-2.8840556,2.1912491,-1.2649323,-0.31071293,1.8212796,0.07526748,-0.62799543,0.17924082,-1.6794466,-0.46239632,-1.0555449,-0.4445681,0.5587848,-0.88284826,-0.09907315,-0.7742163,-0.13126333,-0.12673135,1.2575947,-0.18906401,-0.40609354,1.4419456,0.24462786,-0.52921814,-0.034523133,-0.97310054,0.088575736,1.0672692,-1.2338042,0.42280504,-0.71687865,-0.5964783,0.6494266,0.58054435,-0.30078447,-0.63406175,-0.47791833,0.3501815,0.1257062,-0.09994837,-0.79812515,-0.05015722,0.6322837,-0.4386537,0.103469685,0.995482,0.22808197,1.4730141
Leukemia_TCGTAGAGTTGTTTGG-1,-1.6143907,-3.2940092,6.757471,0.3664404,0.03223781,-1.0725248,-1.0450462,1.0189767,-2.019019,2.3197021,-1.7971234,-0.202408,-0.4809725,0.21118672,0.22056824,0.014522648,0.086966015,-0.2961919,2.4410744,0.6062519,1.3078129,0.09037852,-0.7984464,0.047186524,0.90087616,-0.019283831,-2.7357323,1.202649,-2.0114396,-2.0627296,-0.86099696,-0.91132545,-1.2121953,-0.28755692,0.92412287,0.38243207,0.61204565,-0.29311642,-0.99930173,1.4381979,1.4358076,-1.763968,0.7192543,-1.3326852,0.18332449,1.428464,0.53677166,0.22522919,-2.2003698,0.08359757
Leukemia_TCGTAGATCGCTTGTC-1,-2.5516856,-2.1482527,5.4779186,2.3645284,-1.1605074,1.5581633,2.2975094,0.0694027,0.5179087,-0.70163167,-1.3214331,0.134903,-0.56129247,-0.24769849,-2.1434755,-0.055988926,0.18858942,-0.09378507,0.76495034,3.0478508,-0.28381684,-0.2008198,-0.20754541,-0.5808984,0.80558115,-1.2394804,-1.0902478,-1.2280753,-1.2254946,-1.0763553,-0.5673773,-0.9131893,0.58094615,1.1209722,-1.3707628,0.4110859,-0.11891051,-1.281425,-0.4426163,0.786143,1.8966749,0.4730976,-0.2756509,0.2688733,0.011609686,0.9796346,-0.1625727,0.96627665,-0.72326773,-1.4207078
Leukemia_TCTATTGCAATCCGAT-1,-4.0729194,-3.380365,3.9413097,-0.56613296,-2.0866148,5.982891,0.4901789,-2.5386117,3.088475,-2.8123064,-1.4735515,-0.5428841,1.8203819,1.9331938,4.1783643,-1.7208443,-1.2305794,-1.2544456,-1.0833361,-0.52430296,-0.38179952,2.0568774,0.56811816,1.990332,-0.092125654,-0.11718461,-0.686941,-1.0459749,0.57194513,-0.11542237,-0.88760036,-0.3516057,-0.5506033,1.6022488,-2.327468,0.60771495,1.4940578,0.24246225,-1.0450351,-3.0160632,1.8443464,3.387503,-0.31069908,0.7592536,-0.35372198,0.013518487,0.9487692,2.9858959,0.93585443,-0.3996863
Leukemia_TCTATTGTCACGACTA-1,-3.1527944,0.5341177,4.2558217,0.043750662,-1.1139928,7.058839,0.13072844,-2.7500706,1.3176312,0.62427354,2.6116972,1.982943,-0.5415998,1.1063137,0.9010602,-1.8719443,-1.1964189,0.069921955,-3.0933714,-1.5119635,0.24172811,-0.6148657,-0.38369206,-1.1584196,1.9832877,-0.7009229,1.4499571,-2.1825335,-0.49598652,1.1347753,0.99430996,-0.11611246,0.90011126,0.25490597,0.7507023,-1.5315688,-0.18334053,-2.5903163,-0.69183385,-0.43422902,-1.2320293,0.6921948,-1.3250264,0.16072777,-1.3352878,-1.3230077,-1.4124,1.2696372,0.23863192,1.2228862
Leukemia_TCTATTGTCCAGAAGG-1,2.4170895,8.477744,3.929416,-4.276227,3.1646965,3.530645,-1.8753581,2.06464,4.184534,-2.8563516,1.7702117,2.8286002,0.6774685,0.12086108,-0.037847865,-0.09141653,3.6598108,0.44699526,-2.3530636,-0.9719009,0.35872847,0.8800814,0.95605063,1.4688256,0.32683846,-1.4376858,-5.750741,0.039885193,-1.7751678,-2.9845314,-0.06578701,-1.3541211,-4.328497,1.0915924,-1.6608319,-1.9636197,1.8897613,2.5654979,0.6094022,2.1078355,1.3784181,2.605055,1.3579117,2.8003142,-1.8534502,0.09247981,1.3564425,0.66220635,-3.4871976,-7.8240137
Leukemia_TCTGAGAAGATATGCA-1,15.940301,-2.2414367,-2.4158783,0.034570698,0.4990018,0.31346667,-0.8677737,0.05648293,-0.6090168,0.69617134,1.0062032,0.32873374,-0.03183736,0.16159308,-0.8750423,0.38902247,-0.014174878,0.030798763,-0.059188224,-0.31041563,0.32536662,-0.124141835,1.1353431,0.854584,-0.94114685,0.37520394,-0.22203606,0.857133,0.020524787,-0.2892312,-0.6237024,-0.24846172,0.97312105,-0.13174506,0.7986794,0.48871502,0.059091583,1.3367996,-0.43945482,-0.2524117,0.73109,-0.2801328,0.26823315,-1.4626592,0.03440677,0.3301303,-0.3670509,0.9239057,0.8635699,-1.4475721
Leukemia_TCTGAGAGTTAGAACA-1,-2.951546,-1.0216706,4.9551315,1.0562657,-0.5833639,3.2020502,1.640503,0.22769512,0.77057815,-2.4988654,-1.7050033,-0.5661998,1.0099019,0.39323083,2.1652231,-2.9721267,0.99397767,0.12488539,0.44784215,-0.024777194,0.7959592,-0.2411647,0.91492105,-1.1918876,-0.7621682,0.9035918,-0.68964547,0.5973654,-1.2224482,-1.2756106,-0.9457701,1.2785848,0.5152371,0.16686994,0.34302056,1.0018386,0.044318292,-2.127624,-1.2125983,-2.5933487,-1.0371737,-0.82642686,0.63569957,-0.7593116,0.09270977,-0.7786797,0.99852026,-0.08016488,1.7616676,1.5141746
Leukemia_TCTGGAACAATAACGA-1,2.0321534,7.855875,3.1021564,-0.3122758,0.4432347,-0.8688156,3.3414109,-0.6743438,0.2802149,-5.0812488,-0.44248578,0.17040186,2.6802337,0.88933897,-1.0515705,-1.0779759,0.5850753,0.98354757,1.598356,-2.1840405,1.4612563,0.37983266,0.0136737125,0.30190042,1.4232432,0.3409544,-0.4255374,0.3593037,0.48415446,-0.6901306,1.2417364,0.25874236,-0.532064,0.38417828,-1.2659358,0.8526595,0.28791097,0.6610644,-0.968692,0.81890815,-1.701533,-0.16256922,2.539431,0.39007375,0.7262126,-0.61090237,-0.20357823,0.40403086,0.12905097,-1.7023457
Leukemia_TCTGGAATCTGGTGTA-1,1.3324733,6.3287787,2.9318836,1.2080883,-0.32943824,-3.263658,1.0079514,-0.63748264,0.04732821,-4.63085,-0.6416526,-0.7906832,0.4855619,1.2605984,-0.8137865,-1.1668227,-1.4766445,0.7254849,-1.4168483,-0.8991192,0.034998376,-0.7475067,0.68453133,0.8755863,0.88368183,-0.46246123,-0.16684629,1.1953263,1.1987641,-0.6509913,0.28587565,1.9762075,-0.47172046,-0.896219,0.8070785,0.6191737,0.2486365,0.85236645,-0.49033606,-0.9013299,-0.047194645,0.6828964,0.21354495,-0.04474991,0.12269407,1.8924371,0.5295329,-0.56178457,1.8633941,-0.39595026
Leukemia_TCTTCGGGTTTAGCTG-1,0.33149567,17.435858,1.673801,-5.017782,5.78593,0.82556856,-3.6015077,-1.3455032,-2.8916633,3.5778182,-5.2898498,0.2937947,-0.77883255,2.5680468,3.0486314,0.9098976,-0.07909718,-0.30643323,0.41317242,1.206046,1.4438244,0.13378912,-2.2758465,0.73309994,-0.39883825,-0.7520533,-0.53301615,2.9853735,-1.0586181,-1.0898969,-1.1229665,-0.5633241,-0.36754835,1.1990561,3.9085352,0.047121722,0.6517298,-0.1517238,-1.3614188,0.13834678,-0.7936777,-0.6761088,-0.63518673,0.8542937,-1.349237,-0.39116648,-1.6323543,0.34124616,2.148807,0.57270056
Leukemia_TGACAACCAATGAATG-1,-1.2801355,-3.6913342,5.9757013,-0.122559115,-0.3431353,-0.71555215,-0.8851071,-0.28278944,-2.4910808,-0.24525636,-0.7304366,-0.46330792,0.73132485,-0.42212963,-0.9905421,2.2436323,-1.086024,1.8056041,-0.46821764,3.0416007,0.23271747,-0.8144776,-1.6054204,1.1140244,0.72992486,-0.12802535,0.51014286,0.96675134,1.9358925,-2.3549938,-0.19585605,0.94444436,-1.9753603,0.2824587,1.5434513,-1.1980014,-0.76903546,0.41819027,-2.2633486,1.6073562,-0.87730604,0.8053051,-0.79208666,-0.9530998,-0.81119496,1.0512857,-0.16660373,-1.2478696,-0.924428,-0.575181
Leukemia_TGACAACCATCCTAGA-1,16.434952,-1.7367351,-2.3488429,0.53991807,-0.26157987,1.2574563,0.34429723,-0.31724098,0.53943056,0.3732359,-0.3413272,0.3797717,-0.018305195,0.1610762,0.46349806,0.42884126,-0.16307034,0.13166633,0.25312543,0.9641091,1.3136319,-0.16863815,-0.6966503,0.21534693,-0.36616662,0.23025972,0.9651204,-0.7882752,0.17406747,-0.9785006,0.36130512,-0.024340034,-0.030120967,0.40051383,-0.3436958,-0.30104572,-0.11169153,0.20825897,-1.0063595,0.10972253,0.120196186,-0.8894507,0.7635964,-0.39418122,0.22350763,0.65400547,-0.42619637,-0.52455914,0.21661511,0.82666856
Leukemia_TGACAACTCGGAGCAA-1,5.5299897,2.5679908,2.7063994,0.34957883,0.67050564,-2.9754848,-1.1721512,1.0775424,1.3267924,0.056147315,6.3445277,3.5231867,3.5187407,0.9742664,-1.7859269,-0.4947241,1.9322766,0.31347552,0.3052043,-1.3111339,-3.0901742,1.406443,1.6355344,-0.5434964,-1.6289972,-1.3473713,-1.4804345,2.8659582,0.35025433,-1.5793849,0.12717657,0.35235184,-0.5536734,1.371568,-0.8979513,0.7326792,-0.830363,0.55956686,-0.28272516,-0.614005,1.1457672,-0.3950757,-0.41379538,-0.04547803,0.6411915,0.2768002,0.52695733,-0.9594953,-2.1202483,-0.42734486
Leukemia_TGACAACTCTGGGCCA-1,-1.9768234,-1.415439,6.3314424,0.14854716,-1.6359149,2.544798,0.102171704,-0.67227846,1.3264427,0.6393435,0.61032575,-0.89656156,0.45404303,-1.9340171,-1.5194621,-0.97341,0.28063715,-1.2475036,-0.19044916,1.1305045,0.30659664,-1.0506468,-1.8463572,1.0590441,-0.105034165,-0.16846892,0.2989288,-2.3157856,-2.1093495,0.6633106,-1.0157578,-0.6408436,-0.11319143,-0.09109812,-1.3942834,-0.8589334,1.4508098,-2.201428,0.5009771,2.055591,2.7990627,0.1539427,-0.6932313,2.5089326,-0.7257473,-1.756057,-2.402856,0.69391054,-1.7855369,0.49825963
Leukemia_TGACAACTCTTTCCTC-1,2.61226,9.584027,3.9919555,-1.3205389,1.720469,0.2078166,0.94476575,-1.493924,-0.9329198,-0.060161665,3.463077,-0.021074815,1.2221073,-0.92008024,-1.925154,-1.5903835,1.1400249,-0.743754,-0.3752784,-3.9204066,-0.5002509,0.47359523,-0.50687814,-0.27459854,1.8415574,1.6928846,0.13425045,-2.100009,0.43832448,1.1978698,-1.6256646,0.65165234,-1.3811423,-0.31371862,0.26046243,-1.1621666,-0.6722863,1.7477902,0.20026956,2.0604334,0.76832473,0.6632818,-0.765103,-0.55686325,1.3964272,-2.4828773,1.2605726,-0.4987979,-1.7713165,1.4130956
Leukemia_TGACGGCAGGCCCTTG-1,2.387314,13.935617,4.977268,-3.8749669,3.0063407,0.32458073,-4.2359314,-3.7329092,-2.6058948,4.038637,3.275255,-1.2984971,1.4347802,-0.5318653,0.22954151,0.1315,-0.22136049,0.48663673,1.2033135,-1.6831428,-2.2294858,-0.9623887,1.4458332,-2.4327738,0.54059136,-0.9025978,-0.007953321,-0.6088333,-0.15947148,1.0708797,1.8286955,3.0598435,1.6575252,-1.56153,2.2335865,4.3285317,-0.6359768,-2.1202626,2.0456161,-0.021417389,-3.231338,-0.7562528,-1.0402008,0.9044417,1.4437729,-1.6387382,-1.1781397,-0.54140157,2.069737,2.9322407
Leukemia_TGACGGCAGTGGTCCC-1,-3.8973217,-0.24897332,3.9610918,1.5231348,-0.5543791,3.98626,4.292225,-1.3439072,-0.16722684,1.4717438,-1.6098595,1.8811015,-0.002754394,-0.430174,-0.9875573,-0.81340957,-0.42349187,0.38951653,-0.36475426,0.9305541,1.1127946,0.5230014,-0.25310993,0.7202485,-0.53084075,1.2391201,0.23615727,1.4589256,-1.2245328,0.9912629,-1.647136,0.57806987,-0.14289479,1.9354532,-0.8109538,-1.42717,0.6113012,-1.4595648,0.45772862,-1.0248544,-0.40676546,0.75013244,-0.011884643,3.0195684,1.0323501,-1.0157322,0.5346964,-0.9512573,0.19874305,-1.3695331
Leukemia_TGACTAGCAAGCCATT-1,1.7426983,18.769146,6.387912,-4.675757,5.864762,2.0091949,-3.222825,-2.5004632,-3.4854856,4.0548506,-5.010542,-2.3395941,0.004437708,1.2459059,2.6783578,1.1052543,0.36293256,-1.2830769,1.7859597,1.0876563,2.8092904,0.29706994,0.31948745,1.4301095,1.0701138,-1.5507761,-0.122143865,0.4229583,0.6124089,-1.1656277,-2.1787455,0.8528662,0.034181774,4.522775,0.31858227,-0.6997162,0.11714284,-1.05187,0.13066265,-0.64208406,-2.5561268,1.7261754,-0.66572154,-0.03435063,-1.0455023,-1.0558004,-0.13999735,-1.7376938,-0.41417754,-2.613656
Leukemia_TGACTAGTCAAGGCTT-1,-2.4221046,-2.1385295,4.448664,1.0075861,-1.9110686,1.2206837,2.6245246,-1.8114059,-1.1718732,-1.5265266,-0.7163485,-0.23107792,-1.346235,-0.9507802,-0.37697777,0.52285475,0.14433789,-0.024106408,-2.4597654,1.2668633,-0.25063363,0.2927184,-0.3052375,1.2989361,1.6067641,-2.5696926,-0.29866403,2.9590871,-1.9571706,-0.32680523,1.02712,0.5340134,2.473405,-0.01089995,1.3628602,0.61844295,0.9083549,0.76948625,0.030190134,1.6991816,-2.0140471,0.29035133,-0.6774138,-1.8671907,1.2544003,1.3304466,0.6886009,0.4322084,-0.61015135,1.3932117
Leukemia_TGACTAGTCATAACCG-1,4.7932835,30.321829,5.3771276,-12.52241,11.5235615,2.9724326,-8.827322,-4.4494596,-8.554235,12.971986,-9.288842,-0.16792564,-1.5415297,-0.8553304,4.2783628,6.8760586,-0.49552974,-0.9517082,-0.96094763,5.355785,2.1891665,0.10258254,0.35470822,-0.643959,0.662143,0.11705337,2.125651,1.421527,-0.046820436,-0.14326769,-3.940784,0.3194904,0.98100454,-0.99801475,1.5493025,0.8603998,0.4040433,0.40313262,1.0840427,-1.3300353,-0.19932349,0.7294322,-1.8010664,-0.13044125,-0.3143534,2.9547365,1.7635403,-0.6591518,1.7476119,-0.22611043
Leukemia_TGACTTTAGACGACGT-1,-1.8710214,-2.1891966,3.7704234,1.7183084,-0.7868898,0.7516523,2.403373,-1.6697302,-0.33366188,1.3330636,0.23658481,-1.2793776,0.87240255,-0.99284,-0.43487364,0.7717014,0.33860695,-0.8857579,0.17880762,0.3446136,-1.139634,-0.10526613,-0.6235645,0.78732985,1.2162073,0.23439358,-1.4081947,1.2800001,1.3044648,-0.042103417,-0.28058442,-2.2769916,-0.7004455,-0.5503443,0.14800604,-0.8039697,0.31829938,0.6736563,0.33770096,0.27737373,1.0790873,0.7991194,0.15391676,-1.1983858,0.16948688,2.3115962,1.1207365,0.58221906,0.4624899,-0.2434433
Leukemia_TGACTTTAGCCCTAAT-1,-1.7776183,-1.1970243,2.967222,1.3513517,-1.8388593,1.202415,3.0624807,-2.2070532,-0.5887844,-0.114869155,-0.107621394,-0.59742886,-1.9093282,-0.56603885,1.1384089,0.7796739,0.6851458,0.1620607,-1.8239788,-1.9013307,-1.5768183,0.23507778,0.97501385,1.6410118,0.24654207,0.93299073,-1.053995,1.437297,0.4397153,1.3339322,-0.27083185,2.678831,-0.22075465,0.10642023,1.6727844,-0.8819105,1.0571247,-2.1975088,-0.2311253,-0.9069434,-0.67912024,0.21567956,1.8505678,0.7713556,-0.13648948,1.8340659,0.9222254,-0.33583286,-1.0385906,-1.6831349
Leukemia_TGACTTTCAACGATGG-1,15.642987,-1.73435,-2.4190779,-0.062262487,-0.7435986,0.050114907,-0.75325,-0.6277098,1.2940837,0.37641728,2.6792176,1.2874329,-0.46371174,0.08490099,-1.1610619,-0.3642228,0.2701499,-0.047940027,1.3053677,1.7181633,-0.82791364,0.64513385,1.2652965,2.006583,-0.85784394,-0.7516233,-0.0019575206,2.6247458,0.9534376,0.089645915,-0.1158966,-0.98143953,1.3843263,1.111012,-0.040113498,0.49832296,0.39233726,0.34784067,-0.31251708,-0.5267601,0.40860623,0.79124624,0.76172453,-0.6487506,0.86588395,0.42727375,0.44452235,-0.09234003,0.2115276,0.5938186
Leukemia_TGACTTTTCACTTCAT-1,-2.3693666,-3.5008414,4.668243,0.21003859,-2.2812204,1.569284,0.9003552,-1.5505483,-1.211135,-0.62917155,1.1641479,-0.36331728,-0.7771599,0.34473214,0.75920254,0.92016995,-0.2537102,0.024940824,-0.047779746,0.82356685,-0.028837554,-1.4514846,-1.1262915,-0.43583223,1.9355967,-0.5599307,-0.620481,-1.7757627,1.3455932,0.18564017,0.9305373,-1.6897358,-0.044732,-0.5590308,-0.8508759,-0.5510731,-1.7450645,1.1260531,-0.06378132,0.23561129,1.3051798,-0.9701672,0.2740255,1.2207801,-1.0558375,-0.79054177,0.25477892,-0.7004191,2.4731872,0.3909622
Leukemia_TGAGAGGTCAGGTTCA-1,12.281484,-0.9224905,-0.51171964,1.2742674,-0.4736863,-0.2501037,0.67663896,-0.014417662,0.58408403,1.0876968,3.041337,1.640452,0.89974743,0.8312403,-0.40296814,-1.5607245,1.608535,-0.43804106,0.352198,0.57442963,-1.0272859,-0.1719472,0.48934284,0.72205156,-1.052223,-1.1014705,0.20590909,1.9141432,-0.56881726,-0.27802923,0.07236819,-0.45948377,1.2139984,1.0910255,0.55654085,1.9634072,-0.523874,0.21036501,-0.23082352,-1.4707719,1.2390445,1.2311558,0.18980838,-0.51783824,0.6347071,0.47219256,0.024847519,-0.79025245,1.1343629,0.13418357
Leukemia_TGAGCCGAGGCATTGG-1,-3.9235451,-1.7736983,4.1869407,1.7683136,-0.08002602,3.0341115,3.0167794,-1.9367216,0.8022739,-2.0069726,-2.666371,-0.6960033,0.14068712,-0.46925855,2.0489244,-2.0957959,-1.6709491,2.9008195,-0.4913684,-0.63765365,-0.15807159,0.19359675,-1.1996213,-1.547105,-0.5005122,-2.3024688,-1.3306088,2.4033294,-1.456636,-0.010544911,1.422196,1.1822146,-0.18142262,0.18112998,-1.2162063,0.20867345,-2.4022493,-0.82230735,1.5348151,-2.4730287,0.30569124,0.034182243,-2.4032278,0.81962454,-0.9131291,4.029116,-2.6436214,-0.72503746,0.85736704,0.5106272
Leukemia_TGAGCCGAGTTGTAGA-1,15.70037,-0.68208784,-1.5319389,0.5731862,0.28918505,0.22397216,-0.30472997,-0.57850355,0.41292432,-0.10295346,1.7802806,0.99732006,1.8923662,1.019051,-0.525647,0.49978104,0.4505469,0.27602637,0.72473353,0.74820656,0.91502225,-1.0053988,-0.34832764,0.11189696,-0.80799663,-0.3176354,1.4630418,1.0919832,-0.53501314,-0.7579492,0.34158534,-0.489777,1.1230431,0.4806893,0.1325711,0.1942602,-0.30528122,-0.19963276,-0.39627844,-0.62392795,-0.2586656,0.77131027,-0.081052884,-1.3489525,-0.06931256,0.7413041,-0.35199592,-0.22692102,0.14815706,0.44274253
Leukemia_TGAGGGACAACTGCTA-1,17.931124,-2.3268676,-3.8524373,-0.38952783,0.0385196,0.38605887,-0.24692465,-0.386551,-0.4354134,0.5852315,-2.3947706,-1.0135217,-1.9840944,-0.09670312,0.9670347,-0.1320155,-0.15478076,-0.23995405,-1.2237564,-0.07466799,-1.2158148,0.06383023,-0.5867353,-0.8245983,0.97460455,0.008180117,0.29037172,-2.0878165,-1.032203,-0.2684225,-0.052666634,0.9764348,-1.0468446,-0.50788915,-0.5434284,-0.41722566,0.19953266,-1.1694776,-0.24173604,0.6887212,-0.88413537,-0.60382766,-0.7247725,1.5565363,0.9280657,-0.355586,0.68647003,1.1069703,-1.1839019,0.27718732
Leukemia_TGATTTCAGTCTCCTC-1,16.573343,-1.8933017,-2.4799893,-0.16116835,0.03414676,1.4117739,-0.5942645,0.36910704,1.5214236,-0.4094586,0.43032604,0.62375134,0.38500628,-0.0827192,0.055481642,-1.2659233,-0.068703964,-0.5724382,0.913839,0.94206744,-0.8333957,-0.10941507,0.40310463,0.38397092,-0.5581913,-1.1198343,-1.512825,1.2212585,-1.3410951,1.0871903,-0.6143069,-0.5559982,0.44326824,1.543402,-0.59075373,0.28142706,-0.54250133,0.91986877,0.36173996,-0.5244368,-0.2611861,0.5646362,0.78555393,0.500185,-0.66648453,-0.37572613,-0.26587945,0.3360022,-0.9277702,-1.2015847
Leukemia_TGATTTCGTAAATACG-1,0.5425997,0.07387031,4.2298,1.3765576,-0.57898223,0.46785253,1.2734221,-1.0726038,0.0648797,-0.14235142,2.5643644,-0.89897573,1.0035651,0.530421,-1.3310091,-0.908993,0.06969468,0.79559624,-1.4541924,-0.7638235,0.6920448,-1.7168579,0.44921955,-1.27426,1.9057218,0.15348269,0.2206984,-0.94807756,2.9679027,1.5678561,-0.40129295,0.38929382,-1.2345331,-0.9123826,1.1225567,-0.18718241,1.4812714,-0.44388437,-0.64791,-1.0273424,1.2777603,0.16209686,-0.18181638,-1.1281588,0.9411367,-1.386335,1.2535862,1.5581897,2.171526,0.9423456
Leukemia_TGATTTCGTGTGGTTT-1,-1.6838069,-0.85433555,2.2955651,3.0120478,-1.9241364,0.71349245,2.4949949,-1.1619701,-1.3438098,0.21688448,-0.28775865,-0.9326254,0.38089618,-0.9465564,0.81805444,1.1539652,-0.69889355,-0.08717939,0.30399615,-0.7113572,0.21324526,-0.27650195,0.37009445,-0.2958485,0.37407738,0.4704756,-0.3566508,0.7080746,2.2563677,-0.6630225,1.7520262,-2.4103544,1.0585346,0.26937824,0.7122136,0.9125761,-0.32801503,-2.0089898,-2.0350032,0.33843088,-0.17738843,0.31099805,-0.6027898,0.5041203,-2.5917823,-0.4410609,-0.105968915,-1.1488739,0.41536522,-0.0078089205
Leukemia_TGATTTCTCTTCGAGA-1,18.429485,-1.4880779,-2.6593845,-0.64559287,-0.07265083,0.878371,-1.0046048,-1.3506751,0.08957209,1.3643138,3.1274722,1.2213302,-0.07145246,0.7554838,-1.501722,-1.0626683,0.2566948,1.1932057,0.6058643,0.54762673,-1.142211,-0.3319944,0.10719556,0.09826414,0.050429918,-1.0983279,-0.39634666,1.4082341,-0.3070374,-0.5385491,0.2915792,-0.80212766,0.4712837,-0.0058709555,0.0038528992,0.8206154,-0.12851968,0.30692896,0.21822315,-0.4861479,0.35483855,0.34386015,-0.08787924,0.14564206,-0.7732394,-0.48971325,-0.6931488,0.71424764,-0.19005182,0.47024798
Leukemia_TGCACCTAGCGTCAAG-1,10.655907,0.8533763,-0.31360444,0.50458336,-0.10362858,-1.8064896,1.1076982,0.08050297,-0.59204763,-0.6959885,0.30888644,1.0491843,1.9118314,1.4632009,-0.44482714,0.38817805,0.45520896,0.22453627,0.3496528,0.33405036,1.7648779,-0.26310566,0.16925384,1.624998,-0.13053663,0.25800124,0.14146246,0.31709617,0.59699214,-0.09980732,-0.77918863,0.052194897,-0.99369895,0.46428436,0.14365678,-0.06778436,0.63348633,0.28470194,0.69518435,0.16595258,0.22506641,0.095900856,0.6970416,-0.59118,0.74428666,-0.37946376,0.91012347,-0.3769217,-0.38419145,0.26385856
Leukemia_TGCACCTGTACTTGAC-1,-4.1245894,1.2759066,2.518353,-4.052446,-0.2911307,12.587848,-1.0860981,-4.289623,2.6581278,1.1492094,7.0440474,3.7613523,2.1549034,3.8339305,0.70125765,-3.7005026,0.93396163,1.0305429,2.0287526,-1.3004736,-4.832962,-1.2838392,0.8003889,0.18922578,2.4090152,1.6763554,-0.7069229,1.8308669,-0.099671185,-0.33241516,0.90567595,2.4324331,-0.9121437,2.1897452,-1.4308072,0.12997806,-4.196434,0.55777186,-1.6661037,0.89815754,-5.309992,-2.8963048,-2.0635612,-0.22935686,2.0024562,-2.1536024,-0.9562669,-2.0732248,0.73818153,0.36489064
Leukemia_TGCACCTTCTAACCGA-1,15.0816345,-1.1383289,-3.3134038,0.8895253,-1.1408194,1.4329169,1.3390347,0.4112932,-0.37120727,-1.555885,-2.109414,0.25080505,-0.06968495,1.0268701,1.2525095,0.3689751,-1.4026617,0.32572794,0.2985169,-0.45898318,2.266956,-0.6884725,-1.0296569,1.0792755,1.5415028,0.17077973,-0.8717485,-0.850199,-0.26280233,0.922465,-0.6106672,0.29165828,-0.68832314,0.010577017,-0.47642517,-1.1407491,1.0753689,-0.20583294,-0.017622517,-0.39988774,-0.29225218,0.4328218,-0.5680389,0.7861387,1.005317,-0.50654274,0.069946475,0.15332921,-0.24894728,0.5859022
Leukemia_TGCCAAAGTCGGCACT-1,4.8114166,12.41028,3.6705909,-4.1158905,3.80838,1.227047,-3.4818785,-1.7867708,-0.991506,3.1251996,5.17392,2.488138,0.7439562,1.4343624,-2.877126,-1.9358267,0.40221918,-0.34497672,1.6383109,0.58369535,-2.8005493,-1.0249419,0.7702583,-1.1333756,-0.61635077,-1.3037217,1.2476765,-0.394237,-0.25333166,1.6011447,0.53834486,-0.6899542,0.4639207,1.7368789,1.0436044,0.9216501,-0.92451316,0.9988108,-0.1088619,-2.9546432,0.725152,0.71768916,0.6392854,-0.5283132,-1.6071339,-0.42625806,-2.142221,-0.14947821,2.3229342,-1.94289
Leukemia_TGCCAAATCCAGATCA-1,15.836295,-1.9157724,-2.331035,0.1851597,-0.20446716,0.8392111,0.68540585,-0.9053419,0.3897501,-0.5979429,-0.52393204,-0.72826034,0.07742241,-0.07749604,1.3368262,-0.015071903,-1.6700264,0.2320872,-0.5449064,0.059990447,1.7321662,-0.7898408,0.55886436,0.68713987,1.7803992,-0.1349767,-0.16509174,-0.190757,0.092428945,0.9659737,0.12268734,0.18977998,-0.472988,-0.14641589,0.77890974,-0.5969983,-0.57859427,0.75153923,0.4550802,-0.34683287,0.3012306,1.4995521,-1.5628817,0.6179504,0.087514654,-0.6464477,0.4402969,0.4993955,0.33904615,0.22989339
Leukemia_TGCCCATAGCGATCCC-1,0.40643236,-2.3846536,5.6316504,-0.0811795,0.15866381,1.1961696,1.8503903,-0.027439563,-1.4352658,1.9172916,1.3924377,1.2572831,-0.94914675,0.3789464,-0.7290227,0.5598047,0.25454125,-0.39919993,-0.87806493,-0.278213,-0.20065154,-0.73977375,0.27123424,-0.08640518,1.784423,-0.20973082,0.61648977,-1.4679505,0.53263867,-0.32651287,0.3499026,-0.60677457,-0.6980209,0.3825241,0.6669471,-0.663633,-0.37759933,-0.82241917,-0.27167335,-0.23899902,-0.0875708,0.0930876,-0.2570283,-0.14306723,-0.504159,-0.28337878,-0.18564318,-1.4891996,0.7119334,1.9092087
Leukemia_TGCCCATAGTCTCAAC-1,-2.4103894,-0.07202771,5.1857305,-0.6168329,-2.1723561,4.2111764,1.3386676,-2.5745082,-0.31604463,0.6215421,0.36364123,-2.4246655,0.07982122,-0.29686612,-0.60916257,2.0454698,-1.0996052,1.073417,-1.0086181,-0.8637896,0.33461395,0.10417989,-3.456818,-2.42645,-0.46423027,1.4302249,0.4329926,-1.3835897,-0.47284064,3.9921558,-2.480435,-0.9496089,-0.4391867,2.1630213,0.15801094,-3.1728687,0.7111466,2.0471947,-0.33467165,-1.797037,2.7356298,-1.1758958,-1.3301933,-0.14346129,0.11366115,-0.21013276,-2.4271712,-0.96710825,-0.35628992,0.11300515
Leukemia_TGCCCATCAAACGTGG-1,1.3696532,-4.767234,6.2864175,-1.5945543,1.7809598,-2.8353524,-2.4875476,3.155933,2.3826494,2.6942222,2.2881262,1.1431751,-1.3857601,0.028409477,-2.0987272,-2.1033397,0.3324038,-0.7867863,1.2801679,3.1863656,-1.9957211,-0.07812811,0.020728538,-0.38729843,-0.56223494,-1.5076923,-0.9763043,2.8424547,-0.48391026,0.09382225,0.46401337,0.52749854,0.019127121,1.5227842,-0.5413997,1.6985352,-0.6148589,1.201238,-0.27163216,0.08447353,-1.7460089,0.6965387,1.1499295,-0.8119519,-0.9241025,0.8420484,-0.36835486,1.3767014,-1.3088285,0.18437232
Leukemia_TGCCCTAAGAGCTGCA-1,-0.50169456,-1.4538108,2.781568,-0.03890815,-0.3645305,0.07207598,1.8535645,-1.0910604,-1.337565,0.96508616,1.0679834,0.5085832,-0.9006952,0.02350788,0.53404456,-0.51569045,1.2145613,-2.6847482,-2.248227,-1.6328367,-0.07327079,-0.16312864,-0.2827008,-0.01475991,-0.08338169,-0.40790576,0.18229035,-1.7467629,-0.2776164,-0.0985144,0.6906311,-0.9243134,-0.64670414,-0.747491,-0.18374778,-0.24254252,0.14071682,-0.65424854,-0.7795078,-0.69820863,0.31193888,2.4247513,-1.0688965,-0.57863873,2.011626,0.39156386,1.0492032,0.2963677,0.03932095,2.1473897
Leukemia_TGCCCTAAGGCCGAAT-1,1.8306315,6.235566,2.125333,2.0994925,1.265527,-2.1534817,2.6879163,-1.5840371,-3.2961864,-3.5959396,2.786616,-0.99208784,-0.5874856,-0.39575985,0.42645025,-3.0028045,0.07283285,7.2279887,12.086616,-1.1793978,-3.3304641,-3.8888512,-2.4004452,7.9040775,-8.675361,1.8148994,-14.455439,0.43242493,-5.6566305,1.9662119,29.246891,-3.1874614,4.67653,-6.005009,-11.736094,0.78858113,10.647347,-0.8718457,-4.899992,7.1428523,-9.154034,5.1462197,-14.755771,15.275406,-11.489094,-2.2582786,0.21501866,-1.7207034,-2.75001,-3.8414655
Leukemia_TGCCCTACACGACGAA-1,-5.109109,0.20825137,-0.8471855,0.5533641,-1.6743572,7.468418,1.8007234,-0.17738318,2.6495605,0.17809927,-2.1216857,2.8900232,-0.7552222,0.56818426,1.446441,-1.9165825,0.9545897,-1.932269,-3.9809523,2.9196784,0.24451417,0.17771529,2.4627912,2.122673,2.495467,-3.7140112,2.2468007,2.0122287,-1.9813527,0.90973794,0.18736155,-0.5626563,0.3421376,2.0662222,1.257779,-0.8328191,-1.541681,1.5922048,1.9878143,1.6988645,1.2909067,-3.370647,-3.0763752,-0.6926632,-1.1342318,2.0407019,0.14725901,0.69226915,0.48910266,-3.9576244
Leukemia_TGCCCTAGTAGTACCT-1,-3.6169987,-1.6694206,5.1614795,-0.34165108,-0.6367773,2.978532,2.3087208,-3.1809838,-1.6616932,0.007559801,-0.64250314,1.0461539,-0.36347693,-0.08495474,-1.1985904,-0.4107597,2.4127526,-1.3052031,0.029293234,1.8760134,-0.6937809,0.8876704,1.470354,0.7668927,-0.12590237,0.62291837,-0.34168094,-1.8478512,0.6286668,-0.77086294,-2.0955055,-0.61571103,-1.1396388,1.332639,0.4290074,0.68185717,0.70267797,1.6733276,-1.0269299,2.0743868,-2.4091737,-0.5546201,0.61956686,-0.53341645,2.3213966,0.10989181,1.4832889,-2.6621597,-2.0878062,1.0037401
Leukemia_TGCGCAGAGGATGCGT-1,1.6969446,8.010469,3.4041824,1.2205969,1.1820875,-2.5564754,3.2489228,1.0829493,-0.79798234,-4.853038,0.20065513,0.30586258,0.6865338,0.9561762,-0.4904059,-1.5741274,0.014593342,0.20520845,0.61472726,-1.7322228,1.1261849,1.2084466,0.0811682,1.0298184,0.53134227,0.62024766,-2.6246471,0.22586346,-0.02397434,-1.404742,-0.28646576,0.11698921,-0.6100266,-0.6184824,-0.5241763,-0.14592098,-0.49493608,1.939038,0.43650988,-0.98329926,-0.16965824,0.978275,0.81966704,-1.6282483,1.4113686,-1.9760196,-0.4536525,-0.857878,-0.18526171,-1.5193872
Leukemia_TGCGCAGAGGCGCTCT-1,-4.1445427,-2.8948777,2.272092,1.8937672,-0.28025016,2.2514238,4.0942783,-2.1736321,-2.9141676,1.4953007,-0.4930497,0.80535364,-0.24661013,-0.31755868,0.9859319,3.0991502,-0.6375152,-0.75727457,-0.11587195,-1.9187332,-1.0376676,-2.1598344,1.5281445,0.38265353,-0.14992443,0.844244,1.1316329,1.4436086,1.1379598,-1.4318631,0.636354,2.1419091,1.3097196,-0.6516509,-0.8988861,1.6254616,-0.6544719,-1.459157,-0.63816136,0.39973298,-0.49204916,1.19692,-0.8662595,0.8148908,2.0183027,0.5165611,2.2402747,1.6652472,-1.6069992,1.6621479
Leukemia_TGCGCAGCACGGTAGA-1,-2.0455327,-1.1632187,5.8456707,1.0939199,-1.8639241,1.4367354,2.5165565,-1.3733215,-1.1729139,0.42040887,0.53862417,0.6984236,-0.40479198,-1.0157866,-0.29908547,0.8444798,1.0069371,0.5105611,-1.3860046,-0.6127215,0.8950832,1.2664648,-1.7255082,-0.48194563,1.5823483,-0.095430695,-1.0869612,0.70442027,0.05635045,0.95166975,0.27250868,-0.16956113,0.8918256,-1.3562413,1.1372125,-1.26438,1.37059,-0.5338481,-0.398859,0.062468402,-1.2042603,-1.6386883,-0.66014093,0.30571687,-0.381907,0.18219082,-0.018945811,1.4177798,0.65023136,-0.2571059
Leukemia_TGCGGGTAGACTGGGT-1,17.453058,-1.2126057,-2.900733,-0.23444766,0.120345786,0.7709384,-0.7166663,-0.31641832,-0.43788716,0.8707313,2.4047854,1.1538972,0.72017074,0.23712048,-1.3425515,-0.27134126,0.60374326,0.4061555,0.7726833,0.75458646,-0.3133587,-0.04304511,0.62126386,-0.026602075,-1.6935066,-0.83697623,0.17872904,2.175319,-0.8152832,-1.1842575,1.052216,-0.48073897,1.1049722,1.1418818,0.8902064,1.4375281,-0.3379347,1.1046379,1.0889182,0.26461777,-0.115399495,-0.42636457,0.7527354,-1.9816533,-1.7385466,0.8881443,-1.5650884,0.17779365,-0.87404805,0.36861786
Leukemia_TGCGGGTTCTCCCTGA-1,-1.4633354,-3.291477,6.0072904,0.4480643,-0.13446526,1.1262145,0.72465646,0.15437108,-2.843824,1.7994242,-0.0064885216,-1.9263524,1.1190777,-1.0382687,0.6702918,1.8748174,1.2899985,-1.1020297,-0.98853177,0.09308571,0.7024308,1.1872633,-0.5912337,-0.82253057,-0.59210986,0.7560721,-2.5878267,-0.264455,-1.7204477,-0.28852364,-0.48432687,-0.83566767,0.14182602,0.15322198,1.4710695,0.73815227,0.79709285,0.7767964,1.4113554,0.14038694,-1.4215201,-0.6099895,0.60382324,0.12327303,-2.5863564,-0.115617335,1.6252216,-1.5247715,0.76219606,2.3382325
Leukemia_TGCTACCTCAATAAGG-1,-8.627151,0.057255052,-2.517348,-2.1609585,-2.3481565,9.902189,0.46123695,-1.2412356,1.6921779,0.65365976,-4.586868,5.3686132,0.65456545,0.5209809,-0.52938193,-3.5467885,-1.5267823,-0.26022944,2.3676128,2.286191,-3.9198449,2.3380473,6.7134666,5.3454437,0.5047508,-1.3331189,-1.1479713,0.17367311,2.0351694,-1.7560194,-0.68724495,0.5587805,-0.9645461,1.1490577,2.885994,-3.5111058,3.1385212,2.8831084,3.986621,-0.75799835,-5.6308846,-4.1466727,-1.327363,0.5321986,5.960213,-2.0317433,-0.9379123,-5.1998143,-2.3035474,1.4747349
Leukemia_TGCTGCTAGTGTCCCG-1,-3.4402711,-1.9037994,4.2110896,2.0598245,-1.7672137,2.7247117,3.6893783,-1.3679793,-0.29051498,0.027637875,-1.4958885,-0.8487947,-0.6624408,0.9399727,0.53246015,0.21509393,0.07749736,-1.3281208,-1.5664002,-1.445475,-1.151736,-0.20015876,0.9290473,-0.08012343,-0.120391704,-1.3832386,-1.3221741,-0.067589976,-1.4318676,2.0919087,-0.65386003,-1.0408098,2.2752225,-0.46509477,0.5450551,1.9031572,0.78236324,0.56336474,-0.3606254,-1.2272253,0.13708875,0.7715072,1.2274381,-0.77328306,1.6171502,0.59328485,-0.22222507,-0.3725521,2.1862204,-0.9472851
Leukemia_TGCTGCTTCCAGAGGA-1,-3.654208,-4.633769,3.1269536,-0.36261484,-0.12139106,1.8106427,3.242031,-1.9481341,-2.4274411,0.523563,-1.604932,-1.3929819,1.1213486,0.21777576,0.31635046,0.36740428,2.3865294,-0.96273965,-1.2235972,0.45711243,-0.8610725,2.6808608,-3.1987946,2.9155788,-2.2887876,-0.69315064,-3.1481645,3.1796324,1.0507513,0.21427938,0.33189812,1.0578833,1.8829142,-1.4074833,-1.0169785,1.5699848,1.1445477,-1.5786765,-1.1091403,-0.37953302,-2.1988375,-0.030145284,1.3719333,-1.6147192,-0.4335411,2.7561996,-1.9250764,1.4731289,-0.031884324,-1.8381705
Leukemia_TGGACGCGTGAACCTT-1,0.7874496,-1.9414192,5.324113,1.3587097,-0.69418305,-0.97702575,0.589055,-0.80314296,-1.2225626,1.6577492,1.2889386,-0.3396645,-1.1363615,-0.21396723,0.2670668,-0.04155428,0.43888792,0.20450778,-1.9966784,-0.39551085,0.79190385,0.10633644,-0.31525424,1.0554674,-0.6817332,0.75833017,1.0351837,-2.0338678,1.070035,-0.19560902,0.60883594,-0.38767937,-1.2842282,-0.81398916,0.603411,-1.4024824,0.67624724,-0.92545396,-1.5523764,2.178177,-0.8152494,-2.2599974,-1.77584,-0.862186,0.80578744,-2.3211062,0.10804706,0.56960434,0.9420879,0.28941798
Leukemia_TGGACGCTCACCATAG-1,-1.9231563,1.479938,3.5253801,0.942297,-1.5538152,7.181635,1.9203088,-1.9215738,1.3882813,0.80386114,1.9428979,2.4698937,-1.1984922,0.7168216,1.2611072,-2.130231,0.5846763,-0.40847635,-1.1299635,-0.9620243,0.994778,0.44452977,0.76899093,-1.2858113,-0.30526277,0.039307795,1.9109806,-1.3678942,-1.3377194,1.6312623,-0.21412371,0.47675034,1.3040887,0.56436014,2.3204994,-0.6765918,1.5560441,-0.6533608,3.0065005,2.7521858,0.27494112,1.5736759,-0.790883,0.3378629,0.049382787,1.3718014,0.5078283,1.803458,-0.4610945,-0.63371456
Leukemia_TGGACGCTCGGCTACG-1,2.9241238,0.66234607,2.043594,-0.92086405,1.1841407,-2.2805173,-0.71389025,-1.6347773,0.38521317,2.0937984,8.534663,2.3887477,-2.4507642,1.1226274,-3.5974731,-2.3618412,3.6344213,-1.717758,2.382582,-0.019546881,-4.168767,-0.03505376,1.0162293,-0.79133713,-1.2524785,0.5272714,-0.3912471,5.546183,1.1069454,-1.6520953,1.1232244,-1.0603358,2.2044735,-1.8283961,1.2620183,3.4223332,-1.8786466,-1.2724872,-0.9339603,-3.1572306,0.54938114,0.55218637,0.88356215,0.9619796,0.017253982,1.2137308,-0.20335276,0.9500201,-0.8646906,-1.7014217
Leukemia_TGGCCAGAGCGTAGTG-1,13.76614,-0.923259,-1.9911665,0.058608815,-0.9386258,0.17389566,0.582738,0.1323012,0.25615412,-0.10769358,1.7370853,1.084748,0.13953885,0.4130067,0.8690717,-0.6773614,-0.13851339,-0.9263602,0.17559804,0.3755097,0.00025720784,-0.08948186,0.7074653,2.4573505,-0.79588217,-0.26774788,0.07769325,0.42373064,-0.64696383,0.8790504,-0.33591908,-0.70028406,0.017520547,0.115743935,-0.41660216,0.48506045,-0.06354744,1.0038888,-0.15227894,-0.76481557,0.27195624,1.2068995,-0.4260159,-0.19550523,0.73163205,0.14112724,-0.167058,-0.16280018,-0.37392277,0.7592713
Leukemia_TGGCCAGTCAACACTG-1,-3.7466152,-2.9453359,5.712975,-0.23331441,-0.8865834,2.7705595,0.6949657,-0.7612591,-0.38967046,0.7444782,-0.5900363,-3.8326132,-0.1242612,-0.36378065,0.08788621,1.5587971,-3.213835,1.9740653,3.0230362,3.3093467,-1.2841858,-2.2101872,1.9207269,-1.4626862,2.1833565,-2.0033083,1.9109347,-3.2541144,0.3366975,-1.4677111,-2.705894,0.71018,-0.6644295,-0.1863479,-0.51637197,-0.89588296,1.4021701,-0.042750712,-1.1555641,0.8217943,-3.4607003,-1.4164484,-0.00848543,1.3885393,-0.06392436,-0.20648392,-2.6312957,0.7454594,1.7334048,-0.6372491
Leukemia_TGGCCAGTCACATGCA-1,14.8296795,-0.016154176,-1.4312629,0.39483356,0.2937035,0.9061899,0.280788,-0.7333567,0.379753,-0.9133559,-1.2434812,-0.41385856,1.2886555,0.6496442,0.7599481,-0.46399596,-1.5433856,0.58887804,0.5912394,0.89597964,1.3915892,-0.5784219,0.7896538,0.67128444,-0.2174226,0.98758906,0.72851825,0.32132044,-0.30175194,1.9968847,0.9379577,0.631171,-1.931042,-0.710067,-0.25022826,-1.4531299,0.41581425,-1.2272322,0.5280124,0.7034984,-0.0789266,-0.53864366,-0.46613687,0.23603399,0.08968362,-0.13533229,0.88586193,0.4138512,-0.007945963,-0.43771943
Leukemia_TGGCTGGAGGACACCA-1,-5.5735116,1.5963467,3.4126928,-1.9868326,0.8760915,7.7016115,0.8611945,-0.5197535,4.9382443,-3.3041558,-2.2011108,1.6244111,-2.9709918,1.3073149,3.0467885,0.88938445,-2.163553,1.4014583,-0.9221593,1.2153585,1.1403004,0.6178068,1.363235,0.8040812,0.3996128,-1.074667,0.21779777,0.5597635,-0.19774617,0.23316401,-0.93661505,-2.2435486,1.9521171,1.2836626,0.17288697,2.1014163,0.1861351,-1.1775943,-0.22699954,-2.9057038,-1.7371411,0.9187764,-1.7534071,0.2080436,3.1425066,-1.3407631,1.1452895,1.2587247,1.4023371,-3.0965428
Leukemia_TGGGAAGAGAAGGGTA-1,-1.2916968,-2.5033364,4.3328443,2.1722398,-0.8602011,-0.16409487,2.285987,-0.56908286,-1.6358937,1.5286359,-0.39393783,-0.97106415,-0.30984846,-0.45444712,-1.2958649,1.5054876,-0.18313874,-0.58691335,-1.133952,0.2146825,-0.10870845,-0.37224776,0.30431575,0.42906126,0.44646558,-0.8414726,0.78555334,-0.98639655,0.5885533,-0.023245232,0.29265094,-0.98043054,0.34019762,-1.0398647,-0.012981755,-0.46716905,-1.0871196,-0.8218023,-0.80738974,-0.14624219,1.4009881,0.04430533,0.7079827,0.94162375,1.1511512,0.5002745,0.18942352,0.094048485,1.5621159,-1.1524792
Leukemia_TGGTTAGTCCCACTTG-1,16.728415,-2.6521523,-3.2235832,0.8230352,-0.35084507,-1.0264602,-0.2999587,0.019273354,0.10264127,0.8240614,-0.34211573,0.11723704,-0.5434116,-0.83652425,-0.587866,-0.13880824,-0.020464776,-0.2915858,0.40275404,-0.040324613,-2.1399796,0.7458443,0.267178,-0.30668595,-2.3425326,-0.26580432,0.36647323,0.55202395,-1.1028253,-0.14281721,1.6256768,0.4288303,0.35204265,-0.5918929,0.24918084,1.6442938,0.113753535,0.15420283,0.65228397,-0.13777229,-1.6201979,-0.14827426,-0.5245598,-1.8283378,-0.6126202,0.59158957,-0.5612341,0.63122386,0.13923392,0.05038553
Leukemia_TGGTTCCAGCGGCTTC-1,-4.140014,-0.7909857,3.2466092,0.42558578,-1.7726203,5.0413756,2.1677542,-1.3286465,-0.021622874,-1.1640501,-0.4304202,-0.6133121,-0.19522229,0.4187839,2.8179173,1.0389147,-0.0071899737,-0.75137454,1.3884108,0.37841603,0.5834167,0.8046936,0.36750188,-0.08939131,1.2095075,-1.1048002,0.771128,0.38029945,0.34544304,-0.3699937,-0.6872682,-1.5855533,0.168294,2.1404066,-0.017615605,-1.1010164,-3.5548315,-1.435856,-0.10829307,0.9331372,-1.2149887,-0.5326877,2.471694,0.040218923,-0.61099035,-0.6352466,-0.02883756,-2.4097586,-0.691416,1.618957
Leukemia_TGGTTCCGTTGAACTC-1,-2.9398654,2.1569753,5.1964297,-0.7344491,-2.7921877,3.7013426,3.4975035,-2.145358,-0.705733,-1.2527714,-0.1806322,1.7323792,0.03732931,-0.5665141,0.016748324,-1.1647837,-0.62806785,0.38605127,2.8812413,1.0396914,-0.20330583,-0.12173652,-0.15079416,0.18639861,-0.07758169,2.1236115,-0.4853421,0.2956602,0.4939743,0.1690509,-0.2467284,-0.25737497,-1.1096843,-0.81295323,-1.3123462,1.3316966,1.0875843,-2.0394201,0.06812944,0.9848801,-1.5516164,0.06942236,-1.403767,-1.6331942,1.5280801,0.58803344,2.8008504,-0.58906823,3.0391614,0.22954057
Leukemia_TGTATTCAGCAGCCTC-1,-2.495687,4.875512,3.783501,1.6755717,-1.1967847,0.433001,3.823532,1.4581264,-0.5971954,-3.4013946,-1.0405725,-0.93414515,1.3897178,1.0449487,0.9345769,-0.6454024,-0.21446897,1.2658366,0.77033615,0.5051934,-1.9990069,0.86142737,-0.7452422,-0.43110728,-0.33140498,0.8527572,1.4280202,-0.72306734,-0.5172786,0.13699278,-0.110999994,-0.5350385,-0.9782756,-0.32937667,-1.8023906,-0.72802085,-0.5291378,2.2048655,-0.45473814,2.5047774,0.10726335,-1.8686455,-0.9410292,-0.7746592,-0.101094685,1.3700007,1.8041191,0.5742946,-0.47517955,0.6023597
Leukemia_TGTATTCAGCCGATTT-1,-2.1250665,-0.9145379,2.5840316,2.2056024,-0.95202976,0.31668496,3.2993023,-0.9488259,-1.2870444,-0.41798785,0.1660606,-0.11548701,-1.9849575,-0.6389982,-1.1909149,1.709651,2.0321434,-1.1177672,0.5630581,-1.0899736,0.050125126,-0.09102189,-1.1874347,-0.16110317,-0.3504788,1.1383363,-0.5693192,-0.37567312,-0.3665197,0.3029901,2.088897,-0.023633672,-0.5771806,-0.32642323,-0.79460186,0.942272,0.18053873,0.8678604,0.43800455,0.53912526,2.3645415,-2.25264,0.8792929,1.0466518,-0.07226834,-0.50955546,-1.3458726,-0.35343292,-0.83136284,2.1788063
Leukemia_TGTATTCAGTGTACGG-1,4.386756,7.4628806,5.6035924,-0.5640235,0.39348778,-0.058021117,-0.45117098,-1.6334585,-0.39456427,0.59154636,4.183568,-0.17136781,1.7768568,0.8416496,-1.9772637,-1.7599245,-0.71019465,0.8307485,0.8454435,-1.7572572,-1.6144385,-0.6371633,-0.7989837,-2.1162858,1.0986874,1.3186581,1.7426944,-1.5339905,0.31535035,-0.15964743,-0.56893414,0.1777959,-0.3378919,-1.2233784,-0.3302377,1.1947888,-0.20384063,-0.1707053,0.6053267,1.1040635,0.33472577,0.35505167,-0.50777394,-0.5742312,1.8712348,-1.4485757,-0.6828678,1.9645455,1.4294906,1.3040181
Leukemia_TGTATTCCAGATGAGC-1,7.633706,0.75577474,2.2786152,1.3474753,0.38807395,-3.5382276,1.0599471,2.531234,1.0224444,-1.2677529,-1.6606487,1.7680112,3.4338257,-1.6359912,0.4101366,2.9587326,2.4761982,0.02524471,-2.4671795,0.06803625,0.14628613,0.058614533,-0.24570718,-0.0016184808,-0.48583528,0.14407206,0.91232103,0.66703135,0.38126266,1.1369486,0.7171139,-0.6167892,0.5281988,-1.4730599,0.66470826,0.22202843,0.3135205,-0.10663386,-0.917459,0.2904952,-0.38398424,-1.5401279,-1.0339589,-1.4227635,-1.6689441,0.8779957,-2.4924002,0.36062053,2.1597974,-0.46453363
Leukemia_TGTATTCGTTACAGAA-1,-2.1641273,1.1066246,4.5506625,1.083296,-0.9952337,2.1146092,3.392,-1.4873904,-0.7832179,-0.46072632,0.5080324,1.2079397,-1.4514362,0.117772005,0.4209348,-0.6940614,1.5028906,0.24086647,0.54799974,-1.4782468,-0.24718481,1.5044335,1.0225123,-0.579855,0.4775985,0.3648477,1.713233,-0.93913627,-0.6622467,0.44817832,2.1448772,-0.29702815,-0.4151993,0.99103993,0.23364732,-0.769195,-0.08991292,-1.1891212,0.6842207,-0.12452767,1.5607984,-0.42871258,0.18079166,1.2954298,0.7240912,-1.753595,0.061112687,0.29204136,0.5250531,-0.2104529
Leukemia_TGTATTCTCGATAGAA-1,17.62088,-1.2420049,-3.0664315,-0.6205157,0.21574834,0.4355779,-0.97803354,-0.09356209,0.109662995,0.15227288,0.5553084,-0.47622773,-0.6273698,0.055632375,-0.6533982,-1.0709003,-0.2405303,0.57022345,-0.29912338,-0.27502504,-0.32458818,0.7273825,-0.041964836,-0.5488567,-0.8903075,0.6498622,0.5748171,0.890677,-0.48171023,-0.33026943,0.06575108,1.5526026,0.5208589,-0.3134106,1.549346,0.805947,0.6538802,-0.35441014,-0.5187184,1.0942614,0.114903525,1.0044364,0.26749307,-0.74117595,-0.8815011,0.6658098,0.24100775,1.4762268,-1.2186719,-1.028114
Leukemia_TGTGGTATCCTTGACC-1,0.42227867,-3.071549,5.5105195,1.1729934,-1.0221636,-2.5545864,-1.1124406,1.0774984,-0.31354892,0.7956566,-0.53098154,-1.3466303,-0.21258447,-0.11379184,-0.82836276,0.26418883,-0.7040318,-0.90293103,-1.3120419,0.55190873,1.458495,2.4220276,0.2905202,1.7907988,-1.1980095,-1.2963346,-0.41690922,1.1584607,1.0811989,-0.26262638,-1.0874133,0.17299387,0.5818683,-0.19335653,0.9490731,1.4221821,1.3337171,-1.2599634,-0.21281244,2.4336224,-0.12561664,-1.1754241,-0.3174495,1.0370831,0.1052662,-0.43622884,-0.06742237,-0.067721054,-0.14902908,-0.56265336
Leukemia_TGTGGTATCCTTGCCA-1,-4.0002017,0.16422778,4.5508122,2.4789398,-0.5488116,-1.10971,3.0148222,0.3111739,0.4817761,-2.435213,-0.85148984,-1.1614949,-1.1879654,0.1897135,-0.42351332,-0.25609732,-0.050542105,0.54282796,-0.3703665,-0.15423313,-0.82336503,-1.9611408,-0.9703362,-0.15578921,-1.2480931,0.31172937,-0.3681836,-1.154852,-0.9644222,-0.63586557,-0.25656444,0.75442255,-0.44215804,1.1669545,1.435262,-0.08114251,-0.24579933,2.04274,-0.4742813,0.72886884,-1.2127941,1.1311531,1.5611295,1.8991183,-2.8930378,1.1183577,1.9224477,-2.0212307,1.0051299,0.34324378
Leukemia_TGTGTTTCAGGTGCCT-1,16.404385,-1.1300079,-3.3681488,-1.4501716,-0.21694826,1.8208028,-0.3316477,0.52079463,0.5736478,-2.046501,-1.4885542,0.9400941,0.6574772,-0.32160434,-0.12393878,0.13426766,-0.5161474,-0.19338131,0.118336454,0.43359017,0.6343448,0.076300934,0.08505464,0.30743098,-0.95776165,-0.40377235,-0.8641475,-0.15518324,-0.8993473,0.75133514,-1.4317691,0.015787318,-0.2534043,0.18804732,0.14543971,-0.38804522,-0.57789755,-0.35931087,0.67956454,0.12739809,-0.7584756,0.0021116904,-0.32296327,0.21470678,1.2131536,0.3238783,-1.2850672,0.29558522,-0.6549592,-0.4984299
Leukemia_TGTGTTTTCCTAAGTG-1,17.851257,-2.6963394,-3.2160897,0.54704094,-0.4347403,0.59283715,-1.3874203,-0.7886275,0.5542495,0.88137263,1.9144155,0.9774918,-0.46057516,-0.09874775,-1.328193,-1.4857644,0.3365548,0.31065032,0.60834056,1.0877975,-1.2176043,0.4555349,0.867611,-0.13640502,-1.2265738,-0.7409207,-0.6367306,1.6178554,-0.8444857,-0.5910237,0.42548588,-0.14147277,0.17760986,0.9698146,0.57688916,1.796219,0.2603981,0.9956651,-0.015363663,1.1632494,-0.22385338,1.0828387,0.14932266,-0.5561108,-1.1626005,1.4749857,-1.7231712,1.4647307,-1.3194382,-1.5505134
Leukemia_TGTTCCGAGCGATAGC-1,6.610282,2.9554698,2.5346284,1.512156,-0.33035225,-1.6391945,2.0174172,0.74862224,-1.5531335,-0.28180614,1.1203898,0.6273076,0.861551,0.20406091,0.25494343,1.0581784,1.081298,-1.4900762,-1.0058204,-1.9003994,2.3014822,0.27483594,0.4070112,-0.33760118,0.49751785,0.92515343,1.3504729,0.3550324,0.29862967,1.3701673,-1.3440809,0.13190497,0.1354146,-1.2318048,0.6500443,0.35309356,0.85709894,1.3073605,0.89403343,0.95206285,-0.63887125,-1.104328,0.62020206,-1.3700405,0.93719643,0.17478366,1.9152707,0.31017044,0.051070534,0.2369063
Leukemia_TGTTCCGAGCTACCGC-1,8.85065,0.6135886,1.5380425,0.70690644,1.0188401,-3.7210484,0.17582029,3.3486395,2.6707258,-1.831286,4.4785476,5.331277,4.6289563,-0.957921,-1.2971722,3.224912,3.9119756,-0.48761857,1.9380361,0.99623054,-2.5787807,-0.24391782,2.0903044,-0.4623568,-2.7852604,-0.6453752,-1.0893805,2.562568,-0.62552357,-1.7695122,0.9432165,-0.9072401,2.7035425,1.9603252,-0.623723,1.9128687,0.35395667,-0.1974705,-2.102131,-1.3422431,-0.42389992,-0.89451987,-0.19355735,-0.65908086,-0.9622442,1.3162916,-0.58250964,-2.385321,0.23865148,1.1501087
Leukemia_TGTTCCGCAGGCTGAA-1,17.54005,-2.1724424,-3.771532,0.12672248,-0.49939874,0.87292224,0.14633594,-0.087939195,0.23070776,-1.0169568,-1.2091398,0.076985,-0.69404393,0.2321227,-0.18019846,-0.21666394,0.09470325,-0.45682147,0.016185286,1.0369729,0.87724906,-0.5157842,0.0042590853,0.63054836,0.09926842,-0.042841144,-0.07581766,-0.6173998,-0.78313005,0.24876411,0.26991102,-0.28878003,-0.13299796,0.528398,-0.9200759,1.2217366,-0.15368494,0.11487333,0.44478986,0.015177754,-0.019067569,0.32449287,0.8207666,-1.3252897,0.21182436,-0.06227961,-0.58139956,-0.9428352,-0.4483344,0.95941013
Leukemia_TGTTCCGGTCTAACGT-1,-2.4036655,-1.3733361,4.2227583,1.2150768,-1.6705489,2.179426,3.2978249,-0.8169438,-0.10982803,-0.48055568,-1.4195724,0.57101995,-0.23353925,0.7862848,0.7559426,-1.0494226,1.4297556,-0.02170227,-0.60413736,0.048482023,0.74454015,0.2686505,-0.49356547,0.16901365,-1.8104064,0.29226324,-0.46268737,1.5590271,0.7344003,-1.3376458,-0.67261714,0.5905739,0.78092134,-0.71928453,-0.42813608,1.6327531,-0.5054371,-0.5051321,-1.1267942,0.17959435,-0.74033326,-1.4798222,0.05674935,1.1472391,-1.9012862,-0.33277595,0.6045701,-1.2659439,-1.6716716,-0.30198118
Leukemia_TTAACTCTCCAAACTG-1,17.935236,-2.0065727,-4.0284925,0.1279432,0.47503892,2.4316964,0.7290901,-0.3640954,-0.05704948,-0.39618275,-3.6161427,-2.2531252,-1.2281401,-1.040607,0.5165896,0.33883506,-0.28309575,0.29963627,0.03503353,0.55587626,-1.6682783,0.19909343,-0.3192292,-0.6657203,1.2515894,0.5212823,0.13510124,-1.6178023,0.2808369,-0.37219536,-0.97023934,0.7921001,-1.0751154,0.443718,-0.41161436,-1.168647,-0.8070868,-0.9318666,0.9984328,-1.1665012,-0.13614972,0.38706207,-0.36628184,2.381451,0.013589118,-0.67511064,1.0201138,-0.61586523,-0.3782742,-0.13267888
Leukemia_TTAACTCTCTGCTGCT-1,18.778448,-1.3413281,-2.4676363,-1.7209785,0.91806364,2.6934693,-0.6738115,-0.9684133,0.22930096,0.4869966,-0.33626643,0.082316585,1.1518459,-0.039199736,-0.019684656,0.3461854,-2.1758738,1.2082566,1.3219231,1.6570896,-0.39685062,-0.7761291,-0.6095924,-0.45465708,0.6320676,-0.5953703,0.11334262,1.3285749,0.035784137,-0.27601844,-0.5166675,-0.018165898,0.01824825,0.41363773,0.4144981,-0.4051997,-0.33308712,1.2240151,0.10932965,-0.84858483,-1.7044634,0.6288623,0.670411,0.3610218,-0.28701875,0.19350076,-1.4232846,0.0769961,-0.29595897,-0.021028366
Leukemia_TTAGGACCAAGCCATT-1,-3.6771152,-2.6150656,3.7975905,0.11687378,-0.9898968,6.1245117,0.8673771,-1.2746046,1.1592736,1.2118888,-0.7246699,3.2422953,-2.6490285,-0.33344826,-0.18988812,-1.298917,0.6924256,-1.0793825,-0.6018258,-0.72975457,1.0725248,1.190909,-0.74775505,0.6582517,-2.1285264,1.0369736,-0.46163175,-0.9006552,-2.4034686,0.22454524,0.41722226,0.06848685,-0.50533295,0.069225185,-0.5578997,-0.11065411,0.2863045,-0.7889981,0.5674067,0.69023883,-1.3451992,0.52286065,-0.6111484,0.63982266,-0.44145536,0.46971777,0.6505266,-0.5486488,0.46881366,-0.7864631
Leukemia_TTAGGACCAGTTCATG-1,-6.6182942,1.2580746,0.62758,-10.661742,2.698439,16.884068,-6.5806565,-5.234751,12.219881,-7.097535,0.6885027,-6.666285,0.72839457,1.964438,7.0250983,0.49295643,-3.0729666,4.8535504,0.58516556,3.5064337,-2.9514399,9.436382,6.6341257,-6.2108703,3.4371166,-3.8480937,-3.3067055,2.5117683,-13.140399,-10.819532,5.5673885,-0.93204105,8.069612,-12.707981,8.976251,-19.8732,5.1170063,8.746741,0.09456834,-1.2268671,-1.4948745,-4.854505,-3.7703135,-15.240859,0.2698463,4.5501513,6.6035476,-0.7179158,-5.936879,15.688224
Leukemia_TTAGGACGTTAAGACA-1,-2.3753557,-2.5277374,2.8221698,1.7776061,-1.4416863,1.872717,2.6520529,-1.3617432,-2.1304638,1.0157274,-4.092183,1.8896197,-3.3112447,-0.6763768,-1.55026,-0.13650781,-2.3592715,0.5206541,-0.016654849,3.6337752,-1.9591267,-1.3266994,-1.427058,1.4040551,-1.0055515,-0.16438082,-0.21662746,-1.6429956,-0.23134747,-0.27192706,1.6821887,-0.8951357,-0.78351194,-2.0068772,-1.6849446,-0.105253644,-0.06374574,-1.1848466,-0.4496967,0.26278266,-0.5616835,-0.11796331,-0.4305947,-0.6849221,-0.7470341,-1.6105858,0.22639671,-3.1175308,2.135258,2.494568
Leukemia_TTAGGACTCCATGCTC-1,-1.7347466,-1.311659,5.1889234,-1.5851353,-0.03187155,8.285671,-0.15455899,-2.9130697,1.2611684,1.5327953,4.0915427,3.8597481,1.4969797,2.3326018,-0.61514455,-4.082734,0.61216646,0.46338505,0.80135465,0.21375602,-3.0735033,-2.0171993,1.3061409,-1.4761512,-1.0916317,-1.4296631,1.0297883,2.2860541,0.6834538,-1.4493582,-0.099401906,2.250367,-0.29834756,2.058094,-0.047454964,0.9501511,0.5540584,-0.14622591,0.23110938,-2.3759031,-0.434492,0.4107293,-0.061896674,1.8287629,-1.4035573,0.11871802,-0.72931623,0.36902204,1.1718025,-2.1140342
Leukemia_TTAGGCACACAGTCGC-1,15.516333,-0.5517242,-2.108505,0.2052022,-1.0323979,-0.3811693,1.1091992,-0.384145,-0.26741058,-1.028125,-1.3409877,-0.34041047,1.064011,1.4277201,1.2377235,0.7173689,-0.7048345,0.6156005,-0.37199882,0.55742073,3.2998884,-0.37771362,-0.7595606,1.7737418,0.9051924,0.06332471,-0.3560011,-0.3074104,-0.2677612,0.8375505,-1.057429,0.10726623,-0.53994256,-0.56798,1.1660196,-1.1905857,0.7776058,0.9333874,1.199042,-0.67700624,0.939029,-0.5463199,0.12243739,-0.36036938,1.465862,0.36981052,0.967914,-0.08201671,0.049052294,1.2811536
Leukemia_TTAGTTCAGACACTAA-1,4.005447,19.677029,3.859774,-6.691165,9.303176,-0.12911877,-3.8377728,-1.0472795,-3.4621475,8.721605,-4.13659,0.6992175,-0.49952042,-0.7328205,-0.10645799,0.33904454,2.1513376,-1.2162604,3.5776572,3.9558585,-0.066326916,-2.501563,2.2602277,-1.5513697,0.9884576,-0.31107697,-3.6198263,4.0409665,-1.4667181,1.7364616,-1.770964,-0.6408457,2.2546303,-3.6800241,-0.47142118,-0.18919408,-0.5528949,4.640609,-2.4961593,-2.2755325,0.11433421,2.8394783,-1.7621645,-1.4317019,-0.16546956,2.3615863,4.5533185,0.9429505,4.500045,-2.1261349
Leukemia_TTAGTTCAGGCGCTCT-1,5.1157203,9.75656,4.349976,-1.7041737,2.4023347,-3.0481749,0.46980324,-1.0838959,-4.301399,2.5850728,0.22201899,-0.11142604,-0.21879861,-0.76622164,-0.4883552,-0.43128082,0.3320568,-0.6735491,1.0368814,-0.38099927,-0.33914602,-0.6158835,-0.55310905,0.7161337,0.27473566,1.0945928,-2.1792233,0.8329624,0.3765574,-0.98116976,1.1955199,0.97478443,-0.31834084,-1.5808026,-1.09258,-0.6272716,-0.398077,0.31277975,-0.4397196,0.80690885,-0.16469416,0.57395506,1.1970831,-0.031303823,2.226396,0.009429127,1.2612498,-1.3919595,-1.1970968,-0.054142702
Leukemia_TTAGTTCCAGAAGCAC-1,-2.1213362,-3.0454361,4.8250756,1.7300037,-1.052536,0.37526664,1.8128394,-0.94099283,-1.2305939,1.2492416,-0.38553563,-1.2182612,-0.89494103,-0.7582886,-0.66380095,1.2255301,0.028683828,0.19362769,0.3011279,1.9022609,0.7382514,-2.0139902,-1.5083637,0.79157674,-0.08988517,-0.49779513,-0.2044313,-0.4227196,0.41781947,-0.73683393,-1.1955377,-0.17464873,0.45248386,0.14976822,-0.33645722,0.066438414,0.26408896,-0.43299568,-0.30244583,-1.6407404,1.3121867,-1.5226763,0.11951335,-0.0124502,-0.7583741,0.5566859,-1.1545656,0.05732909,1.5916791,0.37070927
Leukemia_TTCCCAGTCTCCAGGG-1,-1.5352236,-2.155378,2.483086,1.9512737,-1.1465433,0.6460175,3.0167625,-1.2129366,-1.2478465,-0.035338897,-0.9792659,-0.50060797,0.058936287,1.1838801,-0.24589673,-0.039453622,0.30804312,-1.3266064,1.3774953,0.39492285,-1.4981886,-1.2867416,-0.46568397,2.6688893,-1.6242257,0.6095328,-0.14608012,-2.0871332,-1.4031129,-1.0741948,0.15465024,0.37661928,0.79108465,-0.048008785,0.46126574,0.75794,2.0336304,1.0370789,-1.9729667,-1.1827186,-1.0520154,0.926509,-0.7251118,-0.34480256,0.08984514,1.4399651,0.6058231,0.25247604,0.3607361,-0.37670028
Leukemia_TTCGAAGCAGTGGGAT-1,-1.6144873,-1.8093878,5.501259,1.318613,-0.90495557,-0.95111066,-0.95989525,0.115032166,-0.24690244,1.428239,0.68734,-0.3840921,0.06653437,0.22358118,-0.4976205,1.1292514,0.8743862,0.8232903,-0.46179533,-0.33595482,-0.41783062,0.5420986,0.12515698,-0.17214699,0.5667165,0.45032158,-0.84695286,-0.35358775,-0.2341395,-0.008073006,-1.0409299,1.4930938,-1.0518719,-0.3259353,0.23118307,-0.8675038,-1.4632202,1.550342,0.5115414,0.30023548,0.70197505,-0.57578564,0.004600106,-0.23684177,1.0377846,-0.8295432,0.4878643,0.09562882,-0.226302,0.9688941
Leukemia_TTCGGTCAGTCCTCCT-1,2.0635338,7.613744,4.2567935,1.40079,0.51657164,-1.8632017,2.4826274,0.6182004,0.5327936,-3.4562824,0.80392987,0.6084863,0.45580262,-0.23366378,-1.1768777,-1.0439912,-0.7399919,-1.0908353,-1.372527,-2.425357,1.081052,1.3545046,-0.25164983,1.447241,-0.28038898,0.6538178,-1.1156304,-0.8761341,-0.057765704,-0.11100385,-0.89753956,0.06669437,-1.539731,1.8061194,-0.48572335,-0.19015855,-0.17855416,1.7551725,0.7469403,-0.53490955,-0.79785556,1.4982982,0.8540248,0.105212055,0.88987297,-1.9032966,-0.15226445,-1.2194896,0.45900145,-0.6936735
Leukemia_TTCGGTCCACATGTGT-1,3.1860523,1.2403438,3.6809924,1.7893823,0.13470528,-5.611546,1.2753373,4.5653396,1.6236675,-3.269764,-2.7688835,3.6784744,6.0316334,-1.3969578,1.2898294,4.0996943,3.0563655,-0.4970566,-2.3682115,-0.9172648,0.31245407,0.09837206,0.79082924,-2.4987423,-2.4491153,-0.6088717,0.46378005,-0.09456673,0.3076969,0.5102182,-0.03909013,0.6790486,1.5603156,-1.0254873,1.327896,1.7606906,-1.1846353,-1.6186568,-0.92441285,-1.528888,-0.32315016,-1.272971,-2.0744212,-1.4401951,-0.97157323,0.67906415,-2.483309,-1.1972905,2.899133,1.6100386
Leukemia_TTCTACAAGACGCAAC-1,-0.8015399,-4.3170094,6.87612,0.2738204,-0.79957217,-0.672614,-0.20217256,-0.46371603,-1.4057968,1.5288208,-1.1059027,-1.0076034,0.04675562,-0.5290896,-2.1726034,1.6254742,-2.1612053,0.27583298,0.513823,0.9493504,0.8379352,0.8302511,-2.5084138,-0.081417665,-1.8718051,0.36279538,-0.90081805,0.5505971,0.070495605,0.41318372,0.13075334,-1.0155191,-0.5112544,-1.3917544,-0.5370461,0.6307282,-0.20120724,1.7547541,-1.9182668,-1.5873805,-0.34550527,-0.676275,-0.44691876,0.14939305,-0.4158288,0.44286302,0.7432802,0.42750674,0.40509266,0.68617415
Leukemia_TTCTACACACAGATTC-1,6.4409537,1.0442,1.5798062,0.9942846,-0.28991106,-0.8197067,2.8959103,2.1614423,-0.12796791,-3.3595877,-0.90930545,-0.7332723,1.9441535,1.4623336,0.5868329,2.3858166,-0.67006814,-0.5518053,0.4022218,-0.7633961,1.8192524,0.6846223,-0.2936717,2.3681939,0.0065804776,0.8660593,1.2788421,0.6936176,2.2230816,-0.59266466,0.47093698,-0.93977654,-0.5134527,0.5436454,-0.589085,-0.79643273,0.09610401,-0.38977084,0.015875194,-1.3308995,-0.8297058,-0.1870681,-0.46134865,-0.91360503,-0.5728897,-0.42928138,-0.14438418,-1.7174108,1.964896,-1.001056
Leukemia_TTCTACAGTGGCAAAC-1,-1.9094971,-2.3885665,6.1592674,-2.258589,-0.5221203,3.7956367,-1.1223158,-0.8996495,1.3436596,3.2829921,0.13145865,0.5108517,0.42891243,1.0400327,-2.1851618,2.4083483,0.09327227,0.65680856,-2.226987,1.0789557,1.0792773,1.7207112,0.6054972,-1.5474327,1.240936,-0.33661014,0.8976552,-1.3658645,-0.6865835,0.98710585,-0.8748514,0.038675293,-2.6902063,-1.6857966,0.8595406,-1.6957505,0.40576622,-1.1544647,2.3998153,2.6875963,2.326234,0.38348937,-1.1323267,0.8832555,2.1611135,-0.34160906,0.0014990722,-0.1673221,-0.9566199,-1.1493903
Leukemia_TTCTACAGTTCACCTC-1,-4.323775,-3.505162,5.1591268,1.1445591,-0.61610854,-0.22875503,1.7030241,-1.2701259,-2.8901782,-1.4123372,-0.6398605,-3.2406108,0.44545394,-2.4920034,-3.3524754,1.0116441,0.34317565,1.3740165,2.5890274,3.0480137,1.2445521,0.51788634,1.5045362,-1.8902569,4.1051965,-2.0618055,-0.4328645,2.504555,-1.4215497,-0.7955313,0.5526251,-0.1389593,-0.5923349,-0.15595986,-0.041637927,-1.5302935,1.5307932,-3.10516,-0.65483373,0.6145088,4.053589,-0.4812324,-1.1789225,0.32120302,-4.4628506,-0.05625108,1.6697878,0.6425043,-0.6465076,0.6280146
Leukemia_TTCTCAACATGCCCGA-1,-2.1362855,-2.0842018,4.781809,-2.647249,-1.410426,6.781603,-0.28996328,-2.7782273,0.09951456,0.87415326,3.7985313,3.3143535,1.7325268,2.3570912,1.4432671,-1.78233,0.5474913,-0.97049284,0.582111,-1.0785553,-1.9025329,-0.57073015,1.2064041,-2.4433916,0.33322626,-1.4508747,-0.49656963,0.25649723,1.3563112,-0.58846945,1.5031333,-1.1608099,-0.719075,1.1322557,-0.7003959,-0.8359482,1.7631825,-1.0305923,0.44119793,-1.4587178,-1.3084251,-1.1756685,0.12653223,-0.0738256,0.5280066,-0.30057764,-1.4795564,0.20542954,-0.596009,2.5097053
Leukemia_TTCTCAAGTGGAAAGA-1,15.889748,-1.9792784,-3.1532989,-1.3694698,0.42506444,-0.10512292,-0.98593974,-1.0139275,1.3002172,-0.029019872,4.0255218,1.5545537,-0.9410069,0.64182687,-1.5175405,-0.99755794,1.386631,-0.053864423,2.5562816,2.1354837,-1.265481,-0.38339952,1.4665017,1.7001059,-1.9685125,-1.4171027,-0.25236943,3.1936443,-1.3027283,-0.6162117,0.46144265,-0.7116705,1.5752866,0.016350081,-0.4485579,1.983027,0.25262734,1.9154998,-1.0163869,-1.3567934,0.73786956,0.6117598,-0.22675486,0.26400143,-2.4258935,1.1736493,0.22691149,-0.48789126,-1.4729062,-0.4164829
Leukemia_TTCTCAATCTATCCCG-1,-1.2108854,-0.876388,3.8069735,1.7435217,-0.8109045,1.2350912,1.2681018,-0.5701155,-0.7839943,1.5324092,0.8725605,-1.4062688,0.66407907,-0.6286347,-2.1764832,0.34351972,0.33349478,-0.09330033,-0.12510437,-0.22876342,0.91088825,2.5259411,1.5410734,-0.13193381,-0.31481954,1.2717552,1.045255,-1.3625904,-0.029584846,-0.22762905,1.2462487,0.80351233,0.20613231,-1.866202,-0.28081182,0.6269455,-0.45439887,-2.2786894,-0.5645181,1.6026249,0.9100705,-0.37917373,-0.33936095,1.0250049,1.3781003,1.6783136,1.0739951,1.6761554,-0.22840795,0.18252386
Leukemia_TTCTCCTAGTGGAGTC-1,16.697655,-2.1722634,-3.3267732,-0.28143668,-0.07053087,0.943164,0.68322515,-0.35415405,0.069770806,-0.13906267,0.027040536,-0.5002378,1.2352271,-0.3373454,-0.5405017,-0.62576914,0.32330605,-0.94165874,0.67101085,0.68771625,0.52121735,-0.9789795,0.3230024,2.7051826,1.1668699,-1.1215587,0.21169691,1.672717,1.9983236,-0.26009125,-0.51540315,0.065283366,0.5758565,0.36262482,1.1736921,0.36985502,-1.2254941,0.09626444,-0.715312,-0.91761935,-0.86684877,0.31192496,-0.35644913,0.2198612,1.0855758,0.58423847,0.37383708,0.32681832,0.018429993,0.84126467
Leukemia_TTCTCCTCACTTGGAT-1,16.953152,-1.6181893,-3.5156379,-0.16145886,-0.81133604,1.2145532,1.2012277,-0.40156844,-0.7232558,-0.5473512,-2.1682067,-0.9943503,-0.11663792,-0.3100482,0.6830966,-0.746111,-1.2420272,-0.05359184,0.5040276,0.5654918,1.0002143,-0.72079396,-0.7262264,0.049408074,1.2428131,0.8024608,0.04297216,-0.9290585,0.24121374,-0.07407087,1.2389266,0.54088277,-0.74133605,0.32510653,-1.2991186,-1.5993707,-0.36898616,-0.49791953,-0.058429357,-0.27119738,0.13962556,-0.13223071,0.2371988,2.2183135,-0.11777963,-0.6163255,0.27831182,-0.0016159356,0.22778165,0.27953702
Leukemia_TTCTTAGCAGTCGATT-1,-3.8272307,-1.1225511,3.6351335,1.7000718,-1.7932916,4.7045383,2.865365,-2.2620661,0.32976428,-0.7716023,-0.79488236,-0.32105288,-0.33225355,-1.0487489,-0.46158925,1.3265874,-0.36070564,-0.08141556,1.1233609,0.025342405,-0.6963357,-0.033948444,-2.90798,-0.14333561,0.34716433,0.6389737,-0.33790886,1.7249994,0.47971016,-0.83133346,-3.570331,-1.2818422,2.6053536,1.4649991,-0.90802395,-0.89676684,1.3617202,-0.6394877,0.06972711,-0.16460961,0.44565815,1.553834,1.50665,1.1080937,-0.0769547,0.879018,1.1887861,1.6542987,0.054952007,0.54334295
Leukemia_TTGAACGCATGACATC-1,-1.9539124,-3.5385787,5.2198453,0.71070135,-0.82493114,-0.39257556,0.03879765,-0.83213437,-0.10845834,-0.35445845,-0.4712981,-2.4404426,-0.76170033,-1.3932616,-0.24011591,1.9797819,-2.866676,0.29983598,-1.2748647,0.2697363,0.0073004793,-1.4291059,-1.1973957,-0.43032575,-6.7587695e-05,-2.0542014,-1.6389802,0.8369376,0.31716776,1.3827077,-0.13134605,1.0033395,-0.8513856,-2.3387809,0.80834,1.827374,-2.1404746,0.8583367,1.3561486,0.17192787,2.282388,-1.9698973,2.1041596,0.56575704,-0.59625816,0.6032353,-0.9781137,1.1806592,0.20190543,1.4389238
Leukemia_TTGAACGCATGGAATA-1,14.245516,-1.1394862,-1.2771354,-0.47750643,0.215378,1.7237794,0.4319749,0.24525161,0.82207215,-0.8736149,0.060224913,-0.2970059,1.3763168,0.17532092,-0.1116047,1.9698445,0.16535178,1.0313038,0.97752595,1.053072,1.6184816,-1.1036739,-1.2795947,-0.7895663,-0.0067805173,-0.7187998,0.27753326,0.33467847,-0.67067826,0.5202644,0.18074213,-1.283533,0.28019083,-0.04905909,0.49907213,1.2095219,0.006795969,0.27241734,0.123755686,0.35129756,-1.3338685,-0.80901223,0.34466124,0.32353923,-1.7632703,-0.2775075,-1.632948,0.55404156,-0.28470546,0.60719514
Leukemia_TTGACTTAGTAGGCCA-1,1.2523559,6.9431176,4.917988,2.4041514,-0.75624704,-4.2136793,3.9764667,2.3682911,-0.40485173,-6.238031,0.20986107,1.0176917,3.215202,-0.83473414,-1.7774127,0.33894908,0.86857617,1.5354584,1.3572807,-1.8799008,-0.20350254,0.5997408,1.2751516,0.010558025,-0.011914572,2.724496,1.0526098,-1.5533605,-0.3205324,-0.6593306,1.422298,0.7558454,-0.4347744,0.54989535,-0.9309008,1.8127108,-0.013730122,2.8986275,1.10604,-0.2770409,-0.054816797,0.06992113,2.2145476,-1.1200938,0.8435498,-1.1098987,2.2778788,-1.9791883,0.7080391,0.40578467
Leukemia_TTGACTTGTACGCACC-1,17.415531,-2.462387,-4.001841,-0.3786299,0.32952446,2.011003,0.9497298,0.29144287,0.2453836,-1.2058932,-4.3551555,-0.9037437,-0.39076498,0.79570585,1.2909752,0.6776432,-1.2415932,-0.42832848,1.3965023,-0.17192292,1.4730943,-1.4078872,-0.18880227,-0.005966475,1.9174424,0.61850387,-1.6125792,-1.726435,0.24142691,2.9290457,-1.3778356,1.4070681,-1.226317,-0.9697438,-1.0541542,-1.1188372,-0.09111941,0.23602392,0.59146625,-1.0052832,-1.8692118,-0.380448,-0.2644113,2.954041,0.18578918,0.851421,1.7243148,-0.65655,-0.22126086,-0.41239035
Leukemia_TTGACTTGTAGGCTGA-1,14.428627,-1.3896081,-2.105208,-0.48285985,1.1128188,1.0265244,-0.8998829,-1.2684019,-0.41473094,0.22607546,-0.5115501,-2.0957787,0.8382137,0.184348,-0.103693925,0.6766461,-1.0632522,0.56230974,-0.050002247,0.08593948,0.7440511,0.49430686,-0.30292174,-0.30869067,-0.31063673,0.8579534,0.8630801,0.40729615,-0.60992646,0.8846161,-0.033795673,-0.3516565,-0.30632803,-1.4406997,0.2395591,0.22248973,0.029552003,-0.06945217,-0.2857623,-0.21504445,-0.41045672,-1.9554845,0.24938191,-0.27940124,-0.29496834,-0.43860474,-0.8975491,0.3602419,0.48964822,0.12748721
Leukemia_TTGACTTGTGCAGACA-1,5.5983577,9.233734,5.001027,-1.9295875,1.9028287,-3.3555126,-2.7857642,-0.58731073,-1.9100417,2.1143153,5.250621,1.4393077,0.038105197,0.121403426,-1.6209207,-2.5439084,1.8484088,-0.662586,-0.4749475,-1.6544375,-3.2836227,1.6010265,0.7400129,-0.29469913,-0.73511446,-0.34156683,-0.8500921,0.67827016,0.51420784,-1.9033335,0.58672476,0.64871484,0.024375841,-0.6858479,-0.39390042,1.3215541,-0.326494,1.9248799,-0.71867144,3.0348885,0.070548356,0.36819568,-0.30763853,-0.64593333,2.338223,-0.54071933,0.70466626,0.37413478,-0.05966185,0.28825125
Leukemia_TTGCCGTCACGGTAGA-1,17.324795,-2.1068106,-2.822659,0.0466204,0.09258746,0.107549496,-1.4615761,0.016078794,0.7151788,0.9555083,1.1999865,1.6885227,0.3049968,-0.832291,-1.1276338,0.0003867374,0.67767644,-0.16953193,0.68375677,0.554913,-2.0899427,-0.24040253,0.17101969,-0.528848,-1.2305267,-0.88875794,-0.035045084,1.1395003,-1.099861,-0.10456114,0.34720054,0.075570926,0.02546366,1.311985,0.07291417,1.9908723,0.21319492,-0.3051918,-0.6653492,0.4905512,0.3682001,0.22199874,0.52629924,-0.63195693,-0.24955823,0.7469961,-1.5308251,-0.34734845,-0.71103483,-0.15633674
Leukemia_TTGCGTCCACCGGAAA-1,-1.8747628,-1.4467705,3.5808525,0.06741544,-1.5641253,1.8432547,1.2707399,-1.6300331,-0.59198064,0.42660627,-0.023974504,1.2691952,-0.4532364,0.16068898,0.7662551,-0.012656863,-0.3894555,-0.9527876,-1.1643512,1.841333,1.2662262,-0.19360551,-0.054671194,-0.7472102,-0.6082468,-1.1017613,0.27187723,0.34427986,-0.5546298,-0.12048326,1.1823817,0.54082763,0.5097881,-0.7347319,0.31614274,-0.5332662,-1.4052873,0.82542545,-0.42013004,1.1171044,1.7205409,-2.5167913,0.057476137,0.9442161,-2.915603,1.8760072,-0.05235292,0.47951776,-0.13980612,-0.2918291
Leukemia_TTGCGTCTCTTACCGC-1,4.3341956,9.194267,4.025259,-2.4821155,0.84204805,1.659287,-1.4332755,-2.0524414,-0.5859101,1.889951,3.9708407,0.1634958,0.7027013,2.634611,0.28039947,-1.8466359,0.3218746,1.02514,0.18444923,-3.6017256,0.058523145,-1.3078393,0.32630283,-1.5018945,1.2277429,0.67367977,3.2458296,-0.7947559,-0.6654421,-0.76166356,-2.0952792,0.18238562,-0.44268474,-0.8872652,2.1868625,0.72465247,0.26516142,0.19445738,-0.37899324,-0.39899233,-0.88371336,0.17419435,-2.9193397,0.2667417,1.0978588,-1.7779996,-1.0259671,-0.12156817,0.6666756,0.82303613
Leukemia_TTGTAGGGTCAGCTAT-1,2.9469314,6.800911,5.3853602,-0.03281415,1.3270847,2.088748,1.0468705,-3.49994,0.09473426,-2.42615,3.8926642,-1.6576487,2.9030156,3.0553026,0.14010498,-2.165377,-1.0952233,0.7756021,-0.4043681,-4.506117,0.30032015,-0.93137765,-0.6745306,-0.8370993,2.613492,2.7712755,1.3539534,-1.8172019,2.8455427,-0.017556312,0.23105611,0.60468686,0.33977428,0.5414586,-1.7760652,-0.73445773,-2.4401278,-1.0188688,0.38489938,-1.0737796,-1.6571705,-2.4307446,-0.83437055,-0.27476698,1.0940506,0.28884608,0.8201301,0.33371755,-1.9261461,-0.35733664
Leukemia_TTTACTGTCGTTGACA-1,14.87643,-1.9615353,-2.83811,0.8684205,0.39421257,-0.6764,0.9227304,0.5238024,0.45964697,0.012089461,1.1683457,1.3971461,-0.15447426,0.567413,0.041924093,0.020195987,0.46448183,-0.67773044,0.32549825,0.4873278,0.9267435,-0.28803113,0.9843276,1.6848967,-0.67976147,-0.14185528,-1.3208022,1.9068302,0.8316118,0.629373,-1.0090809,-0.639474,1.0842454,0.3692523,-0.53780746,0.839075,-0.50320125,0.644813,-0.4880785,0.21655844,0.026729971,0.816835,-0.43915486,-0.9715105,-0.21509156,0.40364736,0.14724651,0.5146843,0.7573833,0.76261157
Leukemia_TTTACTGTCTTCCTTC-1,15.020191,-0.67677313,-2.264554,-0.40011758,-0.87095284,0.46514416,0.5184889,-0.40361598,0.4772798,-0.4170951,0.5856134,0.03136474,0.5678924,0.5313918,-0.0843127,0.7837793,-0.62415886,0.018689606,0.75514185,0.64185447,1.3522563,-1.6206062,-1.3044256,0.65747464,-0.43806055,-0.13635023,0.31696656,1.8770479,0.059697803,1.0263237,-1.1138386,-0.61878526,-0.55263853,0.065877,-0.14512415,0.14851055,0.5088782,-0.058189757,-0.085567236,-1.0876975,-1.1726226,0.19165094,0.033360057,-0.13753325,0.21212785,0.70222056,-0.020683823,-0.7576005,0.5956584,0.46772748
Leukemia_TTTATGCAGCTATGCT-1,-4.2265987,-0.42728516,3.0117652,0.5627947,-0.7990113,1.5209148,1.3523201,-1.7107909,-2.1612492,0.69004256,-0.24487612,-0.13135678,-1.7350932,1.4878536,-1.1932657,1.6967674,-0.10376955,1.1839411,3.3145444,0.74270463,0.8597858,-0.61990047,-0.32315066,-1.6385931,0.12627402,1.3195341,-1.0859364,-0.5685712,-0.559663,-1.2422091,-0.20836203,1.1688313,-1.9252795,0.39416543,0.25453374,-0.15106413,-1.1462698,2.09306,0.16899715,-1.6025766,-1.0580187,-0.86483234,0.16611513,-0.14568667,-0.6653491,0.45275533,1.5628924,-0.4752974,-3.0712852,-1.8080442
Leukemia_TTTATGCGTAAACCTC-1,-3.625163,-1.2807665,3.7532127,-0.33158216,-1.1379126,5.3191566,1.0853292,-2.0952232,1.2377095,0.11480282,-0.33605325,0.29771042,-0.42358524,-0.028502967,0.8061088,0.030754946,0.86307013,0.3044799,-1.0737231,0.9017967,0.49919236,-1.470417,-0.82961416,-1.347214,0.38292286,-0.15582493,0.16433224,-2.5675483,-0.41349038,-0.92821497,0.8554447,0.9547311,-0.43938142,-0.5287294,-0.56982535,-0.8000971,-0.115975976,-2.3573005,0.70018595,2.4085906,2.3586462,-0.6337643,-1.3881665,1.6712474,-1.6671343,1.0290785,-2.39408,0.45813882,-0.035083447,-1.2711488
Leukemia_TTTATGCGTCATGCCG-1,-4.143198,-2.8891866,6.5471454,0.78486377,-1.700302,4.5310726,3.4227016,-2.4731526,-1.1477642,1.5334806,-0.96240103,0.9376425,-3.1459017,-1.2061939,-0.6072154,1.5584888,1.2638222,-1.0600581,0.2561075,0.78069705,-0.23184854,-0.82080394,0.18369323,0.6864265,0.59751284,2.0655673,-0.56723493,-2.2899163,-3.1192415,-0.25317103,1.7148749,-0.97707987,0.6404674,0.6107738,-0.5010793,0.49005827,-1.3844119,-0.6187076,0.22468695,-1.047318,-0.8263697,-0.48832694,1.1754485,-0.19563253,-1.1151326,0.16136064,0.34169948,0.17355925,-1.5634001,0.016281426
Leukemia_TTTATGCGTTTACTCT-1,9.922917,-0.62091696,-0.48443958,0.7508111,0.46108186,1.050759,-1.0332826,-0.77590907,1.1824235,-2.632792,4.2734566,-2.1781142,6.3687,0.36433184,1.4892136,4.9421825,-2.5408103,2.4058013,3.1478164,6.515378,4.814207,-0.17498374,-1.0039186,-3.3757942,8.730195,8.495339,6.9339156,3.1409123,12.59802,-19.880499,12.1146345,-11.734882,-7.156147,6.745814,-0.89465106,-6.290954,-2.6169007,-7.508391,-10.068652,7.453414,3.495206,-5.1852036,17.912205,-6.0894103,-5.518847,7.3926406,4.9400463,-9.09359,-2.7260246,-6.670207
Leukemia_TTTATGCTCTCAAACG-1,-0.9039095,-2.1149282,4.4389772,2.0566733,-1.2606884,0.25708613,0.48415774,-0.6946214,-0.29493514,0.042715322,-0.05891569,-1.2209394,0.5417441,-0.7210971,0.029322498,-0.6582797,-0.03177272,-0.6259304,-1.1855403,-0.08367868,0.09314258,0.58764195,-0.58915716,0.14987679,0.5270028,-0.5372846,-0.70218515,-0.371284,1.2079793,-0.2762553,-0.49285936,-0.1738503,-0.2321152,0.29176468,0.7339903,0.2638384,-0.106451966,-1.3130702,-1.2202373,-0.121090405,2.230434,-1.0665658,-1.1031531,-0.7144655,-0.9445464,1.3464329,-0.91623646,0.16069698,1.2019355,-0.13111077
Leukemia_TTTGCGCGTGAAATCA-1,-1.0226729,-1.6482844,4.8506694,0.5817163,-0.959229,2.202614,1.3024838,-3.2802005,0.61199975,-1.4659936,1.1789625,-2.610763,-0.7362505,-0.030669164,-1.1051189,0.75435036,3.1497986,0.09955001,0.8721844,0.57042605,2.783799,0.92471564,-1.1243263,-2.7188654,-0.21754892,-0.5696229,-2.4289224,0.5671055,4.974761,-0.0630336,-1.5424371,-1.1200165,3.4110656,0.44784534,2.8357625,-0.36744952,1.4430075,4.3712907,-1.1601706,1.4801382,-3.1728745,-1.8838607,-8.775173,3.2852378,1.2053269,4.1055694,3.6931543,0.95736706,-3.1382623,-2.8669746
