,sample,sample_id,SampleName,type,n_genes,n_counts,counts_per_gene,n_genes_by_counts,total_counts,total_counts_mt,pct_counts_mt,total_counts_ribo,pct_counts_ribo
Normal_AAACCTGAGGACCACA-1,Normal,Normal,Normal,Illumina HiSeq 4000,2292,7579.0,3.306719022687609,2292,7579.0,139.0,1.834015,3396.0,44.80802
Normal_AAACCTGGTTTGGGCC-1,Normal,Normal,Normal,Illumina HiSeq 4000,2133,8487.0,3.978902953586498,2133,8487.0,174.0,2.0501943,4293.0,50.583244
Normal_AAACGGGAGCAATATG-1,Normal,Normal,Normal,Illumina HiSeq 4000,4722,19622.0,4.155442609063956,4722,19622.0,705.0,3.5929058,5947.0,30.307817
Normal_AAACGGGCATGTCTCC-1,Normal,Normal,Normal,Illumina HiSeq 4000,2589,8433.0,3.257242178447277,2589,8433.0,130.0,1.5415629,3678.0,43.614372
Normal_AAACGGGTCGCGCCAA-1,Normal,Normal,Normal,Illumina HiSeq 4000,2151,7696.0,3.5778707577870756,2151,7696.0,99.0,1.2863826,3653.0,47.466217
Normal_AAAGATGGTAGAGTGC-1,Normal,Normal,Normal,Illumina HiSeq 4000,2549,8737.0,3.4276186739898,2549,8737.0,226.0,2.5867002,3788.0,43.355843
Normal_AAAGATGTCAGCGACC-1,Normal,Normal,Normal,Illumina HiSeq 4000,2523,8690.0,3.444312326595323,2523,8690.0,116.0,1.3348676,3646.0,41.956272
Normal_AAAGATGTCGCACTCT-1,Normal,Normal,Normal,Illumina HiSeq 4000,981,1565.0,1.5953109072375127,981,1565.0,281.0,17.955273,86.0,5.495208
Normal_AACACGTCACTTCTGC-1,Normal,Normal,Normal,Illumina HiSeq 4000,1752,5900.0,3.367579908675799,1752,5900.0,103.0,1.7457627,2639.0,44.728813
Normal_AACCGCGAGGGTGTGT-1,Normal,Normal,Normal,Illumina HiSeq 4000,2513,10633.0,4.231197771587744,2513,10633.0,175.0,1.6458197,5336.0,50.18339
Normal_AACCGCGCAGCGTCCA-1,Normal,Normal,Normal,Illumina HiSeq 4000,961,2211.0,2.3007284079084287,961,2211.0,58.0,2.6232474,991.0,44.82135
Normal_AACCGCGCATCCCATC-1,Normal,Normal,Normal,Illumina HiSeq 4000,2889,11694.0,4.047767393561786,2889,11694.0,191.0,1.6333163,5297.0,45.296734
Normal_AACCGCGTCCCTAACC-1,Normal,Normal,Normal,Illumina HiSeq 4000,2434,8652.0,3.5546425636811834,2434,8652.0,186.0,2.149792,3992.0,46.13962
Normal_AACGTTGTCAAGATCC-1,Normal,Normal,Normal,Illumina HiSeq 4000,2642,8526.0,3.2271006813020437,2642,8526.0,137.0,1.6068496,3478.0,40.792866
Normal_AACTCAGCACTCGACG-1,Normal,Normal,Normal,Illumina HiSeq 4000,3182,12906.0,4.055939660590823,3182,12906.0,300.0,2.3245003,5371.0,41.616302
Normal_AACTCCCCATTACGAC-1,Normal,Normal,Normal,Illumina HiSeq 4000,1799,6437.0,3.578098943857699,1799,6437.0,308.0,4.7848377,2912.0,45.238464
Normal_AACTCCCTCTAAGCCA-1,Normal,Normal,Normal,Illumina HiSeq 4000,2242,8392.0,3.743086529884032,2242,8392.0,187.0,2.2283127,3947.0,47.03289
Normal_AACTCTTAGGCATTGG-1,Normal,Normal,Normal,Illumina HiSeq 4000,2456,8701.0,3.5427524429967425,2456,8701.0,171.0,1.9652914,4079.0,46.87967
Normal_AACTGGTGTCCGAATT-1,Normal,Normal,Normal,Illumina HiSeq 4000,2403,8398.0,3.494798168955472,2403,8398.0,184.0,2.1909978,3708.0,44.15337
Normal_AACTGGTTCCTGCTTG-1,Normal,Normal,Normal,Illumina HiSeq 4000,1492,5757.0,3.85857908847185,1492,5757.0,196.0,3.404551,2952.0,51.276707
Normal_AACTTTCCAGATGGCA-1,Normal,Normal,Normal,Illumina HiSeq 4000,3597,14408.0,4.005560189046427,3597,14408.0,391.0,2.7137702,6124.0,42.504166
Normal_AACTTTCTCAGGCGAA-1,Normal,Normal,Normal,Illumina HiSeq 4000,2526,10022.0,3.967537608867775,2526,10022.0,210.0,2.09539,4739.0,47.285973
Normal_AAGACCTAGGAATGGA-1,Normal,Normal,Normal,Illumina HiSeq 4000,2802,10788.0,3.8501070663811565,2802,10788.0,231.0,2.141268,5188.0,48.09047
Normal_AAGACCTCAAATACAG-1,Normal,Normal,Normal,Illumina HiSeq 4000,2511,9990.0,3.978494623655914,2511,9990.0,195.0,1.9519519,4866.0,48.70871
Normal_AAGACCTTCGGATGGA-1,Normal,Normal,Normal,Illumina HiSeq 4000,3066,13269.0,4.3277886497064575,3066,13269.0,325.0,2.449318,6470.0,48.76027
Normal_AAGCCGCAGATGGGTC-1,Normal,Normal,Normal,Illumina HiSeq 4000,1700,6411.0,3.771176470588235,1700,6411.0,86.0,1.3414444,3289.0,51.302452
Normal_AAGCCGCCACGACTCG-1,Normal,Normal,Normal,Illumina HiSeq 4000,1070,2999.0,2.802803738317757,1070,2999.0,30.0,1.0003334,1435.0,47.84928
Normal_AAGGCAGAGCTTTGGT-1,Normal,Normal,Normal,Illumina HiSeq 4000,2230,8782.0,3.9381165919282513,2230,8782.0,231.0,2.6303804,4307.0,49.0435
Normal_AAGGTTCAGCATGGCA-1,Normal,Normal,Normal,Illumina HiSeq 4000,2425,8877.0,3.660618556701031,2425,8877.0,232.0,2.6134956,3987.0,44.913822
Normal_AAGTCTGCACATGGGA-1,Normal,Normal,Normal,Illumina HiSeq 4000,2178,8152.0,3.7428833792470155,2178,8152.0,160.0,1.9627085,4048.0,49.656525
Normal_AATCCAGAGTATTGGA-1,Normal,Normal,Normal,Illumina HiSeq 4000,2435,8968.0,3.682956878850103,2435,8968.0,265.0,2.9549508,4039.0,45.037914
Normal_AATCGGTTCGCGATCG-1,Normal,Normal,Normal,Illumina HiSeq 4000,2430,9595.0,3.948559670781893,2430,9595.0,264.0,2.7514331,4631.0,48.26472
Normal_AATCGGTTCTCTTGAT-1,Normal,Normal,Normal,Illumina HiSeq 4000,3110,12822.0,4.122829581993569,3110,12822.0,290.0,2.2617376,6239.0,48.658554
Normal_ACACCCTCATATGAGA-1,Normal,Normal,Normal,Illumina HiSeq 4000,2083,8683.0,4.168506961113779,2083,8683.0,244.0,2.8100886,4515.0,51.998158
Normal_ACACCGGGTCTGGAGA-1,Normal,Normal,Normal,Illumina HiSeq 4000,1988,6918.0,3.4798792756539236,1988,6918.0,137.0,1.9803412,3306.0,47.78838
Normal_ACACCGGGTGTGCGTC-1,Normal,Normal,Normal,Illumina HiSeq 4000,2028,7865.0,3.878205128205128,2028,7865.0,156.0,1.983471,3991.0,50.7438
Normal_ACACCGGGTTGTACAC-1,Normal,Normal,Normal,Illumina HiSeq 4000,2438,9751.0,3.999589827727646,2438,9751.0,266.0,2.7279253,5085.0,52.1485
Normal_ACAGCCGAGACCACGA-1,Normal,Normal,Normal,Illumina HiSeq 4000,2172,8324.0,3.832412523020258,2172,8324.0,147.0,1.765978,4139.0,49.72369
Normal_ACAGCCGAGTCGTACT-1,Normal,Normal,Normal,Illumina HiSeq 4000,1264,4098.0,3.242088607594937,1264,4098.0,72.0,1.7569546,1773.0,43.265007
Normal_ACAGCCGTCGGAGGTA-1,Normal,Normal,Normal,Illumina HiSeq 4000,2119,7897.0,3.726757904672015,2119,7897.0,133.0,1.6841838,3371.0,42.687096
Normal_ACAGCTAGTCATCCCT-1,Normal,Normal,Normal,Illumina HiSeq 4000,2388,7640.0,3.1993299832495814,2388,7640.0,179.0,2.342932,3397.0,44.463352
Normal_ACATACGCACAGGTTT-1,Normal,Normal,Normal,Illumina HiSeq 4000,2458,8173.0,3.3250610252237593,2458,8173.0,164.0,2.006607,3516.0,43.0197
Normal_ACATACGCATCCGTGG-1,Normal,Normal,Normal,Illumina HiSeq 4000,2468,9794.0,3.96839546191248,2468,9794.0,207.0,2.113539,4881.0,49.836636
Normal_ACATCAGAGATTACCC-1,Normal,Normal,Normal,Illumina HiSeq 4000,2164,8568.0,3.9593345656192236,2164,8568.0,161.0,1.8790851,4281.0,49.964985
Normal_ACATCAGAGGCAAAGA-1,Normal,Normal,Normal,Illumina HiSeq 4000,1990,8078.0,4.05929648241206,1990,8078.0,155.0,1.9187918,4289.0,53.09483
Normal_ACATGGTGTCGCGAAA-1,Normal,Normal,Normal,Illumina HiSeq 4000,2402,10395.0,4.327643630308077,2402,10395.0,177.0,1.7027417,5359.0,51.55363
Normal_ACCAGTAGTAAGTTCC-1,Normal,Normal,Normal,Illumina HiSeq 4000,2117,7483.0,3.5347189418989133,2117,7483.0,106.0,1.4165442,3354.0,44.821594
Normal_ACCAGTATCTAAGCCA-1,Normal,Normal,Normal,Illumina HiSeq 4000,2390,8746.0,3.6594142259414224,2390,8746.0,139.0,1.5892979,4067.0,46.50126
Normal_ACCCACTAGTCAAGGC-1,Normal,Normal,Normal,Illumina HiSeq 4000,2277,8693.0,3.8177426438296003,2277,8693.0,161.0,1.852065,4140.0,47.624527
Normal_ACCCACTAGTCCATAC-1,Normal,Normal,Normal,Illumina HiSeq 4000,2675,7594.0,2.838878504672897,2675,7594.0,349.0,4.5957336,2890.0,38.056362
Normal_ACCCACTCACGGTAGA-1,Normal,Normal,Normal,Illumina HiSeq 4000,1653,5151.0,3.1161524500907443,1653,5151.0,95.0,1.844302,2281.0,44.28266
Normal_ACCCACTTCAGCAACT-1,Normal,Normal,Normal,Illumina HiSeq 4000,2505,9490.0,3.788423153692615,2505,9490.0,157.0,1.6543732,4516.0,47.586933
Normal_ACCGTAAAGCCTATGT-1,Normal,Normal,Normal,Illumina HiSeq 4000,3308,13396.0,4.049576783555018,3308,13396.0,338.0,2.5231411,6038.0,45.07316
Normal_ACCGTAAGTCTCCACT-1,Normal,Normal,Normal,Illumina HiSeq 4000,2627,10981.0,4.180053292729349,2627,10981.0,217.0,1.9761406,5460.0,49.722248
Normal_ACGAGGAAGTGGAGTC-1,Normal,Normal,Normal,Illumina HiSeq 4000,2497,9804.0,3.9263115738886665,2497,9804.0,156.0,1.5911874,4855.0,49.520603
Normal_ACGAGGAGTTGAACTC-1,Normal,Normal,Normal,Illumina HiSeq 4000,2273,8327.0,3.6634403871535417,2273,8327.0,170.0,2.0415516,3904.0,46.88363
Normal_ACGATACTCTTTAGTC-1,Normal,Normal,Normal,Illumina HiSeq 4000,474,687.0,1.4493670886075949,474,687.0,121.0,17.612808,49.0,7.13246
Normal_ACGATGTAGTAGGTGC-1,Normal,Normal,Normal,Illumina HiSeq 4000,3009,13671.0,4.543369890329013,3009,13671.0,260.0,1.9018359,6814.0,49.84273
Normal_ACGATGTCAAGCGCTC-1,Normal,Normal,Normal,Illumina HiSeq 4000,2417,8948.0,3.7021100537856846,2417,8948.0,149.0,1.6651766,4259.0,47.59723
Normal_ACGATGTGTTCCACAA-1,Normal,Normal,Normal,Illumina HiSeq 4000,3136,11752.0,3.747448979591837,3136,11752.0,360.0,3.0633085,5078.0,43.209667
Normal_ACGCAGCGTACCGGCT-1,Normal,Normal,Normal,Illumina HiSeq 4000,2112,6865.0,3.250473484848485,2112,6865.0,138.0,2.0101967,2951.0,42.98616
Normal_ACGCCAGGTGTCGCTG-1,Normal,Normal,Normal,Illumina HiSeq 4000,1958,7211.0,3.6828396322778345,1958,7211.0,212.0,2.9399529,3501.0,48.550827
Normal_ACGGAGACAGTCTTCC-1,Normal,Normal,Normal,Illumina HiSeq 4000,2254,9314.0,4.132209405501331,2254,9314.0,183.0,1.9647843,4669.0,50.128834
Normal_ACGGAGAGTTCGTTGA-1,Normal,Normal,Normal,Illumina HiSeq 4000,2269,9103.0,4.011899515204936,2269,9103.0,194.0,2.1311655,4694.0,51.565422
Normal_ACGGAGATCGATAGAA-1,Normal,Normal,Normal,Illumina HiSeq 4000,2704,11332.0,4.190828402366864,2704,11332.0,218.0,1.9237558,5740.0,50.653015
Normal_ACGGCCAGTGCGAAAC-1,Normal,Normal,Normal,Illumina HiSeq 4000,1708,4642.0,2.717798594847775,1708,4642.0,157.0,3.3821628,1758.0,37.87161
Normal_ACGGGCTAGCGCTCCA-1,Normal,Normal,Normal,Illumina HiSeq 4000,2248,8937.0,3.9755338078291813,2248,8937.0,157.0,1.7567416,4505.0,50.408417
Normal_ACGGGCTCAGTATAAG-1,Normal,Normal,Normal,Illumina HiSeq 4000,2092,7420.0,3.546845124282983,2092,7420.0,149.0,2.0080862,3509.0,47.291107
Normal_ACGGGTCAGTCGTACT-1,Normal,Normal,Normal,Illumina HiSeq 4000,2643,10362.0,3.9205448354143018,2643,10362.0,178.0,1.7178152,4685.0,45.21328
Normal_ACGGGTCAGTGGAGTC-1,Normal,Normal,Normal,Illumina HiSeq 4000,2255,7596.0,3.3685144124168516,2255,7596.0,173.0,2.2775145,3369.0,44.35229
Normal_ACGGGTCCACGAGGTA-1,Normal,Normal,Normal,Illumina HiSeq 4000,1174,1955.0,1.6652470187393527,1174,1955.0,181.0,9.258312,210.0,10.741689
Normal_ACGTCAAGTAATAGCA-1,Normal,Normal,Normal,Illumina HiSeq 4000,2043,6450.0,3.15712187958884,2043,6450.0,182.0,2.8217056,2784.0,43.16279
Normal_ACTGAACAGTGGTAGC-1,Normal,Normal,Normal,Illumina HiSeq 4000,2449,9219.0,3.7643936300530827,2449,9219.0,191.0,2.0718083,4291.0,46.545177
Normal_ACTGAACGTTCGCGAC-1,Normal,Normal,Normal,Illumina HiSeq 4000,2957,14674.0,4.962461954683802,2957,14674.0,328.0,2.2352462,7558.0,51.506065
Normal_ACTTACTAGAGTAATC-1,Normal,Normal,Normal,Illumina HiSeq 4000,3207,12353.0,3.8518864982850016,3207,12353.0,286.0,2.315227,5193.0,42.038372
Normal_ACTTACTTCACCTTAT-1,Normal,Normal,Normal,Illumina HiSeq 4000,2573,9235.0,3.5891954916439954,2573,9235.0,172.0,1.8624797,4075.0,44.125607
Normal_ACTTACTTCCGGGTGT-1,Normal,Normal,Normal,Illumina HiSeq 4000,2021,5882.0,2.9104403760514597,2021,5882.0,85.0,1.4450867,2547.0,43.301598
Normal_ACTTGTTAGATGGCGT-1,Normal,Normal,Normal,Illumina HiSeq 4000,2365,7661.0,3.239323467230444,2365,7661.0,144.0,1.8796501,3345.0,43.662704
Normal_ACTTGTTCAGCATACT-1,Normal,Normal,Normal,Illumina HiSeq 4000,2342,6703.0,2.8620836891545687,2342,6703.0,212.0,3.1627629,2606.0,38.878113
Normal_ACTTTCAAGCCAGTAG-1,Normal,Normal,Normal,Illumina HiSeq 4000,2247,7920.0,3.5246995994659547,2247,7920.0,141.0,1.780303,3710.0,46.843433
Normal_ACTTTCATCCACGCAG-1,Normal,Normal,Normal,Illumina HiSeq 4000,2467,8422.0,3.413862991487637,2467,8422.0,188.0,2.2322488,3639.0,43.208267
Normal_AGACGTTTCCGCATCT-1,Normal,Normal,Normal,Illumina HiSeq 4000,2794,9389.0,3.360415175375805,2794,9389.0,230.0,2.449675,3483.0,37.096603
Normal_AGAGCGAAGACTGGGT-1,Normal,Normal,Normal,Illumina HiSeq 4000,2957,10327.0,3.49239093676023,2957,10327.0,231.0,2.2368548,4282.0,41.464123
Normal_AGAGCGAGTAGCTTGT-1,Normal,Normal,Normal,Illumina HiSeq 4000,2768,10423.0,3.765534682080925,2768,10423.0,207.0,1.9859924,4751.0,45.581886
Normal_AGAGCGAGTCACCCAG-1,Normal,Normal,Normal,Illumina HiSeq 4000,3165,13036.0,4.118799368088467,3165,13036.0,300.0,2.3013196,5771.0,44.269714
Normal_AGAGCTTAGCCACGCT-1,Normal,Normal,Normal,Illumina HiSeq 4000,2542,9080.0,3.5719905586152634,2542,9080.0,127.0,1.3986784,4017.0,44.240086
Normal_AGATCTGGTCAACTGT-1,Normal,Normal,Normal,Illumina HiSeq 4000,2763,11573.0,4.188563155989866,2763,11573.0,211.0,1.8232093,5612.0,48.49218
Normal_AGCAGCCAGCGCTCCA-1,Normal,Normal,Normal,Illumina HiSeq 4000,3045,12258.0,4.025615763546798,3045,12258.0,242.0,1.974221,5619.0,45.839455
Normal_AGCAGCCAGTCATGCT-1,Normal,Normal,Normal,Illumina HiSeq 4000,1517,4427.0,2.918259723137772,1517,4427.0,107.0,2.4169867,1764.0,39.846397
Normal_AGCAGCCCAGTGGGAT-1,Normal,Normal,Normal,Illumina HiSeq 4000,3423,13344.0,3.8983347940403155,3423,13344.0,319.0,2.3905876,6007.0,45.016487
Normal_AGCAGCCTCTCTGAGA-1,Normal,Normal,Normal,Illumina HiSeq 4000,2239,7046.0,3.146940598481465,2239,7046.0,156.0,2.2140222,2885.0,40.945217
Normal_AGCATACCACCACCAG-1,Normal,Normal,Normal,Illumina HiSeq 4000,1651,4364.0,2.6432465172622654,1651,4364.0,24.0,0.5499542,1821.0,41.72777
Normal_AGCGGTCGTCCGACGT-1,Normal,Normal,Normal,Illumina HiSeq 4000,2087,8001.0,3.8337326305701964,2087,8001.0,118.0,1.4748156,3848.0,48.09399
Normal_AGCGTATAGTGGAGTC-1,Normal,Normal,Normal,Illumina HiSeq 4000,2141,7918.0,3.6982718355908455,2141,7918.0,194.0,2.4501138,3867.0,48.83809
Normal_AGCGTATCAGTCAGCC-1,Normal,Normal,Normal,Illumina HiSeq 4000,2618,9463.0,3.6145912910618794,2618,9463.0,260.0,2.7475429,4114.0,43.474586
Normal_AGCGTATGTCAAAGCG-1,Normal,Normal,Normal,Illumina HiSeq 4000,1891,6992.0,3.697514542570069,1891,6992.0,150.0,2.145309,3418.0,48.884438
Normal_AGCGTCGGTTAAAGAC-1,Normal,Normal,Normal,Illumina HiSeq 4000,2069,8468.0,4.09279845335911,2069,8468.0,137.0,1.6178554,4122.0,48.677372
Normal_AGCGTCGGTTGTACAC-1,Normal,Normal,Normal,Illumina HiSeq 4000,1988,6288.0,3.162977867203219,1988,6288.0,140.0,2.226463,2777.0,44.163486
Normal_AGCTCTCAGCGATAGC-1,Normal,Normal,Normal,Illumina HiSeq 4000,1164,3464.0,2.9759450171821307,1164,3464.0,8.0,0.23094688,1697.0,48.989605
Normal_AGCTTGATCCGATATG-1,Normal,Normal,Normal,Illumina HiSeq 4000,2361,8435.0,3.572638712409996,2361,8435.0,194.0,2.2999408,3952.0,46.8524
Normal_AGGCCACGTACGCTGC-1,Normal,Normal,Normal,Illumina HiSeq 4000,2565,8723.0,3.4007797270955167,2565,8723.0,122.0,1.3986014,3744.0,42.921013
Normal_AGGCCACTCGTAGGAG-1,Normal,Normal,Normal,Illumina HiSeq 4000,2162,8576.0,3.9666975023126736,2162,8576.0,181.0,2.110541,4094.0,47.737873
Normal_AGGCCGTAGTACGCCC-1,Normal,Normal,Normal,Illumina HiSeq 4000,3162,13858.0,4.382669196710943,3162,13858.0,361.0,2.6049933,6542.0,47.20739
Normal_AGGCCGTCAGTCGTGC-1,Normal,Normal,Normal,Illumina HiSeq 4000,2113,8124.0,3.844770468528159,2113,8124.0,215.0,2.6464796,3994.0,49.162975
Normal_AGGCCGTGTCAGCTAT-1,Normal,Normal,Normal,Illumina HiSeq 4000,2261,8075.0,3.5714285714285716,2261,8075.0,155.0,1.9195046,3840.0,47.55418
Normal_AGGCCGTGTCGCATAT-1,Normal,Normal,Normal,Illumina HiSeq 4000,4023,18828.0,4.680089485458613,4023,18828.0,507.0,2.692798,8311.0,44.141705
Normal_AGGCCGTTCGGACAAG-1,Normal,Normal,Normal,Illumina HiSeq 4000,2870,10870.0,3.7874564459930316,2870,10870.0,251.0,2.3091075,4710.0,43.33027
Normal_AGGGAGTGTTAAAGAC-1,Normal,Normal,Normal,Illumina HiSeq 4000,2318,8312.0,3.5858498705780844,2318,8312.0,152.0,1.8286815,3978.0,47.858517
Normal_AGGTCATCATTCCTGC-1,Normal,Normal,Normal,Illumina HiSeq 4000,2721,9458.0,3.475927967658949,2721,9458.0,180.0,1.9031508,4059.0,42.91605
Normal_AGGTCCGCAAGCTGTT-1,Normal,Normal,Normal,Illumina HiSeq 4000,2307,9218.0,3.99566536627655,2307,9218.0,198.0,2.1479714,4530.0,49.142982
Normal_AGGTCCGGTTAAGGGC-1,Normal,Normal,Normal,Illumina HiSeq 4000,3693,17554.0,4.753317086379637,3693,17554.0,330.0,1.8799133,8403.0,47.86943
Normal_AGTAGTCAGAGTACCG-1,Normal,Normal,Normal,Illumina HiSeq 4000,2040,7843.0,3.844607843137255,2040,7843.0,171.0,2.180288,3824.0,48.75685
Normal_AGTAGTCAGATAGGAG-1,Normal,Normal,Normal,Illumina HiSeq 4000,1957,7318.0,3.7393970362800206,1957,7318.0,147.0,2.0087457,3772.0,51.544136
Normal_AGTCTTTAGACGCACA-1,Normal,Normal,Normal,Illumina HiSeq 4000,2708,10529.0,3.888109305760709,2708,10529.0,177.0,1.6810713,4785.0,45.44591
Normal_AGTCTTTAGTGGTAAT-1,Normal,Normal,Normal,Illumina HiSeq 4000,1713,4726.0,2.758902510215995,1713,4726.0,154.0,3.2585695,1772.0,37.49471
Normal_AGTCTTTAGTTGTAGA-1,Normal,Normal,Normal,Illumina HiSeq 4000,2453,9795.0,3.9930697105585,2453,9795.0,207.0,2.1133232,4896.0,49.984684
Normal_AGTCTTTTCGCGGATC-1,Normal,Normal,Normal,Illumina HiSeq 4000,2138,6124.0,2.8643592142188963,2138,6124.0,180.0,2.9392552,2483.0,40.545395
Normal_AGTCTTTTCTTCCTTC-1,Normal,Normal,Normal,Illumina HiSeq 4000,2901,10528.0,3.6290934160634265,2901,10528.0,154.0,1.4627659,4603.0,43.721504
Normal_AGTGAGGCAATGCCAT-1,Normal,Normal,Normal,Illumina HiSeq 4000,1200,2192.0,1.8266666666666667,1200,2192.0,17.0,0.77554744,541.0,24.680656
Normal_AGTGTCAAGTCAAGCG-1,Normal,Normal,Normal,Illumina HiSeq 4000,2156,7949.0,3.6869202226345084,2156,7949.0,116.0,1.459303,3813.0,47.9683
Normal_AGTGTCATCTAGAGTC-1,Normal,Normal,Normal,Illumina HiSeq 4000,2831,12442.0,4.394913458141999,2831,12442.0,294.0,2.3629642,6346.0,51.00466
Normal_AGTTGGTGTACATCCA-1,Normal,Normal,Normal,Illumina HiSeq 4000,2204,7554.0,3.427404718693285,2204,7554.0,158.0,2.091607,3394.0,44.92984
Normal_AGTTGGTGTCTGGAGA-1,Normal,Normal,Normal,Illumina HiSeq 4000,2362,8386.0,3.550381033022862,2362,8386.0,175.0,2.0868113,3875.0,46.207966
Normal_ATAACGCAGTCGCCGT-1,Normal,Normal,Normal,Illumina HiSeq 4000,3732,13445.0,3.602625937834941,3732,13445.0,409.0,3.0420232,5387.0,40.06694
Normal_ATAACGCCAGCGAACA-1,Normal,Normal,Normal,Illumina HiSeq 4000,2471,9526.0,3.855119384864427,2471,9526.0,221.0,2.3199666,4629.0,48.593323
Normal_ATAACGCTCTGCAAGT-1,Normal,Normal,Normal,Illumina HiSeq 4000,2982,10949.0,3.6716968477531857,2982,10949.0,285.0,2.6029775,4941.0,45.12741
Normal_ATAAGAGTCTCGAGTA-1,Normal,Normal,Normal,Illumina HiSeq 4000,2889,11291.0,3.9082727587400483,2889,11291.0,220.0,1.9484546,5263.0,46.612347
Normal_ATAGACCGTCGTCTTC-1,Normal,Normal,Normal,Illumina HiSeq 4000,1237,3519.0,2.8447857720291028,1237,3519.0,89.0,2.5291276,1333.0,37.88008
Normal_ATCACGAAGTGTGGCA-1,Normal,Normal,Normal,Illumina HiSeq 4000,2387,9068.0,3.798910766652702,2387,9068.0,233.0,2.569475,4369.0,48.180412
Normal_ATCCGAAGTGTCTGAT-1,Normal,Normal,Normal,Illumina HiSeq 4000,2357,8164.0,3.463725074246924,2357,8164.0,138.0,1.6903479,3708.0,45.41891
Normal_ATCCGAAGTTCCCGAG-1,Normal,Normal,Normal,Illumina HiSeq 4000,1619,4900.0,3.026559604694256,1619,4900.0,139.0,2.8367345,2226.0,45.42857
Normal_ATCCGAATCCGAACGC-1,Normal,Normal,Normal,Illumina HiSeq 4000,1836,5550.0,3.022875816993464,1836,5550.0,180.0,3.2432432,2196.0,39.56757
Normal_ATCGAGTGTAGGAGTC-1,Normal,Normal,Normal,Illumina HiSeq 4000,2210,7554.0,3.418099547511312,2210,7554.0,136.0,1.8003706,3329.0,44.069366
Normal_ATCGAGTTCGAGAGCA-1,Normal,Normal,Normal,Illumina HiSeq 4000,1350,3788.0,2.805925925925926,1350,3788.0,66.0,1.7423441,1751.0,46.224922
Normal_ATCTACTAGACAAGCC-1,Normal,Normal,Normal,Illumina HiSeq 4000,2442,8617.0,3.5286650286650287,2442,8617.0,147.0,1.7059302,3632.0,42.14924
Normal_ATCTACTGTACCTACA-1,Normal,Normal,Normal,Illumina HiSeq 4000,3006,11575.0,3.8506320691949436,3006,11575.0,241.0,2.0820735,5191.0,44.84665
Normal_ATCTACTTCTTCATGT-1,Normal,Normal,Normal,Illumina HiSeq 4000,2871,10289.0,3.583768721699756,2871,10289.0,153.0,1.487025,4600.0,44.707943
Normal_ATCTGCCGTTGGTGGA-1,Normal,Normal,Normal,Illumina HiSeq 4000,1998,7056.0,3.5315315315315314,1998,7056.0,95.0,1.3463719,3397.0,48.14342
Normal_ATCTGCCTCACGAAGG-1,Normal,Normal,Normal,Illumina HiSeq 4000,2512,9315.0,3.708200636942675,2512,9315.0,180.0,1.9323671,4508.0,48.39506
Normal_ATGAGGGTCGTTACAG-1,Normal,Normal,Normal,Illumina HiSeq 4000,2671,10539.0,3.945713216023961,2671,10539.0,183.0,1.7364075,5049.0,47.90777
Normal_ATGAGGGTCTTTCCTC-1,Normal,Normal,Normal,Illumina HiSeq 4000,3306,12061.0,3.6482153660012098,3306,12061.0,263.0,2.180582,4878.0,40.44441
Normal_ATGGGAGAGATTACCC-1,Normal,Normal,Normal,Illumina HiSeq 4000,2134,7701.0,3.6087160262417997,2134,7701.0,242.0,3.142449,3617.0,46.967926
Normal_ATGGGAGCAGGTCCAC-1,Normal,Normal,Normal,Illumina HiSeq 4000,2090,7304.0,3.4947368421052634,2090,7304.0,176.0,2.4096384,3461.0,47.384995
Normal_ATGGGAGGTAGCACGA-1,Normal,Normal,Normal,Illumina HiSeq 4000,2002,7315.0,3.6538461538461537,2002,7315.0,134.0,1.8318523,3530.0,48.257004
Normal_ATGGGAGGTATCACCA-1,Normal,Normal,Normal,Illumina HiSeq 4000,1692,5427.0,3.2074468085106385,1692,5427.0,159.0,2.9297955,2351.0,43.320435
Normal_ATGTGTGGTGTGGCTC-1,Normal,Normal,Normal,Illumina HiSeq 4000,1866,7475.0,4.005894962486602,1866,7475.0,133.0,1.7792642,3792.0,50.729095
Normal_ATGTGTGTCACGCGGT-1,Normal,Normal,Normal,Illumina HiSeq 4000,2554,9291.0,3.637823022709475,2554,9291.0,338.0,3.6379292,4267.0,45.926167
Normal_ATTACTCCACGGTAGA-1,Normal,Normal,Normal,Illumina HiSeq 4000,3268,13583.0,4.156364749082007,3268,13583.0,274.0,2.0172274,6086.0,44.806007
Normal_ATTATCCAGCTAACTC-1,Normal,Normal,Normal,Illumina HiSeq 4000,2269,7675.0,3.382547377699427,2269,7675.0,124.0,1.6156352,3479.0,45.32899
Normal_ATTATCCTCTGTGCAA-1,Normal,Normal,Normal,Illumina HiSeq 4000,1804,4353.0,2.412971175166297,1804,4353.0,204.0,4.686423,1404.0,32.253616
Normal_ATTCTACGTATTCGTG-1,Normal,Normal,Normal,Illumina HiSeq 4000,2143,6483.0,3.0251983201119925,2143,6483.0,95.0,1.465371,2671.0,41.20006
Normal_ATTGGACCATCCGTGG-1,Normal,Normal,Normal,Illumina HiSeq 4000,2312,9313.0,4.028114186851211,2312,9313.0,223.0,2.3945022,4617.0,49.575863
Normal_ATTGGTGAGCAGACTG-1,Normal,Normal,Normal,Illumina HiSeq 4000,3411,14644.0,4.293169158604515,3411,14644.0,385.0,2.6290631,6635.0,45.30866
Normal_ATTTCTGCAGGTTTCA-1,Normal,Normal,Normal,Illumina HiSeq 4000,2280,7334.0,3.216666666666667,2280,7334.0,142.0,1.9361876,3132.0,42.705208
Normal_CAACCAAAGGTAGCTG-1,Normal,Normal,Normal,Illumina HiSeq 4000,598,961.0,1.6070234113712374,598,961.0,221.0,22.99688,55.0,5.7232046
Normal_CAACCTCCACGCATCG-1,Normal,Normal,Normal,Illumina HiSeq 4000,2267,8618.0,3.8014997794441996,2267,8618.0,173.0,2.0074263,4191.0,48.630775
Normal_CAACTAGGTCTGCCAG-1,Normal,Normal,Normal,Illumina HiSeq 4000,2391,9360.0,3.9146800501882058,2391,9360.0,161.0,1.7200855,4370.0,46.688034
Normal_CAAGATCCAAGACGTG-1,Normal,Normal,Normal,Illumina HiSeq 4000,2561,9941.0,3.881686841077704,2561,9941.0,166.0,1.669852,4511.0,45.377728
Normal_CAAGATCGTATATGAG-1,Normal,Normal,Normal,Illumina HiSeq 4000,4388,18921.0,4.311987237921604,4388,18921.0,437.0,2.309603,6575.0,34.74975
Normal_CAAGATCGTTGTACAC-1,Normal,Normal,Normal,Illumina HiSeq 4000,2128,6137.0,2.8839285714285716,2128,6137.0,259.0,4.220303,2299.0,37.4613
Normal_CAAGATCTCACGCATA-1,Normal,Normal,Normal,Illumina HiSeq 4000,2526,10290.0,4.0736342042755345,2526,10290.0,188.0,1.8270165,5044.0,49.018463
Normal_CAAGGCCAGACCGGAT-1,Normal,Normal,Normal,Illumina HiSeq 4000,2810,10857.0,3.8637010676156582,2810,10857.0,258.0,2.376347,4965.0,45.730865
Normal_CAAGGCCAGTTCGCAT-1,Normal,Normal,Normal,Illumina HiSeq 4000,2515,8708.0,3.4624254473161034,2515,8708.0,171.0,1.9637115,3900.0,44.786404
Normal_CAAGGCCGTCGCGAAA-1,Normal,Normal,Normal,Illumina HiSeq 4000,2075,6622.0,3.1913253012048193,2075,6622.0,109.0,1.6460285,3035.0,45.832073
Normal_CAAGTTGGTCATGCCG-1,Normal,Normal,Normal,Illumina HiSeq 4000,2531,9999.0,3.9506124061635717,2531,9999.0,188.0,1.8801881,4970.0,49.70497
Normal_CACAAACAGTACATGA-1,Normal,Normal,Normal,Illumina HiSeq 4000,2668,9398.0,3.522488755622189,2668,9398.0,194.0,2.064269,4101.0,43.636944
Normal_CACAAACCACTTCGAA-1,Normal,Normal,Normal,Illumina HiSeq 4000,2339,10113.0,4.3236425823001285,2339,10113.0,180.0,1.7798873,4830.0,47.760307
Normal_CACAAACGTCCGAGTC-1,Normal,Normal,Normal,Illumina HiSeq 4000,3636,16238.0,4.465896589658966,3636,16238.0,394.0,2.426407,7597.0,46.78532
Normal_CACACAAAGTTGTAGA-1,Normal,Normal,Normal,Illumina HiSeq 4000,3532,15828.0,4.4813137032842585,3532,15828.0,378.0,2.3881729,7638.0,48.256256
Normal_CACAGGCCACAAGTAA-1,Normal,Normal,Normal,Illumina HiSeq 4000,3007,11921.0,3.964416361822414,3007,11921.0,215.0,1.8035399,5334.0,44.744568
Normal_CACAGGCTCGTGGACC-1,Normal,Normal,Normal,Illumina HiSeq 4000,2224,8340.0,3.75,2224,8340.0,164.0,1.9664268,4188.0,50.215828
Normal_CACAGTAAGAACTCGG-1,Normal,Normal,Normal,Illumina HiSeq 4000,2044,9246.0,4.52348336594912,2044,9246.0,163.0,1.7629246,5149.0,55.688946
Normal_CACAGTACAGCTCGCA-1,Normal,Normal,Normal,Illumina HiSeq 4000,2831,9429.0,3.3306252207700457,2831,9429.0,187.0,1.9832432,3402.0,36.080177
Normal_CACAGTACATTCGACA-1,Normal,Normal,Normal,Illumina HiSeq 4000,2493,9600.0,3.8507821901323704,2493,9600.0,157.0,1.6354166,4897.0,51.010418
Normal_CACATAGCAGCCTATA-1,Normal,Normal,Normal,Illumina HiSeq 4000,3062,10603.0,3.462769431743958,3062,10603.0,201.0,1.89569,4407.0,41.56371
Normal_CACATAGTCCAGTATG-1,Normal,Normal,Normal,Illumina HiSeq 4000,2063,6811.0,3.3015026660203586,2063,6811.0,132.0,1.9380414,2970.0,43.605934
Normal_CACATTTCAAGACACG-1,Normal,Normal,Normal,Illumina HiSeq 4000,2400,8565.0,3.56875,2400,8565.0,187.0,2.183304,3780.0,44.1331
Normal_CACATTTGTTGATTGC-1,Normal,Normal,Normal,Illumina HiSeq 4000,3099,12892.0,4.1600516295579215,3099,12892.0,294.0,2.280484,6074.0,47.114487
Normal_CACCACTCATGTAAGA-1,Normal,Normal,Normal,Illumina HiSeq 4000,2296,7970.0,3.471254355400697,2296,7970.0,114.0,1.4303639,3510.0,44.04015
Normal_CACCACTTCAATACCG-1,Normal,Normal,Normal,Illumina HiSeq 4000,879,2330.0,2.6507394766780434,879,2330.0,10.0,0.42918456,1199.0,51.45923
Normal_CACCTTGCAATGACCT-1,Normal,Normal,Normal,Illumina HiSeq 4000,2780,9734.0,3.501438848920863,2780,9734.0,146.0,1.4998972,4423.0,45.438667
Normal_CACCTTGTCTCAAACG-1,Normal,Normal,Normal,Illumina HiSeq 4000,3984,16802.0,4.217369477911647,3984,16802.0,298.0,1.7735984,7308.0,43.49482
Normal_CACTCCAAGTACGTAA-1,Normal,Normal,Normal,Illumina HiSeq 4000,3032,12217.0,4.029353562005277,3032,12217.0,258.0,2.1118114,5857.0,47.94139
Normal_CACTCCATCTTAGCCC-1,Normal,Normal,Normal,Illumina HiSeq 4000,3011,8403.0,2.7907671869810695,3011,8403.0,203.0,2.415804,2608.0,31.036535
Normal_CAGAATCCATGACGGA-1,Normal,Normal,Normal,Illumina HiSeq 4000,2327,10706.0,4.60077352814783,2327,10706.0,267.0,2.4939287,5757.0,53.773582
Normal_CAGAATCTCCCAACGG-1,Normal,Normal,Normal,Illumina HiSeq 4000,2205,7329.0,3.323809523809524,2205,7329.0,116.0,1.5827534,3300.0,45.026608
Normal_CAGAATCTCTGGTGTA-1,Normal,Normal,Normal,Illumina HiSeq 4000,3677,15975.0,4.344574381289094,3677,15975.0,376.0,2.3536777,7135.0,44.663536
Normal_CAGAGAGGTGCATCTA-1,Normal,Normal,Normal,Illumina HiSeq 4000,975,2512.0,2.5764102564102562,975,2512.0,73.0,2.906051,954.0,37.977707
Normal_CAGATCACAGGTGGAT-1,Normal,Normal,Normal,Illumina HiSeq 4000,2150,7315.0,3.402325581395349,2150,7315.0,175.0,2.3923445,3443.0,47.06767
Normal_CAGATCAGTAAGTTCC-1,Normal,Normal,Normal,Illumina HiSeq 4000,2494,9102.0,3.6495589414595027,2494,9102.0,116.0,1.2744452,4110.0,45.15491
Normal_CAGCCGAAGTGAAGTT-1,Normal,Normal,Normal,Illumina HiSeq 4000,2440,8599.0,3.5241803278688524,2440,8599.0,179.0,2.0816374,3690.0,42.91197
Normal_CAGCCGAGTAGGCTGA-1,Normal,Normal,Normal,Illumina HiSeq 4000,2938,13085.0,4.453710006807352,2938,13085.0,258.0,1.9717233,6366.0,48.651127
Normal_CAGCCGATCCACTGGG-1,Normal,Normal,Normal,Illumina HiSeq 4000,2243,8608.0,3.837717342844405,2243,8608.0,218.0,2.532528,4242.0,49.27974
Normal_CAGCGACAGACATAAC-1,Normal,Normal,Normal,Illumina HiSeq 4000,1599,5582.0,3.490931832395247,1599,5582.0,75.0,1.3436044,2659.0,47.635258
Normal_CAGCGACCAAGCGCTC-1,Normal,Normal,Normal,Illumina HiSeq 4000,3073,11440.0,3.722746501789782,3073,11440.0,234.0,2.0454545,5244.0,45.83916
Normal_CAGCGACGTCACCCAG-1,Normal,Normal,Normal,Illumina HiSeq 4000,1610,3621.0,2.2490683229813664,1610,3621.0,78.0,2.1541011,1050.0,28.997513
Normal_CAGCTGGCAACTGCGC-1,Normal,Normal,Normal,Illumina HiSeq 4000,863,1839.0,2.130938586326767,863,1839.0,25.0,1.3594345,588.0,31.973898
Normal_CAGGTGCAGACAGAGA-1,Normal,Normal,Normal,Illumina HiSeq 4000,3375,15161.0,4.492148148148148,3375,15161.0,277.0,1.8270563,6683.0,44.080208
Normal_CAGGTGCAGGCAAAGA-1,Normal,Normal,Normal,Illumina HiSeq 4000,1773,6388.0,3.602932882120699,1773,6388.0,131.0,2.0507202,3027.0,47.385723
Normal_CAGGTGCCAGATAATG-1,Normal,Normal,Normal,Illumina HiSeq 4000,2010,7451.0,3.7069651741293534,2010,7451.0,141.0,1.8923634,3542.0,47.537243
Normal_CAGTAACCACTAGTAC-1,Normal,Normal,Normal,Illumina HiSeq 4000,2521,10076.0,3.9968266560888535,2521,10076.0,227.0,2.252878,5031.0,49.930527
Normal_CAGTAACTCCGTCATC-1,Normal,Normal,Normal,Illumina HiSeq 4000,1780,4716.0,2.649438202247191,1780,4716.0,187.0,3.9652247,1562.0,33.12129
Normal_CAGTCCTAGATCCTGT-1,Normal,Normal,Normal,Illumina HiSeq 4000,2583,7677.0,2.9721254355400695,2583,7677.0,196.0,2.5530806,2910.0,37.90543
Normal_CATATGGCACTGTTAG-1,Normal,Normal,Normal,Illumina HiSeq 4000,2772,10721.0,3.8676046176046177,2772,10721.0,213.0,1.986755,4905.0,45.75133
Normal_CATATGGCAGGTGCCT-1,Normal,Normal,Normal,Illumina HiSeq 4000,2472,10674.0,4.317961165048544,2472,10674.0,203.0,1.9018176,5625.0,52.698147
Normal_CATATGGTCCCGGATG-1,Normal,Normal,Normal,Illumina HiSeq 4000,1992,6258.0,3.141566265060241,1992,6258.0,151.0,2.4129114,2497.0,39.900925
Normal_CATATTCAGCTAACAA-1,Normal,Normal,Normal,Illumina HiSeq 4000,2848,10168.0,3.5702247191011236,2848,10168.0,145.0,1.4260426,4230.0,41.6011
Normal_CATATTCAGTGTCCCG-1,Normal,Normal,Normal,Illumina HiSeq 4000,4744,26278.0,5.53920741989882,4744,26278.0,855.0,3.2536724,11073.0,42.13791
Normal_CATCCACGTCGAGTTT-1,Normal,Normal,Normal,Illumina HiSeq 4000,2370,7331.0,3.0932489451476792,2370,7331.0,193.0,2.6326559,3050.0,41.604145
Normal_CATCCACGTTCACCTC-1,Normal,Normal,Normal,Illumina HiSeq 4000,3783,15982.0,4.224689399947132,3783,15982.0,240.0,1.5016894,7065.0,44.205982
Normal_CATCGAATCCACGACG-1,Normal,Normal,Normal,Illumina HiSeq 4000,1896,5935.0,3.1302742616033754,1896,5935.0,133.0,2.2409434,2762.0,46.537487
Normal_CATCGGGAGGACGAAA-1,Normal,Normal,Normal,Illumina HiSeq 4000,1074,1806.0,1.681564245810056,1074,1806.0,64.0,3.5437431,116.0,6.4230347
Normal_CATGACAAGAGGTACC-1,Normal,Normal,Normal,Illumina HiSeq 4000,2111,8245.0,3.905731880625296,2111,8245.0,153.0,1.8556701,4115.0,49.909035
Normal_CATGACACAATGGATA-1,Normal,Normal,Normal,Illumina HiSeq 4000,2806,10948.0,3.901639344262295,2806,10948.0,217.0,1.9820971,5259.0,48.03617
Normal_CATGCCTTCTGACCTC-1,Normal,Normal,Normal,Illumina HiSeq 4000,2685,9494.0,3.5359404096834264,2685,9494.0,221.0,2.327786,3786.0,39.877815
Normal_CATTATCAGCAGACTG-1,Normal,Normal,Normal,Illumina HiSeq 4000,2126,7878.0,3.70555032925682,2126,7878.0,105.0,1.3328257,3637.0,46.16654
Normal_CATTATCCACAAGCCC-1,Normal,Normal,Normal,Illumina HiSeq 4000,2531,11530.0,4.555511655472145,2531,11530.0,194.0,1.6825672,6134.0,53.200348
Normal_CATTATCGTTCACGGC-1,Normal,Normal,Normal,Illumina HiSeq 4000,2911,10258.0,3.5238749570594297,2911,10258.0,228.0,2.2226555,4099.0,39.959057
Normal_CATTCGCCATGCAACT-1,Normal,Normal,Normal,Illumina HiSeq 4000,2276,8503.0,3.7359402460456943,2276,8503.0,198.0,2.32859,3927.0,46.1837
Normal_CATTCGCGTAGAGCTG-1,Normal,Normal,Normal,Illumina HiSeq 4000,2248,8961.0,3.9862099644128115,2248,8961.0,197.0,2.1984155,4357.0,48.621807
Normal_CATTCGCTCGAATGCT-1,Normal,Normal,Normal,Illumina HiSeq 4000,2637,10533.0,3.9943117178612058,2637,10533.0,170.0,1.6139752,5349.0,50.783253
Normal_CATTCGCTCGTCGTTC-1,Normal,Normal,Normal,Illumina HiSeq 4000,2908,11140.0,3.830811554332875,2908,11140.0,271.0,2.4326751,5021.0,45.07181
Normal_CCAATCCCACCGAATT-1,Normal,Normal,Normal,Illumina HiSeq 4000,2085,7963.0,3.8191846522781776,2085,7963.0,106.0,1.3311566,4057.0,50.948135
Normal_CCAATCCCAGCCTTGG-1,Normal,Normal,Normal,Illumina HiSeq 4000,2547,9043.0,3.5504515115822537,2547,9043.0,214.0,2.3664713,4020.0,44.454273
Normal_CCAATCCGTTAAGATG-1,Normal,Normal,Normal,Illumina HiSeq 4000,1774,5731.0,3.230552423900789,1774,5731.0,90.0,1.5704066,2622.0,45.75118
Normal_CCAATCCTCCGTACAA-1,Normal,Normal,Normal,Illumina HiSeq 4000,2595,8962.0,3.453564547206166,2595,8962.0,208.0,2.3209105,4030.0,44.967644
Normal_CCACCTAAGCTCCTCT-1,Normal,Normal,Normal,Illumina HiSeq 4000,2727,9644.0,3.5364869820315366,2727,9644.0,189.0,1.9597677,4263.0,44.20365
Normal_CCACCTACACCGCTAG-1,Normal,Normal,Normal,Illumina HiSeq 4000,3459,13809.0,3.992194275802255,3459,13809.0,356.0,2.578029,6083.0,44.050983
Normal_CCACCTACATGGATGG-1,Normal,Normal,Normal,Illumina HiSeq 4000,2475,9341.0,3.7741414141414142,2475,9341.0,261.0,2.7941334,4227.0,45.252113
Normal_CCACCTAGTATCAGTC-1,Normal,Normal,Normal,Illumina HiSeq 4000,2245,7902.0,3.519821826280624,2245,7902.0,117.0,1.4806378,3644.0,46.114906
Normal_CCACGGACAGCTGCTG-1,Normal,Normal,Normal,Illumina HiSeq 4000,3569,14991.0,4.200336228635472,3569,14991.0,326.0,2.174638,6843.0,45.64739
Normal_CCACTACAGACAGGCT-1,Normal,Normal,Normal,Illumina HiSeq 4000,3002,12032.0,4.007994670219853,3002,12032.0,273.0,2.2689495,5664.0,47.074467
Normal_CCACTACGTTATCGGT-1,Normal,Normal,Normal,Illumina HiSeq 4000,1995,4757.0,2.3844611528822055,1995,4757.0,254.0,5.3394995,1399.0,29.409292
Normal_CCACTACTCAAACGGG-1,Normal,Normal,Normal,Illumina HiSeq 4000,2650,8895.0,3.3566037735849057,2650,8895.0,234.0,2.6306915,3744.0,42.091064
Normal_CCACTACTCTCCAGGG-1,Normal,Normal,Normal,Illumina HiSeq 4000,1605,4832.0,3.0105919003115265,1605,4832.0,92.0,1.9039736,2126.0,43.998344
Normal_CCAGCGAAGTCCATAC-1,Normal,Normal,Normal,Illumina HiSeq 4000,1431,4214.0,2.9447938504542277,1431,4214.0,136.0,3.2273374,1866.0,44.280968
Normal_CCATGTCAGTCCAGGA-1,Normal,Normal,Normal,Illumina HiSeq 4000,4425,20493.0,4.631186440677966,4425,20493.0,827.0,4.0355244,7235.0,35.304737
Normal_CCATGTCCAGTTCCCT-1,Normal,Normal,Normal,Illumina HiSeq 4000,1001,2192.0,2.18981018981019,1001,2192.0,28.0,1.2773722,891.0,40.64781
Normal_CCATGTCGTTATTCTC-1,Normal,Normal,Normal,Illumina HiSeq 4000,3005,13015.0,4.331114808652246,3005,13015.0,212.0,1.6288897,6011.0,46.185173
Normal_CCATGTCTCGCTTGTC-1,Normal,Normal,Normal,Illumina HiSeq 4000,2068,8611.0,4.163926499032882,2068,8611.0,202.0,2.3458366,4569.0,53.060036
Normal_CCATTCGCACATGGGA-1,Normal,Normal,Normal,Illumina HiSeq 4000,2596,9110.0,3.50924499229584,2596,9110.0,156.0,1.712404,3919.0,43.01866
Normal_CCATTCGCAGATCCAT-1,Normal,Normal,Normal,Illumina HiSeq 4000,2523,8612.0,3.4133967499009117,2523,8612.0,193.0,2.241059,3458.0,40.153275
Normal_CCCAATCTCATAGCAC-1,Normal,Normal,Normal,Illumina HiSeq 4000,2719,11178.0,4.111070246414123,2719,11178.0,228.0,2.0397208,5389.0,48.21077
Normal_CCCAGTTGTTAAGACA-1,Normal,Normal,Normal,Illumina HiSeq 4000,2465,9420.0,3.821501014198783,2465,9420.0,210.0,2.2292993,4529.0,48.078556
Normal_CCCATACAGGAGTCTG-1,Normal,Normal,Normal,Illumina HiSeq 4000,1262,3714.0,2.9429477020602217,1262,3714.0,115.0,3.096392,1321.0,35.568123
Normal_CCCTCCTAGCCTCGTG-1,Normal,Normal,Normal,Illumina HiSeq 4000,2172,7054.0,3.2476979742173113,2172,7054.0,134.0,1.8996315,2952.0,41.8486
Normal_CCCTCCTCAATGGAGC-1,Normal,Normal,Normal,Illumina HiSeq 4000,2311,8995.0,3.8922544353093897,2311,8995.0,186.0,2.0678155,4312.0,47.93774
Normal_CCGGGATTCAAGGCTT-1,Normal,Normal,Normal,Illumina HiSeq 4000,1934,6922.0,3.579110651499483,1934,6922.0,106.0,1.5313493,3174.0,45.853798
Normal_CCGGGATTCTACGAGT-1,Normal,Normal,Normal,Illumina HiSeq 4000,2048,6575.0,3.21044921875,2048,6575.0,136.0,2.068441,2832.0,43.072243
Normal_CCGGGATTCTCGTATT-1,Normal,Normal,Normal,Illumina HiSeq 4000,1424,3845.0,2.7001404494382024,1424,3845.0,59.0,1.5344603,1522.0,39.583874
Normal_CCGGTAGAGTACATGA-1,Normal,Normal,Normal,Illumina HiSeq 4000,3928,20307.0,5.169806517311609,3928,20307.0,495.0,2.4375832,9451.0,46.540604
Normal_CCGGTAGTCTGAGTGT-1,Normal,Normal,Normal,Illumina HiSeq 4000,3947,20561.0,5.209272865467444,3947,20561.0,445.0,2.1642916,10187.0,49.545254
Normal_CCGTGGACAGAAGCAC-1,Normal,Normal,Normal,Illumina HiSeq 4000,2175,7966.0,3.662528735632184,2175,7966.0,189.0,2.3725836,3779.0,47.439117
Normal_CCGTTCACACAGCGTC-1,Normal,Normal,Normal,Illumina HiSeq 4000,2689,9887.0,3.6768315358869468,2689,9887.0,279.0,2.8218873,4091.0,41.377563
Normal_CCTACACGTTTGTTGG-1,Normal,Normal,Normal,Illumina HiSeq 4000,2492,10399.0,4.172953451043338,2492,10399.0,228.0,2.1925185,5061.0,48.66814
Normal_CCTACACTCGTACGGC-1,Normal,Normal,Normal,Illumina HiSeq 4000,2174,6868.0,3.159153633854646,2174,6868.0,159.0,2.3150845,2876.0,41.875366
Normal_CCTACCAAGGATATAC-1,Normal,Normal,Normal,Illumina HiSeq 4000,3198,12079.0,3.7770481550969355,3198,12079.0,225.0,1.8627369,4990.0,41.311367
Normal_CCTACCAAGGTAGCTG-1,Normal,Normal,Normal,Illumina HiSeq 4000,2487,9485.0,3.8138319260152795,2487,9485.0,236.0,2.4881392,4565.0,48.128624
Normal_CCTAGCTAGTTCGCAT-1,Normal,Normal,Normal,Illumina HiSeq 4000,2937,10908.0,3.7139938712972422,2937,10908.0,186.0,1.7051706,5035.0,46.158783
Normal_CCTAGCTGTAAGGGCT-1,Normal,Normal,Normal,Illumina HiSeq 4000,2647,10801.0,4.080468454854552,2647,10801.0,194.0,1.79613,5228.0,48.402927
Normal_CCTCAGTTCCTTTCTC-1,Normal,Normal,Normal,Illumina HiSeq 4000,2855,10479.0,3.670402802101576,2855,10479.0,180.0,1.7177211,4636.0,44.240864
Normal_CCTCAGTTCTGCGTAA-1,Normal,Normal,Normal,Illumina HiSeq 4000,2545,7388.0,2.9029469548133595,2545,7388.0,132.0,1.786681,2490.0,33.703304
Normal_CCTTACGGTCGAGTTT-1,Normal,Normal,Normal,Illumina HiSeq 4000,2601,10224.0,3.930795847750865,2601,10224.0,221.0,2.1615806,4997.0,48.875195
Normal_CCTTACGTCGTGACAT-1,Normal,Normal,Normal,Illumina HiSeq 4000,2105,7613.0,3.616627078384798,2105,7613.0,138.0,1.8126888,3590.0,47.156178
Normal_CCTTCCCAGCGAAGGG-1,Normal,Normal,Normal,Illumina HiSeq 4000,3251,12904.0,3.969240233774223,3251,12904.0,278.0,2.1543708,5955.0,46.148483
Normal_CCTTTCTAGAAACGCC-1,Normal,Normal,Normal,Illumina HiSeq 4000,1885,6516.0,3.456763925729443,1885,6516.0,145.0,2.2252915,3085.0,47.344997
Normal_CCTTTCTCATGACGGA-1,Normal,Normal,Normal,Illumina HiSeq 4000,2157,8026.0,3.720908669448308,2157,8026.0,150.0,1.868926,3770.0,46.97234
Normal_CGAACATCACCCAGTG-1,Normal,Normal,Normal,Illumina HiSeq 4000,2493,10132.0,4.064179703168873,2493,10132.0,196.0,1.934465,4920.0,48.55902
Normal_CGAATGTCAGTCAGAG-1,Normal,Normal,Normal,Illumina HiSeq 4000,2338,9254.0,3.9580838323353293,2338,9254.0,190.0,2.0531662,4640.0,50.140484
Normal_CGACCTTAGTGTACCT-1,Normal,Normal,Normal,Illumina HiSeq 4000,2268,7685.0,3.388447971781305,2268,7685.0,209.0,2.7195835,3461.0,45.035786
Normal_CGACTTCCAGCGATCC-1,Normal,Normal,Normal,Illumina HiSeq 4000,2108,5799.0,2.7509487666034156,2108,5799.0,119.0,2.052078,1899.0,32.747025
Normal_CGAGAAGAGCCAGTTT-1,Normal,Normal,Normal,Illumina HiSeq 4000,1702,4322.0,2.539365452408931,1702,4322.0,57.0,1.3188338,1457.0,33.711246
Normal_CGAGCACCAAATTGCC-1,Normal,Normal,Normal,Illumina HiSeq 4000,2550,11105.0,4.354901960784313,2550,11105.0,236.0,2.1251688,5642.0,50.805943
Normal_CGAGCCAAGGATCGCA-1,Normal,Normal,Normal,Illumina HiSeq 4000,1980,4828.0,2.4383838383838383,1980,4828.0,71.0,1.4705882,1408.0,29.163214
Normal_CGATGTAAGATCGATA-1,Normal,Normal,Normal,Illumina HiSeq 4000,3281,14419.0,4.394696738799147,3281,14419.0,362.0,2.5105762,6955.0,48.234966
Normal_CGATGTAAGCGATTCT-1,Normal,Normal,Normal,Illumina HiSeq 4000,2405,8710.0,3.6216216216216215,2405,8710.0,358.0,4.110218,3905.0,44.833527
Normal_CGATGTACATTCCTGC-1,Normal,Normal,Normal,Illumina HiSeq 4000,2252,6379.0,2.8325932504440496,2252,6379.0,252.0,3.9504626,2615.0,40.99389
Normal_CGCCAAGAGGGCTCTC-1,Normal,Normal,Normal,Illumina HiSeq 4000,2056,7195.0,3.499513618677043,2056,7195.0,90.0,1.2508687,3361.0,46.712994
Normal_CGCCAAGTCATAGCAC-1,Normal,Normal,Normal,Illumina HiSeq 4000,2102,7017.0,3.3382492863939106,2102,7017.0,180.0,2.5651987,2983.0,42.511047
Normal_CGCCAAGTCTTCGAGA-1,Normal,Normal,Normal,Illumina HiSeq 4000,2879,11125.0,3.8641889544980894,2879,11125.0,223.0,2.0044944,5080.0,45.66292
Normal_CGCGGTAAGGCCATAG-1,Normal,Normal,Normal,Illumina HiSeq 4000,2941,13281.0,4.515810948656919,2941,13281.0,281.0,2.1158044,6551.0,49.326103
Normal_CGCGGTAAGTCGTTTG-1,Normal,Normal,Normal,Illumina HiSeq 4000,2694,11728.0,4.353377876763178,2694,11728.0,248.0,2.1145976,5857.0,49.940315
Normal_CGCGTTTAGAAACCTA-1,Normal,Normal,Normal,Illumina HiSeq 4000,2340,8917.0,3.8106837606837605,2340,8917.0,197.0,2.2092633,4222.0,47.347763
Normal_CGCGTTTAGACTAAGT-1,Normal,Normal,Normal,Illumina HiSeq 4000,1748,6594.0,3.772311212814645,1748,6594.0,58.0,0.87958753,3330.0,50.500454
Normal_CGCTATCCAGATGGCA-1,Normal,Normal,Normal,Illumina HiSeq 4000,559,982.0,1.7567084078711985,559,982.0,11.0,1.120163,385.0,39.205704
Normal_CGCTGGAAGAAGGTTT-1,Normal,Normal,Normal,Illumina HiSeq 4000,1915,6150.0,3.2114882506527413,1915,6150.0,156.0,2.5365853,2751.0,44.731705
Normal_CGCTGGAAGCTAGTTC-1,Normal,Normal,Normal,Illumina HiSeq 4000,2469,9527.0,3.858647225597408,2469,9527.0,192.0,2.0153248,4403.0,46.21602
Normal_CGCTGGACACCCTATC-1,Normal,Normal,Normal,Illumina HiSeq 4000,2489,7483.0,3.006428284451587,2489,7483.0,157.0,2.098089,2885.0,38.554054
Normal_CGCTTCAGTTATGCGT-1,Normal,Normal,Normal,Illumina HiSeq 4000,2641,10322.0,3.9083680424081786,2641,10322.0,183.0,1.7729123,5025.0,48.682423
Normal_CGCTTCATCGCCTGTT-1,Normal,Normal,Normal,Illumina HiSeq 4000,2714,10131.0,3.732866617538688,2714,10131.0,218.0,2.1518114,4546.0,44.872173
Normal_CGGACACCAAACCTAC-1,Normal,Normal,Normal,Illumina HiSeq 4000,3291,13199.0,4.010635065329687,3291,13199.0,288.0,2.1819835,5401.0,40.919765
Normal_CGGACACCAGCGTTCG-1,Normal,Normal,Normal,Illumina HiSeq 4000,3987,17753.0,4.4527213443692,3987,17753.0,447.0,2.5178843,6832.0,38.48364
Normal_CGGACGTTCTTAGCCC-1,Normal,Normal,Normal,Illumina HiSeq 4000,2683,8448.0,3.1487141259783824,2683,8448.0,156.0,1.8465909,3269.0,38.69555
Normal_CGGACTGAGTCAAGCG-1,Normal,Normal,Normal,Illumina HiSeq 4000,3971,19001.0,4.784940820951901,3971,19001.0,492.0,2.5893373,8836.0,46.502815
Normal_CGGACTGCATAAAGGT-1,Normal,Normal,Normal,Illumina HiSeq 4000,1021,2988.0,2.9265426052889323,1021,2988.0,44.0,1.4725568,1459.0,48.828648
Normal_CGGAGCTGTAGCACGA-1,Normal,Normal,Normal,Illumina HiSeq 4000,2067,7838.0,3.791969037252056,2067,7838.0,151.0,1.9265119,3952.0,50.421024
Normal_CGGAGCTTCTGCGGCA-1,Normal,Normal,Normal,Illumina HiSeq 4000,2981,10463.0,3.5098960080509896,2981,10463.0,238.0,2.2746823,4150.0,39.663578
Normal_CGGAGTCAGATGTCGG-1,Normal,Normal,Normal,Illumina HiSeq 4000,2359,7492.0,3.175922000847817,2359,7492.0,148.0,1.9754404,3096.0,41.324078
Normal_CGGAGTCTCCTTGGTC-1,Normal,Normal,Normal,Illumina HiSeq 4000,2678,9397.0,3.5089619118745334,2678,9397.0,173.0,1.8410132,4186.0,44.54613
Normal_CGGCTAGAGATCGGGT-1,Normal,Normal,Normal,Illumina HiSeq 4000,1929,7460.0,3.867288750648004,1929,7460.0,153.0,2.0509384,3719.0,49.852547
Normal_CGGGTCATCCGTACAA-1,Normal,Normal,Normal,Illumina HiSeq 4000,2137,7772.0,3.6368741226017782,2137,7772.0,117.0,1.5054041,3705.0,47.671127
Normal_CGGGTCATCGGATGGA-1,Normal,Normal,Normal,Illumina HiSeq 4000,2463,8016.0,3.254567600487211,2463,8016.0,127.0,1.5843313,3079.0,38.41068
Normal_CGGTTAATCGTAGGAG-1,Normal,Normal,Normal,Illumina HiSeq 4000,2533,8637.0,3.409790761942361,2533,8637.0,178.0,2.060901,3824.0,44.27463
Normal_CGTAGCGAGTTAAGTG-1,Normal,Normal,Normal,Illumina HiSeq 4000,1862,7206.0,3.870032223415682,1862,7206.0,179.0,2.484041,3786.0,52.53955
Normal_CGTAGGCGTGAGGGAG-1,Normal,Normal,Normal,Illumina HiSeq 4000,1191,3967.0,3.3308144416456757,1191,3967.0,49.0,1.2351903,1971.0,49.6849
Normal_CGTCACTAGAGCAATT-1,Normal,Normal,Normal,Illumina HiSeq 4000,2404,9488.0,3.94675540765391,2404,9488.0,177.0,1.8655144,4800.0,50.590218
Normal_CGTCACTGTCAGAGGT-1,Normal,Normal,Normal,Illumina HiSeq 4000,2082,6939.0,3.3328530259365996,2082,6939.0,163.0,2.3490417,3120.0,44.963253
Normal_CGTCACTGTTTAGCTG-1,Normal,Normal,Normal,Illumina HiSeq 4000,2390,8117.0,3.396234309623431,2390,8117.0,174.0,2.143649,3600.0,44.35136
Normal_CGTCACTTCCAGATCA-1,Normal,Normal,Normal,Illumina HiSeq 4000,1710,5957.0,3.483625730994152,1710,5957.0,151.0,2.534833,2848.0,47.8093
Normal_CGTCTACAGTTTGCGT-1,Normal,Normal,Normal,Illumina HiSeq 4000,2991,12455.0,4.164159144098964,2991,12455.0,266.0,2.1356885,5943.0,47.71578
Normal_CGTGAGCCAATGTTGC-1,Normal,Normal,Normal,Illumina HiSeq 4000,2437,8136.0,3.3385309807139927,2437,8136.0,215.0,2.6425762,3380.0,41.543755
Normal_CGTGTAATCATCGATG-1,Normal,Normal,Normal,Illumina HiSeq 4000,2524,8212.0,3.253565768621236,2524,8212.0,218.0,2.6546516,3413.0,41.56113
Normal_CGTGTCTGTACAGACG-1,Normal,Normal,Normal,Illumina HiSeq 4000,2808,9530.0,3.3938746438746437,2808,9530.0,192.0,2.0146904,3944.0,41.385098
Normal_CGTTAGACAAGGGTCA-1,Normal,Normal,Normal,Illumina HiSeq 4000,3405,14112.0,4.144493392070484,3405,14112.0,304.0,2.1541948,6407.0,45.401077
Normal_CGTTAGAGTAAGGATT-1,Normal,Normal,Normal,Illumina HiSeq 4000,2064,6790.0,3.2897286821705425,2064,6790.0,101.0,1.4874816,3123.0,45.99411
Normal_CGTTAGATCCACTCCA-1,Normal,Normal,Normal,Illumina HiSeq 4000,2799,10171.0,3.633797784923187,2799,10171.0,231.0,2.271163,4609.0,45.31511
Normal_CGTTCTGAGCCCGAAA-1,Normal,Normal,Normal,Illumina HiSeq 4000,2207,6775.0,3.069777979157227,2207,6775.0,199.0,2.9372694,2945.0,43.46863
Normal_CGTTCTGGTCCTGCTT-1,Normal,Normal,Normal,Illumina HiSeq 4000,2784,9893.0,3.5535201149425286,2784,9893.0,141.0,1.4252502,4318.0,43.647022
Normal_CGTTGGGCATTGGCGC-1,Normal,Normal,Normal,Illumina HiSeq 4000,2260,8995.0,3.980088495575221,2260,8995.0,167.0,1.856587,4434.0,49.294052
Normal_CGTTGGGGTATCACCA-1,Normal,Normal,Normal,Illumina HiSeq 4000,2043,7820.0,3.8277043563387174,2043,7820.0,158.0,2.0204604,3767.0,48.171356
Normal_CGTTGGGTCACCGTAA-1,Normal,Normal,Normal,Illumina HiSeq 4000,1865,6768.0,3.6289544235924933,1865,6768.0,120.0,1.7730497,3300.0,48.758865
Normal_CTAACTTCAGCCACCA-1,Normal,Normal,Normal,Illumina HiSeq 4000,1806,4876.0,2.6998892580287928,1806,4876.0,241.0,4.942576,1730.0,35.4799
Normal_CTAAGACAGAAACCAT-1,Normal,Normal,Normal,Illumina HiSeq 4000,2282,8460.0,3.707274320771253,2282,8460.0,148.0,1.749409,4126.0,48.770687
Normal_CTAAGACCAATTGCTG-1,Normal,Normal,Normal,Illumina HiSeq 4000,2806,7686.0,2.739130434782609,2806,7686.0,204.0,2.6541765,2476.0,32.214417
Normal_CTAAGACTCAAACCAC-1,Normal,Normal,Normal,Illumina HiSeq 4000,2792,10232.0,3.664756446991404,2792,10232.0,240.0,2.3455825,4336.0,42.376858
Normal_CTAAGACTCGAATGGG-1,Normal,Normal,Normal,Illumina HiSeq 4000,1898,6751.0,3.5569020021074818,1898,6751.0,150.0,2.221893,3236.0,47.93364
Normal_CTAATGGGTATAGTAG-1,Normal,Normal,Normal,Illumina HiSeq 4000,3795,15681.0,4.1320158102766795,3795,15681.0,305.0,1.945029,6981.0,44.518845
Normal_CTAATGGTCAGCGATT-1,Normal,Normal,Normal,Illumina HiSeq 4000,3549,14151.0,3.9873203719357564,3549,14151.0,346.0,2.445057,6407.0,45.275955
Normal_CTAATGGTCCTCATTA-1,Normal,Normal,Normal,Illumina HiSeq 4000,1931,6385.0,3.306576903158985,1931,6385.0,120.0,1.8794049,3032.0,47.486298
Normal_CTACACCAGTGGTAAT-1,Normal,Normal,Normal,Illumina HiSeq 4000,2516,9072.0,3.605723370429253,2516,9072.0,153.0,1.686508,4101.0,45.20503
Normal_CTACACCAGTTGTCGT-1,Normal,Normal,Normal,Illumina HiSeq 4000,2110,6497.0,3.0791469194312797,2110,6497.0,91.0,1.4006464,2759.0,42.46575
Normal_CTACACCCATCTCCCA-1,Normal,Normal,Normal,Illumina HiSeq 4000,3863,16268.0,4.211234791612736,3863,16268.0,370.0,2.2744038,6944.0,42.685024
Normal_CTACCCATCACATACG-1,Normal,Normal,Normal,Illumina HiSeq 4000,2690,9525.0,3.54089219330855,2690,9525.0,168.0,1.7637795,4135.0,43.412075
Normal_CTACGTCCATGAACCT-1,Normal,Normal,Normal,Illumina HiSeq 4000,2652,9318.0,3.513574660633484,2652,9318.0,216.0,2.318094,3797.0,40.74909
Normal_CTACGTCGTAACGACG-1,Normal,Normal,Normal,Illumina HiSeq 4000,2333,8575.0,3.675525075010716,2333,8575.0,163.0,1.9008746,4111.0,47.941692
Normal_CTAGAGTAGTGTCTCA-1,Normal,Normal,Normal,Illumina HiSeq 4000,2892,9567.0,3.3080912863070537,2892,9567.0,206.0,2.1532352,3163.0,33.061565
Normal_CTAGCCTCAATCTACG-1,Normal,Normal,Normal,Illumina HiSeq 4000,2299,7490.0,3.257938234014789,2299,7490.0,160.0,2.1361816,3329.0,44.44593
Normal_CTAGCCTTCACTCCTG-1,Normal,Normal,Normal,Illumina HiSeq 4000,2651,9981.0,3.764994341757827,2651,9981.0,172.0,1.7232742,4640.0,46.488327
Normal_CTAGTGACATCGATGT-1,Normal,Normal,Normal,Illumina HiSeq 4000,3116,11702.0,3.7554557124518615,3116,11702.0,239.0,2.042386,4928.0,42.11246
Normal_CTAGTGAGTTGTGGCC-1,Normal,Normal,Normal,Illumina HiSeq 4000,1979,7386.0,3.7321879737241033,1979,7386.0,127.0,1.7194692,3678.0,49.796913
Normal_CTCACACCAAACCCAT-1,Normal,Normal,Normal,Illumina HiSeq 4000,1915,8395.0,4.383812010443864,1915,8395.0,258.0,3.073258,4591.0,54.687317
Normal_CTCACACCAGATCTGT-1,Normal,Normal,Normal,Illumina HiSeq 4000,3215,11985.0,3.7278382581648524,3215,11985.0,249.0,2.077597,4960.0,41.385063
Normal_CTCACACTCACCCGAG-1,Normal,Normal,Normal,Illumina HiSeq 4000,2119,8743.0,4.126002831524304,2119,8743.0,152.0,1.7385337,4379.0,50.085785
Normal_CTCATTATCGGTCTAA-1,Normal,Normal,Normal,Illumina HiSeq 4000,3028,11227.0,3.7077278731836194,3028,11227.0,256.0,2.2802174,5173.0,46.076424
Normal_CTCCTAGAGACCTAGG-1,Normal,Normal,Normal,Illumina HiSeq 4000,3590,14959.0,4.166852367688023,3590,14959.0,419.0,2.8009894,6292.0,42.061634
Normal_CTCGAGGAGTGAAGAG-1,Normal,Normal,Normal,Illumina HiSeq 4000,2332,8969.0,3.8460548885077186,2332,8969.0,203.0,2.2633514,4449.0,49.60419
Normal_CTCGGAGAGTGTGGCA-1,Normal,Normal,Normal,Illumina HiSeq 4000,2530,10060.0,3.9762845849802373,2530,10060.0,222.0,2.2067595,4945.0,49.155067
Normal_CTCGGGAAGACCTAGG-1,Normal,Normal,Normal,Illumina HiSeq 4000,2561,8954.0,3.496290511518938,2561,8954.0,172.0,1.9209292,3910.0,43.667637
Normal_CTCGGGAAGCTGATAA-1,Normal,Normal,Normal,Illumina HiSeq 4000,2246,8178.0,3.641139804096171,2246,8178.0,182.0,2.225483,3717.0,45.45121
Normal_CTCGTACAGACCTAGG-1,Normal,Normal,Normal,Illumina HiSeq 4000,3584,14306.0,3.9916294642857144,3584,14306.0,302.0,2.1110024,5948.0,41.57696
Normal_CTCGTACGTTGTCTTT-1,Normal,Normal,Normal,Illumina HiSeq 4000,2986,11291.0,3.7813127930341595,2986,11291.0,254.0,2.2495794,5071.0,44.911877
Normal_CTCTGGTAGATCGGGT-1,Normal,Normal,Normal,Illumina HiSeq 4000,1845,6138.0,3.3268292682926828,1845,6138.0,152.0,2.4763768,2824.0,46.008472
Normal_CTCTGGTAGTTGAGAT-1,Normal,Normal,Normal,Illumina HiSeq 4000,3396,13288.0,3.91283863368669,3396,13288.0,373.0,2.8070438,5799.0,43.64088
Normal_CTGAAACAGCCGGTAA-1,Normal,Normal,Normal,Illumina HiSeq 4000,2721,9275.0,3.408673281881661,2721,9275.0,208.0,2.2425878,3850.0,41.509434
Normal_CTGAAACCATGCCCGA-1,Normal,Normal,Normal,Illumina HiSeq 4000,2708,9626.0,3.554652880354505,2708,9626.0,143.0,1.4855599,4145.0,43.06046
Normal_CTGAAACTCAAACCAC-1,Normal,Normal,Normal,Illumina HiSeq 4000,3395,13972.0,4.115463917525773,3395,13972.0,257.0,1.839393,6206.0,44.417404
Normal_CTGAAGTAGGATGCGT-1,Normal,Normal,Normal,Illumina HiSeq 4000,2233,8802.0,3.941782355575459,2233,8802.0,112.0,1.272438,4487.0,50.97705
Normal_CTGAAGTCAAACTGCT-1,Normal,Normal,Normal,Illumina HiSeq 4000,2177,7861.0,3.6109324758842445,2177,7861.0,172.0,2.188017,3701.0,47.080524
Normal_CTGAAGTTCGCTGATA-1,Normal,Normal,Normal,Illumina HiSeq 4000,3908,14885.0,3.8088536335721597,3908,14885.0,341.0,2.290897,4724.0,31.736649
Normal_CTGAAGTTCTGATTCT-1,Normal,Normal,Normal,Illumina HiSeq 4000,3624,14652.0,4.043046357615894,3624,14652.0,236.0,1.6107016,6315.0,43.09992
Normal_CTGATAGAGTCGTACT-1,Normal,Normal,Normal,Illumina HiSeq 4000,3752,16060.0,4.280383795309168,3752,16060.0,312.0,1.9427148,6946.0,43.25031
Normal_CTGATCCAGGTGCACA-1,Normal,Normal,Normal,Illumina HiSeq 4000,2248,7595.0,3.37855871886121,2248,7595.0,206.0,2.7123106,3302.0,43.47597
Normal_CTGCGGAAGAACTCGG-1,Normal,Normal,Normal,Illumina HiSeq 4000,1396,6308.0,4.518624641833811,1396,6308.0,146.0,2.314521,3512.0,55.675335
Normal_CTGGTCTGTACATGTC-1,Normal,Normal,Normal,Illumina HiSeq 4000,2265,7900.0,3.487858719646799,2265,7900.0,179.0,2.2658226,3553.0,44.974686
Normal_CTGGTCTGTGCAACGA-1,Normal,Normal,Normal,Illumina HiSeq 4000,2281,9120.0,3.9982463831652786,2281,9120.0,191.0,2.0942981,4576.0,50.17544
Normal_CTGTTTACACAGCCCA-1,Normal,Normal,Normal,Illumina HiSeq 4000,1545,6990.0,4.524271844660194,1545,6990.0,197.0,2.818312,3761.0,53.805435
Normal_CTTAGGAGTTCACCTC-1,Normal,Normal,Normal,Illumina HiSeq 4000,3192,12812.0,4.013784461152882,3192,12812.0,240.0,1.8732438,6240.0,48.70434
Normal_CTTAGGATCGTCGTTC-1,Normal,Normal,Normal,Illumina HiSeq 4000,2171,7917.0,3.6467065868263475,2171,7917.0,120.0,1.5157256,3568.0,45.067577
Normal_CTTCTCTAGGTAAACT-1,Normal,Normal,Normal,Illumina HiSeq 4000,2452,7551.0,3.0795269168026103,2452,7551.0,124.0,1.6421666,2963.0,39.239838
Normal_CTTCTCTGTACCGTAT-1,Normal,Normal,Normal,Illumina HiSeq 4000,3593,14563.0,4.053158920122461,3593,14563.0,366.0,2.5132184,5948.0,40.843235
Normal_CTTCTCTGTCTTCGTC-1,Normal,Normal,Normal,Illumina HiSeq 4000,2443,7976.0,3.2648383135489154,2443,7976.0,164.0,2.0561686,3293.0,41.286358
Normal_CTTGGCTAGCCCAGCT-1,Normal,Normal,Normal,Illumina HiSeq 4000,2790,11811.0,4.233333333333333,2790,11811.0,210.0,1.7780036,5924.0,50.156635
Normal_CTTGGCTCACATGTGT-1,Normal,Normal,Normal,Illumina HiSeq 4000,2302,8221.0,3.5712423979148564,2302,8221.0,117.0,1.4231846,3709.0,45.116165
Normal_CTTTGCGCAAGTAATG-1,Normal,Normal,Normal,Illumina HiSeq 4000,2513,9051.0,3.6016713091922004,2513,9051.0,236.0,2.6074467,4115.0,45.464592
Normal_CTTTGCGTCATGCAAC-1,Normal,Normal,Normal,Illumina HiSeq 4000,1024,2947.0,2.8779296875,1024,2947.0,8.0,0.2714625,1446.0,49.06685
Normal_CTTTGCGTCTAACGGT-1,Normal,Normal,Normal,Illumina HiSeq 4000,1771,5901.0,3.3320158102766797,1771,5901.0,125.0,2.118285,2768.0,46.907303
Normal_GAAACTCAGAGGACGG-1,Normal,Normal,Normal,Illumina HiSeq 4000,2343,7639.0,3.2603499786598378,2343,7639.0,127.0,1.6625212,3062.0,40.083782
Normal_GAAACTCCATGCCCGA-1,Normal,Normal,Normal,Illumina HiSeq 4000,3352,13235.0,3.9483890214797137,3352,13235.0,352.0,2.6596146,6094.0,46.04458
Normal_GAAACTCGTCGTCTTC-1,Normal,Normal,Normal,Illumina HiSeq 4000,2788,9478.0,3.3995695839311333,2788,9478.0,160.0,1.6881198,4143.0,43.711754
Normal_GAACATCTCAGATAAG-1,Normal,Normal,Normal,Illumina HiSeq 4000,2282,8351.0,3.6595092024539877,2282,8351.0,128.0,1.5327506,3944.0,47.22788
Normal_GAACATCTCCAAGTAC-1,Normal,Normal,Normal,Illumina HiSeq 4000,3155,10663.0,3.3797147385103012,3155,10663.0,202.0,1.8944012,4366.0,40.945324
Normal_GAACCTAAGAGACTTA-1,Normal,Normal,Normal,Illumina HiSeq 4000,2193,7310.0,3.3333333333333335,2193,7310.0,129.0,1.764706,3390.0,46.37483
Normal_GAACCTAAGTAATCCC-1,Normal,Normal,Normal,Illumina HiSeq 4000,2506,8364.0,3.3375897845171587,2506,8364.0,152.0,1.8173122,3467.0,41.451458
Normal_GAACCTATCAGCTTAG-1,Normal,Normal,Normal,Illumina HiSeq 4000,2233,7687.0,3.4424540976265114,2233,7687.0,138.0,1.7952386,3572.0,46.468063
Normal_GAAGCAGAGTGGTCCC-1,Normal,Normal,Normal,Illumina HiSeq 4000,2523,9177.0,3.6373365041617123,2523,9177.0,198.0,2.1575677,4208.0,45.853764
Normal_GAATAAGTCACTGGGC-1,Normal,Normal,Normal,Illumina HiSeq 4000,2870,10907.0,3.800348432055749,2870,10907.0,213.0,1.9528743,4937.0,45.26451
Normal_GACACGCCAAGAAGAG-1,Normal,Normal,Normal,Illumina HiSeq 4000,3372,15555.0,4.612989323843417,3372,15555.0,330.0,2.1215043,7778.0,50.003212
Normal_GACACGCTCAACTCTT-1,Normal,Normal,Normal,Illumina HiSeq 4000,3063,12678.0,4.139079333986288,3063,12678.0,319.0,2.5161695,5971.0,47.097336
Normal_GACAGAGAGACTAAGT-1,Normal,Normal,Normal,Illumina HiSeq 4000,2419,9135.0,3.7763538652335678,2419,9135.0,206.0,2.255063,4456.0,48.77942
Normal_GACAGAGAGACTTTCG-1,Normal,Normal,Normal,Illumina HiSeq 4000,1739,4551.0,2.617021276595745,1739,4551.0,108.0,2.3731048,1856.0,40.782246
Normal_GACAGAGCACTAGTAC-1,Normal,Normal,Normal,Illumina HiSeq 4000,2727,10211.0,3.744407774110744,2727,10211.0,283.0,2.771521,4754.0,46.557636
Normal_GACAGAGGTAAGTGGC-1,Normal,Normal,Normal,Illumina HiSeq 4000,2299,8903.0,3.8725532840365378,2299,8903.0,162.0,1.8196113,4464.0,50.140404
Normal_GACAGAGGTGTCAATC-1,Normal,Normal,Normal,Illumina HiSeq 4000,2148,8333.0,3.879422718808194,2148,8333.0,145.0,1.7400696,3893.0,46.71787
Normal_GACAGAGTCCTTTACA-1,Normal,Normal,Normal,Illumina HiSeq 4000,1329,2836.0,2.133935289691497,1329,2836.0,266.0,9.379408,629.0,22.179125
Normal_GACCAATCAGTGGAGT-1,Normal,Normal,Normal,Illumina HiSeq 4000,2117,7985.0,3.771846953235711,2117,7985.0,164.0,2.053851,3876.0,48.541016
Normal_GACCTGGAGTGAAGTT-1,Normal,Normal,Normal,Illumina HiSeq 4000,2253,8233.0,3.654238792720817,2253,8233.0,184.0,2.2349083,3841.0,46.653713
Normal_GACCTGGGTTTAGCTG-1,Normal,Normal,Normal,Illumina HiSeq 4000,2166,7426.0,3.428439519852262,2166,7426.0,172.0,2.3161864,3389.0,45.63695
Normal_GACCTGGTCTACCTGC-1,Normal,Normal,Normal,Illumina HiSeq 4000,3799,16016.0,4.215846275335615,3799,16016.0,418.0,2.6098902,7039.0,43.949802
Normal_GACGCGTAGTTGAGAT-1,Normal,Normal,Normal,Illumina HiSeq 4000,3111,11984.0,3.8521375763420123,3111,11984.0,257.0,2.144526,5226.0,43.608143
Normal_GACGGCTTCACAATGC-1,Normal,Normal,Normal,Illumina HiSeq 4000,2431,9382.0,3.8593171534348003,2431,9382.0,174.0,1.8546153,4401.0,46.908974
Normal_GACGTGCCAGTAAGAT-1,Normal,Normal,Normal,Illumina HiSeq 4000,1728,6171.0,3.5711805555555554,1728,6171.0,88.0,1.4260249,2960.0,47.966293
Normal_GACGTGCGTTAAGATG-1,Normal,Normal,Normal,Illumina HiSeq 4000,2044,7027.0,3.437866927592955,2044,7027.0,114.0,1.622314,3216.0,45.76633
Normal_GACGTGCTCCAAAGTC-1,Normal,Normal,Normal,Illumina HiSeq 4000,2800,11064.0,3.9514285714285715,2800,11064.0,192.0,1.735358,5223.0,47.207157
Normal_GACGTTAAGGATGTAT-1,Normal,Normal,Normal,Illumina HiSeq 4000,2686,10297.0,3.8335815338793746,2686,10297.0,167.0,1.6218315,4712.0,45.7609
Normal_GACGTTAGTGAGGGTT-1,Normal,Normal,Normal,Illumina HiSeq 4000,2402,8435.0,3.5116569525395502,2402,8435.0,184.0,2.1813872,3813.0,45.204506
Normal_GACTACAAGTCACGCC-1,Normal,Normal,Normal,Illumina HiSeq 4000,2463,10370.0,4.2103126268777915,2463,10370.0,226.0,2.1793635,5127.0,49.440693
Normal_GACTACACAGGCAGTA-1,Normal,Normal,Normal,Illumina HiSeq 4000,808,1588.0,1.9653465346534653,808,1588.0,204.0,12.846348,318.0,20.025188
Normal_GACTACAGTAAGGATT-1,Normal,Normal,Normal,Illumina HiSeq 4000,2476,9122.0,3.6841680129240713,2476,9122.0,174.0,1.9074764,4317.0,47.32515
Normal_GACTGCGCAGGGAGAG-1,Normal,Normal,Normal,Illumina HiSeq 4000,2080,6747.0,3.24375,2080,6747.0,142.0,2.104639,3041.0,45.071884
Normal_GAGCAGAAGGCTAGGT-1,Normal,Normal,Normal,Illumina HiSeq 4000,2302,8921.0,3.875325803649001,2302,8921.0,143.0,1.6029593,4317.0,48.391434
Normal_GAGCAGACAAGGCTCC-1,Normal,Normal,Normal,Illumina HiSeq 4000,1215,2330.0,1.9176954732510287,1215,2330.0,193.0,8.283262,470.0,20.171673
Normal_GAGGTGAGTGTAACGG-1,Normal,Normal,Normal,Illumina HiSeq 4000,1702,5739.0,3.371915393654524,1702,5739.0,120.0,2.0909567,2746.0,47.848057
Normal_GAGGTGATCTTGACGA-1,Normal,Normal,Normal,Illumina HiSeq 4000,2798,10958.0,3.9163688348820584,2798,10958.0,292.0,2.6647198,5259.0,47.992332
Normal_GAGTCCGGTTCCATGA-1,Normal,Normal,Normal,Illumina HiSeq 4000,2511,10022.0,3.9912385503783354,2511,10022.0,224.0,2.2350829,4735.0,47.24606
Normal_GATCAGTGTCAGAAGC-1,Normal,Normal,Normal,Illumina HiSeq 4000,1286,3122.0,2.4276827371695178,1286,3122.0,210.0,6.726457,1096.0,35.1057
Normal_GATCGCGCACGAAACG-1,Normal,Normal,Normal,Illumina HiSeq 4000,3372,13895.0,4.120699881376038,3372,13895.0,292.0,2.1014755,6291.0,45.27528
Normal_GATCGCGGTGACGCCT-1,Normal,Normal,Normal,Illumina HiSeq 4000,2014,7637.0,3.791956305858987,2014,7637.0,143.0,1.872463,3717.0,48.670944
Normal_GATCGCGTCTATGTGG-1,Normal,Normal,Normal,Illumina HiSeq 4000,3076,11865.0,3.8572821846553964,3076,11865.0,266.0,2.2418878,4844.0,40.82596
Normal_GATCGTACAACTGGCC-1,Normal,Normal,Normal,Illumina HiSeq 4000,2346,9690.0,4.130434782608695,2346,9690.0,183.0,1.8885448,4902.0,50.588238
Normal_GATCGTATCGGATGTT-1,Normal,Normal,Normal,Illumina HiSeq 4000,2486,9368.0,3.768302493966211,2486,9368.0,154.0,1.6438941,4421.0,47.19257
Normal_GATCTAGCACATGACT-1,Normal,Normal,Normal,Illumina HiSeq 4000,2755,10425.0,3.784029038112523,2755,10425.0,103.0,0.9880096,4649.0,44.594723
Normal_GATGAAACACCCATGG-1,Normal,Normal,Normal,Illumina HiSeq 4000,1604,5654.0,3.524937655860349,1604,5654.0,87.0,1.5387337,2699.0,47.73612
Normal_GATGAAAGTACTTCTT-1,Normal,Normal,Normal,Illumina HiSeq 4000,2491,7814.0,3.136892814130871,2491,7814.0,134.0,1.7148707,3010.0,38.520603
Normal_GATGAGGAGCGTCAAG-1,Normal,Normal,Normal,Illumina HiSeq 4000,2537,9561.0,3.7686243594797006,2537,9561.0,187.0,1.9558623,4655.0,48.687374
Normal_GATGAGGAGTACTTGC-1,Normal,Normal,Normal,Illumina HiSeq 4000,3583,14642.0,4.086519676248954,3583,14642.0,380.0,2.5952737,6320.0,43.1635
Normal_GATGCTACAGCATACT-1,Normal,Normal,Normal,Illumina HiSeq 4000,2539,9343.0,3.679795194958645,2539,9343.0,194.0,2.076421,4423.0,47.340256
Normal_GATTCAGCACTTAAGC-1,Normal,Normal,Normal,Illumina HiSeq 4000,3775,15965.0,4.2291390728476825,3775,15965.0,329.0,2.0607579,6931.0,43.413715
Normal_GCAAACTAGGGTATCG-1,Normal,Normal,Normal,Illumina HiSeq 4000,1889,7943.0,4.204870301746956,1889,7943.0,198.0,2.492761,4280.0,53.883923
Normal_GCAAACTTCGTCACGG-1,Normal,Normal,Normal,Illumina HiSeq 4000,2638,10620.0,4.025777103866566,2638,10620.0,238.0,2.2410545,4990.0,46.986816
Normal_GCAATCACACCTTGTC-1,Normal,Normal,Normal,Illumina HiSeq 4000,2211,7233.0,3.271370420624152,2211,7233.0,103.0,1.4240288,3217.0,44.476704
Normal_GCACATAGTACCAGTT-1,Normal,Normal,Normal,Illumina HiSeq 4000,2183,8827.0,4.043518094365552,2183,8827.0,174.0,1.9712247,4456.0,50.481476
Normal_GCACATAGTACCGAGA-1,Normal,Normal,Normal,Illumina HiSeq 4000,2390,10680.0,4.468619246861925,2390,10680.0,206.0,1.9288388,5701.0,53.38015
Normal_GCACATATCTCGCATC-1,Normal,Normal,Normal,Illumina HiSeq 4000,966,2228.0,2.3064182194616976,966,2228.0,59.0,2.648115,789.0,35.412926
Normal_GCACTCTAGACGCTTT-1,Normal,Normal,Normal,Illumina HiSeq 4000,4224,16610.0,3.9322916666666665,4224,16610.0,344.0,2.0710416,5789.0,34.852497
Normal_GCACTCTAGAGCTGGT-1,Normal,Normal,Normal,Illumina HiSeq 4000,1420,4316.0,3.03943661971831,1420,4316.0,121.0,2.8035219,1900.0,44.022243
Normal_GCACTCTAGTGCCAGA-1,Normal,Normal,Normal,Illumina HiSeq 4000,3232,14130.0,4.3719059405940595,3232,14130.0,323.0,2.2859166,6972.0,49.341824
Normal_GCACTCTCATGCCTTC-1,Normal,Normal,Normal,Illumina HiSeq 4000,2407,8442.0,3.5072704611549645,2407,8442.0,144.0,1.705757,3766.0,44.610283
Normal_GCAGCCACATTACGAC-1,Normal,Normal,Normal,Illumina HiSeq 4000,1790,5806.0,3.2435754189944133,1790,5806.0,92.0,1.5845677,2527.0,43.52394
Normal_GCAGTTAAGTGTTTGC-1,Normal,Normal,Normal,Illumina HiSeq 4000,3039,11282.0,3.7124053965120107,3039,11282.0,229.0,2.029782,4896.0,43.39656
Normal_GCATACAAGTACATGA-1,Normal,Normal,Normal,Illumina HiSeq 4000,2466,10079.0,4.087185725871858,2466,10079.0,184.0,1.825578,5179.0,51.384068
Normal_GCATGATTCAACCAAC-1,Normal,Normal,Normal,Illumina HiSeq 4000,1544,3941.0,2.5524611398963732,1544,3941.0,71.0,1.8015732,1664.0,42.222786
Normal_GCATGCGAGCGATTCT-1,Normal,Normal,Normal,Illumina HiSeq 4000,2904,11469.0,3.949380165289256,2904,11469.0,263.0,2.293138,5453.0,47.54556
Normal_GCATGCGAGTGACATA-1,Normal,Normal,Normal,Illumina HiSeq 4000,2430,8155.0,3.3559670781893005,2430,8155.0,220.0,2.6977313,3581.0,43.91171
Normal_GCATGCGGTATCACCA-1,Normal,Normal,Normal,Illumina HiSeq 4000,2092,5192.0,2.4818355640535374,2092,5192.0,56.0,1.0785824,1864.0,35.901386
Normal_GCATGCGTCGCATGGC-1,Normal,Normal,Normal,Illumina HiSeq 4000,2459,8376.0,3.406262708418056,2459,8376.0,150.0,1.7908309,3522.0,42.04871
Normal_GCATGCGTCGTTACAG-1,Normal,Normal,Normal,Illumina HiSeq 4000,2367,8825.0,3.728348119983101,2367,8825.0,191.0,2.164306,4281.0,48.509914
Normal_GCATGTAAGACCCACC-1,Normal,Normal,Normal,Illumina HiSeq 4000,3861,14646.0,3.7933177933177933,3861,14646.0,457.0,3.120306,4884.0,33.34699
Normal_GCATGTAAGCCCTAAT-1,Normal,Normal,Normal,Illumina HiSeq 4000,2159,7697.0,3.5650764242704955,2159,7697.0,175.0,2.273613,3625.0,47.09627
Normal_GCATGTAAGTGGTCCC-1,Normal,Normal,Normal,Illumina HiSeq 4000,2658,5314.0,1.999247554552295,2658,5314.0,395.0,7.4331956,563.0,10.594656
Normal_GCATGTACACGAGAGT-1,Normal,Normal,Normal,Illumina HiSeq 4000,2103,6702.0,3.186875891583452,2103,6702.0,135.0,2.0143242,2909.0,43.404953
Normal_GCATGTAGTACAGACG-1,Normal,Normal,Normal,Illumina HiSeq 4000,2550,9397.0,3.6850980392156862,2550,9397.0,159.0,1.6920295,4492.0,47.80249
Normal_GCATGTAGTTACGACT-1,Normal,Normal,Normal,Illumina HiSeq 4000,2472,8394.0,3.395631067961165,2472,8394.0,180.0,2.144389,3625.0,43.185608
Normal_GCCAAATGTGGACGAT-1,Normal,Normal,Normal,Illumina HiSeq 4000,1995,6921.0,3.469172932330827,1995,6921.0,169.0,2.4418435,3102.0,44.82011
Normal_GCGACCAGTAAATACG-1,Normal,Normal,Normal,Illumina HiSeq 4000,2422,9241.0,3.815441783649876,2422,9241.0,178.0,1.9261984,4341.0,46.975437
Normal_GCGAGAACATGGTCAT-1,Normal,Normal,Normal,Illumina HiSeq 4000,2568,9188.0,3.5778816199376946,2568,9188.0,197.0,2.1441011,4070.0,44.29691
Normal_GCGCAACAGACTGGGT-1,Normal,Normal,Normal,Illumina HiSeq 4000,3589,16785.0,4.67679019225411,3589,16785.0,436.0,2.5975573,7972.0,47.494785
Normal_GCGCAACCAATGCCAT-1,Normal,Normal,Normal,Illumina HiSeq 4000,2649,11674.0,4.406946017365043,2649,11674.0,244.0,2.0901148,6111.0,52.347095
Normal_GCGCAGTAGATCCCGC-1,Normal,Normal,Normal,Illumina HiSeq 4000,2334,9966.0,4.269922879177378,2334,9966.0,208.0,2.0870962,5005.0,50.220753
Normal_GCGCCAAAGAAGATTC-1,Normal,Normal,Normal,Illumina HiSeq 4000,1500,4567.0,3.0446666666666666,1500,4567.0,122.0,2.6713378,2058.0,45.062405
Normal_GCGCCAAGTAGGAGTC-1,Normal,Normal,Normal,Illumina HiSeq 4000,2652,11582.0,4.367269984917043,2652,11582.0,213.0,1.8390605,5893.0,50.880676
Normal_GCGCCAATCTTTAGTC-1,Normal,Normal,Normal,Illumina HiSeq 4000,2625,8340.0,3.177142857142857,2625,8340.0,140.0,1.6786572,3210.0,38.48921
Normal_GCGCGATGTATAAACG-1,Normal,Normal,Normal,Illumina HiSeq 4000,1263,3283.0,2.599366587490103,1263,3283.0,189.0,5.7569294,1353.0,41.212307
Normal_GCGGGTTAGGTGCAAC-1,Normal,Normal,Normal,Illumina HiSeq 4000,1670,5863.0,3.5107784431137725,1670,5863.0,176.0,3.001876,3001.0,51.1854
Normal_GCTCCTAGTGTGGCTC-1,Normal,Normal,Normal,Illumina HiSeq 4000,2314,8607.0,3.719533275713051,2314,8607.0,142.0,1.6498199,4224.0,49.076332
Normal_GCTCTGTGTTACGGAG-1,Normal,Normal,Normal,Illumina HiSeq 4000,1426,3009.0,2.1100981767180924,1426,3009.0,69.0,2.2931206,780.0,25.922234
Normal_GGAAAGCAGAGAACAG-1,Normal,Normal,Normal,Illumina HiSeq 4000,1771,5058.0,2.8560135516657255,1771,5058.0,166.0,3.2819297,2152.0,42.54646
Normal_GGAAAGCAGATGGGTC-1,Normal,Normal,Normal,Illumina HiSeq 4000,2731,11024.0,4.036616623947272,2731,11024.0,220.0,1.9956459,5247.0,47.596153
Normal_GGAACTTAGCCACCTG-1,Normal,Normal,Normal,Illumina HiSeq 4000,2623,11234.0,4.282882195958826,2623,11234.0,352.0,3.1333451,5251.0,46.742035
Normal_GGAACTTGTCAGAATA-1,Normal,Normal,Normal,Illumina HiSeq 4000,3120,12420.0,3.980769230769231,3120,12420.0,272.0,2.190016,5596.0,45.056362
Normal_GGAACTTTCTGAGTGT-1,Normal,Normal,Normal,Illumina HiSeq 4000,1744,3691.0,2.1163990825688073,1744,3691.0,59.0,1.5984827,950.0,25.738281
Normal_GGAATAAAGGTAGCTG-1,Normal,Normal,Normal,Illumina HiSeq 4000,2377,9013.0,3.7917543121581825,2377,9013.0,190.0,2.108066,4279.0,47.47587
Normal_GGAATAAAGTTATCGC-1,Normal,Normal,Normal,Illumina HiSeq 4000,2759,9999.0,3.6241391808626315,2759,9999.0,182.0,1.8201821,4355.0,43.554356
Normal_GGAATAAGTCCAGTTA-1,Normal,Normal,Normal,Illumina HiSeq 4000,274,507.0,1.8503649635036497,274,507.0,171.0,33.72781,9.0,1.7751479
Normal_GGACAAGCACCACGTG-1,Normal,Normal,Normal,Illumina HiSeq 4000,2392,8989.0,3.757943143812709,2392,8989.0,236.0,2.625431,4393.0,48.870842
Normal_GGACAAGTCTTTAGGG-1,Normal,Normal,Normal,Illumina HiSeq 4000,2665,11609.0,4.35609756097561,2665,11609.0,200.0,1.7228013,5765.0,49.659748
Normal_GGACATTAGCCAGAAC-1,Normal,Normal,Normal,Illumina HiSeq 4000,2240,8339.0,3.7227678571428573,2240,8339.0,171.0,2.0506055,3977.0,47.69157
Normal_GGACATTGTAGCTGCC-1,Normal,Normal,Normal,Illumina HiSeq 4000,1981,6425.0,3.243311458859162,1981,6425.0,146.0,2.2723737,2719.0,42.319065
Normal_GGACATTTCAGTTAGC-1,Normal,Normal,Normal,Illumina HiSeq 4000,4636,24697.0,5.327221742881795,4636,24697.0,533.0,2.1581569,10810.0,43.770496
Normal_GGACATTTCGTCACGG-1,Normal,Normal,Normal,Illumina HiSeq 4000,2574,9751.0,3.788267288267288,2574,9751.0,168.0,1.7229002,4537.0,46.52856
Normal_GGAGCAAAGACTACAA-1,Normal,Normal,Normal,Illumina HiSeq 4000,1881,4797.0,2.550239234449761,1881,4797.0,66.0,1.3758599,1371.0,28.580362
Normal_GGAGCAAGTATCTGCA-1,Normal,Normal,Normal,Illumina HiSeq 4000,1644,3577.0,2.1757907542579074,1644,3577.0,105.0,2.9354208,915.0,25.580097
Normal_GGAGCAATCTGCTGTC-1,Normal,Normal,Normal,Illumina HiSeq 4000,2457,8669.0,3.5282865282865283,2457,8669.0,223.0,2.5723844,3941.0,45.46084
Normal_GGATGTTCAAGCGTAG-1,Normal,Normal,Normal,Illumina HiSeq 4000,3519,15613.0,4.436771810173345,3519,15613.0,327.0,2.0944085,7431.0,47.59495
Normal_GGATGTTCAATGGTCT-1,Normal,Normal,Normal,Illumina HiSeq 4000,2473,8569.0,3.4650222401940964,2473,8569.0,172.0,2.0072353,3701.0,43.19057
Normal_GGATGTTTCTTATCTG-1,Normal,Normal,Normal,Illumina HiSeq 4000,2252,7871.0,3.4951154529307282,2252,7871.0,143.0,1.8167958,3254.0,41.341633
Normal_GGCAATTGTAAATGTG-1,Normal,Normal,Normal,Illumina HiSeq 4000,2131,7257.0,3.4054434537775693,2131,7257.0,145.0,1.9980708,3295.0,45.404438
Normal_GGCAATTGTTAGTGGG-1,Normal,Normal,Normal,Illumina HiSeq 4000,3167,14589.0,4.606567729712662,3167,14589.0,374.0,2.5635753,7473.0,51.223522
Normal_GGCGACTAGCTCCCAG-1,Normal,Normal,Normal,Illumina HiSeq 4000,2714,11734.0,4.323507737656596,2714,11734.0,264.0,2.2498722,5886.0,50.161922
Normal_GGCGACTAGTTCGATC-1,Normal,Normal,Normal,Illumina HiSeq 4000,2241,8451.0,3.7710843373493974,2241,8451.0,156.0,1.8459353,4278.0,50.62123
Normal_GGCGACTCATGATCCA-1,Normal,Normal,Normal,Illumina HiSeq 4000,576,782.0,1.3576388888888888,576,782.0,50.0,6.393862,104.0,13.2992325
Normal_GGCGACTGTTCCACAA-1,Normal,Normal,Normal,Illumina HiSeq 4000,2147,6500.0,3.0274802049371217,2147,6500.0,127.0,1.9538462,2738.0,42.123077
Normal_GGCGTGTCATATACCG-1,Normal,Normal,Normal,Illumina HiSeq 4000,1931,6334.0,3.2801657172449508,1931,6334.0,107.0,1.6892959,2755.0,43.495422
Normal_GGCTCGAAGTGATCGG-1,Normal,Normal,Normal,Illumina HiSeq 4000,2004,7014.0,3.5,2004,7014.0,285.0,4.063302,3210.0,45.76561
Normal_GGCTCGAGTGGCGAAT-1,Normal,Normal,Normal,Illumina HiSeq 4000,2691,10948.0,4.068376068376068,2691,10948.0,187.0,1.7080745,5371.0,49.05919
Normal_GGCTCGATCAAGGTAA-1,Normal,Normal,Normal,Illumina HiSeq 4000,2379,8874.0,3.730138713745271,2379,8874.0,197.0,2.2199686,4188.0,47.19405
Normal_GGCTCGATCACAAACC-1,Normal,Normal,Normal,Illumina HiSeq 4000,3058,12214.0,3.9941137998691953,3058,12214.0,299.0,2.4480104,5644.0,46.209267
Normal_GGCTGGTGTGCGCTTG-1,Normal,Normal,Normal,Illumina HiSeq 4000,2424,8786.0,3.6245874587458746,2424,8786.0,191.0,2.173913,4143.0,47.154564
Normal_GGGACCTCATCGGAAG-1,Normal,Normal,Normal,Illumina HiSeq 4000,1776,5751.0,3.238175675675676,1776,5751.0,125.0,2.1735349,2748.0,47.782993
Normal_GGGACCTGTTAAAGAC-1,Normal,Normal,Normal,Illumina HiSeq 4000,1976,7802.0,3.9483805668016196,1976,7802.0,153.0,1.9610356,3994.0,51.192005
Normal_GGGAGATAGTGCCAGA-1,Normal,Normal,Normal,Illumina HiSeq 4000,1972,6671.0,3.382860040567951,1972,6671.0,204.0,3.0580122,3019.0,45.255585
Normal_GGGATGAGTAAAGTCA-1,Normal,Normal,Normal,Illumina HiSeq 4000,2882,11366.0,3.943789035392089,2882,11366.0,221.0,1.9443955,5469.0,48.11719
Normal_GGGATGATCAGCCTAA-1,Normal,Normal,Normal,Illumina HiSeq 4000,3614,15396.0,4.260099612617598,3614,15396.0,246.0,1.5978177,6623.0,43.017666
Normal_GGGCACTAGTCTTGCA-1,Normal,Normal,Normal,Illumina HiSeq 4000,2260,8587.0,3.799557522123894,2260,8587.0,203.0,2.3640387,4107.0,47.82811
Normal_GGGCATCAGGAGTAGA-1,Normal,Normal,Normal,Illumina HiSeq 4000,3402,13840.0,4.06819517930629,3402,13840.0,244.0,1.7630057,6171.0,44.58815
Normal_GGGCATCAGGTGCAAC-1,Normal,Normal,Normal,Illumina HiSeq 4000,829,2173.0,2.621230398069964,829,2173.0,67.0,3.083295,837.0,38.518177
Normal_GGGCATCTCTCGAGTA-1,Normal,Normal,Normal,Illumina HiSeq 4000,3113,11893.0,3.820430452939287,3113,11893.0,235.0,1.9759523,5014.0,42.159252
Normal_GGGCATCTCTGCGGCA-1,Normal,Normal,Normal,Illumina HiSeq 4000,3755,14968.0,3.986151797603196,3755,14968.0,296.0,1.977552,6011.0,40.159004
Normal_GGGTCTGAGCACACAG-1,Normal,Normal,Normal,Illumina HiSeq 4000,3058,12826.0,4.194244604316546,3058,12826.0,337.0,2.6274753,6509.0,50.748478
Normal_GGGTCTGAGCGATCCC-1,Normal,Normal,Normal,Illumina HiSeq 4000,1960,7628.0,3.8918367346938774,1960,7628.0,190.0,2.4908233,3984.0,52.22863
Normal_GGGTCTGTCTCTGTCG-1,Normal,Normal,Normal,Illumina HiSeq 4000,4440,19504.0,4.392792792792793,4440,19504.0,881.0,4.517022,6482.0,33.234207
Normal_GGTATTGAGGTCGGAT-1,Normal,Normal,Normal,Illumina HiSeq 4000,1831,6008.0,3.2812670671764064,1831,6008.0,159.0,2.6464713,2956.0,49.201065
Normal_GGTATTGAGTGCCAGA-1,Normal,Normal,Normal,Illumina HiSeq 4000,2647,10091.0,3.8122402720060444,2647,10091.0,264.0,2.6161926,4637.0,45.951836
Normal_GGTATTGCATGAAGTA-1,Normal,Normal,Normal,Illumina HiSeq 4000,3558,15868.0,4.459808881394042,3558,15868.0,385.0,2.4262667,7349.0,46.313335
Normal_GGTATTGGTAACGTTC-1,Normal,Normal,Normal,Illumina HiSeq 4000,2911,10823.0,3.7179663345929232,2911,10823.0,286.0,2.6425204,4850.0,44.811977
Normal_GGTATTGGTGGCCCTA-1,Normal,Normal,Normal,Illumina HiSeq 4000,2518,9532.0,3.7855440826052424,2518,9532.0,300.0,3.1472933,4321.0,45.331512
Normal_GGTATTGGTGGTCTCG-1,Normal,Normal,Normal,Illumina HiSeq 4000,2336,7634.0,3.2679794520547945,2336,7634.0,165.0,2.1613832,3378.0,44.24941
Normal_GGTATTGGTTACGCGC-1,Normal,Normal,Normal,Illumina HiSeq 4000,1719,5771.0,3.3571844095404306,1719,5771.0,111.0,1.9234102,2748.0,47.617397
Normal_GGTATTGGTTTAAGCC-1,Normal,Normal,Normal,Illumina HiSeq 4000,849,1980.0,2.3321554770318023,849,1980.0,141.0,7.121212,584.0,29.49495
Normal_GGTGAAGAGTACGTAA-1,Normal,Normal,Normal,Illumina HiSeq 4000,2304,8330.0,3.615451388888889,2304,8330.0,179.0,2.1488595,3814.0,45.786316
Normal_GGTGAAGCAAGCTGGA-1,Normal,Normal,Normal,Illumina HiSeq 4000,2788,10215.0,3.663916786226686,2788,10215.0,174.0,1.7033775,4458.0,43.641705
Normal_GGTGTTATCGTTTATC-1,Normal,Normal,Normal,Illumina HiSeq 4000,3047,11260.0,3.695438135871349,3047,11260.0,187.0,1.660746,4741.0,42.104797
Normal_GTAACTGTCCGCGTTT-1,Normal,Normal,Normal,Illumina HiSeq 4000,1641,4874.0,2.9701401584399756,1641,4874.0,115.0,2.3594584,2202.0,45.178497
Normal_GTACGTAGTATATCCG-1,Normal,Normal,Normal,Illumina HiSeq 4000,3757,16080.0,4.280010646792654,3757,16080.0,434.0,2.6990051,6806.0,42.32587
Normal_GTACTCCAGTACGTTC-1,Normal,Normal,Normal,Illumina HiSeq 4000,2896,10491.0,3.622582872928177,2896,10491.0,329.0,3.1360214,4590.0,43.75179
Normal_GTACTCCGTGTTGGGA-1,Normal,Normal,Normal,Illumina HiSeq 4000,1309,2351.0,1.7960275019098548,1309,2351.0,45.0,1.9140791,519.0,22.075712
Normal_GTACTCCGTTCTGAAC-1,Normal,Normal,Normal,Illumina HiSeq 4000,3315,13092.0,3.949321266968326,3315,13092.0,324.0,2.474794,5749.0,43.91231
Normal_GTACTTTTCTGAAAGA-1,Normal,Normal,Normal,Illumina HiSeq 4000,3538,15284.0,4.319954776710006,3538,15284.0,333.0,2.178749,5781.0,37.823868
Normal_GTATCTTAGCAGGCTA-1,Normal,Normal,Normal,Illumina HiSeq 4000,1999,6966.0,3.4847423711855927,1999,6966.0,108.0,1.5503876,3217.0,46.181454
Normal_GTATCTTCAAGCCTAT-1,Normal,Normal,Normal,Illumina HiSeq 4000,2229,8254.0,3.7030058322117543,2229,8254.0,220.0,2.6653745,3726.0,45.14175
Normal_GTATCTTCATCCGTGG-1,Normal,Normal,Normal,Illumina HiSeq 4000,2673,9798.0,3.665544332210999,2673,9798.0,243.0,2.480098,4520.0,46.131863
Normal_GTATTCTAGGATGTAT-1,Normal,Normal,Normal,Illumina HiSeq 4000,3320,10736.0,3.233734939759036,3320,10736.0,287.0,2.673249,3492.0,32.52608
Normal_GTATTCTGTAACGCGA-1,Normal,Normal,Normal,Illumina HiSeq 4000,2173,8716.0,4.011044638748274,2173,8716.0,176.0,2.019275,4199.0,48.17577
Normal_GTATTCTGTGAAAGAG-1,Normal,Normal,Normal,Illumina HiSeq 4000,4394,18038.0,4.105143377332727,4394,18038.0,542.0,3.0047677,5724.0,31.73301
Normal_GTCAAGTAGTGTACGG-1,Normal,Normal,Normal,Illumina HiSeq 4000,2904,10359.0,3.5671487603305785,2904,10359.0,207.0,1.9982623,4617.0,44.56994
Normal_GTCAAGTCACCAGTTA-1,Normal,Normal,Normal,Illumina HiSeq 4000,1361,5954.0,4.374724467303453,1361,5954.0,82.0,1.3772254,3319.0,55.74404
Normal_GTCAAGTTCGGCGGTT-1,Normal,Normal,Normal,Illumina HiSeq 4000,2185,8899.0,4.072768878718535,2185,8899.0,168.0,1.8878525,4438.0,49.87077
Normal_GTCACAAAGCCAGTTT-1,Normal,Normal,Normal,Illumina HiSeq 4000,1933,7047.0,3.645628556647698,1933,7047.0,116.0,1.6460905,3403.0,48.290054
Normal_GTCACGGAGTCAATAG-1,Normal,Normal,Normal,Illumina HiSeq 4000,2275,8181.0,3.596043956043956,2275,8181.0,163.0,1.9924214,3607.0,44.089966
Normal_GTCACGGAGTTGAGAT-1,Normal,Normal,Normal,Illumina HiSeq 4000,2789,11342.0,4.066690570096809,2789,11342.0,297.0,2.6185858,5187.0,45.732674
Normal_GTCACGGTCATGGTCA-1,Normal,Normal,Normal,Illumina HiSeq 4000,2062,7562.0,3.667313288069835,2062,7562.0,149.0,1.9703782,3784.0,50.039673
Normal_GTCACGGTCGATCCCT-1,Normal,Normal,Normal,Illumina HiSeq 4000,2794,11584.0,4.146027201145311,2794,11584.0,282.0,2.4343922,5940.0,51.277626
Normal_GTCATTTGTCTCAACA-1,Normal,Normal,Normal,Illumina HiSeq 4000,2608,10021.0,3.8424079754601226,2608,10021.0,144.0,1.4369823,4818.0,48.079033
Normal_GTCCTCAGTCTAGCGC-1,Normal,Normal,Normal,Illumina HiSeq 4000,1561,3247.0,2.080076873798847,1561,3247.0,164.0,5.050816,939.0,28.919003
Normal_GTCGGGTCAGGCAGTA-1,Normal,Normal,Normal,Illumina HiSeq 4000,1777,6240.0,3.5115362971299944,1777,6240.0,75.0,1.2019231,2992.0,47.94872
Normal_GTCGGGTGTTGCGTTA-1,Normal,Normal,Normal,Illumina HiSeq 4000,1919,4521.0,2.355914538822303,1919,4521.0,127.0,2.809113,1462.0,32.33798
Normal_GTCGTAAAGCTTTGGT-1,Normal,Normal,Normal,Illumina HiSeq 4000,2008,7241.0,3.606075697211155,2008,7241.0,126.0,1.7400911,3486.0,48.14252
Normal_GTCGTAAAGGGATACC-1,Normal,Normal,Normal,Illumina HiSeq 4000,3425,15621.0,4.5608759124087594,3425,15621.0,277.0,1.773254,7153.0,45.790924
Normal_GTCGTAAAGTGCCATT-1,Normal,Normal,Normal,Illumina HiSeq 4000,1275,2886.0,2.263529411764706,1275,2886.0,151.0,5.2321553,904.0,31.323633
Normal_GTCGTAATCTTCTGGC-1,Normal,Normal,Normal,Illumina HiSeq 4000,3948,15176.0,3.8439716312056738,3948,15176.0,367.0,2.418292,5481.0,36.116238
Normal_GTCGTAATCTTGTCAT-1,Normal,Normal,Normal,Illumina HiSeq 4000,3723,14884.0,3.9978511952726294,3723,14884.0,341.0,2.2910507,6382.0,42.878258
Normal_GTGCAGCAGATGAGAG-1,Normal,Normal,Normal,Illumina HiSeq 4000,1576,6550.0,4.156091370558376,1576,6550.0,127.0,1.9389312,3670.0,56.030537
Normal_GTGCAGCAGTGGAGTC-1,Normal,Normal,Normal,Illumina HiSeq 4000,2154,8065.0,3.744196843082637,2154,8065.0,108.0,1.3391197,3795.0,47.055176
Normal_GTGCAGCCATGTTGAC-1,Normal,Normal,Normal,Illumina HiSeq 4000,5095,28250.0,5.544651619234544,5095,28250.0,949.0,3.359292,11272.0,39.900883
Normal_GTGCATAAGAGAGCTC-1,Normal,Normal,Normal,Illumina HiSeq 4000,2457,10057.0,4.093203093203093,2457,10057.0,224.0,2.2273042,5131.0,51.01919
Normal_GTGCATAAGCTGCAAG-1,Normal,Normal,Normal,Illumina HiSeq 4000,1421,4151.0,2.9211822660098523,1421,4151.0,101.0,2.4331486,1750.0,42.158516
Normal_GTGCATACAATAGCGG-1,Normal,Normal,Normal,Illumina HiSeq 4000,2406,8984.0,3.7339983374896093,2406,8984.0,178.0,1.9813001,4246.0,47.2618
Normal_GTGCGGTCACAAGACG-1,Normal,Normal,Normal,Illumina HiSeq 4000,1915,7596.0,3.966579634464752,1915,7596.0,154.0,2.0273829,3938.0,51.84308
Normal_GTGCTTCCACGGACAA-1,Normal,Normal,Normal,Illumina HiSeq 4000,2968,11375.0,3.832547169811321,2968,11375.0,301.0,2.6461537,5300.0,46.593407
Normal_GTGCTTCTCATCACCC-1,Normal,Normal,Normal,Illumina HiSeq 4000,1931,6252.0,3.2377006732263074,1931,6252.0,77.0,1.2316059,2993.0,47.87268
Normal_GTGCTTCTCCCAACGG-1,Normal,Normal,Normal,Illumina HiSeq 4000,2434,9262.0,3.8052588331963846,2434,9262.0,167.0,1.8030663,4329.0,46.739365
Normal_GTGGGTCCATGTAAGA-1,Normal,Normal,Normal,Illumina HiSeq 4000,2315,9384.0,4.053563714902808,2315,9384.0,248.0,2.6427963,4666.0,49.722935
Normal_GTGTGCGAGGTGCTAG-1,Normal,Normal,Normal,Illumina HiSeq 4000,1954,7172.0,3.670419651995906,1954,7172.0,162.0,2.258784,3500.0,48.80089
Normal_GTGTGCGGTTACCAGT-1,Normal,Normal,Normal,Illumina HiSeq 4000,2389,8476.0,3.5479280033486815,2389,8476.0,147.0,1.7343087,3827.0,45.151016
Normal_GTTAAGCCACAGTCGC-1,Normal,Normal,Normal,Illumina HiSeq 4000,1797,6977.0,3.882582081246522,1797,6977.0,169.0,2.4222445,3445.0,49.376522
Normal_GTTACAGAGCACGCCT-1,Normal,Normal,Normal,Illumina HiSeq 4000,2620,10116.0,3.8610687022900763,2620,10116.0,178.0,1.7595887,4833.0,47.775803
Normal_GTTACAGCACTCAGGC-1,Normal,Normal,Normal,Illumina HiSeq 4000,2308,8975.0,3.8886481802426345,2308,8975.0,144.0,1.6044568,4256.0,47.420612
Normal_GTTACAGGTTGGAGGT-1,Normal,Normal,Normal,Illumina HiSeq 4000,1719,5803.0,3.3757998836532868,1719,5803.0,119.0,2.0506635,2750.0,47.389282
Normal_GTTACAGTCAAAGACA-1,Normal,Normal,Normal,Illumina HiSeq 4000,3649,14813.0,4.059468347492464,3649,14813.0,359.0,2.4235468,6283.0,42.415447
Normal_GTTACAGTCGTAGGAG-1,Normal,Normal,Normal,Illumina HiSeq 4000,2999,14981.0,4.995331777259087,2999,14981.0,367.0,2.4497697,7630.0,50.93118
Normal_GTTCATTAGAGTAATC-1,Normal,Normal,Normal,Illumina HiSeq 4000,2398,7949.0,3.3148457047539615,2398,7949.0,151.0,1.89961,3616.0,45.489998
Normal_GTTCGGGCACGTCTCT-1,Normal,Normal,Normal,Illumina HiSeq 4000,2759,10503.0,3.8068140630663283,2759,10503.0,216.0,2.0565553,4557.0,43.387604
Normal_GTTCTCGAGATGCCTT-1,Normal,Normal,Normal,Illumina HiSeq 4000,2258,7915.0,3.505314437555359,2258,7915.0,146.0,1.8445989,3641.0,46.001263
Normal_GTTCTCGAGTGAATTG-1,Normal,Normal,Normal,Illumina HiSeq 4000,1709,5115.0,2.9929783499122293,1709,5115.0,163.0,3.1867056,2159.0,42.20919
Normal_GTTCTCGGTGCTCTTC-1,Normal,Normal,Normal,Illumina HiSeq 4000,2476,10260.0,4.143780290791599,2476,10260.0,184.0,1.7933723,5087.0,49.580894
Normal_TAAGAGAAGTTTGCGT-1,Normal,Normal,Normal,Illumina HiSeq 4000,2374,8234.0,3.468407750631845,2374,8234.0,214.0,2.59898,3768.0,45.76148
Normal_TAAGAGATCCGCGCAA-1,Normal,Normal,Normal,Illumina HiSeq 4000,4480,21267.0,4.747098214285714,4480,21267.0,533.0,2.5062304,8432.0,39.64828
Normal_TAAGCGTTCTGCAAGT-1,Normal,Normal,Normal,Illumina HiSeq 4000,1252,3337.0,2.665335463258786,1252,3337.0,44.0,1.3185495,1543.0,46.239136
Normal_TAAGTGCTCCCTTGTG-1,Normal,Normal,Normal,Illumina HiSeq 4000,2327,9308.0,4.0,2327,9308.0,210.0,2.2561238,4573.0,49.12978
Normal_TACAGTGCATCTCCCA-1,Normal,Normal,Normal,Illumina HiSeq 4000,2869,10675.0,3.7208086441268735,2869,10675.0,256.0,2.3981264,4787.0,44.843094
Normal_TACCTATCAAATACAG-1,Normal,Normal,Normal,Illumina HiSeq 4000,912,2401.0,2.6326754385964914,912,2401.0,39.0,1.6243232,1127.0,46.938778
Normal_TACCTATTCACAATGC-1,Normal,Normal,Normal,Illumina HiSeq 4000,2567,10034.0,3.9088430074016363,2567,10034.0,220.0,2.1925454,4794.0,47.777557
Normal_TACCTTAGTCTCTTTA-1,Normal,Normal,Normal,Illumina HiSeq 4000,2736,8530.0,3.117690058479532,2736,8530.0,105.0,1.2309496,2951.0,34.595547
Normal_TACCTTAGTGTTTGGT-1,Normal,Normal,Normal,Illumina HiSeq 4000,1923,6455.0,3.356734269370775,1923,6455.0,137.0,2.1223857,2749.0,42.587143
Normal_TACGGGCAGTAGGCCA-1,Normal,Normal,Normal,Illumina HiSeq 4000,2043,5472.0,2.6784140969162995,2043,5472.0,210.0,3.8377192,1932.0,35.30702
Normal_TACGGGCCATGGTCAT-1,Normal,Normal,Normal,Illumina HiSeq 4000,2763,8698.0,3.1480275063336953,2763,8698.0,223.0,2.5638077,2999.0,34.47919
Normal_TACGGGCGTAAGGATT-1,Normal,Normal,Normal,Illumina HiSeq 4000,2361,9574.0,4.055061414654808,2361,9574.0,178.0,1.859202,4701.0,49.101734
Normal_TACGGTAAGTGGTCCC-1,Normal,Normal,Normal,Illumina HiSeq 4000,1522,5397.0,3.5459921156373193,1522,5397.0,90.0,1.667593,2751.0,50.97276
Normal_TACGGTACAAGCCGTC-1,Normal,Normal,Normal,Illumina HiSeq 4000,2469,8864.0,3.5901174564601055,2469,8864.0,237.0,2.6737363,4022.0,45.37455
Normal_TACGGTATCCGTTGCT-1,Normal,Normal,Normal,Illumina HiSeq 4000,2949,11468.0,3.8887758562224484,2949,11468.0,297.0,2.5898151,5311.0,46.311478
Normal_TACGGTATCGCGTAGC-1,Normal,Normal,Normal,Illumina HiSeq 4000,2129,7397.0,3.4744011272898074,2129,7397.0,132.0,1.7845072,3293.0,44.518047
Normal_TACGGTATCTATCCTA-1,Normal,Normal,Normal,Illumina HiSeq 4000,1701,5870.0,3.4509112286890065,1701,5870.0,83.0,1.4139693,2719.0,46.32027
Normal_TACTCATAGATCCCAT-1,Normal,Normal,Normal,Illumina HiSeq 4000,2473,8937.0,3.6138293570562072,2473,8937.0,219.0,2.450487,4094.0,45.809555
Normal_TACTCATGTGTCAATC-1,Normal,Normal,Normal,Illumina HiSeq 4000,2511,8450.0,3.365193150139387,2511,8450.0,174.0,2.0591714,3662.0,43.33728
Normal_TACTCATGTTAGTGGG-1,Normal,Normal,Normal,Illumina HiSeq 4000,2674,11033.0,4.126028421839941,2674,11033.0,189.0,1.7130427,5475.0,49.623856
Normal_TACTTACAGCTGTTCA-1,Normal,Normal,Normal,Illumina HiSeq 4000,2038,7473.0,3.666830225711482,2038,7473.0,140.0,1.8734108,3594.0,48.093136
Normal_TACTTACAGTACTTGC-1,Normal,Normal,Normal,Illumina HiSeq 4000,2198,7784.0,3.5414012738853504,2198,7784.0,102.0,1.3103802,3511.0,45.105343
Normal_TACTTACCAGACGCTC-1,Normal,Normal,Normal,Illumina HiSeq 4000,2328,8547.0,3.6713917525773194,2328,8547.0,177.0,2.070902,3688.0,43.149643
Normal_TACTTACTCATTATCC-1,Normal,Normal,Normal,Illumina HiSeq 4000,3255,13362.0,4.105069124423963,3255,13362.0,205.0,1.5342015,6112.0,45.741657
Normal_TACTTACTCGCTTAGA-1,Normal,Normal,Normal,Illumina HiSeq 4000,2355,8454.0,3.5898089171974523,2355,8454.0,140.0,1.6560208,4177.0,49.408566
Normal_TACTTGTGTTAAAGAC-1,Normal,Normal,Normal,Illumina HiSeq 4000,3219,13089.0,4.066169617893756,3219,13089.0,202.0,1.5432806,5678.0,43.37994
Normal_TAGACCATCCAGATCA-1,Normal,Normal,Normal,Illumina HiSeq 4000,2687,10993.0,4.091179754372907,2687,10993.0,222.0,2.019467,5162.0,46.957153
Normal_TAGACCATCTGGTGTA-1,Normal,Normal,Normal,Illumina HiSeq 4000,2609,8500.0,3.257953238788808,2609,8500.0,211.0,2.482353,3417.0,40.2
Normal_TAGGCATCAGCTGTGC-1,Normal,Normal,Normal,Illumina HiSeq 4000,3465,12944.0,3.7356421356421357,3465,12944.0,266.0,2.055006,5135.0,39.67089
Normal_TAGTTGGAGAGTAATC-1,Normal,Normal,Normal,Illumina HiSeq 4000,3376,14749.0,4.368779620853081,3376,14749.0,350.0,2.3730423,6915.0,46.884533
Normal_TAGTTGGAGCTAAGAT-1,Normal,Normal,Normal,Illumina HiSeq 4000,1071,1862.0,1.738562091503268,1071,1862.0,137.0,7.35768,219.0,11.761547
Normal_TAGTTGGCACCAGCAC-1,Normal,Normal,Normal,Illumina HiSeq 4000,2820,11005.0,3.902482269503546,2820,11005.0,250.0,2.2716947,5008.0,45.506588
Normal_TAGTTGGCACTGTGTA-1,Normal,Normal,Normal,Illumina HiSeq 4000,2185,9083.0,4.156979405034325,2185,9083.0,205.0,2.2569635,4608.0,50.732136
Normal_TAGTTGGGTTAAAGTG-1,Normal,Normal,Normal,Illumina HiSeq 4000,1674,3982.0,2.3787335722819596,1674,3982.0,118.0,2.963335,1342.0,33.70166
Normal_TAGTTGGTCTCTAGGA-1,Normal,Normal,Normal,Illumina HiSeq 4000,2162,8472.0,3.9185938945420906,2162,8472.0,128.0,1.5108593,4238.0,50.02361
Normal_TATCAGGAGCCCTAAT-1,Normal,Normal,Normal,Illumina HiSeq 4000,2096,7701.0,3.674141221374046,2096,7701.0,128.0,1.6621218,3725.0,48.370342
Normal_TATCAGGGTCTAGTCA-1,Normal,Normal,Normal,Illumina HiSeq 4000,2727,9831.0,3.605060506050605,2727,9831.0,162.0,1.6478486,4165.0,42.365986
Normal_TATCAGGGTGCAACTT-1,Normal,Normal,Normal,Illumina HiSeq 4000,2169,8376.0,3.8616874135546335,2169,8376.0,154.0,1.8385864,4023.0,48.030087
Normal_TATCAGGTCTCCTATA-1,Normal,Normal,Normal,Illumina HiSeq 4000,2438,7677.0,3.1488925348646433,2438,7677.0,178.0,2.318614,2980.0,38.81725
Normal_TATCTCACAAGTAGTA-1,Normal,Normal,Normal,Illumina HiSeq 4000,1925,5412.0,2.8114285714285714,1925,5412.0,190.0,3.510717,2033.0,37.56467
Normal_TATCTCACAGAGCCAA-1,Normal,Normal,Normal,Illumina HiSeq 4000,3695,18982.0,5.137212449255751,3695,18982.0,470.0,2.4760299,9336.0,49.183437
Normal_TATCTCAGTCTTCAAG-1,Normal,Normal,Normal,Illumina HiSeq 4000,2142,6297.0,2.939775910364146,2142,6297.0,181.0,2.8743846,2267.0,36.00127
Normal_TATGCCCGTCCTCTTG-1,Normal,Normal,Normal,Illumina HiSeq 4000,2050,7411.0,3.6151219512195123,2050,7411.0,67.0,0.90406156,3430.0,46.282555
Normal_TATGCCCGTCGAACAG-1,Normal,Normal,Normal,Illumina HiSeq 4000,2580,10687.0,4.142248062015504,2580,10687.0,260.0,2.4328623,5414.0,50.65968
Normal_TATGCCCTCAGCTGGC-1,Normal,Normal,Normal,Illumina HiSeq 4000,1395,4555.0,3.2652329749103943,1395,4555.0,10.0,0.21953897,2210.0,48.518112
Normal_TATTACCTCACTCTTA-1,Normal,Normal,Normal,Illumina HiSeq 4000,2446,8633.0,3.5294358135731807,2446,8633.0,134.0,1.5521835,3955.0,45.81258
Normal_TATTACCTCCTAAGTG-1,Normal,Normal,Normal,Illumina HiSeq 4000,3367,14064.0,4.177012177012177,3367,14064.0,250.0,1.7775882,6289.0,44.717007
Normal_TCAATCTAGGAACTGC-1,Normal,Normal,Normal,Illumina HiSeq 4000,2698,8012.0,2.9696071163825057,2698,8012.0,301.0,3.7568648,3083.0,38.479782
Normal_TCACGAAAGCAATATG-1,Normal,Normal,Normal,Illumina HiSeq 4000,2656,9469.0,3.5651355421686746,2656,9469.0,228.0,2.4078572,4156.0,43.89059
Normal_TCACGAAAGCTGAACG-1,Normal,Normal,Normal,Illumina HiSeq 4000,1867,4429.0,2.3722549544724156,1867,4429.0,72.0,1.6256491,1293.0,29.19395
Normal_TCACGAAGTTGGGACA-1,Normal,Normal,Normal,Illumina HiSeq 4000,2099,8418.0,4.010481181515007,2099,8418.0,160.0,1.9006889,4309.0,51.18793
Normal_TCACGAATCTCCTATA-1,Normal,Normal,Normal,Illumina HiSeq 4000,2272,7764.0,3.4172535211267605,2272,7764.0,82.0,1.0561566,3499.0,45.06698
Normal_TCACGAATCTGGTTCC-1,Normal,Normal,Normal,Illumina HiSeq 4000,2613,8574.0,3.2812858783008036,2613,8574.0,182.0,2.1226964,3462.0,40.377888
Normal_TCAGATGTCGGAAACG-1,Normal,Normal,Normal,Illumina HiSeq 4000,1886,7745.0,4.106574761399788,1886,7745.0,158.0,2.0400257,3978.0,51.362167
Normal_TCAGCTCGTCGTGGCT-1,Normal,Normal,Normal,Illumina HiSeq 4000,2284,8332.0,3.647985989492119,2284,8332.0,198.0,2.3763802,3664.0,43.975037
Normal_TCAGGATAGAGCAATT-1,Normal,Normal,Normal,Illumina HiSeq 4000,2490,8730.0,3.5060240963855422,2490,8730.0,154.0,1.764032,4053.0,46.426117
Normal_TCAGGATAGGACCACA-1,Normal,Normal,Normal,Illumina HiSeq 4000,2232,8882.0,3.979390681003584,2232,8882.0,229.0,2.578248,4301.0,48.42378
Normal_TCAGGATCAAAGGAAG-1,Normal,Normal,Normal,Illumina HiSeq 4000,2035,7120.0,3.498771498771499,2035,7120.0,153.0,2.1488764,3245.0,45.575844
Normal_TCAGGATGTTCTGTTT-1,Normal,Normal,Normal,Illumina HiSeq 4000,1679,4487.0,2.6724240619416317,1679,4487.0,394.0,8.780923,1479.0,32.96189
Normal_TCAGGTACATCATCCC-1,Normal,Normal,Normal,Illumina HiSeq 4000,2482,8935.0,3.5999194198227236,2482,8935.0,164.0,1.8354784,3909.0,43.7493
Normal_TCATTACAGACAATAC-1,Normal,Normal,Normal,Illumina HiSeq 4000,2320,7710.0,3.3232758620689653,2320,7710.0,109.0,1.4137484,3330.0,43.190662
Normal_TCATTACCAGTGACAG-1,Normal,Normal,Normal,Illumina HiSeq 4000,2813,11874.0,4.221116246000711,2813,11874.0,259.0,2.1812363,5613.0,47.27135
Normal_TCATTACTCAAACGGG-1,Normal,Normal,Normal,Illumina HiSeq 4000,2053,6902.0,3.361909400876766,2053,6902.0,131.0,1.8980006,3128.0,45.320198
Normal_TCATTTGCAATGTAAG-1,Normal,Normal,Normal,Illumina HiSeq 4000,2780,11710.0,4.212230215827338,2780,11710.0,259.0,2.2117848,5581.0,47.66012
Normal_TCGAGGCAGATCGATA-1,Normal,Normal,Normal,Illumina HiSeq 4000,2477,11568.0,4.67016552280985,2477,11568.0,213.0,1.8412864,6134.0,53.025585
Normal_TCGAGGCTCAACGGCC-1,Normal,Normal,Normal,Illumina HiSeq 4000,2339,8725.0,3.7302265925609235,2339,8725.0,195.0,2.234957,4089.0,46.86533
Normal_TCGCGTTAGAGCTATA-1,Normal,Normal,Normal,Illumina HiSeq 4000,2766,10057.0,3.635936370209689,2766,10057.0,177.0,1.7599682,4429.0,44.03898
Normal_TCGCGTTCAAGCTGAG-1,Normal,Normal,Normal,Illumina HiSeq 4000,1449,3768.0,2.600414078674948,1449,3768.0,198.0,5.254777,1323.0,35.111465
Normal_TCGGGACAGAATGTTG-1,Normal,Normal,Normal,Illumina HiSeq 4000,3090,12470.0,4.035598705501618,3090,12470.0,229.0,1.8364074,5800.0,46.51163
Normal_TCGGTAACATGCGCAC-1,Normal,Normal,Normal,Illumina HiSeq 4000,1968,7879.0,4.003556910569106,1968,7879.0,140.0,1.7768751,3863.0,49.029064
Normal_TCGTACCAGGATTCGG-1,Normal,Normal,Normal,Illumina HiSeq 4000,2240,8370.0,3.736607142857143,2240,8370.0,152.0,1.8160095,4141.0,49.474316
Normal_TCGTACCAGTATCTCG-1,Normal,Normal,Normal,Illumina HiSeq 4000,2565,8437.0,3.289278752436647,2565,8437.0,215.0,2.548299,3687.0,43.700367
Normal_TCGTACCCAGTGACAG-1,Normal,Normal,Normal,Illumina HiSeq 4000,3257,12613.0,3.87258213079521,3257,12613.0,332.0,2.6322048,5425.0,43.01118
Normal_TCTATTGCAGTGGGAT-1,Normal,Normal,Normal,Illumina HiSeq 4000,2198,7306.0,3.3239308462238397,2198,7306.0,114.0,1.5603613,2954.0,40.43252
Normal_TCTATTGGTTTAAGCC-1,Normal,Normal,Normal,Illumina HiSeq 4000,2297,7286.0,3.1719634305616022,2297,7286.0,186.0,2.552841,2963.0,40.667034
Normal_TCTCATAAGTGTCCCG-1,Normal,Normal,Normal,Illumina HiSeq 4000,2250,7576.0,3.367111111111111,2250,7576.0,161.0,2.125132,3275.0,43.22862
Normal_TCTCATAGTGAGTATA-1,Normal,Normal,Normal,Illumina HiSeq 4000,2604,9975.0,3.8306451612903225,2604,9975.0,208.0,2.085213,4665.0,46.766914
Normal_TCTCATAGTTATTCTC-1,Normal,Normal,Normal,Illumina HiSeq 4000,2709,6392.0,2.3595422665190107,2709,6392.0,183.0,2.8629537,1648.0,25.782227
Normal_TCTGAGATCCGTAGTA-1,Normal,Normal,Normal,Illumina HiSeq 4000,3049,11743.0,3.851426697277796,3049,11743.0,283.0,2.4099464,5203.0,44.307247
Normal_TCTGGAAAGGCCGAAT-1,Normal,Normal,Normal,Illumina HiSeq 4000,3373,14213.0,4.213756300029647,3373,14213.0,284.0,1.9981706,6414.0,45.127697
Normal_TCTGGAACAGTAGAGC-1,Normal,Normal,Normal,Illumina HiSeq 4000,2340,8241.0,3.5217948717948717,2340,8241.0,179.0,2.1720665,3686.0,44.72758
Normal_TCTTCGGTCCTAGGGC-1,Normal,Normal,Normal,Illumina HiSeq 4000,2745,11210.0,4.083788706739527,2745,11210.0,252.0,2.247993,5263.0,46.94915
Normal_TCTTTCCAGCGATTCT-1,Normal,Normal,Normal,Illumina HiSeq 4000,1652,4673.0,2.8286924939467313,1652,4673.0,76.0,1.6263641,2072.0,44.339825
Normal_TCTTTCCAGCTATGCT-1,Normal,Normal,Normal,Illumina HiSeq 4000,753,1575.0,2.091633466135458,753,1575.0,25.0,1.5873017,648.0,41.142857
Normal_TGAAAGACACTCTGTC-1,Normal,Normal,Normal,Illumina HiSeq 4000,2349,7079.0,3.0136228182205196,2349,7079.0,154.0,2.1754484,2737.0,38.663654
Normal_TGAAAGATCACTTATC-1,Normal,Normal,Normal,Illumina HiSeq 4000,2632,8368.0,3.1793313069908815,2632,8368.0,174.0,2.07935,3400.0,40.630974
Normal_TGAAAGATCCTCGCAT-1,Normal,Normal,Normal,Illumina HiSeq 4000,2657,9449.0,3.556266465939029,2657,9449.0,230.0,2.43412,4266.0,45.147633
Normal_TGACAACGTTCTGGTA-1,Normal,Normal,Normal,Illumina HiSeq 4000,2635,10354.0,3.929411764705882,2635,10354.0,180.0,1.7384585,4872.0,47.05428
Normal_TGACGGCAGGAATCGC-1,Normal,Normal,Normal,Illumina HiSeq 4000,3458,14426.0,4.171775592828224,3458,14426.0,376.0,2.606405,5891.0,40.83599
Normal_TGACGGCTCACCACCT-1,Normal,Normal,Normal,Illumina HiSeq 4000,1926,5906.0,3.0664589823468327,1926,5906.0,125.0,2.1164916,2688.0,45.51304
Normal_TGACTAGGTTCGGGCT-1,Normal,Normal,Normal,Illumina HiSeq 4000,2168,8190.0,3.7776752767527677,2168,8190.0,163.0,1.9902321,3992.0,48.74237
Normal_TGACTTTAGGAATCGC-1,Normal,Normal,Normal,Illumina HiSeq 4000,3015,13154.0,4.36285240464345,3015,13154.0,230.0,1.7485175,6429.0,48.874866
Normal_TGACTTTGTTGCTCCT-1,Normal,Normal,Normal,Illumina HiSeq 4000,3439,11809.0,3.433847048560628,3439,11809.0,244.0,2.0662208,4742.0,40.15581
Normal_TGACTTTTCATGTAGC-1,Normal,Normal,Normal,Illumina HiSeq 4000,1762,7370.0,4.182746878547105,1762,7370.0,213.0,2.890095,3953.0,53.636368
Normal_TGAGAGGAGTGTCCAT-1,Normal,Normal,Normal,Illumina HiSeq 4000,1373,3826.0,2.786598689002185,1373,3826.0,211.0,5.5148983,1610.0,42.0805
Normal_TGAGCCGAGGGCATGT-1,Normal,Normal,Normal,Illumina HiSeq 4000,1918,6683.0,3.4843587069864443,1918,6683.0,115.0,1.7207841,3222.0,48.21188
Normal_TGAGCCGCACGGCTAC-1,Normal,Normal,Normal,Illumina HiSeq 4000,5281,22606.0,4.280628668812725,5281,22606.0,1169.0,5.1711936,6258.0,27.682915
Normal_TGAGGGAAGCGTAATA-1,Normal,Normal,Normal,Illumina HiSeq 4000,1295,3340.0,2.5791505791505793,1295,3340.0,111.0,3.3233535,1428.0,42.754494
Normal_TGAGGGATCGGCTTGG-1,Normal,Normal,Normal,Illumina HiSeq 4000,1753,6908.0,3.9406731317741017,1753,6908.0,133.0,1.9253039,3504.0,50.723797
Normal_TGCACCTAGGCTAGGT-1,Normal,Normal,Normal,Illumina HiSeq 4000,2720,9353.0,3.4386029411764705,2720,9353.0,148.0,1.58238,3798.0,40.607292
Normal_TGCACCTCACGGACAA-1,Normal,Normal,Normal,Illumina HiSeq 4000,2386,7260.0,3.0427493713327745,2386,7260.0,157.0,2.1625345,2869.0,39.517906
Normal_TGCACCTCAGGGTACA-1,Normal,Normal,Normal,Illumina HiSeq 4000,2830,12100.0,4.275618374558304,2830,12100.0,330.0,2.7272727,5775.0,47.727272
Normal_TGCACCTGTTGTGGCC-1,Normal,Normal,Normal,Illumina HiSeq 4000,2394,7420.0,3.0994152046783627,2394,7420.0,139.0,1.8733153,3101.0,41.792454
Normal_TGCCAAACAAGGACTG-1,Normal,Normal,Normal,Illumina HiSeq 4000,2470,8024.0,3.248582995951417,2470,8024.0,172.0,2.1435692,3169.0,39.49402
Normal_TGCCAAATCTAACTCT-1,Normal,Normal,Normal,Illumina HiSeq 4000,1169,3501.0,2.9948674080410607,1169,3501.0,39.0,1.1139674,1285.0,36.703796
Normal_TGCCAAATCTTGAGGT-1,Normal,Normal,Normal,Illumina HiSeq 4000,3129,12580.0,4.0204538191115375,3129,12580.0,252.0,2.0031798,5871.0,46.669315
Normal_TGCCCATGTCATGCAT-1,Normal,Normal,Normal,Illumina HiSeq 4000,2046,7739.0,3.7825024437927666,2046,7739.0,179.0,2.3129604,3563.0,46.03954
Normal_TGCCCATTCAGAAATG-1,Normal,Normal,Normal,Illumina HiSeq 4000,3701,15421.0,4.166711699540665,3701,15421.0,476.0,3.0867,6191.0,40.146553
Normal_TGCCCTAGTGTGAATA-1,Normal,Normal,Normal,Illumina HiSeq 4000,2063,6838.0,3.3145904023267088,2063,6838.0,79.0,1.1553085,2915.0,42.629425
Normal_TGCGCAGCAGTCACTA-1,Normal,Normal,Normal,Illumina HiSeq 4000,2263,8130.0,3.592576226248343,2263,8130.0,200.0,2.4600246,3611.0,44.415745
Normal_TGCGGGTCACCGAAAG-1,Normal,Normal,Normal,Illumina HiSeq 4000,2093,7638.0,3.649307214524606,2093,7638.0,115.0,1.5056298,3869.0,50.65462
Normal_TGCGGGTTCGAGGTAG-1,Normal,Normal,Normal,Illumina HiSeq 4000,2350,8279.0,3.5229787234042553,2350,8279.0,155.0,1.8722068,3602.0,43.50767
Normal_TGCGTGGAGCGATTCT-1,Normal,Normal,Normal,Illumina HiSeq 4000,1336,3398.0,2.5434131736526946,1336,3398.0,63.0,1.8540317,1463.0,43.054737
Normal_TGCGTGGAGTCGCCGT-1,Normal,Normal,Normal,Illumina HiSeq 4000,1611,4961.0,3.079453755431409,1611,4961.0,118.0,2.3785527,2270.0,45.756905
Normal_TGCGTGGCATGCAACT-1,Normal,Normal,Normal,Illumina HiSeq 4000,2393,8560.0,3.5770998746343503,2393,8560.0,124.0,1.4485981,3830.0,44.74299
Normal_TGCGTGGTCAGGCAAG-1,Normal,Normal,Normal,Illumina HiSeq 4000,3564,15978.0,4.483164983164984,3564,15978.0,373.0,2.3344598,7313.0,45.76918
Normal_TGCTGCTCAATCACAC-1,Normal,Normal,Normal,Illumina HiSeq 4000,2354,8513.0,3.616397621070518,2354,8513.0,176.0,2.0674262,3947.0,46.364384
Normal_TGGACGCAGCGTGTCC-1,Normal,Normal,Normal,Illumina HiSeq 4000,2350,8383.0,3.5672340425531917,2350,8383.0,134.0,1.5984731,3855.0,45.985924
Normal_TGGACGCCATCGGGTC-1,Normal,Normal,Normal,Illumina HiSeq 4000,2994,11255.0,3.759185036740147,2994,11255.0,333.0,2.958685,4592.0,40.799644
Normal_TGGCCAGAGATATGCA-1,Normal,Normal,Normal,Illumina HiSeq 4000,3083,12188.0,3.953292247810574,3083,12188.0,299.0,2.4532328,5307.0,43.542828
Normal_TGGCCAGTCAAGGTAA-1,Normal,Normal,Normal,Illumina HiSeq 4000,2711,10070.0,3.7144964957580227,2711,10070.0,198.0,1.9662364,4435.0,44.04171
Normal_TGGCGCATCATCGATG-1,Normal,Normal,Normal,Illumina HiSeq 4000,1856,6717.0,3.619073275862069,1856,6717.0,92.0,1.3696591,3353.0,49.918118
Normal_TGGCGCATCTACTATC-1,Normal,Normal,Normal,Illumina HiSeq 4000,4158,16657.0,4.006012506012506,4158,16657.0,406.0,2.4374137,6424.0,38.56637
Normal_TGGCTGGAGGTGTTAA-1,Normal,Normal,Normal,Illumina HiSeq 4000,2221,8209.0,3.6960828455650607,2221,8209.0,142.0,1.7298088,4016.0,48.921917
Normal_TGGCTGGTCTACTATC-1,Normal,Normal,Normal,Illumina HiSeq 4000,2513,9005.0,3.583366494230004,2513,9005.0,218.0,2.4208772,3874.0,43.020542
Normal_TGGTTAGCACGTGAGA-1,Normal,Normal,Normal,Illumina HiSeq 4000,2291,9178.0,4.006110868616325,2291,9178.0,174.0,1.8958379,4525.0,49.30268
Normal_TGGTTAGCATGGTTGT-1,Normal,Normal,Normal,Illumina HiSeq 4000,3624,15240.0,4.2052980132450335,3624,15240.0,331.0,2.171916,7032.0,46.14173
Normal_TGGTTAGTCGATCCCT-1,Normal,Normal,Normal,Illumina HiSeq 4000,2830,9826.0,3.47208480565371,2830,9826.0,253.0,2.5748017,4333.0,44.097294
Normal_TGGTTCCCAGACGCTC-1,Normal,Normal,Normal,Illumina HiSeq 4000,2474,9265.0,3.7449474535165725,2474,9265.0,167.0,1.8024825,4338.0,46.82137
Normal_TGTATTCTCAGCACAT-1,Normal,Normal,Normal,Illumina HiSeq 4000,2632,10341.0,3.928951367781155,2632,10341.0,278.0,2.688328,4991.0,48.26419
Normal_TGTCCCAGTGTGCCTG-1,Normal,Normal,Normal,Illumina HiSeq 4000,1903,6931.0,3.6421439831844458,1903,6931.0,168.0,2.4238927,3072.0,44.32261
Normal_TGTGGTATCGCGCCAA-1,Normal,Normal,Normal,Illumina HiSeq 4000,2347,8934.0,3.8065615679590965,2347,8934.0,170.0,1.9028431,4237.0,47.425564
Normal_TGTGGTATCTTAGCCC-1,Normal,Normal,Normal,Illumina HiSeq 4000,1888,6867.0,3.6371822033898304,1888,6867.0,125.0,1.8203,3442.0,50.12378
Normal_TGTGTTTAGACAAGCC-1,Normal,Normal,Normal,Illumina HiSeq 4000,2368,9181.0,3.8771114864864864,2368,9181.0,206.0,2.2437644,4399.0,47.91417
Normal_TGTGTTTGTAAGAGGA-1,Normal,Normal,Normal,Illumina HiSeq 4000,2415,8633.0,3.574741200828157,2415,8633.0,128.0,1.4826828,4107.0,47.573265
Normal_TGTGTTTTCATTGCGA-1,Normal,Normal,Normal,Illumina HiSeq 4000,3223,13524.0,4.196090598820974,3223,13524.0,244.0,1.8042,6219.0,45.984917
Normal_TGTTCCGAGATCCTGT-1,Normal,Normal,Normal,Illumina HiSeq 4000,1569,5777.0,3.6819630337794775,1569,5777.0,114.0,1.9733425,2832.0,49.021984
Normal_TGTTCCGGTCATGCCG-1,Normal,Normal,Normal,Illumina HiSeq 4000,2480,9128.0,3.6806451612903226,2480,9128.0,166.0,1.8185802,4134.0,45.289223
Normal_TGTTCCGGTCTCTCGT-1,Normal,Normal,Normal,Illumina HiSeq 4000,2156,8658.0,4.015769944341373,2156,8658.0,157.0,1.8133518,4385.0,50.6468
Normal_TGTTCCGGTTGGACCC-1,Normal,Normal,Normal,Illumina HiSeq 4000,2518,9766.0,3.8784749801429705,2518,9766.0,243.0,2.4882245,4561.0,46.702847
Normal_TTAACTCGTGCTCTTC-1,Normal,Normal,Normal,Illumina HiSeq 4000,2741,11112.0,4.053994892375045,2741,11112.0,239.0,2.1508281,5455.0,49.091072
Normal_TTAACTCTCAAGCCTA-1,Normal,Normal,Normal,Illumina HiSeq 4000,2464,7946.0,3.2248376623376624,2464,7946.0,214.0,2.693179,3244.0,40.825573
Normal_TTAACTCTCCAAACTG-1,Normal,Normal,Normal,Illumina HiSeq 4000,1527,3390.0,2.2200392927308448,1527,3390.0,100.0,2.9498525,1052.0,31.03245
Normal_TTAGGACGTAAGTTCC-1,Normal,Normal,Normal,Illumina HiSeq 4000,4286,26894.0,6.274848343443771,4286,26894.0,796.0,2.9597678,9614.0,35.747753
Normal_TTAGGCAAGAATCTCC-1,Normal,Normal,Normal,Illumina HiSeq 4000,2481,9095.0,3.6658605401047963,2481,9095.0,201.0,2.2100055,4028.0,44.28807
Normal_TTAGGCAAGCCACTAT-1,Normal,Normal,Normal,Illumina HiSeq 4000,1237,3142.0,2.540016168148747,1237,3142.0,169.0,5.3787394,1080.0,34.373013
Normal_TTAGGCATCATCATTC-1,Normal,Normal,Normal,Illumina HiSeq 4000,2302,7787.0,3.382710686359687,2302,7787.0,149.0,1.9134455,3372.0,43.30294
Normal_TTAGTTCCAACACGCC-1,Normal,Normal,Normal,Illumina HiSeq 4000,1379,4091.0,2.966642494561276,1379,4091.0,44.0,1.0755316,1883.0,46.027866
Normal_TTATGCTAGAAGCCCA-1,Normal,Normal,Normal,Illumina HiSeq 4000,2170,7782.0,3.5861751152073733,2170,7782.0,128.0,1.6448214,3613.0,46.42765
Normal_TTATGCTAGGGTTTCT-1,Normal,Normal,Normal,Illumina HiSeq 4000,3069,12635.0,4.116976213750407,3069,12635.0,291.0,2.3031263,5792.0,45.84092
Normal_TTATGCTCAAGTTCTG-1,Normal,Normal,Normal,Illumina HiSeq 4000,2825,9390.0,3.3238938053097344,2825,9390.0,132.0,1.4057508,3796.0,40.425987
Normal_TTATGCTCATATGCTG-1,Normal,Normal,Normal,Illumina HiSeq 4000,2504,8552.0,3.415335463258786,2504,8552.0,227.0,2.6543498,3609.0,42.200653
Normal_TTATGCTTCCTTAATC-1,Normal,Normal,Normal,Illumina HiSeq 4000,2605,9515.0,3.652591170825336,2605,9515.0,193.0,2.0283763,4441.0,46.67367
Normal_TTCGAAGCACGGCCAT-1,Normal,Normal,Normal,Illumina HiSeq 4000,2268,8143.0,3.5903880070546736,2268,8143.0,165.0,2.0262802,3765.0,46.23603
Normal_TTCGGTCGTCTAGAGG-1,Normal,Normal,Normal,Illumina HiSeq 4000,1993,6592.0,3.3075765178123433,1993,6592.0,158.0,2.3968446,3121.0,47.345264
Normal_TTCGGTCTCCAGGGCT-1,Normal,Normal,Normal,Illumina HiSeq 4000,1953,5362.0,2.7455197132616487,1953,5362.0,121.0,2.2566206,1906.0,35.546436
Normal_TTCTACAAGCAGGCTA-1,Normal,Normal,Normal,Illumina HiSeq 4000,2184,7831.0,3.5856227106227108,2184,7831.0,16.0,0.20431618,3739.0,47.746136
Normal_TTCTCAAAGACACGAC-1,Normal,Normal,Normal,Illumina HiSeq 4000,2239,9293.0,4.150513622152746,2239,9293.0,238.0,2.5610673,4880.0,52.512646
Normal_TTCTCCTAGCAGGTCA-1,Normal,Normal,Normal,Illumina HiSeq 4000,2262,8317.0,3.6768346595932804,2262,8317.0,178.0,2.1401947,3713.0,44.6435
Normal_TTCTCCTGTGTTTGTG-1,Normal,Normal,Normal,Illumina HiSeq 4000,2148,6549.0,3.048882681564246,2148,6549.0,108.0,1.6491066,2555.0,39.013588
Normal_TTCTCCTTCATACGGT-1,Normal,Normal,Normal,Illumina HiSeq 4000,2621,7992.0,3.0492178557802365,2621,7992.0,151.0,1.8893894,2967.0,37.124626
Normal_TTCTTAGAGGGTATCG-1,Normal,Normal,Normal,Illumina HiSeq 4000,1758,6219.0,3.537542662116041,1758,6219.0,226.0,3.6340249,3006.0,48.335747
Normal_TTCTTAGAGTTATCGC-1,Normal,Normal,Normal,Illumina HiSeq 4000,2454,7957.0,3.2424612876935615,2454,7957.0,170.0,2.1364837,3446.0,43.307777
Normal_TTCTTAGTCAGTTCGA-1,Normal,Normal,Normal,Illumina HiSeq 4000,2229,7959.0,3.570659488559892,2229,7959.0,184.0,2.3118484,3563.0,44.76693
Normal_TTGAACGTCTCTAGGA-1,Normal,Normal,Normal,Illumina HiSeq 4000,2398,9538.0,3.977481234361968,2398,9538.0,135.0,1.4153911,4644.0,48.689453
Normal_TTGACTTTCCGAATGT-1,Normal,Normal,Normal,Illumina HiSeq 4000,2796,10271.0,3.67346208869814,2796,10271.0,183.0,1.7817154,4433.0,43.160355
Normal_TTGACTTTCTCAACTT-1,Normal,Normal,Normal,Illumina HiSeq 4000,3372,12249.0,3.632562277580071,3372,12249.0,360.0,2.9390154,5167.0,42.183037
Normal_TTGCCGTCATTCCTCG-1,Normal,Normal,Normal,Illumina HiSeq 4000,603,1203.0,1.9950248756218905,603,1203.0,22.0,1.8287613,528.0,43.890274
Normal_TTGCCGTTCAGTCAGT-1,Normal,Normal,Normal,Illumina HiSeq 4000,2988,11781.0,3.9427710843373496,2988,11781.0,216.0,1.8334607,5411.0,45.92989
Normal_TTGCCGTTCCTAAGTG-1,Normal,Normal,Normal,Illumina HiSeq 4000,2376,8760.0,3.686868686868687,2376,8760.0,190.0,2.1689496,4204.0,47.990868
Normal_TTGCGTCTCAGCGATT-1,Normal,Normal,Normal,Illumina HiSeq 4000,2227,7257.0,3.2586439155814997,2227,7257.0,128.0,1.7638143,3120.0,42.992973
Normal_TTGGAACCAGAAGCAC-1,Normal,Normal,Normal,Illumina HiSeq 4000,2072,8688.0,4.193050193050193,2072,8688.0,179.0,2.0603132,4549.0,52.359573
Normal_TTGGAACGTCGCATAT-1,Normal,Normal,Normal,Illumina HiSeq 4000,2161,8190.0,3.789912077741786,2161,8190.0,129.0,1.5750917,4178.0,51.013435
Normal_TTGGAACTCCGTCATC-1,Normal,Normal,Normal,Illumina HiSeq 4000,2299,8824.0,3.838190517616355,2299,8824.0,175.0,1.9832276,4207.0,47.67679
Normal_TTGTAGGCAGATGGGT-1,Normal,Normal,Normal,Illumina HiSeq 4000,2237,8081.0,3.6124273580688424,2237,8081.0,247.0,3.0565524,3515.0,43.497093
Normal_TTTACTGGTAGCGTGA-1,Normal,Normal,Normal,Illumina HiSeq 4000,1991,7694.0,3.8643897538925165,1991,7694.0,141.0,1.8325968,3791.0,49.27216
Normal_TTTACTGGTCCGTGAC-1,Normal,Normal,Normal,Illumina HiSeq 4000,2497,11314.0,4.531037244693632,2497,11314.0,279.0,2.4659715,5996.0,52.99629
Normal_TTTACTGTCGGCTTGG-1,Normal,Normal,Normal,Illumina HiSeq 4000,1975,6692.0,3.388354430379747,1975,6692.0,164.0,2.4506874,3168.0,47.340107
Normal_TTTATGCTCAACTCTT-1,Normal,Normal,Normal,Illumina HiSeq 4000,2309,6839.0,2.9618882633174533,2309,6839.0,159.0,2.3249013,2722.0,39.80114
Normal_TTTATGCTCATGCTCC-1,Normal,Normal,Normal,Illumina HiSeq 4000,2478,8985.0,3.62590799031477,2478,8985.0,201.0,2.2370617,4184.0,46.566498
Normal_TTTCCTCTCTGCAAGT-1,Normal,Normal,Normal,Illumina HiSeq 4000,1862,6182.0,3.3200859291084854,1862,6182.0,84.0,1.3587835,2772.0,44.83986
Normal_TTTGCGCTCCGTTGTC-1,Normal,Normal,Normal,Illumina HiSeq 4000,2093,7593.0,3.6278069756330624,2093,7593.0,146.0,1.9228237,3510.0,46.226788
Normal_TTTGCGCTCTTCATGT-1,Normal,Normal,Normal,Illumina HiSeq 4000,2425,8607.0,3.549278350515464,2425,8607.0,243.0,2.8232834,3959.0,45.997444
Normal_TTTGGTTGTATCACCA-1,Normal,Normal,Normal,Illumina HiSeq 4000,2003,7130.0,3.5596605092361457,2003,7130.0,115.0,1.6129031,3370.0,47.265076
Normal_TTTGTCACATTATCTC-1,Normal,Normal,Normal,Illumina HiSeq 4000,676,1445.0,2.1375739644970415,676,1445.0,13.0,0.899654,652.0,45.121105
Normal_TTTGTCAGTCGGGTCT-1,Normal,Normal,Normal,Illumina HiSeq 4000,2658,10605.0,3.989841986455982,2658,10605.0,276.0,2.602546,5202.0,49.052334
Leukemia_AAACCTGCAACTGCTA-1,Leukemia,Leukemia,Leukemia,Illumina HiSeq 4000,2009,5495.0,2.735191637630662,2009,5495.0,153.0,2.7843494,2378.0,43.275703
Leukemia_AAACCTGGTAGGGTAC-1,Leukemia,Leukemia,Leukemia,Illumina HiSeq 4000,2312,9641.0,4.169982698961937,2312,9641.0,158.0,1.6388342,4956.0,51.405453
Leukemia_AAACCTGTCATGCATG-1,Leukemia,Leukemia,Leukemia,Illumina HiSeq 4000,1813,6525.0,3.599007170435742,1813,6525.0,72.0,1.1034483,3374.0,51.708813
Leukemia_AAACGGGAGGTTACCT-1,Leukemia,Leukemia,Leukemia,Illumina HiSeq 4000,2663,11925.0,4.478032294404807,2663,11925.0,179.0,1.5010482,6402.0,53.685535
Leukemia_AAACGGGCAGGACCCT-1,Leukemia,Leukemia,Leukemia,Illumina HiSeq 4000,2872,12444.0,4.332869080779944,2872,12444.0,162.0,1.3018322,5935.0,47.69367
Leukemia_AAACGGGGTATTCGTG-1,Leukemia,Leukemia,Leukemia,Illumina HiSeq 4000,2277,9197.0,4.039086517347387,2277,9197.0,137.0,1.4896162,4900.0,53.278244
Leukemia_AAAGATGAGCGTGTCC-1,Leukemia,Leukemia,Leukemia,Illumina HiSeq 4000,642,1126.0,1.7538940809968848,642,1126.0,176.0,15.63055,237.0,21.047956
Leukemia_AAAGATGCAAGAAGAG-1,Leukemia,Leukemia,Leukemia,Illumina HiSeq 4000,3020,9137.0,3.025496688741722,3020,9137.0,369.0,4.0385246,2808.0,30.732187
Leukemia_AAAGATGCAGTAACGG-1,Leukemia,Leukemia,Leukemia,Illumina HiSeq 4000,1757,5220.0,2.970973249857712,1757,5220.0,158.0,3.02682,2474.0,47.394638
Leukemia_AAAGATGCAGTCCTTC-1,Leukemia,Leukemia,Leukemia,Illumina HiSeq 4000,4475,21704.0,4.850055865921788,4475,21704.0,689.0,3.17453,7364.0,33.92923
Leukemia_AAAGCAAAGACTAGGC-1,Leukemia,Leukemia,Leukemia,Illumina HiSeq 4000,2520,9718.0,3.8563492063492064,2520,9718.0,175.0,1.8007821,4782.0,49.207653
Leukemia_AAAGCAAAGATGTCGG-1,Leukemia,Leukemia,Leukemia,Illumina HiSeq 4000,2630,12155.0,4.6216730038022815,2630,12155.0,195.0,1.604278,6593.0,54.241055
Leukemia_AAAGTAGCAAGCTGTT-1,Leukemia,Leukemia,Leukemia,Illumina HiSeq 4000,1774,7156.0,4.0338218714768885,1774,7156.0,122.0,1.7048631,4104.0,57.350475
Leukemia_AAAGTAGCACCCATGG-1,Leukemia,Leukemia,Leukemia,Illumina HiSeq 4000,2483,10159.0,4.091421667337897,2483,10159.0,152.0,1.4962102,5259.0,51.766907
Leukemia_AAAGTAGGTTCCATGA-1,Leukemia,Leukemia,Leukemia,Illumina HiSeq 4000,1991,7829.0,3.9321948769462582,1991,7829.0,75.0,0.95797676,3957.0,50.542854
Leukemia_AAATGCCAGATCACGG-1,Leukemia,Leukemia,Leukemia,Illumina HiSeq 4000,2006,7319.0,3.648554336989033,2006,7319.0,130.0,1.7761989,3742.0,51.1272
Leukemia_AAATGCCAGCGCCTCA-1,Leukemia,Leukemia,Leukemia,Illumina HiSeq 4000,2369,10116.0,4.2701561840439,2369,10116.0,142.0,1.4037168,5019.0,49.61447
Leukemia_AAATGCCAGTAATCCC-1,Leukemia,Leukemia,Leukemia,Illumina HiSeq 4000,2258,9490.0,4.202834366696191,2258,9490.0,124.0,1.3066386,4926.0,51.907272
Leukemia_AAATGCCCATGAACCT-1,Leukemia,Leukemia,Leukemia,Illumina HiSeq 4000,2678,12075.0,4.508961911874533,2678,12075.0,197.0,1.63147,6497.0,53.80538
Leukemia_AACACGTGTATTACCG-1,Leukemia,Leukemia,Leukemia,Illumina HiSeq 4000,3909,18583.0,4.753901253517523,3909,18583.0,570.0,3.0673196,7472.0,40.208794
Leukemia_AACACGTGTTATCACG-1,Leukemia,Leukemia,Leukemia,Illumina HiSeq 4000,2444,9904.0,4.052373158756137,2444,9904.0,131.0,1.322698,5078.0,51.272213
Leukemia_AACCATGGTCCCGACA-1,Leukemia,Leukemia,Leukemia,Illumina HiSeq 4000,66,2509.0,38.015151515151516,66,2509.0,0.0,0.0,20.0,0.79713035
Leukemia_AACCATGTCACAAACC-1,Leukemia,Leukemia,Leukemia,Illumina HiSeq 4000,2784,9468.0,3.4008620689655173,2784,9468.0,101.0,1.0667511,3995.0,42.19476
Leukemia_AACCGCGCACACCGAC-1,Leukemia,Leukemia,Leukemia,Illumina HiSeq 4000,3145,12365.0,3.931637519872814,3145,12365.0,175.0,1.4152851,5595.0,45.248688
Leukemia_AACCGCGGTAAGTTCC-1,Leukemia,Leukemia,Leukemia,Illumina HiSeq 4000,2756,11013.0,3.9960087082728593,2756,11013.0,138.0,1.2530645,5285.0,47.98874
Leukemia_AACCGCGGTACTTAGC-1,Leukemia,Leukemia,Leukemia,Illumina HiSeq 4000,2258,10803.0,4.784322409211692,2258,10803.0,179.0,1.6569471,6028.0,55.799316
Leukemia_AACCGCGGTAGCTAAA-1,Leukemia,Leukemia,Leukemia,Illumina HiSeq 4000,4402,21286.0,4.835529304861427,4402,21286.0,545.0,2.5603683,7947.0,37.334396
Leukemia_AACCGCGGTCTTGATG-1,Leukemia,Leukemia,Leukemia,Illumina HiSeq 4000,2877,10842.0,3.7685088633993744,2877,10842.0,208.0,1.9184653,4597.0,42.399925
Leukemia_AACGTTGAGCTAGGCA-1,Leukemia,Leukemia,Leukemia,Illumina HiSeq 4000,2648,10030.0,3.7877643504531724,2648,10030.0,121.0,1.2063808,4826.0,48.115654
Leukemia_AACGTTGCAGACAAGC-1,Leukemia,Leukemia,Leukemia,Illumina HiSeq 4000,2019,6763.0,3.3496780584447747,2019,6763.0,117.0,1.7300016,3122.0,46.162945
Leukemia_AACGTTGTCCGTAGTA-1,Leukemia,Leukemia,Leukemia,Illumina HiSeq 4000,5462,31883.0,5.837239106554375,5462,31883.0,1015.0,3.1835146,13788.0,43.245617
Leukemia_AACTCAGAGCCGTCGT-1,Leukemia,Leukemia,Leukemia,Illumina HiSeq 4000,1277,3882.0,3.0399373531714957,1277,3882.0,49.0,1.2622359,1845.0,47.527046
Leukemia_AACTCAGGTAAATGAC-1,Leukemia,Leukemia,Leukemia,Illumina HiSeq 4000,2378,9978.0,4.1959629941126995,2378,9978.0,122.0,1.2226899,5386.0,53.978752
Leukemia_AACTCCCAGGGAAACA-1,Leukemia,Leukemia,Leukemia,Illumina HiSeq 4000,3948,18425.0,4.666919959473151,3948,18425.0,252.0,1.3677069,7852.0,42.61601
Leukemia_AACTCTTAGAAACGAG-1,Leukemia,Leukemia,Leukemia,Illumina HiSeq 4000,2504,8724.0,3.484025559105431,2504,8724.0,157.0,1.7996331,4014.0,46.011005
Leukemia_AACTCTTAGAAGGGTA-1,Leukemia,Leukemia,Leukemia,Illumina HiSeq 4000,1915,6641.0,3.4678851174934726,1915,6641.0,111.0,1.6714349,3339.0,50.278576
Leukemia_AACTCTTGTTACGGAG-1,Leukemia,Leukemia,Leukemia,Illumina HiSeq 4000,4558,26931.0,5.908512505484862,4558,26931.0,462.0,1.7154951,9642.0,35.802605
Leukemia_AACTGGTGTACTCGCG-1,Leukemia,Leukemia,Leukemia,Illumina HiSeq 4000,2110,7269.0,3.4450236966824646,2110,7269.0,73.0,1.0042647,3409.0,46.897785
Leukemia_AACTGGTGTCCAAGTT-1,Leukemia,Leukemia,Leukemia,Illumina HiSeq 4000,2554,7878.0,3.0845732184808146,2554,7878.0,155.0,1.9675044,3348.0,42.498096
Leukemia_AACTGGTTCACAACGT-1,Leukemia,Leukemia,Leukemia,Illumina HiSeq 4000,2180,6945.0,3.1857798165137616,2180,6945.0,110.0,1.5838733,3106.0,44.722824
Leukemia_AACTTTCTCGTCCAGG-1,Leukemia,Leukemia,Leukemia,Illumina HiSeq 4000,2103,6787.0,3.227294341417023,2103,6787.0,80.0,1.178724,3197.0,47.10476
Leukemia_AAGACCTAGAAGGTGA-1,Leukemia,Leukemia,Leukemia,Illumina HiSeq 4000,1916,10427.0,5.442066805845512,1916,10427.0,211.0,2.0235925,6399.0,61.369522
Leukemia_AAGACCTAGACACGAC-1,Leukemia,Leukemia,Leukemia,Illumina HiSeq 4000,1006,1421.0,1.4125248508946322,1006,1421.0,139.0,9.781843,64.0,4.5038705
Leukemia_AAGACCTCACATTAGC-1,Leukemia,Leukemia,Leukemia,Illumina HiSeq 4000,4507,24765.0,5.494785888617706,4507,24765.0,324.0,1.308298,9047.0,36.531395
Leukemia_AAGCCGCAGATGAGAG-1,Leukemia,Leukemia,Leukemia,Illumina HiSeq 4000,3761,18534.0,4.927944695559692,3761,18534.0,408.0,2.2013597,7960.0,42.948093
Leukemia_AAGCCGCAGCAGACTG-1,Leukemia,Leukemia,Leukemia,Illumina HiSeq 4000,1998,7103.0,3.555055055055055,1998,7103.0,124.0,1.7457412,3659.0,51.513447
Leukemia_AAGGAGCGTCATATGC-1,Leukemia,Leukemia,Leukemia,Illumina HiSeq 4000,2701,8600.0,3.1840059237319513,2701,8600.0,163.0,1.8953489,2702.0,31.418604
Leukemia_AAGGAGCGTCGAGATG-1,Leukemia,Leukemia,Leukemia,Illumina HiSeq 4000,2778,12071.0,4.345212383009359,2778,12071.0,316.0,2.6178443,5206.0,43.12816
Leukemia_AAGGCAGAGGACGAAA-1,Leukemia,Leukemia,Leukemia,Illumina HiSeq 4000,392,648.0,1.653061224489796,392,648.0,48.0,7.4074073,240.0,37.037037
Leukemia_AAGGCAGAGGTGCTAG-1,Leukemia,Leukemia,Leukemia,Illumina HiSeq 4000,1873,7701.0,4.111585691404165,1873,7701.0,88.0,1.1427088,4386.0,56.953644
Leukemia_AAGGCAGGTAAGGATT-1,Leukemia,Leukemia,Leukemia,Illumina HiSeq 4000,2111,5864.0,2.777830412126954,2111,5864.0,184.0,3.13779,2398.0,40.89359
Leukemia_AAGGCAGGTCCAGTGC-1,Leukemia,Leukemia,Leukemia,Illumina HiSeq 4000,2713,9201.0,3.3914485809067454,2713,9201.0,154.0,1.6737312,3486.0,37.887184
Leukemia_AAGGCAGGTCTCTCTG-1,Leukemia,Leukemia,Leukemia,Illumina HiSeq 4000,2452,9723.0,3.9653344208809136,2452,9723.0,114.0,1.1724776,5014.0,51.568447
Leukemia_AAGGCAGGTGGTAACG-1,Leukemia,Leukemia,Leukemia,Illumina HiSeq 4000,4262,21804.0,5.11590802440169,4262,21804.0,358.0,1.6419007,7551.0,34.63126
Leukemia_AAGGCAGTCTTGCATT-1,Leukemia,Leukemia,Leukemia,Illumina HiSeq 4000,2767,12369.0,4.470184315142754,2767,12369.0,330.0,2.6679602,6283.0,50.79635
Leukemia_AAGGTTCAGGCGACAT-1,Leukemia,Leukemia,Leukemia,Illumina HiSeq 4000,3263,13453.0,4.122893043211769,3263,13453.0,185.0,1.375158,6043.0,44.91935
Leukemia_AAGGTTCGTCTGGAGA-1,Leukemia,Leukemia,Leukemia,Illumina HiSeq 4000,2293,9510.0,4.147405146096816,2293,9510.0,160.0,1.6824394,5035.0,52.944267
Leukemia_AAGTCTGCAATTCCTT-1,Leukemia,Leukemia,Leukemia,Illumina HiSeq 4000,4201,20331.0,4.839562009045466,4201,20331.0,501.0,2.4642172,7814.0,38.433918
Leukemia_AAGTCTGCACCAGGTC-1,Leukemia,Leukemia,Leukemia,Illumina HiSeq 4000,4853,30645.0,6.314650731506285,4853,30645.0,751.0,2.4506445,10808.0,35.268394
Leukemia_AATCCAGCAAGGGTCA-1,Leukemia,Leukemia,Leukemia,Illumina HiSeq 4000,2464,9560.0,3.8798701298701297,2464,9560.0,167.0,1.746862,4346.0,45.46025
Leukemia_ACACCCTAGGGTGTGT-1,Leukemia,Leukemia,Leukemia,Illumina HiSeq 4000,4113,21242.0,5.164600048626307,4113,21242.0,613.0,2.8857923,8649.0,40.716507
Leukemia_ACACCCTCACATTAGC-1,Leukemia,Leukemia,Leukemia,Illumina HiSeq 4000,1617,5148.0,3.183673469387755,1617,5148.0,55.0,1.0683761,2185.0,42.44367
Leukemia_ACACCCTCACCAGGCT-1,Leukemia,Leukemia,Leukemia,Illumina HiSeq 4000,2478,9424.0,3.8030669895076676,2478,9424.0,108.0,1.1460102,4762.0,50.53056
Leukemia_ACACCCTCATCTGGTA-1,Leukemia,Leukemia,Leukemia,Illumina HiSeq 4000,4326,24212.0,5.596856218215441,4326,24212.0,606.0,2.502891,9190.0,37.956383
Leukemia_ACACCGGGTTGGTTTG-1,Leukemia,Leukemia,Leukemia,Illumina HiSeq 4000,2824,10940.0,3.8739376770538243,2824,10940.0,142.0,1.297989,5260.0,48.080437
Leukemia_ACACTGAAGACAAGCC-1,Leukemia,Leukemia,Leukemia,Illumina HiSeq 4000,2005,7403.0,3.6922693266832916,2005,7403.0,69.0,0.9320546,3835.0,51.80332
Leukemia_ACACTGAAGAGGGATA-1,Leukemia,Leukemia,Leukemia,Illumina HiSeq 4000,2097,7560.0,3.6051502145922747,2097,7560.0,116.0,1.5343915,3836.0,50.74074
Leukemia_ACACTGACACCAGGCT-1,Leukemia,Leukemia,Leukemia,Illumina HiSeq 4000,2348,6017.0,2.5626064735945486,2348,6017.0,392.0,6.514875,1636.0,27.18963
Leukemia_ACACTGAGTTGTGGAG-1,Leukemia,Leukemia,Leukemia,Illumina HiSeq 4000,3002,10787.0,3.5932711525649568,3002,10787.0,275.0,2.549365,4307.0,39.927692
Leukemia_ACAGCCGAGCCACGCT-1,Leukemia,Leukemia,Leukemia,Illumina HiSeq 4000,4601,23800.0,5.172788524233862,4601,23800.0,634.0,2.6638656,9012.0,37.865547
Leukemia_ACAGCTAAGTGGGATC-1,Leukemia,Leukemia,Leukemia,Illumina HiSeq 4000,3637,14908.0,4.098982678031344,3637,14908.0,615.0,4.125302,5809.0,38.965656
Leukemia_ACAGCTACAGGGTATG-1,Leukemia,Leukemia,Leukemia,Illumina HiSeq 4000,2100,7958.0,3.7895238095238097,2100,7958.0,90.0,1.1309375,4223.0,53.066097
Leukemia_ACAGCTATCCAGGGCT-1,Leukemia,Leukemia,Leukemia,Illumina HiSeq 4000,3691,16608.0,4.499593606068816,3691,16608.0,299.0,1.8003372,7667.0,46.164497
Leukemia_ACAGCTATCGAGAGCA-1,Leukemia,Leukemia,Leukemia,Illumina HiSeq 4000,1078,1574.0,1.4601113172541744,1078,1574.0,150.0,9.5298605,114.0,7.242694
Leukemia_ACATACGAGTAAGTAC-1,Leukemia,Leukemia,Leukemia,Illumina HiSeq 4000,2255,8957.0,3.9720620842572063,2255,8957.0,87.0,0.97130734,4716.0,52.65156
Leukemia_ACATACGCAAGGTTTC-1,Leukemia,Leukemia,Leukemia,Illumina HiSeq 4000,4786,28742.0,6.005432511491851,4786,28742.0,978.0,3.402686,10880.0,37.85401
Leukemia_ACATACGCACCATGTA-1,Leukemia,Leukemia,Leukemia,Illumina HiSeq 4000,960,1669.0,1.7385416666666667,960,1669.0,125.0,7.4895144,422.0,25.2846
Leukemia_ACATACGCAGCGATCC-1,Leukemia,Leukemia,Leukemia,Illumina HiSeq 4000,2611,10841.0,4.1520490233626965,2611,10841.0,133.0,1.226824,5450.0,50.272114
Leukemia_ACATCAGTCAGGTAAA-1,Leukemia,Leukemia,Leukemia,Illumina HiSeq 4000,2533,10531.0,4.15752072641137,2533,10531.0,139.0,1.3199127,5403.0,51.305668
Leukemia_ACATGGTAGGTCATCT-1,Leukemia,Leukemia,Leukemia,Illumina HiSeq 4000,2442,9144.0,3.7444717444717446,2442,9144.0,167.0,1.8263342,4387.0,47.976814
Leukemia_ACATGGTGTACCGAGA-1,Leukemia,Leukemia,Leukemia,Illumina HiSeq 4000,2335,9431.0,4.038972162740899,2335,9431.0,124.0,1.3148128,4783.0,50.715725
Leukemia_ACATGGTTCCAACCAA-1,Leukemia,Leukemia,Leukemia,Illumina HiSeq 4000,3463,12661.0,3.656078544614496,3463,12661.0,196.0,1.548061,4896.0,38.669933
Leukemia_ACCAGTAGTGACTCAT-1,Leukemia,Leukemia,Leukemia,Illumina HiSeq 4000,2598,10418.0,4.0100076982294075,2598,10418.0,138.0,1.3246304,5428.0,52.10213
Leukemia_ACCAGTATCGCGCCAA-1,Leukemia,Leukemia,Leukemia,Illumina HiSeq 4000,2215,8003.0,3.6130925507900677,2215,8003.0,124.0,1.5494189,3915.0,48.919155
Leukemia_ACCCACTGTACATCCA-1,Leukemia,Leukemia,Leukemia,Illumina HiSeq 4000,3976,18016.0,4.531187122736418,3976,18016.0,615.0,3.4136324,7097.0,39.392765
Leukemia_ACCCACTTCTGTCAAG-1,Leukemia,Leukemia,Leukemia,Illumina HiSeq 4000,3522,13780.0,3.912549687677456,3522,13780.0,742.0,5.3846154,4818.0,34.963715
Leukemia_ACCCACTTCTTGAGAC-1,Leukemia,Leukemia,Leukemia,Illumina HiSeq 4000,3082,11995.0,3.8919532770927967,3082,11995.0,199.0,1.6590245,5270.0,43.934975
Leukemia_ACCGTAACAACTTGAC-1,Leukemia,Leukemia,Leukemia,Illumina HiSeq 4000,1017,2681.0,2.6361848574237956,1017,2681.0,25.0,0.93248785,1311.0,48.899666
Leukemia_ACCGTAAGTCTGATTG-1,Leukemia,Leukemia,Leukemia,Illumina HiSeq 4000,2924,12902.0,4.412448700410397,2924,12902.0,235.0,1.8214229,6593.0,51.100605
Leukemia_ACCTTTACAAGTAATG-1,Leukemia,Leukemia,Leukemia,Illumina HiSeq 4000,2918,12956.0,4.440027416038382,2918,12956.0,130.0,1.0033962,6695.0,51.674904
Leukemia_ACCTTTAGTGTGAAAT-1,Leukemia,Leukemia,Leukemia,Illumina HiSeq 4000,3450,11373.0,3.296521739130435,3450,11373.0,165.0,1.4508045,4331.0,38.08142
Leukemia_ACCTTTATCCCATTAT-1,Leukemia,Leukemia,Leukemia,Illumina HiSeq 4000,4706,30036.0,6.382490437739056,4706,30036.0,627.0,2.0874949,11404.0,37.96777
Leukemia_ACGAGCCTCGCTTGTC-1,Leukemia,Leukemia,Leukemia,Illumina HiSeq 4000,3634,13838.0,3.8079251513483765,3634,13838.0,651.0,4.7044373,4437.0,32.063885
Leukemia_ACGAGGACACGTGAGA-1,Leukemia,Leukemia,Leukemia,Illumina HiSeq 4000,2253,8972.0,3.9822458943630714,2253,8972.0,187.0,2.0842621,4721.0,52.61926
Leukemia_ACGAGGATCATGTCCC-1,Leukemia,Leukemia,Leukemia,Illumina HiSeq 4000,1891,5154.0,2.725542041248017,1891,5154.0,101.0,1.959643,2120.0,41.1331
Leukemia_ACGATACAGCATCATC-1,Leukemia,Leukemia,Leukemia,Illumina HiSeq 4000,4530,27192.0,6.002649006622517,4530,27192.0,556.0,2.044719,11170.0,41.07826
Leukemia_ACGATGTGTCACCTAA-1,Leukemia,Leukemia,Leukemia,Illumina HiSeq 4000,2054,7521.0,3.6616358325219083,2054,7521.0,136.0,1.8082702,3823.0,50.83101
Leukemia_ACGATGTGTGCCTGTG-1,Leukemia,Leukemia,Leukemia,Illumina HiSeq 4000,3936,23987.0,6.094258130081301,3936,23987.0,699.0,2.9140785,11684.0,48.709717
Leukemia_ACGATGTTCGGATGTT-1,Leukemia,Leukemia,Leukemia,Illumina HiSeq 4000,2061,7199.0,3.492964580300825,2061,7199.0,132.0,1.8335881,3554.0,49.367966
Leukemia_ACGCCAGAGATGTTAG-1,Leukemia,Leukemia,Leukemia,Illumina HiSeq 4000,4500,24975.0,5.55,4500,24975.0,889.0,3.5595596,9216.0,36.9009
Leukemia_ACGCCGACATCGACGC-1,Leukemia,Leukemia,Leukemia,Illumina HiSeq 4000,2523,11635.0,4.611573523583036,2523,11635.0,193.0,1.6587881,6574.0,56.50193
Leukemia_ACGCCGAGTCTACCTC-1,Leukemia,Leukemia,Leukemia,Illumina HiSeq 4000,2238,8477.0,3.787756925826631,2238,8477.0,80.0,0.9437301,4373.0,51.586647
Leukemia_ACGCCGAGTGTCAATC-1,Leukemia,Leukemia,Leukemia,Illumina HiSeq 4000,4398,24981.0,5.6800818553888135,4398,24981.0,683.0,2.734078,9802.0,39.23782
Leukemia_ACGCCGATCAATACCG-1,Leukemia,Leukemia,Leukemia,Illumina HiSeq 4000,2819,13105.0,4.648811635331678,2819,13105.0,437.0,3.334605,5963.0,45.501717
Leukemia_ACGCCGATCGGACAAG-1,Leukemia,Leukemia,Leukemia,Illumina HiSeq 4000,2555,11010.0,4.309197651663405,2555,11010.0,190.0,1.7257038,5630.0,51.13533
Leukemia_ACGGAGATCGCGATCG-1,Leukemia,Leukemia,Leukemia,Illumina HiSeq 4000,52,1438.0,27.653846153846153,52,1438.0,1.0,0.06954103,30.0,2.086231
Leukemia_ACGGCCAAGTTATCGC-1,Leukemia,Leukemia,Leukemia,Illumina HiSeq 4000,1960,7309.0,3.7290816326530614,1960,7309.0,82.0,1.1219045,3869.0,52.934734
Leukemia_ACGGGCTAGCGACGTA-1,Leukemia,Leukemia,Leukemia,Illumina HiSeq 4000,2182,8238.0,3.775435380384968,2182,8238.0,151.0,1.8329691,3954.0,47.997086
Leukemia_ACGGGCTAGCTAGCCC-1,Leukemia,Leukemia,Leukemia,Illumina HiSeq 4000,1836,6561.0,3.573529411764706,1836,6561.0,92.0,1.4022253,3400.0,51.82137
Leukemia_ACGGGCTAGTAACCCT-1,Leukemia,Leukemia,Leukemia,Illumina HiSeq 4000,2725,11342.0,4.162201834862385,2725,11342.0,159.0,1.401869,5985.0,52.76847
Leukemia_ACGGGCTGTCACACGC-1,Leukemia,Leukemia,Leukemia,Illumina HiSeq 4000,2345,8198.0,3.495948827292111,2345,8198.0,177.0,2.159063,3734.0,45.547695
Leukemia_ACTATCTAGGGAAACA-1,Leukemia,Leukemia,Leukemia,Illumina HiSeq 4000,3588,13949.0,3.88768115942029,3588,13949.0,362.0,2.595168,5736.0,41.121227
Leukemia_ACTGAACTCTTACCTA-1,Leukemia,Leukemia,Leukemia,Illumina HiSeq 4000,1937,6026.0,3.1109963861641714,1937,6026.0,93.0,1.5433123,2847.0,47.24527
Leukemia_ACTGAGTAGTGTTTGC-1,Leukemia,Leukemia,Leukemia,Illumina HiSeq 4000,2902,13637.0,4.699172984148863,2902,13637.0,180.0,1.3199384,7448.0,54.61612
Leukemia_ACTGATGTCGGCGCTA-1,Leukemia,Leukemia,Leukemia,Illumina HiSeq 4000,51,825.0,16.176470588235293,51,825.0,0.0,0.0,32.0,3.878788
Leukemia_ACTGCTCAGCTGGAAC-1,Leukemia,Leukemia,Leukemia,Illumina HiSeq 4000,2298,9831.0,4.278067885117493,2298,9831.0,151.0,1.5359577,5426.0,55.192757
Leukemia_ACTGCTCCAACCGCCA-1,Leukemia,Leukemia,Leukemia,Illumina HiSeq 4000,1904,6422.0,3.3728991596638656,1904,6422.0,148.0,2.304578,3162.0,49.237
Leukemia_ACTGCTCCATTCACTT-1,Leukemia,Leukemia,Leukemia,Illumina HiSeq 4000,1565,5293.0,3.3821086261980833,1565,5293.0,57.0,1.0768939,2547.0,48.12016
Leukemia_ACTGCTCGTACATGTC-1,Leukemia,Leukemia,Leukemia,Illumina HiSeq 4000,3258,13857.0,4.253222836095764,3258,13857.0,242.0,1.7464098,5873.0,42.38291
Leukemia_ACTTACTAGGCGATAC-1,Leukemia,Leukemia,Leukemia,Illumina HiSeq 4000,1950,7825.0,4.012820512820513,1950,7825.0,105.0,1.341853,4445.0,56.80511
Leukemia_ACTTGTTAGGACCACA-1,Leukemia,Leukemia,Leukemia,Illumina HiSeq 4000,2368,10007.0,4.225929054054054,2368,10007.0,170.0,1.6988108,5143.0,51.39402
Leukemia_ACTTTCAAGCGTGAGT-1,Leukemia,Leukemia,Leukemia,Illumina HiSeq 4000,4206,20494.0,4.872563005230623,4206,20494.0,649.0,3.1667807,7362.0,35.92271
Leukemia_ACTTTCAAGGACCACA-1,Leukemia,Leukemia,Leukemia,Illumina HiSeq 4000,3736,19511.0,5.222430406852248,3736,19511.0,327.0,1.6759777,7445.0,38.15796
Leukemia_ACTTTCATCCATGCTC-1,Leukemia,Leukemia,Leukemia,Illumina HiSeq 4000,2307,8388.0,3.635890767230169,2307,8388.0,151.0,1.8001907,3928.0,46.828804
Leukemia_ACTTTCATCCGCAGTG-1,Leukemia,Leukemia,Leukemia,Illumina HiSeq 4000,2649,10609.0,4.0049075122687805,2649,10609.0,143.0,1.3479122,5291.0,49.87275
Leukemia_AGAATAGTCGTTGCCT-1,Leukemia,Leukemia,Leukemia,Illumina HiSeq 4000,3363,15514.0,4.613143027059174,3363,15514.0,251.0,1.6178936,6587.0,42.458424
Leukemia_AGACGTTAGCTAGTTC-1,Leukemia,Leukemia,Leukemia,Illumina HiSeq 4000,2021,7042.0,3.484413656605641,2021,7042.0,54.0,0.7668276,3564.0,50.61062
Leukemia_AGACGTTCAATAGAGT-1,Leukemia,Leukemia,Leukemia,Illumina HiSeq 4000,2315,8988.0,3.8825053995680348,2315,8988.0,152.0,1.6911438,4669.0,51.94704
Leukemia_AGACGTTCACATGACT-1,Leukemia,Leukemia,Leukemia,Illumina HiSeq 4000,1816,5424.0,2.986784140969163,1816,5424.0,96.0,1.7699115,2568.0,47.34513
Leukemia_AGACGTTTCCCGGATG-1,Leukemia,Leukemia,Leukemia,Illumina HiSeq 4000,4195,20404.0,4.86388557806913,4195,20404.0,516.0,2.528916,6799.0,33.321896
Leukemia_AGAGCGACAAGTAATG-1,Leukemia,Leukemia,Leukemia,Illumina HiSeq 4000,232,5542.0,23.887931034482758,232,5542.0,1.0,0.018044027,66.0,1.1909058
Leukemia_AGAGCGACATACGCTA-1,Leukemia,Leukemia,Leukemia,Illumina HiSeq 4000,2430,6758.0,2.781069958847737,2430,6758.0,166.0,2.456348,2717.0,40.204205
Leukemia_AGAGCGACATATACCG-1,Leukemia,Leukemia,Leukemia,Illumina HiSeq 4000,1249,3342.0,2.675740592473979,1249,3342.0,111.0,3.3213644,1373.0,41.083183
Leukemia_AGAGCGAGTTCCACTC-1,Leukemia,Leukemia,Leukemia,Illumina HiSeq 4000,2857,11820.0,4.137206860343017,2857,11820.0,243.0,2.0558376,5666.0,47.935703
Leukemia_AGAGCGATCGTTACGA-1,Leukemia,Leukemia,Leukemia,Illumina HiSeq 4000,2315,5720.0,2.470842332613391,2315,5720.0,25.0,0.43706292,1931.0,33.758743
Leukemia_AGAGCGATCTTTACGT-1,Leukemia,Leukemia,Leukemia,Illumina HiSeq 4000,2076,6969.0,3.356936416184971,2076,6969.0,93.0,1.3344814,3357.0,48.170467
Leukemia_AGAGCTTCAACGCACC-1,Leukemia,Leukemia,Leukemia,Illumina HiSeq 4000,4339,22731.0,5.238764692325421,4339,22731.0,464.0,2.0412652,8578.0,37.73701
Leukemia_AGAGCTTTCGCGGATC-1,Leukemia,Leukemia,Leukemia,Illumina HiSeq 4000,2845,10975.0,3.857644991212654,2845,10975.0,226.0,2.0592256,5156.0,46.9795
Leukemia_AGAGTGGTCCTTAATC-1,Leukemia,Leukemia,Leukemia,Illumina HiSeq 4000,4032,20362.0,5.0500992063492065,4032,20362.0,490.0,2.4064434,8318.0,40.850605
Leukemia_AGAGTGGTCGGGAGTA-1,Leukemia,Leukemia,Leukemia,Illumina HiSeq 4000,2187,8426.0,3.852766346593507,2187,8426.0,128.0,1.5191076,4397.0,52.183716
Leukemia_AGATCTGGTAAGGATT-1,Leukemia,Leukemia,Leukemia,Illumina HiSeq 4000,2492,9394.0,3.769662921348315,2492,9394.0,95.0,1.0112838,4789.0,50.979347
Leukemia_AGATCTGGTCACCTAA-1,Leukemia,Leukemia,Leukemia,Illumina HiSeq 4000,2489,10545.0,4.236641221374046,2489,10545.0,121.0,1.1474633,5659.0,53.665245
Leukemia_AGATCTGGTTCCACAA-1,Leukemia,Leukemia,Leukemia,Illumina HiSeq 4000,3029,12123.0,4.002310993727303,3029,12123.0,190.0,1.5672687,5630.0,46.44065
Leukemia_AGATTGCAGAGACGAA-1,Leukemia,Leukemia,Leukemia,Illumina HiSeq 4000,4086,21008.0,5.141458639255996,4086,21008.0,695.0,3.3082633,8717.0,41.493717
Leukemia_AGATTGCGTAGCTTGT-1,Leukemia,Leukemia,Leukemia,Illumina HiSeq 4000,2774,10877.0,3.9210526315789473,2774,10877.0,167.0,1.5353498,5092.0,46.81438
Leukemia_AGCAGCCAGTAGCCGA-1,Leukemia,Leukemia,Leukemia,Illumina HiSeq 4000,2703,10011.0,3.7036625971143176,2703,10011.0,179.0,1.7880331,4810.0,48.04715
Leukemia_AGCAGCCTCTTGCAAG-1,Leukemia,Leukemia,Leukemia,Illumina HiSeq 4000,2171,8730.0,4.021188392445877,2171,8730.0,71.0,0.8132875,4771.0,54.650627
Leukemia_AGCATACCAGACGTAG-1,Leukemia,Leukemia,Leukemia,Illumina HiSeq 4000,2253,9242.0,4.102086107412339,2253,9242.0,191.0,2.0666523,5026.0,54.382168
Leukemia_AGCCTAAAGAATCTCC-1,Leukemia,Leukemia,Leukemia,Illumina HiSeq 4000,1589,4558.0,2.868470736312146,1589,4558.0,46.0,1.0092145,1944.0,42.650284
Leukemia_AGCCTAAAGCCAGTTT-1,Leukemia,Leukemia,Leukemia,Illumina HiSeq 4000,2212,6954.0,3.14376130198915,2212,6954.0,114.0,1.6393442,3154.0,45.35519
Leukemia_AGCCTAAAGCTAGCCC-1,Leukemia,Leukemia,Leukemia,Illumina HiSeq 4000,2237,8571.0,3.8314707197139026,2237,8571.0,142.0,1.6567495,4485.0,52.327614
Leukemia_AGCCTAACAGATTGCT-1,Leukemia,Leukemia,Leukemia,Illumina HiSeq 4000,2375,8182.0,3.4450526315789474,2375,8182.0,137.0,1.6744071,3816.0,46.63896
Leukemia_AGCCTAAGTTTCCACC-1,Leukemia,Leukemia,Leukemia,Illumina HiSeq 4000,4039,16232.0,4.018816538747215,4039,16232.0,409.0,2.519714,6070.0,37.395267
Leukemia_AGCGGTCAGAGCTGCA-1,Leukemia,Leukemia,Leukemia,Illumina HiSeq 4000,3319,14116.0,4.25308827960229,3319,14116.0,290.0,2.0544064,5342.0,37.843582
Leukemia_AGCGGTCGTCGCGTGT-1,Leukemia,Leukemia,Leukemia,Illumina HiSeq 4000,2677,11713.0,4.37542024654464,2677,11713.0,165.0,1.4086913,6175.0,52.7192
Leukemia_AGCGTATCATTCTTAC-1,Leukemia,Leukemia,Leukemia,Illumina HiSeq 4000,201,4577.0,22.771144278606965,201,4577.0,0.0,0.0,34.0,0.7428447
Leukemia_AGCGTATGTACTCAAC-1,Leukemia,Leukemia,Leukemia,Illumina HiSeq 4000,2618,10892.0,4.160427807486631,2618,10892.0,150.0,1.3771576,5712.0,52.442158
Leukemia_AGCGTCGAGCACAGGT-1,Leukemia,Leukemia,Leukemia,Illumina HiSeq 4000,1586,3901.0,2.459646910466583,1586,3901.0,95.0,2.435273,1473.0,37.75955
Leukemia_AGCTCCTAGCATGGCA-1,Leukemia,Leukemia,Leukemia,Illumina HiSeq 4000,4348,20542.0,4.724471021159154,4348,20542.0,609.0,2.9646578,7893.0,38.423717
Leukemia_AGCTCCTTCCCTAATT-1,Leukemia,Leukemia,Leukemia,Illumina HiSeq 4000,3936,20888.0,5.306910569105691,3936,20888.0,599.0,2.8676753,9114.0,43.632706
Leukemia_AGCTCTCAGGGATGGG-1,Leukemia,Leukemia,Leukemia,Illumina HiSeq 4000,2929,10882.0,3.715261181290543,2929,10882.0,198.0,1.8195184,4743.0,43.58574
Leukemia_AGCTCTCGTGTCTGAT-1,Leukemia,Leukemia,Leukemia,Illumina HiSeq 4000,2861,11170.0,3.9042292904578817,2861,11170.0,218.0,1.9516563,4729.0,42.336617
Leukemia_AGCTCTCTCACAATGC-1,Leukemia,Leukemia,Leukemia,Illumina HiSeq 4000,2253,7160.0,3.177984909010209,2253,7160.0,83.0,1.1592178,3288.0,45.921787
Leukemia_AGCTTGAAGAGAACAG-1,Leukemia,Leukemia,Leukemia,Illumina HiSeq 4000,1505,3950.0,2.6245847176079735,1505,3950.0,88.0,2.227848,1590.0,40.253166
Leukemia_AGGCCACGTGCGAAAC-1,Leukemia,Leukemia,Leukemia,Illumina HiSeq 4000,4916,33035.0,6.719894222945484,4916,33035.0,1071.0,3.2420163,12838.0,38.861813
Leukemia_AGGCCGTCACAGCCCA-1,Leukemia,Leukemia,Leukemia,Illumina HiSeq 4000,3946,17295.0,4.382919412062848,3946,17295.0,531.0,3.0702515,5986.0,34.61116
Leukemia_AGGGAGTAGACAGACC-1,Leukemia,Leukemia,Leukemia,Illumina HiSeq 4000,4633,27787.0,5.997625728469674,4633,27787.0,703.0,2.5299602,8839.0,31.80984
Leukemia_AGGGATGAGGGCATGT-1,Leukemia,Leukemia,Leukemia,Illumina HiSeq 4000,1813,5959.0,3.2868174296745725,1813,5959.0,120.0,2.0137606,2934.0,49.23645
Leukemia_AGGGATGCACTTAACG-1,Leukemia,Leukemia,Leukemia,Illumina HiSeq 4000,3821,20332.0,5.321120125621565,3821,20332.0,469.0,2.3067088,9293.0,45.706276
Leukemia_AGGGATGGTCCAAGTT-1,Leukemia,Leukemia,Leukemia,Illumina HiSeq 4000,1449,3373.0,2.3278122843340237,1449,3373.0,75.0,2.2235398,1273.0,37.740883
Leukemia_AGGGTGAAGTACGTTC-1,Leukemia,Leukemia,Leukemia,Illumina HiSeq 4000,2797,12309.0,4.400786557025384,2797,12309.0,189.0,1.5354619,6585.0,53.49744
Leukemia_AGGGTGACAAGTTCTG-1,Leukemia,Leukemia,Leukemia,Illumina HiSeq 4000,2251,8330.0,3.7005775211017324,2251,8330.0,104.0,1.2484994,4234.0,50.82833
Leukemia_AGGGTGACACAGATTC-1,Leukemia,Leukemia,Leukemia,Illumina HiSeq 4000,2994,14096.0,4.708082832331329,2994,14096.0,179.0,1.2698638,7717.0,54.746025
Leukemia_AGGGTGAGTGACGGTA-1,Leukemia,Leukemia,Leukemia,Illumina HiSeq 4000,3646,18898.0,5.183214481623697,3646,18898.0,503.0,2.6616573,8030.0,42.49127
Leukemia_AGGTCCGTCCGAATGT-1,Leukemia,Leukemia,Leukemia,Illumina HiSeq 4000,4603,27785.0,6.036280686508799,4603,27785.0,650.0,2.3393917,11229.0,40.41389
Leukemia_AGTAGTCCACGAGAGT-1,Leukemia,Leukemia,Leukemia,Illumina HiSeq 4000,2731,10991.0,4.0245331380446725,2731,10991.0,173.0,1.574015,5082.0,46.23783
Leukemia_AGTAGTCGTACAGTGG-1,Leukemia,Leukemia,Leukemia,Illumina HiSeq 4000,3458,17577.0,5.082995951417004,3458,17577.0,301.0,1.712465,9419.0,53.587074
Leukemia_AGTCTTTGTAGTACCT-1,Leukemia,Leukemia,Leukemia,Illumina HiSeq 4000,1841,6657.0,3.6159695817490496,1841,6657.0,78.0,1.1716989,3487.0,52.380955
Leukemia_AGTCTTTTCGCTAGCG-1,Leukemia,Leukemia,Leukemia,Illumina HiSeq 4000,3381,11664.0,3.4498669032830525,3381,11664.0,197.0,1.6889575,4078.0,34.962276
Leukemia_AGTGAGGCAGGACCCT-1,Leukemia,Leukemia,Leukemia,Illumina HiSeq 4000,4604,23653.0,5.137489139878366,4604,23653.0,714.0,3.0186446,8557.0,36.17723
Leukemia_AGTGAGGTCTTAGCCC-1,Leukemia,Leukemia,Leukemia,Illumina HiSeq 4000,3177,12700.0,3.9974819011646208,3177,12700.0,195.0,1.535433,5933.0,46.716534
Leukemia_AGTGGGAAGCTCCCAG-1,Leukemia,Leukemia,Leukemia,Illumina HiSeq 4000,1868,8089.0,4.330299785867238,1868,8089.0,90.0,1.1126221,4785.0,59.154408
Leukemia_AGTGGGAAGGATGGAA-1,Leukemia,Leukemia,Leukemia,Illumina HiSeq 4000,2126,7986.0,3.7563499529633115,2126,7986.0,192.0,2.4042075,3457.0,43.288254
Leukemia_AGTGGGACATTATCTC-1,Leukemia,Leukemia,Leukemia,Illumina HiSeq 4000,3022,10170.0,3.3653209794837857,3022,10170.0,253.0,2.487709,4213.0,41.425762
Leukemia_AGTGTCAGTTCGCTAA-1,Leukemia,Leukemia,Leukemia,Illumina HiSeq 4000,3589,15470.0,4.310392867093898,3589,15470.0,185.0,1.195863,6338.0,40.96962
Leukemia_AGTTGGTTCACCGTAA-1,Leukemia,Leukemia,Leukemia,Illumina HiSeq 4000,1863,7637.0,4.0993022007514766,1863,7637.0,67.0,0.87730783,4299.0,56.291737
Leukemia_ATAACGCGTCAGAGGT-1,Leukemia,Leukemia,Leukemia,Illumina HiSeq 4000,2144,7556.0,3.5242537313432836,2144,7556.0,156.0,2.0645845,3462.0,45.817894
Leukemia_ATAACGCGTTCGTTGA-1,Leukemia,Leukemia,Leukemia,Illumina HiSeq 4000,2659,11209.0,4.215494546822113,2659,11209.0,236.0,2.105451,5503.0,49.09448
Leukemia_ATAACGCGTTGTTTGG-1,Leukemia,Leukemia,Leukemia,Illumina HiSeq 4000,3617,15618.0,4.317943046723804,3617,15618.0,424.0,2.7148163,5795.0,37.10462
Leukemia_ATAAGAGAGAGACTTA-1,Leukemia,Leukemia,Leukemia,Illumina HiSeq 4000,2045,7908.0,3.866992665036675,2045,7908.0,134.0,1.6944866,4007.0,50.670208
Leukemia_ATAAGAGAGTAGTGCG-1,Leukemia,Leukemia,Leukemia,Illumina HiSeq 4000,1896,7231.0,3.813818565400844,1896,7231.0,108.0,1.4935694,3852.0,53.270638
Leukemia_ATAAGAGCAGATCGGA-1,Leukemia,Leukemia,Leukemia,Illumina HiSeq 4000,4214,23478.0,5.571428571428571,4214,23478.0,858.0,3.6544852,8758.0,37.303005
Leukemia_ATCACGATCAGGCAAG-1,Leukemia,Leukemia,Leukemia,Illumina HiSeq 4000,2876,12773.0,4.4412378303198885,2876,12773.0,479.0,3.7500978,6433.0,50.364048
Leukemia_ATCACGATCTTAACCT-1,Leukemia,Leukemia,Leukemia,Illumina HiSeq 4000,3175,9539.0,3.0044094488188975,3175,9539.0,258.0,2.7046862,2649.0,27.770206
Leukemia_ATCATCTAGTCAAGCG-1,Leukemia,Leukemia,Leukemia,Illumina HiSeq 4000,2342,9634.0,4.113578138343296,2342,9634.0,127.0,1.3182479,4905.0,50.91343
Leukemia_ATCATGGAGCCCGAAA-1,Leukemia,Leukemia,Leukemia,Illumina HiSeq 4000,2926,11718.0,4.0047846889952154,2926,11718.0,185.0,1.5787678,5299.0,45.221027
Leukemia_ATCCACCGTCAATGTC-1,Leukemia,Leukemia,Leukemia,Illumina HiSeq 4000,3980,18683.0,4.694221105527638,3980,18683.0,584.0,3.1258364,7636.0,40.871384
Leukemia_ATCCGAAAGTTCGCAT-1,Leukemia,Leukemia,Leukemia,Illumina HiSeq 4000,3407,14934.0,4.383328441444085,3407,14934.0,270.0,1.8079551,7456.0,49.926342
Leukemia_ATCCGAATCGAGAGCA-1,Leukemia,Leukemia,Leukemia,Illumina HiSeq 4000,2434,8267.0,3.396466721446179,2434,8267.0,178.0,2.153139,3384.0,40.933834
Leukemia_ATCTACTCAAGCCCAC-1,Leukemia,Leukemia,Leukemia,Illumina HiSeq 4000,3448,15081.0,4.3738399071925755,3448,15081.0,205.0,1.3593262,7312.0,48.484848
Leukemia_ATCTACTCAGGGTACA-1,Leukemia,Leukemia,Leukemia,Illumina HiSeq 4000,1598,6279.0,3.9292866082603255,1598,6279.0,101.0,1.6085364,3351.0,53.36837
Leukemia_ATCTGCCCAATGGAGC-1,Leukemia,Leukemia,Leukemia,Illumina HiSeq 4000,2623,12628.0,4.81433473122379,2623,12628.0,231.0,1.8292682,7005.0,55.47197
Leukemia_ATGAGGGAGTATCGAA-1,Leukemia,Leukemia,Leukemia,Illumina HiSeq 4000,3548,13929.0,3.9258737316798196,3548,13929.0,297.0,2.1322422,5813.0,41.733074
Leukemia_ATGAGGGGTCTACCTC-1,Leukemia,Leukemia,Leukemia,Illumina HiSeq 4000,2318,8494.0,3.6643658326143225,2318,8494.0,184.0,2.166235,4076.0,47.986813
Leukemia_ATGGGAGCAAGAAAGG-1,Leukemia,Leukemia,Leukemia,Illumina HiSeq 4000,1832,7149.0,3.902292576419214,1832,7149.0,126.0,1.7624842,3770.0,52.73465
Leukemia_ATGTGTGTCGTACCGG-1,Leukemia,Leukemia,Leukemia,Illumina HiSeq 4000,3931,19103.0,4.859577715593996,3931,19103.0,419.0,2.1933727,8672.0,45.39601
Leukemia_ATTACTCAGAGGTTGC-1,Leukemia,Leukemia,Leukemia,Illumina HiSeq 4000,1419,4304.0,3.033121916842847,1419,4304.0,59.0,1.3708179,1975.0,45.887547
Leukemia_ATTACTCCAAGCCCAC-1,Leukemia,Leukemia,Leukemia,Illumina HiSeq 4000,2291,8690.0,3.793103448275862,2291,8690.0,96.0,1.1047181,4446.0,51.162254
Leukemia_ATTACTCTCCGCAAGC-1,Leukemia,Leukemia,Leukemia,Illumina HiSeq 4000,2675,10243.0,3.829158878504673,2675,10243.0,150.0,1.4644147,4822.0,47.076054
Leukemia_ATTATCCCACATAACC-1,Leukemia,Leukemia,Leukemia,Illumina HiSeq 4000,4857,25930.0,5.338686431953881,4857,25930.0,730.0,2.8152719,9381.0,36.178173
Leukemia_ATTATCCCAGTCCTTC-1,Leukemia,Leukemia,Leukemia,Illumina HiSeq 4000,2454,10390.0,4.233903830480847,2454,10390.0,96.0,0.92396533,5529.0,53.214626
Leukemia_ATTGGACAGATGAGAG-1,Leukemia,Leukemia,Leukemia,Illumina HiSeq 4000,4592,25126.0,5.471689895470384,4592,25126.0,597.0,2.3760247,9231.0,36.73884
Leukemia_ATTGGACAGTCCTCCT-1,Leukemia,Leukemia,Leukemia,Illumina HiSeq 4000,2108,8096.0,3.840607210626186,2108,8096.0,82.0,1.0128459,4318.0,53.33498
Leukemia_ATTGGACTCACCTTAT-1,Leukemia,Leukemia,Leukemia,Illumina HiSeq 4000,4512,21861.0,4.8450797872340425,4512,21861.0,411.0,1.8800603,7925.0,36.25177
Leukemia_ATTTCTGCACGAGAGT-1,Leukemia,Leukemia,Leukemia,Illumina HiSeq 4000,2982,8160.0,2.7364185110663986,2982,8160.0,230.0,2.8186274,2318.0,28.406862
Leukemia_ATTTCTGGTTGATTGC-1,Leukemia,Leukemia,Leukemia,Illumina HiSeq 4000,3730,19677.0,5.275335120643431,3730,19677.0,568.0,2.8866189,8958.0,45.52523
Leukemia_ATTTCTGTCCTGTACC-1,Leukemia,Leukemia,Leukemia,Illumina HiSeq 4000,1869,7448.0,3.9850187265917603,1869,7448.0,78.0,1.047261,3858.0,51.79914
Leukemia_ATTTCTGTCTGTTTGT-1,Leukemia,Leukemia,Leukemia,Illumina HiSeq 4000,1791,5645.0,3.1518704634282524,1791,5645.0,69.0,1.2223207,2279.0,40.37201
Leukemia_CAACCAACAATCCGAT-1,Leukemia,Leukemia,Leukemia,Illumina HiSeq 4000,2639,9738.0,3.690034103827207,2639,9738.0,122.0,1.252824,4466.0,45.861572
Leukemia_CAACCAACACTTCGAA-1,Leukemia,Leukemia,Leukemia,Illumina HiSeq 4000,3120,12796.0,4.101282051282051,3120,12796.0,131.0,1.0237575,6007.0,46.94436
Leukemia_CAACCTCAGGTAAACT-1,Leukemia,Leukemia,Leukemia,Illumina HiSeq 4000,1995,8620.0,4.320802005012531,1995,8620.0,70.0,0.81206495,4784.0,55.49884
Leukemia_CAACCTCAGTACATGA-1,Leukemia,Leukemia,Leukemia,Illumina HiSeq 4000,2410,9672.0,4.013278008298755,2410,9672.0,107.0,1.1062862,4995.0,51.64392
Leukemia_CAACCTCTCAGGCCCA-1,Leukemia,Leukemia,Leukemia,Illumina HiSeq 4000,2388,8669.0,3.6302345058626466,2388,8669.0,93.0,1.072788,4463.0,51.482296
Leukemia_CAACTAGCACCTTGTC-1,Leukemia,Leukemia,Leukemia,Illumina HiSeq 4000,118,3408.0,28.88135593220339,118,3408.0,1.0,0.029342724,36.0,1.056338
Leukemia_CAACTAGGTTTGACTG-1,Leukemia,Leukemia,Leukemia,Illumina HiSeq 4000,2978,10559.0,3.545668233713902,2978,10559.0,228.0,2.1592953,4299.0,40.71408
Leukemia_CAAGAAACAATGACCT-1,Leukemia,Leukemia,Leukemia,Illumina HiSeq 4000,2229,6429.0,2.8842530282637955,2229,6429.0,172.0,2.6753771,2093.0,32.555607
Leukemia_CAAGAAACACGACTCG-1,Leukemia,Leukemia,Leukemia,Illumina HiSeq 4000,4151,22118.0,5.328354613346182,4151,22118.0,569.0,2.5725653,9485.0,42.883625
Leukemia_CAAGAAACATCCCACT-1,Leukemia,Leukemia,Leukemia,Illumina HiSeq 4000,2369,8239.0,3.4778387505276487,2369,8239.0,92.0,1.1166404,3865.0,46.911034
Leukemia_CAAGATCAGGATGGTC-1,Leukemia,Leukemia,Leukemia,Illumina HiSeq 4000,3974,19642.0,4.94262707599396,3974,19642.0,643.0,3.2735972,8861.0,45.112514
Leukemia_CAAGATCCAATACGCT-1,Leukemia,Leukemia,Leukemia,Illumina HiSeq 4000,4693,25407.0,5.4138077988493505,4693,25407.0,760.0,2.9913015,8587.0,33.797775
Leukemia_CAAGATCGTATCTGCA-1,Leukemia,Leukemia,Leukemia,Illumina HiSeq 4000,4800,32872.0,6.848333333333334,4800,32872.0,1006.0,3.0603554,12646.0,38.470432
Leukemia_CAAGATCTCCGCGGTA-1,Leukemia,Leukemia,Leukemia,Illumina HiSeq 4000,2179,8508.0,3.9045433685176687,2179,8508.0,110.0,1.2929008,4501.0,52.903152
Leukemia_CAAGATCTCCTGCAGG-1,Leukemia,Leukemia,Leukemia,Illumina HiSeq 4000,2591,12138.0,4.6846777306059435,2591,12138.0,164.0,1.3511287,6638.0,54.687756
Leukemia_CAAGGCCTCTTCATGT-1,Leukemia,Leukemia,Leukemia,Illumina HiSeq 4000,4194,21294.0,5.07725321888412,4194,21294.0,545.0,2.5594065,7842.0,36.827274
Leukemia_CAAGTTGAGCCCAATT-1,Leukemia,Leukemia,Leukemia,Illumina HiSeq 4000,1906,7499.0,3.934417628541448,1906,7499.0,103.0,1.3735164,4148.0,55.31404
Leukemia_CAAGTTGAGTAATCCC-1,Leukemia,Leukemia,Leukemia,Illumina HiSeq 4000,4279,22241.0,5.197709745267586,4279,22241.0,431.0,1.9378625,9619.0,43.248955
Leukemia_CAAGTTGCACTTACGA-1,Leukemia,Leukemia,Leukemia,Illumina HiSeq 4000,3350,16828.0,5.023283582089552,3350,16828.0,230.0,1.3667697,8271.0,49.150227
Leukemia_CAAGTTGTCCCGACTT-1,Leukemia,Leukemia,Leukemia,Illumina HiSeq 4000,2514,10240.0,4.073190135242641,2514,10240.0,171.0,1.6699219,5001.0,48.83789
Leukemia_CACAAACCAAGCTGGA-1,Leukemia,Leukemia,Leukemia,Illumina HiSeq 4000,2572,7034.0,2.734836702954899,2572,7034.0,499.0,7.0941143,2157.0,30.66534
Leukemia_CACAAACCACTGAAGG-1,Leukemia,Leukemia,Leukemia,Illumina HiSeq 4000,3820,17004.0,4.451308900523561,3820,17004.0,245.0,1.4408374,7970.0,46.871326
Leukemia_CACAAACGTAAGTGGC-1,Leukemia,Leukemia,Leukemia,Illumina HiSeq 4000,2280,8037.0,3.525,2280,8037.0,72.0,0.8958567,4030.0,50.143085
Leukemia_CACACAAAGTTACCCA-1,Leukemia,Leukemia,Leukemia,Illumina HiSeq 4000,2581,8119.0,3.145679969004262,2581,8119.0,171.0,2.1061707,2827.0,34.819557
Leukemia_CACACCTAGTTCCACA-1,Leukemia,Leukemia,Leukemia,Illumina HiSeq 4000,5725,42757.0,7.468471615720524,5725,42757.0,972.0,2.273312,12491.0,29.213928
Leukemia_CACACCTCACGCGAAA-1,Leukemia,Leukemia,Leukemia,Illumina HiSeq 4000,586,835.0,1.424914675767918,586,835.0,28.0,3.3532932,93.0,11.137725
Leukemia_CACACCTTCGACGGAA-1,Leukemia,Leukemia,Leukemia,Illumina HiSeq 4000,2089,7436.0,3.559597893729057,2089,7436.0,114.0,1.5330824,3633.0,48.85691
Leukemia_CACACTCAGCGATTCT-1,Leukemia,Leukemia,Leukemia,Illumina HiSeq 4000,3023,10980.0,3.6321534899106847,3023,10980.0,265.0,2.413479,4894.0,44.57195
Leukemia_CACACTCCACAGGTTT-1,Leukemia,Leukemia,Leukemia,Illumina HiSeq 4000,2538,9441.0,3.719858156028369,2538,9441.0,79.0,0.8367757,4508.0,47.74918
Leukemia_CACAGGCGTAAATGAC-1,Leukemia,Leukemia,Leukemia,Illumina HiSeq 4000,3489,16498.0,4.7285755230725135,3489,16498.0,277.0,1.6789913,7140.0,43.277973
Leukemia_CACAGGCTCCCATTAT-1,Leukemia,Leukemia,Leukemia,Illumina HiSeq 4000,1946,7138.0,3.6680369989722506,1946,7138.0,64.0,0.89660966,3744.0,52.451664
Leukemia_CACAGTAAGACCCACC-1,Leukemia,Leukemia,Leukemia,Illumina HiSeq 4000,1837,7463.0,4.062602068590093,1837,7463.0,168.0,2.2511053,4088.0,54.7769
Leukemia_CACAGTAAGGGCTTGA-1,Leukemia,Leukemia,Leukemia,Illumina HiSeq 4000,3933,19506.0,4.959572845156369,3933,19506.0,512.0,2.6248333,7774.0,39.854404
Leukemia_CACAGTACAGACTCGC-1,Leukemia,Leukemia,Leukemia,Illumina HiSeq 4000,4618,29211.0,6.325465569510611,4618,29211.0,662.0,2.2662694,11522.0,39.444046
Leukemia_CACAGTAGTAAATGAC-1,Leukemia,Leukemia,Leukemia,Illumina HiSeq 4000,4356,19664.0,4.514233241505969,4356,19664.0,604.0,3.071603,7719.0,39.254475
Leukemia_CACAGTAGTCAAAGCG-1,Leukemia,Leukemia,Leukemia,Illumina HiSeq 4000,2277,7503.0,3.2951251646903823,2277,7503.0,105.0,1.3994402,3572.0,47.607624
Leukemia_CACATAGCAAGCTGGA-1,Leukemia,Leukemia,Leukemia,Illumina HiSeq 4000,2260,8581.0,3.7969026548672566,2260,8581.0,104.0,1.21198,4082.0,47.570213
Leukemia_CACATAGCACACGCTG-1,Leukemia,Leukemia,Leukemia,Illumina HiSeq 4000,4650,27297.0,5.870322580645161,4650,27297.0,595.0,2.1797268,9649.0,35.348206
Leukemia_CACATAGCACTGTTAG-1,Leukemia,Leukemia,Leukemia,Illumina HiSeq 4000,3145,12398.0,3.9421303656597773,3145,12398.0,204.0,1.6454266,5875.0,47.386677
Leukemia_CACATTTAGCCGCCTA-1,Leukemia,Leukemia,Leukemia,Illumina HiSeq 4000,2514,9544.0,3.796340493237868,2514,9544.0,82.0,0.8591785,4361.0,45.69363
Leukemia_CACATTTCATACTCTT-1,Leukemia,Leukemia,Leukemia,Illumina HiSeq 4000,554,784.0,1.4151624548736461,554,784.0,112.0,14.285715,34.0,4.336735
Leukemia_CACCACTAGATGAGAG-1,Leukemia,Leukemia,Leukemia,Illumina HiSeq 4000,1777,5345.0,3.007878446820484,1777,5345.0,92.0,1.7212348,2571.0,48.10103
Leukemia_CACCACTTCACTATTC-1,Leukemia,Leukemia,Leukemia,Illumina HiSeq 4000,3735,15276.0,4.08995983935743,3735,15276.0,328.0,2.147159,6692.0,43.80728
Leukemia_CACCAGGAGTACGACG-1,Leukemia,Leukemia,Leukemia,Illumina HiSeq 4000,3822,18816.0,4.923076923076923,3822,18816.0,456.0,2.4234693,7239.0,38.472576
Leukemia_CACCAGGCACGAAAGC-1,Leukemia,Leukemia,Leukemia,Illumina HiSeq 4000,3608,19637.0,5.4426274944567625,3608,19637.0,694.0,3.5341449,8967.0,45.6638
Leukemia_CACCTTGAGACGCTTT-1,Leukemia,Leukemia,Leukemia,Illumina HiSeq 4000,558,808.0,1.4480286738351253,558,808.0,55.0,6.806931,113.0,13.985148
Leukemia_CACCTTGGTCGAATCT-1,Leukemia,Leukemia,Leukemia,Illumina HiSeq 4000,2278,8402.0,3.688323090430202,2278,8402.0,95.0,1.1306832,4257.0,50.666504
Leukemia_CACCTTGGTTACTGAC-1,Leukemia,Leukemia,Leukemia,Illumina HiSeq 4000,4428,24460.0,5.523938572719061,4428,24460.0,778.0,3.1807032,9537.0,38.99019
Leukemia_CACCTTGTCATCATTC-1,Leukemia,Leukemia,Leukemia,Illumina HiSeq 4000,4556,18128.0,3.9789288849868307,4556,18128.0,879.0,4.8488526,5154.0,28.431156
Leukemia_CACTCCACAAGAAAGG-1,Leukemia,Leukemia,Leukemia,Illumina HiSeq 4000,4364,25022.0,5.733730522456462,4364,25022.0,871.0,3.480937,10216.0,40.82807
Leukemia_CACTCCACAGGTGGAT-1,Leukemia,Leukemia,Leukemia,Illumina HiSeq 4000,2712,10689.0,3.941371681415929,2712,10689.0,629.0,5.8845544,4495.0,42.052574
Leukemia_CACTCCACATGTAGTC-1,Leukemia,Leukemia,Leukemia,Illumina HiSeq 4000,4431,25759.0,5.81336041525615,4431,25759.0,716.0,2.779611,10502.0,40.770214
Leukemia_CAGAATCAGGCGACAT-1,Leukemia,Leukemia,Leukemia,Illumina HiSeq 4000,3283,14196.0,4.32409381663113,3283,14196.0,269.0,1.8949,6701.0,47.203438
Leukemia_CAGAATCGTTCTGTTT-1,Leukemia,Leukemia,Leukemia,Illumina HiSeq 4000,1832,7628.0,4.163755458515284,1832,7628.0,145.0,1.9008914,4222.0,55.348717
Leukemia_CAGAATCTCGTACGGC-1,Leukemia,Leukemia,Leukemia,Illumina HiSeq 4000,4534,23226.0,5.122629025143361,4534,23226.0,689.0,2.9665031,7547.0,32.49376
Leukemia_CAGAGAGAGCAATATG-1,Leukemia,Leukemia,Leukemia,Illumina HiSeq 4000,2068,8728.0,4.220502901353965,2068,8728.0,147.0,1.6842346,4540.0,52.016495
Leukemia_CAGAGAGAGTCTTGCA-1,Leukemia,Leukemia,Leukemia,Illumina HiSeq 4000,2306,8799.0,3.815698178664354,2306,8799.0,152.0,1.7274691,4651.0,52.85828
Leukemia_CAGAGAGCACATCCGG-1,Leukemia,Leukemia,Leukemia,Illumina HiSeq 4000,4417,25576.0,5.790355444872085,4417,25576.0,656.0,2.5649047,9853.0,38.5244
Leukemia_CAGATCAAGAGACGAA-1,Leukemia,Leukemia,Leukemia,Illumina HiSeq 4000,1793,8073.0,4.502509760178472,1793,8073.0,104.0,1.2882447,4718.0,58.441715
Leukemia_CAGCAGCCATAGAAAC-1,Leukemia,Leukemia,Leukemia,Illumina HiSeq 4000,2770,12206.0,4.406498194945848,2770,12206.0,259.0,2.1219072,6260.0,51.28625
Leukemia_CAGCAGCGTGTCCTCT-1,Leukemia,Leukemia,Leukemia,Illumina HiSeq 4000,2468,9027.0,3.657617504051864,2468,9027.0,156.0,1.7281489,4381.0,48.53218
Leukemia_CAGCAGCTCCATGCTC-1,Leukemia,Leukemia,Leukemia,Illumina HiSeq 4000,1256,3123.0,2.486464968152866,1256,3123.0,174.0,5.5715656,1265.0,40.505924
Leukemia_CAGCATAGTACGACCC-1,Leukemia,Leukemia,Leukemia,Illumina HiSeq 4000,3368,14250.0,4.230997624703088,3368,14250.0,232.0,1.6280701,6743.0,47.319298
Leukemia_CAGCCGACAGACGCAA-1,Leukemia,Leukemia,Leukemia,Illumina HiSeq 4000,87,1709.0,19.64367816091954,87,1709.0,0.0,0.0,73.0,4.271504
Leukemia_CAGCCGATCTTTACGT-1,Leukemia,Leukemia,Leukemia,Illumina HiSeq 4000,2634,11069.0,4.2023538344722855,2634,11069.0,201.0,1.8158821,5725.0,51.721024
Leukemia_CAGCTAACAGATCTGT-1,Leukemia,Leukemia,Leukemia,Illumina HiSeq 4000,59,533.0,9.033898305084746,59,533.0,0.0,0.0,35.0,6.566604
Leukemia_CAGCTAACAGCCTGTG-1,Leukemia,Leukemia,Leukemia,Illumina HiSeq 4000,394,749.0,1.901015228426396,394,749.0,12.0,1.6021361,362.0,48.33111
Leukemia_CAGCTAACATGTCCTC-1,Leukemia,Leukemia,Leukemia,Illumina HiSeq 4000,2419,8342.0,3.448532451426209,2419,8342.0,157.0,1.8820428,3981.0,47.72237
Leukemia_CAGCTGGGTAAATGTG-1,Leukemia,Leukemia,Leukemia,Illumina HiSeq 4000,4686,28172.0,6.011950490823731,4686,28172.0,944.0,3.3508449,11666.0,41.40991
Leukemia_CAGGTGCGTACGAAAT-1,Leukemia,Leukemia,Leukemia,Illumina HiSeq 4000,2226,7465.0,3.353548966756514,2226,7465.0,109.0,1.4601474,3207.0,42.960484
Leukemia_CAGGTGCTCATACGGT-1,Leukemia,Leukemia,Leukemia,Illumina HiSeq 4000,1952,8008.0,4.102459016393443,1952,8008.0,96.0,1.1988012,4431.0,55.332165
Leukemia_CAGGTGCTCCTTCAAT-1,Leukemia,Leukemia,Leukemia,Illumina HiSeq 4000,3039,9048.0,2.9772951628825273,3039,9048.0,508.0,5.6145005,2784.0,30.769232
Leukemia_CAGTAACAGTTATCGC-1,Leukemia,Leukemia,Leukemia,Illumina HiSeq 4000,3020,13264.0,4.39205298013245,3020,13264.0,204.0,1.5379976,6322.0,47.66285
Leukemia_CAGTAACGTGCAGGTA-1,Leukemia,Leukemia,Leukemia,Illumina HiSeq 4000,2497,10178.0,4.076091309571486,2497,10178.0,358.0,3.5173905,4574.0,44.940067
Leukemia_CAGTAACTCATTCACT-1,Leukemia,Leukemia,Leukemia,Illumina HiSeq 4000,4120,19468.0,4.725242718446602,4120,19468.0,389.0,1.9981507,8218.0,42.21286
Leukemia_CAGTCCTTCTTGTACT-1,Leukemia,Leukemia,Leukemia,Illumina HiSeq 4000,4310,18886.0,4.381902552204176,4310,18886.0,397.0,2.102086,7334.0,38.833
Leukemia_CATATGGCAATACGCT-1,Leukemia,Leukemia,Leukemia,Illumina HiSeq 4000,2441,9104.0,3.7296190086030316,2441,9104.0,136.0,1.4938488,4568.0,50.175743
Leukemia_CATATGGTCGGCGGTT-1,Leukemia,Leukemia,Leukemia,Illumina HiSeq 4000,2895,12813.0,4.425906735751295,2895,12813.0,253.0,1.9745572,6562.0,51.21361
Leukemia_CATCAAGAGCGTGTCC-1,Leukemia,Leukemia,Leukemia,Illumina HiSeq 4000,3258,14875.0,4.565684468999386,3258,14875.0,560.0,3.7647057,6007.0,40.383194
Leukemia_CATCAGACATGCCACG-1,Leukemia,Leukemia,Leukemia,Illumina HiSeq 4000,3262,10678.0,3.2734518700183934,3262,10678.0,119.0,1.1144409,4097.0,38.36861
Leukemia_CATCCACGTTCACCTC-1,Leukemia,Leukemia,Leukemia,Illumina HiSeq 4000,160,2021.0,12.63125,160,2021.0,0.0,0.0,52.0,2.5729837
Leukemia_CATCCACTCATACGGT-1,Leukemia,Leukemia,Leukemia,Illumina HiSeq 4000,2744,9949.0,3.625728862973761,2744,9949.0,155.0,1.5579456,4525.0,45.48196
Leukemia_CATCGGGCAATACGCT-1,Leukemia,Leukemia,Leukemia,Illumina HiSeq 4000,1815,6416.0,3.5349862258953166,1815,6416.0,136.0,2.119701,3315.0,51.66771
Leukemia_CATCGGGTCCAGGGCT-1,Leukemia,Leukemia,Leukemia,Illumina HiSeq 4000,2407,8297.0,3.447029497299543,2407,8297.0,122.0,1.4704111,3575.0,43.087864
Leukemia_CATGACACAGATGAGC-1,Leukemia,Leukemia,Leukemia,Illumina HiSeq 4000,3838,18829.0,4.905940594059406,3838,18829.0,576.0,3.0591109,7936.0,42.14775
Leukemia_CATGACAGTGTTTGTG-1,Leukemia,Leukemia,Leukemia,Illumina HiSeq 4000,1701,5139.0,3.0211640211640214,1701,5139.0,49.0,0.9534929,2513.0,48.900566
Leukemia_CATGACATCCAGAGGA-1,Leukemia,Leukemia,Leukemia,Illumina HiSeq 4000,4441,24362.0,5.485701418599414,4441,24362.0,811.0,3.3289547,10039.0,41.20762
Leukemia_CATGCCTGTTCAGACT-1,Leukemia,Leukemia,Leukemia,Illumina HiSeq 4000,2585,10413.0,4.028239845261122,2585,10413.0,103.0,0.9891482,5231.0,50.235283
Leukemia_CATGGCGCAAAGTGCG-1,Leukemia,Leukemia,Leukemia,Illumina HiSeq 4000,2185,9579.0,4.383981693363844,2185,9579.0,162.0,1.6911994,5301.0,55.339806
Leukemia_CATGGCGTCATCACCC-1,Leukemia,Leukemia,Leukemia,Illumina HiSeq 4000,1658,5361.0,3.233413751507841,1658,5361.0,81.0,1.5109122,2711.0,50.568928
Leukemia_CATTATCGTCAGGACA-1,Leukemia,Leukemia,Leukemia,Illumina HiSeq 4000,4038,18496.0,4.5804853888063395,4038,18496.0,431.0,2.3302336,6724.0,36.353806
Leukemia_CATTCGCGTCAACATC-1,Leukemia,Leukemia,Leukemia,Illumina HiSeq 4000,2112,9489.0,4.4928977272727275,2112,9489.0,141.0,1.485931,5289.0,55.738224
Leukemia_CATTCGCGTCTGCCAG-1,Leukemia,Leukemia,Leukemia,Illumina HiSeq 4000,4311,21361.0,4.954998840176293,4311,21361.0,391.0,1.8304387,8037.0,37.62464
Leukemia_CATTCGCTCGGCGCTA-1,Leukemia,Leukemia,Leukemia,Illumina HiSeq 4000,2079,8802.0,4.233766233766234,2079,8802.0,86.0,0.9770507,4840.0,54.987503
Leukemia_CCACCTACAGCTCCGA-1,Leukemia,Leukemia,Leukemia,Illumina HiSeq 4000,62,774.0,12.483870967741936,62,774.0,0.0,0.0,39.0,5.0387597
Leukemia_CCACGGACAGAGCCAA-1,Leukemia,Leukemia,Leukemia,Illumina HiSeq 4000,2201,7479.0,3.3980009086778735,2201,7479.0,163.0,2.1794357,3321.0,44.40433
Leukemia_CCAGCGACAATGAATG-1,Leukemia,Leukemia,Leukemia,Illumina HiSeq 4000,2433,9109.0,3.7439375256884504,2433,9109.0,135.0,1.4820507,4326.0,47.49149
Leukemia_CCAGCGACACAGCGTC-1,Leukemia,Leukemia,Leukemia,Illumina HiSeq 4000,2738,8380.0,3.060628195763331,2738,8380.0,177.0,2.112172,3541.0,42.255367
Leukemia_CCAGCGATCAACGGGA-1,Leukemia,Leukemia,Leukemia,Illumina HiSeq 4000,998,2765.0,2.770541082164329,998,2765.0,52.0,1.880651,1384.0,50.054253
Leukemia_CCATGTCCATCCCACT-1,Leukemia,Leukemia,Leukemia,Illumina HiSeq 4000,2819,10715.0,3.800993260021284,2819,10715.0,209.0,1.9505367,5132.0,47.895473
Leukemia_CCATGTCTCAACCATG-1,Leukemia,Leukemia,Leukemia,Illumina HiSeq 4000,2190,8664.0,3.956164383561644,2190,8664.0,128.0,1.4773777,4460.0,51.47738
Leukemia_CCATTCGGTCTCATCC-1,Leukemia,Leukemia,Leukemia,Illumina HiSeq 4000,3470,12963.0,3.735734870317003,3470,12963.0,339.0,2.6151354,5161.0,39.813316
Leukemia_CCCAATCTCACCACCT-1,Leukemia,Leukemia,Leukemia,Illumina HiSeq 4000,3830,19349.0,5.051958224543081,3830,19349.0,473.0,2.4445708,8002.0,41.356144
Leukemia_CCCAGTTAGTCAATAG-1,Leukemia,Leukemia,Leukemia,Illumina HiSeq 4000,2348,9789.0,4.1690800681431,2348,9789.0,144.0,1.4710389,5225.0,53.37624
Leukemia_CCCAGTTCAGGTCGTC-1,Leukemia,Leukemia,Leukemia,Illumina HiSeq 4000,4454,27381.0,6.147507858105074,4454,27381.0,702.0,2.5638218,11410.0,41.67123
Leukemia_CCCAGTTGTTGACGTT-1,Leukemia,Leukemia,Leukemia,Illumina HiSeq 4000,2451,8137.0,3.319869441044472,2451,8137.0,94.0,1.1552169,3364.0,41.34202
Leukemia_CCCTCCTCACGCCAGT-1,Leukemia,Leukemia,Leukemia,Illumina HiSeq 4000,4030,17026.0,4.2248138957816375,4030,17026.0,203.0,1.1922941,7044.0,41.37202
Leukemia_CCCTCCTCATCACGTA-1,Leukemia,Leukemia,Leukemia,Illumina HiSeq 4000,2126,7137.0,3.357008466603951,2126,7137.0,51.0,0.71458596,3476.0,48.703938
Leukemia_CCCTCCTGTTATCACG-1,Leukemia,Leukemia,Leukemia,Illumina HiSeq 4000,2388,7378.0,3.0896147403685092,2388,7378.0,134.0,1.8162104,3098.0,41.9897
Leukemia_CCGGGATCAATGTTGC-1,Leukemia,Leukemia,Leukemia,Illumina HiSeq 4000,2216,7355.0,3.319043321299639,2216,7355.0,90.0,1.2236574,3323.0,45.18015
Leukemia_CCGTACTTCTGCGACG-1,Leukemia,Leukemia,Leukemia,Illumina HiSeq 4000,1834,7317.0,3.989640130861505,1834,7317.0,140.0,1.9133525,3522.0,48.134483
Leukemia_CCGTGGAAGCATGGCA-1,Leukemia,Leukemia,Leukemia,Illumina HiSeq 4000,2225,7517.0,3.378426966292135,2225,7517.0,113.0,1.5032593,3336.0,44.379406
Leukemia_CCGTGGACACGCTTTC-1,Leukemia,Leukemia,Leukemia,Illumina HiSeq 4000,2172,5787.0,2.664364640883978,2172,5787.0,62.0,1.0713669,1792.0,30.965958
Leukemia_CCGTGGATCATCGCTC-1,Leukemia,Leukemia,Leukemia,Illumina HiSeq 4000,3679,17943.0,4.877140527317206,3679,17943.0,614.0,3.4219475,6228.0,34.709915
Leukemia_CCGTTCAAGATGCCAG-1,Leukemia,Leukemia,Leukemia,Illumina HiSeq 4000,3221,12758.0,3.960881713753493,3221,12758.0,159.0,1.2462769,5682.0,44.536762
Leukemia_CCGTTCAGTTAGTGGG-1,Leukemia,Leukemia,Leukemia,Illumina HiSeq 4000,2410,10337.0,4.289211618257261,2410,10337.0,119.0,1.1512043,5453.0,52.75225
Leukemia_CCTAAAGAGTATCTCG-1,Leukemia,Leukemia,Leukemia,Illumina HiSeq 4000,3302,11944.0,3.6172016959418536,3302,11944.0,268.0,2.2438045,3916.0,32.786335
Leukemia_CCTAAAGGTCGCATAT-1,Leukemia,Leukemia,Leukemia,Illumina HiSeq 4000,1938,7148.0,3.6883384932920538,1938,7148.0,92.0,1.2870733,3761.0,52.61611
Leukemia_CCTAAAGTCTTATCTG-1,Leukemia,Leukemia,Leukemia,Illumina HiSeq 4000,2875,11047.0,3.8424347826086955,2875,11047.0,163.0,1.4755137,5360.0,48.51996
Leukemia_CCTACACAGATGTGGC-1,Leukemia,Leukemia,Leukemia,Illumina HiSeq 4000,2011,9848.0,4.897066136250621,2011,9848.0,147.0,1.4926889,5752.0,58.407803
Leukemia_CCTACACAGCCACGTC-1,Leukemia,Leukemia,Leukemia,Illumina HiSeq 4000,2786,10510.0,3.7724335965541997,2786,10510.0,154.0,1.4652711,4885.0,46.479546
Leukemia_CCTACACCAGCGTCCA-1,Leukemia,Leukemia,Leukemia,Illumina HiSeq 4000,3764,18372.0,4.8809776833156215,3764,18372.0,491.0,2.6725452,7444.0,40.51818
Leukemia_CCTACACGTGCAGTAG-1,Leukemia,Leukemia,Leukemia,Illumina HiSeq 4000,3135,12466.0,3.9763955342902713,3135,12466.0,228.0,1.8289748,6017.0,48.26729
Leukemia_CCTACACTCAAACAAG-1,Leukemia,Leukemia,Leukemia,Illumina HiSeq 4000,4433,23890.0,5.389127002030228,4433,23890.0,581.0,2.43198,9689.0,40.556717
Leukemia_CCTACCAGTTCCGGCA-1,Leukemia,Leukemia,Leukemia,Illumina HiSeq 4000,1044,4009.0,3.8400383141762453,1044,4009.0,38.0,0.94786733,2376.0,59.26665
Leukemia_CCTAGCTAGAAGGACA-1,Leukemia,Leukemia,Leukemia,Illumina HiSeq 4000,3675,17402.0,4.7352380952380955,3675,17402.0,443.0,2.5456843,7212.0,41.443512
Leukemia_CCTATTAGTACAGTGG-1,Leukemia,Leukemia,Leukemia,Illumina HiSeq 4000,4522,22950.0,5.075187969924812,4522,22950.0,708.0,3.0849674,8490.0,36.993465
Leukemia_CCTCTGAAGCACCGCT-1,Leukemia,Leukemia,Leukemia,Illumina HiSeq 4000,4405,27060.0,6.1430192962542565,4405,27060.0,841.0,3.1079082,12418.0,45.890614
Leukemia_CCTCTGACACGAGAGT-1,Leukemia,Leukemia,Leukemia,Illumina HiSeq 4000,4167,21825.0,5.237580993520519,4167,21825.0,649.0,2.973654,8128.0,37.241695
Leukemia_CCTCTGACATGCGCAC-1,Leukemia,Leukemia,Leukemia,Illumina HiSeq 4000,3986,18600.0,4.666332162568992,3986,18600.0,378.0,2.032258,7255.0,39.005375
Leukemia_CCTTACGTCACAGTAC-1,Leukemia,Leukemia,Leukemia,Illumina HiSeq 4000,2241,7458.0,3.3279785809906293,2241,7458.0,69.0,0.925181,3561.0,47.747387
Leukemia_CCTTCCCAGCTAACTC-1,Leukemia,Leukemia,Leukemia,Illumina HiSeq 4000,974,1394.0,1.431211498973306,974,1394.0,131.0,9.397417,20.0,1.4347202
Leukemia_CCTTCCCGTTATCGGT-1,Leukemia,Leukemia,Leukemia,Illumina HiSeq 4000,2744,10038.0,3.6581632653061225,2744,10038.0,163.0,1.6238295,4772.0,47.53935
Leukemia_CCTTTCTGTAGATTAG-1,Leukemia,Leukemia,Leukemia,Illumina HiSeq 4000,535,637.0,1.1906542056074767,535,637.0,0.0,0.0,13.0,2.0408163
Leukemia_CGAACATAGACAAGCC-1,Leukemia,Leukemia,Leukemia,Illumina HiSeq 4000,2656,9326.0,3.5112951807228914,2656,9326.0,101.0,1.0829937,4403.0,47.212093
Leukemia_CGAACATTCTGGCGAC-1,Leukemia,Leukemia,Leukemia,Illumina HiSeq 4000,2260,9575.0,4.236725663716814,2260,9575.0,129.0,1.3472584,5346.0,55.832897
Leukemia_CGACCTTCAGCTTAAC-1,Leukemia,Leukemia,Leukemia,Illumina HiSeq 4000,64,2358.0,36.84375,64,2358.0,0.0,0.0,18.0,0.7633588
Leukemia_CGACTTCGTTTGTTGG-1,Leukemia,Leukemia,Leukemia,Illumina HiSeq 4000,4582,25512.0,5.56787429070275,4582,25512.0,630.0,2.4694262,9471.0,37.123707
Leukemia_CGACTTCTCTGCAAGT-1,Leukemia,Leukemia,Leukemia,Illumina HiSeq 4000,2199,7757.0,3.527512505684402,2199,7757.0,122.0,1.5727731,3823.0,49.28452
Leukemia_CGACTTCTCTGCAGTA-1,Leukemia,Leukemia,Leukemia,Illumina HiSeq 4000,2317,8828.0,3.8100992662926196,2317,8828.0,105.0,1.1893973,4652.0,52.695965
Leukemia_CGAGAAGAGAGCTGGT-1,Leukemia,Leukemia,Leukemia,Illumina HiSeq 4000,4433,25341.0,5.7164448454771035,4433,25341.0,672.0,2.651829,9581.0,37.808296
Leukemia_CGAGAAGCATCGGACC-1,Leukemia,Leukemia,Leukemia,Illumina HiSeq 4000,2546,10437.0,4.099371563236449,2546,10437.0,122.0,1.1689183,5250.0,50.301807
Leukemia_CGAGAAGGTCCAGTAT-1,Leukemia,Leukemia,Leukemia,Illumina HiSeq 4000,2278,7648.0,3.357330992098332,2278,7648.0,83.0,1.085251,3493.0,45.67207
Leukemia_CGAGCACCACCTTGTC-1,Leukemia,Leukemia,Leukemia,Illumina HiSeq 4000,3778,20265.0,5.363949179460032,3778,20265.0,405.0,1.9985195,8090.0,39.921043
Leukemia_CGAGCACCAGACGTAG-1,Leukemia,Leukemia,Leukemia,Illumina HiSeq 4000,3600,19424.0,5.395555555555555,3600,19424.0,482.0,2.481466,8637.0,44.46561
Leukemia_CGAGCACGTTACGTCA-1,Leukemia,Leukemia,Leukemia,Illumina HiSeq 4000,4819,28987.0,6.0151483710313345,4819,28987.0,630.0,2.173388,11382.0,39.265877
Leukemia_CGAGCCAAGGTGACCA-1,Leukemia,Leukemia,Leukemia,Illumina HiSeq 4000,2043,7867.0,3.850709740577582,2043,7867.0,63.0,0.80081356,4153.0,52.790134
Leukemia_CGAGCCAGTTAAGACA-1,Leukemia,Leukemia,Leukemia,Illumina HiSeq 4000,2253,8084.0,3.588104749223258,2253,8084.0,145.0,1.7936666,3993.0,49.393864
Leukemia_CGATCGGAGCTTATCG-1,Leukemia,Leukemia,Leukemia,Illumina HiSeq 4000,2176,7998.0,3.6755514705882355,2176,7998.0,123.0,1.5378845,3843.0,48.04951
Leukemia_CGATCGGCAATACGCT-1,Leukemia,Leukemia,Leukemia,Illumina HiSeq 4000,4330,24914.0,5.753810623556582,4330,24914.0,663.0,2.6611545,9198.0,36.919003
Leukemia_CGATCGGGTCTTCTCG-1,Leukemia,Leukemia,Leukemia,Illumina HiSeq 4000,4289,21254.0,4.955467474935882,4289,21254.0,457.0,2.1501834,8081.0,38.02108
Leukemia_CGATCGGTCGCGATCG-1,Leukemia,Leukemia,Leukemia,Illumina HiSeq 4000,1796,6201.0,3.452672605790646,1796,6201.0,56.0,0.9030801,3223.0,51.975487
Leukemia_CGATGGCCACTTAACG-1,Leukemia,Leukemia,Leukemia,Illumina HiSeq 4000,3751,14493.0,3.8637696614236203,3751,14493.0,408.0,2.8151522,4772.0,32.92624
Leukemia_CGATGGCGTCCGAAGA-1,Leukemia,Leukemia,Leukemia,Illumina HiSeq 4000,1701,5348.0,3.1440329218106995,1701,5348.0,64.0,1.196709,2605.0,48.709797
Leukemia_CGATGTAAGTACGCCC-1,Leukemia,Leukemia,Leukemia,Illumina HiSeq 4000,4802,29885.0,6.223448563098709,4802,29885.0,906.0,3.0316212,10840.0,36.272377
Leukemia_CGATTGAAGACACTAA-1,Leukemia,Leukemia,Leukemia,Illumina HiSeq 4000,3841,19936.0,5.190315022129654,3841,19936.0,638.0,3.2002409,7504.0,37.64045
Leukemia_CGCCAAGTCAACACGT-1,Leukemia,Leukemia,Leukemia,Illumina HiSeq 4000,3145,13083.0,4.1599364069952305,3145,13083.0,433.0,3.3096385,5434.0,41.534817
Leukemia_CGCGGTAGTTACCGAT-1,Leukemia,Leukemia,Leukemia,Illumina HiSeq 4000,2921,10754.0,3.6816158849709004,2921,10754.0,245.0,2.278222,4311.0,40.08741
Leukemia_CGCGGTATCACATAGC-1,Leukemia,Leukemia,Leukemia,Illumina HiSeq 4000,1558,6164.0,3.956354300385109,1558,6164.0,92.0,1.4925373,3398.0,55.12654
Leukemia_CGCGTTTGTGTGACCC-1,Leukemia,Leukemia,Leukemia,Illumina HiSeq 4000,2323,9648.0,4.153250107619457,2323,9648.0,157.0,1.6272802,5116.0,53.026535
Leukemia_CGCGTTTTCAGGTTCA-1,Leukemia,Leukemia,Leukemia,Illumina HiSeq 4000,2388,8706.0,3.6457286432160805,2388,8706.0,91.0,1.0452561,4179.0,48.001377
Leukemia_CGCTATCCAACACGCC-1,Leukemia,Leukemia,Leukemia,Illumina HiSeq 4000,1996,6572.0,3.2925851703406814,1996,6572.0,51.0,0.77601945,3199.0,48.6762
Leukemia_CGCTGGAAGAGGTTAT-1,Leukemia,Leukemia,Leukemia,Illumina HiSeq 4000,1890,7194.0,3.806349206349206,1890,7194.0,53.0,0.73672503,3981.0,55.33778
Leukemia_CGCTGGAGTAAGAGGA-1,Leukemia,Leukemia,Leukemia,Illumina HiSeq 4000,2351,9682.0,4.118247554232242,2351,9682.0,115.0,1.1877711,5105.0,52.72671
Leukemia_CGCTGGATCGCGGATC-1,Leukemia,Leukemia,Leukemia,Illumina HiSeq 4000,3658,17738.0,4.849097867687261,3658,17738.0,365.0,2.057729,7865.0,44.339836
Leukemia_CGCTTCATCCGCGCAA-1,Leukemia,Leukemia,Leukemia,Illumina HiSeq 4000,1950,7450.0,3.8205128205128207,1950,7450.0,95.0,1.2751678,3961.0,53.167786
Leukemia_CGGACACAGGCATGTG-1,Leukemia,Leukemia,Leukemia,Illumina HiSeq 4000,4594,22638.0,4.927731824118415,4594,22638.0,537.0,2.3721178,7231.0,31.941868
Leukemia_CGGACACAGTGCGTGA-1,Leukemia,Leukemia,Leukemia,Illumina HiSeq 4000,3618,15128.0,4.181315644002211,3618,15128.0,470.0,3.1068218,5046.0,33.355366
Leukemia_CGGACACCACTAGTAC-1,Leukemia,Leukemia,Leukemia,Illumina HiSeq 4000,1627,4865.0,2.9901659496004918,1627,4865.0,100.0,2.0554984,2372.0,48.756424
Leukemia_CGGACACGTGAAAGAG-1,Leukemia,Leukemia,Leukemia,Illumina HiSeq 4000,2356,9192.0,3.901528013582343,2356,9192.0,149.0,1.6209748,4664.0,50.739773
Leukemia_CGGACTGAGCGATAGC-1,Leukemia,Leukemia,Leukemia,Illumina HiSeq 4000,2212,6529.0,2.951627486437613,2212,6529.0,262.0,4.0128655,2768.0,42.395466
Leukemia_CGGACTGGTGAGTGAC-1,Leukemia,Leukemia,Leukemia,Illumina HiSeq 4000,2792,11335.0,4.059813753581662,2792,11335.0,133.0,1.1733568,5694.0,50.233788
Leukemia_CGGACTGTCCAGATCA-1,Leukemia,Leukemia,Leukemia,Illumina HiSeq 4000,2563,11010.0,4.295747171283652,2563,11010.0,168.0,1.5258855,5830.0,52.95186
Leukemia_CGGAGCTTCTGAAAGA-1,Leukemia,Leukemia,Leukemia,Illumina HiSeq 4000,2990,12593.0,4.211705685618729,2990,12593.0,424.0,3.3669498,4848.0,38.497578
Leukemia_CGGCTAGTCAGTACGT-1,Leukemia,Leukemia,Leukemia,Illumina HiSeq 4000,1887,5489.0,2.908850026497085,1887,5489.0,82.0,1.493897,2479.0,45.16305
Leukemia_CGGCTAGTCCAAATGC-1,Leukemia,Leukemia,Leukemia,Illumina HiSeq 4000,1729,4701.0,2.718912666281087,1729,4701.0,36.0,0.7657945,1852.0,39.39587
Leukemia_CGGCTAGTCGGTGTTA-1,Leukemia,Leukemia,Leukemia,Illumina HiSeq 4000,1310,3441.0,2.6267175572519084,1310,3441.0,57.0,1.6564952,1622.0,47.13746
Leukemia_CGGCTAGTCTGTCAAG-1,Leukemia,Leukemia,Leukemia,Illumina HiSeq 4000,3281,13122.0,3.999390429747028,3281,13122.0,377.0,2.8730376,5185.0,39.513794
Leukemia_CGGGTCACAGTCGTGC-1,Leukemia,Leukemia,Leukemia,Illumina HiSeq 4000,1381,4517.0,3.2708182476466328,1381,4517.0,73.0,1.6161168,2324.0,51.45008
Leukemia_CGGGTCAGTTGGTTTG-1,Leukemia,Leukemia,Leukemia,Illumina HiSeq 4000,3049,13030.0,4.273532305673991,3049,13030.0,489.0,3.752878,5725.0,43.93707
Leukemia_CGTAGCGAGAGTACAT-1,Leukemia,Leukemia,Leukemia,Illumina HiSeq 4000,4188,21004.0,5.015281757402101,4188,21004.0,770.0,3.6659684,6971.0,33.188915
Leukemia_CGTAGCGCAACGATGG-1,Leukemia,Leukemia,Leukemia,Illumina HiSeq 4000,2171,7381.0,3.3998157531091664,2171,7381.0,105.0,1.4225715,3563.0,48.27259
Leukemia_CGTAGCGCATCGTCGG-1,Leukemia,Leukemia,Leukemia,Illumina HiSeq 4000,2215,8994.0,4.060496613995485,2215,8994.0,131.0,1.4565265,4904.0,54.525238
Leukemia_CGTAGCGTCAGAGGTG-1,Leukemia,Leukemia,Leukemia,Illumina HiSeq 4000,3537,14385.0,4.067005937234945,3537,14385.0,602.0,4.1849146,4750.0,33.020508
Leukemia_CGTAGGCTCTCTAAGG-1,Leukemia,Leukemia,Leukemia,Illumina HiSeq 4000,2350,9219.0,3.9229787234042552,2350,9219.0,147.0,1.594533,4686.0,50.82981
Leukemia_CGTCACTCACCAGCAC-1,Leukemia,Leukemia,Leukemia,Illumina HiSeq 4000,4182,21257.0,5.0829746532759446,4182,21257.0,423.0,1.9899328,7656.0,36.016373
Leukemia_CGTCACTGTGAGTGAC-1,Leukemia,Leukemia,Leukemia,Illumina HiSeq 4000,4176,19283.0,4.617576628352491,4176,19283.0,592.0,3.0700617,6813.0,35.33164
Leukemia_CGTCAGGAGACAGAGA-1,Leukemia,Leukemia,Leukemia,Illumina HiSeq 4000,270,626.0,2.3185185185185184,270,626.0,317.0,50.63898,64.0,10.223642
Leukemia_CGTCAGGAGGTACTCT-1,Leukemia,Leukemia,Leukemia,Illumina HiSeq 4000,3799,18284.0,4.81284548565412,3799,18284.0,502.0,2.74557,7677.0,41.98753
Leukemia_CGTCCATCAAATTGCC-1,Leukemia,Leukemia,Leukemia,Illumina HiSeq 4000,1285,4078.0,3.1735408560311282,1285,4078.0,106.0,2.5993133,2159.0,52.942623
Leukemia_CGTCCATGTCTTCAAG-1,Leukemia,Leukemia,Leukemia,Illumina HiSeq 4000,2727,12943.0,4.746241290795746,2727,12943.0,160.0,1.2361895,6856.0,52.97072
Leukemia_CGTCCATTCCTTGCCA-1,Leukemia,Leukemia,Leukemia,Illumina HiSeq 4000,2723,8301.0,3.0484759456481823,2723,8301.0,156.0,1.8792917,3199.0,38.537525
Leukemia_CGTCTACAGACACTAA-1,Leukemia,Leukemia,Leukemia,Illumina HiSeq 4000,2347,5761.0,2.4546229228802727,2347,5761.0,236.0,4.096511,1943.0,33.726784
Leukemia_CGTCTACCAAGCCGTC-1,Leukemia,Leukemia,Leukemia,Illumina HiSeq 4000,1372,6858.0,4.998542274052478,1372,6858.0,83.0,1.2102654,4384.0,63.925343
Leukemia_CGTGAGCGTAGTAGTA-1,Leukemia,Leukemia,Leukemia,Illumina HiSeq 4000,581,1605.0,2.7624784853700515,581,1605.0,41.0,2.554517,834.0,51.962616
Leukemia_CGTGAGCGTATAAACG-1,Leukemia,Leukemia,Leukemia,Illumina HiSeq 4000,4730,32316.0,6.832135306553911,4730,32316.0,1003.0,3.103726,11882.0,36.768166
Leukemia_CGTGAGCGTCCGCTGA-1,Leukemia,Leukemia,Leukemia,Illumina HiSeq 4000,2047,7592.0,3.7088422081094286,2047,7592.0,134.0,1.7650157,3926.0,51.71233
Leukemia_CGTGTCTCATTCCTGC-1,Leukemia,Leukemia,Leukemia,Illumina HiSeq 4000,1968,6641.0,3.374491869918699,1968,6641.0,120.0,1.8069568,3368.0,50.715256
Leukemia_CGTTAGAAGTTGAGAT-1,Leukemia,Leukemia,Leukemia,Illumina HiSeq 4000,4428,22844.0,5.158988256549232,4428,22844.0,686.0,3.0029767,9508.0,41.621433
Leukemia_CGTTAGACACCTATCC-1,Leukemia,Leukemia,Leukemia,Illumina HiSeq 4000,2153,8395.0,3.89921040408732,2153,8395.0,86.0,1.0244193,4585.0,54.615845
Leukemia_CGTTAGATCTGCCAGG-1,Leukemia,Leukemia,Leukemia,Illumina HiSeq 4000,2548,9704.0,3.8084772370486655,2548,9704.0,132.0,1.3602638,4810.0,49.56719
Leukemia_CGTTGGGAGGCGCTCT-1,Leukemia,Leukemia,Leukemia,Illumina HiSeq 4000,1856,6643.0,3.5792025862068964,1856,6643.0,87.0,1.3096492,3462.0,52.115013
Leukemia_CGTTGGGAGTTCGATC-1,Leukemia,Leukemia,Leukemia,Illumina HiSeq 4000,2274,7143.0,3.1411609498680737,2274,7143.0,110.0,1.5399692,3212.0,44.9671
Leukemia_CTAACTTCAACTGCGC-1,Leukemia,Leukemia,Leukemia,Illumina HiSeq 4000,2499,8883.0,3.5546218487394956,2499,8883.0,79.0,0.8893392,4313.0,48.553417
Leukemia_CTAACTTGTGTGAATA-1,Leukemia,Leukemia,Leukemia,Illumina HiSeq 4000,46,1090.0,23.695652173913043,46,1090.0,0.0,0.0,26.0,2.3853211
Leukemia_CTAACTTTCTCGTATT-1,Leukemia,Leukemia,Leukemia,Illumina HiSeq 4000,2510,8491.0,3.382868525896414,2510,8491.0,97.0,1.1423861,3398.0,40.018845
Leukemia_CTAAGACAGAGTAATC-1,Leukemia,Leukemia,Leukemia,Illumina HiSeq 4000,4232,19467.0,4.599952741020794,4232,19467.0,801.0,4.1146555,6580.0,33.80079
Leukemia_CTAAGACCATGCCTTC-1,Leukemia,Leukemia,Leukemia,Illumina HiSeq 4000,4152,21501.0,5.178468208092486,4152,21501.0,447.0,2.078973,8377.0,38.96098
Leukemia_CTACACCCACTTAAGC-1,Leukemia,Leukemia,Leukemia,Illumina HiSeq 4000,2673,11975.0,4.479985035540591,2673,11975.0,147.0,1.2275574,6495.0,54.238
Leukemia_CTACACCTCAAACGGG-1,Leukemia,Leukemia,Leukemia,Illumina HiSeq 4000,623,3165.0,5.080256821829855,623,3165.0,2.0,0.06319115,2284.0,72.1643
Leukemia_CTACATTAGATATGGT-1,Leukemia,Leukemia,Leukemia,Illumina HiSeq 4000,3592,17806.0,4.9571269487750556,3592,17806.0,456.0,2.5609345,7807.0,43.844772
Leukemia_CTACATTCAACTTGAC-1,Leukemia,Leukemia,Leukemia,Illumina HiSeq 4000,2422,8875.0,3.6643270024772914,2422,8875.0,124.0,1.3971831,4395.0,49.521126
Leukemia_CTACATTCATGCCTAA-1,Leukemia,Leukemia,Leukemia,Illumina HiSeq 4000,2856,10696.0,3.7450980392156863,2856,10696.0,241.0,2.2531786,4515.0,42.212044
Leukemia_CTACCCATCCCAAGTA-1,Leukemia,Leukemia,Leukemia,Illumina HiSeq 4000,3828,19732.0,5.154649947753396,3828,19732.0,603.0,3.0559497,8346.0,42.296776
Leukemia_CTACGTCCACCTATCC-1,Leukemia,Leukemia,Leukemia,Illumina HiSeq 4000,4105,19846.0,4.8345919610231425,4105,19846.0,707.0,3.5624306,7307.0,36.8185
Leukemia_CTACGTCTCAGTCAGT-1,Leukemia,Leukemia,Leukemia,Illumina HiSeq 4000,2135,7997.0,3.7456674473067917,2135,7997.0,81.0,1.0128798,4014.0,50.19382
Leukemia_CTAGAGTAGTCATCCA-1,Leukemia,Leukemia,Leukemia,Illumina HiSeq 4000,392,822.0,2.0969387755102042,392,822.0,60.0,7.2992697,386.0,46.958637
Leukemia_CTAGCCTAGCTCCTCT-1,Leukemia,Leukemia,Leukemia,Illumina HiSeq 4000,783,3612.0,4.6130268199233715,783,3612.0,29.0,0.80287933,2406.0,66.6113
Leukemia_CTAGCCTAGCTCTCGG-1,Leukemia,Leukemia,Leukemia,Illumina HiSeq 4000,5153,31187.0,6.052202600426936,5153,31187.0,885.0,2.8377209,11594.0,37.175747
Leukemia_CTAGCCTCAAGCCTAT-1,Leukemia,Leukemia,Leukemia,Illumina HiSeq 4000,4447,27282.0,6.134922419608725,4447,27282.0,762.0,2.7930503,11723.0,42.969723
Leukemia_CTAGCCTCAGTGAGTG-1,Leukemia,Leukemia,Leukemia,Illumina HiSeq 4000,3806,16829.0,4.421702574881766,3806,16829.0,532.0,3.1612098,6674.0,39.657734
Leukemia_CTAGCCTGTGATAAGT-1,Leukemia,Leukemia,Leukemia,Illumina HiSeq 4000,3918,18662.0,4.7631444614599285,3918,18662.0,378.0,2.0255065,8543.0,45.777515
Leukemia_CTAGTGAAGTGGACGT-1,Leukemia,Leukemia,Leukemia,Illumina HiSeq 4000,2853,12861.0,4.507886435331231,2853,12861.0,366.0,2.845813,6499.0,50.532616
Leukemia_CTAGTGATCGTTTATC-1,Leukemia,Leukemia,Leukemia,Illumina HiSeq 4000,2281,7384.0,3.237176676896098,2281,7384.0,92.0,1.2459371,3471.0,47.007042
Leukemia_CTAGTGATCTTTAGTC-1,Leukemia,Leukemia,Leukemia,Illumina HiSeq 4000,3328,14856.0,4.4639423076923075,3328,14856.0,303.0,2.03958,7609.0,51.21836
Leukemia_CTCACACAGTCGTACT-1,Leukemia,Leukemia,Leukemia,Illumina HiSeq 4000,2417,7086.0,2.9317335539925526,2417,7086.0,159.0,2.2438612,2782.0,39.260513
Leukemia_CTCACACCAAAGTGCG-1,Leukemia,Leukemia,Leukemia,Illumina HiSeq 4000,2036,7706.0,3.7848722986247543,2036,7706.0,123.0,1.596159,3905.0,50.674797
Leukemia_CTCACACTCTCATTCA-1,Leukemia,Leukemia,Leukemia,Illumina HiSeq 4000,3393,13493.0,3.976716769820218,3393,13493.0,188.0,1.393315,6108.0,45.267914
Leukemia_CTCAGAACATTCACTT-1,Leukemia,Leukemia,Leukemia,Illumina HiSeq 4000,3721,15508.0,4.167696855683956,3721,15508.0,553.0,3.5659015,5956.0,38.405983
Leukemia_CTCATTACACAGAGGT-1,Leukemia,Leukemia,Leukemia,Illumina HiSeq 4000,2409,9795.0,4.066002490660025,2409,9795.0,89.0,0.9086269,5175.0,52.83308
Leukemia_CTCATTATCGCGCCAA-1,Leukemia,Leukemia,Leukemia,Illumina HiSeq 4000,3126,14784.0,4.72936660268714,3126,14784.0,217.0,1.467803,7939.0,53.699947
Leukemia_CTCATTATCGTCCGTT-1,Leukemia,Leukemia,Leukemia,Illumina HiSeq 4000,2747,9948.0,3.6214051692755733,2747,9948.0,176.0,1.7691997,4357.0,43.79775
Leukemia_CTCCTAGTCAACGCTA-1,Leukemia,Leukemia,Leukemia,Illumina HiSeq 4000,2086,6585.0,3.156759348034516,2086,6585.0,91.0,1.3819287,3055.0,46.39332
Leukemia_CTCGAAAAGACACGAC-1,Leukemia,Leukemia,Leukemia,Illumina HiSeq 4000,3761,16402.0,4.361074182398299,3761,16402.0,646.0,3.9385443,5677.0,34.611633
Leukemia_CTCGAAAAGAGGTTAT-1,Leukemia,Leukemia,Leukemia,Illumina HiSeq 4000,876,1192.0,1.360730593607306,876,1192.0,17.0,1.4261745,176.0,14.7651005
Leukemia_CTCGAAAAGAGGTTGC-1,Leukemia,Leukemia,Leukemia,Illumina HiSeq 4000,3116,12921.0,4.146662387676509,3116,12921.0,340.0,2.6313753,5367.0,41.537033
Leukemia_CTCGAAAAGTAATCCC-1,Leukemia,Leukemia,Leukemia,Illumina HiSeq 4000,4444,24554.0,5.525202520252026,4444,24554.0,756.0,3.078928,9041.0,36.820885
Leukemia_CTCGAAACAGTCCTTC-1,Leukemia,Leukemia,Leukemia,Illumina HiSeq 4000,2201,7628.0,3.46569741026806,2201,7628.0,86.0,1.1274253,3780.0,49.55427
Leukemia_CTCGAAACATATGGTC-1,Leukemia,Leukemia,Leukemia,Illumina HiSeq 4000,1578,6267.0,3.9714828897338403,1578,6267.0,55.0,0.87761295,3073.0,49.034626
Leukemia_CTCGAAATCCGAGCCA-1,Leukemia,Leukemia,Leukemia,Illumina HiSeq 4000,79,3406.0,43.11392405063291,79,3406.0,0.0,0.0,24.0,0.7046389
Leukemia_CTCGAGGAGTATCTCG-1,Leukemia,Leukemia,Leukemia,Illumina HiSeq 4000,2267,8313.0,3.66696074106749,2267,8313.0,157.0,1.8886082,3904.0,46.96259
Leukemia_CTCGGAGAGGAGTCTG-1,Leukemia,Leukemia,Leukemia,Illumina HiSeq 4000,5402,36758.0,6.804516845612736,5402,36758.0,624.0,1.6975896,13238.0,36.013927
Leukemia_CTCGGAGTCACGATGT-1,Leukemia,Leukemia,Leukemia,Illumina HiSeq 4000,1815,7084.0,3.903030303030303,1815,7084.0,95.0,1.3410503,3922.0,55.364204
Leukemia_CTCGGGACATCAGTCA-1,Leukemia,Leukemia,Leukemia,Illumina HiSeq 4000,4990,32438.0,6.50060120240481,4990,32438.0,702.0,2.1641283,10400.0,32.06116
Leukemia_CTCGGGACATTAGGCT-1,Leukemia,Leukemia,Leukemia,Illumina HiSeq 4000,4796,28009.0,5.840075062552127,4796,28009.0,856.0,3.0561604,9779.0,34.91378
Leukemia_CTCGGGATCTCTGAGA-1,Leukemia,Leukemia,Leukemia,Illumina HiSeq 4000,982,1976.0,2.0122199592668024,982,1976.0,78.0,3.9473681,723.0,36.58907
Leukemia_CTCGTACAGAAGAAGC-1,Leukemia,Leukemia,Leukemia,Illumina HiSeq 4000,1591,5859.0,3.6825895663104964,1591,5859.0,94.0,1.6043693,3192.0,54.480286
Leukemia_CTCGTACGTGCAGACA-1,Leukemia,Leukemia,Leukemia,Illumina HiSeq 4000,2138,5833.0,2.7282507015902713,2138,5833.0,430.0,7.3718495,1599.0,27.412996
Leukemia_CTCGTACGTGGCTCCA-1,Leukemia,Leukemia,Leukemia,Illumina HiSeq 4000,3015,13771.0,4.567495854063019,3015,13771.0,104.0,0.7552102,6871.0,49.894707
Leukemia_CTCGTCATCCGCAAGC-1,Leukemia,Leukemia,Leukemia,Illumina HiSeq 4000,869,2581.0,2.9700805523590335,869,2581.0,63.0,2.4409144,1328.0,51.452923
Leukemia_CTCGTCATCTTAGCCC-1,Leukemia,Leukemia,Leukemia,Illumina HiSeq 4000,2672,10986.0,4.111526946107785,2672,10986.0,81.0,0.737302,5684.0,51.73858
Leukemia_CTCTAATAGGCACATG-1,Leukemia,Leukemia,Leukemia,Illumina HiSeq 4000,2587,9947.0,3.8449942017781216,2587,9947.0,102.0,1.0254347,5114.0,51.412487
Leukemia_CTCTAATCAGTCAGCC-1,Leukemia,Leukemia,Leukemia,Illumina HiSeq 4000,2536,9906.0,3.9061514195583595,2536,9906.0,145.0,1.4637593,5071.0,51.1912
Leukemia_CTCTAATGTTGTTTGG-1,Leukemia,Leukemia,Leukemia,Illumina HiSeq 4000,2759,10424.0,3.778180500181225,2759,10424.0,135.0,1.2950883,4943.0,47.41942
Leukemia_CTCTACGAGCTGTCTA-1,Leukemia,Leukemia,Leukemia,Illumina HiSeq 4000,2657,10237.0,3.852841550621001,2657,10237.0,62.0,0.6056462,5072.0,49.545765
Leukemia_CTCTACGGTACCCAAT-1,Leukemia,Leukemia,Leukemia,Illumina HiSeq 4000,990,3940.0,3.9797979797979797,990,3940.0,47.0,1.1928934,2353.0,59.720814
Leukemia_CTCTACGGTCCGACGT-1,Leukemia,Leukemia,Leukemia,Illumina HiSeq 4000,1991,6816.0,3.42340532395781,1991,6816.0,97.0,1.423122,3376.0,49.530514
Leukemia_CTCTACGGTGGTACAG-1,Leukemia,Leukemia,Leukemia,Illumina HiSeq 4000,1787,6003.0,3.3592613318410742,1787,6003.0,73.0,1.2160586,3006.0,50.074966
Leukemia_CTCTACGTCAGTTAGC-1,Leukemia,Leukemia,Leukemia,Illumina HiSeq 4000,3640,13572.0,3.7285714285714286,3640,13572.0,227.0,1.672561,5029.0,37.05423
Leukemia_CTCTGGTAGGGATACC-1,Leukemia,Leukemia,Leukemia,Illumina HiSeq 4000,2660,10567.0,3.9725563909774437,2660,10567.0,137.0,1.296489,5156.0,48.793415
Leukemia_CTCTGGTCAGCTGTGC-1,Leukemia,Leukemia,Leukemia,Illumina HiSeq 4000,4251,21025.0,4.945895083509763,4251,21025.0,623.0,2.963139,7751.0,36.865635
Leukemia_CTCTGGTTCCCAGGTG-1,Leukemia,Leukemia,Leukemia,Illumina HiSeq 4000,2901,8347.0,2.8772836952774905,2901,8347.0,179.0,2.144483,2972.0,35.605606
Leukemia_CTCTGGTTCGGCTTGG-1,Leukemia,Leukemia,Leukemia,Illumina HiSeq 4000,1855,6954.0,3.748787061994609,1855,6954.0,99.0,1.4236411,3742.0,53.810757
Leukemia_CTCTGGTTCTGTACGA-1,Leukemia,Leukemia,Leukemia,Illumina HiSeq 4000,671,1050.0,1.5648286140089418,671,1050.0,91.0,8.666667,245.0,23.333334
Leukemia_CTGAAACTCGTGACAT-1,Leukemia,Leukemia,Leukemia,Illumina HiSeq 4000,1858,7850.0,4.22497308934338,1858,7850.0,120.0,1.5286624,4450.0,56.687897
Leukemia_CTGAAGTCACCGGAAA-1,Leukemia,Leukemia,Leukemia,Illumina HiSeq 4000,3781,18287.0,4.836551176937318,3781,18287.0,681.0,3.723957,7592.0,41.51583
Leukemia_CTGAAGTGTGCAGGTA-1,Leukemia,Leukemia,Leukemia,Illumina HiSeq 4000,117,844.0,7.213675213675214,117,844.0,5.0,0.59241706,61.0,7.227488
Leukemia_CTGAAGTTCCGCGCAA-1,Leukemia,Leukemia,Leukemia,Illumina HiSeq 4000,2012,7240.0,3.5984095427435387,2012,7240.0,102.0,1.4088398,3726.0,51.46409
Leukemia_CTGAAGTTCTGTTTGT-1,Leukemia,Leukemia,Leukemia,Illumina HiSeq 4000,5095,30864.0,6.057703631010795,5095,30864.0,962.0,3.1169,10740.0,34.797825
Leukemia_CTGAAGTTCTTGACGA-1,Leukemia,Leukemia,Leukemia,Illumina HiSeq 4000,3131,12571.0,4.0150111785372085,3131,12571.0,231.0,1.8375626,6135.0,48.8028
Leukemia_CTGAAGTTCTTGTTTG-1,Leukemia,Leukemia,Leukemia,Illumina HiSeq 4000,257,5856.0,22.785992217898833,257,5856.0,2.0,0.034153003,64.0,1.0928961
Leukemia_CTGATAGAGACAGACC-1,Leukemia,Leukemia,Leukemia,Illumina HiSeq 4000,1718,6532.0,3.8020954598370196,1718,6532.0,216.0,3.306797,3453.0,52.862827
Leukemia_CTGATAGAGAGCTTCT-1,Leukemia,Leukemia,Leukemia,Illumina HiSeq 4000,1545,2597.0,1.6809061488673138,1545,2597.0,59.0,2.271852,180.0,6.931074
Leukemia_CTGATAGAGTCCCACG-1,Leukemia,Leukemia,Leukemia,Illumina HiSeq 4000,2124,6850.0,3.225047080979284,2124,6850.0,68.0,0.99270076,3323.0,48.51095
Leukemia_CTGATAGTCCATTCTA-1,Leukemia,Leukemia,Leukemia,Illumina HiSeq 4000,3690,16435.0,4.453929539295393,3690,16435.0,404.0,2.4581685,6791.0,41.320354
Leukemia_CTGATAGTCTCGGACG-1,Leukemia,Leukemia,Leukemia,Illumina HiSeq 4000,1737,7353.0,4.233160621761658,1737,7353.0,144.0,1.9583844,3978.0,54.100365
Leukemia_CTGATCCAGACAGAGA-1,Leukemia,Leukemia,Leukemia,Illumina HiSeq 4000,3541,15955.0,4.505789325049421,3541,15955.0,296.0,1.8552178,7230.0,45.31495
Leukemia_CTGATCCCAAAGGAAG-1,Leukemia,Leukemia,Leukemia,Illumina HiSeq 4000,2016,7774.0,3.8561507936507935,2016,7774.0,111.0,1.4278363,4130.0,53.125805
Leukemia_CTGATCCGTGACCAAG-1,Leukemia,Leukemia,Leukemia,Illumina HiSeq 4000,825,2322.0,2.8145454545454545,825,2322.0,29.0,1.2489233,1259.0,54.220497
Leukemia_CTGCCTAAGTAGGCCA-1,Leukemia,Leukemia,Leukemia,Illumina HiSeq 4000,2188,9598.0,4.386654478976234,2188,9598.0,144.0,1.5003126,5440.0,56.678474
Leukemia_CTGCCTAGTACTCGCG-1,Leukemia,Leukemia,Leukemia,Illumina HiSeq 4000,3616,17831.0,4.931139380530974,3616,17831.0,445.0,2.4956536,7550.0,42.341988
Leukemia_CTGCCTAGTTCCACTC-1,Leukemia,Leukemia,Leukemia,Illumina HiSeq 4000,2575,10998.0,4.271067961165048,2575,10998.0,177.0,1.6093836,5748.0,52.264046
Leukemia_CTGCGGAGTCTCAACA-1,Leukemia,Leukemia,Leukemia,Illumina HiSeq 4000,2948,9749.0,3.306987788331072,2948,9749.0,216.0,2.215612,4009.0,41.122166
Leukemia_CTGCTGTAGATCTGAA-1,Leukemia,Leukemia,Leukemia,Illumina HiSeq 4000,2604,10126.0,3.88863287250384,2604,10126.0,125.0,1.234446,4689.0,46.306538
Leukemia_CTGCTGTAGGGCATGT-1,Leukemia,Leukemia,Leukemia,Illumina HiSeq 4000,2418,9744.0,4.029776674937965,2418,9744.0,152.0,1.5599343,5049.0,51.816505
Leukemia_CTGGTCTCATCACCCT-1,Leukemia,Leukemia,Leukemia,Illumina HiSeq 4000,4574,22429.0,4.9035854831657195,4574,22429.0,513.0,2.2872174,9083.0,40.496677
Leukemia_CTGGTCTGTACAAGTA-1,Leukemia,Leukemia,Leukemia,Illumina HiSeq 4000,2665,9390.0,3.523452157598499,2665,9390.0,129.0,1.373802,4257.0,45.335464
Leukemia_CTGGTCTTCCTTGGTC-1,Leukemia,Leukemia,Leukemia,Illumina HiSeq 4000,2472,8502.0,3.4393203883495147,2472,8502.0,75.0,0.8821454,4123.0,48.494473
Leukemia_CTGTGCTTCTCTGCTG-1,Leukemia,Leukemia,Leukemia,Illumina HiSeq 4000,3836,19519.0,5.0883733055265905,3836,19519.0,394.0,2.0185459,7697.0,39.433372
Leukemia_CTGTTTACAAGGACAC-1,Leukemia,Leukemia,Leukemia,Illumina HiSeq 4000,2763,11462.0,4.148389431777054,2763,11462.0,204.0,1.7797941,5576.0,48.647705
Leukemia_CTGTTTAGTCAGTGGA-1,Leukemia,Leukemia,Leukemia,Illumina HiSeq 4000,581,747.0,1.2857142857142858,581,747.0,52.0,6.961178,51.0,6.827309
Leukemia_CTGTTTATCCTAGGGC-1,Leukemia,Leukemia,Leukemia,Illumina HiSeq 4000,3602,15227.0,4.2273736812881735,3602,15227.0,322.0,2.1146648,6552.0,43.02883
Leukemia_CTGTTTATCTGATACG-1,Leukemia,Leukemia,Leukemia,Illumina HiSeq 4000,2289,7802.0,3.4084753167321975,2289,7802.0,123.0,1.5765188,3581.0,45.898487
Leukemia_CTTAACTCAACTGGCC-1,Leukemia,Leukemia,Leukemia,Illumina HiSeq 4000,3100,11506.0,3.7116129032258063,3100,11506.0,438.0,3.8067095,4491.0,39.03181
Leukemia_CTTAACTCAGGTTTCA-1,Leukemia,Leukemia,Leukemia,Illumina HiSeq 4000,2606,10088.0,3.871066768994628,2606,10088.0,104.0,1.0309278,5177.0,51.318394
Leukemia_CTTACCGAGTCCGGTC-1,Leukemia,Leukemia,Leukemia,Illumina HiSeq 4000,2805,10269.0,3.66096256684492,2805,10269.0,164.0,1.5970396,4713.0,45.895412
Leukemia_CTTACCGTCAACCATG-1,Leukemia,Leukemia,Leukemia,Illumina HiSeq 4000,2654,10002.0,3.7686510926902788,2654,10002.0,105.0,1.04979,4848.0,48.470306
Leukemia_CTTAGGAAGAGTGACC-1,Leukemia,Leukemia,Leukemia,Illumina HiSeq 4000,4362,26032.0,5.967904630903256,4362,26032.0,743.0,2.8541794,10238.0,39.328518
Leukemia_CTTAGGAAGCCGGTAA-1,Leukemia,Leukemia,Leukemia,Illumina HiSeq 4000,2108,8338.0,3.955407969639469,2108,8338.0,128.0,1.5351404,4285.0,51.39122
Leukemia_CTTAGGAAGGCAATTA-1,Leukemia,Leukemia,Leukemia,Illumina HiSeq 4000,2300,8107.0,3.524782608695652,2300,8107.0,132.0,1.6282225,3899.0,48.09424
Leukemia_CTTCTCTAGATGGGTC-1,Leukemia,Leukemia,Leukemia,Illumina HiSeq 4000,3790,18249.0,4.815039577836411,3790,18249.0,616.0,3.3755274,7626.0,41.78859
Leukemia_CTTCTCTCACCGGAAA-1,Leukemia,Leukemia,Leukemia,Illumina HiSeq 4000,3257,13428.0,4.12281240405281,3257,13428.0,222.0,1.6532619,6256.0,46.58922
Leukemia_CTTGGCTTCTGTTTGT-1,Leukemia,Leukemia,Leukemia,Illumina HiSeq 4000,3501,15149.0,4.327049414453014,3501,15149.0,483.0,3.1883292,5626.0,37.137764
Leukemia_CTTTGCGAGAATCTCC-1,Leukemia,Leukemia,Leukemia,Illumina HiSeq 4000,5097,29093.0,5.707867372964489,5097,29093.0,760.0,2.6123123,9437.0,32.43736
Leukemia_CTTTGCGAGGCACATG-1,Leukemia,Leukemia,Leukemia,Illumina HiSeq 4000,2137,6414.0,3.00140383715489,2137,6414.0,74.0,1.1537262,2221.0,34.627377
Leukemia_CTTTGCGCAGTGGGAT-1,Leukemia,Leukemia,Leukemia,Illumina HiSeq 4000,3495,17081.0,4.887267525035766,3495,17081.0,546.0,3.1965342,8230.0,48.18219
Leukemia_CTTTGCGGTCCGCTGA-1,Leukemia,Leukemia,Leukemia,Illumina HiSeq 4000,2709,11041.0,4.075673680324843,2709,11041.0,278.0,2.517888,4831.0,43.755093
Leukemia_GAAACTCTCGCATGGC-1,Leukemia,Leukemia,Leukemia,Illumina HiSeq 4000,2032,8100.0,3.986220472440945,2032,8100.0,84.0,1.037037,4222.0,52.12346
Leukemia_GAAATGAAGTTACGGG-1,Leukemia,Leukemia,Leukemia,Illumina HiSeq 4000,2289,7189.0,3.140672782874618,2289,7189.0,101.0,1.4049243,3260.0,45.347057
Leukemia_GAACATCCAGGAACGT-1,Leukemia,Leukemia,Leukemia,Illumina HiSeq 4000,1664,7617.0,4.577524038461538,1664,7617.0,106.0,1.391624,4609.0,60.509388
Leukemia_GAACCTAAGTCAATAG-1,Leukemia,Leukemia,Leukemia,Illumina HiSeq 4000,108,1907.0,17.65740740740741,108,1907.0,1.0,0.052438386,99.0,5.1914
Leukemia_GAACGGAAGACGACGT-1,Leukemia,Leukemia,Leukemia,Illumina HiSeq 4000,94,838.0,8.914893617021276,94,838.0,741.0,88.42482,36.0,4.295943
Leukemia_GAACGGAGTAAGAGAG-1,Leukemia,Leukemia,Leukemia,Illumina HiSeq 4000,4127,22234.0,5.3874485098134235,4127,22234.0,632.0,2.8424935,9686.0,43.56391
Leukemia_GAACGGAGTAAGTAGT-1,Leukemia,Leukemia,Leukemia,Illumina HiSeq 4000,3535,17110.0,4.8401697312588405,3535,17110.0,261.0,1.5254238,8420.0,49.210987
Leukemia_GAACGGAGTATAGGGC-1,Leukemia,Leukemia,Leukemia,Illumina HiSeq 4000,4203,19236.0,4.57673090649536,4203,19236.0,431.0,2.2405906,6098.0,31.700977
Leukemia_GAACGGAGTTAAGTAG-1,Leukemia,Leukemia,Leukemia,Illumina HiSeq 4000,2069,7846.0,3.792170130497825,2069,7846.0,116.0,1.4784603,4222.0,53.81086
Leukemia_GAACGGATCTGACCTC-1,Leukemia,Leukemia,Leukemia,Illumina HiSeq 4000,2820,11854.0,4.20354609929078,2820,11854.0,195.0,1.6450143,6013.0,50.725494
Leukemia_GAAGCAGCAAACGCGA-1,Leukemia,Leukemia,Leukemia,Illumina HiSeq 4000,3696,16974.0,4.592532467532467,3696,16974.0,445.0,2.6216567,6081.0,35.825382
Leukemia_GAAGCAGCAAGCGAGT-1,Leukemia,Leukemia,Leukemia,Illumina HiSeq 4000,2150,8178.0,3.8037209302325583,2150,8178.0,178.0,2.1765714,4006.0,48.98508
Leukemia_GAATAAGGTTCTGGTA-1,Leukemia,Leukemia,Leukemia,Illumina HiSeq 4000,2710,10458.0,3.859040590405904,2710,10458.0,171.0,1.6351118,5140.0,49.148975
Leukemia_GAATGAACACCGATAT-1,Leukemia,Leukemia,Leukemia,Illumina HiSeq 4000,2148,6880.0,3.202979515828678,2148,6880.0,115.0,1.6715117,3231.0,46.96221
Leukemia_GACACGCCAGATCTGT-1,Leukemia,Leukemia,Leukemia,Illumina HiSeq 4000,2003,6459.0,3.224663005491762,2003,6459.0,107.0,1.6566032,3027.0,46.86484
Leukemia_GACAGAGAGACACGAC-1,Leukemia,Leukemia,Leukemia,Illumina HiSeq 4000,2268,7144.0,3.1499118165784834,2268,7144.0,130.0,1.8197087,2940.0,41.153416
Leukemia_GACAGAGAGCCACCTG-1,Leukemia,Leukemia,Leukemia,Illumina HiSeq 4000,4032,24619.0,6.105902777777778,4032,24619.0,768.0,3.119542,9800.0,39.806652
Leukemia_GACAGAGAGCCCTAAT-1,Leukemia,Leukemia,Leukemia,Illumina HiSeq 4000,2134,8223.0,3.8533270852858483,2134,8223.0,106.0,1.2890673,4370.0,53.14362
Leukemia_GACAGAGAGCTAGTGG-1,Leukemia,Leukemia,Leukemia,Illumina HiSeq 4000,2676,10326.0,3.8587443946188342,2676,10326.0,176.0,1.7044355,4747.0,45.971333
Leukemia_GACAGAGCACTGTTAG-1,Leukemia,Leukemia,Leukemia,Illumina HiSeq 4000,2302,9306.0,4.042571676802781,2302,9306.0,133.0,1.4291855,4813.0,51.71932
Leukemia_GACAGAGTCTTAGCCC-1,Leukemia,Leukemia,Leukemia,Illumina HiSeq 4000,1351,6810.0,5.040710584752036,1351,6810.0,78.0,1.1453745,4162.0,61.116005
Leukemia_GACCAATTCCAAGCCG-1,Leukemia,Leukemia,Leukemia,Illumina HiSeq 4000,4189,23474.0,5.603724039150155,4189,23474.0,753.0,3.2078042,9873.0,42.0593
Leukemia_GACCAATTCTCGATGA-1,Leukemia,Leukemia,Leukemia,Illumina HiSeq 4000,4695,25515.0,5.434504792332269,4695,25515.0,496.0,1.9439545,8327.0,32.635704
Leukemia_GACCAATTCTTTCCTC-1,Leukemia,Leukemia,Leukemia,Illumina HiSeq 4000,2755,8733.0,3.1698729582577134,2755,8733.0,59.0,0.6755983,3776.0,43.238293
Leukemia_GACCTGGAGATGGGTC-1,Leukemia,Leukemia,Leukemia,Illumina HiSeq 4000,1820,8289.0,4.554395604395604,1820,8289.0,108.0,1.3029315,4750.0,57.30486
Leukemia_GACCTGGAGTTCCACA-1,Leukemia,Leukemia,Leukemia,Illumina HiSeq 4000,3318,10375.0,3.1268836648583482,3318,10375.0,515.0,4.9638553,2969.0,28.616867
Leukemia_GACCTGGTCCGCAAGC-1,Leukemia,Leukemia,Leukemia,Illumina HiSeq 4000,1402,3991.0,2.846647646219686,1402,3991.0,97.0,2.4304686,1908.0,47.807568
Leukemia_GACGCGTGTCTTCGTC-1,Leukemia,Leukemia,Leukemia,Illumina HiSeq 4000,1772,6674.0,3.7663656884875847,1772,6674.0,85.0,1.273599,3564.0,53.40126
Leukemia_GACGGCTGTAAGGATT-1,Leukemia,Leukemia,Leukemia,Illumina HiSeq 4000,3248,12069.0,3.7158251231527095,3248,12069.0,192.0,1.5908526,4583.0,37.97332
Leukemia_GACGGCTTCAGCCTAA-1,Leukemia,Leukemia,Leukemia,Illumina HiSeq 4000,1776,5944.0,3.3468468468468466,1776,5944.0,74.0,1.2449529,2933.0,49.343876
Leukemia_GACGGCTTCAGCGACC-1,Leukemia,Leukemia,Leukemia,Illumina HiSeq 4000,1645,4435.0,2.696048632218845,1645,4435.0,161.0,3.6302142,1767.0,39.842163
Leukemia_GACGTGCTCGCACTCT-1,Leukemia,Leukemia,Leukemia,Illumina HiSeq 4000,4736,28034.0,5.919341216216216,4736,28034.0,821.0,2.9285867,10324.0,36.826714
Leukemia_GACGTTAAGAATCTCC-1,Leukemia,Leukemia,Leukemia,Illumina HiSeq 4000,2907,8127.0,2.7956656346749225,2907,8127.0,200.0,2.4609327,2708.0,33.32103
Leukemia_GACTAACAGAGACTTA-1,Leukemia,Leukemia,Leukemia,Illumina HiSeq 4000,4181,22607.0,5.407079646017699,4181,22607.0,623.0,2.7557838,7795.0,34.48047
Leukemia_GACTAACGTCTCCACT-1,Leukemia,Leukemia,Leukemia,Illumina HiSeq 4000,2536,10172.0,4.011041009463723,2536,10172.0,104.0,1.0224144,5496.0,54.030674
Leukemia_GACTGCGAGACAAGCC-1,Leukemia,Leukemia,Leukemia,Illumina HiSeq 4000,2346,8698.0,3.7075873827791987,2346,8698.0,165.0,1.8969879,4076.0,46.861347
Leukemia_GACTGCGCAGATGGGT-1,Leukemia,Leukemia,Leukemia,Illumina HiSeq 4000,129,3518.0,27.271317829457363,129,3518.0,1.0,0.028425243,31.0,0.8811825
Leukemia_GACTGCGTCCTCGCAT-1,Leukemia,Leukemia,Leukemia,Illumina HiSeq 4000,4367,26717.0,6.117929929013052,4367,26717.0,779.0,2.9157465,10215.0,38.23408
Leukemia_GAGCAGAGTGTGACGA-1,Leukemia,Leukemia,Leukemia,Illumina HiSeq 4000,2155,8480.0,3.9350348027842226,2155,8480.0,157.0,1.851415,4542.0,53.561317
Leukemia_GAGGTGACATTAGGCT-1,Leukemia,Leukemia,Leukemia,Illumina HiSeq 4000,2119,7928.0,3.7413874469089192,2119,7928.0,74.0,0.93340063,3849.0,48.549446
Leukemia_GAGGTGAGTCGCGAAA-1,Leukemia,Leukemia,Leukemia,Illumina HiSeq 4000,1512,4941.0,3.267857142857143,1512,4941.0,56.0,1.1333739,2637.0,53.36976
Leukemia_GAGTCCGAGACTAAGT-1,Leukemia,Leukemia,Leukemia,Illumina HiSeq 4000,2733,8403.0,3.074643249176729,2733,8403.0,204.0,2.4277043,2900.0,34.511482
Leukemia_GAGTCCGAGATGCGAC-1,Leukemia,Leukemia,Leukemia,Illumina HiSeq 4000,1317,3760.0,2.8549734244495064,1317,3760.0,78.0,2.0744681,1791.0,47.632977
Leukemia_GAGTCCGAGCTGATAA-1,Leukemia,Leukemia,Leukemia,Illumina HiSeq 4000,73,804.0,11.013698630136986,73,804.0,0.0,0.0,38.0,4.726368
Leukemia_GAGTCCGAGTCTCCTC-1,Leukemia,Leukemia,Leukemia,Illumina HiSeq 4000,4071,17642.0,4.333578973225252,4071,17642.0,608.0,3.4463212,6688.0,37.909534
Leukemia_GATCAGTAGACTAGGC-1,Leukemia,Leukemia,Leukemia,Illumina HiSeq 4000,1749,6686.0,3.8227558604917093,1749,6686.0,68.0,1.0170505,3555.0,53.170807
Leukemia_GATCAGTCATCACAAC-1,Leukemia,Leukemia,Leukemia,Illumina HiSeq 4000,2768,12047.0,4.352239884393064,2768,12047.0,170.0,1.4111397,6233.0,51.739025
Leukemia_GATCAGTTCAACACCA-1,Leukemia,Leukemia,Leukemia,Illumina HiSeq 4000,5047,29405.0,5.826233405983753,5047,29405.0,815.0,2.7716374,10141.0,34.48733
Leukemia_GATCAGTTCGTTTATC-1,Leukemia,Leukemia,Leukemia,Illumina HiSeq 4000,2376,8400.0,3.5353535353535355,2376,8400.0,81.0,0.96428573,4172.0,49.666668
Leukemia_GATCGATGTACCTACA-1,Leukemia,Leukemia,Leukemia,Illumina HiSeq 4000,167,3168.0,18.97005988023952,167,3168.0,0.0,0.0,22.0,0.6944445
Leukemia_GATCGCGGTCCTCTTG-1,Leukemia,Leukemia,Leukemia,Illumina HiSeq 4000,3022,11189.0,3.7025148908007943,3022,11189.0,319.0,2.8510144,4888.0,43.685764
Leukemia_GATCGTACACAGTCGC-1,Leukemia,Leukemia,Leukemia,Illumina HiSeq 4000,2240,8897.0,3.971875,2240,8897.0,145.0,1.6297629,4504.0,50.623806
Leukemia_GATCGTATCAACCATG-1,Leukemia,Leukemia,Leukemia,Illumina HiSeq 4000,1400,4267.0,3.047857142857143,1400,4267.0,95.0,2.2263887,2177.0,51.019455
Leukemia_GATCGTATCCACGACG-1,Leukemia,Leukemia,Leukemia,Illumina HiSeq 4000,4047,19093.0,4.717815665925377,4047,19093.0,613.0,3.2106009,7176.0,37.584454
Leukemia_GATCTAGAGATGTCGG-1,Leukemia,Leukemia,Leukemia,Illumina HiSeq 4000,2298,8942.0,3.8912097476066143,2298,8942.0,130.0,1.4538134,4741.0,53.01946
Leukemia_GATCTAGGTATATCCG-1,Leukemia,Leukemia,Leukemia,Illumina HiSeq 4000,3705,15914.0,4.29527665317139,3705,15914.0,553.0,3.4749277,5660.0,35.56617
Leukemia_GATGAAAAGAACTGTA-1,Leukemia,Leukemia,Leukemia,Illumina HiSeq 4000,2924,11286.0,3.859781121751026,2924,11286.0,235.0,2.0822258,4732.0,41.928055
Leukemia_GATGAAATCACATGCA-1,Leukemia,Leukemia,Leukemia,Illumina HiSeq 4000,3997,21437.0,5.3632724543407555,3997,21437.0,571.0,2.6636188,7665.0,35.755936
Leukemia_GATGAAATCATCTGTT-1,Leukemia,Leukemia,Leukemia,Illumina HiSeq 4000,3295,12335.0,3.7435508345978756,3295,12335.0,223.0,1.8078638,5287.0,42.861774
Leukemia_GATGAAATCGTTTGCC-1,Leukemia,Leukemia,Leukemia,Illumina HiSeq 4000,4675,28395.0,6.073796791443851,4675,28395.0,680.0,2.3947878,10929.0,38.48917
Leukemia_GATGCTACACCTCGTT-1,Leukemia,Leukemia,Leukemia,Illumina HiSeq 4000,1988,7805.0,3.926056338028169,1988,7805.0,98.0,1.2556053,4015.0,51.441383
Leukemia_GATGCTACAGCTGCTG-1,Leukemia,Leukemia,Leukemia,Illumina HiSeq 4000,2246,7942.0,3.5360641139804097,2246,7942.0,85.0,1.0702595,3781.0,47.607655
Leukemia_GATGCTATCGTCCAGG-1,Leukemia,Leukemia,Leukemia,Illumina HiSeq 4000,1805,5599.0,3.101939058171745,1805,5599.0,61.0,1.0894803,2630.0,46.972675
Leukemia_GATTCAGAGCATGGCA-1,Leukemia,Leukemia,Leukemia,Illumina HiSeq 4000,3380,11915.0,3.525147928994083,3380,11915.0,568.0,4.7671003,3806.0,31.942928
Leukemia_GATTCAGGTGTATGGG-1,Leukemia,Leukemia,Leukemia,Illumina HiSeq 4000,4689,28550.0,6.088718276818085,4689,28550.0,785.0,2.7495623,11282.0,39.516636
Leukemia_GCAAACTTCTTTACGT-1,Leukemia,Leukemia,Leukemia,Illumina HiSeq 4000,4337,23617.0,5.445469218353701,4337,23617.0,696.0,2.9470296,10669.0,45.175083
Leukemia_GCAATCAGTAAACGCG-1,Leukemia,Leukemia,Leukemia,Illumina HiSeq 4000,4863,29852.0,6.138597573514292,4863,29852.0,710.0,2.3784,11806.0,39.54844
Leukemia_GCAATCAGTGTGAATA-1,Leukemia,Leukemia,Leukemia,Illumina HiSeq 4000,3314,15797.0,4.766747133373567,3314,15797.0,289.0,1.8294613,7596.0,48.08508
Leukemia_GCACATAAGCTCAACT-1,Leukemia,Leukemia,Leukemia,Illumina HiSeq 4000,4710,27097.0,5.75307855626327,4710,27097.0,632.0,2.3323617,10637.0,39.25527
Leukemia_GCACATAAGTGACTCT-1,Leukemia,Leukemia,Leukemia,Illumina HiSeq 4000,2915,12133.0,4.162264150943396,2915,12133.0,188.0,1.5494932,6345.0,52.29539
Leukemia_GCACTCTGTATGAATG-1,Leukemia,Leukemia,Leukemia,Illumina HiSeq 4000,2803,12804.0,4.567962896896183,2803,12804.0,208.0,1.6244924,6594.0,51.499535
Leukemia_GCACTCTGTTAAGAAC-1,Leukemia,Leukemia,Leukemia,Illumina HiSeq 4000,4358,21090.0,4.839375860486462,4358,21090.0,498.0,2.3613086,8010.0,37.980087
Leukemia_GCAGCCATCAGCAACT-1,Leukemia,Leukemia,Leukemia,Illumina HiSeq 4000,3147,14025.0,4.4566253574833175,3147,14025.0,200.0,1.4260249,6656.0,47.45811
Leukemia_GCATACAAGAACTCGG-1,Leukemia,Leukemia,Leukemia,Illumina HiSeq 4000,2974,12181.0,4.095830531271015,2974,12181.0,421.0,3.456202,4792.0,39.33996
Leukemia_GCATGATAGATGTAAC-1,Leukemia,Leukemia,Leukemia,Illumina HiSeq 4000,2338,9672.0,4.136869118905047,2338,9672.0,157.0,1.6232424,5118.0,52.915634
Leukemia_GCATGCGAGACTACAA-1,Leukemia,Leukemia,Leukemia,Illumina HiSeq 4000,3222,13713.0,4.256052141527002,3222,13713.0,395.0,2.8804784,5951.0,43.39678
Leukemia_GCATGCGAGTGGTAGC-1,Leukemia,Leukemia,Leukemia,Illumina HiSeq 4000,4133,25011.0,6.051536414226954,4133,25011.0,826.0,3.302547,10794.0,43.157013
Leukemia_GCATGCGTCCTTCAAT-1,Leukemia,Leukemia,Leukemia,Illumina HiSeq 4000,3054,11525.0,3.7737393582187297,3054,11525.0,270.0,2.3427331,5234.0,45.414318
Leukemia_GCATGTACAGCTGCTG-1,Leukemia,Leukemia,Leukemia,Illumina HiSeq 4000,3305,15889.0,4.8075642965204235,3305,15889.0,452.0,2.8447354,7016.0,44.156334
Leukemia_GCATGTAGTCTAAACC-1,Leukemia,Leukemia,Leukemia,Illumina HiSeq 4000,4696,28582.0,6.086456558773424,4696,28582.0,804.0,2.8129592,12201.0,42.687706
Leukemia_GCATGTAGTCTGCAAT-1,Leukemia,Leukemia,Leukemia,Illumina HiSeq 4000,2379,11263.0,4.734342160571669,2379,11263.0,230.0,2.0420847,6321.0,56.121815
Leukemia_GCCTCTACAGCTTCGG-1,Leukemia,Leukemia,Leukemia,Illumina HiSeq 4000,3546,17149.0,4.836153412295544,3546,17149.0,393.0,2.291679,8454.0,49.297337
Leukemia_GCCTCTACATTTGCCC-1,Leukemia,Leukemia,Leukemia,Illumina HiSeq 4000,3805,15965.0,4.195795006570302,3805,15965.0,459.0,2.875039,5958.0,37.319138
Leukemia_GCCTCTAGTTGGTGGA-1,Leukemia,Leukemia,Leukemia,Illumina HiSeq 4000,975,1507.0,1.5456410256410256,975,1507.0,8.0,0.530856,110.0,7.2992697
Leukemia_GCCTCTAGTTTGTGTG-1,Leukemia,Leukemia,Leukemia,Illumina HiSeq 4000,1597,4489.0,2.8108954289292423,1597,4489.0,67.0,1.4925373,2055.0,45.77857
Leukemia_GCCTCTATCGCAAGCC-1,Leukemia,Leukemia,Leukemia,Illumina HiSeq 4000,1436,2751.0,1.9157381615598885,1436,2751.0,483.0,17.557251,219.0,7.960741
Leukemia_GCGAGAAGTGGCTCCA-1,Leukemia,Leukemia,Leukemia,Illumina HiSeq 4000,2384,11736.0,4.922818791946309,2384,11736.0,157.0,1.3377641,6990.0,59.56033
Leukemia_GCGAGAATCCGCAAGC-1,Leukemia,Leukemia,Leukemia,Illumina HiSeq 4000,3723,16187.0,4.347837765243083,3723,16187.0,446.0,2.7552974,6632.0,40.97115
Leukemia_GCGCAGTCATCTCGCT-1,Leukemia,Leukemia,Leukemia,Illumina HiSeq 4000,1996,7475.0,3.74498997995992,1996,7475.0,136.0,1.819398,3853.0,51.54515
Leukemia_GCGCAGTGTGCCTGGT-1,Leukemia,Leukemia,Leukemia,Illumina HiSeq 4000,2180,7205.0,3.305045871559633,2180,7205.0,156.0,2.165163,3247.0,45.065926
Leukemia_GCGCAGTGTGCGAAAC-1,Leukemia,Leukemia,Leukemia,Illumina HiSeq 4000,4032,19692.0,4.883928571428571,4032,19692.0,533.0,2.706683,7867.0,39.950233
Leukemia_GCGCCAAAGACATAAC-1,Leukemia,Leukemia,Leukemia,Illumina HiSeq 4000,1605,5208.0,3.244859813084112,1605,5208.0,95.0,1.8241167,2646.0,50.80645
Leukemia_GCGCCAAAGATATGCA-1,Leukemia,Leukemia,Leukemia,Illumina HiSeq 4000,36,775.0,21.52777777777778,36,775.0,0.0,0.0,20.0,2.580645
Leukemia_GCGCCAACAGATGGCA-1,Leukemia,Leukemia,Leukemia,Illumina HiSeq 4000,1757,6441.0,3.6659077973819008,1757,6441.0,122.0,1.8941158,3382.0,52.507378
Leukemia_GCGCCAAGTCCAGTAT-1,Leukemia,Leukemia,Leukemia,Illumina HiSeq 4000,89,2632.0,29.573033707865168,89,2632.0,0.0,0.0,38.0,1.443769
Leukemia_GCGCCAAGTCGAACAG-1,Leukemia,Leukemia,Leukemia,Illumina HiSeq 4000,3977,20056.0,5.0429972340960525,3977,20056.0,421.0,2.0991225,7500.0,37.395294
Leukemia_GCGCCAATCATCTGCC-1,Leukemia,Leukemia,Leukemia,Illumina HiSeq 4000,4595,26334.0,5.7310119695321005,4595,26334.0,555.0,2.1075416,9630.0,36.568695
Leukemia_GCGCCAATCATCTGTT-1,Leukemia,Leukemia,Leukemia,Illumina HiSeq 4000,3118,12381.0,3.9708146247594613,3118,12381.0,159.0,1.2842258,5616.0,45.359825
Leukemia_GCGCCAATCATGCAAC-1,Leukemia,Leukemia,Leukemia,Illumina HiSeq 4000,2189,6921.0,3.161717679305619,2189,6921.0,152.0,2.1962144,2861.0,41.33796
Leukemia_GCGCGATAGGGTTTCT-1,Leukemia,Leukemia,Leukemia,Illumina HiSeq 4000,2148,7426.0,3.4571694599627563,2148,7426.0,97.0,1.3062214,3723.0,50.134666
Leukemia_GCGGGTTGTCATATCG-1,Leukemia,Leukemia,Leukemia,Illumina HiSeq 4000,1679,5886.0,3.50565812983919,1679,5886.0,116.0,1.970778,3054.0,51.88583
Leukemia_GCGGGTTGTTCTGAAC-1,Leukemia,Leukemia,Leukemia,Illumina HiSeq 4000,1753,5220.0,2.977752424415288,1753,5220.0,69.0,1.3218391,2416.0,46.283524
Leukemia_GCTCTGTCAGCGTCCA-1,Leukemia,Leukemia,Leukemia,Illumina HiSeq 4000,3463,16103.0,4.650014438348253,3463,16103.0,183.0,1.1364342,8318.0,51.654972
Leukemia_GCTCTGTTCATGCAAC-1,Leukemia,Leukemia,Leukemia,Illumina HiSeq 4000,1006,2622.0,2.606361829025845,1006,2622.0,117.0,4.4622426,1200.0,45.76659
Leukemia_GCTGCAGTCACCAGGC-1,Leukemia,Leukemia,Leukemia,Illumina HiSeq 4000,2257,8090.0,3.584404076207355,2257,8090.0,136.0,1.6810877,4076.0,50.383186
Leukemia_GCTGCAGTCAGTCCCT-1,Leukemia,Leukemia,Leukemia,Illumina HiSeq 4000,2256,9596.0,4.25354609929078,2256,9596.0,151.0,1.5735723,5268.0,54.897873
Leukemia_GCTGCAGTCCATGAAC-1,Leukemia,Leukemia,Leukemia,Illumina HiSeq 4000,2960,10980.0,3.7094594594594597,2960,10980.0,180.0,1.6393442,4944.0,45.02732
Leukemia_GCTTCCACAGGATTGG-1,Leukemia,Leukemia,Leukemia,Illumina HiSeq 4000,4798,27661.0,5.765110462692789,4798,27661.0,767.0,2.772857,9123.0,32.981457
Leukemia_GCTTGAAGTATAATGG-1,Leukemia,Leukemia,Leukemia,Illumina HiSeq 4000,4317,21703.0,5.027333796618022,4317,21703.0,503.0,2.317652,7237.0,33.345623
Leukemia_GCTTGAAGTCTCACCT-1,Leukemia,Leukemia,Leukemia,Illumina HiSeq 4000,1249,4396.0,3.5196156925540434,1249,4396.0,148.0,3.3666968,2386.0,54.276615
Leukemia_GCTTGAAGTCTCCCTA-1,Leukemia,Leukemia,Leukemia,Illumina HiSeq 4000,3364,16710.0,4.96730083234245,3364,16710.0,493.0,2.950329,8208.0,49.120285
Leukemia_GCTTGAAGTGGCAAAC-1,Leukemia,Leukemia,Leukemia,Illumina HiSeq 4000,3495,15930.0,4.55793991416309,3495,15930.0,216.0,1.3559322,7548.0,47.382298
Leukemia_GCTTGAAGTGTGAAAT-1,Leukemia,Leukemia,Leukemia,Illumina HiSeq 4000,3854,15320.0,3.9750908147379347,3854,15320.0,324.0,2.1148825,4497.0,29.353786
Leukemia_GGAAAGCAGACTAGGC-1,Leukemia,Leukemia,Leukemia,Illumina HiSeq 4000,2856,9623.0,3.3693977591036415,2856,9623.0,159.0,1.6522914,3218.0,33.440716
Leukemia_GGAAAGCAGAGTAATC-1,Leukemia,Leukemia,Leukemia,Illumina HiSeq 4000,2793,10494.0,3.757250268528464,2793,10494.0,190.0,1.8105583,4630.0,44.12045
Leukemia_GGAAAGCGTGTAATGA-1,Leukemia,Leukemia,Leukemia,Illumina HiSeq 4000,2743,12476.0,4.548304775792928,2743,12476.0,187.0,1.4988778,6533.0,52.36454
Leukemia_GGAACTTGTCCGTGAC-1,Leukemia,Leukemia,Leukemia,Illumina HiSeq 4000,3191,12738.0,3.991852083986211,3191,12738.0,547.0,4.294238,5242.0,41.15246
Leukemia_GGAACTTTCGTACGGC-1,Leukemia,Leukemia,Leukemia,Illumina HiSeq 4000,2753,12235.0,4.44424264438794,2753,12235.0,181.0,1.4793625,6247.0,51.05844
Leukemia_GGACAAGGTGCACGAA-1,Leukemia,Leukemia,Leukemia,Illumina HiSeq 4000,2597,10080.0,3.881401617250674,2597,10080.0,234.0,2.3214285,5009.0,49.69246
Leukemia_GGACATTAGCGTTGCC-1,Leukemia,Leukemia,Leukemia,Illumina HiSeq 4000,4145,22771.0,5.493606755126659,4145,22771.0,632.0,2.77546,8198.0,36.001934
Leukemia_GGACATTAGTGCAAGC-1,Leukemia,Leukemia,Leukemia,Illumina HiSeq 4000,2537,8698.0,3.4284588096176587,2537,8698.0,210.0,2.4143481,4139.0,47.58565
Leukemia_GGACATTGTGAGGGTT-1,Leukemia,Leukemia,Leukemia,Illumina HiSeq 4000,1704,4912.0,2.8826291079812205,1704,4912.0,120.0,2.4429967,2184.0,44.46254
Leukemia_GGACATTGTGCGAAAC-1,Leukemia,Leukemia,Leukemia,Illumina HiSeq 4000,2634,10042.0,3.812452543659833,2634,10042.0,110.0,1.0953994,5036.0,50.149376
Leukemia_GGACGTCCAAATCCGT-1,Leukemia,Leukemia,Leukemia,Illumina HiSeq 4000,1973,5264.0,2.668018246325393,1973,5264.0,188.0,3.5714288,2011.0,38.20289
Leukemia_GGACGTCCAATGTAAG-1,Leukemia,Leukemia,Leukemia,Illumina HiSeq 4000,4079,19481.0,4.775925471929394,4079,19481.0,446.0,2.28941,6906.0,35.449924
Leukemia_GGAGCAAAGTGCCAGA-1,Leukemia,Leukemia,Leukemia,Illumina HiSeq 4000,1872,6081.0,3.2483974358974357,1872,6081.0,81.0,1.3320178,2998.0,49.3011
Leukemia_GGAGCAAAGTGTTTGC-1,Leukemia,Leukemia,Leukemia,Illumina HiSeq 4000,2996,12627.0,4.214619492656876,2996,12627.0,182.0,1.4413558,6157.0,48.760593
Leukemia_GGAGCAACACATGGGA-1,Leukemia,Leukemia,Leukemia,Illumina HiSeq 4000,3656,17042.0,4.661378555798687,3656,17042.0,650.0,3.8141065,6399.0,37.548412
Leukemia_GGAGCAACATATGAGA-1,Leukemia,Leukemia,Leukemia,Illumina HiSeq 4000,450,989.0,2.1977777777777776,450,989.0,35.0,3.5389283,492.0,49.74722
Leukemia_GGATGTTGTGAAATCA-1,Leukemia,Leukemia,Leukemia,Illumina HiSeq 4000,2090,7902.0,3.780861244019139,2090,7902.0,136.0,1.7210832,4120.0,52.1387
Leukemia_GGATTACTCCGCGTTT-1,Leukemia,Leukemia,Leukemia,Illumina HiSeq 4000,3515,15392.0,4.378947368421053,3515,15392.0,256.0,1.6632017,7214.0,46.868504
Leukemia_GGATTACTCGCTTGTC-1,Leukemia,Leukemia,Leukemia,Illumina HiSeq 4000,4398,23556.0,5.356070941336971,4398,23556.0,682.0,2.8952284,8552.0,36.304974
Leukemia_GGCAATTAGAGTCTGG-1,Leukemia,Leukemia,Leukemia,Illumina HiSeq 4000,2401,9554.0,3.9791753436068307,2401,9554.0,88.0,0.9210802,5092.0,53.29705
Leukemia_GGCCGATCATAGTAAG-1,Leukemia,Leukemia,Leukemia,Illumina HiSeq 4000,4494,24905.0,5.541833555852247,4494,24905.0,826.0,3.3166032,9844.0,39.5262
Leukemia_GGCGACTCAGCGTCCA-1,Leukemia,Leukemia,Leukemia,Illumina HiSeq 4000,2416,8143.0,3.37044701986755,2416,8143.0,332.0,4.0771217,3174.0,38.978264
Leukemia_GGCGACTGTTCTGTTT-1,Leukemia,Leukemia,Leukemia,Illumina HiSeq 4000,2477,11347.0,4.58094469115866,2477,11347.0,593.0,5.226051,5243.0,46.206047
Leukemia_GGCGACTTCTGTTTGT-1,Leukemia,Leukemia,Leukemia,Illumina HiSeq 4000,2290,8124.0,3.547598253275109,2290,8124.0,110.0,1.3540128,4136.0,50.910885
Leukemia_GGCGTGTGTCCTAGCG-1,Leukemia,Leukemia,Leukemia,Illumina HiSeq 4000,1740,6463.0,3.714367816091954,1740,6463.0,88.0,1.3615968,3425.0,52.993965
Leukemia_GGCTCGAGTGGTTTCA-1,Leukemia,Leukemia,Leukemia,Illumina HiSeq 4000,1986,6675.0,3.3610271903323263,1986,6675.0,127.0,1.9026217,2943.0,44.089886
Leukemia_GGCTGGTAGAACTGTA-1,Leukemia,Leukemia,Leukemia,Illumina HiSeq 4000,1802,6054.0,3.3596004439511655,1802,6054.0,129.0,2.1308227,3009.0,49.70268
Leukemia_GGCTGGTCACTGCCAG-1,Leukemia,Leukemia,Leukemia,Illumina HiSeq 4000,1303,3620.0,2.7782041442824252,1303,3620.0,62.0,1.7127073,1636.0,45.19337
Leukemia_GGCTGGTGTAGCCTCG-1,Leukemia,Leukemia,Leukemia,Illumina HiSeq 4000,3031,11711.0,3.863741339491917,3031,11711.0,262.0,2.237213,5142.0,43.907436
Leukemia_GGCTGGTGTCAGAAGC-1,Leukemia,Leukemia,Leukemia,Illumina HiSeq 4000,2850,12598.0,4.420350877192982,2850,12598.0,250.0,1.984442,5857.0,46.49151
Leukemia_GGGAATGAGGCTCTTA-1,Leukemia,Leukemia,Leukemia,Illumina HiSeq 4000,2191,7599.0,3.4682793245093566,2191,7599.0,126.0,1.6581129,3586.0,47.19042
Leukemia_GGGAATGCAGGATCGA-1,Leukemia,Leukemia,Leukemia,Illumina HiSeq 4000,2256,7257.0,3.216755319148936,2256,7257.0,112.0,1.5433375,3315.0,45.680035
Leukemia_GGGAATGTCGTAGGTT-1,Leukemia,Leukemia,Leukemia,Illumina HiSeq 4000,3020,13390.0,4.433774834437086,3020,13390.0,202.0,1.5085886,6977.0,52.10605
Leukemia_GGGAATGTCGTATCAG-1,Leukemia,Leukemia,Leukemia,Illumina HiSeq 4000,811,2766.0,3.4106041923551174,811,2766.0,77.0,2.7838032,1612.0,58.279102
Leukemia_GGGACCTCAGACGCAA-1,Leukemia,Leukemia,Leukemia,Illumina HiSeq 4000,3963,20199.0,5.096896290688872,3963,20199.0,650.0,3.217981,7451.0,36.887966
Leukemia_GGGAGATGTGCCTGTG-1,Leukemia,Leukemia,Leukemia,Illumina HiSeq 4000,2676,10374.0,3.876681614349776,2676,10374.0,191.0,1.8411412,5065.0,48.823982
Leukemia_GGGATGACACTTGGAT-1,Leukemia,Leukemia,Leukemia,Illumina HiSeq 4000,3610,17839.0,4.941551246537396,3610,17839.0,524.0,2.9373844,7410.0,41.538204
Leukemia_GGGATGATCGTACGGC-1,Leukemia,Leukemia,Leukemia,Illumina HiSeq 4000,4071,22303.0,5.4785065094571355,4071,22303.0,747.0,3.3493252,8578.0,38.461193
Leukemia_GGGATGATCTCCTATA-1,Leukemia,Leukemia,Leukemia,Illumina HiSeq 4000,4340,16709.0,3.85,4340,16709.0,464.0,2.7769465,5810.0,34.771683
Leukemia_GGGCACTCATAAGACA-1,Leukemia,Leukemia,Leukemia,Illumina HiSeq 4000,2945,11487.0,3.900509337860781,2945,11487.0,170.0,1.4799339,5415.0,47.140247
Leukemia_GGGCACTGTTATGCGT-1,Leukemia,Leukemia,Leukemia,Illumina HiSeq 4000,211,4632.0,21.95260663507109,211,4632.0,1.0,0.021588946,54.0,1.1658032
Leukemia_GGGCATCCAAGTAGTA-1,Leukemia,Leukemia,Leukemia,Illumina HiSeq 4000,1980,6481.0,3.2732323232323233,1980,6481.0,94.0,1.4503934,2981.0,45.99599
Leukemia_GGGTCTGAGAGGACGG-1,Leukemia,Leukemia,Leukemia,Illumina HiSeq 4000,1893,5987.0,3.16270470153196,1893,5987.0,123.0,2.0544512,2596.0,43.360615
Leukemia_GGGTCTGTCTCGGACG-1,Leukemia,Leukemia,Leukemia,Illumina HiSeq 4000,4043,21766.0,5.383626020281969,4043,21766.0,527.0,2.4212074,9191.0,42.226406
Leukemia_GGTATTGCAGTGACAG-1,Leukemia,Leukemia,Leukemia,Illumina HiSeq 4000,1938,7100.0,3.6635706914344683,1938,7100.0,56.0,0.7887324,3767.0,53.056335
Leukemia_GGTATTGCATTCACTT-1,Leukemia,Leukemia,Leukemia,Illumina HiSeq 4000,4001,17182.0,4.2944263934016496,4001,17182.0,206.0,1.1989291,7438.0,43.28949
Leukemia_GGTGAAGCACGTCAGC-1,Leukemia,Leukemia,Leukemia,Illumina HiSeq 4000,3271,12075.0,3.691531641699786,3271,12075.0,434.0,3.594203,3850.0,31.88406
Leukemia_GGTGAAGCATATGCTG-1,Leukemia,Leukemia,Leukemia,Illumina HiSeq 4000,3836,19629.0,5.117049009384776,3836,19629.0,457.0,2.328188,7424.0,37.82159
Leukemia_GGTGAAGGTACGCTGC-1,Leukemia,Leukemia,Leukemia,Illumina HiSeq 4000,2089,7633.0,3.6539013882240305,2089,7633.0,128.0,1.6769292,3803.0,49.823135
Leukemia_GGTGAAGTCGATCCCT-1,Leukemia,Leukemia,Leukemia,Illumina HiSeq 4000,160,1816.0,11.35,160,1816.0,0.0,0.0,38.0,2.092511
Leukemia_GGTGCGTGTCCGAGTC-1,Leukemia,Leukemia,Leukemia,Illumina HiSeq 4000,4683,30456.0,6.503523382447149,4683,30456.0,738.0,2.4231677,10220.0,33.556606
Leukemia_GGTGTTAAGCTACCTA-1,Leukemia,Leukemia,Leukemia,Illumina HiSeq 4000,1310,4277.0,3.264885496183206,1310,4277.0,65.0,1.5197569,2139.0,50.01169
Leukemia_GGTGTTAGTACGCTGC-1,Leukemia,Leukemia,Leukemia,Illumina HiSeq 4000,2215,8001.0,3.6121896162528215,2215,8001.0,117.0,1.4623171,4096.0,51.1936
Leukemia_GGTGTTAGTTTCGCTC-1,Leukemia,Leukemia,Leukemia,Illumina HiSeq 4000,627,835.0,1.331738437001595,627,835.0,19.0,2.275449,100.0,11.9760475
Leukemia_GGTGTTATCGCCTGAG-1,Leukemia,Leukemia,Leukemia,Illumina HiSeq 4000,3192,10950.0,3.430451127819549,3192,10950.0,620.0,5.6621003,3547.0,32.392696
Leukemia_GTAACGTCACGGCGTT-1,Leukemia,Leukemia,Leukemia,Illumina HiSeq 4000,4014,18573.0,4.627055306427504,4014,18573.0,508.0,2.7351532,6743.0,36.30539
Leukemia_GTAACGTCATAAAGGT-1,Leukemia,Leukemia,Leukemia,Illumina HiSeq 4000,2144,7427.0,3.4640858208955225,2144,7427.0,60.0,0.8078632,3696.0,49.764374
Leukemia_GTAACGTTCGCCCTTA-1,Leukemia,Leukemia,Leukemia,Illumina HiSeq 4000,3917,16561.0,4.227980597395966,3917,16561.0,336.0,2.028863,6900.0,41.66415
Leukemia_GTAACTGAGACTTGAA-1,Leukemia,Leukemia,Leukemia,Illumina HiSeq 4000,2789,12092.0,4.335604159196845,2789,12092.0,199.0,1.6457161,6166.0,50.992393
Leukemia_GTAACTGGTTACGGAG-1,Leukemia,Leukemia,Leukemia,Illumina HiSeq 4000,2333,9588.0,4.10972996142306,2333,9588.0,176.0,1.8356278,5050.0,52.670002
Leukemia_GTAACTGTCCTGCCAT-1,Leukemia,Leukemia,Leukemia,Illumina HiSeq 4000,3060,11699.0,3.823202614379085,3060,11699.0,300.0,2.5643218,4605.0,39.36234
Leukemia_GTACGTAAGACAGACC-1,Leukemia,Leukemia,Leukemia,Illumina HiSeq 4000,2404,10062.0,4.185524126455907,2404,10062.0,114.0,1.1329756,5369.0,53.359177
Leukemia_GTACGTAGTGATAAAC-1,Leukemia,Leukemia,Leukemia,Illumina HiSeq 4000,2029,8331.0,4.1059635288319365,2029,8331.0,107.0,1.2843596,4542.0,54.519264
Leukemia_GTACTCCCAATGTAAG-1,Leukemia,Leukemia,Leukemia,Illumina HiSeq 4000,1877,4590.0,2.4453915823122,1877,4590.0,178.0,3.8779955,1582.0,34.466232
Leukemia_GTACTTTAGGTCATCT-1,Leukemia,Leukemia,Leukemia,Illumina HiSeq 4000,2049,7621.0,3.7193753050268423,2049,7621.0,76.0,0.9972445,3910.0,51.305603
Leukemia_GTACTTTGTGCCTGGT-1,Leukemia,Leukemia,Leukemia,Illumina HiSeq 4000,2227,7554.0,3.3920071845532105,2227,7554.0,42.0,0.55599684,3392.0,44.903362
Leukemia_GTACTTTTCCAATGGT-1,Leukemia,Leukemia,Leukemia,Illumina HiSeq 4000,2910,10171.0,3.495189003436426,2910,10171.0,129.0,1.2683119,4559.0,44.823517
Leukemia_GTAGGCCCACGTGAGA-1,Leukemia,Leukemia,Leukemia,Illumina HiSeq 4000,4305,21981.0,5.105923344947735,4305,21981.0,483.0,2.1973522,8992.0,40.90806
Leukemia_GTAGTCAGTACAGCAG-1,Leukemia,Leukemia,Leukemia,Illumina HiSeq 4000,3771,15382.0,4.079024131530098,3771,15382.0,564.0,3.6666234,5054.0,32.856586
Leukemia_GTATCTTTCTCATTCA-1,Leukemia,Leukemia,Leukemia,Illumina HiSeq 4000,2823,11251.0,3.985476443499823,2823,11251.0,196.0,1.7420673,5214.0,46.34255
Leukemia_GTATTCTCAGATGGCA-1,Leukemia,Leukemia,Leukemia,Illumina HiSeq 4000,2755,10260.0,3.7241379310344827,2755,10260.0,239.0,2.3294346,4460.0,43.469788
Leukemia_GTCAAGTCAAGTCATC-1,Leukemia,Leukemia,Leukemia,Illumina HiSeq 4000,3758,14924.0,3.971261309207025,3758,14924.0,309.0,2.0704904,5807.0,38.910477
Leukemia_GTCAAGTCATTAGGCT-1,Leukemia,Leukemia,Leukemia,Illumina HiSeq 4000,3906,19253.0,4.929083461341526,3906,19253.0,435.0,2.2593882,7417.0,38.52387
Leukemia_GTCACAAAGACTTGAA-1,Leukemia,Leukemia,Leukemia,Illumina HiSeq 4000,3131,12649.0,4.039923347173427,3131,12649.0,235.0,1.8578544,5690.0,44.98379
Leukemia_GTCACAAAGGTGCAAC-1,Leukemia,Leukemia,Leukemia,Illumina HiSeq 4000,2323,10045.0,4.324149806284976,2323,10045.0,153.0,1.5231458,5394.0,53.698357
Leukemia_GTCACAATCAGTTTGG-1,Leukemia,Leukemia,Leukemia,Illumina HiSeq 4000,4241,18533.0,4.36995991511436,4241,18533.0,636.0,3.4317164,7028.0,37.921543
Leukemia_GTCACGGAGATCCGAG-1,Leukemia,Leukemia,Leukemia,Illumina HiSeq 4000,2201,9513.0,4.322126306224443,2201,9513.0,134.0,1.4085988,5244.0,55.12457
Leukemia_GTCACGGCAAGGTGTG-1,Leukemia,Leukemia,Leukemia,Illumina HiSeq 4000,2720,10375.0,3.8143382352941178,2720,10375.0,216.0,2.0819278,5112.0,49.27229
Leukemia_GTCACGGCACGAAGCA-1,Leukemia,Leukemia,Leukemia,Illumina HiSeq 4000,3144,12007.0,3.8190203562340965,3144,12007.0,137.0,1.1410011,5430.0,45.22362
Leukemia_GTCACGGTCATTCACT-1,Leukemia,Leukemia,Leukemia,Illumina HiSeq 4000,2988,12191.0,4.079986613119143,2988,12191.0,181.0,1.4847019,5832.0,47.83857
Leukemia_GTCATTTAGAAACCAT-1,Leukemia,Leukemia,Leukemia,Illumina HiSeq 4000,2187,7717.0,3.528577960676726,2187,7717.0,84.0,1.0885059,3665.0,47.49255
Leukemia_GTCATTTCAACAACCT-1,Leukemia,Leukemia,Leukemia,Illumina HiSeq 4000,2149,7633.0,3.5518845974872035,2149,7633.0,103.0,1.3494039,3843.0,50.34718
Leukemia_GTCATTTTCGGTCTAA-1,Leukemia,Leukemia,Leukemia,Illumina HiSeq 4000,1645,5490.0,3.337386018237082,1645,5490.0,92.0,1.6757741,2875.0,52.367943
Leukemia_GTCCTCACAATCGGTT-1,Leukemia,Leukemia,Leukemia,Illumina HiSeq 4000,2481,6593.0,2.657396211205159,2481,6593.0,596.0,9.03989,1835.0,27.83255
Leukemia_GTCCTCACATCCGCGA-1,Leukemia,Leukemia,Leukemia,Illumina HiSeq 4000,4537,23312.0,5.138197046506502,4537,23312.0,692.0,2.9684284,8163.0,35.0163
Leukemia_GTCGGGTTCCTGCCAT-1,Leukemia,Leukemia,Leukemia,Illumina HiSeq 4000,2152,7388.0,3.433085501858736,2152,7388.0,114.0,1.5430428,3612.0,48.890095
Leukemia_GTCGGGTTCGACCAGC-1,Leukemia,Leukemia,Leukemia,Illumina HiSeq 4000,2012,7886.0,3.9194831013916502,2012,7886.0,150.0,1.9021049,3892.0,49.353283
Leukemia_GTCGTAACAACACCCG-1,Leukemia,Leukemia,Leukemia,Illumina HiSeq 4000,2459,12143.0,4.93818625457503,2459,12143.0,164.0,1.3505723,6875.0,56.61698
Leukemia_GTCGTAAGTCATACTG-1,Leukemia,Leukemia,Leukemia,Illumina HiSeq 4000,1885,7171.0,3.8042440318302386,1885,7171.0,104.0,1.4502859,3817.0,53.228283
Leukemia_GTCTCGTTCTGCTTGC-1,Leukemia,Leukemia,Leukemia,Illumina HiSeq 4000,1347,2840.0,2.1083890126206386,1347,2840.0,107.0,3.7676055,917.0,32.288734
Leukemia_GTCTTCGCAATCTACG-1,Leukemia,Leukemia,Leukemia,Illumina HiSeq 4000,3676,18763.0,5.104189336235038,3676,18763.0,522.0,2.782071,7766.0,41.38997
Leukemia_GTCTTCGTCACATGCA-1,Leukemia,Leukemia,Leukemia,Illumina HiSeq 4000,2388,8674.0,3.6323283082077054,2388,8674.0,134.0,1.5448467,4318.0,49.780956
Leukemia_GTCTTCGTCCAAACTG-1,Leukemia,Leukemia,Leukemia,Illumina HiSeq 4000,4828,30536.0,6.324772162386081,4828,30536.0,691.0,2.2629027,12298.0,40.273777
Leukemia_GTGAAGGGTGAGTGAC-1,Leukemia,Leukemia,Leukemia,Illumina HiSeq 4000,2665,9529.0,3.575609756097561,2665,9529.0,133.0,1.3957393,3885.0,40.77028
Leukemia_GTGCAGCCAGCCTGTG-1,Leukemia,Leukemia,Leukemia,Illumina HiSeq 4000,5005,28177.0,5.62977022977023,5005,28177.0,947.0,3.3608973,10399.0,36.905987
Leukemia_GTGCAGCGTCAATGTC-1,Leukemia,Leukemia,Leukemia,Illumina HiSeq 4000,4294,23104.0,5.380530973451328,4294,23104.0,863.0,3.7352839,8322.0,36.019737
Leukemia_GTGCATAAGTTGCAGG-1,Leukemia,Leukemia,Leukemia,Illumina HiSeq 4000,2786,11745.0,4.215721464465183,2786,11745.0,147.0,1.2515965,5757.0,49.016605
Leukemia_GTGCATAGTTCGAATC-1,Leukemia,Leukemia,Leukemia,Illumina HiSeq 4000,2745,10224.0,3.724590163934426,2745,10224.0,153.0,1.4964789,4372.0,42.762127
Leukemia_GTGCGGTAGGAGTACC-1,Leukemia,Leukemia,Leukemia,Illumina HiSeq 4000,1969,8345.0,4.238191975622144,1969,8345.0,101.0,1.2103056,4540.0,54.403835
Leukemia_GTGCTTCCAATGGATA-1,Leukemia,Leukemia,Leukemia,Illumina HiSeq 4000,2308,8601.0,3.7266031195840554,2308,8601.0,173.0,2.011394,4165.0,48.424603
Leukemia_GTGGGTCTCAGTGTTG-1,Leukemia,Leukemia,Leukemia,Illumina HiSeq 4000,3531,14735.0,4.173038799207023,3531,14735.0,428.0,2.9046488,5028.0,34.122837
Leukemia_GTGGGTCTCCATGAGT-1,Leukemia,Leukemia,Leukemia,Illumina HiSeq 4000,4526,27479.0,6.071365444100751,4526,27479.0,779.0,2.834892,9541.0,34.721058
Leukemia_GTGTGCGAGTGGGATC-1,Leukemia,Leukemia,Leukemia,Illumina HiSeq 4000,2070,8887.0,4.293236714975845,2070,8887.0,124.0,1.3952965,5086.0,57.22966
Leukemia_GTGTGCGCAAATCCGT-1,Leukemia,Leukemia,Leukemia,Illumina HiSeq 4000,4229,21589.0,5.104989359186569,4229,21589.0,570.0,2.6402333,6990.0,32.3776
Leukemia_GTGTGCGCAGTATAAG-1,Leukemia,Leukemia,Leukemia,Illumina HiSeq 4000,1797,7309.0,4.0673344462993875,1797,7309.0,121.0,1.6554933,3930.0,53.769325
Leukemia_GTGTGCGGTGTGAAAT-1,Leukemia,Leukemia,Leukemia,Illumina HiSeq 4000,3420,14319.0,4.186842105263158,3420,14319.0,232.0,1.6202248,5769.0,40.289124
Leukemia_GTGTTAGCATGGTAGG-1,Leukemia,Leukemia,Leukemia,Illumina HiSeq 4000,2618,13676.0,5.223834988540871,2618,13676.0,234.0,1.7110265,7663.0,56.032467
Leukemia_GTGTTAGGTCCATCCT-1,Leukemia,Leukemia,Leukemia,Illumina HiSeq 4000,5042,28383.0,5.629313764379215,5042,28383.0,1040.0,3.664165,9968.0,35.119614
Leukemia_GTGTTAGGTTGGACCC-1,Leukemia,Leukemia,Leukemia,Illumina HiSeq 4000,132,2702.0,20.46969696969697,132,2702.0,0.0,0.0,48.0,1.7764618
Leukemia_GTGTTAGGTTGGAGGT-1,Leukemia,Leukemia,Leukemia,Illumina HiSeq 4000,4038,21065.0,5.216691431401684,4038,21065.0,585.0,2.7771184,7033.0,33.38714
Leukemia_GTTAAGCAGGCTAGCA-1,Leukemia,Leukemia,Leukemia,Illumina HiSeq 4000,1979,7171.0,3.6235472460838807,1979,7171.0,86.0,1.1992749,3726.0,51.959282
Leukemia_GTTACAGGTAGAGCTG-1,Leukemia,Leukemia,Leukemia,Illumina HiSeq 4000,1743,5256.0,3.0154905335628226,1743,5256.0,153.0,2.910959,2509.0,47.73592
Leukemia_GTTACAGGTCTTCTCG-1,Leukemia,Leukemia,Leukemia,Illumina HiSeq 4000,3209,15030.0,4.683702087877844,3209,15030.0,204.0,1.3572854,7238.0,48.157017
Leukemia_GTTCATTAGACCTTTG-1,Leukemia,Leukemia,Leukemia,Illumina HiSeq 4000,2935,8435.0,2.8739352640545146,2935,8435.0,314.0,3.7225847,2776.0,32.910492
Leukemia_GTTCATTGTATCACCA-1,Leukemia,Leukemia,Leukemia,Illumina HiSeq 4000,2459,8211.0,3.3391622610817406,2459,8211.0,85.0,1.0351967,3849.0,46.87614
Leukemia_GTTCATTGTGGCTCCA-1,Leukemia,Leukemia,Leukemia,Illumina HiSeq 4000,1656,6378.0,3.851449275362319,1656,6378.0,113.0,1.7717153,3102.0,48.635937
Leukemia_GTTCGGGAGCAGCCTC-1,Leukemia,Leukemia,Leukemia,Illumina HiSeq 4000,2061,9140.0,4.434740417273169,2061,9140.0,145.0,1.5864333,5279.0,57.75711
Leukemia_GTTCTCGAGTGAAGTT-1,Leukemia,Leukemia,Leukemia,Illumina HiSeq 4000,4282,21485.0,5.017515179822513,4282,21485.0,725.0,3.3744473,7321.0,34.074936
Leukemia_GTTCTCGGTTCAGCGC-1,Leukemia,Leukemia,Leukemia,Illumina HiSeq 4000,4152,23932.0,5.763969171483622,4152,23932.0,819.0,3.4221961,9605.0,40.13455
Leukemia_GTTTCTAAGAGTACCG-1,Leukemia,Leukemia,Leukemia,Illumina HiSeq 4000,5576,27983.0,5.018472022955524,5576,27983.0,864.0,3.087589,9174.0,32.78419
Leukemia_GTTTCTAAGGGATACC-1,Leukemia,Leukemia,Leukemia,Illumina HiSeq 4000,3204,12095.0,3.774968789013733,3204,12095.0,182.0,1.504754,5179.0,42.819347
Leukemia_GTTTCTACACCTTGTC-1,Leukemia,Leukemia,Leukemia,Illumina HiSeq 4000,2502,8526.0,3.407673860911271,2502,8526.0,103.0,1.2080694,3920.0,45.977013
Leukemia_TAAACCGAGGACATTA-1,Leukemia,Leukemia,Leukemia,Illumina HiSeq 4000,3645,17600.0,4.828532235939643,3645,17600.0,394.0,2.2386363,7121.0,40.460224
Leukemia_TAAACCGAGGATCGCA-1,Leukemia,Leukemia,Leukemia,Illumina HiSeq 4000,2171,10563.0,4.865499769691387,2171,10563.0,142.0,1.344315,6128.0,58.01382
Leukemia_TAAGAGAAGTCGTACT-1,Leukemia,Leukemia,Leukemia,Illumina HiSeq 4000,2135,7258.0,3.3995316159250586,2135,7258.0,127.0,1.7497933,3343.0,46.05952
Leukemia_TAAGAGATCACCACCT-1,Leukemia,Leukemia,Leukemia,Illumina HiSeq 4000,2085,7449.0,3.5726618705035973,2085,7449.0,68.0,0.9128742,3812.0,51.174652
Leukemia_TAAGCGTGTTATCGGT-1,Leukemia,Leukemia,Leukemia,Illumina HiSeq 4000,2630,7465.0,2.838403041825095,2630,7465.0,145.0,1.9423978,2174.0,29.122574
Leukemia_TAAGCGTTCTCTAAGG-1,Leukemia,Leukemia,Leukemia,Illumina HiSeq 4000,1825,7561.0,4.143013698630137,1825,7561.0,100.0,1.3225764,4315.0,57.06917
Leukemia_TAAGTGCAGGCACATG-1,Leukemia,Leukemia,Leukemia,Illumina HiSeq 4000,4023,22419.0,5.572706935123042,4023,22419.0,786.0,3.505955,9601.0,42.825283
Leukemia_TAAGTGCGTGTCGCTG-1,Leukemia,Leukemia,Leukemia,Illumina HiSeq 4000,4469,24204.0,5.415976728574625,4469,24204.0,820.0,3.3878698,8851.0,36.568336
Leukemia_TACACGAAGGAGTCTG-1,Leukemia,Leukemia,Leukemia,Illumina HiSeq 4000,2940,12146.0,4.131292517006803,2940,12146.0,250.0,2.058291,5696.0,46.896095
Leukemia_TACACGACATTGGCGC-1,Leukemia,Leukemia,Leukemia,Illumina HiSeq 4000,3280,12771.0,3.8935975609756097,3280,12771.0,231.0,1.8087854,5095.0,39.895077
Leukemia_TACAGTGAGGGTCGAT-1,Leukemia,Leukemia,Leukemia,Illumina HiSeq 4000,2761,10110.0,3.6617167692864903,2761,10110.0,211.0,2.0870426,4070.0,40.25717
Leukemia_TACAGTGAGTCCTCCT-1,Leukemia,Leukemia,Leukemia,Illumina HiSeq 4000,3150,13837.0,4.3926984126984125,3150,13837.0,493.0,3.5629108,5590.0,40.398933
Leukemia_TACCTATTCACCCTCA-1,Leukemia,Leukemia,Leukemia,Illumina HiSeq 4000,2670,9709.0,3.636329588014981,2670,9709.0,170.0,1.7509527,4633.0,47.718613
Leukemia_TACCTTAGTAACGACG-1,Leukemia,Leukemia,Leukemia,Illumina HiSeq 4000,4196,26088.0,6.217349857006673,4196,26088.0,877.0,3.361699,10114.0,38.768784
Leukemia_TACGGATAGCTAGTCT-1,Leukemia,Leukemia,Leukemia,Illumina HiSeq 4000,2110,6279.0,2.9758293838862557,2110,6279.0,142.0,2.2615066,2313.0,36.83708
Leukemia_TACGGATCAATAAGCA-1,Leukemia,Leukemia,Leukemia,Illumina HiSeq 4000,2357,8555.0,3.629613915994909,2357,8555.0,126.0,1.4728229,4103.0,47.96026
Leukemia_TACGGATGTCCGAGTC-1,Leukemia,Leukemia,Leukemia,Illumina HiSeq 4000,3273,14064.0,4.296975252062328,3273,14064.0,450.0,3.1996586,6258.0,44.496586
Leukemia_TACGGGCGTATGAATG-1,Leukemia,Leukemia,Leukemia,Illumina HiSeq 4000,307,536.0,1.745928338762215,307,536.0,16.0,2.9850745,253.0,47.201492
Leukemia_TACGGGCTCAGGCAAG-1,Leukemia,Leukemia,Leukemia,Illumina HiSeq 4000,1491,4999.0,3.352783366867874,1491,4999.0,41.0,0.820164,2592.0,51.850372
Leukemia_TACGGGCTCCAACCAA-1,Leukemia,Leukemia,Leukemia,Illumina HiSeq 4000,4451,23421.0,5.261963603684565,4451,23421.0,728.0,3.1083214,9227.0,39.396267
Leukemia_TACTCGCTCCCTAATT-1,Leukemia,Leukemia,Leukemia,Illumina HiSeq 4000,2500,10055.0,4.022,2500,10055.0,181.0,1.8000994,5080.0,50.52213
Leukemia_TACTTGTCACAAGACG-1,Leukemia,Leukemia,Leukemia,Illumina HiSeq 4000,2020,7300.0,3.613861386138614,2020,7300.0,95.0,1.3013699,3820.0,52.328766
Leukemia_TACTTGTTCTCGAGTA-1,Leukemia,Leukemia,Leukemia,Illumina HiSeq 4000,2319,9190.0,3.9629150495903405,2319,9190.0,112.0,1.2187159,4801.0,52.24157
Leukemia_TAGAGCTCATGCCTAA-1,Leukemia,Leukemia,Leukemia,Illumina HiSeq 4000,3040,11293.0,3.7148026315789475,3040,11293.0,254.0,2.2491808,4790.0,42.415653
Leukemia_TAGCCGGGTAGAAAGG-1,Leukemia,Leukemia,Leukemia,Illumina HiSeq 4000,639,904.0,1.4147104851330203,639,904.0,23.0,2.5442476,187.0,20.68584
Leukemia_TAGCCGGGTCGCATCG-1,Leukemia,Leukemia,Leukemia,Illumina HiSeq 4000,1629,3292.0,2.0208717004297116,1629,3292.0,21.0,0.63791007,716.0,21.749697
Leukemia_TAGGCATAGCCAGAAC-1,Leukemia,Leukemia,Leukemia,Illumina HiSeq 4000,2352,8046.0,3.420918367346939,2352,8046.0,165.0,2.0507085,3772.0,46.88044
Leukemia_TAGGCATCACATGTGT-1,Leukemia,Leukemia,Leukemia,Illumina HiSeq 4000,2622,9012.0,3.437070938215103,2622,9012.0,141.0,1.5645806,3737.0,41.466934
Leukemia_TAGGCATCAGGAACGT-1,Leukemia,Leukemia,Leukemia,Illumina HiSeq 4000,2131,7417.0,3.4805255748474893,2131,7417.0,111.0,1.496562,3580.0,48.267494
Leukemia_TAGTTGGCAGCTTCGG-1,Leukemia,Leukemia,Leukemia,Illumina HiSeq 4000,1359,5524.0,4.064753495217071,1359,5524.0,2.0,0.03620565,2551.0,46.180305
Leukemia_TAGTTGGCATCCCATC-1,Leukemia,Leukemia,Leukemia,Illumina HiSeq 4000,4345,25437.0,5.854315304948217,4345,25437.0,742.0,2.9170108,10027.0,39.418957
Leukemia_TATCTCAAGACGCACA-1,Leukemia,Leukemia,Leukemia,Illumina HiSeq 4000,3837,18210.0,4.745895230648944,3837,18210.0,470.0,2.5809994,7241.0,39.763866
Leukemia_TATCTCACAAAGGTGC-1,Leukemia,Leukemia,Leukemia,Illumina HiSeq 4000,2468,9535.0,3.863452188006483,2468,9535.0,115.0,1.2060828,4860.0,50.970108
Leukemia_TATCTCACAGCTCCGA-1,Leukemia,Leukemia,Leukemia,Illumina HiSeq 4000,2583,9286.0,3.59504452187379,2583,9286.0,122.0,1.3138058,4457.0,47.996986
Leukemia_TATCTCAGTTGCGTTA-1,Leukemia,Leukemia,Leukemia,Illumina HiSeq 4000,3603,14841.0,4.119067443796836,3603,14841.0,520.0,3.5038068,5260.0,35.442356
Leukemia_TATGCCCAGCGTTTAC-1,Leukemia,Leukemia,Leukemia,Illumina HiSeq 4000,3887,17350.0,4.463596604064832,3887,17350.0,509.0,2.9337175,7634.0,44.0
Leukemia_TATGCCCAGTGTCCCG-1,Leukemia,Leukemia,Leukemia,Illumina HiSeq 4000,4102,21155.0,5.157240370550951,4102,21155.0,575.0,2.7180336,7418.0,35.064995
Leukemia_TATGCCCCACCGTTGG-1,Leukemia,Leukemia,Leukemia,Illumina HiSeq 4000,4021,11250.0,2.797811489679184,4021,11250.0,777.0,6.9066668,1328.0,11.804444
Leukemia_TATGCCCGTCACCCAG-1,Leukemia,Leukemia,Leukemia,Illumina HiSeq 4000,413,5989.0,14.501210653753027,413,5989.0,2.0,0.033394556,64.0,1.0686258
Leukemia_TATGCCCTCAGGTTCA-1,Leukemia,Leukemia,Leukemia,Illumina HiSeq 4000,2399,10407.0,4.33805752396832,2399,10407.0,252.0,2.421447,4288.0,41.203037
Leukemia_TCAACGACAAGCCATT-1,Leukemia,Leukemia,Leukemia,Illumina HiSeq 4000,4069,19793.0,4.86434013271074,4069,19793.0,437.0,2.2078512,7313.0,36.947407
Leukemia_TCAACGACACAACTGT-1,Leukemia,Leukemia,Leukemia,Illumina HiSeq 4000,2635,10156.0,3.85426944971537,2635,10156.0,151.0,1.4868058,4965.0,48.887356
Leukemia_TCAACGAGTTAAGGGC-1,Leukemia,Leukemia,Leukemia,Illumina HiSeq 4000,4531,25031.0,5.524387552416685,4531,25031.0,682.0,2.7246215,9622.0,38.440334
Leukemia_TCAACGAGTTGGTAAA-1,Leukemia,Leukemia,Leukemia,Illumina HiSeq 4000,4739,25920.0,5.469508335091792,4739,25920.0,746.0,2.8780866,8240.0,31.790123
Leukemia_TCAATCTCAAGTCATC-1,Leukemia,Leukemia,Leukemia,Illumina HiSeq 4000,109,2931.0,26.889908256880734,109,2931.0,0.0,0.0,91.0,3.1047425
Leukemia_TCAATCTCATGTCGAT-1,Leukemia,Leukemia,Leukemia,Illumina HiSeq 4000,3267,14191.0,4.343740434649526,3267,14191.0,464.0,3.2696779,6664.0,46.95934
Leukemia_TCAATCTCATTGGTAC-1,Leukemia,Leukemia,Leukemia,Illumina HiSeq 4000,4661,24329.0,5.2196953443467065,4661,24329.0,525.0,2.1579185,7892.0,32.438652
Leukemia_TCACAAGAGCAGATCG-1,Leukemia,Leukemia,Leukemia,Illumina HiSeq 4000,2131,8228.0,3.8610980760206477,2131,8228.0,86.0,1.0452116,4260.0,51.77443
Leukemia_TCACAAGGTCACACGC-1,Leukemia,Leukemia,Leukemia,Illumina HiSeq 4000,4024,20922.0,5.199304174950298,4024,20922.0,549.0,2.624032,8066.0,38.55272
Leukemia_TCACGAAAGCCTTGAT-1,Leukemia,Leukemia,Leukemia,Illumina HiSeq 4000,3493,17036.0,4.877182937303178,3493,17036.0,287.0,1.6846677,8973.0,52.670815
Leukemia_TCACGAACAATCACAC-1,Leukemia,Leukemia,Leukemia,Illumina HiSeq 4000,2203,6741.0,3.0599182932364957,2203,6741.0,128.0,1.8988281,3054.0,45.30485
Leukemia_TCACGAACATAGAAAC-1,Leukemia,Leukemia,Leukemia,Illumina HiSeq 4000,2032,6518.0,3.2076771653543306,2032,6518.0,112.0,1.7183185,3085.0,47.330467
Leukemia_TCACGAAGTTTAGCTG-1,Leukemia,Leukemia,Leukemia,Illumina HiSeq 4000,2305,7304.0,3.168763557483731,2305,7304.0,93.0,1.2732749,3287.0,45.00274
Leukemia_TCAGATGAGCTCTCGG-1,Leukemia,Leukemia,Leukemia,Illumina HiSeq 4000,1617,5067.0,3.1335807050092765,1617,5067.0,56.0,1.1051904,2275.0,44.89836
Leukemia_TCAGATGCAAAGGAAG-1,Leukemia,Leukemia,Leukemia,Illumina HiSeq 4000,2481,10602.0,4.273276904474002,2481,10602.0,163.0,1.5374458,5605.0,52.867382
Leukemia_TCAGATGCAGACGTAG-1,Leukemia,Leukemia,Leukemia,Illumina HiSeq 4000,2241,8526.0,3.8045515394912983,2241,8526.0,132.0,1.5482055,4373.0,51.290173
Leukemia_TCAGCAAAGGCTCTTA-1,Leukemia,Leukemia,Leukemia,Illumina HiSeq 4000,2397,8022.0,3.346683354192741,2397,8022.0,150.0,1.8698579,3767.0,46.958363
Leukemia_TCAGCAAAGTAGTGCG-1,Leukemia,Leukemia,Leukemia,Illumina HiSeq 4000,2733,14367.0,5.256860592755214,2733,14367.0,246.0,1.7122573,8042.0,55.9755
Leukemia_TCAGCAATCACTTACT-1,Leukemia,Leukemia,Leukemia,Illumina HiSeq 4000,3185,11978.0,3.7607535321821035,3185,11978.0,229.0,1.9118383,4930.0,41.15879
Leukemia_TCAGCTCCACGAAGCA-1,Leukemia,Leukemia,Leukemia,Illumina HiSeq 4000,2945,10169.0,3.452971137521222,2945,10169.0,106.0,1.0423837,4409.0,43.35726
Leukemia_TCAGCTCGTGGTTTCA-1,Leukemia,Leukemia,Leukemia,Illumina HiSeq 4000,1427,5367.0,3.7610371408549406,1427,5367.0,73.0,1.3601639,3054.0,56.903297
Leukemia_TCAGCTCTCTGCTGTC-1,Leukemia,Leukemia,Leukemia,Illumina HiSeq 4000,2455,8254.0,3.3621181262729123,2455,8254.0,124.0,1.5023019,3937.0,47.698086
Leukemia_TCAGGATCACGAAGCA-1,Leukemia,Leukemia,Leukemia,Illumina HiSeq 4000,1941,7672.0,3.9526017516743948,1941,7672.0,87.0,1.1339937,4331.0,56.452034
Leukemia_TCAGGTAAGAAGAAGC-1,Leukemia,Leukemia,Leukemia,Illumina HiSeq 4000,2045,8806.0,4.306112469437653,2045,8806.0,132.0,1.4989779,5067.0,57.540314
Leukemia_TCAGGTAAGAATGTTG-1,Leukemia,Leukemia,Leukemia,Illumina HiSeq 4000,3230,11572.0,3.58266253869969,3230,11572.0,204.0,1.7628759,4972.0,42.96578
Leukemia_TCAGGTACAGCCACCA-1,Leukemia,Leukemia,Leukemia,Illumina HiSeq 4000,1560,2673.0,1.7134615384615384,1560,2673.0,66.0,2.4691358,420.0,15.712683
Leukemia_TCAGGTACATCACCCT-1,Leukemia,Leukemia,Leukemia,Illumina HiSeq 4000,51,587.0,11.509803921568627,51,587.0,0.0,0.0,24.0,4.0885863
Leukemia_TCAGGTATCACGACTA-1,Leukemia,Leukemia,Leukemia,Illumina HiSeq 4000,4148,20183.0,4.865718418514947,4148,20183.0,642.0,3.1808946,7617.0,37.73968
Leukemia_TCAGGTATCTTGACGA-1,Leukemia,Leukemia,Leukemia,Illumina HiSeq 4000,2013,6818.0,3.386984600099354,2013,6818.0,116.0,1.7013786,3330.0,48.841305
Leukemia_TCAGGTATCTTTACAC-1,Leukemia,Leukemia,Leukemia,Illumina HiSeq 4000,845,3991.0,4.723076923076923,845,3991.0,54.0,1.3530444,2730.0,68.403915
Leukemia_TCATTTGCACACTGCG-1,Leukemia,Leukemia,Leukemia,Illumina HiSeq 4000,2191,7562.0,3.4513920584208124,2191,7562.0,109.0,1.4414177,3635.0,48.069294
Leukemia_TCATTTGTCGGCTTGG-1,Leukemia,Leukemia,Leukemia,Illumina HiSeq 4000,2856,11048.0,3.8683473389355743,2856,11048.0,223.0,2.0184648,5359.0,48.506516
Leukemia_TCCACACAGGTTCCTA-1,Leukemia,Leukemia,Leukemia,Illumina HiSeq 4000,2505,9067.0,3.619560878243513,2505,9067.0,144.0,1.588177,4349.0,47.96515
Leukemia_TCGAGGCGTCTCCACT-1,Leukemia,Leukemia,Leukemia,Illumina HiSeq 4000,1741,5793.0,3.327398047099368,1741,5793.0,82.0,1.4155015,2928.0,50.543762
Leukemia_TCGCGAGGTCAGTGGA-1,Leukemia,Leukemia,Leukemia,Illumina HiSeq 4000,2542,8310.0,3.2690794649881982,2542,8310.0,194.0,2.3345366,3226.0,38.820698
Leukemia_TCGCGTTCATTCCTCG-1,Leukemia,Leukemia,Leukemia,Illumina HiSeq 4000,2145,7390.0,3.445221445221445,2145,7390.0,77.0,1.0419486,3506.0,47.44249
Leukemia_TCGTACCAGGGTGTGT-1,Leukemia,Leukemia,Leukemia,Illumina HiSeq 4000,2047,7483.0,3.6555935515388374,2047,7483.0,86.0,1.1492717,3762.0,50.273956
Leukemia_TCGTACCCAGTCAGCC-1,Leukemia,Leukemia,Leukemia,Illumina HiSeq 4000,2007,7842.0,3.907324364723468,2007,7842.0,109.0,1.3899516,4312.0,54.98597
Leukemia_TCGTACCCATCCAACA-1,Leukemia,Leukemia,Leukemia,Illumina HiSeq 4000,3969,19503.0,4.913832199546485,3969,19503.0,629.0,3.2251449,8220.0,42.14736
Leukemia_TCGTACCGTACTTAGC-1,Leukemia,Leukemia,Leukemia,Illumina HiSeq 4000,2198,8588.0,3.907188353048226,2198,8588.0,106.0,1.2342805,4634.0,53.95901
Leukemia_TCGTACCTCATGTCTT-1,Leukemia,Leukemia,Leukemia,Illumina HiSeq 4000,3149,16221.0,5.1511590981263895,3149,16221.0,440.0,2.712533,7372.0,45.44726
Leukemia_TCGTAGAGTTGTTTGG-1,Leukemia,Leukemia,Leukemia,Illumina HiSeq 4000,2232,7938.0,3.556451612903226,2232,7938.0,126.0,1.5873017,3869.0,48.74024
Leukemia_TCGTAGATCGCTTGTC-1,Leukemia,Leukemia,Leukemia,Illumina HiSeq 4000,1756,5911.0,3.3661731207289294,1756,5911.0,57.0,0.96430385,3005.0,50.83742
Leukemia_TCTATTGCAATCCGAT-1,Leukemia,Leukemia,Leukemia,Illumina HiSeq 4000,2553,9714.0,3.8049353701527613,2553,9714.0,120.0,1.2353305,4797.0,49.382336
Leukemia_TCTATTGCAGGATTGG-1,Leukemia,Leukemia,Leukemia,Illumina HiSeq 4000,153,3729.0,24.372549019607842,153,3729.0,1.0,0.02681684,28.0,0.75087154
Leukemia_TCTATTGTCACGACTA-1,Leukemia,Leukemia,Leukemia,Illumina HiSeq 4000,3090,13893.0,4.496116504854369,3090,13893.0,206.0,1.4827611,7219.0,51.961422
Leukemia_TCTATTGTCCAGAAGG-1,Leukemia,Leukemia,Leukemia,Illumina HiSeq 4000,2408,7274.0,3.020764119601329,2408,7274.0,193.0,2.6532857,2741.0,37.682156
Leukemia_TCTGAGAAGATATGCA-1,Leukemia,Leukemia,Leukemia,Illumina HiSeq 4000,4459,25359.0,5.687149585108769,4459,25359.0,658.0,2.5947397,8710.0,34.34678
Leukemia_TCTGAGAGTTAGAACA-1,Leukemia,Leukemia,Leukemia,Illumina HiSeq 4000,2320,7749.0,3.340086206896552,2320,7749.0,99.0,1.2775842,3669.0,47.348045
Leukemia_TCTGGAACAATAACGA-1,Leukemia,Leukemia,Leukemia,Illumina HiSeq 4000,2928,11690.0,3.9924863387978142,2928,11690.0,172.0,1.471343,5212.0,44.585114
Leukemia_TCTGGAATCTGGTGTA-1,Leukemia,Leukemia,Leukemia,Illumina HiSeq 4000,2617,9707.0,3.7092090179594956,2617,9707.0,193.0,1.988256,4465.0,45.997734
Leukemia_TCTTCGGGTTTAGCTG-1,Leukemia,Leukemia,Leukemia,Illumina HiSeq 4000,2301,7617.0,3.3102998696219035,2301,7617.0,219.0,2.8751478,2927.0,38.4272
Leukemia_TCTTTCCAGAGGTTAT-1,Leukemia,Leukemia,Leukemia,Illumina HiSeq 4000,42,1630.0,38.80952380952381,42,1630.0,1.0,0.061349694,15.0,0.9202454
Leukemia_TGACAACCAATGAATG-1,Leukemia,Leukemia,Leukemia,Illumina HiSeq 4000,2272,7666.0,3.374119718309859,2272,7666.0,185.0,2.4132533,3686.0,48.08244
Leukemia_TGACAACCATCCTAGA-1,Leukemia,Leukemia,Leukemia,Illumina HiSeq 4000,4369,26491.0,6.063401235980773,4369,26491.0,676.0,2.55181,11597.0,43.77713
Leukemia_TGACAACTCGGAGCAA-1,Leukemia,Leukemia,Leukemia,Illumina HiSeq 4000,3097,11396.0,3.6796900226025184,3097,11396.0,199.0,1.7462267,4951.0,43.44507
Leukemia_TGACAACTCTGGGCCA-1,Leukemia,Leukemia,Leukemia,Illumina HiSeq 4000,2860,11374.0,3.976923076923077,2860,11374.0,180.0,1.5825567,5623.0,49.437313
Leukemia_TGACAACTCTTTCCTC-1,Leukemia,Leukemia,Leukemia,Illumina HiSeq 4000,3593,12950.0,3.604230448093515,3593,12950.0,218.0,1.6833975,4486.0,34.640926
Leukemia_TGACGGCAGGCCCTTG-1,Leukemia,Leukemia,Leukemia,Illumina HiSeq 4000,2480,6372.0,2.5693548387096774,2480,6372.0,214.0,3.358443,1792.0,28.12304
Leukemia_TGACGGCAGTGGTCCC-1,Leukemia,Leukemia,Leukemia,Illumina HiSeq 4000,2681,11036.0,4.116374487131667,2681,11036.0,99.0,0.89706415,5575.0,50.51649
Leukemia_TGACTAGCAAGCCATT-1,Leukemia,Leukemia,Leukemia,Illumina HiSeq 4000,2922,10575.0,3.6190965092402463,2922,10575.0,144.0,1.3617021,4412.0,41.72104
Leukemia_TGACTAGTCAAGGCTT-1,Leukemia,Leukemia,Leukemia,Illumina HiSeq 4000,2168,8051.0,3.713560885608856,2168,8051.0,100.0,1.2420818,4061.0,50.440937
Leukemia_TGACTAGTCATAACCG-1,Leukemia,Leukemia,Leukemia,Illumina HiSeq 4000,3394,10097.0,2.9749558043606363,3394,10097.0,299.0,2.9612756,2361.0,23.383184
Leukemia_TGACTTTAGACGACGT-1,Leukemia,Leukemia,Leukemia,Illumina HiSeq 4000,2263,8170.0,3.6102518780380026,2263,8170.0,107.0,1.3096695,4063.0,49.73072
Leukemia_TGACTTTAGCCCTAAT-1,Leukemia,Leukemia,Leukemia,Illumina HiSeq 4000,2177,7962.0,3.6573265962333488,2177,7962.0,110.0,1.3815625,3934.0,49.409695
Leukemia_TGACTTTCAACGATGG-1,Leukemia,Leukemia,Leukemia,Illumina HiSeq 4000,4205,19278.0,4.584542211652794,4205,19278.0,457.0,2.3705778,6573.0,34.09586
Leukemia_TGACTTTTCACTTCAT-1,Leukemia,Leukemia,Leukemia,Illumina HiSeq 4000,2188,7867.0,3.5955210237659965,2188,7867.0,106.0,1.3474005,3944.0,50.13347
Leukemia_TGAGAGGTCAGGTTCA-1,Leukemia,Leukemia,Leukemia,Illumina HiSeq 4000,4404,24921.0,5.658719346049046,4404,24921.0,678.0,2.720597,10586.0,42.47823
Leukemia_TGAGCCGAGGCATTGG-1,Leukemia,Leukemia,Leukemia,Illumina HiSeq 4000,1513,4231.0,2.796430931923331,1513,4231.0,85.0,2.0089812,1927.0,45.54479
Leukemia_TGAGCCGAGTTGTAGA-1,Leukemia,Leukemia,Leukemia,Illumina HiSeq 4000,4044,19105.0,4.724282888229475,4044,19105.0,656.0,3.433656,7893.0,41.31379
Leukemia_TGAGGGAAGCTCCCAG-1,Leukemia,Leukemia,Leukemia,Illumina HiSeq 4000,456,581.0,1.2741228070175439,456,581.0,43.0,7.401033,95.0,16.351118
Leukemia_TGAGGGACAACTGCTA-1,Leukemia,Leukemia,Leukemia,Illumina HiSeq 4000,3945,21323.0,5.405069708491761,3945,21323.0,475.0,2.2276413,7807.0,36.61305
Leukemia_TGATTTCAGTCTCCTC-1,Leukemia,Leukemia,Leukemia,Illumina HiSeq 4000,4492,21453.0,4.775823686553873,4492,21453.0,570.0,2.6569712,7487.0,34.899548
Leukemia_TGATTTCGTAAATACG-1,Leukemia,Leukemia,Leukemia,Illumina HiSeq 4000,2962,13049.0,4.405469277515192,2962,13049.0,294.0,2.2530463,6610.0,50.65522
Leukemia_TGATTTCGTGTGGTTT-1,Leukemia,Leukemia,Leukemia,Illumina HiSeq 4000,1677,5924.0,3.5324985092426955,1677,5924.0,55.0,0.92842674,3185.0,53.76435
Leukemia_TGATTTCTCTTCGAGA-1,Leukemia,Leukemia,Leukemia,Illumina HiSeq 4000,4390,24033.0,5.474487471526196,4390,24033.0,641.0,2.667166,8285.0,34.47343
Leukemia_TGCACCTAGCGTCAAG-1,Leukemia,Leukemia,Leukemia,Illumina HiSeq 4000,3515,16161.0,4.597724039829303,3515,16161.0,329.0,2.0357652,6814.0,42.16323
Leukemia_TGCACCTGTACTTGAC-1,Leukemia,Leukemia,Leukemia,Illumina HiSeq 4000,3308,11388.0,3.4425634824667473,3308,11388.0,139.0,1.2205831,4666.0,40.972954
Leukemia_TGCACCTTCTAACCGA-1,Leukemia,Leukemia,Leukemia,Illumina HiSeq 4000,3925,20798.0,5.298853503184714,3925,20798.0,537.0,2.581979,8665.0,41.66266
Leukemia_TGCCAAAGTATCAGTC-1,Leukemia,Leukemia,Leukemia,Illumina HiSeq 4000,5056,27647.0,5.4681566455696204,5056,27647.0,718.0,2.5970268,11374.0,41.140087
Leukemia_TGCCAAAGTCGGCACT-1,Leukemia,Leukemia,Leukemia,Illumina HiSeq 4000,3913,16594.0,4.240736008177868,3913,16594.0,432.0,2.6033506,6298.0,37.95348
Leukemia_TGCCAAATCCAGATCA-1,Leukemia,Leukemia,Leukemia,Illumina HiSeq 4000,4119,21297.0,5.1704297159504735,4119,21297.0,806.0,3.7845705,8927.0,41.916702
Leukemia_TGCCCATAGCGATCCC-1,Leukemia,Leukemia,Leukemia,Illumina HiSeq 4000,2845,12181.0,4.281546572934974,2845,12181.0,176.0,1.4448731,5912.0,48.534603
Leukemia_TGCCCATAGTCTCAAC-1,Leukemia,Leukemia,Leukemia,Illumina HiSeq 4000,2068,5350.0,2.5870406189555126,2068,5350.0,205.0,3.831776,2068.0,38.654205
Leukemia_TGCCCATCAAACGTGG-1,Leukemia,Leukemia,Leukemia,Illumina HiSeq 4000,2672,10136.0,3.7934131736526946,2672,10136.0,188.0,1.8547751,4675.0,46.12273
Leukemia_TGCCCTAAGAGCTGCA-1,Leukemia,Leukemia,Leukemia,Illumina HiSeq 4000,2707,10820.0,3.997044698928703,2707,10820.0,101.0,0.9334566,5169.0,47.772644
Leukemia_TGCCCTAAGGCCGAAT-1,Leukemia,Leukemia,Leukemia,Illumina HiSeq 4000,515,950.0,1.8446601941747574,515,950.0,40.0,4.2105265,379.0,39.894737
Leukemia_TGCCCTACACGACGAA-1,Leukemia,Leukemia,Leukemia,Illumina HiSeq 4000,1450,4619.0,3.1855172413793102,1450,4619.0,87.0,1.8835247,2231.0,48.3005
Leukemia_TGCCCTAGTAGTACCT-1,Leukemia,Leukemia,Leukemia,Illumina HiSeq 4000,2562,8438.0,3.29352068696331,2562,8438.0,86.0,1.0191988,3706.0,43.92036
Leukemia_TGCGCAGAGGATGCGT-1,Leukemia,Leukemia,Leukemia,Illumina HiSeq 4000,2697,10913.0,4.046347793845013,2697,10913.0,210.0,1.9243104,5148.0,47.1731
Leukemia_TGCGCAGAGGCGCTCT-1,Leukemia,Leukemia,Leukemia,Illumina HiSeq 4000,1795,5624.0,3.1331476323119776,1795,5624.0,55.0,0.97795165,2724.0,48.435276
Leukemia_TGCGCAGCACGGTAGA-1,Leukemia,Leukemia,Leukemia,Illumina HiSeq 4000,2430,10250.0,4.2181069958847734,2430,10250.0,167.0,1.6292684,5528.0,53.931705
Leukemia_TGCGGGTAGACTGGGT-1,Leukemia,Leukemia,Leukemia,Illumina HiSeq 4000,4658,27247.0,5.849506225848003,4658,27247.0,952.0,3.4939628,10000.0,36.70129
Leukemia_TGCGGGTTCTCCCTGA-1,Leukemia,Leukemia,Leukemia,Illumina HiSeq 4000,2603,10487.0,4.028812908182866,2603,10487.0,135.0,1.2873081,5108.0,48.707924
Leukemia_TGCTACCTCAATAAGG-1,Leukemia,Leukemia,Leukemia,Illumina HiSeq 4000,1913,5703.0,2.9811813904861473,1913,5703.0,102.0,1.7885324,2489.0,43.643696
Leukemia_TGCTGCTAGTGTCCCG-1,Leukemia,Leukemia,Leukemia,Illumina HiSeq 4000,1815,6733.0,3.709641873278237,1815,6733.0,65.0,0.9653944,3579.0,53.156097
Leukemia_TGCTGCTTCCAGAGGA-1,Leukemia,Leukemia,Leukemia,Illumina HiSeq 4000,1736,6084.0,3.5046082949308754,1736,6084.0,66.0,1.0848126,3166.0,52.03813
Leukemia_TGGACGCGTGAACCTT-1,Leukemia,Leukemia,Leukemia,Illumina HiSeq 4000,2732,12420.0,4.546120058565154,2732,12420.0,189.0,1.5217391,6784.0,54.62158
Leukemia_TGGACGCTCACCATAG-1,Leukemia,Leukemia,Leukemia,Illumina HiSeq 4000,2937,12911.0,4.395982294858699,2937,12911.0,308.0,2.3855627,6441.0,49.88769
Leukemia_TGGACGCTCCATGAAC-1,Leukemia,Leukemia,Leukemia,Illumina HiSeq 4000,1624,8252.0,5.08128078817734,1624,8252.0,125.0,1.5147843,5000.0,60.59137
Leukemia_TGGACGCTCGGCTACG-1,Leukemia,Leukemia,Leukemia,Illumina HiSeq 4000,2820,9283.0,3.291843971631206,2820,9283.0,141.0,1.5189055,3905.0,42.066143
Leukemia_TGGCCAGAGCGTAGTG-1,Leukemia,Leukemia,Leukemia,Illumina HiSeq 4000,3774,19095.0,5.059618441971383,3774,19095.0,359.0,1.8800733,7879.0,41.26211
Leukemia_TGGCCAGTCAACACTG-1,Leukemia,Leukemia,Leukemia,Illumina HiSeq 4000,1924,4892.0,2.542619542619543,1924,4892.0,176.0,3.5977106,1963.0,40.12674
Leukemia_TGGCCAGTCACATGCA-1,Leukemia,Leukemia,Leukemia,Illumina HiSeq 4000,3855,18036.0,4.6785992217898835,3855,18036.0,580.0,3.2157905,7650.0,42.41517
Leukemia_TGGCTGGAGGACACCA-1,Leukemia,Leukemia,Leukemia,Illumina HiSeq 4000,1683,5736.0,3.408199643493761,1683,5736.0,133.0,2.318689,2891.0,50.400978
Leukemia_TGGGAAGAGAAGGGTA-1,Leukemia,Leukemia,Leukemia,Illumina HiSeq 4000,2386,8786.0,3.682313495389774,2386,8786.0,117.0,1.331664,4335.0,49.33986
Leukemia_TGGGCGTCAAGTCTGT-1,Leukemia,Leukemia,Leukemia,Illumina HiSeq 4000,151,3606.0,23.880794701986755,151,3606.0,0.0,0.0,39.0,1.0815308
Leukemia_TGGTTAGTCCCACTTG-1,Leukemia,Leukemia,Leukemia,Illumina HiSeq 4000,1984,8663.0,4.366431451612903,1984,8663.0,849.0,9.8003,3117.0,35.980606
Leukemia_TGGTTCCAGCGGCTTC-1,Leukemia,Leukemia,Leukemia,Illumina HiSeq 4000,2545,8978.0,3.5277013752455795,2545,8978.0,99.0,1.1026955,4262.0,47.4716
Leukemia_TGGTTCCGTTGAACTC-1,Leukemia,Leukemia,Leukemia,Illumina HiSeq 4000,2563,9244.0,3.606710885680843,2563,9244.0,129.0,1.3954998,4428.0,47.90134
Leukemia_TGTATTCAGCAGCCTC-1,Leukemia,Leukemia,Leukemia,Illumina HiSeq 4000,1899,6705.0,3.5308056872037916,1899,6705.0,83.0,1.2378823,3323.0,49.56003
Leukemia_TGTATTCAGCCGATTT-1,Leukemia,Leukemia,Leukemia,Illumina HiSeq 4000,2090,7741.0,3.7038277511961724,2090,7741.0,82.0,1.0592947,3933.0,50.80739
Leukemia_TGTATTCAGTGTACGG-1,Leukemia,Leukemia,Leukemia,Illumina HiSeq 4000,3093,11850.0,3.831231813773036,3093,11850.0,283.0,2.3881857,4934.0,41.63713
Leukemia_TGTATTCCAGATGAGC-1,Leukemia,Leukemia,Leukemia,Illumina HiSeq 4000,2453,9848.0,4.014675907052589,2453,9848.0,179.0,1.817628,4941.0,50.172623
Leukemia_TGTATTCGTTACAGAA-1,Leukemia,Leukemia,Leukemia,Illumina HiSeq 4000,2684,9866.0,3.6758569299552906,2684,9866.0,119.0,1.2061626,4792.0,48.57085
Leukemia_TGTATTCTCGATAGAA-1,Leukemia,Leukemia,Leukemia,Illumina HiSeq 4000,3794,18107.0,4.772535582498682,3794,18107.0,408.0,2.2532723,6325.0,34.931244
Leukemia_TGTGGTATCCTTGACC-1,Leukemia,Leukemia,Leukemia,Illumina HiSeq 4000,2401,8961.0,3.73219491878384,2401,8961.0,193.0,2.1537776,4403.0,49.135143
Leukemia_TGTGGTATCCTTGCCA-1,Leukemia,Leukemia,Leukemia,Illumina HiSeq 4000,1950,7043.0,3.6117948717948716,1950,7043.0,58.0,0.8235127,3641.0,51.696716
Leukemia_TGTGTTTCAGGTGCCT-1,Leukemia,Leukemia,Leukemia,Illumina HiSeq 4000,3838,16501.0,4.2993746743095365,3838,16501.0,364.0,2.205927,5622.0,34.070663
Leukemia_TGTGTTTTCCTAAGTG-1,Leukemia,Leukemia,Leukemia,Illumina HiSeq 4000,3471,14944.0,4.305387496398732,3471,14944.0,392.0,2.6231263,5534.0,37.031586
Leukemia_TGTTCCGAGCGATAGC-1,Leukemia,Leukemia,Leukemia,Illumina HiSeq 4000,2981,12529.0,4.202952029520295,2981,12529.0,222.0,1.7718892,5672.0,45.27097
Leukemia_TGTTCCGAGCTACCGC-1,Leukemia,Leukemia,Leukemia,Illumina HiSeq 4000,3189,13657.0,4.2825337096268425,3189,13657.0,167.0,1.2228161,6406.0,46.90635
Leukemia_TGTTCCGCAGGCTGAA-1,Leukemia,Leukemia,Leukemia,Illumina HiSeq 4000,4229,23366.0,5.525183258453535,4229,23366.0,546.0,2.3367286,9015.0,38.5817
Leukemia_TGTTCCGGTCTAACGT-1,Leukemia,Leukemia,Leukemia,Illumina HiSeq 4000,2245,8967.0,3.9942093541202675,2245,8967.0,106.0,1.1821122,4688.0,52.280586
Leukemia_TTAACTCTCCAAACTG-1,Leukemia,Leukemia,Leukemia,Illumina HiSeq 4000,3781,19347.0,5.116900290928326,3781,19347.0,500.0,2.5843801,7804.0,40.337
Leukemia_TTAACTCTCTGCTGCT-1,Leukemia,Leukemia,Leukemia,Illumina HiSeq 4000,4545,22741.0,5.003520352035204,4545,22741.0,689.0,3.0297701,8264.0,36.33965
Leukemia_TTAGGACCAAGCCATT-1,Leukemia,Leukemia,Leukemia,Illumina HiSeq 4000,2493,9968.0,3.998395507420778,2493,9968.0,173.0,1.7355537,4877.0,48.926563
Leukemia_TTAGGACCAGTTCATG-1,Leukemia,Leukemia,Leukemia,Illumina HiSeq 4000,1861,3272.0,1.7581945190757657,1861,3272.0,236.0,7.212714,403.0,12.316626
Leukemia_TTAGGACGTTAAGACA-1,Leukemia,Leukemia,Leukemia,Illumina HiSeq 4000,1853,6536.0,3.527253103076093,1853,6536.0,91.0,1.3922889,3280.0,50.1836
Leukemia_TTAGGACTCCATGCTC-1,Leukemia,Leukemia,Leukemia,Illumina HiSeq 4000,3871,17454.0,4.508912425729785,3871,17454.0,250.0,1.4323364,8135.0,46.608227
Leukemia_TTAGGCACACAGTCGC-1,Leukemia,Leukemia,Leukemia,Illumina HiSeq 4000,3377,13852.0,4.101865561148949,3377,13852.0,419.0,3.024834,5035.0,36.34854
Leukemia_TTAGTTCAGACACTAA-1,Leukemia,Leukemia,Leukemia,Illumina HiSeq 4000,2279,5601.0,2.4576568670469503,2279,5601.0,105.0,1.8746651,1363.0,24.33494
Leukemia_TTAGTTCAGGCGCTCT-1,Leukemia,Leukemia,Leukemia,Illumina HiSeq 4000,3186,11874.0,3.726930320150659,3186,11874.0,188.0,1.5832912,4737.0,39.893887
Leukemia_TTAGTTCCAGAAGCAC-1,Leukemia,Leukemia,Leukemia,Illumina HiSeq 4000,1997,7160.0,3.5853780671006508,1997,7160.0,108.0,1.5083799,3652.0,51.005585
Leukemia_TTCCCAGTCTCCAGGG-1,Leukemia,Leukemia,Leukemia,Illumina HiSeq 4000,1761,6619.0,3.7586598523566157,1761,6619.0,106.0,1.6014503,3539.0,53.467293
Leukemia_TTCGAAGCAGTGGGAT-1,Leukemia,Leukemia,Leukemia,Illumina HiSeq 4000,2273,8118.0,3.5714914210294766,2273,8118.0,151.0,1.860064,3812.0,46.95738
Leukemia_TTCGGTCAGTCCTCCT-1,Leukemia,Leukemia,Leukemia,Illumina HiSeq 4000,3055,11753.0,3.847135842880524,3055,11753.0,190.0,1.6166085,5295.0,45.052326
Leukemia_TTCGGTCCACATGTGT-1,Leukemia,Leukemia,Leukemia,Illumina HiSeq 4000,1312,4663.0,3.5541158536585367,1312,4663.0,89.0,1.9086424,2532.0,54.29981
Leukemia_TTCTACAAGACGCAAC-1,Leukemia,Leukemia,Leukemia,Illumina HiSeq 4000,2763,10689.0,3.8686210640608034,2763,10689.0,190.0,1.7775283,5168.0,48.34877
Leukemia_TTCTACACACAGATTC-1,Leukemia,Leukemia,Leukemia,Illumina HiSeq 4000,3166,12976.0,4.098547062539482,3166,12976.0,246.0,1.8958077,6488.0,50.0
Leukemia_TTCTACAGTACATCCA-1,Leukemia,Leukemia,Leukemia,Illumina HiSeq 4000,5244,31006.0,5.912662090007628,5244,31006.0,858.0,2.7672064,10107.0,32.596916
Leukemia_TTCTACAGTGGCAAAC-1,Leukemia,Leukemia,Leukemia,Illumina HiSeq 4000,2356,6774.0,2.8752122241086586,2356,6774.0,121.0,1.7862415,2606.0,38.470623
Leukemia_TTCTACAGTTCACCTC-1,Leukemia,Leukemia,Leukemia,Illumina HiSeq 4000,1676,5059.0,3.018496420047733,1676,5059.0,38.0,0.75113654,2391.0,47.262306
Leukemia_TTCTCAACATGCCCGA-1,Leukemia,Leukemia,Leukemia,Illumina HiSeq 4000,3230,13155.0,4.072755417956657,3230,13155.0,150.0,1.1402508,6179.0,46.970734
Leukemia_TTCTCAAGTGGAAAGA-1,Leukemia,Leukemia,Leukemia,Illumina HiSeq 4000,4447,20656.0,4.644929165729706,4447,20656.0,557.0,2.696553,7719.0,37.369286
Leukemia_TTCTCAATCTATCCCG-1,Leukemia,Leukemia,Leukemia,Illumina HiSeq 4000,2739,10432.0,3.8086893026652064,2739,10432.0,165.0,1.5816718,4875.0,46.731213
Leukemia_TTCTCCTAGTGGAGTC-1,Leukemia,Leukemia,Leukemia,Illumina HiSeq 4000,3344,15173.0,4.53738038277512,3344,15173.0,432.0,2.8471627,6202.0,40.875237
Leukemia_TTCTCCTCACTTGGAT-1,Leukemia,Leukemia,Leukemia,Illumina HiSeq 4000,4804,28460.0,5.924229808492923,4804,28460.0,580.0,2.037948,11845.0,41.619816
Leukemia_TTCTTAGCACGAGGTA-1,Leukemia,Leukemia,Leukemia,Illumina HiSeq 4000,393,538.0,1.3689567430025444,393,538.0,53.0,9.851301,23.0,4.275093
Leukemia_TTCTTAGCAGCTGCTG-1,Leukemia,Leukemia,Leukemia,Illumina HiSeq 4000,5002,27730.0,5.543782487005198,5002,27730.0,972.0,3.5052288,10021.0,36.137756
Leukemia_TTCTTAGCAGTCGATT-1,Leukemia,Leukemia,Leukemia,Illumina HiSeq 4000,2274,8951.0,3.936235708003518,2274,8951.0,115.0,1.2847726,4707.0,52.586304
Leukemia_TTGAACGCATGACATC-1,Leukemia,Leukemia,Leukemia,Illumina HiSeq 4000,2027,7376.0,3.6388751850024668,2027,7376.0,140.0,1.8980477,3628.0,49.18655
Leukemia_TTGAACGCATGGAATA-1,Leukemia,Leukemia,Leukemia,Illumina HiSeq 4000,3980,17977.0,4.516834170854271,3980,17977.0,665.0,3.699171,7379.0,41.046894
Leukemia_TTGACTTAGTAGGCCA-1,Leukemia,Leukemia,Leukemia,Illumina HiSeq 4000,2092,7274.0,3.477055449330784,2092,7274.0,85.0,1.1685455,3382.0,46.494366
Leukemia_TTGACTTGTACGCACC-1,Leukemia,Leukemia,Leukemia,Illumina HiSeq 4000,3573,15711.0,4.397145256087321,3573,15711.0,491.0,3.1251988,6197.0,39.443703
Leukemia_TTGACTTGTAGGCTGA-1,Leukemia,Leukemia,Leukemia,Illumina HiSeq 4000,2405,6515.0,2.708939708939709,2405,6515.0,314.0,4.819647,1981.0,30.406752
Leukemia_TTGACTTGTGCAGACA-1,Leukemia,Leukemia,Leukemia,Illumina HiSeq 4000,3378,14518.0,4.297809354647721,3378,14518.0,437.0,3.0100565,5277.0,36.34798
Leukemia_TTGCCGTCAACCGCCA-1,Leukemia,Leukemia,Leukemia,Illumina HiSeq 4000,545,730.0,1.3394495412844036,545,730.0,27.0,3.6986303,135.0,18.49315
Leukemia_TTGCCGTCACGGTAGA-1,Leukemia,Leukemia,Leukemia,Illumina HiSeq 4000,4497,26087.0,5.800978430064488,4497,26087.0,677.0,2.5951624,8433.0,32.326447
Leukemia_TTGCGTCCACCGGAAA-1,Leukemia,Leukemia,Leukemia,Illumina HiSeq 4000,2426,10502.0,4.328936521022259,2426,10502.0,140.0,1.3330793,5808.0,55.303753
Leukemia_TTGCGTCTCTTACCGC-1,Leukemia,Leukemia,Leukemia,Illumina HiSeq 4000,3013,11740.0,3.896448722203784,3013,11740.0,236.0,2.0102215,5332.0,45.417377
Leukemia_TTGTAGGGTCAGCTAT-1,Leukemia,Leukemia,Leukemia,Illumina HiSeq 4000,2674,8499.0,3.1783844427823484,2674,8499.0,251.0,2.9532888,3532.0,41.55783
Leukemia_TTTACTGTCGTTGACA-1,Leukemia,Leukemia,Leukemia,Illumina HiSeq 4000,4010,21332.0,5.319700748129676,4010,21332.0,449.0,2.104819,8642.0,40.511906
Leukemia_TTTACTGTCTTCCTTC-1,Leukemia,Leukemia,Leukemia,Illumina HiSeq 4000,4300,20924.0,4.866046511627907,4300,20924.0,507.0,2.423055,8148.0,38.94093
Leukemia_TTTATGCAGCCACGTC-1,Leukemia,Leukemia,Leukemia,Illumina HiSeq 4000,5822,41274.0,7.089316386121608,5822,41274.0,904.0,2.1902409,15689.0,38.01182
Leukemia_TTTATGCAGCTATGCT-1,Leukemia,Leukemia,Leukemia,Illumina HiSeq 4000,2241,8094.0,3.611780455153949,2241,8094.0,100.0,1.235483,4066.0,50.23474
Leukemia_TTTATGCGTAAACCTC-1,Leukemia,Leukemia,Leukemia,Illumina HiSeq 4000,2212,8173.0,3.6948462929475587,2212,8173.0,178.0,2.177903,4259.0,52.110607
Leukemia_TTTATGCGTCATGCCG-1,Leukemia,Leukemia,Leukemia,Illumina HiSeq 4000,1909,7194.0,3.7684651650078576,1909,7194.0,51.0,0.7089241,3809.0,52.9469
Leukemia_TTTATGCGTTTACTCT-1,Leukemia,Leukemia,Leukemia,Illumina HiSeq 4000,602,1048.0,1.7408637873754154,602,1048.0,21.0,2.0038166,380.0,36.25954
Leukemia_TTTATGCTCTCAAACG-1,Leukemia,Leukemia,Leukemia,Illumina HiSeq 4000,2762,10996.0,3.9811730629978275,2762,10996.0,181.0,1.6460531,5551.0,50.481995
Leukemia_TTTGCGCGTGAAATCA-1,Leukemia,Leukemia,Leukemia,Illumina HiSeq 4000,1079,2209.0,2.0472659870250234,1079,2209.0,138.0,6.2471704,656.0,29.696693
