group,names,scores,logfoldchanges,pvals,pvals_adj,pct_nz_group,pct_nz_reference
0,HLA-DRB5,24.940153,3.220349,2.7309676602356627e-137,7.139724809448964e-134,0.8228021978021978,0.2448087431693989
0,AJ009632.2,17.623182,2.437535,1.6354029168017318e-69,8.43061720533242e-67,0.6744505494505495,0.22076502732240438
0,AC011139.1,15.650803,5.7267118,3.2805365821082266e-55,1.165737081958672e-52,0.4642857142857143,0.02185792349726776
0,AL691403.1,15.182936,2.17886,4.5877794737407415e-52,1.4230281060880075e-49,0.6098901098901099,0.22076502732240438
0,TLE4,14.520626,3.2418766,8.968738954394708e-48,2.378730539636237e-45,0.4793956043956044,0.073224043715847
0,FRMD4B,13.637179,1.9042308,2.40690493559024e-42,5.404609051996219e-40,0.5906593406593407,0.2448087431693989
0,LINC00910,13.142724,2.4814208,1.8735873496590193e-39,3.6671214216507896e-37,0.4876373626373626,0.1355191256830601
0,PCDH9,12.14324,2.1987474,6.2309083185890005e-34,9.622678285598144e-32,0.4807692307692308,0.146448087431694
0,SNHG31,12.13811,1.8583227,6.634029829248356e-34,1.0202190158836935e-31,0.5247252747252747,0.21967213114754097
0,EVI2B,10.579217,1.7965033,3.720551907535048e-26,3.846777411516675e-24,0.4684065934065934,0.18032786885245902
0,AL589693.1,10.467471,2.2247124,1.218550593456138e-25,1.2119611486708724e-23,0.4519230769230769,0.1901639344262295
0,FLT3,10.182114,1.596578,2.3832809459283857e-24,2.208366225365186e-22,0.49175824175824173,0.2174863387978142
0,RAMP1,10.106639,4.3497024,5.1624908105889056e-24,4.7003066208548395e-22,0.30494505494505497,0.014207650273224045
0,PROM1,9.956842,1.454778,2.3542172217291413e-23,2.056484595047931e-21,0.49862637362637363,0.23278688524590163
0,TNRC18,9.847347,1.5486978,7.037713700691565e-23,6.032490846815268e-21,0.4793956043956044,0.24043715846994534
0,SORL1,9.839653,1.6427567,7.597241958211476e-23,6.4817401611304946e-21,0.46153846153846156,0.1923497267759563
0,PBXIP1,9.751251,1.9714388,1.8220927129829975e-22,1.5226122234678242e-20,0.4010989010989011,0.13114754098360656
0,GLIPR1,9.669758,1.6231898,4.0533761467898464e-22,3.304178626918823e-20,0.45054945054945056,0.18032786885245902
0,EGR1,9.6585045,2.6621444,4.524206693282836e-22,3.671629471859093e-20,0.3434065934065934,0.07213114754098361
0,NPR3,9.613858,1.403161,6.98802186233423e-22,5.608960267177525e-20,0.5027472527472527,0.24699453551912567
0,GUCY1A1,9.081142,1.4494425,1.0744142329937559e-19,7.69562335456056e-18,0.4697802197802198,0.23934426229508196
0,RHOC,9.076013,1.7423793,1.126251163876703e-19,8.051156025205315e-18,0.4010989010989011,0.15191256830601094
0,PRSS21,8.926059,4.406682,4.414559609467056e-19,3.0257920649083094e-17,0.2706043956043956,0.014207650273224045
0,GPC6,8.892876,4.257181,5.954765717378191e-19,4.058666294632387e-17,0.27472527472527475,0.02185792349726776
0,PPP1R10,8.757053,1.7445378,2.0042140188252224e-18,1.3217340054598554e-16,0.39972527472527475,0.1814207650273224
0,AC026369.3,8.719996,2.3179028,2.782108398086514e-18,1.8151149639637165e-16,0.3324175824175824,0.09289617486338798
0,BTBD11,8.48588,1.3899128,2.1409298652404233e-17,1.2720807467153364e-15,0.4409340659340659,0.21530054644808744
0,KLHL24,8.40894,1.3625966,4.137331560920986e-17,2.4267703920075162e-15,0.45467032967032966,0.24918032786885247
0,RNF125,8.366597,1.3616704,5.930618802284646e-17,3.440040868184157e-15,0.4519230769230769,0.24371584699453552
0,SKIL,8.338752,1.501855,7.507871036437434e-17,4.313902477309993e-15,0.4230769230769231,0.2098360655737705
0,TP53BP1,8.1720495,1.430128,3.0319495040800813e-16,1.661263230521483e-14,0.4230769230769231,0.21420765027322405
0,SAT2,8.048474,1.5384616,8.383238538578429e-16,4.3896268061589284e-14,0.38324175824175827,0.16393442622950818
0,LAIR1,8.006917,1.6256108,1.1762025361600174e-15,6.106409790920965e-14,0.3626373626373626,0.13879781420765028
0,ELMO1-AS1,7.9148507,1.3494117,2.4755031112843365e-15,1.2601653598903755e-13,0.43543956043956045,0.23934426229508196
0,PER1,7.8638716,1.5069767,3.724399113376441e-15,1.87248258171279e-13,0.3956043956043956,0.1989071038251366
0,MIR99AHG,7.800278,1.2282981,6.177078146748898e-15,3.056500419623476e-13,0.43956043956043955,0.22513661202185792
0,ARRDC3,7.790177,1.7485299,6.6915538432966566e-15,3.300775771138827e-13,0.3557692307692308,0.15300546448087432
0,FAM117A,7.7060666,1.4549197,1.2975515094336231e-14,6.232504304039375e-13,0.39697802197802196,0.20327868852459016
0,GSN,7.6927195,1.2445962,1.4403985675434157e-14,6.891506924268832e-13,0.3914835164835165,0.16612021857923498
0,GIT2,7.615361,1.3280659,2.629550535370224e-14,1.2338997326293023e-12,0.42032967032967034,0.23278688524590163
0,P2RX1,7.5971994,1.5028306,3.0260844797663635e-14,1.416339105421083e-12,0.37225274725274726,0.16721311475409836
0,FAM215B,7.572861,2.729993,3.6509245455746204e-14,1.7066090586535976e-12,0.2651098901098901,0.05136612021857923
0,BEX1,7.3895664,2.1853607,1.4730819765410013e-13,6.5353058695002655e-12,0.3008241758241758,0.0994535519125683
0,IL12A-AS1,7.285986,2.6510172,3.1932668304805843e-13,1.3864384254142333e-11,0.26373626373626374,0.06120218579234973
0,AL121944.1,7.2266846,1.8362463,4.949277879166475e-13,2.1112881078714702e-11,0.3131868131868132,0.11475409836065574
0,NEGR1,6.97472,1.2896706,3.0648068729648364e-12,1.2313391477210314e-10,0.37362637362637363,0.17704918032786884
0,SNHG12,6.9590178,1.3726456,3.4265281797101054e-12,1.3721483359471505e-10,0.3708791208791209,0.1912568306010929
0,ATP2B1-AS1,6.9537315,1.786648,3.557480772973365e-12,1.4230311887606352e-10,0.2925824175824176,0.09180327868852459
0,HDAC9,6.8878355,1.6770141,5.664761803373022e-12,2.2318185873547466e-10,0.30357142857142855,0.10710382513661203
0,AC103591.3,6.82262,1.3944446,8.939489927971946e-12,3.447779461050592e-10,0.3598901098901099,0.18360655737704917
0,ARHGAP25,6.770751,1.8471001,1.2811552832663733e-11,4.871083402908451e-10,0.2980769230769231,0.11366120218579236
0,NCF4,6.7273088,1.2983183,1.7282957576824582e-11,6.468032006844137e-10,0.38186813186813184,0.2284153005464481
0,THRB,6.6757016,2.0857258,2.4605199828607063e-11,9.133619867412243e-10,0.27472527472527475,0.09508196721311475
0,RRP12,6.510412,1.123052,7.49449292066923e-11,2.635023394710994e-09,0.39972527472527475,0.24262295081967214
0,DYTN,6.460061,1.3250151,1.0466077320947499e-10,3.620688998336478e-09,0.34065934065934067,0.16065573770491803
0,LPCAT2,6.314556,1.0616963,2.70938388324278e-10,8.998744057220415e-09,0.39972527472527475,0.23934426229508196
0,DOCK10,6.2786508,1.1438472,3.4152395683633756e-10,1.1210868470104746e-08,0.36126373626373626,0.18797814207650274
0,ANXA6,6.265775,1.2824594,3.709755752010802e-10,1.2123283060656014e-08,0.3228021978021978,0.1431693989071038
0,RORA,6.2411227,1.8146367,4.344406845316144e-10,1.4121637206520088e-08,0.2925824175824176,0.13442622950819672
0,ING4,6.188207,1.116463,6.085230889987928e-10,1.9418093792889985e-08,0.3804945054945055,0.23060109289617486
0,BMERB1,6.1406302,1.8527912,8.219474831820368e-10,2.591223069073706e-08,0.25824175824175827,0.08633879781420765
0,YPEL3,6.0475698,1.6609262,1.470470601475416e-09,4.4813234375188765e-08,0.2706043956043956,0.0994535519125683
0,MYCT1,6.0074773,1.4412589,1.884322019209247e-09,5.681060150335886e-08,0.30631868131868134,0.14863387978142076
0,JUP,6.0068493,1.5032326,1.891633031125883e-09,5.6984082775504895e-08,0.29120879120879123,0.12349726775956284
0,SPTBN1,5.970682,1.23301,2.3626345043348002e-09,7.007681158278608e-08,0.3228021978021978,0.15628415300546447
0,MAML2,5.9499555,1.5027283,2.6821515409687204e-09,7.910509955761171e-08,0.29945054945054944,0.1355191256830601
0,TNFRSF14,5.8946323,1.406106,3.755166273763536e-09,1.0899511561143471e-07,0.30631868131868134,0.1540983606557377
0,SCRN2,5.8016763,1.3032768,6.5655133300511915e-09,1.8428247959601508e-07,0.3131868131868132,0.16393442622950818
0,ANKRD44,5.6988807,1.1365385,1.2059650135621618e-08,3.2866362964548534e-07,0.35027472527472525,0.2
0,AC009318.1,5.6703553,1.6139271,1.42501497859842e-08,3.843549980227028e-07,0.2664835164835165,0.11256830601092896
0,FOXO1,5.629583,1.4302251,1.806461588606272e-08,4.822633158612557e-07,0.3324175824175824,0.2010928961748634
0,SERINC1,5.6245055,1.2487019,1.860399046816626e-08,4.948580342480765e-07,0.3434065934065934,0.21530054644808744
0,BICRAL,5.582215,1.3735933,2.374745416545584e-08,6.199576104920465e-07,0.3008241758241758,0.15737704918032788
0,TMEM241,5.4563375,1.0697342,4.8605601455549275e-08,1.2205334891492962e-06,0.35714285714285715,0.2273224043715847
0,KHDRBS2,5.3736925,1.1876068,7.714034087246623e-08,1.8708967020269683e-06,0.29945054945054944,0.14863387978142076
0,HIST1H1C,5.3522334,1.5615075,8.687535113474373e-08,2.0905488013693327e-06,0.3021978021978022,0.18032786885245902
0,SVIL,5.319887,1.049824,1.0383168216207836e-07,2.47579374515585e-06,0.3282967032967033,0.18032786885245902
0,TMEM163,5.311303,1.2395542,1.0884399903337552e-07,2.5936192764456885e-06,0.27884615384615385,0.12786885245901639
0,RAB37,5.28864,1.0051713,1.2322907965868429e-07,2.904254697094336e-06,0.35027472527472525,0.2185792349726776
0,KLF12,5.2717867,1.3388243,1.3510208434217238e-07,3.1718225715252414e-06,0.2802197802197802,0.13879781420765028
0,ZNF277,5.259539,1.0097855,1.444169330581681e-07,3.373199851220173e-06,0.3475274725274725,0.21530054644808744
0,MOAP1,5.1733875,1.4593966,2.2988757201557562e-07,5.193898162556841e-06,0.26373626373626374,0.12786885245901639
0,CTSF,5.1367497,1.1989633,2.795311438327575e-07,6.2422937128875885e-06,0.2802197802197802,0.1366120218579235
0,ZNF709,5.135912,1.355462,2.807789248121335e-07,6.26633501649323e-06,0.2554945054945055,0.10819672131147541
0,ADGRG6,5.133138,1.3047609,2.849507370484099e-07,6.347828318142939e-06,0.2706043956043956,0.12896174863387977
0,AC025159.1,4.979834,1.172741,6.363874496384294e-07,1.3605383787509437e-05,0.2980769230769231,0.17049180327868851
0,NAALADL1,4.973135,1.2759237,6.587883224652163e-07,1.405965678749235e-05,0.260989010989011,0.12131147540983607
0,ORAI2,4.9688954,1.0744289,6.733544119040583e-07,1.434542772415625e-05,0.3173076923076923,0.19562841530054645
0,CCM2,4.9538736,1.218561,7.275045631776319e-07,1.5454088518203426e-05,0.3008241758241758,0.1814207650273224
0,AC004797.1,4.9290643,1.2635509,8.262429482235401e-07,1.7380067901109075e-05,0.29120879120879123,0.1726775956284153
0,PRKN,4.837574,1.0208775,1.3143330598911797e-06,2.6814885354000593e-05,0.32554945054945056,0.2010928961748634
0,ANXA5,4.829409,1.0438577,1.3693874352498061e-06,2.77832314398992e-05,0.3118131868131868,0.1901639344262295
0,GNA12,4.8277864,1.0144753,1.3805887927054249e-06,2.799497529186219e-05,0.3447802197802198,0.23387978142076501
0,AC008014.1,4.802192,1.1861876,1.5693778099279202e-06,3.1508939781224246e-05,0.27197802197802196,0.13989071038251366
0,SERPING1,4.722269,1.0411891,2.332276080570311e-06,4.5673427942725494e-05,0.29532967032967034,0.17049180327868851
0,UNK,4.6696153,1.0507787,3.0176435193646847e-06,5.7887196253808604e-05,0.3282967032967033,0.23060109289617486
0,AC079793.1,4.647842,1.1098568,3.3542594578815123e-06,6.384256391987583e-05,0.28983516483516486,0.16612021857923498
0,STMN3,4.634286,1.1548178,3.5817191350005815e-06,6.760933577109659e-05,0.2733516483516483,0.15081967213114755
0,FAM153CP,4.531019,1.0255109,5.869985386638271e-06,0.00010720924907003361,0.31043956043956045,0.20546448087431693
0,DNM3,4.4452863,1.1292884,8.777495899051709e-06,0.00015595394534038428,0.2554945054945055,0.13224043715846995
0,TMEM91,4.386142,1.0838947,1.1537882779975274e-05,0.0002015742470786993,0.26785714285714285,0.15191256830601094
0,MTMR6,4.3709636,1.0191824,1.2369953852357969e-05,0.00021508440900244846,0.28983516483516486,0.1726775956284153
0,AL050309.1,4.3616467,1.2600299,1.2908709940875233e-05,0.00022349654330462365,0.2692307692307692,0.1650273224043716
0,ARMCX1,4.2789497,1.1790522,1.8777727784331735e-05,0.0003161378172191011,0.25,0.13333333333333333
0,ZNF10,4.275443,1.179524,1.9075765956211054e-05,0.00032078831667256774,0.2692307692307692,0.16393442622950818
0,DEF6,4.2320533,1.0448925,2.3156772038332237e-05,0.0003838591546082419,0.25686813186813184,0.14426229508196722
0,CREBRF,4.17987,1.0780808,2.9167560230643157e-05,0.0004757405846710206,0.2623626373626374,0.15300546448087432
0,PLD3,4.156631,1.118893,3.2297473058601825e-05,0.0005232934092155313,0.2664835164835165,0.1650273224043716
0,CEP68,4.066188,1.1984472,4.77884457631632e-05,0.0007513337213821032,0.2554945054945055,0.15737704918032788
0,BCAS4,3.954599,1.0184011,7.666315290550649e-05,0.0011599619923499144,0.25274725274725274,0.146448087431694
1,SOCS3,20.013933,4.400614,4.164570022600484e-89,3.8106856849300077e-85,0.7021276595744681,0.07704918032786885
1,CACNB2,16.875383,2.7546859,6.828019557983849e-64,9.612013224683341e-61,0.6903073286052009,0.20573770491803278
1,BAALC,16.194868,2.844622,5.481452463804633e-59,6.471827149281077e-56,0.6382978723404256,0.15327868852459017
1,LGALS1,12.996081,2.2583456,1.2877468983880172e-38,8.41657575498211e-36,0.5910165484633569,0.17459016393442622
1,PRKG1,12.621751,1.9879404,1.6021936487718484e-36,9.939303345542105e-34,0.6028368794326241,0.2180327868852459
1,CDH9,11.835389,3.1418762,2.561537987512314e-32,1.3393550268705457e-29,0.44680851063829785,0.06229508196721312
1,MZB1,10.814974,1.8051978,2.9237678966643908e-27,1.2589744563036865e-24,0.5342789598108747,0.18934426229508197
1,NLGN1,9.45442,1.7794644,3.2481751133245793e-21,1.1542374497358537e-18,0.475177304964539,0.18770491803278688
1,HLA-DQA2,9.3895445,3.1114433,6.0260567267911435e-21,2.120766367858487e-18,0.35933806146572106,0.06393442622950819
1,MEG3,9.293687,3.1586125,1.4903445721743883e-20,5.097953428612597e-18,0.3546099290780142,0.05819672131147541
1,FREM1,8.7006445,1.4701425,3.300035337645576e-18,9.900376507636535e-16,0.4799054373522459,0.19754098360655736
1,AL592430.1,8.555194,4.1191306,1.1767060600465057e-17,3.3912298034458392e-15,0.30260047281323876,0.030327868852459017
1,MALRD1,8.50453,1.5045893,1.823325971457612e-17,5.213715146978129e-15,0.4799054373522459,0.23442622950819672
1,TRBC2,8.321498,1.9855645,8.685879034706558e-17,2.3903147259345472e-14,0.38534278959810875,0.13442622950819672
1,FGF13,8.184134,3.3183177,2.7426875758061833e-16,7.069373800146628e-14,0.30260047281323876,0.03770491803278689
1,C12orf75,8.163737,1.5322908,3.2481412415589624e-16,8.313651579181789e-14,0.4491725768321513,0.2155737704918033
1,SYT1,7.7704973,1.4925542,7.817865536041833e-15,1.7772776179171872e-12,0.42789598108747046,0.18114754098360655
1,AC120193.1,7.6174946,1.9346753,2.5864719331621125e-14,5.536108726647163e-12,0.3640661938534279,0.12950819672131147
1,EMP1,7.4853635,1.9629012,7.134927944417701e-14,1.4348653719430344e-11,0.36879432624113473,0.14344262295081966
1,DLK1,7.056266,1.5892309,1.7103624614149487e-12,3.0990582401113136e-10,0.3640661938534279,0.1319672131147541
1,LNCAROD,6.9670095,1.4651536,3.2374897831901524e-12,5.563162608194496e-10,0.3806146572104019,0.1557377049180328
1,PREX2,6.8714495,1.4885082,6.355275837125308e-12,1.0384350487259974e-09,0.375886524822695,0.1581967213114754
1,BCL2,6.8468313,1.362562,7.550373814120967e-12,1.2282276976472956e-09,0.41134751773049644,0.21475409836065573
1,NR6A1,6.3836007,1.2494158,1.7297171937990647e-10,2.362290261576103e-08,0.41371158392434987,0.2459016393442623
1,CALCRL,6.23482,1.8441695,4.522980826559388e-10,5.80861828887369e-08,0.30023640661938533,0.10245901639344263
1,DDIT4,6.12594,1.9222735,9.01497987346156e-10,1.0962035825533774e-07,0.29550827423167847,0.1040983606557377
1,PHGDH,6.029191,1.1161003,1.6478264885729746e-09,1.9455515260728854e-07,0.39952718676122934,0.21639344262295082
1,ELL2,5.975613,1.3394263,2.292264939797009e-09,2.650880191706662e-07,0.3806146572104019,0.21475409836065573
1,PCBP3,5.9748993,1.8833921,2.3023209106892095e-09,2.650880191706662e-07,0.28132387706855794,0.09098360655737706
1,BACH2,5.827427,1.4110696,5.628849330165744e-09,6.041686637343002e-07,0.3215130023640662,0.1418032786885246
1,PRAM1,5.723958,1.0491589,1.0407034944815143e-08,1.0639885084222878e-06,0.40189125295508277,0.21475409836065573
1,LINC02573,5.5292706,1.0808237,3.215649526490637e-08,2.9571856361578842e-06,0.37115839243498816,0.19918032786885245
1,PDE4B,5.4169416,1.3988321,6.06270965366839e-08,5.295972220379874e-06,0.3073286052009456,0.1377049180327869
1,SPRY1,5.405465,1.8688786,6.464047017255022e-08,5.606411963946707e-06,0.26713947990543735,0.1
1,KIT,5.2689934,1.2283865,1.3717389699524622e-07,1.1132376505372521e-05,0.3404255319148936,0.18934426229508197
1,PTPRM,5.242472,1.3439895,1.5843933896995846e-07,1.2697545719456138e-05,0.30023640661938533,0.1360655737704918
1,HIVEP3,5.1890726,1.1616893,2.1134379932934187e-07,1.6458285955857962e-05,0.3380614657210402,0.1778688524590164
1,KSR1,5.142928,1.5247115,2.704891311376414e-07,2.0711658344704627e-05,0.2789598108747045,0.11967213114754098
1,UBE2E2,5.134068,1.6167238,2.835457637150112e-07,2.1620955203610676e-05,0.2765957446808511,0.12131147540983607
1,IFI44L,5.036724,1.564416,4.7356667109516136e-07,3.480524845131326e-05,0.28368794326241137,0.13688524590163934
1,LATS2,4.9648314,1.0796436,6.876085416971014e-07,4.812076526702793e-05,0.35697399527186763,0.21639344262295082
1,SLFNL1,4.891868,1.2938324,9.988346088850883e-07,6.659079329654484e-05,0.32387706855791965,0.19672131147540983
1,STAT4,4.7769227,1.1531501,1.7799827792016974e-06,0.00011213278778237749,0.3073286052009456,0.1540983606557377
1,AHR,4.54721,1.3474417,5.436169225487644e-06,0.00030055774897594145,0.28132387706855794,0.1418032786885246
1,DOCK1,4.42947,1.2277061,9.446494714566017e-06,0.0004815475669189844,0.2718676122931442,0.1319672131147541
1,LINC02328,4.3967643,1.0417999,1.098764983399793e-05,0.0005464116461605411,0.29314420803782504,0.15737704918032788
1,BTG2,4.274386,1.121051,1.9166479583509254e-05,0.0008812968834623395,0.2860520094562648,0.15163934426229508
1,CLDN10,4.216289,1.1978825,2.4835558744498852e-05,0.0010873280928318213,0.2789598108747045,0.15655737704918032
1,CCDC42,4.1544456,1.0590602,3.260772845950406e-05,0.0013861503709016352,0.2718676122931442,0.13688524590163934
1,PIM3,3.9996588,1.0813094,6.343387870732415e-05,0.002496498273727711,0.2765957446808511,0.15245901639344261
1,ZNF704,3.9470325,1.0813632,7.912583027577574e-05,0.003007356712277952,0.26713947990543735,0.14754098360655737
1,TMIGD2,3.8311357,1.0506439,0.00012755314735125297,0.004501998790938486,0.26713947990543735,0.14918032786885246
1,AP3M2,3.6940694,1.1881605,0.00022069352083100085,0.007192879390859717,0.25059101654846333,0.14426229508196722
1,CRPPA,3.4286783,1.0727237,0.0006065281861510523,0.01685983454864596,0.2695035460992908,0.1778688524590164
2,APOC1,25.980648,7.677627,8.194855905515436e-149,1.4996996049888524e-144,0.9790940766550522,0.0471976401179941
2,AHSP,24.503689,8.374687,1.3493140229669574e-132,5.4873602838459564e-129,0.926829268292683,0.05457227138643068
2,HBA1,24.166786,7.2207003,4.974064961179041e-129,1.5171312637009508e-125,0.9198606271777003,0.09144542772861357
2,KLF1,24.01607,5.6139913,1.889405491227391e-127,5.319548491108749e-124,0.9198606271777003,0.061946902654867256
2,FAM178B,23.948141,7.910692,9.661491504979848e-127,2.525858932669767e-123,0.9024390243902439,0.017699115044247787
2,ANK1,23.348633,7.0525374,1.4229260136915824e-120,2.3672961375966184e-117,0.8850174216027874,0.01696165191740413
2,HBD,23.259546,5.7078195,1.138873457474518e-119,1.736829475709368e-116,0.9303135888501742,0.19321533923303835
2,HBA2,22.569786,5.881949,8.585975845508002e-113,9.522887937013284e-110,0.89198606271777,0.12020648967551623
2,KCNH2,22.548763,7.17092,1.3808758303346127e-112,1.4865128313552107e-109,0.8536585365853658,0.01327433628318584
2,TFR2,22.159273,3.9444294,8.491185232617321e-109,7.580143187781136e-106,0.9059233449477352,0.12536873156342182
2,GATA1,22.001162,4.323796,2.8070145535125454e-107,2.283100881624726e-104,0.89198606271777,0.08923303834808259
2,HBQ1,21.51142,5.641729,1.2172081593315356e-102,8.100188334489735e-100,0.8292682926829268,0.03171091445427729
2,SMIM1,20.992302,3.6743386,7.711768081362464e-98,4.552555218483025e-95,0.8815331010452961,0.1224188790560472
2,MYL4,20.876715,5.201262,8.718343192152752e-97,4.762687748895267e-94,0.8153310104529616,0.03982300884955752
2,UBAC1,20.603907,3.770293,2.531735351790724e-94,1.2355206081452307e-91,0.8466898954703833,0.13348082595870206
2,HES6,20.516394,6.3010373,1.5369889269991788e-93,7.031916464637118e-91,0.7839721254355401,0.01991150442477876
2,HMBS,20.31747,3.8151274,9.010000661449437e-92,3.879706284820127e-89,0.8397212543554007,0.13274336283185842
2,TFRC,20.290285,3.195713,1.566812968741641e-91,6.668246682431722e-89,0.89198606271777,0.22418879056047197
2,TFDP1,20.159908,2.888029,2.2029356824042356e-90,8.86040097930521e-88,0.8954703832752613,0.24631268436578171
2,CA2,19.895315,3.9700916,4.467839131690577e-88,1.6517917177677457e-85,0.8292682926829268,0.15486725663716813
2,SLC25A37,19.770895,3.2394726,5.302707074476814e-87,1.8138727255413632e-84,0.8745644599303136,0.2013274336283186
2,APOE,19.715635,6.2810683,1.5831775097785203e-86,5.316135783064553e-84,0.7526132404181185,0.011799410029498525
2,PVT1,19.588337,3.1350286,1.9443602798845814e-85,6.354065232504961e-83,0.8606271777003485,0.1762536873156342
2,MRPS17,19.43413,3.0164237,3.970935333486606e-84,1.231696645262231e-81,0.8571428571428571,0.19911504424778761
2,TESC,19.265953,3.6293204,1.0373962899489451e-82,3.037579328673707e-80,0.8118466898954704,0.09218289085545722
2,NMU,19.215553,8.193702,2.7429186398607365e-82,7.96774326488435e-80,0.7247386759581882,0.00663716814159292
2,BOLA3,19.076479,2.89142,3.960590699802355e-81,1.073789482988637e-78,0.8536585365853658,0.2042772861356932
2,EPOR,19.02923,5.007042,9.767673921582678e-81,2.590627776839475e-78,0.7456445993031359,0.030973451327433628
2,TMEM141,18.942677,2.8061528,5.075033098715282e-80,1.3173850102558725e-77,0.867595818815331,0.1976401179941003
2,LYAR,18.739508,2.8119254,2.357976074839961e-78,5.952019470014993e-76,0.8501742160278746,0.221976401179941
2,MBOAT2,18.678701,3.0361621,7.379276355475893e-78,1.8373394141957356e-75,0.8432055749128919,0.16371681415929204
2,CNRIP1,18.632822,3.7624621,1.740971112036216e-77,4.2765962195729895e-75,0.7804878048780488,0.07300884955752213
2,LPCAT3,18.179237,2.6677785,7.537561504385675e-74,1.5855303943794257e-71,0.8536585365853658,0.23672566371681417
2,SLC25A39,18.12829,2.6121278,1.9059272532208033e-73,3.919036145794079e-71,0.8571428571428571,0.25
2,FECH,18.064676,3.278214,6.047576439411744e-73,1.209548334748138e-70,0.7874564459930313,0.10766961651917405
2,CENPU,18.012978,2.5468433,1.5411339625351464e-72,3.049029414202643e-70,0.867595818815331,0.23893805309734514
2,NMNAT3,17.652792,3.061034,9.684678860878234e-70,1.7812509094824336e-67,0.7839721254355401,0.11578171091445427
2,MAP2K2,17.570143,2.5707488,4.1712770241419383e-69,7.520833022690595e-67,0.8327526132404182,0.2323008849557522
2,A4GALT,17.433874,7.6428423,4.564579099883872e-68,7.880573567681585e-66,0.6585365853658537,0.003687315634218289
2,DTYMK,17.372862,2.6406672,1.3245090652815429e-67,2.254807269691616e-65,0.8222996515679443,0.21607669616519173
2,LRRC59,17.254742,2.3801339,1.0308279026271348e-66,1.714969639275262e-64,0.867595818815331,0.23967551622418878
2,OAT,17.180717,2.665137,3.7029689591377117e-66,6.077684613156923e-64,0.8118466898954704,0.20722713864306785
2,ASAP1,17.111216,2.512969,1.2241862727991825e-65,1.948106163944473e-63,0.8397212543554007,0.2323008849557522
2,TSTA3,17.064173,2.6307306,2.7424959563227593e-65,4.326642004196953e-63,0.8153310104529616,0.19837758112094395
2,HBS1L,16.992752,2.5906446,9.292581816656695e-65,1.4473097322189434e-62,0.8153310104529616,0.18141592920353983
2,POP7,16.968374,2.493755,1.4077611400230029e-64,2.1740702736701236e-62,0.8292682926829268,0.20501474926253688
2,MRPL27,16.926125,2.3967836,2.887795780277334e-64,4.422435705185384e-62,0.8432055749128919,0.2308259587020649
2,GMNN,16.822863,2.7120838,1.6594371389857793e-63,2.4892237181974798e-61,0.7874564459930313,0.15486725663716813
2,LXN,16.782461,2.6764174,3.2795580607768086e-63,4.840125184777902e-61,0.7979094076655052,0.21165191740412978
2,NOP16,16.752401,2.3963873,5.438671034453512e-63,7.96243194128132e-61,0.8362369337979094,0.21386430678466076
2,AMMECR1,16.737473,3.716475,6.989330768211243e-63,1.0151448232035702e-60,0.6968641114982579,0.061946902654867256
2,GFI1B,16.684883,2.9803092,1.6883627568978721e-62,2.413897080672618e-60,0.7526132404181185,0.1172566371681416
2,DENND10,16.574842,2.61384,1.0594099881923028e-61,1.502924999140561e-59,0.7909407665505227,0.16519174041297935
2,RFESD,16.52287,5.074504,2.511624236224421e-61,3.508700712597329e-59,0.6445993031358885,0.02064896755162242
2,KEL,16.426727,5.815153,1.2312526487451943e-60,1.675281717350292e-58,0.6306620209059234,0.01327433628318584
2,RYR3,16.288544,3.2865188,1.1903036273714014e-59,1.5615162389039665e-57,0.7073170731707317,0.08628318584070796
2,TLCD4,16.24691,7.594531,2.3490957350628537e-59,3.006267587378864e-57,0.6132404181184669,0.0029498525073746312
2,BIRC5,16.208632,2.9487772,4.382154247023428e-59,5.492850260113167e-57,0.7317073170731707,0.10988200589970501
2,UCA1,16.195415,8.33866,5.432905713211084e-59,6.74067057658437e-57,0.6097560975609756,0.0014749262536873156
2,CD36,16.092634,4.9691963,2.8735052103497647e-58,3.482555106093104e-56,0.627177700348432,0.021386430678466076
2,CENPW,16.037031,2.2716587,7.044263343482497e-58,8.42572165473212e-56,0.8083623693379791,0.24041297935103245
2,ALAS2,15.9523945,10.313384,2.7418010065402786e-57,3.2476588556757518e-55,0.5993031358885017,0.0007374631268436578
2,FAM89A,15.928907,5.096443,3.992748567908025e-57,4.698990042893943e-55,0.6202090592334495,0.019174041297935103
2,E2F4,15.897751,2.554642,6.568123065675175e-57,7.656046889387805e-55,0.7665505226480837,0.16002949852507375
2,TSPAN17,15.824276,3.3939977,2.1162057036188216e-56,2.4433831217082801e-54,0.6794425087108014,0.084070796460177
2,RHAG,15.699581,7.9873624,1.5224505708565136e-55,1.7198522637012116e-53,0.5923344947735192,0.003687315634218289
2,AC073210.3,15.595428,6.1401157,7.819690806924214e-55,8.613301631848807e-53,0.5958188153310104,0.009587020648967551
2,ZNRD2,15.543044,2.2355134,1.7735432844438967e-54,1.9205165015955936e-52,0.7909407665505227,0.23893805309734514
2,HMGN5,15.537977,2.2521605,1.9194720392760712e-54,2.0724069648832882e-52,0.794425087108014,0.23303834808259588
2,STRADB,15.447315,2.4797463,7.865246405638596e-54,8.32011224545602e-52,0.7526132404181185,0.1607669616519174
2,HAGH,15.363432,2.5000076,2.87922446745545e-53,3.0195557230182504e-51,0.7491289198606271,0.15265486725663716
2,SLC43A3,15.237504,2.824134,1.9934112544994147e-52,2.0437211575891617e-50,0.6933797909407665,0.11356932153392331
2,GRPEL1,15.149239,2.7269733,7.664971188914202e-52,7.707296991358481e-50,0.7038327526132404,0.12315634218289086
2,STK25,15.080283,2.2877429,2.1833127788465144e-51,2.1656214368173787e-49,0.7665505226480837,0.18141592920353983
2,GCLM,14.98695,2.5729532,8.936365701842269e-51,8.675859974884055e-49,0.7212543554006968,0.1430678466076696
2,CDYL,14.980376,2.318871,9.865679890444263e-51,9.55274470026853e-49,0.7560975609756098,0.1762536873156342
2,POLE2,14.8135,2.6275876,1.1983433186627935e-49,1.1304269022262088e-47,0.6933797909407665,0.12831858407079647
2,MYC,14.805967,2.3574839,1.3404380939526337e-49,1.2612178580144048e-47,0.759581881533101,0.2234513274336283
2,MINPP1,14.777071,2.6788645,2.0592911513553158e-49,1.9296359994830087e-47,0.6829268292682927,0.10545722713864307
2,CDC20,14.736191,3.911315,3.774853595545686e-49,3.4714426243861223e-47,0.6062717770034843,0.05309734513274336
2,AL031123.5,14.569589,7.508775,4.385257550683797e-48,3.933941461092589e-46,0.5505226480836237,0.003687315634218289
2,MRPL36,14.539938,1.9722025,6.765374047976094e-48,6.024804270802263e-46,0.8013937282229965,0.24926253687315633
2,ADD2,14.536788,6.29789,7.083914137786414e-48,6.277925940850376e-46,0.554006968641115,0.007374631268436578
2,PGP,14.506932,2.3834226,1.0950903080216398e-47,9.634952010552895e-46,0.7177700348432056,0.14970501474926254
2,PNMT,14.474681,5.315975,1.7513777178447107e-47,1.5262422821627205e-45,0.5609756097560976,0.016224188790560472
2,FAM210B,14.452084,2.8037536,2.4321633474852297e-47,2.1144800636889998e-45,0.662020905923345,0.10545722713864307
2,GYPA,14.441469,8.754091,2.8372748511655306e-47,2.4608316783770044e-45,0.5435540069686411,0.0014749262536873156
2,RCL1,14.4380455,2.0969203,2.9817722071034916e-47,2.5800436064348675e-45,0.7735191637630662,0.20722713864306785
2,ZWINT,14.264116,2.581886,3.662003568998275e-46,3.060113986961321e-44,0.6759581881533101,0.13053097345132744
2,SCPEP1,14.230358,3.8707113,5.937721495589037e-46,4.916890146155075e-44,0.578397212543554,0.03466076696165192
2,FEN1,14.223373,2.359981,6.561243125158862e-46,5.40874008162026e-44,0.7003484320557491,0.16297935103244837
2,PYCR1,14.148665,2.5083957,1.9033413796022226e-45,1.5446607058718614e-43,0.6794425087108014,0.12979351032448377
2,MRPL17,14.14216,2.4734337,2.0877470107283687e-45,1.6868350626858503e-43,0.6829268292682927,0.12979351032448377
2,CCNB2,14.096076,3.2280538,4.014804685950164e-45,3.215445652307701e-43,0.6097560975609756,0.07669616519174041
2,CYB5A,14.082039,2.1876693,4.89763174447717e-45,3.905407831799758e-43,0.7247386759581882,0.18805309734513273
2,PRKAR2B,14.065193,2.4101062,6.215266585582295e-45,4.913282339069063e-43,0.6794425087108014,0.12463126843657817
2,SYNGR2,14.03431,1.951256,9.612645529862458e-45,7.5825956689331e-43,0.7770034843205574,0.24336283185840707
2,ATP13A3,14.012056,2.150315,1.3154091563646384e-44,1.0331607410322346e-42,0.7247386759581882,0.18952802359882007
2,PLA2G12A,13.959741,2.1457937,2.74432058396084e-44,2.1325876368057475e-42,0.735191637630662,0.1836283185840708
2,UBE2T,13.9352255,2.9331343,3.869743614214613e-44,3.000773008980276e-42,0.6202090592334495,0.0943952802359882
2,CA1,13.899413,5.0205417,6.386308958790669e-44,4.920953562119942e-42,0.5679442508710801,0.0803834808259587
2,PPIF,13.863805,2.1964796,1.0495912537226576e-43,8.036838802824893e-42,0.7073170731707317,0.16002949852507375
2,HK1,13.852986,2.2272956,1.2203169639425038e-43,9.305171082762412e-42,0.7073170731707317,0.16297935103244837
2,CENPM,13.8416195,2.486724,1.4295016335741674e-43,1.0877586131070291e-41,0.6550522648083623,0.11356932153392331
2,ALAD,13.773828,3.0442662,3.6628048687657344e-43,2.7641715670452505e-41,0.6062717770034843,0.07817109144542773
2,CPVL,13.74589,2.1303957,5.390644759107178e-43,4.0348259474045364e-41,0.7386759581881533,0.2153392330383481
2,POLR3K,13.736029,2.2377894,6.17722225736855e-43,4.604735475396055e-41,0.6968641114982579,0.15339233038348082
2,CD320,13.7215805,2.7641835,7.540362356735916e-43,5.609447207701042e-41,0.627177700348432,0.10471976401179942
2,ARV1,13.629412,2.8034286,2.677300130141624e-42,1.955925390485301e-40,0.6202090592334495,0.09660766961651918
2,CTNNAL1,13.629138,2.5364597,2.6873669255188847e-42,1.9593688613728425e-40,0.6445993031358885,0.10619469026548672
2,TUBG1,13.616264,3.219073,3.2055024767750975e-42,2.3324969414005036e-40,0.5888501742160279,0.07300884955752213
2,CENPF,13.579766,2.3264372,5.27944853673843e-42,3.826397938478481e-40,0.6585365853658537,0.12463126843657817
2,EEF1AKNMT,13.46774,3.1696935,2.4216664495221766e-41,1.7311604241984606e-39,0.5818815331010453,0.06637168141592921
2,CRLS1,13.458084,1.9489187,2.7597815287281445e-41,1.96137405306755e-39,0.7456445993031359,0.21607669616519173
2,TRAP1,13.450894,2.0758731,3.041703735755685e-41,2.1492161859535488e-39,0.7142857142857143,0.19247787610619468
2,MND1,13.41063,2.7076592,5.23914717208135e-41,3.64558984116634e-39,0.6167247386759582,0.09955752212389381
2,TK1,13.408918,2.1997979,5.361486305432077e-41,3.723638714708149e-39,0.6689895470383276,0.13126843657817108
2,CLTC,13.389677,2.0737607,6.948237527956225e-41,4.816523518195564e-39,0.7073170731707317,0.16740412979351033
2,LTBP1,13.386869,2.4297984,7.215873810940175e-41,4.992593522764108e-39,0.5923344947735192,0.06563421828908554
2,AK1,13.359821,4.4037676,1.0381307005790785e-40,7.155672650074361e-39,0.5296167247386759,0.02359882005899705
2,MRPL19,13.322707,1.8956462,1.7079970583291763e-40,1.1706816541555464e-38,0.7526132404181185,0.21976401179941002
2,REEP5,13.318256,2.27303,1.8129232380741574e-40,1.2402766997523782e-38,0.662020905923345,0.13053097345132744
2,MCM3,13.299425,1.7978444,2.332539834733099e-40,1.5868641355216757e-38,0.7735191637630662,0.2374631268436578
2,CBR1,13.269775,2.042442,3.4661878002938216e-40,2.3235520087647283e-38,0.7073170731707317,0.1902654867256637
2,HIGD1A,13.26868,1.9067292,3.5172344932141297e-40,2.3534606889603355e-38,0.7421602787456446,0.2182890855457227
2,DAAM1,13.267584,2.2050815,3.5690286922769493e-40,2.383759473832639e-38,0.6689895470383276,0.1541297935103245
2,EIF3B,13.2577915,1.9444739,4.0669484078343604e-40,2.7113730177622115e-38,0.735191637630662,0.20575221238938052
2,MTSS1,13.239166,2.7641766,5.212412012522924e-40,3.4624227235998463e-38,0.578397212543554,0.06268436578171091
2,SPTA1,13.228758,5.104376,5.98684385398863e-40,3.9696462300695257e-38,0.5121951219512195,0.012536873156342183
2,MCRIP2,13.227868,1.806655,6.058162990137874e-40,4.009671312875883e-38,0.7700348432055749,0.24262536873156343
2,SLC12A6,13.206093,2.1115415,8.09171560198287e-40,5.326706524247753e-38,0.6933797909407665,0.17994100294985252
2,TPM1,13.159871,1.718137,1.493403745425055e-39,9.760726872554008e-38,0.7839721254355401,0.24631268436578171
2,HDAC7,13.102967,2.3196366,3.166313053940126e-39,2.0547912072209673e-37,0.6445993031358885,0.12315634218289086
2,PRKAR1B,13.095846,2.8949835,3.477775701405066e-39,2.252921565435873e-37,0.578397212543554,0.06858407079646017
2,COCH,13.094408,3.141479,3.544270137564111e-39,2.2919404824202127e-37,0.5644599303135889,0.06047197640117994
2,TUBB6,13.093039,2.5740385,3.608772907767476e-39,2.3295361057706773e-37,0.6132404181184669,0.10250737463126844
2,MCM4,12.962112,2.1037557,2.006455150786783e-38,1.2683638164757693e-36,0.6759581881533101,0.16445427728613568
2,OSBPL6,12.924792,3.2104347,3.2617443802898375e-38,2.044231268201855e-36,0.554006968641115,0.058997050147492625
2,PSMG3,12.918356,2.0210736,3.546380311903653e-38,2.2150352524912216e-36,0.6933797909407665,0.19100294985250738
2,PMP22,12.867683,5.281896,6.842346711666888e-38,4.201958590498654e-36,0.49477351916376305,0.009587020648967551
2,ENG,12.861521,2.4090655,7.410417473316123e-38,4.535596821753235e-36,0.6202090592334495,0.1084070796460177
2,PSMD12,12.843032,1.8433948,9.411461701154145e-38,5.7315958356729265e-36,0.7421602787456446,0.2308259587020649
2,TUSC2,12.831665,2.3463137,1.0899597258650753e-37,6.604903299070798e-36,0.6236933797909407,0.11504424778761062
2,PKLR,12.831049,7.534383,1.0986651906536266e-37,6.64665200712618e-36,0.4843205574912892,0.0022123893805309734
2,RFC4,12.811328,2.2934067,1.416889644887995e-37,8.543587791193658e-36,0.6306620209059234,0.1290560471976401
2,PLIN2,12.798865,2.7161353,1.6636453960597217e-37,9.99853614797732e-36,0.5888501742160279,0.09292035398230089
2,CXADR,12.743126,5.9202585,3.404755553156479e-37,2.0329112235086507e-35,0.4878048780487805,0.008849557522123894
2,GYPB,12.733881,5.132125,3.833002150429346e-37,2.281166044030317e-35,0.49477351916376305,0.015486725663716814
2,SMIM10,12.716557,2.2216737,4.784831813654177e-37,2.836296555647155e-35,0.6411149825783972,0.14528023598820058
2,ACSS1,12.695603,1.9690747,6.254613328294592e-37,3.698305370418584e-35,0.6968641114982579,0.18141592920353983
2,SLC29A1,12.643699,2.6469595,1.2121530021285747e-36,7.064651597278337e-35,0.5818815331010453,0.09660766961651918
2,BOP1,12.629867,2.3272326,1.4452372993307797e-36,8.38306345369348e-35,0.6236933797909407,0.12168141592920353
2,CASP3,12.617678,2.2567782,1.6872419746624725e-36,9.771320176364106e-35,0.6236933797909407,0.11799410029498525
2,HLTF,12.597751,2.2294233,2.1725130345730304e-36,1.2541979428770895e-34,0.6306620209059234,0.1290560471976401
2,ELOVL1,12.590219,2.227417,2.3901064435967313e-36,1.3776422983005347e-34,0.6341463414634146,0.13200589970501475
2,CDKN3,12.575017,2.4916065,2.8973841664953376e-36,1.6621811579607501e-34,0.5923344947735192,0.10693215339233038
2,SGTA,12.572825,2.2077665,2.978836720070974e-36,1.706234785466631e-34,0.627177700348432,0.12094395280235988
2,TRAPPC2L,12.542627,1.6960435,4.3628506836838455e-36,2.4873005899301004e-34,0.7526132404181185,0.2345132743362832
2,GPATCH4,12.505103,1.8027977,7.00092042384304e-36,3.978892677532284e-34,0.7247386759581882,0.21312684365781712
2,CDCA4,12.494626,2.1960187,7.987105897141785e-36,4.532342061105217e-34,0.6341463414634146,0.14749262536873156
2,ABCB10,12.477028,2.8973536,9.96371921811187e-36,5.619138476149654e-34,0.554006968641115,0.06858407079646017
2,C9orf40,12.419508,3.476136,2.0481798254751917e-35,1.142765698052096e-33,0.519163763066202,0.04424778761061947
2,BRIX1,12.401293,1.7792945,2.571403073438031e-35,1.4238415112088559e-33,0.7247386759581882,0.24041297935103245
2,SLC38A5,12.394308,2.33079,2.8055543640039777e-35,1.548809883512965e-33,0.6097560975609756,0.11578171091445427
2,MRPL2,12.38705,1.9569038,3.0713489826618656e-35,1.6879045662823866e-33,0.6794425087108014,0.18805309734513273
2,HDGF,12.373081,1.8731269,3.6552686857732544e-35,2.0057944402996534e-33,0.7003484320557491,0.22271386430678466
2,TUBB2A,12.331174,7.1804805,6.154381984370583e-35,3.357027347391173e-33,0.46689895470383275,0.004424778761061947
2,TSFM,12.318643,2.073811,7.189438383859416e-35,3.915783248327953e-33,0.6445993031358885,0.16150442477876106
2,PAK1IP1,12.316109,2.2224813,7.4188467148184e-35,4.034728211130286e-33,0.6236933797909407,0.14601769911504425
2,ALYREF,12.309809,2.5315402,8.021279082296676e-35,4.355887769898229e-33,0.5749128919860628,0.0943952802359882
2,CMAS,12.261944,1.7374161,1.449791229569646e-34,7.780617125143492e-33,0.7177700348432056,0.21386430678466076
2,CCDC34,12.260712,1.8296335,1.472014301459064e-34,7.888315585315257e-33,0.7038327526132404,0.2205014749262537
2,NDUFAF4,12.260507,1.8169299,1.4757509084810383e-34,7.896777631771124e-33,0.7073170731707317,0.21091445427728614
2,MTLN,12.250851,2.4430187,1.6624206276928647e-34,8.869716821309991e-33,0.5818815331010453,0.10029498525073746
2,MTX1,12.245852,1.7266946,1.768097480429131e-34,9.41981599435031e-33,0.7317073170731707,0.22713864306784662
2,CCDC112,12.245236,2.3758004,1.7815798350923321e-34,9.477849352356751e-33,0.5888501742160279,0.10176991150442478
2,RPA2,12.19696,1.7414746,3.226444794137577e-34,1.7139492875214727e-32,0.7177700348432056,0.24631268436578171
2,RABL6,12.17361,1.8858724,4.296508675094077e-34,2.269213766480784e-32,0.6759581881533101,0.18436578171091444
2,FAM207A,12.13047,1.7652938,7.283011587167913e-34,3.797229445896478e-32,0.710801393728223,0.21607669616519173
2,DNAJA4,12.122596,4.214497,8.017917336589703e-34,4.1744493945450885e-32,0.4808362369337979,0.02064896755162242
2,MRPL50,12.10575,1.9370703,9.846495043669487e-34,5.111937093522651e-32,0.6550522648083623,0.16224188790560473
2,TBPL1,12.105339,1.9024036,9.895921396278366e-34,5.130320382792981e-32,0.662020905923345,0.16224188790560473
2,PPIL1,12.085687,2.1560745,1.2571529765010588e-33,6.480712125762711e-32,0.6132404181184669,0.12831858407079647
2,MRPL35,12.073704,2.7376003,1.4543852197933875e-33,7.48691328124582e-32,0.5435540069686411,0.07227138643067847
2,MTFP1,12.065076,2.4761066,1.615142497170056e-33,8.279528086683643e-32,0.5714285714285714,0.09882005899705015
2,APOBEC3C,12.030906,1.7512062,2.444635755938754e-33,1.2444522017122995e-31,0.7003484320557491,0.2153392330383481
2,NOLC1,12.029742,1.6402569,2.4793490060073485e-33,1.2603701801232632e-31,0.7282229965156795,0.23967551622418878
2,SMC2,11.998859,1.7683676,3.602277545369552e-33,1.823609411314951e-31,0.6898954703832753,0.20206489675516223
2,ATAD3A,11.99523,2.391223,3.763708622823356e-33,1.9027002666292494e-31,0.578397212543554,0.11061946902654868
2,MYCBP,11.980576,1.8204818,4.491919280064472e-33,2.267706725098479e-31,0.6794425087108014,0.18436578171091444
2,FAM83D,11.978111,3.943059,4.627486389932953e-33,2.3297197985960936e-31,0.4843205574912892,0.03023598820058997
2,TMEM70,11.969757,2.1659381,5.117844398370706e-33,2.566003052394058e-31,0.6097560975609756,0.1364306784660767
2,DHFR,11.968593,1.9508175,5.190149579062007e-33,2.598695824121047e-31,0.6411149825783972,0.16592920353982302
2,THOC3,11.956199,2.1732244,6.025790025045386e-33,3.0047675845597573e-31,0.6027874564459931,0.13569321533923304
2,CLSPN,11.946749,2.28531,6.751511488584453e-33,3.3529453459115277e-31,0.5818815331010453,0.11578171091445427
2,CCNA2,11.940997,3.6641102,7.235087933580255e-33,3.583375554221528e-31,0.4912891986062718,0.038348082595870206
2,CCNE1,11.935451,3.9747198,7.733928323154347e-33,3.8252636561590844e-31,0.4808362369337979,0.02728613569321534
2,TIMM50,11.928945,1.7281283,8.362658455341532e-33,4.125089786037135e-31,0.7073170731707317,0.2205014749262537
2,SAC3D1,11.919907,2.3485749,9.321346513057655e-33,4.591798165873799e-31,0.578397212543554,0.10914454277286136
2,PDSS1,11.871151,2.6292927,1.6715156688887971e-32,8.135524600664743e-31,0.5470383275261324,0.08702064896755163
2,TXNDC9,11.859442,2.0452855,1.9225256156352084e-32,9.344802132518495e-31,0.627177700348432,0.1541297935103245
2,PLPP4,11.84198,8.433272,2.3679460880188147e-32,1.1479363545374388e-30,0.445993031358885,0.0014749262536873156
2,MAD2L1,11.825409,1.6456835,2.8849357936831984e-32,1.3967134257222056e-30,0.7247386759581882,0.24631268436578171
2,CINP,11.803702,1.820813,3.7350907853049585e-32,1.8011601822522633e-30,0.6655052264808362,0.17551622418879056
2,ZFP36L1,11.761795,2.153347,6.141464646857832e-32,2.9383496410410917e-30,0.6097560975609756,0.1504424778761062
2,TMPO,11.755837,1.6664044,6.590406386391049e-32,3.149026947105728e-30,0.7073170731707317,0.22271386430678466
2,MALSU1,11.748716,1.6899507,7.170006061311774e-32,3.417049373047815e-30,0.7073170731707317,0.2359882005899705
2,RFK,11.714889,1.88629,1.0693149349697534e-31,5.063130133871661e-30,0.6480836236933798,0.17035398230088494
2,ERVK3-1,11.70044,1.7655746,1.2679387729706777e-31,5.9881067134838414e-30,0.6759581881533101,0.19321533923303835
2,RRM2,11.631074,2.677952,2.864702513783765e-31,1.3373849069770356e-29,0.5261324041811847,0.07817109144542773
2,RPP21,11.610873,1.6914482,3.628889912953477e-31,1.6855456815229722e-29,0.686411149825784,0.2013274336283186
2,SIGMAR1,11.603205,1.9899116,3.969325538878959e-31,1.839003595550744e-29,0.6132404181184669,0.14085545722713863
2,SORD,11.596151,2.110278,4.310304120890556e-31,1.9894254871212514e-29,0.5888501742160279,0.1172566371681416
2,ISCA2,11.540617,1.685405,8.233240234548771e-31,3.7621076881987464e-29,0.686411149825784,0.21312684365781712
2,MYBL2,11.501106,3.306248,1.3023515947500373e-30,5.906737387787622e-29,0.4808362369337979,0.03982300884955752
2,FAM120A,11.497614,1.746954,1.356122879453734e-30,6.143001672139371e-29,0.6515679442508711,0.1733038348082596
2,TIMM44,11.471388,1.8359128,1.836894708449144e-30,8.300269533820631e-29,0.6306620209059234,0.16002949852507375
2,ASF1A,11.470908,2.148855,1.8470987344183103e-30,8.336086409179356e-29,0.5853658536585366,0.137905604719764
2,GINS2,11.434136,1.8429768,2.8233044939182027e-30,1.2663697032095604e-28,0.627177700348432,0.15781710914454278
2,POLR3H,11.404418,2.2804384,3.974254642835199e-30,1.7739230997855012e-28,0.554006968641115,0.10398230088495575
2,PCCB,11.34594,1.8333939,7.768723362630173e-30,3.429952277389951e-28,0.6376306620209059,0.1902654867256637
2,CCNB1,11.339913,3.0468307,8.322647651286758e-30,3.6700870684909234e-28,0.49825783972125437,0.06710914454277286
2,SPECC1,11.330122,2.1102862,9.307539411236777e-30,4.09453425469564e-28,0.5749128919860628,0.12020648967551623
2,APEH,11.303895,1.7804525,1.2552389662968485e-29,5.475923886225382e-28,0.6376306620209059,0.1747787610619469
2,LINC01133,11.300129,8.003524,1.3102522010431978e-29,5.695551165128514e-28,0.4250871080139373,0.0007374631268436578
2,MAGOHB,11.290337,1.6211022,1.464739341699517e-29,6.329507041976862e-28,0.6933797909407665,0.2411504424778761
2,EGLN2,11.288351,1.993429,1.4982069085905353e-29,6.466494228929502e-28,0.5993031358885017,0.14601769911504425
2,SPTB,11.277874,6.3300595,1.687747628059356e-29,7.267441286423587e-28,0.42857142857142855,0.004424778761061947
2,C1orf174,11.276916,1.9760298,1.706236115241564e-29,7.33841927778572e-28,0.5958188153310104,0.1364306784660767
2,ITGB1,11.261714,1.473471,2.0277584647587622e-29,8.690630862837876e-28,0.7317073170731707,0.24262536873156343
2,HDHD3,11.245554,1.8063834,2.4356359475269605e-29,1.0377964064660568e-27,0.6167247386759582,0.14823008849557523
2,MCUR1,11.2246,1.6500467,3.087805678703364e-29,1.3126222490850385e-27,0.686411149825784,0.23008849557522124
2,MYH10,11.222751,1.8421532,3.153061400916985e-29,1.338807428479844e-27,0.6202090592334495,0.16592920353982302
2,SARS,11.208371,1.9811991,3.709569761512313e-29,1.5696411889145914e-27,0.5853658536585366,0.12979351032448377
2,C8orf33,11.207481,1.6024568,3.747059070474071e-29,1.5836733145314258e-27,0.686411149825784,0.22640117994100295
2,CCDC124,11.204399,1.6795709,3.8797561457334607e-29,1.637865682698851e-27,0.6724738675958188,0.21165191740412978
2,SDF2L1,11.193991,1.5275505,4.363405103372355e-29,1.8378019584410996e-27,0.6898954703832753,0.21312684365781712
2,MIPEP,11.190225,2.329509,4.5527690012888525e-29,1.9131561218848828e-27,0.5400696864111498,0.09882005899705015
2,BAZ1B,11.147906,1.766665,7.331066885887081e-29,3.0526095459653365e-27,0.6376306620209059,0.19100294985250738
2,NTMT1,11.1304455,1.8661954,8.918876162952033e-29,3.701131365535231e-27,0.6062717770034843,0.15191740412979352
2,IFRD2,11.129281,1.5445207,9.036113113628523e-29,3.745535402852974e-27,0.7038327526132404,0.24557522123893805
2,DTL,11.104082,1.8469833,1.1984235835816083e-28,4.945152376851234e-27,0.5923344947735192,0.13716814159292035
2,MRPS10,11.0624485,1.8255091,1.9081597936020394e-28,7.85608060805717e-27,0.6167247386759582,0.1733038348082596
2,FHL2,11.053136,1.8659549,2.1168871683084983e-28,8.695868377919118e-27,0.6097560975609756,0.16592920353982302
2,SCO2,11.045672,2.1112518,2.3004002493368183e-28,9.439119902015346e-27,0.554006968641115,0.10914454277286136
2,EXOSC3,11.035332,1.8458382,2.580962687694491e-28,1.057847876061658e-26,0.6027874564459931,0.15265486725663716
2,GEMIN7,11.0202675,2.1151097,3.0515140044854167e-28,1.249311678726742e-26,0.554006968641115,0.11283185840707964
2,UQCC3,11.011571,1.6177624,3.3609186157237484e-28,1.3744467290961442e-26,0.662020905923345,0.20501474926253688
2,PSMC4,11.010544,1.5056477,3.3994581441055156e-28,1.3886558876384596e-26,0.7038327526132404,0.2374631268436578
2,NEO1,10.995479,6.2555184,4.0177456145543595e-28,1.639392499869611e-26,0.4181184668989547,0.004424778761061947
2,EXOSC7,10.976511,1.5964187,4.957001395768416e-28,2.0136649066206413e-26,0.6794425087108014,0.22492625368731564
2,NUP37,10.97254,1.9449866,5.17968211897496e-28,2.0994634023986988e-26,0.5923344947735192,0.16592920353982302
2,GOT2,10.969937,1.9448086,5.330927502893608e-28,2.1583769638651434e-26,0.5853658536585366,0.14528023598820058
2,C1orf35,10.955215,1.9144301,6.272918445952658e-28,2.528580264761159e-26,0.5853658536585366,0.13716814159292035
2,UBE2M,10.941726,1.9337103,7.280114767960468e-28,2.924911971702756e-26,0.5818815331010453,0.13864306784660768
2,PPID,10.937685,1.7816999,7.611858703193671e-28,3.0448266709900716e-26,0.6062717770034843,0.15191740412979352
2,VPS25,10.937274,1.5754327,7.646423961450468e-28,3.055314011059482e-26,0.686411149825784,0.22640117994100295
2,EPCAM,10.926866,4.19591,8.575933491409797e-28,3.415535818488466e-26,0.4355400696864111,0.021386430678466076
2,NDUFV3,10.90509,1.7381592,1.0898468255752314e-27,4.3170436864587717e-26,0.627177700348432,0.17404129793510326
2,UBAP2,10.891053,1.4328835,1.2716142498608472e-27,5.0153397800815593e-26,0.7038327526132404,0.2168141592920354
2,PDCD10,10.87277,1.5487838,1.5540979544107093e-27,6.116294540794233e-26,0.6898954703832753,0.23008849557522124
2,DPM2,10.866675,1.5536305,1.661450431661155e-27,6.524758288543984e-26,0.6794425087108014,0.2345132743362832
2,ACTL6A,10.840107,1.7813196,2.2221157083379824e-27,8.698572945548502e-26,0.6097560975609756,0.17256637168141592
2,SNHG9,10.826069,1.4671756,2.5903808305761394e-27,1.0107732279308878e-25,0.6794425087108014,0.20722713864306785
2,MAD1L1,10.797515,1.7248487,3.536466993779726e-27,1.377002430205657e-25,0.6202090592334495,0.17699115044247787
2,CDT1,10.778684,1.4908377,4.3405228813679116e-27,1.682918198950709e-25,0.6933797909407665,0.23672566371681417
2,AKR1C1,10.767317,4.160513,4.9110586738539024e-27,1.900102098538337e-25,0.42857142857142855,0.02064896755162242
2,ICAM4,10.763071,1.6107807,5.142715238023124e-27,1.9876295715616088e-25,0.6585365853658537,0.21312684365781712
2,HBG1,10.762797,4.966595,5.15802749585202e-27,1.9914447718953563e-25,0.4564459930313589,0.05530973451327434
2,PRG2,10.759305,5.800656,5.357267221011835e-27,2.0640140795395174e-25,0.4181184668989547,0.014011799410029498
2,RHOBTB3,10.747527,1.5749344,6.0871720322247304e-27,2.342761130930151e-25,0.6655052264808362,0.22492625368731564
2,ELOVL6,10.737735,2.013245,6.768453861707435e-27,2.5940542386633906e-25,0.5505226480836237,0.1224188790560472
2,AC017002.5,10.736229,2.403511,6.879772846350577e-27,2.633959894866919e-25,0.49825783972125437,0.07669616519174041
2,MCM5,10.724176,1.5391319,7.838192411435788e-27,2.994631319947404e-25,0.6794425087108014,0.23967551622418878
2,CHEK1,10.721437,1.8355495,8.073843686118569e-27,3.08144684833812e-25,0.5749128919860628,0.13495575221238937
2,MDN1,10.7126045,1.6022518,8.882721928001089e-27,3.3866302634038314e-25,0.6445993031358885,0.19985250737463126
2,RRM1,10.700689,1.7095325,1.0102371841874021e-26,3.843626941626102e-25,0.6202090592334495,0.18215339233038347
2,PDK3,10.6668625,2.0255218,1.4545553401589177e-26,5.516909845093943e-25,0.5400696864111498,0.10988200589970501
2,ERI1,10.666589,2.204367,1.4588481030901446e-26,5.527463708199005e-25,0.519163763066202,0.09513274336283185
2,UGCG,10.6315975,3.378927,2.1244285268998296e-26,8.007848456545898e-25,0.43902439024390244,0.032448377581120944
2,EXOSC4,10.615574,1.6507881,2.522401715698316e-26,9.47868841850863e-25,0.627177700348432,0.1762536873156342
2,NUP210,10.565175,1.6793975,4.3216056714711695e-26,1.615680175500677e-24,0.6027874564459931,0.16297935103244837
2,ABCC5,10.561067,2.2304788,4.5150152408639015e-26,1.6845471236581005e-24,0.5156794425087108,0.0943952802359882
2,SHARPIN,10.555931,1.4476589,4.768882302393561e-26,1.7774527612006796e-24,0.6933797909407665,0.23672566371681417
2,H2AFX,10.550932,1.9453009,5.029554868831657e-26,1.8727033342228634e-24,0.5505226480836237,0.12389380530973451
2,MED8,10.548193,1.947467,5.178328714223185e-26,1.9261383055821423e-24,0.5470383275261324,0.12020648967551623
2,HTRA2,10.54251,1.4846524,5.501092461693035e-26,2.0420434603491557e-24,0.6655052264808362,0.21091445427728614
2,CAB39,10.44274,1.501494,1.5817794300020426e-25,5.824417396127239e-24,0.6585365853658537,0.2182890855457227
2,MCM6,10.435345,1.7435814,1.7099215706755167e-25,6.283618414487408e-24,0.5818815331010453,0.15265486725663716
2,NIP7,10.426443,1.6576561,1.877874569319169e-25,6.873208711165091e-24,0.6027874564459931,0.16445427728613568
2,MKI67,10.416308,2.7775097,2.0890531868090555e-25,7.628762373345354e-24,0.4529616724738676,0.05014749262536873
2,TIMM22,10.41624,1.9154229,2.090557269054231e-25,7.628762373345354e-24,0.5470383275261324,0.1261061946902655
2,HSPH1,10.41172,2.0779445,2.1922362741952117e-25,7.983884564360094e-24,0.5226480836236934,0.10545722713864307
2,ACOT7,10.402408,1.9366442,2.4174651994635396e-25,8.79539202441004e-24,0.5435540069686411,0.12315634218289086
2,DNAJA3,10.401038,1.7255919,2.4524665492409536e-25,8.913875687067343e-24,0.5923344947735192,0.16150442477876106
2,ORC6,10.390356,2.1308055,2.7432772512513925e-25,9.951109085535403e-24,0.5156794425087108,0.10398230088495575
2,CDV3,10.387617,1.5680468,2.8231919523227587e-25,1.0230856301679732e-23,0.627177700348432,0.18952802359882007
2,ABHD5,10.382755,2.2152367,2.9707626516694326e-25,1.0754983562191186e-23,0.49825783972125437,0.08775811209439528
2,GTPBP4,10.377893,1.375092,3.1259737599366665e-25,1.1305708062000192e-23,0.686411149825784,0.23377581120943952
2,MRPS18A,10.349887,1.5550499,4.189823475368867e-25,1.5108544731229152e-23,0.6236933797909407,0.17846607669616518
2,SAR1A,10.34523,1.7537141,4.398583961263987e-25,1.584572554785661e-23,0.578397212543554,0.15781710914454278
2,VRK1,10.33941,1.4276507,4.674080766906262e-25,1.6805111016653842e-23,0.6794425087108014,0.24336283185840707
2,TMEM97,10.318935,1.7218678,5.786121845668346e-25,2.074219840091157e-23,0.5749128919860628,0.14896755162241887
2,ZNF367,10.313183,1.8704562,6.143211837395606e-25,2.1979246965837398e-23,0.5296167247386759,0.11209439528023599
2,IFIT3,10.293325,2.7999191,7.552231223169554e-25,2.6915210808104076e-23,0.4634146341463415,0.06710914454277286
2,MRM2,10.286341,2.0913756,8.120400997431169e-25,2.888384809591625e-23,0.5087108013937283,0.0943952802359882
2,TST,10.282095,3.5495448,8.486245868652265e-25,3.012658438783138e-23,0.42160278745644597,0.028761061946902654
2,C16orf95,10.27963,3.2923698,8.706117322610896e-25,3.0817466162947915e-23,0.43205574912891986,0.038348082595870206
2,SLC25A15,10.263332,2.9125073,1.030862919964008e-24,3.634933885703531e-23,0.445993031358885,0.048672566371681415
2,GART,10.257033,1.5053529,1.100358674255275e-24,3.876249069915045e-23,0.6376306620209059,0.2013274336283186
2,EIF2B3,10.24457,1.6356037,1.251799335695396e-24,4.397035267350018e-23,0.5923344947735192,0.16592920353982302
2,NQO2,10.237449,1.5375339,1.3474261112664532e-24,4.728393393908289e-23,0.6167247386759582,0.17920353982300885
2,TTLL12,10.233409,2.5522606,1.4048573242030713e-24,4.92520909225638e-23,0.46689895470383275,0.06784660766961652
2,MRPL58,10.232039,1.7318407,1.4248707129224289e-24,4.990592628102758e-23,0.578397212543554,0.15634218289085547
2,TRIB2,10.185613,5.2493463,2.2990785494840637e-24,8.029444082983416e-23,0.3902439024390244,0.00663716814159292
2,MAP4K4,10.173697,1.5959721,2.5985308962827685e-24,9.032177524676696e-23,0.6027874564459931,0.1762536873156342
2,GTF2H2,10.14795,1.7088121,3.3839516325899056e-24,1.1717692876482793e-22,0.5644599303135889,0.1415929203539823
2,LEPR,10.145349,2.9818525,3.475360967214854e-24,1.2011490723421234e-22,0.43205574912891986,0.04056047197640118
2,USP24,10.118848,1.4595447,4.5574728816872784e-24,1.5677449712653767e-22,0.6341463414634146,0.19690265486725664
2,KIF22,10.09721,1.5377407,5.6836351320428776e-24,1.9496413258472481e-22,0.6062717770034843,0.17994100294985252
2,CHAF1A,10.092622,1.6282574,5.9557159518873734e-24,2.0391502297009331e-22,0.5749128919860628,0.15486725663716813
2,AGPAT5,10.091047,1.503499,6.052059905874588e-24,2.07020041696183e-22,0.6236933797909407,0.19469026548672566
2,TMEM131L,10.076667,1.6012772,7.006257044232152e-24,2.3876723843197485e-22,0.5993031358885017,0.1887905604719764
2,B3GALNT1,10.069271,2.1567514,7.553551135509929e-24,2.5717909312632456e-22,0.4878048780487805,0.084070796460177
2,DIAPH3,10.041196,2.219013,1.0044848066380468e-23,3.401031305065601e-22,0.47735191637630664,0.08259587020648967
2,AL138720.1,10.038868,6.0486326,1.028475237828444e-23,3.47262197230248e-22,0.3832752613240418,0.0058997050147492625
2,WDR12,10.035102,1.4683304,1.0684901951985174e-23,3.603586948620334e-22,0.6376306620209059,0.2079646017699115
2,CDK1,10.035033,3.2102184,1.0692318314258306e-23,3.603586948620334e-22,0.42857142857142855,0.048672566371681415
2,SLC48A1,10.0262,2.0590394,1.1693043837270791e-23,3.937231807616819e-22,0.49825783972125437,0.0943952802359882
2,RRS1,10.019558,1.9280975,1.2506118581131055e-23,4.207136453933619e-22,0.519163763066202,0.11209439528023599
2,MRPS9,10.016545,1.3465768,1.2893159682442687e-23,4.333356634867629e-22,0.6759581881533101,0.2308259587020649
2,THEM6,10.009492,2.2263355,1.3846189798578062e-23,4.649398099245465e-22,0.4808362369337979,0.08333333333333333
2,TOP2A,10.003261,2.503489,1.474603061659661e-23,4.947016192466109e-22,0.4425087108013937,0.05309734513274336
2,SSX2IP,9.996276,2.7155948,1.5823609203265178e-23,5.298809885166594e-22,0.4425087108013937,0.05383480825958702
2,STEAP3,9.975665,4.1346674,1.947928301197946e-23,6.499190861635918e-22,0.397212543554007,0.018436578171091445
2,PPAN,9.96423,1.7370467,2.185627101737474e-23,7.278993407706395e-22,0.5505226480836237,0.140117994100295
2,NDC1,9.954437,2.1323037,2.4118393989443668e-23,8.010502163408599e-22,0.4878048780487805,0.09218289085545722
2,TRIM28,9.945261,1.3979007,2.6447906808530576e-23,8.776245123291274e-22,0.6515679442508711,0.23303834808259588
2,PTRH1,9.941632,2.072962,2.7429581559245704e-23,9.093751038495941e-22,0.49825783972125437,0.09660766961651918
2,RMDN1,9.899314,1.778662,4.191408727102294e-23,1.3820698272132528e-21,0.5400696864111498,0.137905604719764
2,AHSA1,9.89096,1.3576214,4.556384855534588e-23,1.4970219218799054e-21,0.6655052264808362,0.2411504424778761
2,MRPL39,9.890755,1.9741486,4.565745191351139e-23,1.4987519259967985e-21,0.5017421602787456,0.10398230088495575
2,MRPL46,9.883017,1.8444574,4.932529019618332e-23,1.6148076444280017e-21,0.5331010452961672,0.12831858407079647
2,SRPRB,9.880894,1.498864,5.038152613272674e-23,1.6479126344807252e-21,0.6027874564459931,0.18067846607669616
2,KIF20B,9.877401,1.7766836,5.2168137606608106e-23,1.704826789767378e-21,0.5470383275261324,0.1430678466076696
2,SNX8,9.875621,2.1677253,5.310295560268657e-23,1.733828080297887e-21,0.4808362369337979,0.0855457227138643
2,PDRG1,9.874525,1.6579955,5.368645153582999e-23,1.7513171235854842e-21,0.5714285714285714,0.16445427728613568
2,CCDC138,9.857612,1.4426125,6.354270012457252e-23,2.06915157229491e-21,0.6202090592334495,0.20353982300884957
2,CISD1,9.84508,1.5920496,7.198139094702112e-23,2.3377026531072937e-21,0.5853658536585366,0.16740412979351033
2,KLHL18,9.832755,1.457044,8.136191128127938e-23,2.6330038150363452e-21,0.5958188153310104,0.17256637168141592
2,ECI1,9.831248,1.7406178,8.258838895617252e-23,2.67033359026932e-21,0.5435540069686411,0.1364306784660767
2,HSPBP1,9.828031,1.536688,8.527024290782223e-23,2.754612674906621e-21,0.5853658536585366,0.16445427728613568
2,KEAP1,9.827756,1.7462081,8.550242728871982e-23,2.7596775495541747e-21,0.5331010452961672,0.1261061946902655
2,RPS6KB2,9.827482,1.5508479,8.573523752062882e-23,2.7647536814912207e-21,0.5923344947735192,0.17035398230088494
2,AL031123.4,9.819128,8.851566,9.314545239473652e-23,2.9984315770446363e-21,0.3693379790940767,0.0007374631268436578
2,SLC39A4,9.818786,1.4012793,9.346231204006356e-23,3.005987770631253e-21,0.6480836236933798,0.22713864306784662
2,XPO6,9.817896,1.7643126,9.429114955065168e-23,3.029982760933628e-21,0.5296167247386759,0.1261061946902655
2,GUCD1,9.807419,2.1349063,1.0461004333813426e-22,3.352742728738224e-21,0.4878048780487805,0.09660766961651918
2,HDDC3,9.794134,1.4817513,1.1931477872213668e-22,3.8140089222785365e-21,0.5993031358885017,0.18067846607669616
2,ZNF670,9.792355,1.8663136,1.214349912811907e-22,3.8783962616778886e-21,0.5052264808362369,0.10619469026548672
2,RAD51C,9.787698,1.4268813,1.271581096473376e-22,4.054106246691814e-21,0.6376306620209059,0.21460176991150443
2,CLUH,9.784068,3.0136151,1.3180321441934805e-22,4.198546084388649e-21,0.4181184668989547,0.0420353982300885
2,MAZ,9.767223,1.6148918,1.556594759385854e-22,4.9498631440731226e-21,0.5714285714285714,0.16592920353982302
2,C17orf58,9.761061,2.4221842,1.6541612544677684e-22,5.2555517426019785e-21,0.44947735191637633,0.06489675516224189
2,DNAJC6,9.7575,1.6171792,1.7132670038023865e-22,5.433906898281728e-21,0.5644599303135889,0.15781710914454278
2,FARSA,9.754418,1.357834,1.7661002354197522e-22,5.5869520066204276e-21,0.6585365853658537,0.24778761061946902
2,TDG,9.748187,1.2703236,1.8779178281614855e-22,5.935550123362567e-21,0.686411149825784,0.24631268436578171
2,TIMM8A,9.735108,1.7816883,2.135903292935344e-22,6.739327277993666e-21,0.5296167247386759,0.12979351032448377
2,ATPAF1,9.715456,1.585534,2.5908790544041076e-22,8.160823086940167e-21,0.5609756097560976,0.1504424778761062
2,CBLL1,9.707033,1.9402238,2.814094547569006e-22,8.841087942967654e-21,0.49477351916376305,0.10324483775811209
2,TXNDC5,9.69861,1.8558764,3.0563263701820537e-22,9.59387662736135e-21,0.519163763066202,0.13053097345132744
2,CSF1,9.691557,2.8517163,3.274961840026187e-22,1.027136917796045e-20,0.42160278745644597,0.048672566371681415
2,DPH2,9.68786,2.0751545,3.3956996455889013e-22,1.0640924891112959e-20,0.47735191637630664,0.08849557522123894
2,UBE2A,9.679505,1.3580744,3.6849365693388527e-22,1.1527552425159943e-20,0.6585365853658537,0.22713864306784662
2,ORC1,9.67704,3.2047708,3.7748518653779962e-22,1.1798749199376604e-20,0.41114982578397213,0.04129793510324484
2,ORC4,9.667865,1.4722162,4.1290318729009723e-22,1.2861846432344551e-20,0.6062717770034843,0.19469026548672566
2,MCM10,9.661565,2.564638,4.391045293594743e-22,1.3654770500497978e-20,0.43205574912891986,0.05604719764011799
2,MAP2K3,9.659442,1.6944933,4.482986639658627e-22,1.3928844991353602e-20,0.5470383275261324,0.14749262536873156
2,DUS1L,9.652937,2.1264641,4.776772714743303e-22,1.4816496451891497e-20,0.47038327526132406,0.0855457227138643
2,SLC66A2,9.648691,1.8611772,4.978699884550076e-22,1.5416700040136834e-20,0.5017421602787456,0.11209439528023599
2,ICMT,9.648417,2.4166698,4.992013718623017e-22,1.544486002665436e-20,0.4425087108013937,0.06268436578171091
2,TPX2,9.64472,2.3459623,5.175236662354989e-22,1.5971234155046794e-20,0.44947735191637633,0.07227138643067847
2,PARP9,9.642391,1.6538086,5.293997127039418e-22,1.6310234751411598e-20,0.5331010452961672,0.12831858407079647
2,CDC6,9.63842,2.7568429,5.502844135962126e-22,1.6925176321037798e-20,0.42160278745644597,0.049410029498525077
2,MYO1D,9.635065,1.2934589,5.685622182971101e-22,1.747266645834805e-20,0.6376306620209059,0.21312684365781712
2,PPT2,9.618768,2.8282685,6.662478536748065e-22,2.0440350119322376e-20,0.4181184668989547,0.04498525073746313
2,RAB11FIP1,9.614796,1.5881071,6.92466867766997e-22,2.1226951279011605e-20,0.554006968641115,0.15486725663716813
2,LBR,9.599663,1.4016033,8.020664246309463e-22,2.4463694339931056e-20,0.6306620209059234,0.21976401179941002
2,ATP7B,9.590213,3.9951277,8.790354736048087e-22,2.6788990315911413e-20,0.3832752613240418,0.019174041297935103
2,ST6GALNAC4,9.588432,1.9757658,8.943343538188295e-22,2.723255547763975e-20,0.4878048780487805,0.10324483775811209
2,MTHFS,9.580763,1.4059211,9.63305592236234e-22,2.93083524367734e-20,0.5993031358885017,0.18584070796460178
2,SRA1,9.564397,1.6146413,1.1285712198469575e-21,3.4194400014584845e-20,0.5609756097560976,0.16224188790560473
2,TMOD1,9.561864,2.8092175,1.1565496735207195e-21,3.498419388473707e-20,0.4146341463414634,0.04424778761061947
2,PRPS1,9.560083,1.3678135,1.1766196780816577e-21,3.556189664530698e-20,0.6306620209059234,0.21165191740412978
2,RANBP10,9.556386,2.2846503,1.2194110977082665e-21,3.6824806590115726e-20,0.4529616724738676,0.07595870206489676
2,AC073349.1,9.554537,5.18352,1.2413806089310092e-21,3.7420433779960973e-20,0.3693379790940767,0.009587020648967551
2,CARHSP1,9.554468,1.3320352,1.2422017716087697e-21,3.7420433779960973e-20,0.6480836236933798,0.23893805309734514
2,LINC01151,9.545156,9.399546,1.3590355480180469e-21,4.0906299418592546e-20,0.3588850174216028,0.0007374631268436578
2,PGRMC2,9.543991,2.0730293,1.3743838069476784e-21,4.133428243064254e-20,0.4738675958188153,0.09587020648967552
2,HAUS2,9.533789,1.443253,1.5164581970722629e-21,4.545772847751179e-20,0.5888501742160279,0.17551622418879056
2,AC100801.1,9.519682,7.948278,1.737091274725581e-21,5.198632685709811e-20,0.3588850174216028,0.0014749262536873156
2,RAD51AP1,9.515026,1.8394861,1.8166740655757176e-21,5.432360087756277e-20,0.4912891986062718,0.10766961651917405
2,PRC1,9.51078,2.1635094,1.8923728543356627e-21,5.654101129921599e-20,0.46689895470383275,0.09144542772861357
2,WDR34,9.505713,1.872457,1.9868167631545964e-21,5.921781787314445e-20,0.5087108013937283,0.12684365781710916
2,MGAT4B,9.5027685,2.7866478,2.0438228665438114e-21,6.086733990103339e-20,0.4181184668989547,0.05088495575221239
2,RFC5,9.495236,1.6867149,2.1971219405117063e-21,6.537956109322679e-20,0.5331010452961672,0.140117994100295
2,EPDR1,9.483938,1.5180626,2.4486392256482e-21,7.268665393183274e-20,0.5435540069686411,0.1430678466076696
2,TMEM9B,9.474283,1.5505078,2.6859958188242125e-21,7.941044665976172e-20,0.5574912891986062,0.15855457227138642
2,FAM13A,9.448467,1.4226826,3.438283019006482e-21,1.0148757804730342e-19,0.6167247386759582,0.2234513274336283
2,B3GALNT2,9.444701,2.6043441,3.564201392315906e-21,1.0511952873501568e-19,0.4250871080139373,0.05825958702064897
2,RAD1,9.443537,1.8785133,3.604036593027883e-21,1.0612336552004307e-19,0.4912891986062718,0.10766961651917405
2,ARPC5L,9.427445,1.281018,4.201990850421668e-21,1.2343263813505895e-19,0.662020905923345,0.24631268436578171
2,PINX1,9.421556,2.0505078,4.444512960535903e-21,1.3045197984649124e-19,0.46689895470383275,0.08923303834808259
2,LDB1,9.413956,3.2807019,4.778100224891011e-21,1.4013080635515696e-19,0.3902439024390244,0.029498525073746312
2,CPOX,9.386565,3.4354208,6.198897969121819e-21,1.8136360077364323e-19,0.3867595818815331,0.028023598820058997
2,ROGDI,9.386223,2.0224621,6.219073486419934e-21,1.8180855325595525e-19,0.47038327526132406,0.0943952802359882
2,TRAPPC4,9.366707,1.4543734,7.483088091790606e-21,2.1823785438058006e-19,0.5853658536585366,0.1836283185840708
2,PPAT,9.360887,2.042868,7.907054898816949e-21,2.304188824455407e-19,0.46689895470383275,0.09365781710914454
2,MICALL2,9.33959,3.3502262,9.670759937421919e-21,2.8047502731345454e-19,0.3867595818815331,0.028761061946902654
2,THAP4,9.332263,1.573511,1.036337998376221e-20,3.003246799569918e-19,0.5261324041811847,0.13421828908554573
2,UNG,9.3245945,1.4866183,1.1140926597045552e-20,3.226020999829622e-19,0.578397212543554,0.19247787610619468
2,PSME3,9.32343,1.735348,1.1263884654754884e-20,3.259046974297893e-19,0.5017421602787456,0.11799410029498525
2,MIS18A,9.312748,1.8032378,1.2456733156314229e-20,3.5956537086297874e-19,0.5052264808362369,0.1275811209439528
2,GAB1,9.311995,1.6462977,1.2545409651676365e-20,3.618396679755765e-19,0.5087108013937283,0.12168141592920353
2,POLQ,9.300148,2.3325994,1.4025022711005452e-20,4.0419673720118935e-19,0.4425087108013937,0.0803834808259587
2,EIF4G1,9.286385,1.5377771,1.596184697848586e-20,4.596534706998907e-19,0.5400696864111498,0.14896755162241887
2,TSC22D4,9.281659,1.2782506,1.66859102720476e-20,4.801265737949798e-19,0.6445993031358885,0.23672566371681417
2,DIMT1,9.280701,1.2239807,1.683673713177164e-20,4.840859511075993e-19,0.6515679442508711,0.22713864306784662
2,RFC2,9.276592,1.3575526,1.7498553485100716e-20,5.027194317960529e-19,0.6062717770034843,0.20353982300884957
2,BCL2L12,9.26995,1.7628711,1.8623299635745566e-20,5.346128548768027e-19,0.5017421602787456,0.11946902654867257
2,ZDHHC2,9.256871,1.1948748,2.1051035264672168e-20,6.028864958703177e-19,0.6585365853658537,0.23303834808259588
2,TMC6,9.253721,1.7536447,2.1680989435432244e-20,6.199577299423872e-19,0.49477351916376305,0.11651917404129794
2,MIR4435-2HG,9.243655,1.3669733,2.382170787899446e-20,6.785201012288532e-19,0.578397212543554,0.17699115044247787
2,PRKAB1,9.229001,2.301673,2.731665783840113e-20,7.768585808417404e-19,0.42857142857142855,0.06342182890855458
2,RRP15,9.225372,1.4289234,2.825778176508743e-20,8.029992782484201e-19,0.5714285714285714,0.1762536873156342
2,HSPA4,9.212088,1.3446168,3.198422330906087e-20,9.05378621295388e-19,0.6027874564459931,0.20353982300884957
2,GLRX2,9.206678,2.0850422,3.3637322530371067e-20,9.499688595170612e-19,0.4529616724738676,0.08333333333333333
2,RAD51,9.202501,2.0818107,3.497130474311096e-20,9.861207433764286e-19,0.4529616724738676,0.08702064896755163
2,MRPS22,9.197982,1.4754977,3.6473569853947625e-20,1.0268993309417978e-18,0.5818815331010453,0.1902654867256637
2,RIPOR3,9.197571,1.9451811,3.661326189447159e-20,1.030039968177982e-18,0.4634146341463415,0.0943952802359882
2,LRR1,9.195585,2.200706,3.729593154030899e-20,1.047634988723599e-18,0.445993031358885,0.08333333333333333
2,JPT2,9.188327,1.7584453,3.9899975851478846e-20,1.1182075161868125e-18,0.4878048780487805,0.11356932153392331
2,EPS15L1,9.181479,1.3830347,4.2521046161779784e-20,1.190751959118058e-18,0.5818815331010453,0.18436578171091444
2,RFC3,9.181342,1.5730121,4.25751671673488e-20,1.1913560347799186e-18,0.5121951219512195,0.13053097345132744
2,DLGAP5,9.169838,3.689772,4.737300656501913e-20,1.3245984822660544e-18,0.3693379790940767,0.021386430678466076
2,TAL1,9.155526,1.8226992,5.409334124424077e-20,1.5101986139439027e-18,0.47735191637630664,0.10398230088495575
2,ZDHHC14,9.142242,1.9772522,6.11706444464208e-20,1.7051841259584522e-18,0.4564459930313589,0.08997050147492626
2,NECAB1,9.137038,3.4957159,6.418620355328024e-20,1.78516659289788e-18,0.3797909407665505,0.03466076696165192
2,SLF1,9.1361475,1.4189976,6.471654003606266e-20,1.7985497964008575e-18,0.5644599303135889,0.1747787610619469
2,PNO1,9.134436,1.5082448,6.57486203521444e-20,1.8258461710992694e-18,0.5331010452961672,0.14823008849557523
2,NECAP2,9.111154,1.4209075,8.151022923347845e-20,2.2532899548146105e-18,0.5679442508710801,0.18436578171091444
2,KNOP1,9.099993,1.580925,9.033808926848899e-20,2.491683802046696e-18,0.5156794425087108,0.1364306784660767
2,APOL4,9.094035,4.597556,9.543008026395819e-20,2.63014786727495e-18,0.3554006968641115,0.011799410029498525
2,PRELID3B,9.086982,1.3188455,1.018262228160025e-19,2.804320226703166e-18,0.6132404181184669,0.21755162241887904
2,PUS1,9.083216,1.7827587,1.0541330727681789e-19,2.8987471522455383e-18,0.4912891986062718,0.12463126843657817
2,LETM1,9.082737,2.1451805,1.0587871218523979e-19,2.909359417936908e-18,0.43902439024390244,0.08112094395280237
2,MFHAS1,9.078696,2.5503685,1.0988296411592804e-19,3.0148623460322954e-18,0.4076655052264808,0.05530973451327434
2,PANK2,9.076231,1.3781364,1.1239937657900517e-19,3.0815951926353317e-18,0.5818815331010453,0.19174041297935104
2,ERI3,9.068973,1.2266772,1.2014426689333161e-19,3.289005469381324e-18,0.6480836236933798,0.24041297935103245
2,FAM120AOS,9.056441,1.2186016,1.3477545230843873e-19,3.6840301194482195e-18,0.6550522648083623,0.24262536873156343
2,PARPBP,9.053634,1.8950098,1.3828754609070435e-19,3.7772108018402016e-18,0.46689895470383275,0.10176991150442478
2,WDR4,9.045074,2.0679338,1.495629382583152e-19,4.073030582732585e-18,0.43902439024390244,0.07890855457227139
2,RREB1,9.039117,1.2212422,1.5794209789831193e-19,4.291639736582119e-18,0.6236933797909407,0.22713864306784662
2,CENPK,9.033092,1.4698961,1.6688927534032736e-19,4.524677308689868e-18,0.5505226480836237,0.17182890855457228
2,RRP9,9.031311,1.7683771,1.6962733083136552e-19,4.595506984277431e-18,0.4878048780487805,0.11946902654867257
2,WDHD1,9.026654,1.8630298,1.7700003904111187e-19,4.791700021408088e-18,0.46689895470383275,0.10471976401179942
2,UGGT1,9.014398,2.331731,1.9795580914393127e-19,5.351093478934289e-18,0.4181184668989547,0.06415929203539823
2,WDR74,9.004263,1.2216133,2.1711936194953336e-19,5.860461479878223e-18,0.627177700348432,0.2308259587020649
2,RGCC,9.001935,1.0723706,2.2177441870243374e-19,5.977294181831941e-18,0.6062717770034843,0.2042772861356932
2,TMEM126B,8.9938545,1.2398762,2.387083244107492e-19,6.4242377807042866e-18,0.6376306620209059,0.24631268436578171
2,NSD2,8.979269,1.1768554,2.725712849724501e-19,7.324802937794894e-18,0.6480836236933798,0.2374631268436578
2,ATAD5,8.973517,1.6164285,2.8719404489525206e-19,7.712097752906177e-18,0.5226480836236934,0.1556047197640118
2,CENPN,8.973244,1.5696652,2.8790937453517977e-19,7.725638575778675e-18,0.5156794425087108,0.1430678466076696
2,UBE2J2,8.965026,1.3817484,3.1020736261771703e-19,8.305705690688415e-18,0.5958188153310104,0.22640117994100295
2,ABCF1,8.954755,1.2638978,3.404918427482313e-19,9.103244657726819e-18,0.6236933797909407,0.23008849557522124
2,KPNA2,8.945647,1.4491723,3.6977588741917934e-19,9.871748545170958e-18,0.5574912891986062,0.18657817109144542
2,UBE2C,8.945236,1.8177009,3.711540674512581e-19,9.901319258588557e-18,0.4564459930313589,0.10103244837758112
2,FBXO22,8.943867,1.4855167,3.7578475322774095e-19,1.0017551167435213e-17,0.519163763066202,0.13864306784660768
2,VWA8,8.942977,1.4358034,3.788252590868852e-19,1.0091254226957123e-17,0.554006968641115,0.1696165191740413
2,C6orf89,8.9420185,1.964863,3.8212683335477845e-19,1.0171799438267816e-17,0.4529616724738676,0.09292035398230089
2,BNIP3,8.939211,1.556415,3.919601356497819e-19,1.0418397185851611e-17,0.5121951219512195,0.13569321533923304
2,SLC31A1,8.932842,2.723244,4.152011287040304e-19,1.1012156892533491e-17,0.39372822299651566,0.04793510324483776
2,RAB9A,8.931268,1.4201066,4.211557632880786e-19,1.1162000066695847e-17,0.5435540069686411,0.16297935103244837
2,OSBP2,8.911614,3.277177,5.029462365282392e-19,1.3272051336099556e-17,0.3693379790940767,0.028761061946902654
2,RCC1,8.91004,1.4126083,5.101424174812177e-19,1.3452249727831448e-17,0.554006968641115,0.17182890855457228
2,NIPA2,8.909218,1.3318912,5.139372277139232e-19,1.3542560454684884e-17,0.5714285714285714,0.17920353982300885
2,NUP93,8.907986,1.1928667,5.196817869594769e-19,1.3684081355758141e-17,0.6376306620209059,0.2323008849557522
2,TMEM245,8.8997,1.6259173,5.599787623335458e-19,1.4723981810467033e-17,0.5087108013937283,0.14233038348082597
2,ARMC1,8.884088,1.6712753,6.444762356093338e-19,1.6921430917888974e-17,0.49825783972125437,0.13495575221238937
2,RIDA,8.875802,1.598634,6.943141008437055e-19,1.819083064064457e-17,0.5087108013937283,0.14085545722713863
2,NUP62,8.8540945,1.6664095,8.436562367306146e-19,2.2024723195846808e-17,0.4808362369337979,0.11651917404129794
2,FANCA,8.845193,1.8795356,9.137028354386423e-19,2.3836377391225765e-17,0.4564459930313589,0.10103244837758112
2,ANKLE1,8.833141,2.9522035,1.0177644491920956e-18,2.6513307192085332e-17,0.3797909407665505,0.04056047197640118
2,POLA1,8.824856,1.5724638,1.0960117398478436e-18,2.8531383847916733e-17,0.49477351916376305,0.1261061946902655
2,HBG2,8.821842,5.5051546,1.1259142897014104e-18,2.9288975776376205e-17,0.3554006968641115,0.02728613569321534
2,PIGH,8.82061,1.3140236,1.1383780999087882e-18,2.959217104741588e-17,0.5574912891986062,0.17035398230088494
2,BOLA2,8.8184185,1.395351,1.160873335083266e-18,3.015551805350079e-17,0.5505226480836237,0.17256637168141592
2,CCDC26,8.818213,2.6356177,1.1630046362295828e-18,3.01894558089638e-17,0.41114982578397213,0.07595870206489676
2,DSCC1,8.808901,2.0357594,1.2637914984820416e-18,3.2759229912139666e-17,0.4355400696864111,0.08480825958702065
2,UBE2S,8.799451,1.6123825,1.3748716861839132e-18,3.561336064120128e-17,0.5261324041811847,0.17846607669616518
2,HBM,8.799314,6.847434,1.3765504388176572e-18,3.5631628437881946e-17,0.3344947735191638,0.004424778761061947
2,PNPT1,8.787057,1.3132783,1.5352921846916836e-18,3.965647794770664e-17,0.5644599303135889,0.18215339233038347
2,GMPR,8.78377,1.1702492,1.5808490428654789e-18,4.0775655967526e-17,0.6306620209059234,0.23820058997050148
2,ISOC1,8.780962,1.5469431,1.6208174406197917e-18,4.177714024234155e-17,0.5156794425087108,0.14970501474926254
2,UTP11,8.777333,1.2607434,1.6739657054036037e-18,4.3116691613988245e-17,0.5923344947735192,0.19690265486725664
2,PRR34-AS1,8.762816,2.21514,1.9043197220906115e-18,4.89122850163077e-17,0.41114982578397213,0.06415929203539823
2,TRAK2,8.749738,2.0565083,2.138499936902125e-18,5.481179004940803e-17,0.4250871080139373,0.07743362831858407
2,TSR1,8.748025,1.5684488,2.171184153089293e-18,5.561057465865725e-17,0.5017421602787456,0.13421828908554573
2,MRPL49,8.745012,1.5646306,2.2299106607571466e-18,5.707479726879183e-17,0.5087108013937283,0.14380530973451328
2,GGA2,8.730838,1.8090378,2.527927796889073e-18,6.465736219003282e-17,0.4564459930313589,0.10250737463126844
2,SASS6,8.726113,1.9482809,2.6357522028736033e-18,6.732112098909753e-17,0.43902439024390244,0.09144542772861357
2,THG1L,8.722141,1.3645931,2.729890405845458e-18,6.967693078406528e-17,0.5400696864111498,0.15855457227138642
2,IFI27,8.719129,4.95131,2.8035128990024318e-18,7.150618509852822e-17,0.34146341463414637,0.014011799410029498
2,IGFBP2,8.71591,1.9969385,2.8843210820918062e-18,7.346488234213096e-17,0.445993031358885,0.10619469026548672
2,NADK2,8.700503,2.1223915,3.3041634823141185e-18,8.386663496267618e-17,0.4181184668989547,0.07374631268436578
2,STIP1,8.6889305,1.3375793,3.658672854567861e-18,9.267203124570123e-17,0.5644599303135889,0.1887905604719764
2,MTFR1,8.685712,1.9548236,3.763768757719818e-18,9.520228078873742e-17,0.4355400696864111,0.08997050147492626
2,CNKSR3,8.684616,1.9897145,3.8002217007845156e-18,9.605795198233015e-17,0.4250871080139373,0.07743362831858407
2,TMEM11,8.67996,1.3219619,3.959074663759561e-18,9.99352357022508e-17,0.5644599303135889,0.1873156342182891
2,PBK,8.673387,5.2012067,4.194553649571235e-18,1.057333733663614e-16,0.3344947735191638,0.008112094395280236
2,SNRNP27,8.671264,1.436414,4.273507191527305e-18,1.0764944027329035e-16,0.519163763066202,0.14970501474926254
2,ZBTB7A,8.652638,1.8500514,5.032235941899761e-18,1.2650059595430848e-16,0.445993031358885,0.09734513274336283
2,NCAPD3,8.646681,1.8821608,5.30190141227718e-18,1.3309663483591017e-16,0.43902439024390244,0.09218289085545722
2,SLC24A3,8.638395,2.1334846,5.700812899221227e-18,1.4301264765208784e-16,0.43205574912891986,0.09734513274336283
2,PISD,8.636135,1.4416282,5.814655488019245e-18,1.4576863391574823e-16,0.5296167247386759,0.16740412979351033
2,ABCC4,8.631411,1.0750383,6.0599908349798634e-18,1.516074672256309e-16,0.6236933797909407,0.2374631268436578
2,MRPS5,8.626754,1.187755,6.311759803213157e-18,1.5769059423713637e-16,0.6306620209059234,0.24336283185840707
2,PDHB,8.623399,1.2603104,6.499554875147848e-18,1.6227162891220082e-16,0.5958188153310104,0.22861356932153393
2,RBL1,8.613539,1.3711237,7.083950927869937e-18,1.7662104081128581e-16,0.5331010452961672,0.168141592920354
2,GCLC,8.61032,1.8218926,7.28569234335319e-18,1.8152731481216483e-16,0.4564459930313589,0.10766961651917405
2,MYO19,8.599364,1.6472921,8.015920252724083e-18,1.994498281236942e-16,0.45993031358885017,0.10619469026548672
2,USP39,8.586216,1.414898,8.988029899485263e-18,2.234856537711006e-16,0.5261324041811847,0.15855457227138642
2,TAF3,8.579437,1.3344098,9.53383958535488e-18,2.3657495773801626e-16,0.5470383275261324,0.17846607669616518
2,POLR2D,8.576219,1.2899467,9.804287962841737e-18,2.4279211348306526e-16,0.5644599303135889,0.18436578171091444
2,FSCN1,8.575055,1.2613739,9.903962812792041e-18,2.450946199533479e-16,0.5853658536585366,0.20575221238938052
2,MED25,8.571425,1.9495496,1.0221177150416265e-17,2.5277385465026065e-16,0.4355400696864111,0.09660766961651918
2,AGFG2,8.570878,4.2639456,1.026992161496004e-17,2.53807833240481e-16,0.33797909407665505,0.01327433628318584
2,GPN3,8.563277,1.4938637,1.0970402469718547e-17,2.7075367551865715e-16,0.5017421602787456,0.14528023598820058
2,UCHL5,8.553074,1.3246486,1.1985302886119401e-17,2.9540341477094694e-16,0.5470383275261324,0.18141592920353983
2,RPP30,8.552869,1.3453139,1.2006660820831586e-17,2.957306814961352e-16,0.5505226480836237,0.18215339233038347
2,SMC6,8.548007,1.6227118,1.252323997516505e-17,3.0803972199665056e-16,0.4634146341463415,0.11135693215339233
2,CPB1,8.544309,2.3424678,1.2930758887449829e-17,3.1763671546278606e-16,0.3867595818815331,0.05309734513274336
2,PNP,8.541776,1.64172,1.3217511970167399e-17,3.2446288103292887e-16,0.4529616724738676,0.10545722713864307
2,CLN6,8.533969,1.262016,1.414105650231158e-17,3.457426914102246e-16,0.5818815331010453,0.21386430678466076
2,METTL21A,8.518288,1.1922866,1.6192894573920322e-17,3.9459130113186264e-16,0.627177700348432,0.24631268436578171
2,C14orf119,8.505962,1.4437726,1.800952813890072e-17,4.379845444597377e-16,0.49825783972125437,0.13716814159292035
2,KNL1,8.505825,2.605541,1.803080246238383e-17,4.3821075758679322e-16,0.37282229965156793,0.043510324483775814
2,PAM16,8.500211,1.1643258,1.8924730547635086e-17,4.593263015742651e-16,0.6097560975609756,0.22713864306784662
2,GNL2,8.4998,1.1879625,1.8991830745808832e-17,4.606494348093765e-16,0.6027874564459931,0.2168141592920354
2,EED,8.496034,2.2080154,1.96179573256496e-17,4.755210967391397e-16,0.397212543554007,0.0612094395280236
2,PTH2R,8.49302,2.5542414,2.0133485696000487e-17,4.876940502708893e-16,0.3832752613240418,0.05383480825958702
2,PLD1,8.481722,2.7768703,2.2188541310338557e-17,5.364087189562097e-16,0.3623693379790941,0.03466076696165192
2,CNIH4,8.478503,1.5650401,2.2810884726054238e-17,5.500007851504026e-16,0.45993031358885017,0.10545722713864307
2,RBM38,8.476586,2.0950425,2.3189795822249212e-17,5.587687405465065e-16,0.41114982578397213,0.07448377581120944
2,BRI3BP,8.466178,2.033966,2.5357693117303593e-17,6.106032406489663e-16,0.41114982578397213,0.07448377581120944
2,CISD3,8.456249,1.4211206,2.7611617156626072e-17,6.631317582346922e-16,0.5261324041811847,0.16887905604719763
2,SFXN1,8.447826,1.164988,2.967766561648811e-17,7.113505168494311e-16,0.6062717770034843,0.2323008849557522
2,LRRCC1,8.441731,1.8250654,3.126699624804612e-17,7.484652254249418e-16,0.4425087108013937,0.10619469026548672
2,DDI2,8.441115,2.8348894,3.143231544018839e-17,7.519308349191732e-16,0.3623693379790941,0.03761061946902655
2,SNX5,8.436527,1.2046826,3.2690428846904855e-17,7.804973165202639e-16,0.5958188153310104,0.2323008849557522
2,RILP,8.435706,1.4356955,3.2920950481949623e-17,7.854887278942882e-16,0.5121951219512195,0.1570796460176991
2,UHRF1,8.433652,1.6734072,3.350429379985834e-17,7.988864217385114e-16,0.44947735191637633,0.11135693215339233
2,PSMD11,8.407083,1.1766654,4.2033376653667137e-17,1.0003014427183816e-15,0.6097560975609756,0.23525073746312683
2,CTCF,8.389758,1.1851292,4.8714176958307607e-17,1.1577841499032575e-15,0.5749128919860628,0.20206489675516223
2,IPO7,8.37846,1.1021733,5.3624719938677525e-17,1.2728394127597509e-15,0.627177700348432,0.24631268436578171
2,SLC16A1,8.378186,1.489264,5.374963275161334e-17,1.2741517541073833e-15,0.4912891986062718,0.14233038348082597
2,BAG2,8.370243,1.5575083,5.749962023973657e-17,1.3612830532953415e-15,0.47038327526132406,0.12315634218289086
2,ECHDC1,8.369832,1.1570659,5.77004517975516e-17,1.3651546452761383e-15,0.5853658536585366,0.2028023598820059
2,DHRS11,8.364833,2.3940852,6.020002065066474e-17,1.4233727104877133e-15,0.3832752613240418,0.056784660766961655
2,DPCD,8.364354,1.5598578,6.044524359919851e-17,1.4282481349091444e-15,0.4738675958188153,0.12536873156342182
2,BCAP29,8.362094,1.2084349,6.161462920449513e-17,1.4549400280733716e-15,0.5749128919860628,0.20501474926253688
2,COASY,8.359766,1.5110567,6.284278601990153e-17,1.482984404329088e-15,0.49825783972125437,0.1556047197640118
2,ING2,8.358534,1.1363025,6.350272928164409e-17,1.4975923933231025e-15,0.6132404181184669,0.22640117994100295
2,AIMP2,8.357643,1.2709545,6.398360124342768e-17,1.5079612293050204e-15,0.5679442508710801,0.2042772861356932
2,TRUB2,8.352781,1.4037014,6.66739624651644e-17,1.5703563064269514e-15,0.5226480836236934,0.17182890855457228
2,ZDHHC3,8.344153,1.3798889,7.172581532636514e-17,1.6871700300516007e-15,0.5121951219512195,0.15634218289085547
2,EXOSC9,8.327925,1.5108268,8.227187880826571e-17,1.9327554789867353e-15,0.4878048780487805,0.1430678466076696
2,TPD52L2,8.322789,1.3361782,8.591738411242205e-17,2.0158090871145895e-15,0.5331010452961672,0.17256637168141592
2,NOM1,8.319639,1.9460793,8.823162828225101e-17,2.0687801580773026e-15,0.41114982578397213,0.07890855457227139
2,PHF6,8.319502,1.6885971,8.833363003484322e-17,2.0698458341263104e-15,0.4529616724738676,0.11283185840707964
2,MTHFD1,8.316489,1.2516264,9.060732120172408e-17,2.119053395082622e-15,0.5574912891986062,0.19985250737463126
2,PPOX,8.315462,2.028358,9.139555780838076e-17,2.136123123463949e-15,0.4076655052264808,0.07669616519174041
2,CHORDC1,8.315051,1.7357205,9.171274242056642e-17,2.1421685292502565e-15,0.43902439024390244,0.10176991150442478
2,DEXI,8.303684,2.3778815,1.0093180705312847e-16,2.3514990897209135e-15,0.3797909407665505,0.05457227138643068
2,MOB1B,8.297522,1.389328,1.0630611221877857e-16,2.4719885726299333e-15,0.49825783972125437,0.14823008849557523
2,HDAC3,8.294577,1.1567763,1.0897249966919382e-16,2.530775672837667e-15,0.6062717770034843,0.22861356932153393
2,ZPR1,8.282456,1.216279,1.2066005392933068e-16,2.7933451194607414e-15,0.5679442508710801,0.2013274336283186
2,DHRS3,8.281361,3.0987084,1.217755517396325e-16,2.8173874647422814e-15,0.34494773519163763,0.028761061946902654
2,PTCD3,8.250752,1.1521593,1.574008141175593e-16,3.6301368604390595e-15,0.5958188153310104,0.2234513274336283
2,DCAF6,8.246438,1.1499327,1.6318565470876154e-16,3.761182712843439e-15,0.6062717770034843,0.23525073746312683
2,EPB42,8.240549,8.529118,1.7142206884873827e-16,3.946049774800421e-15,0.31010452961672474,0.0007374631268436578
2,BCS1L,8.231305,1.6102062,1.8518502176312684e-16,4.260186663452046e-15,0.4564459930313589,0.12020648967551623
2,GGH,8.219527,1.064624,2.04307425956529e-16,4.688311032874557e-15,0.6236933797909407,0.25
2,NT5DC2,8.219253,3.1100068,2.0477454218544213e-16,4.6960858512088766e-15,0.34843205574912894,0.03466076696165192
2,TBRG4,8.2089815,1.5523671,2.230723247133636e-16,5.112219775909194e-15,0.47038327526132406,0.13348082595870206
2,MTX2,8.208913,1.2779311,2.231995629054641e-16,5.112219775909194e-15,0.5505226480836237,0.19247787610619468
2,MCRS1,8.202888,1.1710397,2.3468123794900077e-16,5.365126789613602e-15,0.5574912891986062,0.19174041297935104
2,CDC45,8.198368,2.1492255,2.436727339805695e-16,5.563734083857034e-15,0.397212543554007,0.07669616519174041
2,TMEM14A,8.194327,1.1694226,2.5199752635622096e-16,5.750225350476336e-15,0.6062717770034843,0.2448377581120944
2,WDR5,8.1926155,1.5347451,2.556089717135818e-16,5.828999360553775e-15,0.4843205574912892,0.14233038348082597
2,CTTN,8.19015,6.594509,2.6089924495357055e-16,5.945936030227669e-15,0.31010452961672474,0.0022123893805309734
2,HPF1,8.186042,1.2314677,2.699572028765362e-16,6.144716158261257e-15,0.5644599303135889,0.20575221238938052
2,RITA1,8.175976,1.7573485,2.934799936661356e-16,6.659430408043539e-15,0.43205574912891986,0.10103244837758112
2,PIGQ,8.1571455,2.3383868,3.4303577494543505e-16,7.769463118055611e-15,0.37282229965156793,0.05383480825958702
2,TANGO2,8.15605,1.7502878,3.4616024734698977e-16,7.835381084197385e-15,0.42160278745644597,0.08923303834808259
2,MLST8,8.155296,1.336913,3.483245755450217e-16,7.874631123856293e-15,0.5365853658536586,0.1851032448377581
2,RRAS2,8.151462,1.5963037,3.5955145735848385e-16,8.11841017321275e-15,0.4355400696864111,0.10176991150442478
2,TGM2,8.148243,5.8409986,3.6924870323856532e-16,8.3270929064909e-15,0.31010452961672474,0.003687315634218289
2,SNHG10,8.148243,1.3912554,3.6924870323856532e-16,8.3270929064909e-15,0.5017421602787456,0.1592920353982301
2,MRM1,8.1439295,3.0628874,3.8265250319103615e-16,8.618747242643147e-15,0.34146341463414637,0.028761061946902654
2,AC012146.1,8.133384,1.5441303,4.174693966211285e-16,9.39139359909645e-15,0.4634146341463415,0.1290560471976401
2,LGALS3,8.11962,4.768939,4.6764422942109e-16,1.0500764687755407e-14,0.3170731707317073,0.011061946902654867
2,COQ3,8.1082535,2.267996,5.13525897436705e-16,1.1509835500355687e-14,0.3797909407665505,0.06047197640117994
2,GARS,8.103392,1.253609,5.34478845752972e-16,1.1964807482204605e-14,0.554006968641115,0.21238938053097345
2,COQ8A,8.103049,1.1202133,5.359857580153391e-16,1.1991207047139013e-14,0.6097560975609756,0.2485250737463127
2,EXO1,8.089971,2.8365195,5.967932717884937e-16,1.3335305580421646e-14,0.34843205574912894,0.03761061946902655
2,SAR1B,8.084424,1.3621628,6.245886283444062e-16,1.3939370967093664e-14,0.4808362369337979,0.13495575221238937
2,CDCA5,8.084149,1.9588884,6.259938052816134e-16,1.3953714535391189e-14,0.40069686411149824,0.08112094395280237
2,PUS7,8.081548,1.6852528,6.394993068798112e-16,1.4237417354688545e-14,0.43205574912891986,0.10029498525073746
2,TAF1B,8.070797,1.6042438,6.984080833927872e-16,1.5520603679574626e-14,0.43205574912891986,0.09955752212389381
2,NEDD4L,8.070523,1.8939633,6.999767608268765e-16,1.5546025135330404e-14,0.397212543554007,0.07300884955752213
2,PMM1,8.069907,2.9368715,7.035189891680821e-16,1.5615220450297743e-14,0.34494773519163763,0.03466076696165192
2,CTSB,8.062648,1.2679719,7.465911922246074e-16,1.6541152679547735e-14,0.5226480836236934,0.168141592920354
2,SEC22C,8.059224,1.5646398,7.678000982156493e-16,1.6980212323136546e-14,0.4564459930313589,0.1224188790560472
2,COA8,8.055389,1.144642,7.922592930845603e-16,1.7510556996490336e-14,0.5470383275261324,0.18067846607669616
2,TBC1D23,8.054157,1.2862259,8.002830123818717e-16,1.7677223015201503e-14,0.5052264808362369,0.15634218289085547
2,HPDL,8.051555,2.740597,8.174858141192757e-16,1.804631983267769e-14,0.3519163763066202,0.04056047197640118
2,LBH,8.044434,2.801703,8.664521635664137e-16,1.9104226288370068e-14,0.34494773519163763,0.03466076696165192
2,NFATC2IP,8.043612,1.2215102,8.722848152909874e-16,1.922125016524108e-14,0.5156794425087108,0.16224188790560473
2,CCDC137,8.033957,1.7260596,9.437846079250926e-16,2.0784272223024258e-14,0.42857142857142855,0.10324483775811209
2,WIPF3,8.030464,5.73212,9.71043190902898e-16,2.1358865282594332e-14,0.30662020905923343,0.004424778761061947
2,MELK,8.025808,2.6847742,1.008597687242328e-15,2.215827367992584e-14,0.34843205574912894,0.038348082595870206
2,PREB,8.003348,2.0749326,1.2108115989142958e-15,2.6426306101289292e-14,0.3867595818815331,0.06858407079646017
2,SLC16A9,8.000335,3.0599282,1.2408115042849008e-15,2.7064923640245324e-14,0.34146341463414637,0.035398230088495575
2,REC8,7.9923916,1.1242257,1.3234566580729485e-15,2.885040925677665e-14,0.5923344947735192,0.22935103244837757
2,SLC25A21,7.9903374,4.4910545,1.34569834523272e-15,2.931780067491832e-14,0.3170731707317073,0.017699115044247787
2,TTC32,7.9871874,1.0946786,1.3805192575373994e-15,3.004065716119284e-14,0.5818815331010453,0.22566371681415928
2,DCAF11,7.9862976,1.2080696,1.3905197847618961e-15,3.024029390497336e-14,0.5574912891986062,0.21460176991150443
2,FAHD1,7.979244,1.7823462,1.4723181895490934e-15,3.196222897727542e-14,0.42160278745644597,0.09882005899705015
2,ANKFY1,7.9791074,1.7269377,1.4739525270628107e-15,3.1978741222896226e-14,0.4146341463414634,0.09070796460176991
2,SEH1L,7.9768476,1.0439372,1.5011785209001608e-15,3.255013924375994e-14,0.5714285714285714,0.1976401179941003
2,UTP4,7.973013,1.5325934,1.548518116627526e-15,3.351703819437261e-14,0.45993031358885017,0.1275811209439528
2,CTPS1,7.963358,1.2951041,1.674322343941407e-15,3.6133179310494954e-14,0.5121951219512195,0.17256637168141592
2,SMPD4,7.95699,1.7430527,1.7627545163007053e-15,3.8019197437314154e-14,0.4146341463414634,0.09292035398230089
2,ACLY,7.955483,1.4012741,1.7843376843245577e-15,3.846203980209843e-14,0.4634146341463415,0.12684365781710916
2,TRMU,7.9500737,1.9627517,1.8640079295797676e-15,4.0108497490034725e-14,0.40069686411149824,0.08333333333333333
2,BCL7C,7.9493203,1.275857,1.875375564868713e-15,4.0329389570951686e-14,0.5226480836236934,0.17846607669616518
2,INO80C,7.94528,1.086355,1.937522602715572e-15,4.1641376853783115e-14,0.5749128919860628,0.20575221238938052
2,FARSB,7.945075,1.06581,1.9407362412106387e-15,4.1684538009646e-14,0.6062717770034843,0.24778761061946902
2,NECTIN1,7.9450064,3.477394,1.9418086201591875e-15,4.1684538009646e-14,0.3240418118466899,0.021386430678466076
2,FUZ,7.9432945,1.4381992,1.968808572104941e-15,4.2239368433536306e-14,0.46689895470383275,0.13200589970501475
2,EMC8,7.9286404,1.2828805,2.2155781021324807e-15,4.7450189652516635e-14,0.5087108013937283,0.16592920353982302
2,RRP1,7.9273396,1.3039287,2.2389058778317948e-15,4.7921750897381003e-14,0.49825783972125437,0.1570796460176991
2,CD46,7.92282,1.0784612,2.32183421354998e-15,4.966771130925939e-14,0.5888501742160279,0.23303834808259588
2,ADIPOR1,7.908577,1.0847101,2.6034747620718623e-15,5.562742543292016e-14,0.6132404181184669,0.2448377581120944
2,WDR76,7.904126,1.8843398,2.6981975583859338e-15,5.758409844576301e-14,0.40069686411149824,0.08480825958702065
2,GTF2E2,7.9027567,1.3355685,2.728019929543657e-15,5.818663021050547e-14,0.47735191637630664,0.13864306784660768
2,XK,7.9020033,4.2283044,2.7445603391909073e-15,5.850533079483192e-14,0.31010452961672474,0.011061946902654867
2,ATP6V0D1,7.897895,1.2595955,2.8365342017218392e-15,6.043072661072238e-14,0.5121951219512195,0.16740412979351033
2,FLOT1,7.8742023,1.1161587,3.4292434503934225e-15,7.288835048074893e-14,0.5505226480836237,0.19469026548672566
2,LINC00665,7.87338,1.3697469,3.4518520133984083e-15,7.332631198049631e-14,0.4878048780487805,0.15191740412979352
2,NOP2,7.8719425,1.6159519,3.491770664534017e-15,7.408828874933887e-14,0.4181184668989547,0.09513274336283185
2,SLC25A38,7.865369,1.3138065,3.680120776155716e-15,7.794913225004362e-14,0.4738675958188153,0.13421828908554573
2,ACTN4,7.863109,1.1266282,3.747148676698846e-15,7.932295472287708e-14,0.5679442508710801,0.21386430678466076
2,SLC9B2,7.852016,1.2374282,4.094028667027958e-15,8.651590256460178e-14,0.5017421602787456,0.1592920353982301
2,HCCS,7.8491397,1.7194238,4.189004156857474e-15,8.846912807414622e-14,0.41114982578397213,0.09292035398230089
2,NARS,7.8490715,1.1292943,4.1912917155424594e-15,8.846912807414622e-14,0.5574912891986062,0.2042772861356932
2,MMS22L,7.840923,1.4572833,4.472477688377416e-15,9.429559670063467e-14,0.4564459930313589,0.13274336283185842
2,POLE,7.829693,1.8241535,4.8906422909392254e-15,1.0275683036203593e-13,0.4076655052264808,0.09365781710914454
2,PMPCA,7.8103824,1.239634,5.701475788255291e-15,1.1945032359812932e-13,0.5121951219512195,0.17920353982300885
2,MPHOSPH10,7.8029184,1.1264176,6.0491639872796636e-15,1.2666215737896052e-13,0.5644599303135889,0.21755162241887904
2,ZNF451,7.800522,1.2022272,6.165171884753023e-15,1.290174134670357e-13,0.5470383275261324,0.20722713864306785
2,MCM2,7.7966185,1.581536,6.358802983462499e-15,1.3299345599869196e-13,0.4425087108013937,0.1261061946902655
2,TROAP,7.794633,2.3632207,6.4596020951642565e-15,1.3502449816396743e-13,0.34494773519163763,0.0420353982300885
2,SUCLG2,7.7921677,1.6737387,6.586922200891459e-15,1.3752877323150504e-13,0.4076655052264808,0.09144542772861357
2,PES1,7.7705293,1.2531543,7.815885023256569e-15,1.6263172696771671e-13,0.5121951219512195,0.1747787610619469
2,UBL4A,7.766421,2.0326433,8.073508426536533e-15,1.6789686472708162e-13,0.3797909407665505,0.0715339233038348
2,CS,7.7638187,1.057379,8.24097362832216e-15,1.712821554629298e-13,0.5749128919860628,0.21976401179941002
2,GALNT10,7.7534103,1.560664,8.945702477775518e-15,1.8582386855224842e-13,0.42857142857142855,0.10914454277286136
2,WDR77,7.751904,1.6576673,9.052498109483485e-15,1.8793561163085935e-13,0.4181184668989547,0.10176991150442478
2,ATP6V1C1,7.7510138,2.0044594,9.116193348896177e-15,1.8915067616947222e-13,0.3797909407665505,0.07227138643067847
2,ASF1B,7.749439,1.970872,9.229967151520932e-15,1.914028485625029e-13,0.37282229965156793,0.06637168141592921
2,GTPBP6,7.7459464,1.2433748,9.487256283095362e-15,1.965156011418072e-13,0.49825783972125437,0.16150442477876106
2,SF3B3,7.725335,1.4225451,1.1155951608695475e-14,2.3042832101008074e-13,0.4564459930313589,0.13053097345132744
2,ATAD3B,7.7245135,2.5476708,1.1228148409057334e-14,2.3178875347992526e-13,0.34146341463414637,0.04129793510324484
2,SURF6,7.713968,1.7894758,1.2196504659821993e-14,2.5135375397192837e-13,0.39372822299651566,0.08259587020648967
2,RIOK1,7.713694,1.0132098,1.2222721815675545e-14,2.51752302293495e-13,0.5609756097560976,0.20058997050147492
2,ACY1,7.713146,1.3474718,1.2275322594307252e-14,2.526935220889987e-13,0.4738675958188153,0.14601769911504425
2,RCC2,7.7065043,1.0059792,1.2931105828019033e-14,2.660435100681982e-13,0.5958188153310104,0.23967551622418878
2,TIMM21,7.704655,2.3569713,1.3119696753772705e-14,2.697719218454128e-13,0.3519163763066202,0.051622418879056046
2,MORC3,7.7042446,1.2512369,1.3161971948769449e-14,2.704892393581755e-13,0.4912891986062718,0.15634218289085547
2,SMIM12,7.701163,1.2556657,1.348333700384939e-14,2.7678273565781917e-13,0.5052264808362369,0.17035398230088494
2,SUZ12,7.699588,1.0372735,1.3650559128673052e-14,2.8005836024022555e-13,0.5923344947735192,0.23008849557522124
2,WARS,7.698835,2.0820293,1.373125462016123e-14,2.815561066400679e-13,0.3693379790940767,0.06563421828908554
2,RBM42,7.6959586,1.0560316,1.4043704857824241e-14,2.8764053805328763e-13,0.5888501742160279,0.2411504424778761
2,PIR,7.6920557,2.3678093,1.447895844712904e-14,2.9622378877773615e-13,0.3519163763066202,0.05088495575221239
2,CORO1C,7.685893,1.182007,1.5193365909214952e-14,3.1066613723082483e-13,0.5261324041811847,0.1873156342182891
2,SLC25A19,7.685208,1.9444985,1.5274854069613098e-14,3.1215797532211556e-13,0.3867595818815331,0.08333333333333333
2,MFSD2B,7.681305,2.9005706,1.5747613778558855e-14,3.2163973878852266e-13,0.32752613240418116,0.03171091445427729
2,CSE1L,7.6805515,1.1512839,1.5840491251627748e-14,3.233562857227146e-13,0.5435540069686411,0.20575221238938052
2,TNPO3,7.6744576,1.0855072,1.661204216363307e-14,3.387283316050886e-13,0.5749128919860628,0.2323008849557522
2,XPR1,7.669938,1.1525546,1.720796443871881e-14,3.5068413497858975e-13,0.5261324041811847,0.19321533923303835
2,RNASEH1,7.669664,1.0302187,1.7244749271380563e-14,3.512382126220367e-13,0.5714285714285714,0.21238938053097345
2,SLC43A1,7.661652,1.6242832,1.8355604384781797e-14,3.7344829132151113e-13,0.42160278745644597,0.10988200589970501
2,FN3KRP,7.6611047,1.1911812,1.8434080726765098e-14,3.748365492668496e-13,0.4912891986062718,0.1556047197640118
2,MPC1,7.6379595,1.0582246,2.2069113955905613e-14,4.4750783373966833e-13,0.5923344947735192,0.2485250737463127
2,RRAGD,7.628099,1.6564277,2.382405678491101e-14,4.822922026463096e-13,0.40418118466898956,0.09292035398230089
2,TIMM17B,7.619197,1.1145805,2.5525840931254647e-14,5.158869706929052e-13,0.554006968641115,0.21091445427728614
2,CASP6,7.610569,1.0944225,2.7289155317669058e-14,5.509158156547188e-13,0.5714285714285714,0.2345132743362832
2,VOPP1,7.5999556,1.249341,2.962329674595549e-14,5.967211250405707e-13,0.4843205574912892,0.1592920353982301
2,FASTK,7.5881777,1.2969495,3.244364072009163e-14,6.510250515329351e-13,0.47735191637630664,0.14823008849557523
2,SGPP1,7.5736604,2.0929058,3.628518636834188e-14,7.253272016754129e-13,0.3623693379790941,0.06268436578171091
2,POLA2,7.5609922,1.7825233,4.000054801170556e-14,7.978528925212182e-13,0.3867595818815331,0.08259587020648967
2,SMIM15,7.556884,1.0625471,4.128402145298023e-14,8.221090692059464e-13,0.5714285714285714,0.22640117994100295
2,STAM,7.553529,1.2716695,4.2362159128698427e-14,8.431198402770479e-13,0.46689895470383275,0.14380530973451328
2,VARS,7.545585,1.7687045,4.502605979849669e-14,8.937086847531331e-13,0.3902439024390244,0.0855457227138643
2,KHSRP,7.5430517,1.3331486,4.590989997506648e-14,9.097716561924247e-13,0.47038327526132406,0.14896755162241887
2,FANCI,7.5383954,1.2947558,4.757896164803389e-14,9.408090628199288e-13,0.46689895470383275,0.14601769911504425
2,RCOR1,7.536067,1.0611485,4.8435723552750886e-14,9.572332169299326e-13,0.5574912891986062,0.2168141592920354
2,CD3EAP,7.5280557,2.6834915,5.1501522900256836e-14,1.0161764095268467e-12,0.32752613240418116,0.03761061946902655
2,STK24,7.5214133,1.1896845,5.418726936551642e-14,1.0674425436207033e-12,0.4912891986062718,0.16592920353982302
2,MITF,7.514771,3.2691631,5.701059954241845e-14,1.1212493035207189e-12,0.313588850174216,0.02728613569321534
2,UBE2Q2,7.5121007,1.0516081,5.818608167949556e-14,1.1437533703282584e-12,0.5609756097560976,0.2205014749262537
2,RMDN3,7.509978,1.256505,5.913740830480502e-14,1.1618294585959038e-12,0.4843205574912892,0.16297935103244837
2,NUSAP1,7.508403,1.5055306,5.985309671975585e-14,1.1752592237337896e-12,0.4076655052264808,0.10250737463126844
2,NET1,7.5060062,1.0682778,6.095855592141217e-14,1.1963239170400037e-12,0.519163763066202,0.18067846607669616
2,SPHK1,7.492448,4.474608,6.760077578877912e-14,1.3231315479385586e-12,0.2926829268292683,0.009587020648967551
2,USP12,7.4906673,1.0834116,6.852421023279194e-14,1.3397727664158216e-12,0.5052264808362369,0.16887905604719763
2,SPOUT1,7.4869013,1.5345386,7.051868113799236e-14,1.3780321667547563e-12,0.4076655052264808,0.09734513274336283
2,C1orf52,7.4734116,1.1350565,7.814198104516038e-14,1.523747814722384e-12,0.5017421602787456,0.16887905604719763
2,NCAPG2,7.4643726,1.7003165,8.369739418973184e-14,1.6294725131587102e-12,0.3832752613240418,0.08185840707964602
2,NUP50,7.4547176,1.9448543,9.006055006086636e-14,1.750560909600515e-12,0.37282229965156793,0.07743362831858407
2,LHPP,7.454101,2.1309123,9.048247603974027e-14,1.7578286122773533e-12,0.3519163763066202,0.059734513274336286
2,DENND1A,7.452869,1.0058014,9.133216495014358e-14,1.7733944664934777e-12,0.5853658536585366,0.25
2,LTV1,7.446569,1.0259199,9.579901114255461e-14,1.85717140192195e-12,0.554006968641115,0.2153392330383481
2,C12orf29,7.4437613,1.780128,9.785818934643457e-14,1.8950833800364293e-12,0.3902439024390244,0.09070796460176991
2,EGFL8,7.437051,2.6907084,1.0295802021818392e-13,1.991737049685914e-12,0.3170731707317073,0.030973451327433628
2,AFMID,7.436914,1.2880329,1.0306477228749011e-13,1.99274893317191e-12,0.4564459930313589,0.137905604719764
2,RBFA,7.434928,1.0957801,1.046249569401049e-13,2.021846910752259e-12,0.5505226480836237,0.21755162241887904
2,ALG3,7.4339695,1.003883,1.0538643431665766e-13,2.0354875368992016e-12,0.5923344947735192,0.24336283185840707
2,WAPL,7.4243827,1.0170925,1.1330714646672758e-13,2.1838624896412303e-12,0.5923344947735192,0.24926253687315633
2,PPP1R12B,7.413632,1.0346211,1.2288669609365802e-13,2.363518635693104e-12,0.5365853658536586,0.19911504424778761
2,CARM1,7.3969235,2.2132223,1.3937553277568683e-13,2.670829253991054e-12,0.34843205574912894,0.059734513274336286
2,RFXAP,7.381037,2.1856008,1.5706100330129712e-13,3.001874559702755e-12,0.34843205574912894,0.059734513274336286
2,POP4,7.370492,1.0186043,1.6999950017202491e-13,3.244083266838521e-12,0.5470383275261324,0.20206489675516223
2,FANCC,7.358098,1.3100657,1.8654935255519744e-13,3.5561941942045735e-12,0.42857142857142855,0.1187315634218289
2,NOC2L,7.3568654,1.042878,1.8827925848723218e-13,3.5873030400266446e-12,0.5470383275261324,0.20722713864306785
2,TAF4B,7.3485794,1.0420797,2.0032411607615074e-13,3.8128252587120085e-12,0.554006968641115,0.21386430678466076
2,GRWD1,7.3451557,1.4364791,2.0551952457134684e-13,3.90764681497967e-12,0.42160278745644597,0.11504424778761062
2,HILPDA,7.3377604,2.604903,2.1719753010475437e-13,4.118987978945137e-12,0.3205574912891986,0.03761061946902655
2,RNASE1,7.3368015,5.6105056,2.1875828816332437e-13,4.144291979847741e-12,0.2787456445993031,0.0029498525073746312
2,NPRL3,7.335227,1.0459838,2.2134634174677345e-13,4.188985240058767e-12,0.519163763066202,0.18436578171091444
2,DSN1,7.3309126,1.5416781,2.285903770005682e-13,4.3238186617652064e-12,0.4076655052264808,0.10693215339233038
2,SCOC,7.3308444,1.0401087,2.2870721917918744e-13,4.3238186617652064e-12,0.5574912891986062,0.22271386430678466
2,NFYB,7.3275576,1.6159954,2.3438517296998913e-13,4.426590152670058e-12,0.3902439024390244,0.09218289085545722
2,CBX1,7.3232436,1.0323908,2.4204805824714217e-13,4.56895357395753e-12,0.5470383275261324,0.21017699115044247
2,SHMT1,7.3224216,1.8354247,2.435353076946671e-13,4.592290467250135e-12,0.37282229965156793,0.08185840707964602
2,NR2C2AP,7.3219423,1.596437,2.4440701147534825e-13,4.60398405919157e-12,0.397212543554007,0.09734513274336283
2,SCO1,7.3195457,1.3288897,2.4881171357807807e-13,4.682137546874672e-12,0.4425087108013937,0.13126843657817108
2,AASDHPPT,7.3161902,1.1312407,2.5510955676055917e-13,4.7957189969148565e-12,0.49477351916376305,0.17256637168141592
2,GUF1,7.314958,1.7639529,2.574621577966692e-13,4.834978161886039e-12,0.37282229965156793,0.07890855457227139
2,HARS,7.3100963,1.0647461,2.66951461942009e-13,5.005476669333746e-12,0.5609756097560976,0.23525073746312683
2,POLD1,7.307357,1.7957546,2.724479702679058e-13,5.105923276894839e-12,0.37282229965156793,0.08112094395280237
2,CEP135,7.3042073,1.2011967,2.789064648457454e-13,5.221614076633824e-12,0.47735191637630664,0.16371681415929204
2,PRMT5,7.3009205,1.2029958,2.8580607799757554e-13,5.3480512580722205e-12,0.4843205574912892,0.16740412979351033
2,CSTF2,7.283185,2.1815763,3.2602972703777546e-13,6.094491337747507e-12,0.3344947735191638,0.049410029498525077
2,HAUS6,7.282226,1.8111893,3.283556518165281e-13,6.131706740886095e-12,0.3693379790940767,0.07743362831858407
2,BRIP1,7.280994,1.254627,3.313700852648259e-13,6.184842677602189e-12,0.4529616724738676,0.14380530973451328
2,CDC42EP4,7.2738724,4.350438,3.4932644600022127e-13,6.516665265063251e-12,0.2857142857142857,0.011061946902654867
2,GPR155,7.2712016,3.5115235,3.5630358813184563e-13,6.643437406629487e-12,0.2926829268292683,0.016224188790560472
2,MSH6,7.2664766,1.0734179,3.689845516976899e-13,6.876376566541318e-12,0.4912891986062718,0.16666666666666666
2,NUFIP1,7.2622995,1.4349997,3.8056365483338124e-13,7.088554875601317e-12,0.4076655052264808,0.10693215339233038
2,FH,7.257164,1.0767022,3.9529018027448686e-13,7.351634089545982e-12,0.5365853658536586,0.20870206489675516
2,FADS2,7.2568216,1.532255,3.962916058096214e-13,7.366515522721155e-12,0.40418118466898956,0.10693215339233038
2,ZDHHC6,7.2562056,1.153794,3.9810045375515946e-13,7.396383100453092e-12,0.47735191637630664,0.1607669616519174
2,CPSF4,7.2542195,1.4604498,4.0398429179648784e-13,7.50189196552169e-12,0.4181184668989547,0.11651917404129794
2,OGFOD2,7.250385,1.5977317,4.1558885492824913e-13,7.709562939294905e-12,0.37282229965156793,0.07890855457227139
2,SEPHS2,7.2468925,1.0010567,4.264417166861633e-13,7.906886156246334e-12,0.5609756097560976,0.22566371681415928
2,FZD3,7.233814,1.788551,4.696158663628303e-13,8.694188328146662e-12,0.37282229965156793,0.08259587020648967
2,RYK,7.225391,1.4761839,4.99661558976192e-13,9.2410877817522e-12,0.42160278745644597,0.12020648967551623
2,NUDT4,7.225186,1.126735,5.00417474956898e-13,9.250393939847184e-12,0.49825783972125437,0.1762536873156342
2,RAP2B,7.2232,1.6872939,5.077827940003047e-13,9.381806180315575e-12,0.3623693379790941,0.0715339233038348
2,MT1X,7.2078614,1.4434106,5.683749091641626e-13,1.0490716112111707e-11,0.40418118466898956,0.10545722713864307
2,CKAP5,7.204095,1.311451,5.843058245644091e-13,1.0768468018570965e-11,0.4529616724738676,0.14454277286135694
2,TPMT,7.2004657,1.3065186,6.000718432431809e-13,1.1042347679509132e-11,0.4425087108013937,0.1364306784660767
2,TRMT6,7.1993017,1.6058868,6.052167737199137e-13,1.1131426700966112e-11,0.37630662020905925,0.084070796460177
2,TMEM9,7.19759,1.0555598,6.128616071814773e-13,1.1266372518558136e-11,0.5470383275261324,0.2234513274336283
2,MPZL1,7.1908107,1.4593805,6.440771824895274e-13,1.1828333645910282e-11,0.41114982578397213,0.11209439528023599
2,DEF8,7.190126,1.8923051,6.473157387470401e-13,1.1881847218595995e-11,0.3519163763066202,0.06637168141592921
2,TET3,7.1734176,1.1741638,7.314818055258108e-13,1.3386482782025101e-11,0.4912891986062718,0.1851032448377581
2,PRXL2B,7.172048,2.5192232,7.388387570430192e-13,1.3514361492519513e-11,0.3170731707317073,0.03908554572271387
2,HELLS,7.1675973,1.0579137,7.632540185128019e-13,1.3953976189603927e-11,0.4843205574912892,0.17035398230088494
2,GOSR2,7.159312,1.0821491,8.108311934346264e-13,1.4816391667948456e-11,0.4843205574912892,0.16371681415929204
2,SNAPC5,7.1530805,1.2606661,8.485187036410282e-13,1.5481870923212997e-11,0.4564459930313589,0.14749262536873156
2,CNNM2,7.141713,1.6275952,9.217465193451142e-13,1.6792854332777763e-11,0.3623693379790941,0.07448377581120944
2,TSR3,7.138358,1.3515627,9.445234417162085e-13,1.7190702382026327e-11,0.43205574912891986,0.13274336283185842
2,EVI5,7.1339073,1.6928792,9.755919124680283e-13,1.7729711811441063e-11,0.3623693379790941,0.07595870206489676
2,PNPLA4,7.1284976,1.2466758,1.0147045109885228e-12,1.8422222126334784e-11,0.45993031358885017,0.15634218289085547
2,PBDC1,7.1232934,1.2203571,1.0537823673563884e-12,1.9084358450079746e-11,0.45993031358885017,0.1504424778761062
2,AC069410.1,7.1175413,2.9393506,1.098692931185234e-12,1.9887863488778807e-11,0.30313588850174217,0.03171091445427729
2,AIDA,7.116651,1.636902,1.1058091801728372e-12,2.0006782898421166e-11,0.37282229965156793,0.08333333333333333
2,ARMC6,7.098916,1.3452178,1.2573936608369435e-12,2.27044229799176e-11,0.42857142857142855,0.12979351032448377
2,COA6,7.0987787,1.1695002,1.2586400983379181e-12,2.271572299766575e-11,0.4843205574912892,0.1733038348082596
2,CMPK2,7.0972724,1.9855267,1.2724311819001782e-12,2.2953303937273744e-11,0.34494773519163763,0.06415929203539823
2,MECR,7.0961766,1.3440644,1.2825540834964519e-12,2.312451330544514e-11,0.43902439024390244,0.140117994100295
2,DPH3,7.0925474,1.2129984,1.3166538598352205e-12,2.3727645457325904e-11,0.445993031358885,0.140117994100295
2,SPCS3,7.083851,1.0548228,1.4020257230742387e-12,2.5216483287587328e-11,0.519163763066202,0.20870206489675516
2,LMNB1,7.075771,1.3489999,1.4862021977775322e-12,2.6678021893504394e-11,0.42160278745644597,0.12831858407079647
2,MTERF3,7.068718,1.852604,1.5637170326883367e-12,2.804194371064469e-11,0.3519163763066202,0.0700589970501475
2,PLK4,7.0594735,2.47702,1.6713453430626287e-12,2.9884177284531156e-11,0.3170731707317073,0.04424778761061947
2,GEMIN6,7.0593367,1.8620803,1.6729932500254921e-12,2.989903610555813e-11,0.3519163763066202,0.07079646017699115
2,HMMR,7.0580354,2.8581553,1.688728078434895e-12,3.015079824331493e-11,0.29965156794425085,0.03023598820058997
2,AFG3L2,7.0526943,1.054803,1.7548591051450684e-12,3.1316235059685346e-11,0.49825783972125437,0.1851032448377581
2,SRRT,7.0446143,1.0915427,1.8597595644071015e-12,3.317205644096702e-11,0.4912891986062718,0.17846607669616518
2,C5orf30,7.043998,1.4648211,1.8680082998487896e-12,3.330295751717757e-11,0.3867595818815331,0.0943952802359882
2,CHAMP1,7.0332475,1.5353171,2.0178132914924132e-12,3.590373567424104e-11,0.37630662020905925,0.08775811209439528
2,HS2ST1,7.027221,1.0419416,2.1068698760995995e-12,3.7470138160894775e-11,0.5017421602787456,0.18805309734513273
2,OAF,7.0268106,1.6915731,2.1130803825090438e-12,3.756233855279918e-11,0.3623693379790941,0.07890855457227139
2,PML,7.021812,1.4024907,2.1900950163556953e-12,3.891246004545379e-11,0.4146341463414634,0.12315634218289086
2,POLR1A,7.0197573,1.017574,2.2225371078721776e-12,3.946971406367277e-11,0.4912891986062718,0.17846607669616518
2,LCLAT1,7.017087,1.1726755,2.265417304421742e-12,4.021170647872947e-11,0.4738675958188153,0.1696165191740413
2,TP53RK,7.01695,1.4109173,2.267638026770753e-12,4.0231613871951686e-11,0.3902439024390244,0.09955752212389381
2,MTHFR,7.014485,2.3807254,2.30797808879076e-12,4.090765425076543e-11,0.313588850174216,0.04056047197640118
2,RFWD3,7.0003786,1.1726798,2.5527150552808624e-12,4.515801050668673e-11,0.43902439024390244,0.137905604719764
2,CDCA3,6.997845,2.8625073,2.599292012981895e-12,4.595975215804364e-11,0.29965156794425085,0.032448377581120944
2,APC,6.9911346,1.1429827,2.726722722595304e-12,4.8119950997931876e-11,0.47038327526132406,0.16371681415929204
2,PYCR3,6.984561,2.5594714,2.8574856905021443e-12,5.0379014334329955e-11,0.30662020905923343,0.03687315634218289
2,RAE1,6.9750423,1.2321813,3.057781927151395e-12,5.3806671305609713e-11,0.43902439024390244,0.14085545722713863
2,TIMM29,6.972783,1.5242612,3.1073202919651475e-12,5.459963034383887e-11,0.37630662020905925,0.08997050147492626
2,SMAP2,6.9712763,1.112384,3.1407821901437087e-12,5.516111753428497e-11,0.43902439024390244,0.13569321533923304
2,VIRMA,6.9705915,1.0491556,3.1561087087125234e-12,5.5403709759034565e-11,0.4912891986062718,0.17699115044247787
2,IVD,6.9684005,1.0697774,3.205648049605506e-12,5.6246368295115596e-11,0.5052264808362369,0.1902654867256637
2,SLC1A5,6.9679894,2.2173784,3.2150211908840044e-12,5.638380000361545e-11,0.3240418118466899,0.05235988200589971
2,COMTD1,6.9537463,1.880838,3.557105201064498e-12,6.220430361402851e-11,0.34494773519163763,0.07079646017699115
2,PPME1,6.9503226,1.0716151,3.644515450201477e-12,6.367203340946265e-11,0.4634146341463415,0.15486725663716813
2,OIP5,6.9479947,1.9816939,3.705153798923977e-12,6.47005411232903e-11,0.33797909407665505,0.06415929203539823
2,ABHD2,6.94101,1.0493693,3.893065494969137e-12,6.788474996730128e-11,0.49477351916376305,0.17994100294985252
2,SLC2A1,6.940531,2.422646,3.906298624435147e-12,6.808306473950038e-11,0.313588850174216,0.043510324483775814
2,GNPNAT1,6.9360113,1.5511473,4.033256104979175e-12,7.019553338009643e-11,0.36585365853658536,0.08259587020648967
2,POC1A,6.9327927,1.9388679,4.1261224471975545e-12,7.170950032757725e-11,0.34494773519163763,0.07079646017699115
2,DAXX,6.9316287,1.3224431,4.16022600996506e-12,7.223360160850624e-11,0.41114982578397213,0.12020648967551623
2,GET1,6.930396,1.1083106,4.196636865601188e-12,7.283124984251734e-11,0.46689895470383275,0.1607669616519174
2,ATP11A,6.928958,1.9978235,4.239511170441052e-12,7.354044945465068e-11,0.3344947735191638,0.061946902654867256
2,SPC25,6.9227953,2.0325012,4.4281734773299716e-12,7.670401204153066e-11,0.3310104529616725,0.06047197640117994
2,UBTF,6.9103327,1.1341957,4.835184411353799e-12,8.339895600375136e-11,0.4634146341463415,0.16297935103244837
2,MRS2,6.9062243,1.5477377,4.9772347211911016e-12,8.57682523683218e-11,0.36585365853658536,0.08333333333333333
2,SHLD1,6.9023895,1.0932769,5.113501322419282e-12,8.803351923888436e-11,0.47735191637630664,0.17182890855457228
2,TMEM68,6.9014306,1.2979046,5.148135345520053e-12,8.85881061501549e-11,0.4076655052264808,0.11504424778761062
2,NUP155,6.891091,1.7101998,5.53661449045442e-12,9.496046249537123e-11,0.3623693379790941,0.08628318584070796
2,PCYT2,6.8868456,1.9341481,5.704316277056356e-12,9.774516856579573e-11,0.34146341463414637,0.06932153392330384
2,GON7,6.8860235,1.2645801,5.737344973980711e-12,9.821915967851638e-11,0.42857142857142855,0.13716814159292035
2,C17orf99,6.8791075,5.23809,6.02286643496716e-12,1.0301071700291263e-10,0.26480836236933797,0.0058997050147492625
2,SPC24,6.8726707,2.4322915,6.3010851468018045e-12,1.0751795685691975e-10,0.31010452961672474,0.04498525073746313
2,AC084864.2,6.8711643,26.937359,6.367997270668038e-12,1.0860907180974876e-10,0.2578397212543554,0.0
2,CEP192,6.860756,1.1902893,6.8497077604611095e-12,1.1666177465827691e-10,0.42160278745644597,0.1290560471976401
2,CCDC86,6.8571267,1.5101172,7.025928576429161e-12,1.1949628802318016e-10,0.3832752613240418,0.10250737463126844
2,FDX2,6.849663,1.1952486,7.402423067147326e-12,1.2578277004673132e-10,0.4181184668989547,0.1261061946902655
2,C1orf131,6.843021,1.323166,7.754044986604974e-12,1.3169642717156784e-10,0.39372822299651566,0.1084070796460177
2,MITD1,6.840419,1.0640541,7.896210835446504e-12,1.3398665405107904e-10,0.46689895470383275,0.16297935103244837
2,FRAT2,6.8195333,2.2848341,9.133668527640413e-12,1.543404440351647e-10,0.31010452961672474,0.04498525073746313
2,GSR,6.818643,1.9302037,9.190433947786736e-12,1.5522799858003798e-10,0.32752613240418116,0.05825958702064897
2,CNP,6.8140554,1.2758,9.488520235121723e-12,1.6018880494727408e-10,0.4250871080139373,0.140117994100295
2,GCAT,6.8113847,1.1893648,9.66637320201734e-12,1.6311614825589517e-10,0.44947735191637633,0.1570796460176991
2,MED11,6.810084,2.3187168,9.754198622966578e-12,1.644465333022569e-10,0.31010452961672474,0.04424778761061947
2,NUP85,6.806934,1.3832467,9.970078814558187e-12,1.6800868079725793e-10,0.3902439024390244,0.10914454277286136
2,PDE3B,6.8020034,1.6535497,1.0317408440179098e-11,1.7354203415394997e-10,0.34494773519163763,0.07374631268436578
2,PTPA,6.795019,1.4059086,1.0829829318622346e-11,1.819938397111554e-10,0.3902439024390244,0.11061946902654868
2,PPRC1,6.7860484,1.5147666,1.1524635696553235e-11,1.9313790802634842e-10,0.3623693379790941,0.08628318584070796
2,AURKB,6.784063,2.008686,1.1684251868051313e-11,1.9572325062816755e-10,0.3240418118466899,0.059734513274336286
2,METAP1,6.7825565,1.2920147,1.1806782569032217e-11,1.9768529222742368e-10,0.40069686411149824,0.11504424778761062
2,JOSD2,6.7757087,1.4425007,1.2379789817455837e-11,2.065235583904745e-10,0.37282229965156793,0.0943952802359882
2,LNX2,6.7757087,1.7240362,1.2379789817455837e-11,2.065235583904745e-10,0.34146341463414637,0.0700589970501475
2,TANC2,6.742018,1.2539898,1.562012319507296e-11,2.596331194654248e-10,0.42857142857142855,0.14749262536873156
2,METTL1,6.7277756,1.4700501,1.72276523921059e-11,2.858337738909646e-10,0.37630662020905925,0.09882005899705015
2,BOLA2B,6.7264743,2.5208797,1.7382322788683205e-11,2.881387664803415e-10,0.2926829268292683,0.033185840707964605
2,GDE1,6.722297,1.005462,1.788814357238755e-11,2.959873159552246e-10,0.5052264808362369,0.19985250737463126
2,UBXN8,6.721818,2.1844454,1.7947102431873354e-11,2.9682869232218555e-10,0.313588850174216,0.05088495575221239
2,WEE1,6.71545,2.4858465,1.8748704699923413e-11,3.0924801294362185e-10,0.30313588850174217,0.043510324483775814
2,FLAD1,6.713806,1.3753786,1.8961196435251437e-11,3.126120498768639e-10,0.3867595818815331,0.10914454277286136
2,FAM104B,6.7043567,1.1085558,2.022956842844854e-11,3.32624633445483e-10,0.43205574912891986,0.13864306784660768
2,AAAS,6.701001,1.3051426,2.0699622354165223e-11,3.3974299452233247e-10,0.41114982578397213,0.13053097345132744
2,SMUG1,6.695249,1.5060133,2.1530427378702477e-11,3.5290424204562893e-10,0.3623693379790941,0.08923303834808259
2,RMND5B,6.6910725,1.3923001,2.2154124086319294e-11,3.6296468025218107e-10,0.3588850174216028,0.084070796460177
2,REPS2,6.6875114,2.7399526,2.2699738763508107e-11,3.7173742214011646e-10,0.289198606271777,0.032448377581120944
2,COL6A6,6.680938,3.3664815,2.3741800385642328e-11,3.882813386572363e-10,0.27526132404181186,0.021386430678466076
2,DOHH,6.6751857,1.9360033,2.4691913731394484e-11,4.034592564655221e-10,0.3240418118466899,0.06047197640117994
2,DDX56,6.6709404,1.2883484,2.5416963981515234e-11,4.147509133693442e-10,0.40418118466898956,0.12389380530973451
2,MRFAP1L1,6.6683383,1.611006,2.587160753574019e-11,4.217936335927068e-10,0.34494773519163763,0.0752212389380531
2,COQ9,6.6683383,1.2383714,2.587160753574019e-11,4.217936335927068e-10,0.42160278745644597,0.1364306784660767
2,LAS1L,6.6651196,1.2078459,2.6444952526002678e-11,4.309491128246768e-10,0.41114982578397213,0.1261061946902655
2,TRIT1,6.6643667,1.4398197,2.6580925265698152e-11,4.3297216094784963e-10,0.3693379790940767,0.0943952802359882
2,CDC7,6.6607375,1.3302662,2.724571810014963e-11,4.4340619305628126e-10,0.3832752613240418,0.10398230088495575
2,TACO1,6.6599154,1.5038477,2.7398481827257775e-11,4.456941481597608e-10,0.3623693379790941,0.09070796460176991
2,MLC1,6.650466,1.1429425,2.921666248035533e-11,4.748486072129154e-10,0.40418118466898956,0.1187315634218289
2,RCCD1,6.6489596,1.6409366,2.951722811053277e-11,4.795206684747493e-10,0.34494773519163763,0.07669616519174041
2,GTF3C5,6.6467,1.139432,2.9973759105546734e-11,4.867211876761828e-10,0.4250871080139373,0.13716814159292035
2,GAL,6.6400576,4.667295,3.135606640171363e-11,5.084906452676653e-10,0.2578397212543554,0.007374631268436578
2,GAD1,6.637113,5.247811,3.198862137570866e-11,5.182893010058931e-10,0.25435540069686413,0.004424778761061947
2,TOR2A,6.6363597,1.2864633,3.215243343911204e-11,5.207129275685575e-10,0.41114982578397213,0.13053097345132744
2,PUDP,6.6273894,1.3072392,3.4167524438617304e-11,5.53102858017617e-10,0.39372822299651566,0.11799410029498525
2,FANCB,6.625883,1.5974535,3.45178460231292e-11,5.585268268313669e-10,0.3554006968641115,0.08702064896755163
2,TEDC2,6.6236234,2.2181506,3.5049928503535117e-11,5.661352308728548e-10,0.30313588850174217,0.04424778761061947
2,PDXP,6.6157484,1.7324646,3.6967626732354083e-11,5.963208929179778e-10,0.33797909407665505,0.07300884955752213
2,SEMA4D,6.6125984,1.4118288,3.776312755088209e-11,6.083486934374275e-10,0.3797909407665505,0.10619469026548672
2,RPL39L,6.60534,1.5613632,3.966055336875992e-11,6.380729291648271e-10,0.36585365853658536,0.09955752212389381
2,MCAT,6.6045184,1.2761631,3.98811467594926e-11,6.413400055115065e-10,0.397212543554007,0.11799410029498525
2,SH3GLB2,6.60041,2.0130649,4.100224812964339e-11,6.590791760180402e-10,0.3170731707317073,0.05752212389380531
2,CDK2,6.5953426,1.8609782,4.2427471498562153e-11,6.81689150271674e-10,0.3310104529616725,0.0700589970501475
2,RANGAP1,6.5752106,1.8951472,4.8584315312285017e-11,7.795854996689802e-10,0.3240418118466899,0.06415929203539823
2,CHMP1A,6.5737042,1.0774463,4.907867330978488e-11,7.868280866453948e-10,0.43205574912891986,0.1430678466076696
2,DCUN1D1,6.5527506,1.1941061,5.648682919346537e-11,9.016460686044597e-10,0.42857142857142855,0.14601769911504425
2,ATRN,6.5500116,1.4658798,5.7532647448180586e-11,9.179391583482378e-10,0.3519163763066202,0.08480825958702065
2,AP3D1,6.544191,1.086012,5.981828851675634e-11,9.531602864613839e-10,0.4529616724738676,0.16666666666666666
2,POMGNT2,6.540151,3.5758586,6.145676844336988e-11,9.784163470186085e-10,0.26480836236933797,0.016224188790560472
2,TSPAN5,6.5246067,1.8234262,6.818011542986411e-11,1.0830991340488092e-09,0.33797909407665505,0.0803834808259587
2,MINDY3,6.516321,1.748244,7.205256452261087e-11,1.1426325451005546e-09,0.3240418118466899,0.06415929203539823
2,CNOT9,6.5127606,1.2512656,7.378209125954661e-11,1.1690468927232316e-09,0.4181184668989547,0.14749262536873156
2,AGPAT3,6.5124183,1.2685322,7.395051570596332e-11,1.1712084921479722e-09,0.37282229965156793,0.10029498525073746
2,MOGS,6.5113225,1.548808,7.449200442017537e-11,1.1792741582105704e-09,0.3519163763066202,0.08702064896755163
2,PTGES2,6.5083094,1.3318894,7.600116946713697e-11,1.2021256714203458e-09,0.40069686411149824,0.13200589970501475
2,KMT5A,6.5060496,2.282938,7.715262424323501e-11,1.2187583944439554e-09,0.2961672473867596,0.043510324483775814
2,SLC37A4,6.5037217,1.4265631,7.835681066433307e-11,1.2367130776736762e-09,0.36585365853658536,0.09808259587020648
2,DBF4,6.501599,1.0683699,7.947075061978984e-11,1.2526739635809336e-09,0.43902439024390244,0.1556047197640118
2,ATP23,6.4783173,1.2228832,9.275130058869813e-11,1.4588699410601375e-09,0.41114982578397213,0.1364306784660767
2,NUDT22,6.474414,1.0985255,9.518065633005677e-11,1.4964378016908967e-09,0.42857142857142855,0.14528023598820058
2,CDCA2,6.4697576,3.4421833,9.816029363408257e-11,1.5406367527019966e-09,0.26480836236933797,0.019174041297935103
2,ALDH4A1,6.469073,3.1190329,9.860609731807177e-11,1.5469703248773016e-09,0.2682926829268293,0.021386430678466076
2,GSS,6.4681826,1.0222152,9.918860227323273e-11,1.555442173008822e-09,0.45993031358885017,0.1747787610619469
2,SLC20A1,6.4629097,1.3571383,1.0270843064344619e-10,1.6092599614643724e-09,0.36585365853658536,0.09955752212389381
2,COMMD5,6.4570208,1.5088389,1.067840920788727e-10,1.6716871489216505e-09,0.3519163763066202,0.08849557522123894
2,ZNF273,6.45661,1.2856002,1.0707426737678497e-10,1.6755131510293745e-09,0.3797909407665505,0.11061946902654868
2,NUDT19,6.4516115,1.6860142,1.106670705364133e-10,1.7309937814971207e-09,0.3344947735191638,0.07595870206489676
2,PCSK7,6.4505157,1.0460094,1.114701383959021e-10,1.7428101390125642e-09,0.42857142857142855,0.14380530973451328
2,NCAPH2,6.4404497,1.4320946,1.1911996870414376e-10,1.8552808402299426e-09,0.36585365853658536,0.10176991150442478
2,KATNA1,6.435862,1.1979206,1.227746417694377e-10,1.910575962331288e-09,0.3832752613240418,0.11135693215339233
2,SMYD2,6.426481,1.7315563,1.3059203196118959e-10,2.0305008333948602e-09,0.3240418118466899,0.06784660766961652
2,NOC4L,6.4153876,1.5842768,1.404650843125489e-10,2.1803064253280755e-09,0.33797909407665505,0.07890855457227139
2,TMEM251,6.4107995,1.5298659,1.4475834690189933e-10,2.244091594644819e-09,0.34843205574912894,0.08775811209439528
2,BRCA1,6.408129,1.4503909,1.4731618068246594e-10,2.2808458245173165e-09,0.3588850174216028,0.09955752212389381
2,ACADS,6.405253,1.307217,1.5012016671193458e-10,2.322294261125747e-09,0.3797909407665505,0.11283185840707964
2,WDR36,6.4011445,1.1662056,1.5421652815701586e-10,2.382642105139273e-09,0.4076655052264808,0.13200589970501475
2,TOR3A,6.398063,1.1028718,1.573602824811943e-10,2.4271149174438232e-09,0.43902439024390244,0.16002949852507375
2,TBL3,6.396077,1.8015867,1.594193490259371e-10,2.4578380765367838e-09,0.3170731707317073,0.06415929203539823
2,BUB1B,6.391832,2.6775906,1.6391019433314666e-10,2.5238860003313003e-09,0.27526132404181186,0.029498525073746312
2,TMEM199,6.39101,1.5684284,1.6479355738339965e-10,2.5353547683017278e-09,0.34146341463414637,0.08259587020648967
2,DDX23,6.3877916,1.6260576,1.6829840458558283e-10,2.588189036233999e-09,0.3344947735191638,0.07890855457227139
2,IFT22,6.382108,1.4019853,1.7466653060463592e-10,2.6827401119010824e-09,0.36585365853658536,0.10103244837758112
2,GBF1,6.381834,1.1010209,1.749793028723672e-10,2.686416721657514e-09,0.3867595818815331,0.11430678466076696
2,C8orf88,6.3628664,1.0727767,1.980229636210603e-10,3.037652343459526e-09,0.4529616724738676,0.1762536873156342
2,RPUSD1,6.356224,1.25673,2.0677318648925853e-10,3.166571296524415e-09,0.3867595818815331,0.1187315634218289
2,C16orf91,6.348144,1.1890202,2.179280323933513e-10,3.3360033097570266e-09,0.3797909407665505,0.11061946902654868
2,CXXC1,6.345405,1.0694963,2.218411026162095e-10,3.3930656902866208e-09,0.41114982578397213,0.13495575221238937
2,NUF2,6.344446,1.8276248,2.2322682549955315e-10,3.4128341855092505e-09,0.313588850174216,0.061946902654867256
2,TBC1D7,6.341228,1.362087,2.2794101483532942e-10,3.4834526446713534e-09,0.37630662020905925,0.11578171091445427
2,CENPE,6.331573,2.0299876,2.4267461987057116e-10,3.7024317473458836e-09,0.29965156794425085,0.05235988200589971
2,GRK4,6.3308196,1.2194171,2.438623896669786e-10,3.7174541125368944e-09,0.3902439024390244,0.12315634218289086
2,LARP4,6.3273273,1.234749,2.49443925961173e-10,3.797794148962102e-09,0.3867595818815331,0.12094395280235988
2,DHRS13,6.3220544,1.6975349,2.5810809957366803e-10,3.928072579000342e-09,0.32752613240418116,0.07448377581120944
2,PIEZO1,6.3133583,1.187462,2.7304457819537666e-10,4.148486760701113e-09,0.397212543554007,0.13126843657817108
2,LRRC47,6.3117146,1.032731,2.759605518327811e-10,4.191050687813951e-09,0.4355400696864111,0.15486725663716813
2,UBAP2L,6.309455,1.0314386,2.800197231168828e-10,4.249171594444871e-09,0.4181184668989547,0.14085545722713863
2,USP7,6.3089757,1.049556,2.8088822552527396e-10,4.260584311003129e-09,0.397212543554007,0.12389380530973451
2,AREL1,6.308428,1.6000266,2.818840210707749e-10,4.27391758708013e-09,0.32752613240418116,0.07374631268436578
2,TAF10,6.301443,1.1251055,2.9488661514375496e-10,4.459977273089494e-09,0.397212543554007,0.12536873156342182
2,TBC1D14,6.2998,1.4988482,2.9803014280994325e-10,4.5037990326121935e-09,0.33797909407665505,0.08185840707964602
2,GNG2,6.2962394,1.7359682,3.0495379218211667e-10,4.6027273186217115e-09,0.313588850174216,0.06342182890855458
2,TCF3,6.2962394,1.3136946,3.0495379218211667e-10,4.6027273186217115e-09,0.3554006968641115,0.09587020648967552
2,TMEM237,6.2947326,1.5460417,3.079300850035333e-10,4.643819135234578e-09,0.34146341463414637,0.08702064896755163
2,RPRD1B,6.2898026,1.3184991,3.178703498800742e-10,4.789778787962369e-09,0.3519163763066202,0.09365781710914454
2,ANAPC7,6.2887754,1.0419071,3.199803304945353e-10,4.81958850881913e-09,0.43902439024390244,0.16150442477876106
2,WDR7,6.2885013,1.1554434,3.205452977298749e-10,4.826112070016928e-09,0.397212543554007,0.12979351032448377
2,CSF2RB,6.286858,3.2190037,3.2395561178174577e-10,4.873448149126049e-09,0.26480836236933797,0.025811209439528023
2,ASNSD1,6.2751484,1.1533924,3.493007347365062e-10,5.250413220571196e-09,0.40069686411149824,0.13274336283185842
2,IL15RA,6.268369,1.6955215,3.6484850032420173e-10,5.479614263588882e-09,0.313588850174216,0.06415929203539823
2,USP18,6.262412,1.9823883,3.7906791675055843e-10,5.688505461659364e-09,0.29965156794425085,0.05309734513274336
2,BYSL,6.2589884,2.1219525,3.8748331264078703e-10,5.812408494248134e-09,0.2961672473867596,0.05235988200589971
2,MCMBP,6.257824,1.0727754,3.903858804724258e-10,5.853549205723579e-09,0.41114982578397213,0.140117994100295
2,KIAA1841,6.2413898,2.1524463,4.336999528357237e-10,6.487066601446803e-09,0.289198606271777,0.046460176991150445
2,DDX55,6.235912,1.2804457,4.491543910649037e-10,6.707262287787247e-09,0.36585365853658536,0.10545722713864307
2,ANKRD39,6.2147527,1.1675125,5.140557801652147e-10,7.63284203238419e-09,0.3832752613240418,0.11799410029498525
2,RABIF,6.207152,1.2393628,5.395349428693935e-10,7.998184869972731e-09,0.3693379790940767,0.10988200589970501
2,SQLE,6.201263,1.0027959,5.601188848913446e-10,8.29996409146077e-09,0.42160278745644597,0.15265486725663716
2,SLC25A17,6.200304,1.5365046,5.63541499214609e-10,8.347301664408703e-09,0.3310104529616725,0.08112094395280237
2,METTL2A,6.1859927,1.663447,6.17128863086034e-10,9.111550430743014e-09,0.3170731707317073,0.06858407079646017
2,CIT,6.183459,2.1248233,6.271201642557337e-10,9.251602229715482e-09,0.2926829268292683,0.05235988200589971
2,RBM18,6.1829114,1.4638046,6.293011057389824e-10,9.280036168876912e-09,0.34843205574912894,0.09734513274336283
2,SIKE1,6.174146,1.0973089,6.652193112931456e-10,9.778189563309407e-09,0.397212543554007,0.13053097345132744
2,SPNS1,6.165587,1.0230956,7.02222504371522e-10,1.0301421195391614e-08,0.4146341463414634,0.14601769911504425
2,AL121658.1,6.1547675,3.0962944,7.518769389600886e-10,1.1007779137151281e-08,0.2578397212543554,0.022861356932153392
2,SKA3,6.1517544,1.852375,7.66303866662494e-10,1.1201073412026335e-08,0.30313588850174217,0.0612094395280236
2,PELP1,6.1495633,1.3182715,7.769654196888219e-10,1.1347849691153459e-08,0.3519163763066202,0.09734513274336283
2,SGMS1,6.1489472,1.0296422,7.799899597873945e-10,1.1387480063094706e-08,0.4076655052264808,0.13938053097345132
2,THAP7,6.1473036,1.0900676,7.881116557039952e-10,1.1487723899013114e-08,0.39372822299651566,0.12684365781710916
2,DEPDC1B,6.142031,1.2761718,8.147295449000773e-10,1.186626186744438e-08,0.3588850174216028,0.10471976401179942
2,NELFB,6.141209,1.8748848,8.189559953328231e-10,1.1923074138892864e-08,0.30313588850174217,0.0612094395280236
2,POM121,6.1351833,1.0298408,8.506101359988534e-10,1.2354437137973822e-08,0.3902439024390244,0.12684365781710916
2,HSPA14-1,6.1349096,1.1537043,8.520769619947703e-10,1.2370832560876868e-08,0.40069686411149824,0.13864306784660768
2,ARHGAP11A,6.1287465,2.732811,8.857404463884112e-10,1.2849380134071437e-08,0.2682926829268293,0.033185840707964605
2,UAP1,6.1121755,1.0478209,9.828206073603676e-10,1.4223889699484703e-08,0.4146341463414634,0.1467551622418879
2,RFT1,6.110806,1.4248495,9.912927195086708e-10,1.434083194732682e-08,0.34146341463414637,0.09144542772861357
2,TXNDC16,6.107656,1.229121,1.0110497379546417e-09,1.4609329435009018e-08,0.3623693379790941,0.10619469026548672
2,CLPTM1L,6.104985,1.5283644,1.0281005846831615e-09,1.482644188336816e-08,0.32752613240418116,0.0803834808259587
2,CLPTM1,6.10478,1.1033778,1.0294237404674204e-09,1.4839676378435625e-08,0.3867595818815331,0.12463126843657817
2,HGH1,6.102178,2.0855508,1.0463281155184551e-09,1.5065560722301724e-08,0.289198606271777,0.05088495575221239
2,ALKBH2,6.099028,1.1085141,1.0671536924616532e-09,1.535333816736988e-08,0.40069686411149824,0.13569321533923304
2,BMS1,6.096426,1.368597,1.0846617824998218e-09,1.558073230034379e-08,0.3519163763066202,0.10176991150442478
2,ZFYVE21,6.096426,1.387968,1.0846617824998218e-09,1.558073230034379e-08,0.3344947735191638,0.084070796460177
2,NF2,6.093139,1.040439,1.1071779639404017e-09,1.5866805269452877e-08,0.3867595818815331,0.1224188790560472
2,PPARA,6.0739655,1.2839111,1.247893428917781e-09,1.779281160569525e-08,0.33797909407665505,0.08775811209439528
2,DHODH,6.067803,1.4255129,1.2967188863587388e-09,1.8467396093235878e-08,0.32752613240418116,0.0803834808259587
2,C8orf82,6.059928,1.3597008,1.361823516377038e-09,1.935693301860814e-08,0.34146341463414637,0.09144542772861357
2,FBXO9,6.048082,1.2590736,1.4658052908247678e-09,2.079455017421602e-08,0.3623693379790941,0.10914454277286136
2,ACSL4,6.0349345,1.1772593,1.5902728045620539e-09,2.2499255863848368e-08,0.37630662020905925,0.12094395280235988
2,SMNDC1,6.0339756,1.046012,1.5997410016202237e-09,2.2624466924382462e-08,0.3797909407665505,0.1187315634218289
2,CCDC69,6.0313053,1.1728607,1.6264073005625338e-09,2.299271286515616e-08,0.3554006968641115,0.10398230088495575
2,HEATR1,6.027881,1.0758792,1.661229204104651e-09,2.3448765946561636e-08,0.3902439024390244,0.13126843657817108
2,GOLM1,6.027813,1.7380041,1.6619330001479588e-09,2.344965679969755e-08,0.30662020905923343,0.06637168141592921
2,RPS6KL1,6.0226088,2.0169194,1.7162802716953019e-09,2.4197832906132413e-08,0.28222996515679444,0.046460176991150445
2,ENDOG,6.012337,2.3138762,1.8286734479250707e-09,2.5723011862992128e-08,0.27526132404181186,0.04277286135693215
2,RRP36,6.0041203,1.9746565,1.923722022354944e-09,2.6997756802229027e-08,0.289198606271777,0.05457227138643068
2,MNS1,5.991452,1.3921198,2.0797560759623935e-09,2.9120563173794785e-08,0.34843205574912894,0.10545722713864307
2,GBGT1,5.990014,1.4285188,2.098228661776072e-09,2.936797982778815e-08,0.32752613240418116,0.084070796460177
2,IMPDH1,5.9861794,1.0380598,2.1482738048171037e-09,3.005694553903319e-08,0.39372822299651566,0.13421828908554573
2,MFSD14B,5.98481,1.0229537,2.1664273450432177e-09,3.029935317383523e-08,0.4146341463414634,0.1556047197640118
2,UMPS,5.9807696,1.0531379,2.220855286265742e-09,3.1013172198631214e-08,0.397212543554007,0.13716814159292035
2,E2F1,5.9802904,1.9475695,2.227400564073776e-09,3.109271092511986e-08,0.2926829268292683,0.05825958702064897
2,SGO1,5.976045,1.803381,2.2861992554811866e-09,3.190132632476817e-08,0.2857142857142857,0.05014749262536873
2,CDK5RAP1,5.974128,1.0500859,2.3132465091504773e-09,3.226643882675938e-08,0.397212543554007,0.13864306784660768
2,CBY1,5.9633083,1.7630142,2.471812408235367e-09,3.442572524879097e-08,0.2926829268292683,0.05604719764011799
2,PDCD2L,5.9630346,1.9497209,2.475961092855436e-09,3.447038872559978e-08,0.2857142857142857,0.051622418879056046
2,ZDHHC16,5.9595423,1.3187966,2.529454984292924e-09,3.520174215973586e-08,0.34843205574912894,0.10176991150442478
2,CCDC50,5.950298,2.1933267,2.6765479221868638e-09,3.720635415873961e-08,0.2682926829268293,0.03761061946902655
2,TIMM10B,5.94975,1.0565367,2.6855212145605878e-09,3.731691798562341e-08,0.3867595818815331,0.1290560471976401
2,TRIP13,5.9492025,2.286471,2.6945238015224184e-09,3.7427804804372695e-08,0.27177700348432055,0.04129793510324484
2,UBR7,5.9461207,1.247491,2.7457136102488926e-09,3.809547530277472e-08,0.3519163763066202,0.10693215339233038
2,DHX35,5.9446144,1.0997536,2.771083196790467e-09,3.8432897342071954e-08,0.3867595818815331,0.13126843657817108
2,THOP1,5.942286,1.15477,2.810740338398364e-09,3.895339156596688e-08,0.3554006968641115,0.10471976401179942
2,GEMIN2,5.9355755,1.7906454,2.928163631940414e-09,4.05346887642402e-08,0.2926829268292683,0.056784660766961655
2,ZGPAT,5.9207163,1.300438,3.2054242920377257e-09,4.427235264636709e-08,0.3310104529616725,0.08702064896755163
2,TMEM203,5.915375,1.0821877,3.3111999573000723e-09,4.5647167471615804e-08,0.39372822299651566,0.13716814159292035
2,MICAL3,5.915033,1.2140899,3.318095139319114e-09,4.572500007312458e-08,0.3554006968641115,0.10988200589970501
2,NUP133,5.906131,1.056264,3.502357666648499e-09,4.820977546333273e-08,0.37630662020905925,0.12315634218289086
2,SLC11A1,5.903871,2.473035,3.5506947965712468e-09,4.8856759492219625e-08,0.2613240418118467,0.033185840707964605
2,RAD17,5.9036655,1.2298982,3.5551211458170572e-09,4.8899281870744126e-08,0.34146341463414637,0.09513274336283185
2,BROX,5.903392,1.0653039,3.5610313014840655e-09,4.896217380376344e-08,0.3867595818815331,0.13200589970501475
2,CHCHD4,5.899009,1.363245,3.656904806165546e-09,5.024263243636079e-08,0.32752613240418116,0.08480825958702065
2,CHUK,5.8950377,1.4269769,3.7459572591024085e-09,5.1408242084892114e-08,0.3205574912891986,0.0803834808259587
2,TNPO2,5.893052,1.3966393,3.791271565867983e-09,5.19716593941326e-08,0.3205574912891986,0.08112094395280237
2,CENPS,5.892915,1.2059497,3.79441628283832e-09,5.1995294035254727e-08,0.3554006968641115,0.10766961651917405
2,NCLN,5.891203,1.3587742,3.833940114937259e-09,5.251723134237223e-08,0.34146341463414637,0.10103244837758112
2,HCFC1,5.8895597,1.4235483,3.87225984862541e-09,5.300246175001445e-08,0.3344947735191638,0.09660766961651918
2,C5orf24,5.881959,1.0524029,4.054392272240311e-09,5.543325048795952e-08,0.41114982578397213,0.1541297935103245
2,GCDH,5.8757277,1.0134714,4.209903687388392e-09,5.7495031664963625e-08,0.397212543554007,0.14233038348082597
2,ATF5,5.874563,1.50466,4.239591956364799e-09,5.787889041212533e-08,0.30313588850174217,0.06710914454277286
2,DLAT,5.864977,1.5065928,4.491956317943401e-09,6.123280938288508e-08,0.31010452961672474,0.07300884955752213
2,EMC9,5.864155,1.6054497,4.5142553840509e-09,6.151387241684548e-08,0.30313588850174217,0.06784660766961652
2,AC246817.1,5.85854,1.4177384,4.669541523296321e-09,6.3488071803183e-08,0.3170731707317073,0.0803834808259587
2,ZNF622,5.847036,1.2141749,5.004091873309077e-09,6.793574430822905e-08,0.34843205574912894,0.10250737463126844
2,TMEM222,5.84101,1.0615046,5.188525183201096e-09,7.036132279745954e-08,0.3902439024390244,0.1364306784660767
2,KLHL8,5.8360114,1.1917672,5.34652499040801e-09,7.242344973128186e-08,0.34843205574912894,0.10545722713864307
2,UBA5,5.8296432,1.0239595,5.554604929328567e-09,7.521424159021638e-08,0.39372822299651566,0.1415929203539823
2,MSL3,5.828821,1.2026511,5.5820212130336195e-09,7.55016845595874e-08,0.33797909407665505,0.09365781710914454
2,CDCA8,5.825055,2.249856,5.7093727850427164e-09,7.716719102856294e-08,0.2682926829268293,0.043510324483775814
2,CCDC169,5.8247128,2.5827775,5.721089366132296e-09,7.726848409218013e-08,0.25435540069686413,0.03023598820058997
2,ZNF749,5.8130035,1.2508429,6.136181377264133e-09,8.266116105603405e-08,0.34843205574912894,0.10693215339233038
2,HIRA,5.810812,2.1169653,6.217048729695004e-09,8.37197205870371e-08,0.26480836236933797,0.03908554572271387
2,MOSPD1,5.7986236,1.7436789,6.686148446265977e-09,8.993741980219811e-08,0.2857142857142857,0.05530973451327434
2,STYX,5.794857,1.8590238,6.8379322239914485e-09,9.194531863714584e-08,0.28222996515679444,0.05383480825958702
2,SLC35A4,5.7852707,1.0551851,7.239570022400349e-09,9.723871647334868e-08,0.3693379790940767,0.1187315634218289
2,CDK8,5.7689734,1.0221841,7.975594806757372e-09,1.0677203567012677e-07,0.36585365853658536,0.1187315634218289
2,MAP3K4,5.76822,1.0389864,8.011316069159563e-09,1.0721103453283699e-07,0.397212543554007,0.14528023598820058
2,CFAP410,5.7588387,1.4650333,8.469452533535707e-09,1.1321783498171674e-07,0.3170731707317073,0.08333333333333333
2,TIMELESS,5.7526073,2.0884585,8.78773547386092e-09,1.1730120571801005e-07,0.27177700348432055,0.04793510324483776
2,JKAMP,5.7451434,1.1049029,9.184300893630406e-09,1.2246069107751057e-07,0.3693379790940767,0.1261061946902655
2,HNRNPLL,5.7434316,1.1584959,9.27767958783274e-09,1.235707243792817e-07,0.3693379790940767,0.12536873156342182
2,LIG1,5.7376795,1.219446,9.598241276473988e-09,1.2765451633729085e-07,0.3554006968641115,0.1187315634218289
2,PNPO,5.724601,1.7864237,1.0367725105895596e-08,1.3763841371087584e-07,0.28222996515679444,0.05604719764011799
2,VPS50,5.7243953,1.4517064,1.0380277069238213e-08,1.377550837604017e-07,0.31010452961672474,0.07817109144542773
2,NLN,5.7230945,1.0172763,1.0460116506965317e-08,1.3871403053312956e-07,0.3832752613240418,0.13864306784660768
2,ABCF2,5.71385,1.6464361,1.104483438709217e-08,1.463090783213755e-07,0.2926829268292683,0.06563421828908554
2,IARS2,5.7120013,1.0059882,1.1165531677381774e-08,1.478544229102208e-07,0.3902439024390244,0.140117994100295
2,FBH1,5.7057014,1.2896932,1.1586498131919477e-08,1.5331793858509935e-07,0.3240418118466899,0.08775811209439528
2,ABCB8,5.7025514,2.2783093,1.180272519446522e-08,1.560663095529702e-07,0.2578397212543554,0.03687315634218289
2,PRRC2A,5.702141,1.0179187,1.1831216194391981e-08,1.5633008806171154e-07,0.3832752613240418,0.13569321533923304
2,EXOSC2,5.6954985,1.2558724,1.2301201112407688e-08,1.6224730159107522e-07,0.34146341463414637,0.10471976401179942
2,INTS6L,5.694745,1.2044377,1.2355629917453347e-08,1.629064879714373e-07,0.33797909407665505,0.10029498525073746
2,ALKBH4,5.69317,1.4761171,1.2470192808870358e-08,1.6429860583062058e-07,0.30662020905923343,0.07595870206489676
2,LIN9,5.6887193,1.4895805,1.2799565765448177e-08,1.684562770877989e-07,0.30662020905923343,0.07669616519174041
2,ANKRD27,5.6747503,1.1010163,1.3889119245960408e-08,1.824024591034793e-07,0.37282229965156793,0.13126843657817108
2,MOSPD3,5.671737,1.4996067,1.4135667592076243e-08,1.853078687455525e-07,0.29965156794425085,0.07079646017699115
2,FBXO5,5.668519,2.2897134,1.4403721678739806e-08,1.8875424889493575e-07,0.2578397212543554,0.03908554572271387
2,COG7,5.6657114,1.2865049,1.4641583346604142e-08,1.9152844605756192e-07,0.3205574912891986,0.08702064896755163
2,BORCS8,5.657357,1.3469605,1.537215681823993e-08,2.0079811267109195e-07,0.31010452961672474,0.07890855457227139
2,CPSF2,5.6540704,1.4912448,1.5669197544825094e-08,2.0460517279277317e-07,0.2926829268292683,0.06489675516224189
2,PLEKHF2,5.65318,1.0602198,1.575060074368895e-08,2.0552147515855944e-07,0.3693379790940767,0.12463126843657817
2,SLC41A1,5.637636,2.2995548,1.724002927275164e-08,2.243962700611603e-07,0.2508710801393728,0.032448377581120944
2,TRMT2A,5.611204,1.0717236,2.009232957677931e-08,2.601341898973115e-07,0.3623693379790941,0.1224188790560472
2,CENPA,5.608945,2.404504,2.0356408959960728e-08,2.633668873607362e-07,0.2578397212543554,0.043510324483775814
2,ADARB1,5.606685,1.5408031,2.0623856741864576e-08,2.66732784667486e-07,0.2857142857142857,0.061946902654867256
2,NUDT15,5.6064796,1.117661,2.0648338637830016e-08,2.6695508388668897e-07,0.34146341463414637,0.10398230088495575
2,SRRD,5.604768,2.3183274,2.085345459779576e-08,2.6932155671627474e-07,0.2578397212543554,0.04129793510324484
2,JADE1,5.6010013,1.0096111,2.1311696575535417e-08,2.748517992815968e-07,0.34843205574912894,0.10988200589970501
2,KNSTRN,5.594633,2.1525984,2.2108872393717466e-08,2.844312261801241e-07,0.26480836236933797,0.048672566371681415
2,PIK3R2,5.5876484,2.056314,2.3016477979120372e-08,2.9558810895220514e-07,0.2578397212543554,0.03982300884955752
2,OXNAD1,5.5846357,1.3123763,2.3419065649807768e-08,3.0065283123416843e-07,0.313588850174216,0.0855457227138643
2,IL7,5.571899,1.7899519,2.5197734498428967e-08,3.222439833602371e-07,0.2682926829268293,0.049410029498525077
2,ALG14,5.563682,1.918844,2.6414114090573432e-08,3.370930926879631e-07,0.2682926829268293,0.05014749262536873
2,INTS14,5.5624495,1.063223,2.6601417067120117e-08,3.3924685229047506e-07,0.3588850174216028,0.12168141592920353
2,SAP130,5.56108,1.190264,2.6811043156376048e-08,3.415631710986842e-07,0.33797909407665505,0.10619469026548672
2,FAM122A,5.560532,1.5852239,2.6895341661332696e-08,3.425178845325115e-07,0.2857142857142857,0.06342182890855458
2,ZHX3,5.558341,1.5433911,2.7235115021336653e-08,3.4660377082612755e-07,0.2961672473867596,0.07448377581120944
2,NELFA,5.5577245,1.0207717,2.7331424341746736e-08,3.477085374808037e-07,0.3693379790940767,0.12979351032448377
2,DCPS,5.5554647,1.0370646,2.7687393955171977e-08,3.5187024519210054e-07,0.37630662020905925,0.13569321533923304
2,UNC50,5.5525203,1.1148055,2.81579888992045e-08,3.576025509020763e-07,0.34146341463414637,0.10693215339233038
2,COX10,5.5509453,1.293783,2.8412878878177437e-08,3.607144571003026e-07,0.3170731707317073,0.08923303834808259
2,ENTR1,5.546152,1.6887373,2.9202482338555066e-08,3.698408498524062e-07,0.27526132404181186,0.05530973451327434
2,ARFRP1,5.544988,1.1936194,2.939743274827345e-08,3.7218105708044157e-07,0.3310104529616725,0.10029498525073746
2,ASRGL1,5.5427966,1.2011673,2.976782931780211e-08,3.767400832852265e-07,0.34146341463414637,0.11209439528023599
2,BUB1,5.5304027,2.2238913,3.194966658976603e-08,4.0365541831274643e-07,0.2508710801393728,0.03687315634218289
2,ORMDL2,5.5284853,1.1467897,3.2300754878123775e-08,4.076689411359339e-07,0.33797909407665505,0.10545722713864307
2,SPATA33,5.523966,1.5046582,3.314319216068981e-08,4.17581403192223e-07,0.289198606271777,0.06784660766961652
2,TUBA4A,5.5138316,1.4712725,3.511049970755935e-08,4.4160804116714076e-07,0.289198606271777,0.06858407079646017
2,C2CD5,5.487742,1.0510699,4.071040902334039e-08,5.102882468024938e-07,0.34843205574912894,0.11504424778761062
2,ARSB,5.477813,1.0954174,4.306149461015644e-08,5.375490328193507e-07,0.34146341463414637,0.11283185840707964
2,MAK16,5.4757586,1.8175199,4.356410474712211e-08,5.43637844476446e-07,0.2682926829268293,0.05235988200589971
2,SUV39H2,5.4747314,1.4304515,4.381753806718793e-08,5.464278401353136e-07,0.29965156794425085,0.07743362831858407
2,SERINC5,5.4726086,1.1903344,4.434583786169763e-08,5.52827660618527e-07,0.3310104529616725,0.10398230088495575
2,OTULIN,5.472266,1.8193907,4.443162381224131e-08,5.537084995409753e-07,0.26480836236933797,0.05088495575221239
2,L2HGDH,5.4676785,1.7315542,4.5596794021410414e-08,5.676490673393342e-07,0.27526132404181186,0.058997050147492625
2,POLD3,5.4617896,1.2625258,4.713586426108693e-08,5.862112700713703e-07,0.3170731707317073,0.09292035398230089
2,MINCR,5.457407,1.2199425,4.8313781360764784e-08,5.996380846338934e-07,0.3240418118466899,0.09882005899705015
2,RBM19,5.4564486,1.29721,4.857522845390993e-08,6.026786225903585e-07,0.30313588850174217,0.0803834808259587
2,SKP2,5.454257,1.2396045,4.917798194893773e-08,6.089185782520535e-07,0.3205574912891986,0.09587020648967552
2,NIF3L1,5.449875,1.5251032,5.04053142909892e-08,6.234825645030401e-07,0.2857142857142857,0.06784660766961652
2,SREBF1,5.446177,1.6050751,5.146392349320946e-08,6.359321619766913e-07,0.2682926829268293,0.05235988200589971
2,MRM3,5.4341254,1.0901072,5.506590266887542e-08,6.78837017037221e-07,0.33797909407665505,0.1084070796460177
2,B4GALT3,5.430907,1.0702295,5.606839896961683e-08,6.907302156469019e-07,0.34494773519163763,0.11430678466076696
2,LGALS3BP,5.4182386,1.645843,6.018900121883231e-08,7.380159576584527e-07,0.2787456445993031,0.06489675516224189
2,CKAP2L,5.414678,2.160156,6.139909328777242e-08,7.510923173214433e-07,0.2508710801393728,0.04129793510324484
2,FLOT2,5.4022837,1.1011255,6.579772444345183e-08,8.022193578796736e-07,0.34843205574912894,0.12020648967551623
2,FAM126A,5.3996134,1.3311291,6.678470579359345e-08,8.131693335832715e-07,0.30313588850174217,0.08333333333333333
2,SLC22A16,5.396806,1.096101,6.783776224071854e-08,8.254421329031049e-07,0.3344947735191638,0.10693215339233038
2,TMEM138,5.3942723,1.1770252,6.880187567265625e-08,8.366170935198975e-07,0.3240418118466899,0.09882005899705015
2,BRCA2,5.388109,1.019776,7.120275228802983e-08,8.652363666979348e-07,0.36585365853658536,0.1364306784660767
2,POFUT1,5.3778377,1.6547815,7.53856509744869e-08,9.133367134449505e-07,0.2682926829268293,0.05530973451327434
2,SLC2A13,5.366471,1.0966263,8.029217144769274e-08,9.705329482024444e-07,0.34494773519163763,0.12020648967551623
2,PHF10,5.3592124,1.660298,8.358554831815241e-08,1.0096748032979195e-06,0.27177700348432055,0.058997050147492625
2,MKS1,5.3589387,1.7139305,8.371235370154731e-08,1.0108729323095787e-06,0.2682926829268293,0.05604719764011799
2,ADCY7,5.3588014,1.4335688,8.377582622658985e-08,1.0113057439707833e-06,0.289198606271777,0.07374631268436578
2,BLM,5.3560624,1.322783,8.505510668455438e-08,1.026410141695145e-06,0.2961672473867596,0.07669616519174041
2,USP37,5.355583,1.2190783,8.528091696454393e-08,1.0284569495285907e-06,0.3205574912891986,0.09955752212389381
2,SPPL2A,5.3548985,1.0038328,8.560451029259541e-08,1.03201932846485e-06,0.34146341463414637,0.11430678466076696
2,GFOD2,5.352981,1.4873344,8.651690915831119e-08,1.042332255465223e-06,0.2787456445993031,0.06415929203539823
2,SNHG4,5.339902,1.424293,9.299677416643424e-08,1.1174572985113788e-06,0.2961672473867596,0.07964601769911504
2,GALNT6,5.3369575,1.3458291,9.451910363374652e-08,1.134260233475002e-06,0.2926829268292683,0.07595870206489676
2,DHX33,5.3325753,1.012178,9.682965731532346e-08,1.1612261754253454e-06,0.34146341463414637,0.11283185840707964
2,FAM210A,5.3266864,1.2376361,1.0002071884388462e-07,1.1971413768492546e-06,0.3170731707317073,0.09734513274336283
2,PPP2R1B,5.3249745,1.6032822,1.0096729251879224e-07,1.2076810044053315e-06,0.26480836236933797,0.05457227138643068
2,YKT6,5.320592,1.7633356,1.0343020225175651e-07,1.235121968227256e-06,0.2613240418118467,0.051622418879056046
2,ATP6V0A1,5.319633,1.1174247,1.039766635307735e-07,1.241242616402427e-06,0.3205574912891986,0.09808259587020648
2,RRP8,5.317305,1.3962468,1.053154429888389e-07,1.256404996360656e-06,0.2926829268292683,0.07669616519174041
2,EEF2K,5.308882,1.3120916,1.1029943313055594e-07,1.3132952348768632e-06,0.30662020905923343,0.09070796460176991
2,ORC3,5.290394,1.0607709,1.2205319968889168e-07,1.4480613166331036e-06,0.34843205574912894,0.12168141592920353
2,HAUS8,5.288134,1.6020017,1.2357030580997002e-07,1.4655854708200624e-06,0.27177700348432055,0.061946902654867256
2,DDX31,5.280191,1.5224183,1.2904930426143632e-07,1.5285869208002687e-06,0.2787456445993031,0.06784660766961652
2,CYB561A3,5.263209,1.1031182,1.4156256569535676e-07,1.6724762643691905e-06,0.31010452961672474,0.09070796460176991
2,ACAD9,5.2332163,1.1328396,1.6658553234404692e-07,1.959253556980868e-06,0.3170731707317073,0.09734513274336283
2,SUN1,5.2267795,1.3316349,1.7248787418708972e-07,2.0280207783879446e-06,0.289198606271777,0.07817109144542773
2,SIRT6,5.2219176,1.2422224,1.770795471756275e-07,2.078668539504536e-06,0.29965156794425085,0.0855457227138643
2,IRAK1,5.2176037,1.6289977,1.8125261728352692e-07,2.125609434538407e-06,0.2682926829268293,0.061946902654867256
2,NADK,5.2158237,1.4970797,1.8300241092556115e-07,2.1454424222570353e-06,0.2787456445993031,0.06932153392330384
2,KIF14,5.2145224,1.8253937,1.842914215353294e-07,2.159171037008512e-06,0.2578397212543554,0.05383480825958702
2,GEMIN8,5.2132897,1.3343601,1.855206827638154e-07,2.1728776031482902e-06,0.2926829268292683,0.08185840707964602
2,RPS6KA1,5.2032237,1.0368208,1.9586070141299586e-07,2.2903187004527353e-06,0.3240418118466899,0.10324483775811209
2,ACOT9,5.2011695,1.1815838,1.9803830526895132e-07,2.3143039626912155e-06,0.31010452961672474,0.0943952802359882
2,GLT8D1,5.1998,1.095106,1.9950302169013019e-07,2.329189823566333e-06,0.3205574912891986,0.10250737463126844
2,COLGALT1,5.188707,1.4924921,2.1175936197870824e-07,2.4667741590651498e-06,0.28222996515679444,0.07374631268436578
2,CDC34,5.1874743,1.7338771,2.1316526474839934e-07,2.480782783801642e-06,0.25435540069686413,0.05014749262536873
2,TELO2,5.1872687,1.7396438,2.134004571301363e-07,2.4827304931405337e-06,0.2508710801393728,0.046460176991150445
2,SNX15,5.1777506,1.0455184,2.2457698562356094e-07,2.6053065771182105e-06,0.3170731707317073,0.09955752212389381
2,CDKN2AIP,5.1650143,1.0713606,2.404206674838744e-07,2.7846952058788887e-06,0.3205574912891986,0.10324483775811209
2,ZNF618,5.1557016,1.1716805,2.5268321303480556e-07,2.9211807581449523e-06,0.31010452961672474,0.09660766961651918
2,KLF11,5.15262,1.7685171,2.568720981797303e-07,2.9667957290868757e-06,0.2508710801393728,0.048672566371681415
2,TBCD,5.148169,1.1224841,2.6304133284709247e-07,3.035175228101019e-06,0.2961672473867596,0.08333333333333333
2,GATB,5.143855,1.034852,2.691571768299681e-07,3.102810024930287e-06,0.313588850174216,0.09660766961651918
2,MBD2,5.1361856,1.1064501,2.8037052257072657e-07,3.226994181324265e-06,0.313588850174216,0.09955752212389381
2,INTS13,5.1206417,1.0049622,3.044977144368934e-07,3.494801143337954e-06,0.34494773519163763,0.12536873156342182
2,CEP152,5.119272,1.5024965,3.067170397158712e-07,3.5191693951851417e-06,0.27526132404181186,0.0700589970501475
2,C8orf76,5.115369,1.0074703,3.1312813835229717e-07,3.588228864067761e-06,0.3240418118466899,0.10471976401179942
2,SAMD9,5.110781,1.0121614,3.2082948133317545e-07,3.67073455651002e-06,0.33797909407665505,0.1187315634218289
2,AP2A1,5.108727,1.0476199,3.243368192489213e-07,3.707386608785062e-06,0.3170731707317073,0.10398230088495575
2,TKFC,5.107768,1.3904899,3.259862172790542e-07,3.7239143378997077e-06,0.27177700348432055,0.06637168141592921
2,SLC11A2,5.102564,1.1946471,3.3508235276699317e-07,3.824243590154262e-06,0.2961672473867596,0.0855457227138643
2,CHAC2,5.090238,1.1955196,3.57613778065766e-07,4.068704349078366e-06,0.29965156794425085,0.08997050147492626
2,BRD1,5.0855136,1.1200696,3.6663281545601304e-07,4.164844096370432e-06,0.29965156794425085,0.08923303834808259
2,DPP3,5.071339,1.4323508,3.950265505240163e-07,4.474889128978496e-06,0.2857142857142857,0.08185840707964602
2,MIIP,5.070449,1.1751387,3.9687882919404337e-07,4.494480825288113e-06,0.30313588850174217,0.09292035398230089
2,HRAS,5.069969,1.542544,3.978796784764292e-07,4.5044213151610844e-06,0.2613240418118467,0.059734513274336286
2,CCAR2,5.069764,1.1167469,3.983093590279662e-07,4.507891419227765e-06,0.30662020905923343,0.09513274336283185
2,MFN2,5.065313,1.6137888,4.07729809866303e-07,4.607384615905081e-06,0.2508710801393728,0.05088495575221239
2,MTRES1,5.0601087,1.4818345,4.190172278755892e-07,4.730551991818149e-06,0.27177700348432055,0.06932153392330384
2,CIP2A,5.0562744,1.6262009,4.275265695958599e-07,4.822157156788311e-06,0.25435540069686413,0.05530973451327434
2,BPGM,5.049632,1.6562535,4.426619809490804e-07,4.98519112760532e-06,0.26480836236933797,0.06415929203539823
2,PUSL1,5.025049,1.7023343,5.033037971808348e-07,5.642089519331006e-06,0.25435540069686413,0.05604719764011799
2,LMNB2,5.0226526,1.7206546,5.096272423198791e-07,5.7112267900030295e-06,0.2508710801393728,0.05457227138643068
2,CPSF1,5.016284,1.2671355,5.268040135434826e-07,5.892895384995418e-06,0.28222996515679444,0.07817109144542773
2,TARBP2,5.0148463,1.2733138,5.307591937210909e-07,5.933511682768981e-06,0.2787456445993031,0.07448377581120944
2,PLCXD1,5.013819,1.2936438,5.33601836495292e-07,5.961648601210067e-06,0.2961672473867596,0.09292035398230089
2,PSMD10,4.996563,1.046289,5.836110578159937e-07,6.492628670858111e-06,0.31010452961672474,0.10029498525073746
2,IER5,4.993413,1.3629047,5.932147423637114e-07,6.591455004630905e-06,0.25435540069686413,0.05530973451327434
2,ELOA,4.9919753,1.0000641,5.976495119003408e-07,6.634689046122042e-06,0.3205574912891986,0.1084070796460177
2,EXD3,4.977732,1.3923141,6.433361259583987e-07,7.118121386397628e-06,0.32752613240418116,0.13348082595870206
2,CETN3,4.9616404,1.113137,6.990037868419638e-07,7.72004755648845e-06,0.30313588850174217,0.09587020648967552
2,MBD1,4.9584904,1.1157038,7.104307514125536e-07,7.832071063991228e-06,0.30313588850174217,0.0943952802359882
2,METTL2B,4.9235673,1.3293536,8.498053495238882e-07,9.268094635853348e-06,0.27526132404181186,0.07595870206489676
2,DPH7,4.9085026,1.070428,9.17743265549119e-07,9.967454380523236e-06,0.313588850174216,0.10619469026548672
2,MFN1,4.9074073,1.4084038,9.228831333176065e-07,1.0014362752018297e-05,0.2508710801393728,0.05457227138643068
2,METTL17,4.8933697,1.1017425,9.912401588334939e-07,1.0717985540166826e-05,0.29965156794425085,0.09660766961651918
2,MLX,4.886659,1.0641745,1.0256154947600611e-06,1.1073319387525959e-05,0.30313588850174217,0.09734513274336283
2,ARL9,4.885358,1.4357804,1.0324116027629177e-06,1.114012295776107e-05,0.2578397212543554,0.06342182890855458
2,CTSZ,4.8775516,1.445065,1.0741075846361768e-06,1.1572979601197736e-05,0.2613240418118467,0.06637168141592921
2,NOC3L,4.87043,1.216519,1.1135560104425744e-06,1.1966313428716578e-05,0.2787456445993031,0.07964601769911504
2,PCGF6,4.8598847,1.3136568,1.1745410003547918e-06,1.2599465168225596e-05,0.2787456445993031,0.08112094395280237
2,TAF6,4.83044,1.0081563,1.362316311835511e-06,1.4532829883267718e-05,0.313588850174216,0.10914454277286136
2,APEX2,4.82729,1.5442939,1.3840340653520697e-06,1.4747316106535983e-05,0.2578397212543554,0.06637168141592921
2,DDX28,4.827153,1.04383,1.3849858287257102e-06,1.4753162490451024e-05,0.29965156794425085,0.09660766961651918
2,MBD3,4.8269477,1.1548611,1.386414654051443e-06,1.4764085758782913e-05,0.2857142857142857,0.08702064896755163
2,ROCK2,4.8007216,1.0173316,1.580950625124264e-06,1.673832045998646e-05,0.31010452961672474,0.1084070796460177
2,ATG101,4.7959967,1.3061719,1.6186804518246935e-06,1.7117978392729155e-05,0.26480836236933797,0.07079646017699115
2,LONP1,4.7885327,1.0899948,1.6800520545380387e-06,1.7741369084866343e-05,0.28222996515679444,0.0855457227138643
2,CNOT6,4.772578,1.0556501,1.8188285421692059e-06,1.9129581457452613e-05,0.30313588850174217,0.10324483775811209
2,AMOTL1,4.7502546,1.3004775,2.0316075084297526e-06,2.130016225036877e-05,0.26480836236933797,0.07300884955752213
2,CASP8AP2,4.748406,1.0243875,2.050264484461531e-06,2.1483461321436154e-05,0.29965156794425085,0.10103244837758112
2,WDR44,4.7429276,1.2315195,2.106515610271795e-06,2.2060251173550202e-05,0.2787456445993031,0.0855457227138643
2,FTSJ3,4.737313,1.334685,2.1657099969475268e-06,2.2634823414699154e-05,0.2578397212543554,0.06637168141592921
2,AC016065.1,4.730328,1.1469114,2.2415736402649963e-06,2.338097372679941e-05,0.2787456445993031,0.084070796460177
2,RINT1,4.7188926,1.392958,2.3713207765142753e-06,2.467805281239664e-05,0.2578397212543554,0.06858407079646017
2,DTX3L,4.6997194,1.2394004,2.6051945779169307e-06,2.7019758216587582e-05,0.2578397212543554,0.06710914454277286
2,ANKH,4.6954737,1.0551807,2.659896155422557e-06,2.7555861642972263e-05,0.29965156794425085,0.10398230088495575
2,UBLCP1,4.6819153,1.3746613,2.842067547789759e-06,2.935172525864926e-05,0.2578397212543554,0.0700589970501475
2,PLXND1,4.680888,1.1075207,2.8563458063210026e-06,2.9490863993555716e-05,0.27526132404181186,0.08259587020648967
2,SAYSD1,4.677396,1.4611541,2.905408512072976e-06,2.9963611425861646e-05,0.2508710801393728,0.06415929203539823
2,NOP14,4.6610303,1.1860414,3.1463053256155422e-06,3.23477306805771e-05,0.27526132404181186,0.084070796460177
2,FAM104A,4.6599345,1.1018666,3.163098796098667e-06,3.250212774733502e-05,0.28222996515679444,0.09070796460176991
2,NLRC5,4.6541824,1.2806413,3.2526845604650746e-06,3.3403902243990516e-05,0.25435540069686413,0.06784660766961652
2,HNRNPUL2,4.653635,1.1439426,3.2613423307512785e-06,3.348341953655751e-05,0.2682926829268293,0.07890855457227139
2,SCLY,4.641172,1.0068979,3.4643835444725235e-06,3.5418967070178446e-05,0.2961672473867596,0.10176991150442478
2,AC008555.4,4.6391177,1.3760288,3.4989947213333025e-06,3.576283322969009e-05,0.2508710801393728,0.06489675516224189
2,GCN1,4.635557,1.0112846,3.5597742830512143e-06,3.636374505552819e-05,0.28222996515679444,0.08923303834808259
2,XPO5,4.5941978,1.2719809,4.3441769224680405e-06,4.400808733441814e-05,0.2613240418118467,0.07595870206489676
2,RIOX2,4.5865283,1.2806054,4.506774911574132e-06,4.5617386210875225e-05,0.2578397212543554,0.07227138643067847
2,KATNAL1,4.5854325,1.2971314,4.530473844317495e-06,4.583191630068121e-05,0.2508710801393728,0.06637168141592921
2,SART3,4.5807076,1.0097054,4.634050030791387e-06,4.681503317057564e-05,0.27177700348432055,0.08185840707964602
2,LNPK,4.5737915,1.1910728,4.7897609617273095e-06,4.836139060970518e-05,0.26480836236933797,0.07817109144542773
2,UBE2O,4.570094,1.0970677,4.875055745153759e-06,4.91954550119583e-05,0.27177700348432055,0.084070796460177
2,PROSER1,4.556399,1.2314203,5.203810519626042e-06,5.236861941953059e-05,0.2613240418118467,0.0752212389380531
2,CHAF1B,4.535308,1.070755,5.751945182163997e-06,5.766281720415899e-05,0.27526132404181186,0.08849557522123894
2,UTP20,4.529762,1.0065544,5.905029166637191e-06,5.905190506231908e-05,0.2857142857142857,0.09660766961651918
2,KCNN4,4.5257897,1.1161169,6.017032397379741e-06,6.010627805035368e-05,0.27177700348432055,0.08628318584070796
2,ZWILCH,4.492031,1.1669623,7.054707511336644e-06,7.007037981612823e-05,0.2613240418118467,0.07817109144542773
2,APOM,4.461354,1.242097,8.144344581073617e-06,8.019670594885e-05,0.2508710801393728,0.0715339233038348
2,NEDD1,4.4514933,1.1545631,8.527515923203451e-06,8.37894255852804e-05,0.2682926829268293,0.08702064896755163
2,CCDC71,4.441359,1.0765437,8.939254371285827e-06,8.767032402021237e-05,0.2578397212543554,0.0752212389380531
2,EFHD2,4.4282117,1.0433918,9.501769667429787e-06,9.29380736498123e-05,0.28222996515679444,0.09808259587020648
2,IDE,4.42602,1.058017,9.598750225039976e-06,9.373635458556248e-05,0.2613240418118467,0.07964601769911504
2,IMPAD1,4.423418,1.089122,9.715142914901661e-06,9.479710632586396e-05,0.2578397212543554,0.07669616519174041
2,SNAP47,4.4122567,1.0356902,1.022987740229813e-05,9.95278423183184e-05,0.27177700348432055,0.08775811209439528
2,TMEM120B,4.409997,1.0033499,1.0337210863770456e-05,0.00010051866493752988,0.2613240418118467,0.07964601769911504
2,RBM41,4.3626113,1.1308722,1.2851909045605771e-05,0.00012395065164116386,0.25435540069686413,0.07595870206489676
2,BOLA1,4.3342624,1.0317981,1.4624969558354493e-05,0.00014005455541740784,0.2682926829268293,0.08849557522123894
2,SNAPC3,4.323306,1.0521419,1.5370819571409396e-05,0.00014688965199299094,0.2578397212543554,0.07964601769911504
2,FAM114A2,4.3193345,1.0861489,1.565003910962632e-05,0.0001495189458239188,0.2508710801393728,0.07374631268436578
2,JMJD4,4.291396,1.2062169,1.7755311642537157e-05,0.00016888309808433014,0.25435540069686413,0.0803834808259587
2,FTSJ1,4.2827682,1.0045995,1.8458234366757353e-05,0.00017506862815695412,0.2682926829268293,0.08997050147492626
2,ATG4D,4.2508583,1.0101315,2.1295272113042726e-05,0.0002006250333615127,0.2682926829268293,0.09144542772861357
2,TRMT61A,4.227508,1.1062021,2.36293659677038e-05,0.00022153135855121077,0.2578397212543554,0.08480825958702065
2,JMJD8,4.1789584,1.0668681,2.9284702727847812e-05,0.00027060070803886844,0.2578397212543554,0.08628318584070796
2,NDUFAF1,4.161497,1.0123489,3.161679249433606e-05,0.0002906092973594159,0.2613240418118467,0.08923303834808259
2,INTS7,4.138695,1.0373852,3.492874924370007e-05,0.0003200067962624947,0.25435540069686413,0.084070796460177
2,CDC23,4.1000056,1.0491786,4.131400711883317e-05,0.00037373553498675556,0.2508710801393728,0.08185840707964602
3,ITGA2B,15.909645,5.020776,5.432064063707207e-57,6.627299226524916e-53,0.8129032258064516,0.08064516129032258
3,FCER1A,14.199506,3.2723022,9.226015187519454e-46,6.753627637567991e-42,0.8451612903225807,0.1827956989247312
3,PLEK,13.27052,3.5800974,3.4319080474318426e-40,1.5701408305506608e-36,0.7612903225806451,0.20900537634408603
3,AL157895.1,12.67207,3.6159809,8.445662975281463e-37,2.8101791868934256e-33,0.7161290322580646,0.13373655913978494
3,FREM1,11.373588,2.6281447,5.661173245587895e-30,9.008895737467938e-27,0.7225806451612903,0.22311827956989247
3,PIEZO2,8.847251,3.0583124,8.970184614100958e-19,5.051041954780141e-16,0.5096774193548387,0.08803763440860216
3,GATA1,7.9080353,1.7479688,2.6148294069437367e-15,9.96930949203622e-13,0.6,0.19086021505376344
3,CLU,7.859469,1.9582113,3.857656742863916e-15,1.440450467412458e-12,0.5741935483870968,0.22513440860215053
3,CPA3,7.7657166,2.807535,8.118506478992215e-15,2.9131907415450397e-12,0.4645161290322581,0.09341397849462366
3,RGS18,7.7371635,3.7010963,1.0165919707892416e-14,3.6124546332870907e-12,0.41935483870967744,0.0456989247311828
3,LTBP1,7.297043,3.361448,2.9416165083203103e-13,8.156523168259976e-11,0.44516129032258067,0.12768817204301075
3,CKB,6.789498,2.2938063,1.125243457593158e-11,2.408481625226151e-09,0.45806451612903226,0.14180107526881722
3,ARHGAP6,6.7766895,3.7771642,1.2296086760196521e-11,2.6165643692439124e-09,0.36774193548387096,0.041666666666666664
3,B3GNT2,6.7258105,1.7306598,1.746178450002268e-11,3.6943281762157812e-09,0.5161290322580645,0.2157258064516129
3,CPB1,6.628411,3.067003,3.3931978215669325e-11,6.729409498372461e-09,0.3870967741935484,0.08266129032258064
3,CYP7B1,6.6259203,1.8466613,3.4509123580324886e-11,6.790690495502533e-09,0.5032258064516129,0.2264784946236559
3,TIMP3,6.614268,2.3039775,3.733947719997476e-11,7.269479813809979e-09,0.4258064516129032,0.11290322580645161
3,NRGN,6.5187364,2.7432806,7.090209407128507e-11,1.3240242577056658e-08,0.3935483870967742,0.0913978494623656
3,MINPP1,6.4607415,1.890594,1.0419114071506406e-10,1.869362716329441e-08,0.47096774193548385,0.17876344086021506
3,PACC1,6.2912045,1.9695568,3.1501256485542887e-10,5.240806766487978e-08,0.45161290322580644,0.15725806451612903
3,LAT,6.2080364,4.4217234,5.365063845533485e-10,8.727408969349826e-08,0.3225806451612903,0.02217741935483871
3,SPTSSA,6.139279,1.5305434,8.289693128177799e-10,1.313467784348206e-07,0.5032258064516129,0.2318548387096774
3,TPST2,6.0362754,1.6387185,1.5771179970898971e-09,2.435274539013951e-07,0.49032258064516127,0.21841397849462366
3,BMP2K,5.997761,1.754942,2.000571900258209e-09,2.9886911069939063e-07,0.4645161290322581,0.20900537634408603
3,C2orf88,5.9069433,2.1832745,3.4851349641316184e-09,5.002330385183583e-07,0.3935483870967742,0.12029569892473119
3,TTC27,5.8560643,1.7908736,4.739645459022486e-09,6.571051645669773e-07,0.45161290322580644,0.20430107526881722
3,SLC9A9,5.844323,2.3994236,5.086322935010399e-09,7.025075688464741e-07,0.38064516129032255,0.10080645161290322
3,MMRN1,5.770584,1.9311143,7.899721385161373e-09,1.0591124630706645e-06,0.41935483870967744,0.14180107526881722
3,CD84,5.742654,2.3931565,9.320401680933299e-09,1.2271079925317974e-06,0.36129032258064514,0.08534946236559139
3,PDLIM5,5.653527,1.6572766,1.5718851175503958e-08,1.9838816271538632e-06,0.45161290322580644,0.20430107526881722
3,AC104232.1,5.618125,3.5159326,1.93040744766777e-08,2.378950942494547e-06,0.3096774193548387,0.038306451612903226
3,YIF1B,5.6097636,1.6074208,2.0260289626142246e-08,2.4884122839142026e-06,0.43870967741935485,0.18615591397849462
3,SLC44A1,5.557017,2.037808,2.7442416445143043e-08,3.32589365665126e-06,0.4064516129032258,0.16129032258064516
3,GLYATL2,5.511475,4.0718193,3.558391914307522e-08,4.242368158161877e-06,0.2903225806451613,0.0228494623655914
3,GP9,5.491906,5.594152,3.976188978150527e-08,4.725080934717125e-06,0.27741935483870966,0.0114247311827957
3,FHL2,5.3993096,1.376373,6.68977431001119e-08,7.627801542701545e-06,0.47096774193548385,0.21975806451612903
3,GPX7,5.3723583,1.3196185,7.771352437837603e-08,8.778989832632535e-06,0.4774193548387097,0.239247311827957
3,ATP6V0A2,5.3654203,1.3730711,8.076098646436487e-08,9.095178047945289e-06,0.47096774193548385,0.2446236559139785
3,CNRIP1,5.3406925,1.6322176,9.259230607723056e-08,1.029483562568254e-05,0.41935483870967744,0.17338709677419356
3,HYAL3,5.3402476,2.527588,9.281975236947729e-08,1.029483562568254e-05,0.3225806451612903,0.06384408602150538
3,ELOVL7,5.223991,1.9701147,1.7510744361804736e-07,1.8523432207699862e-05,0.36129032258064514,0.11223118279569892
3,LINC00863,5.2121606,2.4018607,1.8665386049412124e-07,1.9575123060015277e-05,0.33548387096774196,0.0907258064516129
3,VCL,5.0540977,1.3827788,4.324301517782584e-07,4.336267393215353e-05,0.45806451612903226,0.22446236559139784
3,HPGDS,5.0049977,1.7105094,5.586268929333729e-07,5.5410034981719195e-05,0.38064516129032255,0.13844086021505375
3,PTGS1,4.9814262,1.9738632,6.311736425099981e-07,6.174599658794529e-05,0.3419354838709677,0.09946236559139784
3,IGSF10,4.9662156,1.6472871,6.827196540454939e-07,6.628175612127089e-05,0.3935483870967742,0.1646505376344086
3,SLA,4.947003,1.3888785,7.536489141431167e-07,7.202168121815199e-05,0.4064516129032258,0.15658602150537634
3,GTDC1,4.9460244,1.5425345,7.574448389485489e-07,7.219593372488499e-05,0.4258064516129032,0.2110215053763441
3,RASGRP3,4.8749537,3.564326,1.0883387214546451e-06,9.811400380286075e-05,0.2645161290322581,0.028225806451612902
3,ACTN1,4.855207,2.0146077,1.202609580269858e-06,0.00010688465069865876,0.3741935483870968,0.16868279569892472
3,TEC,4.846757,1.3476639,1.2549600346186317e-06,0.00011068142705319648,0.44516129032258067,0.22849462365591397
3,ASL,4.8447113,1.6964588,1.2679601605195752e-06,0.00011129163030018459,0.36774193548387096,0.14919354838709678
3,RYR3,4.840886,1.4373658,1.2926130523338668e-06,0.00011291391486508796,0.4064516129032258,0.17271505376344087
3,PPP1R14A,4.8338594,3.101906,1.3391123028643757e-06,0.00011614419288421567,0.27741935483870966,0.04838709677419355
3,ILK,4.8240747,1.5964919,1.4065455283588938e-06,0.000120282646923981,0.4,0.20161290322580644
3,MICAL2,4.822296,1.7428901,1.4191519534431088e-06,0.00012107781036823129,0.36774193548387096,0.15053763440860216
3,MAST4,4.730945,1.3002197,2.2347704843477878e-06,0.00018217112360270242,0.4258064516129032,0.2056451612903226
3,NET1,4.6616535,1.3142338,3.136789313883634e-06,0.0002501299034367209,0.41935483870967744,0.2211021505376344
3,DNAJC6,4.6370144,1.3849713,3.534774784984235e-06,0.00028003526386408654,0.4129032258064516,0.20967741935483872
3,MOB1B,4.6323004,1.5129371,3.616251421446072e-06,0.00028525521180247345,0.3935483870967742,0.19018817204301075
3,SLC24A3,4.620915,2.0460851,3.8205172196995255e-06,0.00030071989410370396,0.3419354838709677,0.1364247311827957
3,PLXNC1,4.613087,1.2498218,3.967317018520516e-06,0.00031160465707053524,0.432258064516129,0.21303763440860216
3,DNM3,4.588893,1.5804281,4.456026896834563e-06,0.000345540339938648,0.38064516129032255,0.16666666666666666
3,STAM,4.5684347,1.3472337,4.913801181678034e-06,0.00037736419222306346,0.3935483870967742,0.18010752688172044
3,GLOD5,4.542817,2.8985946,5.550735535918587e-06,0.00042325514864615874,0.2645161290322581,0.0456989247311828
3,AOAH,4.47913,1.3725355,7.494801248709446e-06,0.0005632797135606046,0.36129032258064514,0.12903225806451613
3,SLC38A2,4.4244256,1.2157007,9.669912193403424e-06,0.0007135654358684651,0.43870967741935485,0.24731182795698925
3,MPIG6B,4.3563795,2.1555169,1.322313584592462e-05,0.0009508447840799352,0.2903225806451613,0.08131720430107527
3,KCNK5,4.34535,2.4800558,1.3905381980309648e-05,0.0009901768207418549,0.2709677419354839,0.06586021505376344
3,CENPK,4.2898455,1.1817727,1.7879740255219935e-05,0.0012417767990157587,0.4129032258064516,0.21975806451612903
3,NQO2,4.2793493,1.12647,1.8744028505922038e-05,0.0012895680213256626,0.4258064516129032,0.23790322580645162
3,FYB1,4.238255,2.555581,2.252638363080041e-05,0.0015156032486597902,0.2645161290322581,0.0625
3,GATD3B,4.2373657,1.2396334,2.261578160224112e-05,0.0015188260961901416,0.4,0.21303763440860216
3,ZNF385A,4.2153063,2.552221,2.494396521711598e-05,0.0016629764497480182,0.25161290322580643,0.046370967741935484
3,MLLT11,4.1987615,1.7154093,2.6837878737424203e-05,0.001773788929425836,0.3096774193548387,0.10618279569892473
3,GOLT1B,4.1807046,1.1094928,2.9060692295617778e-05,0.001899375711985547,0.41935483870967744,0.23723118279569894
3,TTC7B,4.163449,1.2676656,3.134765469286962e-05,0.00202712987528926,0.38064516129032255,0.17876344086021506
3,SLC37A1,4.160424,1.3472618,3.1765678817118535e-05,0.0020501202713979383,0.3741935483870968,0.17204301075268819
3,LCP2,4.134273,1.4188149,3.560795544782687e-05,0.0022517989415890053,0.36774193548387096,0.1827956989247312
3,STON2,4.1331167,1.2822832,3.578765076885267e-05,0.0022544988051476362,0.38064516129032255,0.18481182795698925
3,ABHD16A,4.105365,1.2253714,4.036773688167563e-05,0.0025042365044173048,0.4,0.22043010752688172
3,HS2ST1,4.0955806,1.1553689,4.21112126829267e-05,0.0025977928464033504,0.4064516129032258,0.22580645161290322
3,F2R,4.057332,1.4168154,4.963646235117614e-05,0.0030128427172726336,0.33548387096774196,0.13776881720430106
3,UBE2C,4.0431004,1.8433458,5.274904547505652e-05,0.0031754404826193155,0.3225806451612903,0.14650537634408603
3,PCTP,4.036696,1.5834339,5.420925337683231e-05,0.0032367257468930493,0.3096774193548387,0.12029569892473119
3,PPIF,4.034739,1.251571,5.466301282923093e-05,0.0032585031474962234,0.4,0.24059139784946237
3,C4orf48,4.015615,1.3204639,5.9290988739386545e-05,0.0034902382097447286,0.36129032258064514,0.16733870967741934
3,RASGRP2,4.015526,1.019683,5.931335664220162e-05,0.0034902382097447286,0.432258064516129,0.2325268817204301
3,PDLIM7,4.001472,1.6600113,6.29496386929786e-05,0.0036629884352968357,0.3032258064516129,0.11491935483870967
3,BTK,3.9258652,1.1016487,8.641856536084631e-05,0.004881181961068419,0.4,0.2163978494623656
3,RAB27B,3.9038057,1.8003427,9.469180243525822e-05,0.005277152685874873,0.3225806451612903,0.16129032258064516
3,CMTM8,3.8666248,1.396268,0.00011035194750335571,0.006032542034544051,0.3225806451612903,0.12768817204301075
3,TMEM164,3.8530157,1.3870332,0.00011667191249741604,0.0063357695390473655,0.36129032258064514,0.1928763440860215
3,CRPPA,3.8479457,1.2433563,0.00011911250398059109,0.006439640706342118,0.36129032258064514,0.18481182795698925
3,PTGER2,3.843676,1.2055051,0.00012120499669637164,0.006543103368855306,0.3548387096774194,0.1693548387096774
3,OSBPL3,3.838339,1.045939,0.0001238693632490305,0.006677087723531318,0.3935483870967742,0.21975806451612903
3,RALB,3.8341584,1.1716386,0.00012599491253096256,0.006771581546417737,0.3935483870967742,0.22849462365591397
3,TMEM246,3.7885275,1.6726052,0.00015154284272666718,0.007980747606674454,0.2903225806451613,0.10954301075268817
3,ARHGAP18,3.773584,2.015283,0.00016091901297180688,0.008438104289084676,0.2645161290322581,0.08938172043010753
3,ARHGAP21,3.7050931,1.6378202,0.00021131314868461814,0.010749587114595135,0.3161290322580645,0.14650537634408603
3,BIRC5,3.6479876,1.2027516,0.00026430237933177834,0.013108037108295962,0.36774193548387096,0.20295698924731181
3,CALU,3.6338446,1.0915604,0.0002792289972731757,0.013681473265321958,0.3741935483870968,0.21370967741935484
3,DAAM1,3.5730033,1.1305269,0.0003529102127773617,0.016775151555667812,0.3870967741935484,0.22916666666666666
3,TRANK1,3.563397,1.3368381,0.00036608658460013014,0.01728449576618447,0.3096774193548387,0.14583333333333334
3,RASAL2,3.56313,1.7281532,0.00036645907801861015,0.01728449576618447,0.2903225806451613,0.12768817204301075
3,SVOPL,3.5147417,1.310837,0.00044018207128217884,0.02036802021618082,0.2967741935483871,0.12096774193548387
3,INKA1,3.5102053,1.1948279,0.000447761028213856,0.02066645825177219,0.32903225806451614,0.15793010752688172
3,GSS,3.4828978,1.0360234,0.0004960177581912423,0.022636840358550698,0.36774193548387096,0.20967741935483872
3,PRKAR2B,3.4571025,1.0921723,0.0005460171828770968,0.024551320528850885,0.36129032258064514,0.20698924731182797
3,TC2N,3.4432263,1.8263304,0.0005748179231935311,0.025688535783646434,0.25161290322580643,0.08602150537634409
3,SPNS1,3.4251697,1.1836135,0.0006144155600499351,0.0272584532283487,0.33548387096774196,0.17809139784946237
3,CAVIN2,3.3872774,1.0698507,0.0007059000270502409,0.03072133994062529,0.3870967741935484,0.23723118279569894
3,DLK1,3.370199,1.1519624,0.0007511390958751461,0.03249697641622485,0.33548387096774196,0.176747311827957
3,AL034397.3,3.3641505,1.0769483,0.0007677966771830289,0.03302247494897302,0.33548387096774196,0.176747311827957
3,CDKN2D,3.303576,1.4823072,0.000954600824040156,0.03983961774309436,0.2645161290322581,0.10215053763440861
3,UNC13D,3.3014412,1.0212358,0.0009618948012934569,0.04005268671460958,0.36774193548387096,0.21438172043010753
3,ASRGL1,3.3010855,1.445409,0.0009631154707959104,0.04005794243931945,0.2838709677419355,0.13844086021505375
3,SLC27A2,3.2816055,1.1353307,0.001032178841014174,0.04240042397301884,0.3096774193548387,0.15524193548387097
3,IMPA1,3.2674627,1.2494656,0.0010851619617899108,0.04436994620974967,0.2967741935483871,0.1424731182795699
3,PIK3AP1,3.2631931,1.3490844,0.0011016444798465704,0.04485126763833629,0.27741935483870966,0.12163978494623656
3,ELP6,3.258123,1.0093386,0.0011215180593518784,0.04540783461320586,0.3741935483870968,0.2399193548387097
4,AZU1,11.037922,8.831928,2.507659349251087e-28,9.178283984193904e-24,0.92,0.015693659761456372
4,CFD,10.619254,5.891488,2.424898206414528e-26,4.437684962648907e-22,0.9,0.06465787821720025
4,MPO,10.372837,6.8213053,3.2959090698672004e-25,3.015839196655235e-21,0.88,0.0514752040175769
4,PRTN3,8.864969,9.406528,7.65253142543784e-19,2.334085855853753e-15,0.74,0.013182674199623353
4,ELANE,7.215123,9.680944,5.38851013993486e-13,6.163276863492368e-10,0.6,0.0018832391713747645
4,CTSG,6.60241,6.4528375,4.045267812247925e-11,3.8963380841075346e-08,0.56,0.018832391713747645
4,HCST,5.699233,2.2423055,1.2034762537127703e-08,7.727795502130019e-06,0.66,0.24356559949780288
4,RNASE2,5.1702228,5.7777476,2.3381496792178365e-07,0.00011410482187873605,0.44,0.015693659761456372
4,MIR181A1HG,4.8643203,1.9172243,1.1485080204671e-06,0.0004776879779217765,0.62,0.24984306340238543
4,SLC22A15,4.643332,3.0027213,3.4283513242939515e-06,0.0011950579697188849,0.46,0.08913998744507219
4,CEBPD,4.4377823,5.532562,9.089051667963653e-06,0.0027046209764157534,0.38,0.016321406151914627
4,P2RY8,4.006249,1.9630617,6.169057154621946e-05,0.014268977745990816,0.48,0.1657250470809793
4,LYST,3.9148266,2.7106135,9.046922957487981e-05,0.018602608267809975,0.42,0.12994350282485875
4,RASGRP2,3.8567035,1.6576732,0.00011492641461156725,0.02298591093550805,0.52,0.24293785310734464
4,CST7,3.7587724,4.1335945,0.0001707491321417339,0.031247944927598012,0.34,0.032642812303829254
4,MS4A3,3.5969663,4.1608005,0.0003219501198993786,0.04993091668829303,0.32,0.02197112366603892
